<?xml version="1.0" encoding="UTF-8"?>
<gpx version="1.1" creator="letnaturechoose" xmlns="http://www.topografix.com/GPX/1/1">
<metadata><name>안산 등산로</name></metadata>
<trk><name>안산</name>
<trkseg><trkpt lat="37.5655" lon="126.956566"/><trkpt lat="37.565616" lon="126.956649"/><trkpt lat="37.565796" lon="126.956723"/><trkpt lat="37.565865" lon="126.956714"/><trkpt lat="37.565934" lon="126.956885"/><trkpt lat="37.565946" lon="126.956955"/></trkseg>
<trkseg><trkpt lat="37.565946" lon="126.956955"/><trkpt lat="37.565833" lon="126.956991"/><trkpt lat="37.56586" lon="126.957135"/><trkpt lat="37.565792" lon="126.957308"/><trkpt lat="37.565855" lon="126.957424"/><trkpt lat="37.56585" lon="126.957566"/><trkpt lat="37.565684" lon="126.957779"/><trkpt lat="37.565662" lon="126.958115"/><trkpt lat="37.565667" lon="126.958314"/></trkseg>
<trkseg><trkpt lat="37.566006" lon="126.956975"/><trkpt lat="37.565946" lon="126.956955"/></trkseg>
<trkseg><trkpt lat="37.565933" lon="126.958577"/><trkpt lat="37.566182" lon="126.958351"/><trkpt lat="37.5662" lon="126.958328"/></trkseg>
<trkseg><trkpt lat="37.566006" lon="126.956975"/><trkpt lat="37.566055" lon="126.957111"/><trkpt lat="37.566115" lon="126.957235"/><trkpt lat="37.566122" lon="126.957381"/><trkpt lat="37.566136" lon="126.957586"/><trkpt lat="37.566327" lon="126.957679"/><trkpt lat="37.566375" lon="126.957665"/></trkseg>
<trkseg><trkpt lat="37.566378" lon="126.9579"/><trkpt lat="37.566291" lon="126.958033"/><trkpt lat="37.566262" lon="126.958136"/><trkpt lat="37.566214" lon="126.95827"/><trkpt lat="37.5662" lon="126.958328"/></trkseg>
<trkseg><trkpt lat="37.566375" lon="126.957665"/><trkpt lat="37.566378" lon="126.9579"/></trkseg>
<trkseg><trkpt lat="37.566449" lon="126.957334"/><trkpt lat="37.566381" lon="126.957389"/><trkpt lat="37.566375" lon="126.957665"/></trkseg>
<trkseg><trkpt lat="37.566455" lon="126.956037"/><trkpt lat="37.566263" lon="126.955959"/><trkpt lat="37.566047" lon="126.955848"/><trkpt lat="37.565912" lon="126.955776"/><trkpt lat="37.565851" lon="126.955768"/><trkpt lat="37.565869" lon="126.955877"/><trkpt lat="37.565643" lon="126.955754"/></trkseg>
<trkseg><trkpt lat="37.566455" lon="126.956037"/><trkpt lat="37.566443" lon="126.956313"/><trkpt lat="37.566363" lon="126.956435"/><trkpt lat="37.566235" lon="126.956531"/><trkpt lat="37.566059" lon="126.95688"/><trkpt lat="37.566006" lon="126.956975"/></trkseg>
<trkseg><trkpt lat="37.566449" lon="126.957334"/><trkpt lat="37.566493" lon="126.957402"/><trkpt lat="37.566444" lon="126.957514"/><trkpt lat="37.566429" lon="126.95765"/><trkpt lat="37.566461" lon="126.957835"/><trkpt lat="37.566378" lon="126.9579"/></trkseg>
<trkseg><trkpt lat="37.566516" lon="126.957257"/><trkpt lat="37.566449" lon="126.957334"/></trkseg>
<trkseg><trkpt lat="37.566547" lon="126.957088"/><trkpt lat="37.566546" lon="126.957245"/><trkpt lat="37.566516" lon="126.957257"/></trkseg>
<trkseg><trkpt lat="37.566553" lon="126.955812"/><trkpt lat="37.566455" lon="126.956037"/></trkseg>
<trkseg><trkpt lat="37.566553" lon="126.955812"/><trkpt lat="37.566779" lon="126.955249"/><trkpt lat="37.566826" lon="126.954681"/><trkpt lat="37.566939" lon="126.954548"/></trkseg>
<trkseg><trkpt lat="37.567126" lon="126.955854"/><trkpt lat="37.566974" lon="126.955736"/><trkpt lat="37.566697" lon="126.95592"/><trkpt lat="37.566553" lon="126.955812"/></trkseg>
<trkseg><trkpt lat="37.567126" lon="126.955854"/><trkpt lat="37.566916" lon="126.956314"/><trkpt lat="37.566767" lon="126.956727"/><trkpt lat="37.566736" lon="126.956926"/><trkpt lat="37.566729" lon="126.957082"/><trkpt lat="37.566791" lon="126.957221"/><trkpt lat="37.566652" lon="126.957311"/><trkpt lat="37.566516" lon="126.957257"/></trkseg>
<trkseg><trkpt lat="37.567221" lon="126.955748"/><trkpt lat="37.567126" lon="126.955854"/></trkseg>
<trkseg><trkpt lat="37.567316" lon="126.95306"/><trkpt lat="37.567147" lon="126.952953"/><trkpt lat="37.56698" lon="126.952454"/><trkpt lat="37.566931" lon="126.951397"/></trkseg>
<trkseg><trkpt lat="37.567332" lon="126.95402"/><trkpt lat="37.567278" lon="126.954242"/><trkpt lat="37.567349" lon="126.954326"/><trkpt lat="37.567312" lon="126.95443"/><trkpt lat="37.566939" lon="126.954548"/></trkseg>
<trkseg><trkpt lat="37.566939" lon="126.954548"/><trkpt lat="37.567064" lon="126.954852"/><trkpt lat="37.56718" lon="126.955021"/><trkpt lat="37.567213" lon="126.955191"/><trkpt lat="37.567298" lon="126.955337"/><trkpt lat="37.567394" lon="126.955471"/></trkseg>
<trkseg><trkpt lat="37.567394" lon="126.955471"/><trkpt lat="37.567221" lon="126.955748"/></trkseg>
<trkseg><trkpt lat="37.567316" lon="126.95306"/><trkpt lat="37.567515" lon="126.95314"/><trkpt lat="37.567879" lon="126.953392"/><trkpt lat="37.567564" lon="126.953544"/><trkpt lat="37.567307" lon="126.95399"/><trkpt lat="37.567332" lon="126.95402"/></trkseg>
<trkseg><trkpt lat="37.56823" lon="126.954742"/><trkpt lat="37.568055" lon="126.95509"/><trkpt lat="37.567781" lon="126.955422"/><trkpt lat="37.567547" lon="126.955508"/><trkpt lat="37.567394" lon="126.955471"/></trkseg>
<trkseg><trkpt lat="37.567799" lon="126.955625"/><trkpt lat="37.567725" lon="126.955626"/><trkpt lat="37.567351" lon="126.955636"/><trkpt lat="37.567221" lon="126.955748"/></trkseg>
<trkseg><trkpt lat="37.567332" lon="126.95402"/><trkpt lat="37.567429" lon="126.95401"/><trkpt lat="37.567586" lon="126.954051"/><trkpt lat="37.567914" lon="126.954283"/><trkpt lat="37.56823" lon="126.954742"/></trkseg>
<trkseg><trkpt lat="37.56817" lon="126.956078"/><trkpt lat="37.568101" lon="126.95592"/><trkpt lat="37.568093" lon="126.955787"/><trkpt lat="37.568082" lon="126.955682"/><trkpt lat="37.568008" lon="126.955629"/><trkpt lat="37.567829" lon="126.955614"/><trkpt lat="37.567799" lon="126.955625"/></trkseg>
<trkseg><trkpt lat="37.568264" lon="126.955369"/><trkpt lat="37.567917" lon="126.955511"/><trkpt lat="37.567799" lon="126.955625"/></trkseg>
<trkseg><trkpt lat="37.568264" lon="126.955369"/><trkpt lat="37.568261" lon="126.955422"/></trkseg>
<trkseg><trkpt lat="37.568267" lon="126.950584"/><trkpt lat="37.568065" lon="126.950424"/><trkpt lat="37.568133" lon="126.950265"/><trkpt lat="37.56804" lon="126.950105"/><trkpt lat="37.568264" lon="126.950005"/></trkseg>
<trkseg><trkpt lat="37.568438" lon="126.955065"/><trkpt lat="37.56823" lon="126.954742"/></trkseg>
<trkseg><trkpt lat="37.568438" lon="126.955065"/><trkpt lat="37.568264" lon="126.955369"/></trkseg>
<trkseg><trkpt lat="37.568267" lon="126.950584"/><trkpt lat="37.56846" lon="126.950999"/></trkseg>
<trkseg><trkpt lat="37.5662" lon="126.958328"/><trkpt lat="37.566401" lon="126.958009"/><trkpt lat="37.566658" lon="126.95786"/><trkpt lat="37.566722" lon="126.957656"/><trkpt lat="37.566853" lon="126.95761"/><trkpt lat="37.567" lon="126.957638"/><trkpt lat="37.567219" lon="126.957488"/><trkpt lat="37.567546" lon="126.957511"/><trkpt lat="37.567654" lon="126.957442"/><trkpt lat="37.567758" lon="126.957472"/><trkpt lat="37.567984" lon="126.957562"/><trkpt lat="37.568346" lon="126.957685"/><trkpt lat="37.568437" lon="126.957797"/><trkpt lat="37.568656" lon="126.957907"/></trkseg>
<trkseg><trkpt lat="37.568656" lon="126.957907"/><trkpt lat="37.568669" lon="126.957726"/><trkpt lat="37.568592" lon="126.957665"/><trkpt lat="37.568497" lon="126.957426"/><trkpt lat="37.568421" lon="126.957197"/><trkpt lat="37.568322" lon="126.957105"/><trkpt lat="37.568231" lon="126.956975"/><trkpt lat="37.568225" lon="126.956633"/><trkpt lat="37.568222" lon="126.956488"/><trkpt lat="37.568225" lon="126.956413"/><trkpt lat="37.568188" lon="126.956271"/><trkpt lat="37.568175" lon="126.956168"/><trkpt lat="37.56817" lon="126.956078"/></trkseg>
<trkseg><trkpt lat="37.568693" lon="126.953413"/><trkpt lat="37.568569" lon="126.953332"/><trkpt lat="37.568297" lon="126.953048"/><trkpt lat="37.568221" lon="126.953149"/><trkpt lat="37.568086" lon="126.95313"/><trkpt lat="37.567881" lon="126.952965"/><trkpt lat="37.567586" lon="126.95293"/><trkpt lat="37.567416" lon="126.952897"/><trkpt lat="37.567316" lon="126.95306"/></trkseg>
<trkseg><trkpt lat="37.56823" lon="126.954742"/><trkpt lat="37.568542" lon="126.954565"/><trkpt lat="37.568635" lon="126.954353"/></trkseg>
<trkseg><trkpt lat="37.568635" lon="126.954353"/><trkpt lat="37.568716" lon="126.954203"/><trkpt lat="37.568789" lon="126.95399"/></trkseg>
<trkseg><trkpt lat="37.568789" lon="126.95399"/><trkpt lat="37.56875" lon="126.953606"/><trkpt lat="37.568693" lon="126.953413"/></trkseg>
<trkseg><trkpt lat="37.568762" lon="126.954412"/><trkpt lat="37.568806" lon="126.954753"/></trkseg>
<trkseg><trkpt lat="37.568806" lon="126.954753"/><trkpt lat="37.568455" lon="126.955023"/><trkpt lat="37.568438" lon="126.955065"/></trkseg>
<trkseg><trkpt lat="37.568656" lon="126.957907"/><trkpt lat="37.568792" lon="126.957895"/><trkpt lat="37.568834" lon="126.957854"/></trkseg>
<trkseg><trkpt lat="37.56846" lon="126.950999"/><trkpt lat="37.568718" lon="126.950327"/><trkpt lat="37.568814" lon="126.949868"/><trkpt lat="37.56854" lon="126.949836"/><trkpt lat="37.56843" lon="126.950099"/><trkpt lat="37.568354" lon="126.950381"/><trkpt lat="37.568267" lon="126.950584"/></trkseg>
<trkseg><trkpt lat="37.568261" lon="126.955422"/><trkpt lat="37.568381" lon="126.955425"/><trkpt lat="37.568464" lon="126.955535"/><trkpt lat="37.568622" lon="126.955487"/><trkpt lat="37.568771" lon="126.955339"/><trkpt lat="37.568981" lon="126.955302"/></trkseg>
<trkseg><trkpt lat="37.568789" lon="126.95399"/><trkpt lat="37.568984" lon="126.954011"/></trkseg>
<trkseg><trkpt lat="37.568984" lon="126.954011"/><trkpt lat="37.568882" lon="126.954217"/><trkpt lat="37.568762" lon="126.954412"/></trkseg>
<trkseg><trkpt lat="37.569127" lon="126.940905"/><trkpt lat="37.568712" lon="126.940361"/><trkpt lat="37.568591" lon="126.940408"/><trkpt lat="37.568456" lon="126.940362"/><trkpt lat="37.568284" lon="126.940058"/></trkseg>
<trkseg><trkpt lat="37.568834" lon="126.957854"/><trkpt lat="37.569129" lon="126.95836"/><trkpt lat="37.569134" lon="126.958853"/><trkpt lat="37.569137" lon="126.959034"/><trkpt lat="37.568829" lon="126.959018"/><trkpt lat="37.568511" lon="126.959073"/><trkpt lat="37.568473" lon="126.959222"/></trkseg>
<trkseg><trkpt lat="37.569127" lon="126.940905"/><trkpt lat="37.569251" lon="126.940631"/><trkpt lat="37.569297" lon="126.940364"/></trkseg>
<trkseg><trkpt lat="37.569383" lon="126.953888"/><trkpt lat="37.569184" lon="126.954123"/><trkpt lat="37.569091" lon="126.95435"/><trkpt lat="37.568987" lon="126.954531"/><trkpt lat="37.568806" lon="126.954753"/></trkseg>
<trkseg><trkpt lat="37.568981" lon="126.955302"/><trkpt lat="37.56904" lon="126.955202"/><trkpt lat="37.569074" lon="126.955071"/><trkpt lat="37.569073" lon="126.954938"/><trkpt lat="37.569114" lon="126.954732"/><trkpt lat="37.56926" lon="126.9543"/><trkpt lat="37.569316" lon="126.954115"/><trkpt lat="37.569383" lon="126.953888"/></trkseg>
<trkseg><trkpt lat="37.569435" lon="126.953714"/><trkpt lat="37.568984" lon="126.954011"/></trkseg>
<trkseg><trkpt lat="37.569383" lon="126.953888"/><trkpt lat="37.569435" lon="126.953714"/></trkseg>
<trkseg><trkpt lat="37.568834" lon="126.957854"/><trkpt lat="37.568906" lon="126.957576"/><trkpt lat="37.569103" lon="126.957344"/><trkpt lat="37.569183" lon="126.956727"/><trkpt lat="37.569326" lon="126.956687"/><trkpt lat="37.569461" lon="126.956761"/><trkpt lat="37.569618" lon="126.95683"/></trkseg>
<trkseg><trkpt lat="37.569644" lon="126.951585"/><trkpt lat="37.569377" lon="126.951495"/><trkpt lat="37.569165" lon="126.951362"/><trkpt lat="37.568883" lon="126.951505"/><trkpt lat="37.568776" lon="126.951662"/><trkpt lat="37.568473" lon="126.951486"/><trkpt lat="37.568459" lon="126.951254"/><trkpt lat="37.568439" lon="126.951059"/><trkpt lat="37.56846" lon="126.950999"/></trkseg>
<trkseg><trkpt lat="37.569657" lon="126.953112"/><trkpt lat="37.569446" lon="126.953178"/><trkpt lat="37.569367" lon="126.95327"/><trkpt lat="37.569074" lon="126.953371"/><trkpt lat="37.568751" lon="126.95344"/><trkpt lat="37.568693" lon="126.953413"/></trkseg>
<trkseg><trkpt lat="37.569435" lon="126.953714"/><trkpt lat="37.569533" lon="126.953356"/><trkpt lat="37.569657" lon="126.953112"/></trkseg>
<trkseg><trkpt lat="37.569704" lon="126.956233"/><trkpt lat="37.569565" lon="126.956157"/><trkpt lat="37.569404" lon="126.956132"/><trkpt lat="37.569277" lon="126.956013"/><trkpt lat="37.569202" lon="126.955761"/><trkpt lat="37.569172" lon="126.955587"/><trkpt lat="37.569007" lon="126.955423"/><trkpt lat="37.568981" lon="126.955302"/></trkseg>
<trkseg><trkpt lat="37.569618" lon="126.95683"/><trkpt lat="37.569701" lon="126.956634"/><trkpt lat="37.569722" lon="126.956409"/><trkpt lat="37.569704" lon="126.956233"/></trkseg>
<trkseg><trkpt lat="37.569738" lon="126.951813"/><trkpt lat="37.569644" lon="126.951585"/></trkseg>
<trkseg><trkpt lat="37.569514" lon="126.948801"/><trkpt lat="37.569683" lon="126.948923"/><trkpt lat="37.569746" lon="126.949066"/></trkseg>
<trkseg><trkpt lat="37.569757" lon="126.948512"/><trkpt lat="37.56958" lon="126.948565"/></trkseg>
<trkseg><trkpt lat="37.569931" lon="126.948994"/><trkpt lat="37.569898" lon="126.948823"/><trkpt lat="37.569865" lon="126.948711"/><trkpt lat="37.569757" lon="126.948512"/></trkseg>
<trkseg><trkpt lat="37.569746" lon="126.949066"/><trkpt lat="37.569931" lon="126.948994"/></trkseg>
<trkseg><trkpt lat="37.569996" lon="126.941261"/><trkpt lat="37.569659" lon="126.941132"/><trkpt lat="37.569515" lon="126.940979"/><trkpt lat="37.569306" lon="126.941002"/><trkpt lat="37.569127" lon="126.940905"/></trkseg>
<trkseg><trkpt lat="37.569986" lon="126.952621"/><trkpt lat="37.569993" lon="126.952492"/><trkpt lat="37.569868" lon="126.952126"/><trkpt lat="37.569738" lon="126.951813"/></trkseg>
<trkseg><trkpt lat="37.569986" lon="126.952621"/><trkpt lat="37.570148" lon="126.952461"/><trkpt lat="37.570257" lon="126.95226"/><trkpt lat="37.570294" lon="126.952163"/></trkseg>
<trkseg><trkpt lat="37.569657" lon="126.953112"/><trkpt lat="37.56972" lon="126.95306"/><trkpt lat="37.569842" lon="126.952861"/><trkpt lat="37.569953" lon="126.952781"/><trkpt lat="37.570007" lon="126.952688"/><trkpt lat="37.569986" lon="126.952621"/></trkseg>
<trkseg><trkpt lat="37.569618" lon="126.95683"/><trkpt lat="37.569897" lon="126.957121"/><trkpt lat="37.570052" lon="126.957267"/></trkseg>
<trkseg><trkpt lat="37.569644" lon="126.951585"/><trkpt lat="37.569983" lon="126.951363"/><trkpt lat="37.570114" lon="126.951235"/><trkpt lat="37.569885" lon="126.950856"/><trkpt lat="37.569812" lon="126.950417"/><trkpt lat="37.569921" lon="126.950316"/></trkseg>
<trkseg><trkpt lat="37.570122" lon="126.943964"/><trkpt lat="37.569982" lon="126.944125"/><trkpt lat="37.569709" lon="126.944203"/><trkpt lat="37.569573" lon="126.944403"/><trkpt lat="37.569424" lon="126.944562"/><trkpt lat="37.569241" lon="126.944699"/><trkpt lat="37.569092" lon="126.944941"/></trkseg>
<trkseg><trkpt lat="37.569704" lon="126.956233"/><trkpt lat="37.570161" lon="126.956869"/><trkpt lat="37.570199" lon="126.957127"/><trkpt lat="37.570088" lon="126.957175"/><trkpt lat="37.570052" lon="126.957267"/></trkseg>
<trkseg><trkpt lat="37.569746" lon="126.949066"/><trkpt lat="37.569903" lon="126.949712"/><trkpt lat="37.570155" lon="126.949906"/><trkpt lat="37.570229" lon="126.95012"/></trkseg>
<trkseg><trkpt lat="37.569921" lon="126.950316"/><trkpt lat="37.570147" lon="126.950163"/><trkpt lat="37.570229" lon="126.95012"/></trkseg>
<trkseg><trkpt lat="37.570276" lon="126.941695"/><trkpt lat="37.569996" lon="126.941261"/></trkseg>
<trkseg><trkpt lat="37.56942" lon="126.942763"/><trkpt lat="37.569703" lon="126.942452"/><trkpt lat="37.569905" lon="126.942249"/><trkpt lat="37.570039" lon="126.942213"/><trkpt lat="37.570176" lon="126.941974"/><trkpt lat="37.570219" lon="126.941811"/><trkpt lat="37.570276" lon="126.941695"/></trkseg>
<trkseg><trkpt lat="37.570283" lon="126.951785"/><trkpt lat="37.569738" lon="126.951813"/></trkseg>
<trkseg><trkpt lat="37.569986" lon="126.952621"/><trkpt lat="37.570089" lon="126.952417"/><trkpt lat="37.570185" lon="126.952213"/><trkpt lat="37.570194" lon="126.952012"/><trkpt lat="37.57023" lon="126.951838"/><trkpt lat="37.570283" lon="126.951785"/></trkseg>
<trkseg><trkpt lat="37.570303" lon="126.941731"/><trkpt lat="37.570276" lon="126.941695"/></trkseg>
<trkseg><trkpt lat="37.569737" lon="126.947956"/><trkpt lat="37.569795" lon="126.947471"/><trkpt lat="37.56981" lon="126.947141"/><trkpt lat="37.570024" lon="126.947417"/><trkpt lat="37.570097" lon="126.947547"/><trkpt lat="37.570333" lon="126.947537"/></trkseg>
<trkseg><trkpt lat="37.570338" lon="126.949182"/><trkpt lat="37.57019" lon="126.948891"/><trkpt lat="37.570021" lon="126.948932"/><trkpt lat="37.569931" lon="126.948994"/></trkseg>
<trkseg><trkpt lat="37.570343" lon="126.95178"/><trkpt lat="37.570283" lon="126.951785"/></trkseg>
<trkseg><trkpt lat="37.570294" lon="126.952163"/><trkpt lat="37.570337" lon="126.951895"/><trkpt lat="37.570343" lon="126.95178"/></trkseg>
<trkseg><trkpt lat="37.570052" lon="126.957267"/><trkpt lat="37.570329" lon="126.957293"/><trkpt lat="37.570372" lon="126.956934"/><trkpt lat="37.570317" lon="126.956466"/><trkpt lat="37.569816" lon="126.955851"/><trkpt lat="37.569879" lon="126.955653"/><trkpt lat="37.570225" lon="126.955001"/><trkpt lat="37.57038" lon="126.954912"/></trkseg>
<trkseg><trkpt lat="37.570393" lon="126.951787"/><trkpt lat="37.570343" lon="126.95178"/></trkseg>
<trkseg><trkpt lat="37.570416" lon="126.950039"/><trkpt lat="37.570292" lon="126.949743"/><trkpt lat="37.570261" lon="126.949598"/><trkpt lat="37.570374" lon="126.949342"/><trkpt lat="37.570338" lon="126.949182"/></trkseg>
<trkseg><trkpt lat="37.570229" lon="126.95012"/><trkpt lat="37.570307" lon="126.950097"/><trkpt lat="37.570416" lon="126.950039"/></trkseg>
<trkseg><trkpt lat="37.570294" lon="126.952163"/><trkpt lat="37.570389" lon="126.952"/><trkpt lat="37.570439" lon="126.951854"/><trkpt lat="37.570393" lon="126.951787"/></trkseg>
<trkseg><trkpt lat="37.569996" lon="126.941261"/><trkpt lat="37.570081" lon="126.941211"/><trkpt lat="37.570254" lon="126.941233"/><trkpt lat="37.570458" lon="126.941157"/></trkseg>
<trkseg><trkpt lat="37.570303" lon="126.941731"/><trkpt lat="37.570411" lon="126.94132"/><trkpt lat="37.570458" lon="126.941157"/></trkseg>
<trkseg><trkpt lat="37.570458" lon="126.941157"/><trkpt lat="37.570392" lon="126.940944"/><trkpt lat="37.570219" lon="126.940578"/></trkseg>
<trkseg><trkpt lat="37.570488" lon="126.951701"/><trkpt lat="37.570393" lon="126.951787"/></trkseg>
<trkseg><trkpt lat="37.570485" lon="126.943978"/><trkpt lat="37.570409" lon="126.943919"/><trkpt lat="37.570208" lon="126.943932"/><trkpt lat="37.570122" lon="126.943964"/></trkseg>
<trkseg><trkpt lat="37.570333" lon="126.947537"/><trkpt lat="37.570477" lon="126.9478"/><trkpt lat="37.570542" lon="126.948004"/></trkseg>
<trkseg><trkpt lat="37.570542" lon="126.948004"/><trkpt lat="37.570186" lon="126.948311"/><trkpt lat="37.569857" lon="126.948486"/><trkpt lat="37.569757" lon="126.948512"/></trkseg>
<trkseg><trkpt lat="37.570488" lon="126.951701"/><trkpt lat="37.570562" lon="126.951816"/><trkpt lat="37.570492" lon="126.951953"/><trkpt lat="37.57051" lon="126.952074"/><trkpt lat="37.570648" lon="126.95202"/><trkpt lat="37.570819" lon="126.952119"/><trkpt lat="37.570949" lon="126.952148"/><trkpt lat="37.571079" lon="126.952292"/><trkpt lat="37.571088" lon="126.952489"/><trkpt lat="37.57118" lon="126.952598"/><trkpt lat="37.571338" lon="126.952806"/><trkpt lat="37.571284" lon="126.952965"/><trkpt lat="37.57144" lon="126.953124"/><trkpt lat="37.571469" lon="126.953289"/><trkpt lat="37.571611" lon="126.953294"/><trkpt lat="37.571676" lon="126.953331"/><trkpt lat="37.571718" lon="126.953362"/></trkseg>
<trkseg><trkpt lat="37.570564" lon="126.942129"/><trkpt lat="37.570397" lon="126.94181"/><trkpt lat="37.570303" lon="126.941731"/></trkseg>
<trkseg><trkpt lat="37.57064" lon="126.944107"/><trkpt lat="37.570485" lon="126.943978"/></trkseg>
<trkseg><trkpt lat="37.570333" lon="126.947537"/><trkpt lat="37.570227" lon="126.947238"/><trkpt lat="37.570241" lon="126.947038"/><trkpt lat="37.570417" lon="126.946915"/><trkpt lat="37.570532" lon="126.946924"/><trkpt lat="37.570707" lon="126.946804"/></trkseg>
<trkseg><trkpt lat="37.57072" lon="126.951149"/><trkpt lat="37.570646" lon="126.951108"/><trkpt lat="37.570494" lon="126.951026"/><trkpt lat="37.570132" lon="126.95065"/><trkpt lat="37.570003" lon="126.950338"/><trkpt lat="37.569921" lon="126.950316"/></trkseg>
<trkseg><trkpt lat="37.570343" lon="126.95178"/><trkpt lat="37.570534" lon="126.951502"/><trkpt lat="37.57072" lon="126.951149"/></trkseg>
<trkseg><trkpt lat="37.570485" lon="126.943978"/><trkpt lat="37.570687" lon="126.943858"/><trkpt lat="37.570725" lon="126.943839"/></trkseg>
<trkseg><trkpt lat="37.570725" lon="126.943839"/><trkpt lat="37.57064" lon="126.944107"/></trkseg>
<trkseg><trkpt lat="37.570741" lon="126.943253"/><trkpt lat="37.570175" lon="126.943788"/><trkpt lat="37.570122" lon="126.943964"/></trkseg>
<trkseg><trkpt lat="37.570741" lon="126.943253"/><trkpt lat="37.570735" lon="126.943505"/><trkpt lat="37.570719" lon="126.943646"/><trkpt lat="37.570725" lon="126.943839"/></trkseg>
<trkseg><trkpt lat="37.570564" lon="126.942129"/><trkpt lat="37.570658" lon="126.942403"/><trkpt lat="37.57074" lon="126.94265"/><trkpt lat="37.5707" lon="126.942934"/><trkpt lat="37.570746" lon="126.943051"/><trkpt lat="37.570752" lon="126.943101"/></trkseg>
<trkseg><trkpt lat="37.57064" lon="126.944107"/><trkpt lat="37.570769" lon="126.944215"/></trkseg>
<trkseg><trkpt lat="37.570752" lon="126.943101"/><trkpt lat="37.570785" lon="126.943132"/></trkseg>
<trkseg><trkpt lat="37.570785" lon="126.943132"/><trkpt lat="37.570741" lon="126.943253"/></trkseg>
<trkseg><trkpt lat="37.570948" lon="126.951011"/><trkpt lat="37.57088" lon="126.951346"/><trkpt lat="37.570797" lon="126.951456"/><trkpt lat="37.570536" lon="126.951651"/><trkpt lat="37.570488" lon="126.951701"/></trkseg>
<trkseg><trkpt lat="37.570998" lon="126.945776"/><trkpt lat="37.570782" lon="126.945891"/><trkpt lat="37.570421" lon="126.945983"/><trkpt lat="37.570042" lon="126.9462"/><trkpt lat="37.570428" lon="126.946537"/><trkpt lat="37.570707" lon="126.946804"/></trkseg>
<trkseg><trkpt lat="37.570769" lon="126.944215"/><trkpt lat="37.57087" lon="126.944601"/><trkpt lat="37.570964" lon="126.944978"/><trkpt lat="37.571023" lon="126.945179"/><trkpt lat="37.571041" lon="126.945421"/></trkseg>
<trkseg><trkpt lat="37.571041" lon="126.945421"/><trkpt lat="37.571062" lon="126.945542"/></trkseg>
<trkseg><trkpt lat="37.571062" lon="126.945542"/><trkpt lat="37.571037" lon="126.945662"/><trkpt lat="37.570998" lon="126.945776"/></trkseg>
<trkseg><trkpt lat="37.571078" lon="126.958063"/><trkpt lat="37.570857" lon="126.957909"/><trkpt lat="37.570692" lon="126.958042"/><trkpt lat="37.570278" lon="126.957772"/><trkpt lat="37.56999" lon="126.957405"/><trkpt lat="37.569978" lon="126.957279"/><trkpt lat="37.570052" lon="126.957267"/></trkseg>
<trkseg><trkpt lat="37.570416" lon="126.950039"/><trkpt lat="37.570489" lon="126.950038"/><trkpt lat="37.570691" lon="126.949928"/><trkpt lat="37.571056" lon="126.949539"/><trkpt lat="37.571307" lon="126.949368"/><trkpt lat="37.571476" lon="126.949298"/></trkseg>
<trkseg><trkpt lat="37.570785" lon="126.943132"/><trkpt lat="37.570943" lon="126.943435"/><trkpt lat="37.571067" lon="126.943514"/><trkpt lat="37.571105" lon="126.94356"/></trkseg>
<trkseg><trkpt lat="37.570725" lon="126.943839"/><trkpt lat="37.570867" lon="126.943679"/><trkpt lat="37.571105" lon="126.94356"/></trkseg>
<trkseg><trkpt lat="37.570416" lon="126.950039"/><trkpt lat="37.570538" lon="126.950195"/><trkpt lat="37.570639" lon="126.950141"/><trkpt lat="37.570793" lon="126.950009"/><trkpt lat="37.571147" lon="126.949897"/><trkpt lat="37.571261" lon="126.94999"/></trkseg>
<trkseg><trkpt lat="37.571062" lon="126.945542"/><trkpt lat="37.571255" lon="126.9456"/><trkpt lat="37.571401" lon="126.945684"/></trkseg>
<trkseg><trkpt lat="37.570998" lon="126.945776"/><trkpt lat="37.571124" lon="126.945718"/><trkpt lat="37.571191" lon="126.945793"/><trkpt lat="37.571291" lon="126.945772"/><trkpt lat="37.571401" lon="126.945684"/></trkseg>
<trkseg><trkpt lat="37.571548" lon="126.949194"/><trkpt lat="37.571021" lon="126.949257"/><trkpt lat="37.57044" lon="126.949339"/><trkpt lat="37.570338" lon="126.949182"/></trkseg>
<trkseg><trkpt lat="37.571476" lon="126.949298"/><trkpt lat="37.571548" lon="126.949194"/></trkseg>
<trkseg><trkpt lat="37.571558" lon="126.949371"/><trkpt lat="37.571476" lon="126.949298"/></trkseg>
<trkseg><trkpt lat="37.571261" lon="126.94999"/><trkpt lat="37.571223" lon="126.949745"/><trkpt lat="37.57133" lon="126.949591"/><trkpt lat="37.571448" lon="126.949481"/><trkpt lat="37.571558" lon="126.949371"/></trkseg>
<trkseg><trkpt lat="37.57038" lon="126.954912"/><trkpt lat="37.570449" lon="126.954672"/><trkpt lat="37.570523" lon="126.9544"/><trkpt lat="37.570599" lon="126.954223"/><trkpt lat="37.570507" lon="126.953986"/><trkpt lat="37.570552" lon="126.953785"/><trkpt lat="37.570804" lon="126.953736"/><trkpt lat="37.57106" lon="126.95358"/><trkpt lat="37.571172" lon="126.953763"/><trkpt lat="37.571431" lon="126.953826"/><trkpt lat="37.571608" lon="126.953633"/></trkseg>
<trkseg><trkpt lat="37.571647" lon="126.947496"/><trkpt lat="37.571251" lon="126.94764"/><trkpt lat="37.570845" lon="126.947704"/><trkpt lat="37.57068" lon="126.94791"/><trkpt lat="37.570542" lon="126.948004"/></trkseg>
<trkseg><trkpt lat="37.57166" lon="126.949357"/><trkpt lat="37.571558" lon="126.949371"/></trkseg>
<trkseg><trkpt lat="37.571675" lon="126.949162"/><trkpt lat="37.571548" lon="126.949194"/></trkseg>
<trkseg><trkpt lat="37.570752" lon="126.943101"/><trkpt lat="37.570861" lon="126.942949"/><trkpt lat="37.571025" lon="126.942858"/><trkpt lat="37.571118" lon="126.942789"/><trkpt lat="37.571167" lon="126.942684"/><trkpt lat="37.571319" lon="126.942629"/><trkpt lat="37.571464" lon="126.942645"/><trkpt lat="37.571625" lon="126.942591"/><trkpt lat="37.571692" lon="126.942507"/></trkseg>
<trkseg><trkpt lat="37.571692" lon="126.942507"/><trkpt lat="37.571671" lon="126.942786"/><trkpt lat="37.571665" lon="126.943004"/></trkseg>
<trkseg><trkpt lat="37.571647" lon="126.947496"/><trkpt lat="37.571505" lon="126.947786"/><trkpt lat="37.571447" lon="126.94804"/><trkpt lat="37.571443" lon="126.94828"/><trkpt lat="37.571538" lon="126.948313"/><trkpt lat="37.571631" lon="126.948471"/><trkpt lat="37.571676" lon="126.948959"/><trkpt lat="37.571675" lon="126.949162"/></trkseg>
<trkseg><trkpt lat="37.571608" lon="126.953633"/><trkpt lat="37.571704" lon="126.953449"/><trkpt lat="37.571718" lon="126.953362"/></trkseg>
<trkseg><trkpt lat="37.571722" lon="126.940971"/><trkpt lat="37.571576" lon="126.941081"/><trkpt lat="37.571517" lon="126.941274"/><trkpt lat="37.571244" lon="126.941544"/><trkpt lat="37.571111" lon="126.941725"/><trkpt lat="37.571049" lon="126.941838"/><trkpt lat="37.570936" lon="126.941922"/><trkpt lat="37.570588" lon="126.94205"/><trkpt lat="37.570564" lon="126.942129"/></trkseg>
<trkseg><trkpt lat="37.571729" lon="126.943604"/><trkpt lat="37.571661" lon="126.943375"/><trkpt lat="37.571548" lon="126.942992"/><trkpt lat="37.571628" lon="126.942957"/><trkpt lat="37.571665" lon="126.943004"/></trkseg>
<trkseg><trkpt lat="37.571105" lon="126.94356"/><trkpt lat="37.571729" lon="126.943604"/></trkseg>
<trkseg><trkpt lat="37.570707" lon="126.946804"/><trkpt lat="37.571008" lon="126.946965"/><trkpt lat="37.571193" lon="126.946922"/><trkpt lat="37.571434" lon="126.947038"/><trkpt lat="37.571687" lon="126.947242"/><trkpt lat="37.571745" lon="126.947292"/></trkseg>
<trkseg><trkpt lat="37.571745" lon="126.947292"/><trkpt lat="37.571647" lon="126.947496"/></trkseg>
<trkseg><trkpt lat="37.571806" lon="126.948969"/><trkpt lat="37.571675" lon="126.949162"/></trkseg>
<trkseg><trkpt lat="37.571806" lon="126.948969"/><trkpt lat="37.571705" lon="126.94927"/><trkpt lat="37.57166" lon="126.949357"/></trkseg>
<trkseg><trkpt lat="37.571729" lon="126.943604"/><trkpt lat="37.571824" lon="126.943653"/></trkseg>
<trkseg><trkpt lat="37.57187" lon="126.953713"/><trkpt lat="37.571608" lon="126.953633"/></trkseg>
<trkseg><trkpt lat="37.570769" lon="126.944215"/><trkpt lat="37.570909" lon="126.944278"/><trkpt lat="37.571163" lon="126.944314"/><trkpt lat="37.571274" lon="126.94445"/><trkpt lat="37.571379" lon="126.944551"/><trkpt lat="37.571481" lon="126.944613"/><trkpt lat="37.571602" lon="126.944809"/><trkpt lat="37.57177" lon="126.944849"/><trkpt lat="37.571915" lon="126.944911"/></trkseg>
<trkseg><trkpt lat="37.571692" lon="126.942507"/><trkpt lat="37.5718" lon="126.942449"/><trkpt lat="37.571937" lon="126.942549"/><trkpt lat="37.571947" lon="126.942574"/></trkseg>
<trkseg><trkpt lat="37.571915" lon="126.944911"/><trkpt lat="37.571969" lon="126.945078"/><trkpt lat="37.571833" lon="126.945217"/><trkpt lat="37.5716" lon="126.945241"/><trkpt lat="37.571358" lon="126.945378"/><trkpt lat="37.571191" lon="126.945402"/><trkpt lat="37.571041" lon="126.945421"/></trkseg>
<trkseg><trkpt lat="37.571947" lon="126.942574"/><trkpt lat="37.571989" lon="126.942386"/></trkseg>
<trkseg><trkpt lat="37.572" lon="126.94925"/><trkpt lat="37.571965" lon="126.949167"/><trkpt lat="37.571845" lon="126.949108"/><trkpt lat="37.571806" lon="126.948969"/></trkseg>
<trkseg><trkpt lat="37.57166" lon="126.949357"/><trkpt lat="37.571844" lon="126.949389"/><trkpt lat="37.572" lon="126.94925"/></trkseg>
<trkseg><trkpt lat="37.572006" lon="126.954468"/><trkpt lat="37.571937" lon="126.95452"/><trkpt lat="37.571603" lon="126.954471"/><trkpt lat="37.571483" lon="126.954341"/><trkpt lat="37.571143" lon="126.95424"/><trkpt lat="37.570901" lon="126.954093"/><trkpt lat="37.570779" lon="126.954448"/><trkpt lat="37.570751" lon="126.954711"/><trkpt lat="37.570738" lon="126.954896"/><trkpt lat="37.570583" lon="126.955005"/><trkpt lat="37.57038" lon="126.954912"/></trkseg>
<trkseg><trkpt lat="37.571989" lon="126.942386"/><trkpt lat="37.571974" lon="126.942063"/><trkpt lat="37.571998" lon="126.941855"/><trkpt lat="37.571937" lon="126.941642"/><trkpt lat="37.571842" lon="126.941511"/><trkpt lat="37.571819" lon="126.941384"/><trkpt lat="37.571728" lon="126.941259"/><trkpt lat="37.571714" lon="126.941072"/><trkpt lat="37.571722" lon="126.940971"/></trkseg>
<trkseg><trkpt lat="37.571947" lon="126.942574"/><trkpt lat="37.571994" lon="126.942864"/><trkpt lat="37.572009" lon="126.94291"/></trkseg>
<trkseg><trkpt lat="37.57187" lon="126.953713"/><trkpt lat="37.571999" lon="126.953829"/><trkpt lat="37.57204" lon="126.953995"/><trkpt lat="37.571952" lon="126.954286"/><trkpt lat="37.572006" lon="126.954468"/></trkseg>
<trkseg><trkpt lat="37.571665" lon="126.943004"/><trkpt lat="37.571733" lon="126.943258"/><trkpt lat="37.571863" lon="126.943321"/><trkpt lat="37.572066" lon="126.943393"/></trkseg>
<trkseg><trkpt lat="37.571824" lon="126.943653"/><trkpt lat="37.572066" lon="126.943393"/></trkseg>
<trkseg><trkpt lat="37.572009" lon="126.94291"/><trkpt lat="37.572084" lon="126.943038"/></trkseg>
<trkseg><trkpt lat="37.571824" lon="126.943653"/><trkpt lat="37.572125" lon="126.944035"/></trkseg>
<trkseg><trkpt lat="37.571729" lon="126.943604"/><trkpt lat="37.57176" lon="126.943988"/><trkpt lat="37.571931" lon="126.944058"/><trkpt lat="37.572125" lon="126.944035"/></trkseg>
<trkseg><trkpt lat="37.572234" lon="126.948147"/><trkpt lat="37.57194" lon="126.948668"/><trkpt lat="37.571806" lon="126.948969"/></trkseg>
<trkseg><trkpt lat="37.571915" lon="126.944911"/><trkpt lat="37.572024" lon="126.944849"/><trkpt lat="37.572143" lon="126.944883"/><trkpt lat="37.572248" lon="126.945028"/></trkseg>
<trkseg><trkpt lat="37.572084" lon="126.943038"/><trkpt lat="37.572255" lon="126.943319"/></trkseg>
<trkseg><trkpt lat="37.572066" lon="126.943393"/><trkpt lat="37.572255" lon="126.943319"/></trkseg>
<trkseg><trkpt lat="37.571745" lon="126.947292"/><trkpt lat="37.57194" lon="126.947499"/><trkpt lat="37.572054" lon="126.947583"/><trkpt lat="37.572258" lon="126.94757"/></trkseg>
<trkseg><trkpt lat="37.572084" lon="126.943038"/><trkpt lat="37.572226" lon="126.943014"/><trkpt lat="37.5723" lon="126.943022"/></trkseg>
<trkseg><trkpt lat="37.5723" lon="126.943022"/><trkpt lat="37.572255" lon="126.943319"/></trkseg>
<trkseg><trkpt lat="37.572234" lon="126.948147"/><trkpt lat="37.572302" lon="126.947619"/><trkpt lat="37.572258" lon="126.94757"/></trkseg>
<trkseg><trkpt lat="37.572363" lon="126.942391"/><trkpt lat="37.572202" lon="126.942411"/><trkpt lat="37.572089" lon="126.942442"/><trkpt lat="37.571989" lon="126.942386"/></trkseg>
<trkseg><trkpt lat="37.572009" lon="126.94291"/><trkpt lat="37.572054" lon="126.942867"/><trkpt lat="37.572225" lon="126.94283"/><trkpt lat="37.572362" lon="126.942767"/></trkseg>
<trkseg><trkpt lat="37.572383" lon="126.952964"/><trkpt lat="37.572123" lon="126.952789"/><trkpt lat="37.572005" lon="126.953033"/><trkpt lat="37.572174" lon="126.953384"/><trkpt lat="37.57198" lon="126.953704"/><trkpt lat="37.57187" lon="126.953713"/></trkseg>
<trkseg><trkpt lat="37.572363" lon="126.942391"/><trkpt lat="37.572371" lon="126.942652"/><trkpt lat="37.572361" lon="126.94273"/><trkpt lat="37.572362" lon="126.942767"/></trkseg>
<trkseg><trkpt lat="37.5723" lon="126.943022"/><trkpt lat="37.572386" lon="126.943011"/><trkpt lat="37.572447" lon="126.94288"/></trkseg>
<trkseg><trkpt lat="37.571718" lon="126.953362"/><trkpt lat="37.571717" lon="126.952777"/><trkpt lat="37.57191" lon="126.952506"/><trkpt lat="37.572251" lon="126.952544"/><trkpt lat="37.572465" lon="126.952665"/></trkseg>
<trkseg><trkpt lat="37.572465" lon="126.952665"/><trkpt lat="37.572383" lon="126.952964"/></trkseg>
<trkseg><trkpt lat="37.572473" lon="126.948043"/><trkpt lat="37.572234" lon="126.948147"/></trkseg>
<trkseg><trkpt lat="37.572255" lon="126.943319"/><trkpt lat="37.572487" lon="126.944069"/></trkseg>
<trkseg><trkpt lat="37.572125" lon="126.944035"/><trkpt lat="37.572345" lon="126.944037"/><trkpt lat="37.572487" lon="126.944069"/></trkseg>
<trkseg><trkpt lat="37.572258" lon="126.94757"/><trkpt lat="37.572404" lon="126.947606"/><trkpt lat="37.572468" lon="126.947651"/><trkpt lat="37.572554" lon="126.947755"/></trkseg>
<trkseg><trkpt lat="37.572554" lon="126.947755"/><trkpt lat="37.572514" lon="126.94791"/><trkpt lat="37.572473" lon="126.948043"/></trkseg>
<trkseg><trkpt lat="37.572649" lon="126.942146"/><trkpt lat="37.572403" lon="126.942285"/><trkpt lat="37.572363" lon="126.942391"/></trkseg>
<trkseg><trkpt lat="37.572447" lon="126.94288"/><trkpt lat="37.572484" lon="126.942724"/><trkpt lat="37.572511" lon="126.942502"/><trkpt lat="37.572616" lon="126.942181"/><trkpt lat="37.572649" lon="126.942146"/></trkseg>
<trkseg><trkpt lat="37.572669" lon="126.952818"/><trkpt lat="37.572465" lon="126.952665"/></trkseg>
<trkseg><trkpt lat="37.572125" lon="126.944035"/><trkpt lat="37.572257" lon="126.944101"/><trkpt lat="37.572347" lon="126.944166"/><trkpt lat="37.572483" lon="126.944215"/><trkpt lat="37.572756" lon="126.944483"/></trkseg>
<trkseg><trkpt lat="37.572248" lon="126.945028"/><trkpt lat="37.572389" lon="126.944791"/><trkpt lat="37.572527" lon="126.944699"/><trkpt lat="37.572645" lon="126.944592"/><trkpt lat="37.572756" lon="126.944483"/></trkseg>
<trkseg><trkpt lat="37.572649" lon="126.942146"/><trkpt lat="37.572818" lon="126.942498"/></trkseg>
<trkseg><trkpt lat="37.572255" lon="126.943319"/><trkpt lat="37.572531" lon="126.943196"/><trkpt lat="37.57261" lon="126.94302"/><trkpt lat="37.572661" lon="126.942855"/><trkpt lat="37.572807" lon="126.942603"/><trkpt lat="37.572818" lon="126.942498"/></trkseg>
<trkseg><trkpt lat="37.572818" lon="126.942498"/><trkpt lat="37.573116" lon="126.943082"/><trkpt lat="37.573305" lon="126.943354"/><trkpt lat="37.573473" lon="126.943494"/></trkseg>
<trkseg><trkpt lat="37.572" lon="126.94925"/><trkpt lat="37.572414" lon="126.94909"/><trkpt lat="37.572835" lon="126.948779"/></trkseg>
<trkseg><trkpt lat="37.572835" lon="126.948779"/><trkpt lat="37.572859" lon="126.949132"/><trkpt lat="37.57285" lon="126.949604"/><trkpt lat="37.5729" lon="126.949765"/></trkseg>
<trkseg><trkpt lat="37.5729" lon="126.949765"/><trkpt lat="37.572367" lon="126.949834"/><trkpt lat="37.571578" lon="126.950012"/><trkpt lat="37.571329" lon="126.950025"/><trkpt lat="37.571261" lon="126.94999"/></trkseg>
<trkseg><trkpt lat="37.572465" lon="126.952665"/><trkpt lat="37.572435" lon="126.952503"/><trkpt lat="37.572554" lon="126.952467"/><trkpt lat="37.572705" lon="126.952565"/><trkpt lat="37.572827" lon="126.952533"/><trkpt lat="37.572929" lon="126.952551"/></trkseg>
<trkseg><trkpt lat="37.572937" lon="126.952685"/><trkpt lat="37.572929" lon="126.952551"/></trkseg>
<trkseg><trkpt lat="37.572937" lon="126.952685"/><trkpt lat="37.572669" lon="126.952818"/></trkseg>
<trkseg><trkpt lat="37.572756" lon="126.944483"/><trkpt lat="37.572941" lon="126.944759"/></trkseg>
<trkseg><trkpt lat="37.572248" lon="126.945028"/><trkpt lat="37.572417" lon="126.945072"/><trkpt lat="37.572725" lon="126.944968"/><trkpt lat="37.572841" lon="126.944823"/><trkpt lat="37.572941" lon="126.944759"/></trkseg>
<trkseg><trkpt lat="37.572937" lon="126.952685"/><trkpt lat="37.572963" lon="126.952871"/></trkseg>
<trkseg><trkpt lat="37.572963" lon="126.952871"/><trkpt lat="37.572669" lon="126.952818"/></trkseg>
<trkseg><trkpt lat="37.572835" lon="126.948779"/><trkpt lat="37.572805" lon="126.948589"/><trkpt lat="37.572943" lon="126.948388"/><trkpt lat="37.57304" lon="126.948116"/><trkpt lat="37.572993" lon="126.947885"/><trkpt lat="37.572758" lon="126.947857"/><trkpt lat="37.572602" lon="126.948018"/><trkpt lat="37.572473" lon="126.948043"/></trkseg>
<trkseg><trkpt lat="37.573043" lon="126.941846"/><trkpt lat="37.572932" lon="126.941882"/><trkpt lat="37.572702" lon="126.942094"/><trkpt lat="37.572649" lon="126.942146"/></trkseg>
<trkseg><trkpt lat="37.572487" lon="126.944069"/><trkpt lat="37.573107" lon="126.943927"/></trkseg>
<trkseg><trkpt lat="37.573149" lon="126.953601"/><trkpt lat="37.572743" lon="126.953279"/><trkpt lat="37.572383" lon="126.952964"/></trkseg>
<trkseg><trkpt lat="37.572554" lon="126.947755"/><trkpt lat="37.572753" lon="126.947698"/><trkpt lat="37.572866" lon="126.947694"/><trkpt lat="37.573054" lon="126.947745"/><trkpt lat="37.573154" lon="126.947795"/><trkpt lat="37.573181" lon="126.947806"/></trkseg>
<trkseg><trkpt lat="37.573181" lon="126.947806"/><trkpt lat="37.573467" lon="126.948204"/><trkpt lat="37.573495" lon="126.94842"/><trkpt lat="37.573699" lon="126.948392"/><trkpt lat="37.574065" lon="126.948879"/><trkpt lat="37.574452" lon="126.94911"/><trkpt lat="37.574532" lon="126.949172"/></trkseg>
<trkseg><trkpt lat="37.573243" lon="126.947537"/><trkpt lat="37.573193" lon="126.947417"/></trkseg>
<trkseg><trkpt lat="37.573248" lon="126.941103"/><trkpt lat="37.573009" lon="126.941037"/><trkpt lat="37.572769" lon="126.940948"/><trkpt lat="37.572603" lon="126.940831"/><trkpt lat="37.572398" lon="126.940812"/><trkpt lat="37.572172" lon="126.940795"/><trkpt lat="37.571722" lon="126.940971"/></trkseg>
<trkseg><trkpt lat="37.573248" lon="126.941103"/><trkpt lat="37.573169" lon="126.941337"/><trkpt lat="37.57307" lon="126.941754"/><trkpt lat="37.573043" lon="126.941846"/></trkseg>
<trkseg><trkpt lat="37.573276" lon="126.947607"/><trkpt lat="37.573243" lon="126.947537"/></trkseg>
<trkseg><trkpt lat="37.573181" lon="126.947806"/><trkpt lat="37.573265" lon="126.947675"/><trkpt lat="37.573276" lon="126.947607"/></trkseg>
<trkseg><trkpt lat="37.572006" lon="126.954468"/><trkpt lat="37.572131" lon="126.954448"/><trkpt lat="37.572205" lon="126.954331"/><trkpt lat="37.572367" lon="126.954157"/><trkpt lat="37.572555" lon="126.954036"/><trkpt lat="37.572569" lon="126.953795"/><trkpt lat="37.572525" lon="126.953587"/><trkpt lat="37.572502" lon="126.953407"/><trkpt lat="37.573212" lon="126.953949"/><trkpt lat="37.573263" lon="126.954473"/><trkpt lat="37.572837" lon="126.955169"/><trkpt lat="37.572775" lon="126.956138"/></trkseg>
<trkseg><trkpt lat="37.572963" lon="126.952871"/><trkpt lat="37.573069" lon="126.953037"/><trkpt lat="37.573179" lon="126.953194"/><trkpt lat="37.573296" lon="126.953472"/><trkpt lat="37.573251" lon="126.953582"/><trkpt lat="37.573149" lon="126.953601"/></trkseg>
<trkseg><trkpt lat="37.572941" lon="126.944759"/><trkpt lat="37.573327" lon="126.94519"/></trkseg>
<trkseg><trkpt lat="37.573333" lon="126.950009"/><trkpt lat="37.5729" lon="126.949765"/></trkseg>
<trkseg><trkpt lat="37.570948" lon="126.951011"/><trkpt lat="37.571703" lon="126.950792"/><trkpt lat="37.572212" lon="126.950552"/><trkpt lat="37.573022" lon="126.950167"/><trkpt lat="37.573333" lon="126.950009"/></trkseg>
<trkseg><trkpt lat="37.572818" lon="126.956148"/><trkpt lat="37.573036" lon="126.955807"/><trkpt lat="37.57315" lon="126.955329"/><trkpt lat="37.57309" lon="126.955063"/><trkpt lat="37.573384" lon="126.954741"/><trkpt lat="37.573359" lon="126.954394"/><trkpt lat="37.573285" lon="126.953972"/><trkpt lat="37.573187" lon="126.953683"/><trkpt lat="37.573149" lon="126.953601"/></trkseg>
<trkseg><trkpt lat="37.573455" lon="126.945601"/><trkpt lat="37.573414" lon="126.945341"/><trkpt lat="37.573327" lon="126.94519"/></trkseg>
<trkseg><trkpt lat="37.573107" lon="126.943927"/><trkpt lat="37.573473" lon="126.943494"/></trkseg>
<trkseg><trkpt lat="37.573327" lon="126.94519"/><trkpt lat="37.573338" lon="126.945046"/><trkpt lat="37.573475" lon="126.94503"/></trkseg>
<trkseg><trkpt lat="37.571401" lon="126.945684"/><trkpt lat="37.571537" lon="126.945601"/><trkpt lat="37.57171" lon="126.94573"/><trkpt lat="37.571837" lon="126.945835"/><trkpt lat="37.571964" lon="126.945875"/><trkpt lat="37.572012" lon="126.946064"/><trkpt lat="37.572122" lon="126.946152"/><trkpt lat="37.57233" lon="126.946123"/><trkpt lat="37.572744" lon="126.946193"/><trkpt lat="37.573036" lon="126.946184"/><trkpt lat="37.573423" lon="126.946284"/><trkpt lat="37.573478" lon="126.946296"/></trkseg>
<trkseg><trkpt lat="37.573509" lon="126.945924"/><trkpt lat="37.5735" lon="126.945677"/><trkpt lat="37.573455" lon="126.945601"/></trkseg>
<trkseg><trkpt lat="37.573532" lon="126.94617"/><trkpt lat="37.573509" lon="126.945924"/></trkseg>
<trkseg><trkpt lat="37.573478" lon="126.946296"/><trkpt lat="37.573532" lon="126.94617"/></trkseg>
<trkseg><trkpt lat="37.572756" lon="126.944483"/><trkpt lat="37.573268" lon="126.944282"/><trkpt lat="37.573537" lon="126.944214"/></trkseg>
<trkseg><trkpt lat="37.573539" lon="126.946542"/><trkpt lat="37.573468" lon="126.946389"/><trkpt lat="37.573478" lon="126.946296"/></trkseg>
<trkseg><trkpt lat="37.573193" lon="126.947417"/><trkpt lat="37.573203" lon="126.947166"/><trkpt lat="37.573345" lon="126.946947"/><trkpt lat="37.573414" lon="126.946795"/><trkpt lat="37.57355" lon="126.946563"/><trkpt lat="37.573539" lon="126.946542"/></trkseg>
<trkseg><trkpt lat="37.573043" lon="126.941846"/><trkpt lat="37.573331" lon="126.941699"/><trkpt lat="37.573495" lon="126.941676"/><trkpt lat="37.57356" lon="126.941663"/></trkseg>
<trkseg><trkpt lat="37.57356" lon="126.941663"/><trkpt lat="37.573516" lon="126.941862"/><trkpt lat="37.573392" lon="126.942068"/><trkpt lat="37.573348" lon="126.942206"/><trkpt lat="37.57327" lon="126.942277"/><trkpt lat="37.573073" lon="126.942309"/><trkpt lat="37.572818" lon="126.942498"/></trkseg>
<trkseg><trkpt lat="37.573243" lon="126.947537"/><trkpt lat="37.573379" lon="126.947417"/><trkpt lat="37.573475" lon="126.947379"/><trkpt lat="37.573584" lon="126.947319"/><trkpt lat="37.573621" lon="126.947289"/></trkseg>
<trkseg><trkpt lat="37.573637" lon="126.944922"/><trkpt lat="37.573475" lon="126.94503"/></trkseg>
<trkseg><trkpt lat="37.572929" lon="126.952551"/><trkpt lat="37.573565" lon="126.951965"/><trkpt lat="37.573642" lon="126.951944"/></trkseg>
<trkseg><trkpt lat="37.573532" lon="126.94617"/><trkpt lat="37.573637" lon="126.946355"/><trkpt lat="37.573643" lon="126.946466"/></trkseg>
<trkseg><trkpt lat="37.573539" lon="126.946542"/><trkpt lat="37.573643" lon="126.946466"/></trkseg>
<trkseg><trkpt lat="37.573509" lon="126.945924"/><trkpt lat="37.573648" lon="126.945828"/></trkseg>
<trkseg><trkpt lat="37.573475" lon="126.94503"/><trkpt lat="37.573603" lon="126.945287"/><trkpt lat="37.573644" lon="126.945491"/><trkpt lat="37.573614" lon="126.945587"/><trkpt lat="37.573455" lon="126.945601"/></trkseg>
<trkseg><trkpt lat="37.573473" lon="126.943494"/><trkpt lat="37.573625" lon="126.943506"/><trkpt lat="37.573735" lon="126.943537"/></trkseg>
<trkseg><trkpt lat="37.573735" lon="126.943537"/><trkpt lat="37.573476" lon="126.943731"/><trkpt lat="37.573107" lon="126.943927"/></trkseg>
<trkseg><trkpt lat="37.573745" lon="126.946772"/><trkpt lat="37.573579" lon="126.947108"/><trkpt lat="37.573503" lon="126.947189"/><trkpt lat="37.573396" lon="126.947312"/><trkpt lat="37.573298" lon="126.947345"/><trkpt lat="37.573193" lon="126.947417"/></trkseg>
<trkseg><trkpt lat="37.573748" lon="126.945289"/><trkpt lat="37.573686" lon="126.945547"/><trkpt lat="37.573648" lon="126.945828"/></trkseg>
<trkseg><trkpt lat="37.573753" lon="126.947719"/><trkpt lat="37.573621" lon="126.947289"/></trkseg>
<trkseg><trkpt lat="37.573753" lon="126.947719"/><trkpt lat="37.573594" lon="126.947689"/><trkpt lat="37.573276" lon="126.947607"/></trkseg>
<trkseg><trkpt lat="37.573648" lon="126.945828"/><trkpt lat="37.57373" lon="126.946114"/><trkpt lat="37.573793" lon="126.946166"/></trkseg>
<trkseg><trkpt lat="37.573793" lon="126.946166"/><trkpt lat="37.573814" lon="126.946433"/></trkseg>
<trkseg><trkpt lat="37.573643" lon="126.946466"/><trkpt lat="37.573814" lon="126.946433"/></trkseg>
<trkseg><trkpt lat="37.573637" lon="126.944922"/><trkpt lat="37.573815" lon="126.945106"/><trkpt lat="37.573795" lon="126.945238"/><trkpt lat="37.573748" lon="126.945289"/></trkseg>
<trkseg><trkpt lat="37.573107" lon="126.943927"/><trkpt lat="37.573276" lon="126.944"/><trkpt lat="37.573662" lon="126.943918"/><trkpt lat="37.573829" lon="126.943987"/></trkseg>
<trkseg><trkpt lat="37.573537" lon="126.944214"/><trkpt lat="37.573829" lon="126.943987"/></trkseg>
<trkseg><trkpt lat="37.573814" lon="126.946433"/><trkpt lat="37.573808" lon="126.946683"/><trkpt lat="37.573745" lon="126.946772"/></trkseg>
<trkseg><trkpt lat="37.573873" lon="126.945395"/><trkpt lat="37.573777" lon="126.94529"/><trkpt lat="37.573748" lon="126.945289"/></trkseg>
<trkseg><trkpt lat="37.573793" lon="126.946166"/><trkpt lat="37.573906" lon="126.946205"/></trkseg>
<trkseg><trkpt lat="37.573939" lon="126.944464"/><trkpt lat="37.573947" lon="126.944806"/><trkpt lat="37.573944" lon="126.945326"/><trkpt lat="37.573873" lon="126.945395"/></trkseg>
<trkseg><trkpt lat="37.573939" lon="126.944464"/><trkpt lat="37.573637" lon="126.944922"/></trkseg>
<trkseg><trkpt lat="37.573993" lon="126.944418"/><trkpt lat="37.573939" lon="126.944464"/></trkseg>
<trkseg><trkpt lat="37.573537" lon="126.944214"/><trkpt lat="37.573879" lon="126.944116"/><trkpt lat="37.573968" lon="126.944229"/><trkpt lat="37.574006" lon="126.944369"/></trkseg>
<trkseg><trkpt lat="37.573993" lon="126.944418"/><trkpt lat="37.574006" lon="126.944369"/></trkseg>
<trkseg><trkpt lat="37.573906" lon="126.946205"/><trkpt lat="37.57403" lon="126.946429"/></trkseg>
<trkseg><trkpt lat="37.573814" lon="126.946433"/><trkpt lat="37.573914" lon="126.946532"/><trkpt lat="37.57403" lon="126.946429"/></trkseg>
<trkseg><trkpt lat="37.574171" lon="126.945742"/><trkpt lat="37.574046" lon="126.945593"/><trkpt lat="37.573929" lon="126.945427"/><trkpt lat="37.573873" lon="126.945395"/></trkseg>
<trkseg><trkpt lat="37.57403" lon="126.946429"/><trkpt lat="37.574027" lon="126.946614"/><trkpt lat="37.574089" lon="126.946685"/><trkpt lat="37.574119" lon="126.946843"/><trkpt lat="37.574152" lon="126.94702"/></trkseg>
<trkseg><trkpt lat="37.574171" lon="126.945742"/><trkpt lat="37.574085" lon="126.945433"/><trkpt lat="37.574109" lon="126.94503"/><trkpt lat="37.57407" lon="126.944615"/><trkpt lat="37.573993" lon="126.944418"/></trkseg>
<trkseg><trkpt lat="37.573906" lon="126.946205"/><trkpt lat="37.57399" lon="126.945983"/><trkpt lat="37.574018" lon="126.945883"/><trkpt lat="37.574121" lon="126.945835"/><trkpt lat="37.574171" lon="126.945742"/></trkseg>
<trkseg><trkpt lat="37.573642" lon="126.951944"/><trkpt lat="37.5738" lon="126.951766"/><trkpt lat="37.574096" lon="126.951535"/><trkpt lat="37.57418" lon="126.951363"/><trkpt lat="37.57409" lon="126.951054"/><trkpt lat="37.574068" lon="126.95077"/><trkpt lat="37.574096" lon="126.950735"/></trkseg>
<trkseg><trkpt lat="37.573745" lon="126.946772"/><trkpt lat="37.573889" lon="126.946837"/><trkpt lat="37.574152" lon="126.94702"/></trkseg>
<trkseg><trkpt lat="37.573621" lon="126.947289"/><trkpt lat="37.573685" lon="126.947149"/><trkpt lat="37.573822" lon="126.947137"/><trkpt lat="37.574032" lon="126.947169"/><trkpt lat="37.574193" lon="126.947044"/></trkseg>
<trkseg><trkpt lat="37.573829" lon="126.943987"/><trkpt lat="37.574181" lon="126.943987"/><trkpt lat="37.574232" lon="126.943982"/></trkseg>
<trkseg><trkpt lat="37.574232" lon="126.943982"/><trkpt lat="37.574318" lon="126.944174"/></trkseg>
<trkseg><trkpt lat="37.574006" lon="126.944369"/><trkpt lat="37.574229" lon="126.944242"/><trkpt lat="37.574318" lon="126.944174"/></trkseg>
<trkseg><trkpt lat="37.574332" lon="126.945969"/><trkpt lat="37.574171" lon="126.945742"/></trkseg>
<trkseg><trkpt lat="37.574339" lon="126.949508"/><trkpt lat="37.573965" lon="126.949369"/><trkpt lat="37.573774" lon="126.949359"/><trkpt lat="37.573585" lon="126.949215"/><trkpt lat="37.573379" lon="126.949071"/><trkpt lat="37.572835" lon="126.948779"/></trkseg>
<trkseg><trkpt lat="37.574339" lon="126.949508"/><trkpt lat="37.574016" lon="126.949751"/><trkpt lat="37.573606" lon="126.949906"/><trkpt lat="37.573333" lon="126.950009"/></trkseg>
<trkseg><trkpt lat="37.574318" lon="126.944174"/><trkpt lat="37.574389" lon="126.944213"/></trkseg>
<trkseg><trkpt lat="37.574386" lon="126.940672"/><trkpt lat="37.574328" lon="126.940552"/><trkpt lat="37.574253" lon="126.940251"/><trkpt lat="37.574098" lon="126.940236"/></trkseg>
<trkseg><trkpt lat="37.574386" lon="126.940672"/><trkpt lat="37.574053" lon="126.940621"/><trkpt lat="37.573845" lon="126.940703"/><trkpt lat="37.573617" lon="126.940822"/><trkpt lat="37.573486" lon="126.94089"/><trkpt lat="37.57335" lon="126.941008"/><trkpt lat="37.573284" lon="126.941088"/><trkpt lat="37.573248" lon="126.941103"/></trkseg>
<trkseg><trkpt lat="37.574332" lon="126.945969"/><trkpt lat="37.574389" lon="126.946311"/></trkseg>
<trkseg><trkpt lat="37.574389" lon="126.946311"/><trkpt lat="37.574269" lon="126.946347"/><trkpt lat="37.574152" lon="126.946321"/><trkpt lat="37.574077" lon="126.946324"/><trkpt lat="37.57403" lon="126.946429"/></trkseg>
<trkseg><trkpt lat="37.574193" lon="126.947044"/><trkpt lat="37.574304" lon="126.947009"/><trkpt lat="37.574472" lon="126.947003"/></trkseg>
<trkseg><trkpt lat="37.574532" lon="126.949172"/><trkpt lat="37.574408" lon="126.949398"/><trkpt lat="37.574339" lon="126.949508"/></trkseg>
<trkseg><trkpt lat="37.574472" lon="126.947003"/><trkpt lat="37.574494" lon="126.947209"/><trkpt lat="37.574496" lon="126.947414"/><trkpt lat="37.574543" lon="126.947511"/><trkpt lat="37.574507" lon="126.94764"/><trkpt lat="37.574347" lon="126.947692"/><trkpt lat="37.574196" lon="126.947651"/><trkpt lat="37.573943" lon="126.947722"/><trkpt lat="37.573758" lon="126.947719"/><trkpt lat="37.573753" lon="126.947719"/></trkseg>
<trkseg><trkpt lat="37.574545" lon="126.950698"/><trkpt lat="37.57423" lon="126.950658"/><trkpt lat="37.574096" lon="126.950735"/></trkseg>
<trkseg><trkpt lat="37.574096" lon="126.950735"/><trkpt lat="37.574218" lon="126.95053"/><trkpt lat="37.574395" lon="126.950525"/><trkpt lat="37.574503" lon="126.950475"/><trkpt lat="37.574547" lon="126.950433"/></trkseg>
<trkseg><trkpt lat="37.574567" lon="126.944626"/><trkpt lat="37.574461" lon="126.944911"/><trkpt lat="37.574436" lon="126.945151"/><trkpt lat="37.574433" lon="126.945376"/><trkpt lat="37.574419" lon="126.945612"/><trkpt lat="37.57437" lon="126.945855"/><trkpt lat="37.574332" lon="126.945969"/></trkseg>
<trkseg><trkpt lat="37.574389" lon="126.944213"/><trkpt lat="37.574463" lon="126.944369"/><trkpt lat="37.574529" lon="126.944561"/><trkpt lat="37.57457" lon="126.944579"/></trkseg>
<trkseg><trkpt lat="37.57457" lon="126.944579"/><trkpt lat="37.574567" lon="126.944626"/></trkseg>
<trkseg><trkpt lat="37.574472" lon="126.947003"/><trkpt lat="37.574602" lon="126.94695"/></trkseg>
<trkseg><trkpt lat="37.574389" lon="126.946311"/><trkpt lat="37.574497" lon="126.946544"/><trkpt lat="37.574605" lon="126.946768"/><trkpt lat="37.574625" lon="126.946933"/><trkpt lat="37.574602" lon="126.94695"/></trkseg>
<trkseg><trkpt lat="37.574389" lon="126.944213"/><trkpt lat="37.574425" lon="126.94407"/><trkpt lat="37.574575" lon="126.944036"/><trkpt lat="37.5747" lon="126.943902"/></trkseg>
<trkseg><trkpt lat="37.5747" lon="126.943902"/><trkpt lat="37.574664" lon="126.944234"/><trkpt lat="37.574644" lon="126.944366"/><trkpt lat="37.57457" lon="126.944579"/></trkseg>
<trkseg><trkpt lat="37.573735" lon="126.943537"/><trkpt lat="37.574133" lon="126.943456"/><trkpt lat="37.574422" lon="126.943513"/><trkpt lat="37.574729" lon="126.943589"/></trkseg>
<trkseg><trkpt lat="37.574732" lon="126.943699"/><trkpt lat="37.574729" lon="126.943589"/></trkseg>
<trkseg><trkpt lat="37.574232" lon="126.943982"/><trkpt lat="37.574355" lon="126.943984"/><trkpt lat="37.574547" lon="126.943855"/><trkpt lat="37.574732" lon="126.943699"/></trkseg>
<trkseg><trkpt lat="37.574732" lon="126.943699"/><trkpt lat="37.5747" lon="126.943902"/></trkseg>
<trkseg><trkpt lat="37.574602" lon="126.94695"/><trkpt lat="37.57463" lon="126.947218"/><trkpt lat="37.574756" lon="126.947404"/></trkseg>
<trkseg><trkpt lat="37.574828" lon="126.949037"/><trkpt lat="37.574532" lon="126.949172"/></trkseg>
<trkseg><trkpt lat="37.574828" lon="126.949037"/><trkpt lat="37.574972" lon="126.949288"/></trkseg>
<trkseg><trkpt lat="37.574547" lon="126.950433"/><trkpt lat="37.574597" lon="126.950029"/><trkpt lat="37.574688" lon="126.949838"/><trkpt lat="37.574707" lon="126.949495"/><trkpt lat="37.574868" lon="126.949307"/><trkpt lat="37.574972" lon="126.949288"/></trkseg>
<trkseg><trkpt lat="37.573642" lon="126.951944"/><trkpt lat="37.574471" lon="126.951866"/><trkpt lat="37.574835" lon="126.952314"/><trkpt lat="37.575028" lon="126.952542"/></trkseg>
<trkseg><trkpt lat="37.574756" lon="126.947404"/><trkpt lat="37.575068" lon="126.947936"/><trkpt lat="37.575187" lon="126.948111"/></trkseg>
<trkseg><trkpt lat="37.574828" lon="126.949037"/><trkpt lat="37.575168" lon="126.949048"/><trkpt lat="37.575212" lon="126.949053"/></trkseg>
<trkseg><trkpt lat="37.575187" lon="126.948111"/><trkpt lat="37.575282" lon="126.948436"/><trkpt lat="37.575084" lon="126.948862"/><trkpt lat="37.574907" lon="126.948971"/><trkpt lat="37.574828" lon="126.949037"/></trkseg>
<trkseg><trkpt lat="37.575365" lon="126.94029"/><trkpt lat="37.574618" lon="126.940597"/><trkpt lat="37.574386" lon="126.940672"/></trkseg>
<trkseg><trkpt lat="37.575365" lon="126.94029"/><trkpt lat="37.575368" lon="126.940116"/><trkpt lat="37.575261" lon="126.939474"/><trkpt lat="37.575015" lon="126.939218"/><trkpt lat="37.574944" lon="126.938486"/><trkpt lat="37.574949" lon="126.938366"/></trkseg>
<trkseg><trkpt lat="37.57356" lon="126.941663"/><trkpt lat="37.573699" lon="126.941582"/><trkpt lat="37.573862" lon="126.941527"/><trkpt lat="37.574101" lon="126.941477"/><trkpt lat="37.574253" lon="126.941509"/><trkpt lat="37.574381" lon="126.941434"/><trkpt lat="37.574468" lon="126.941301"/><trkpt lat="37.574578" lon="126.941275"/><trkpt lat="37.574699" lon="126.941301"/><trkpt lat="37.574875" lon="126.941218"/><trkpt lat="37.574996" lon="126.94116"/><trkpt lat="37.575202" lon="126.941011"/><trkpt lat="37.575282" lon="126.941013"/><trkpt lat="37.575368" lon="126.940944"/><trkpt lat="37.575428" lon="126.940951"/></trkseg>
<trkseg><trkpt lat="37.574567" lon="126.944626"/><trkpt lat="37.575047" lon="126.94479"/><trkpt lat="37.575251" lon="126.944993"/><trkpt lat="37.575433" lon="126.94507"/><trkpt lat="37.575452" lon="126.945098"/></trkseg>
<trkseg><trkpt lat="37.574729" lon="126.943589"/><trkpt lat="37.574839" lon="126.943687"/><trkpt lat="37.575238" lon="126.943933"/><trkpt lat="37.575311" lon="126.944035"/><trkpt lat="37.575461" lon="126.944087"/><trkpt lat="37.575542" lon="126.944288"/></trkseg>
<trkseg><trkpt lat="37.575212" lon="126.949053"/><trkpt lat="37.575331" lon="126.949034"/><trkpt lat="37.575468" lon="126.949064"/><trkpt lat="37.575556" lon="126.949022"/></trkseg>
<trkseg><trkpt lat="37.575563" lon="126.944704"/><trkpt lat="37.575452" lon="126.945098"/></trkseg>
<trkseg><trkpt lat="37.575542" lon="126.944288"/><trkpt lat="37.575591" lon="126.944485"/><trkpt lat="37.575563" lon="126.944704"/></trkseg>
<trkseg><trkpt lat="37.575212" lon="126.949053"/><trkpt lat="37.575402" lon="126.949234"/><trkpt lat="37.57559" lon="126.949271"/><trkpt lat="37.575718" lon="126.949349"/></trkseg>
<trkseg><trkpt lat="37.575556" lon="126.949022"/><trkpt lat="37.575627" lon="126.948878"/><trkpt lat="37.575763" lon="126.94849"/></trkseg>
<trkseg><trkpt lat="37.575786" lon="126.942775"/><trkpt lat="37.575657" lon="126.942811"/><trkpt lat="37.57561" lon="126.943057"/><trkpt lat="37.575475" lon="126.943064"/><trkpt lat="37.575329" lon="126.943015"/><trkpt lat="37.575225" lon="126.942953"/><trkpt lat="37.575173" lon="126.943033"/><trkpt lat="37.575077" lon="126.943238"/><trkpt lat="37.574758" lon="126.943523"/><trkpt lat="37.574729" lon="126.943589"/></trkseg>
<trkseg><trkpt lat="37.575718" lon="126.949349"/><trkpt lat="37.575631" lon="126.9491"/><trkpt lat="37.575556" lon="126.949022"/></trkseg>
<trkseg><trkpt lat="37.574972" lon="126.949288"/><trkpt lat="37.575286" lon="126.949451"/><trkpt lat="37.575485" lon="126.949725"/><trkpt lat="37.575669" lon="126.949947"/><trkpt lat="37.575875" lon="126.95"/><trkpt lat="37.575951" lon="126.950034"/></trkseg>
<trkseg><trkpt lat="37.574547" lon="126.950433"/><trkpt lat="37.57478" lon="126.95022"/><trkpt lat="37.575072" lon="126.950017"/><trkpt lat="37.575217" lon="126.950079"/><trkpt lat="37.575308" lon="126.95022"/><trkpt lat="37.575448" lon="126.950318"/><trkpt lat="37.575565" lon="126.950344"/><trkpt lat="37.575585" lon="126.950267"/><trkpt lat="37.575657" lon="126.95018"/><trkpt lat="37.575747" lon="126.950184"/><trkpt lat="37.575922" lon="126.950086"/><trkpt lat="37.575951" lon="126.950034"/></trkseg>
<trkseg><trkpt lat="37.575965" lon="126.947827"/><trkpt lat="37.575813" lon="126.947814"/><trkpt lat="37.575654" lon="126.94778"/><trkpt lat="37.575533" lon="126.947772"/><trkpt lat="37.57543" lon="126.947888"/><trkpt lat="37.575336" lon="126.948049"/><trkpt lat="37.575187" lon="126.948111"/></trkseg>
<trkseg><trkpt lat="37.575983" lon="126.94771"/><trkpt lat="37.575965" lon="126.947827"/></trkseg>
<trkseg><trkpt lat="37.575718" lon="126.949349"/><trkpt lat="37.575755" lon="126.949538"/><trkpt lat="37.575909" lon="126.949648"/><trkpt lat="37.57599" lon="126.949816"/><trkpt lat="37.57606" lon="126.949846"/></trkseg>
<trkseg><trkpt lat="37.575563" lon="126.944704"/><trkpt lat="37.575802" lon="126.944994"/><trkpt lat="37.575858" lon="126.945227"/><trkpt lat="37.575999" lon="126.945382"/><trkpt lat="37.576092" lon="126.945567"/></trkseg>
<trkseg><trkpt lat="37.575452" lon="126.945098"/><trkpt lat="37.575384" lon="126.945525"/><trkpt lat="37.575448" lon="126.945659"/><trkpt lat="37.575579" lon="126.945677"/><trkpt lat="37.575719" lon="126.945757"/><trkpt lat="37.575887" lon="126.945741"/><trkpt lat="37.576009" lon="126.945672"/><trkpt lat="37.576092" lon="126.945567"/></trkseg>
<trkseg><trkpt lat="37.576148" lon="126.947389"/><trkpt lat="37.575976" lon="126.947381"/><trkpt lat="37.575803" lon="126.947317"/><trkpt lat="37.57565" lon="126.947333"/><trkpt lat="37.575507" lon="126.947346"/><trkpt lat="37.575329" lon="126.94733"/><trkpt lat="37.575159" lon="126.947267"/><trkpt lat="37.575055" lon="126.947186"/><trkpt lat="37.57493" lon="126.947276"/><trkpt lat="37.574844" lon="126.947303"/><trkpt lat="37.574753" lon="126.947357"/><trkpt lat="37.574756" lon="126.947404"/></trkseg>
<trkseg><trkpt lat="37.575983" lon="126.94771"/><trkpt lat="37.576148" lon="126.947389"/></trkseg>
<trkseg><trkpt lat="37.576148" lon="126.947389"/><trkpt lat="37.576163" lon="126.947373"/></trkseg>
<trkseg><trkpt lat="37.575965" lon="126.947827"/><trkpt lat="37.576033" lon="126.947804"/><trkpt lat="37.576153" lon="126.947833"/><trkpt lat="37.576048" lon="126.948014"/><trkpt lat="37.575918" lon="126.948129"/><trkpt lat="37.575857" lon="126.948233"/><trkpt lat="37.575809" lon="126.948388"/><trkpt lat="37.575763" lon="126.94849"/></trkseg>
<trkseg><trkpt lat="37.576178" lon="126.947521"/><trkpt lat="37.576163" lon="126.947373"/></trkseg>
<trkseg><trkpt lat="37.576178" lon="126.947521"/><trkpt lat="37.576026" lon="126.94767"/><trkpt lat="37.575983" lon="126.94771"/></trkseg>
<trkseg><trkpt lat="37.575763" lon="126.94849"/><trkpt lat="37.575831" lon="126.948683"/><trkpt lat="37.575956" lon="126.948696"/><trkpt lat="37.576117" lon="126.948718"/><trkpt lat="37.576179" lon="126.948648"/></trkseg>
<trkseg><trkpt lat="37.575428" lon="126.940951"/><trkpt lat="37.57568" lon="126.940914"/><trkpt lat="37.575811" lon="126.940906"/><trkpt lat="37.576019" lon="126.941027"/><trkpt lat="37.576241" lon="126.941075"/></trkseg>
<trkseg><trkpt lat="37.576179" lon="126.948648"/><trkpt lat="37.576255" lon="126.948822"/><trkpt lat="37.576255" lon="126.948823"/></trkseg>
<trkseg><trkpt lat="37.576255" lon="126.948823"/><trkpt lat="37.576303" lon="126.949488"/><trkpt lat="37.57606" lon="126.949846"/></trkseg>
<trkseg><trkpt lat="37.576362" lon="126.942572"/><trkpt lat="37.576056" lon="126.942639"/><trkpt lat="37.575786" lon="126.942775"/></trkseg>
<trkseg><trkpt lat="37.575786" lon="126.942775"/><trkpt lat="37.576067" lon="126.942206"/><trkpt lat="37.576366" lon="126.94144"/></trkseg>
<trkseg><trkpt lat="37.575951" lon="126.950034"/><trkpt lat="37.576085" lon="126.950171"/><trkpt lat="37.576218" lon="126.950293"/><trkpt lat="37.576268" lon="126.950428"/><trkpt lat="37.576299" lon="126.950601"/><trkpt lat="37.576412" lon="126.950769"/><trkpt lat="37.576554" lon="126.951085"/><trkpt lat="37.57675" lon="126.951295"/><trkpt lat="37.576915" lon="126.951389"/><trkpt lat="37.577093" lon="126.951598"/></trkseg>
<trkseg><trkpt lat="37.576179" lon="126.948648"/><trkpt lat="37.576474" lon="126.948407"/><trkpt lat="37.57666" lon="126.94836"/></trkseg>
<trkseg><trkpt lat="37.576666" lon="126.940494"/><trkpt lat="37.576391" lon="126.940749"/><trkpt lat="37.576241" lon="126.941075"/></trkseg>
<trkseg><trkpt lat="37.576366" lon="126.94144"/><trkpt lat="37.576666" lon="126.940494"/></trkseg>
<trkseg><trkpt lat="37.576092" lon="126.945567"/><trkpt lat="37.576252" lon="126.945839"/><trkpt lat="37.576379" lon="126.945975"/><trkpt lat="37.576525" lon="126.946133"/><trkpt lat="37.576722" lon="126.946335"/></trkseg>
<trkseg><trkpt lat="37.576163" lon="126.947373"/><trkpt lat="37.576671" lon="126.946893"/><trkpt lat="37.57673" lon="126.946798"/></trkseg>
<trkseg><trkpt lat="37.576722" lon="126.946335"/><trkpt lat="37.57673" lon="126.946798"/></trkseg>
<trkseg><trkpt lat="37.57679" lon="126.94043"/><trkpt lat="37.576739" lon="126.940338"/><trkpt lat="37.576641" lon="126.940285"/><trkpt lat="37.576372" lon="126.940174"/><trkpt lat="37.576185" lon="126.940247"/><trkpt lat="37.575991" lon="126.940247"/><trkpt lat="37.575846" lon="126.94028"/><trkpt lat="37.57559" lon="126.940494"/><trkpt lat="37.575426" lon="126.940789"/><trkpt lat="37.575428" lon="126.940951"/></trkseg>
<trkseg><trkpt lat="37.576666" lon="126.940494"/><trkpt lat="37.57679" lon="126.94043"/></trkseg>
<trkseg><trkpt lat="37.57673" lon="126.946798"/><trkpt lat="37.576812" lon="126.946901"/></trkseg>
<trkseg><trkpt lat="37.576722" lon="126.946335"/><trkpt lat="37.576827" lon="126.946562"/></trkseg>
<trkseg><trkpt lat="37.576812" lon="126.946901"/><trkpt lat="37.576827" lon="126.946562"/></trkseg>
<trkseg><trkpt lat="37.576812" lon="126.946901"/><trkpt lat="37.576804" lon="126.947049"/><trkpt lat="37.576737" lon="126.947182"/><trkpt lat="37.576589" lon="126.947226"/><trkpt lat="37.57633" lon="126.947374"/><trkpt lat="37.576178" lon="126.947521"/></trkseg>
<trkseg><trkpt lat="37.575542" lon="126.944288"/><trkpt lat="37.57568" lon="126.944359"/><trkpt lat="37.575797" lon="126.944464"/><trkpt lat="37.575961" lon="126.944587"/><trkpt lat="37.576183" lon="126.944647"/><trkpt lat="37.57618" lon="126.944833"/><trkpt lat="37.576366" lon="126.944692"/><trkpt lat="37.576499" lon="126.944688"/><trkpt lat="37.576575" lon="126.944767"/><trkpt lat="37.576724" lon="126.944627"/><trkpt lat="37.576856" lon="126.944671"/><trkpt lat="37.576937" lon="126.944619"/></trkseg>
<trkseg><trkpt lat="37.576989" lon="126.942337"/><trkpt lat="37.576872" lon="126.942427"/><trkpt lat="37.576673" lon="126.942482"/><trkpt lat="37.576362" lon="126.942572"/></trkseg>
<trkseg><trkpt lat="37.576255" lon="126.948823"/><trkpt lat="37.576481" lon="126.948852"/><trkpt lat="37.576597" lon="126.94896"/><trkpt lat="37.576673" lon="126.949091"/><trkpt lat="37.576687" lon="126.949247"/><trkpt lat="37.576802" lon="126.949328"/><trkpt lat="37.576869" lon="126.949228"/><trkpt lat="37.576973" lon="126.94919"/><trkpt lat="37.576999" lon="126.949228"/></trkseg>
<trkseg><trkpt lat="37.57679" lon="126.94043"/><trkpt lat="37.576882" lon="126.940351"/><trkpt lat="37.577005" lon="126.940382"/><trkpt lat="37.577101" lon="126.940319"/><trkpt lat="37.577131" lon="126.940203"/><trkpt lat="37.577155" lon="126.940196"/></trkseg>
<trkseg><trkpt lat="37.576999" lon="126.949228"/><trkpt lat="37.577009" lon="126.949434"/><trkpt lat="37.57706" lon="126.949589"/><trkpt lat="37.577124" lon="126.949753"/><trkpt lat="37.577146" lon="126.949873"/><trkpt lat="37.577318" lon="126.949987"/></trkseg>
<trkseg><trkpt lat="37.577093" lon="126.951598"/><trkpt lat="37.577018" lon="126.951152"/><trkpt lat="37.576869" lon="126.950681"/><trkpt lat="37.57689" lon="126.950455"/><trkpt lat="37.577025" lon="126.950363"/><trkpt lat="37.577234" lon="126.950303"/><trkpt lat="37.577307" lon="126.950101"/><trkpt lat="37.577318" lon="126.949987"/></trkseg>
<trkseg><trkpt lat="37.57732" lon="126.952035"/><trkpt lat="37.577211" lon="126.951864"/><trkpt lat="37.57712" lon="126.951666"/><trkpt lat="37.577093" lon="126.951598"/></trkseg>
<trkseg><trkpt lat="37.577155" lon="126.940196"/><trkpt lat="37.577168" lon="126.939945"/><trkpt lat="37.577275" lon="126.939799"/><trkpt lat="37.577315" lon="126.939817"/></trkseg>
<trkseg><trkpt lat="37.577318" lon="126.949987"/><trkpt lat="37.577377" lon="126.949849"/></trkseg>
<trkseg><trkpt lat="37.577434" lon="126.939598"/><trkpt lat="37.576922" lon="126.939627"/><trkpt lat="37.576772" lon="126.93973"/><trkpt lat="37.576603" lon="126.939838"/><trkpt lat="37.576379" lon="126.939909"/><trkpt lat="37.576102" lon="126.93997"/><trkpt lat="37.575976" lon="126.939997"/><trkpt lat="37.575827" lon="126.940109"/><trkpt lat="37.575587" lon="126.940172"/><trkpt lat="37.57545" lon="126.94023"/><trkpt lat="37.575365" lon="126.94029"/></trkseg>
<trkseg><trkpt lat="37.577315" lon="126.939817"/><trkpt lat="37.577434" lon="126.939598"/></trkseg>
<trkseg><trkpt lat="37.577155" lon="126.940196"/><trkpt lat="37.577226" lon="126.940323"/><trkpt lat="37.577334" lon="126.940293"/><trkpt lat="37.577405" lon="126.940331"/><trkpt lat="37.577495" lon="126.940409"/><trkpt lat="37.577504" lon="126.940394"/></trkseg>
<trkseg><trkpt lat="37.577504" lon="126.940394"/><trkpt lat="37.577466" lon="126.940071"/><trkpt lat="37.577359" lon="126.939975"/><trkpt lat="37.577315" lon="126.939817"/></trkseg>
<trkseg><trkpt lat="37.577648" lon="126.942915"/><trkpt lat="37.577535" lon="126.942752"/><trkpt lat="37.577182" lon="126.942609"/><trkpt lat="37.577023" lon="126.942584"/><trkpt lat="37.576989" lon="126.942337"/></trkseg>
<trkseg><trkpt lat="37.577648" lon="126.942915"/><trkpt lat="37.577083" lon="126.94302"/><trkpt lat="37.576905" lon="126.943031"/><trkpt lat="37.57676" lon="126.943063"/><trkpt lat="37.576641" lon="126.942924"/><trkpt lat="37.576538" lon="126.94288"/><trkpt lat="37.576439" lon="126.94257"/><trkpt lat="37.576362" lon="126.942572"/></trkseg>
<trkseg><trkpt lat="37.577663" lon="126.939412"/><trkpt lat="37.577434" lon="126.939598"/></trkseg>
<trkseg><trkpt lat="37.577663" lon="126.939412"/><trkpt lat="37.577581" lon="126.939328"/><trkpt lat="37.577127" lon="126.939077"/><trkpt lat="37.576458" lon="126.937916"/></trkseg>
<trkseg><trkpt lat="37.577703" lon="126.940535"/><trkpt lat="37.57758" lon="126.940545"/><trkpt lat="37.577501" lon="126.940462"/><trkpt lat="37.577504" lon="126.940394"/></trkseg>
<trkseg><trkpt lat="37.577377" lon="126.949849"/><trkpt lat="37.577556" lon="126.949995"/><trkpt lat="37.577709" lon="126.950109"/></trkseg>
<trkseg><trkpt lat="37.577806" lon="126.949843"/><trkpt lat="37.577661" lon="126.949901"/><trkpt lat="37.57742" lon="126.949819"/><trkpt lat="37.577377" lon="126.949849"/></trkseg>
<trkseg><trkpt lat="37.577709" lon="126.950109"/><trkpt lat="37.577838" lon="126.949935"/><trkpt lat="37.577806" lon="126.949843"/></trkseg>
<trkseg><trkpt lat="37.57666" lon="126.94836"/><trkpt lat="37.576774" lon="126.948687"/><trkpt lat="37.576908" lon="126.948704"/><trkpt lat="37.577093" lon="126.948708"/><trkpt lat="37.577276" lon="126.948728"/><trkpt lat="37.577506" lon="126.948712"/><trkpt lat="37.57758" lon="126.948647"/><trkpt lat="37.577643" lon="126.948556"/><trkpt lat="37.577812" lon="126.948564"/><trkpt lat="37.577907" lon="126.948599"/><trkpt lat="37.577944" lon="126.948656"/></trkseg>
<trkseg><trkpt lat="37.577944" lon="126.948656"/><trkpt lat="37.577592" lon="126.94877"/><trkpt lat="37.577536" lon="126.948938"/><trkpt lat="37.577483" lon="126.949101"/><trkpt lat="37.577233" lon="126.949145"/><trkpt lat="37.576999" lon="126.949228"/></trkseg>
<trkseg><trkpt lat="37.57666" lon="126.94836"/><trkpt lat="37.576725" lon="126.948501"/><trkpt lat="37.576891" lon="126.948482"/><trkpt lat="37.577066" lon="126.948477"/><trkpt lat="37.577165" lon="126.948327"/><trkpt lat="37.577368" lon="126.94825"/><trkpt lat="37.577731" lon="126.948128"/><trkpt lat="37.577829" lon="126.948286"/><trkpt lat="37.577934" lon="126.948389"/><trkpt lat="37.578032" lon="126.948527"/></trkseg>
<trkseg><trkpt lat="37.57732" lon="126.952035"/><trkpt lat="37.577558" lon="126.951675"/><trkpt lat="37.577625" lon="126.951675"/><trkpt lat="37.577716" lon="126.951713"/><trkpt lat="37.577795" lon="126.951778"/><trkpt lat="37.577885" lon="126.951788"/><trkpt lat="37.577935" lon="126.951704"/><trkpt lat="37.578054" lon="126.951729"/></trkseg>
<trkseg><trkpt lat="37.578032" lon="126.948527"/><trkpt lat="37.578124" lon="126.948597"/><trkpt lat="37.57797" lon="126.948654"/><trkpt lat="37.577944" lon="126.948656"/></trkseg>
<trkseg><trkpt lat="37.578148" lon="126.953039"/><trkpt lat="37.578029" lon="126.952801"/><trkpt lat="37.577983" lon="126.952589"/><trkpt lat="37.577768" lon="126.952452"/><trkpt lat="37.577505" lon="126.952342"/><trkpt lat="37.577412" lon="126.952155"/><trkpt lat="37.57732" lon="126.952035"/></trkseg>
<trkseg><trkpt lat="37.577894" lon="126.953368"/><trkpt lat="37.578014" lon="126.953324"/><trkpt lat="37.578143" lon="126.95309"/><trkpt lat="37.578148" lon="126.953039"/></trkseg>
<trkseg><trkpt lat="37.578342" lon="126.948"/><trkpt lat="37.578184" lon="126.947995"/><trkpt lat="37.578078" lon="126.947972"/><trkpt lat="37.578005" lon="126.948133"/><trkpt lat="37.578005" lon="126.948255"/><trkpt lat="37.578032" lon="126.948527"/></trkseg>
<trkseg><trkpt lat="37.57847" lon="126.941797"/><trkpt lat="37.578377" lon="126.941815"/><trkpt lat="37.577989" lon="126.941903"/><trkpt lat="37.577843" lon="126.94193"/><trkpt lat="37.577556" lon="126.942016"/><trkpt lat="37.577157" lon="126.942159"/><trkpt lat="37.576989" lon="126.942337"/></trkseg>
<trkseg><trkpt lat="37.57853" lon="126.941236"/><trkpt lat="37.578363" lon="126.940923"/><trkpt lat="37.578266" lon="126.940615"/></trkseg>
<trkseg><trkpt lat="37.577703" lon="126.940535"/><trkpt lat="37.577871" lon="126.940657"/><trkpt lat="37.578022" lon="126.940758"/><trkpt lat="37.578215" lon="126.94093"/><trkpt lat="37.578381" lon="126.941093"/><trkpt lat="37.578458" lon="126.941188"/><trkpt lat="37.57853" lon="126.941236"/></trkseg>
<trkseg><trkpt lat="37.578541" lon="126.947317"/><trkpt lat="37.57835" lon="126.947453"/><trkpt lat="37.578275" lon="126.947501"/><trkpt lat="37.578343" lon="126.947765"/><trkpt lat="37.578342" lon="126.948"/></trkseg>
<trkseg><trkpt lat="37.578753" lon="126.952107"/><trkpt lat="37.578707" lon="126.95222"/><trkpt lat="37.578594" lon="126.952233"/><trkpt lat="37.578488" lon="126.95235"/><trkpt lat="37.578398" lon="126.952447"/><trkpt lat="37.578346" lon="126.95261"/><trkpt lat="37.578393" lon="126.952822"/><trkpt lat="37.578389" lon="126.952953"/><trkpt lat="37.57821" lon="126.953026"/><trkpt lat="37.578148" lon="126.953039"/></trkseg>
<trkseg><trkpt lat="37.57853" lon="126.941236"/><trkpt lat="37.578666" lon="126.941294"/><trkpt lat="37.57876" lon="126.94139"/></trkseg>
<trkseg><trkpt lat="37.57876" lon="126.94139"/><trkpt lat="37.57847" lon="126.941797"/></trkseg>
<trkseg><trkpt lat="37.578266" lon="126.940615"/><trkpt lat="37.577944" lon="126.940547"/><trkpt lat="37.577703" lon="126.940535"/></trkseg>
<trkseg><trkpt lat="37.578766" lon="126.94091"/><trkpt lat="37.578612" lon="126.94108"/><trkpt lat="37.57853" lon="126.941236"/></trkseg>
<trkseg><trkpt lat="37.578782" lon="126.941407"/><trkpt lat="37.57876" lon="126.94139"/></trkseg>
<trkseg><trkpt lat="37.578766" lon="126.94091"/><trkpt lat="37.578804" lon="126.940752"/><trkpt lat="37.578764" lon="126.940639"/></trkseg>
<trkseg><trkpt lat="37.576827" lon="126.946562"/><trkpt lat="37.577227" lon="126.9463"/><trkpt lat="37.577425" lon="126.946257"/><trkpt lat="37.577479" lon="126.946317"/><trkpt lat="37.577521" lon="126.946273"/><trkpt lat="37.577564" lon="126.946374"/><trkpt lat="37.577615" lon="126.946364"/><trkpt lat="37.577705" lon="126.946383"/><trkpt lat="37.57781" lon="126.94629"/><trkpt lat="37.577848" lon="126.946146"/><trkpt lat="37.577991" lon="126.946017"/><trkpt lat="37.578027" lon="126.945666"/><trkpt lat="37.578103" lon="126.945394"/><trkpt lat="37.57824" lon="126.945245"/><trkpt lat="37.578495" lon="126.945059"/><trkpt lat="37.578813" lon="126.94485"/></trkseg>
<trkseg><trkpt lat="37.578827" lon="126.941973"/><trkpt lat="37.578756" lon="126.941487"/><trkpt lat="37.578782" lon="126.941407"/></trkseg>
<trkseg><trkpt lat="37.578827" lon="126.941973"/><trkpt lat="37.57847" lon="126.941797"/></trkseg>
<trkseg><trkpt lat="37.578873" lon="126.94484"/><trkpt lat="37.578813" lon="126.94485"/></trkseg>
<trkseg><trkpt lat="37.578837" lon="126.950592"/><trkpt lat="37.578774" lon="126.950389"/><trkpt lat="37.578393" lon="126.950288"/><trkpt lat="37.578055" lon="126.950351"/><trkpt lat="37.577709" lon="126.950109"/></trkseg>
<trkseg><trkpt lat="37.578782" lon="126.941407"/><trkpt lat="37.578785" lon="126.941227"/><trkpt lat="37.578864" lon="126.941197"/><trkpt lat="37.578863" lon="126.941077"/><trkpt lat="37.578766" lon="126.94091"/></trkseg>
<trkseg><trkpt lat="37.578928" lon="126.939821"/><trkpt lat="37.578619" lon="126.939723"/><trkpt lat="37.577677" lon="126.939437"/><trkpt lat="37.577663" lon="126.939412"/></trkseg>
<trkseg><trkpt lat="37.579011" lon="126.94419"/><trkpt lat="37.578845" lon="126.943624"/><trkpt lat="37.578761" lon="126.943479"/><trkpt lat="37.578437" lon="126.9433"/><trkpt lat="37.578351" lon="126.943335"/><trkpt lat="37.578076" lon="126.943267"/><trkpt lat="37.578035" lon="126.943151"/><trkpt lat="37.577904" lon="126.943051"/><trkpt lat="37.577697" lon="126.942985"/><trkpt lat="37.577648" lon="126.942915"/></trkseg>
<trkseg><trkpt lat="37.578813" lon="126.94485"/><trkpt lat="37.578825" lon="126.944411"/><trkpt lat="37.579011" lon="126.94419"/></trkseg>
<trkseg><trkpt lat="37.579147" lon="126.939531"/><trkpt lat="37.579055" lon="126.939599"/><trkpt lat="37.578928" lon="126.939821"/></trkseg>
<trkseg><trkpt lat="37.579176" lon="126.945422"/><trkpt lat="37.578675" lon="126.94568"/><trkpt lat="37.57872" lon="126.945808"/><trkpt lat="37.578832" lon="126.946308"/><trkpt lat="37.57887" lon="126.94654"/><trkpt lat="37.578638" lon="126.946705"/><trkpt lat="37.578387" lon="126.947034"/><trkpt lat="37.578541" lon="126.947317"/></trkseg>
<trkseg><trkpt lat="37.579204" lon="126.939896"/><trkpt lat="37.578928" lon="126.939821"/></trkseg>
<trkseg><trkpt lat="37.579147" lon="126.939531"/><trkpt lat="37.579204" lon="126.939727"/><trkpt lat="37.579204" lon="126.939896"/></trkseg>
<trkseg><trkpt lat="37.577663" lon="126.939412"/><trkpt lat="37.578746" lon="126.939131"/><trkpt lat="37.579372" lon="126.938403"/><trkpt lat="37.579399" lon="126.938381"/></trkseg>
<trkseg><trkpt lat="37.579421" lon="126.947863"/><trkpt lat="37.579191" lon="126.947763"/><trkpt lat="37.578834" lon="126.94754"/><trkpt lat="37.578593" lon="126.947366"/><trkpt lat="37.578541" lon="126.947317"/></trkseg>
<trkseg><trkpt lat="37.579421" lon="126.947863"/><trkpt lat="37.579431" lon="126.947831"/></trkseg>
<trkseg><trkpt lat="37.579437" lon="126.944567"/><trkpt lat="37.578873" lon="126.94484"/></trkseg>
<trkseg><trkpt lat="37.578873" lon="126.94484"/><trkpt lat="37.579024" lon="126.944958"/><trkpt lat="37.579212" lon="126.945036"/><trkpt lat="37.579372" lon="126.945182"/><trkpt lat="37.579443" lon="126.945223"/></trkseg>
<trkseg><trkpt lat="37.579443" lon="126.945223"/><trkpt lat="37.579292" lon="126.945305"/><trkpt lat="37.579176" lon="126.945422"/></trkseg>
<trkseg><trkpt lat="37.579443" lon="126.945223"/><trkpt lat="37.579441" lon="126.944899"/><trkpt lat="37.579427" lon="126.944653"/><trkpt lat="37.579437" lon="126.944567"/></trkseg>
<trkseg><trkpt lat="37.579431" lon="126.947831"/><trkpt lat="37.579455" lon="126.947681"/><trkpt lat="37.57939" lon="126.947592"/><trkpt lat="37.579315" lon="126.947427"/><trkpt lat="37.579279" lon="126.947232"/><trkpt lat="37.579302" lon="126.947118"/><trkpt lat="37.579181" lon="126.947031"/><trkpt lat="37.579263" lon="126.946604"/></trkseg>
<trkseg><trkpt lat="37.579516" lon="126.949532"/><trkpt lat="37.579255" lon="126.949615"/><trkpt lat="37.579117" lon="126.949746"/><trkpt lat="37.578912" lon="126.949665"/><trkpt lat="37.578741" lon="126.94968"/><trkpt lat="37.57861" lon="126.949626"/><trkpt lat="37.578347" lon="126.949605"/><trkpt lat="37.578086" lon="126.9497"/><trkpt lat="37.577908" lon="126.949801"/><trkpt lat="37.577806" lon="126.949843"/></trkseg>
<trkseg><trkpt lat="37.578342" lon="126.948"/><trkpt lat="37.578534" lon="126.948123"/><trkpt lat="37.578689" lon="126.948268"/><trkpt lat="37.578807" lon="126.94844"/><trkpt lat="37.578873" lon="126.948584"/><trkpt lat="37.578892" lon="126.948742"/><trkpt lat="37.579016" lon="126.948979"/><trkpt lat="37.579171" lon="126.949373"/><trkpt lat="37.579297" lon="126.949306"/><trkpt lat="37.579501" lon="126.949455"/><trkpt lat="37.579516" lon="126.949532"/></trkseg>
<trkseg><trkpt lat="37.579533" lon="126.949872"/><trkpt lat="37.579451" lon="126.950006"/><trkpt lat="37.57936" lon="126.950032"/><trkpt lat="37.579425" lon="126.950176"/><trkpt lat="37.579424" lon="126.950283"/><trkpt lat="37.579447" lon="126.950567"/></trkseg>
<trkseg><trkpt lat="37.579516" lon="126.949532"/><trkpt lat="37.57958" lon="126.949486"/></trkseg>
<trkseg><trkpt lat="37.57958" lon="126.949486"/><trkpt lat="37.579369" lon="126.949105"/><trkpt lat="37.579347" lon="126.948776"/><trkpt lat="37.579394" lon="126.948663"/><trkpt lat="37.579317" lon="126.94849"/><trkpt lat="37.579382" lon="126.948125"/><trkpt lat="37.579441" lon="126.947948"/><trkpt lat="37.579421" lon="126.947863"/></trkseg>
<trkseg><trkpt lat="37.579399" lon="126.938381"/><trkpt lat="37.579567" lon="126.938472"/><trkpt lat="37.57959" lon="126.938623"/></trkseg>
<trkseg><trkpt lat="37.57959" lon="126.938623"/><trkpt lat="37.579603" lon="126.938673"/></trkseg>
<trkseg><trkpt lat="37.579603" lon="126.938673"/><trkpt lat="37.579463" lon="126.938831"/><trkpt lat="37.579305" lon="126.939017"/><trkpt lat="37.579268" lon="126.939343"/><trkpt lat="37.579161" lon="126.939439"/><trkpt lat="37.579147" lon="126.939531"/></trkseg>
<trkseg><trkpt lat="37.579609" lon="126.945583"/><trkpt lat="37.579383" lon="126.945482"/><trkpt lat="37.579293" lon="126.94547"/><trkpt lat="37.579183" lon="126.945459"/><trkpt lat="37.579176" lon="126.945422"/></trkseg>
<trkseg><trkpt lat="37.579443" lon="126.945223"/><trkpt lat="37.579617" lon="126.945468"/><trkpt lat="37.579609" lon="126.945583"/></trkseg>
<trkseg><trkpt lat="37.579636" lon="126.943278"/><trkpt lat="37.579439" lon="126.942795"/><trkpt lat="37.579076" lon="126.942335"/><trkpt lat="37.578895" lon="126.942064"/><trkpt lat="37.578827" lon="126.941973"/></trkseg>
<trkseg><trkpt lat="37.579636" lon="126.943278"/><trkpt lat="37.579647" lon="126.943341"/></trkseg>
<trkseg><trkpt lat="37.57958" lon="126.949486"/><trkpt lat="37.579654" lon="126.949636"/><trkpt lat="37.579572" lon="126.949768"/><trkpt lat="37.579533" lon="126.949872"/></trkseg>
<trkseg><trkpt lat="37.579399" lon="126.938381"/><trkpt lat="37.57936" lon="126.938225"/><trkpt lat="37.579274" lon="126.937916"/><trkpt lat="37.579274" lon="126.937436"/><trkpt lat="37.579464" lon="126.936965"/><trkpt lat="37.579604" lon="126.936687"/><trkpt lat="37.579661" lon="126.936314"/></trkseg>
<trkseg><trkpt lat="37.579676" lon="126.944139"/><trkpt lat="37.579203" lon="126.944136"/><trkpt lat="37.579011" lon="126.94419"/></trkseg>
<trkseg><trkpt lat="37.579676" lon="126.944139"/><trkpt lat="37.579524" lon="126.944377"/><trkpt lat="37.579437" lon="126.944567"/></trkseg>
<trkseg><trkpt lat="37.580013" lon="126.942069"/><trkpt lat="37.579937" lon="126.942365"/><trkpt lat="37.57972" lon="126.94264"/><trkpt lat="37.579702" lon="126.942956"/><trkpt lat="37.579636" lon="126.943278"/></trkseg>
<trkseg><trkpt lat="37.579647" lon="126.943341"/><trkpt lat="37.579679" lon="126.943601"/></trkseg>
<trkseg><trkpt lat="37.579679" lon="126.943601"/><trkpt lat="37.579706" lon="126.943757"/></trkseg>
<trkseg><trkpt lat="37.579732" lon="126.944109"/><trkpt lat="37.579676" lon="126.944139"/></trkseg>
<trkseg><trkpt lat="37.579732" lon="126.944764"/><trkpt lat="37.57976" lon="126.945001"/><trkpt lat="37.579719" lon="126.945273"/></trkseg>
<trkseg><trkpt lat="37.579762" lon="126.9445"/><trkpt lat="37.579703" lon="126.94468"/><trkpt lat="37.579732" lon="126.944764"/></trkseg>
<trkseg><trkpt lat="37.579706" lon="126.943757"/><trkpt lat="37.579777" lon="126.943845"/></trkseg>
<trkseg><trkpt lat="37.579777" lon="126.943845"/><trkpt lat="37.579732" lon="126.944109"/></trkseg>
<trkseg><trkpt lat="37.579732" lon="126.944109"/><trkpt lat="37.579777" lon="126.944186"/><trkpt lat="37.579745" lon="126.9443"/><trkpt lat="37.579789" lon="126.944446"/><trkpt lat="37.579762" lon="126.9445"/></trkseg>
<trkseg><trkpt lat="37.579805" lon="126.943694"/><trkpt lat="37.579706" lon="126.943757"/></trkseg>
<trkseg><trkpt lat="37.579806" lon="126.943502"/><trkpt lat="37.579679" lon="126.943601"/></trkseg>
<trkseg><trkpt lat="37.579609" lon="126.945583"/><trkpt lat="37.57969" lon="126.945694"/><trkpt lat="37.579811" lon="126.945713"/></trkseg>
<trkseg><trkpt lat="37.579805" lon="126.943694"/><trkpt lat="37.579777" lon="126.943845"/></trkseg>
<trkseg><trkpt lat="37.579431" lon="126.947831"/><trkpt lat="37.579526" lon="126.947924"/><trkpt lat="37.579609" lon="126.947991"/><trkpt lat="37.579685" lon="126.948068"/><trkpt lat="37.579729" lon="126.948124"/><trkpt lat="37.579825" lon="126.948278"/></trkseg>
<trkseg><trkpt lat="37.579806" lon="126.943502"/><trkpt lat="37.579818" lon="126.943608"/><trkpt lat="37.579805" lon="126.943694"/></trkseg>
<trkseg><trkpt lat="37.579719" lon="126.945273"/><trkpt lat="37.579839" lon="126.945591"/><trkpt lat="37.579811" lon="126.945713"/></trkseg>
<trkseg><trkpt lat="37.579263" lon="126.946604"/><trkpt lat="37.579331" lon="126.946517"/><trkpt lat="37.579509" lon="126.946523"/><trkpt lat="37.579468" lon="126.946355"/><trkpt lat="37.579868" lon="126.946134"/></trkseg>
<trkseg><trkpt lat="37.579811" lon="126.945713"/><trkpt lat="37.579868" lon="126.945767"/></trkseg>
<trkseg><trkpt lat="37.579868" lon="126.946134"/><trkpt lat="37.579863" lon="126.945852"/><trkpt lat="37.579868" lon="126.945767"/></trkseg>
<trkseg><trkpt lat="37.578764" lon="126.940639"/><trkpt lat="37.578962" lon="126.94071"/><trkpt lat="37.579239" lon="126.941028"/><trkpt lat="37.579373" lon="126.941091"/><trkpt lat="37.579671" lon="126.941318"/><trkpt lat="37.579943" lon="126.941207"/><trkpt lat="37.580183" lon="126.941163"/><trkpt lat="37.580373" lon="126.94104"/></trkseg>
<trkseg><trkpt lat="37.579732" lon="126.944764"/><trkpt lat="37.579881" lon="126.944847"/><trkpt lat="37.57997" lon="126.94495"/></trkseg>
<trkseg><trkpt lat="37.579719" lon="126.945273"/><trkpt lat="37.579921" lon="126.945022"/><trkpt lat="37.57997" lon="126.94495"/></trkseg>
<trkseg><trkpt lat="37.578782" lon="126.941407"/><trkpt lat="37.579379" lon="126.941562"/><trkpt lat="37.579672" lon="126.941742"/><trkpt lat="37.579919" lon="126.941968"/><trkpt lat="37.580013" lon="126.942069"/></trkseg>
<trkseg><trkpt lat="37.579762" lon="126.9445"/><trkpt lat="37.579836" lon="126.944664"/><trkpt lat="37.57993" lon="126.944744"/><trkpt lat="37.579998" lon="126.944793"/><trkpt lat="37.580038" lon="126.944825"/></trkseg>
<trkseg><trkpt lat="37.580044" lon="126.944941"/><trkpt lat="37.580038" lon="126.944825"/></trkseg>
<trkseg><trkpt lat="37.57997" lon="126.94495"/><trkpt lat="37.580044" lon="126.944941"/></trkseg>
<trkseg><trkpt lat="37.57998" lon="126.945337"/><trkpt lat="37.580044" lon="126.944941"/></trkseg>
<trkseg><trkpt lat="37.580045" lon="126.943347"/><trkpt lat="37.579959" lon="126.943246"/><trkpt lat="37.579647" lon="126.943341"/></trkseg>
<trkseg><trkpt lat="37.580045" lon="126.943347"/><trkpt lat="37.579922" lon="126.943429"/><trkpt lat="37.579806" lon="126.943502"/></trkseg>
<trkseg><trkpt lat="37.579868" lon="126.945767"/><trkpt lat="37.58001" lon="126.945807"/><trkpt lat="37.580175" lon="126.945911"/></trkseg>
<trkseg><trkpt lat="37.580175" lon="126.945911"/><trkpt lat="37.580197" lon="126.946002"/></trkseg>
<trkseg><trkpt lat="37.580197" lon="126.946002"/><trkpt lat="37.580117" lon="126.946114"/><trkpt lat="37.579868" lon="126.946134"/></trkseg>
<trkseg><trkpt lat="37.580226" lon="126.945752"/><trkpt lat="37.580015" lon="126.94556"/><trkpt lat="37.579984" lon="126.945425"/><trkpt lat="37.57998" lon="126.945337"/></trkseg>
<trkseg><trkpt lat="37.580226" lon="126.945752"/><trkpt lat="37.580175" lon="126.945911"/></trkseg>
<trkseg><trkpt lat="37.579533" lon="126.949872"/><trkpt lat="37.57987" lon="126.949861"/><trkpt lat="37.580036" lon="126.950101"/><trkpt lat="37.580192" lon="126.950362"/><trkpt lat="37.580205" lon="126.950592"/><trkpt lat="37.580094" lon="126.950647"/><trkpt lat="37.58002" lon="126.950797"/><trkpt lat="37.579935" lon="126.951016"/></trkseg>
<trkseg><trkpt lat="37.579603" lon="126.938673"/><trkpt lat="37.579746" lon="126.938974"/><trkpt lat="37.579885" lon="126.939143"/><trkpt lat="37.580106" lon="126.939447"/><trkpt lat="37.580254" lon="126.939492"/><trkpt lat="37.580278" lon="126.939465"/></trkseg>
<trkseg><trkpt lat="37.580332" lon="126.940843"/><trkpt lat="37.580019" lon="126.94075"/><trkpt lat="37.579685" lon="126.940367"/><trkpt lat="37.579204" lon="126.939896"/></trkseg>
<trkseg><trkpt lat="37.580226" lon="126.945752"/><trkpt lat="37.580337" lon="126.946086"/></trkseg>
<trkseg><trkpt lat="37.580197" lon="126.946002"/><trkpt lat="37.580274" lon="126.946077"/><trkpt lat="37.580337" lon="126.946086"/></trkseg>
<trkseg><trkpt lat="37.58127" lon="126.940675"/><trkpt lat="37.580367" lon="126.940832"/><trkpt lat="37.580332" lon="126.940843"/></trkseg>
<trkseg><trkpt lat="37.580373" lon="126.94104"/><trkpt lat="37.58027" lon="126.941705"/><trkpt lat="37.580167" lon="126.942048"/><trkpt lat="37.580013" lon="126.942069"/></trkseg>
<trkseg><trkpt lat="37.580332" lon="126.940843"/><trkpt lat="37.580374" lon="126.941033"/><trkpt lat="37.580373" lon="126.94104"/></trkseg>
<trkseg><trkpt lat="37.580404" lon="126.947598"/><trkpt lat="37.580334" lon="126.947472"/><trkpt lat="37.580195" lon="126.947295"/><trkpt lat="37.580108" lon="126.947123"/><trkpt lat="37.579995" lon="126.947124"/><trkpt lat="37.579867" lon="126.947071"/><trkpt lat="37.579803" lon="126.946962"/><trkpt lat="37.579551" lon="126.946835"/><trkpt lat="37.579263" lon="126.946604"/></trkseg>
<trkseg><trkpt lat="37.580457" lon="126.948019"/><trkpt lat="37.580128" lon="126.947858"/><trkpt lat="37.579856" lon="126.947582"/><trkpt lat="37.579694" lon="126.947431"/><trkpt lat="37.579531" lon="126.947327"/><trkpt lat="37.579411" lon="126.947205"/><trkpt lat="37.579319" lon="126.946922"/><trkpt lat="37.579263" lon="126.946604"/></trkseg>
<trkseg><trkpt lat="37.580013" lon="126.942069"/><trkpt lat="37.580194" lon="126.942322"/><trkpt lat="37.580434" lon="126.942271"/><trkpt lat="37.580611" lon="126.942237"/></trkseg>
<trkseg><trkpt lat="37.580505" lon="126.948075"/><trkpt lat="37.580412" lon="126.947702"/><trkpt lat="37.580404" lon="126.947598"/></trkseg>
<trkseg><trkpt lat="37.580501" lon="126.938544"/><trkpt lat="37.58039" lon="126.9389"/><trkpt lat="37.580301" lon="126.939274"/><trkpt lat="37.580278" lon="126.939465"/></trkseg>
<trkseg><trkpt lat="37.580582" lon="126.937985"/><trkpt lat="37.580465" lon="126.938089"/><trkpt lat="37.580239" lon="126.93817"/><trkpt lat="37.579938" lon="126.9384"/><trkpt lat="37.579839" lon="126.938575"/><trkpt lat="37.579811" lon="126.938701"/><trkpt lat="37.579655" lon="126.938679"/><trkpt lat="37.57959" lon="126.938623"/></trkseg>
<trkseg><trkpt lat="37.580582" lon="126.937985"/><trkpt lat="37.580547" lon="126.938259"/><trkpt lat="37.580507" lon="126.938393"/><trkpt lat="37.580501" lon="126.938544"/></trkseg>
<trkseg><trkpt lat="37.580611" lon="126.942237"/><trkpt lat="37.580517" lon="126.94247"/><trkpt lat="37.580533" lon="126.942571"/><trkpt lat="37.580557" lon="126.942711"/><trkpt lat="37.580473" lon="126.942956"/><trkpt lat="37.580434" lon="126.943102"/><trkpt lat="37.580309" lon="126.943154"/><trkpt lat="37.580069" lon="126.943334"/><trkpt lat="37.580045" lon="126.943347"/></trkseg>
<trkseg><trkpt lat="37.580501" lon="126.938544"/><trkpt lat="37.580555" lon="126.9388"/><trkpt lat="37.580621" lon="126.939119"/><trkpt lat="37.580694" lon="126.939287"/><trkpt lat="37.580701" lon="126.939431"/></trkseg>
<trkseg><trkpt lat="37.580278" lon="126.939465"/><trkpt lat="37.580701" lon="126.939431"/></trkseg>
<trkseg><trkpt lat="37.580507" lon="126.937256"/><trkpt lat="37.580625" lon="126.937426"/><trkpt lat="37.580662" lon="126.937557"/><trkpt lat="37.580692" lon="126.937709"/><trkpt lat="37.5807" lon="126.937771"/><trkpt lat="37.580628" lon="126.937859"/><trkpt lat="37.580582" lon="126.937985"/></trkseg>
<trkseg><trkpt lat="37.580038" lon="126.944825"/><trkpt lat="37.580395" lon="126.944685"/><trkpt lat="37.580574" lon="126.944708"/><trkpt lat="37.580719" lon="126.944717"/><trkpt lat="37.580727" lon="126.944717"/></trkseg>
<trkseg><trkpt lat="37.580727" lon="126.944717"/><trkpt lat="37.580732" lon="126.944997"/></trkseg>
<trkseg><trkpt lat="37.57998" lon="126.945337"/><trkpt lat="37.580198" lon="126.945162"/><trkpt lat="37.580494" lon="126.945114"/><trkpt lat="37.580672" lon="126.945036"/><trkpt lat="37.580732" lon="126.944997"/></trkseg>
<trkseg><trkpt lat="37.580732" lon="126.944997"/><trkpt lat="37.580827" lon="126.945164"/><trkpt lat="37.580951" lon="126.945336"/></trkseg>
<trkseg><trkpt lat="37.580727" lon="126.944717"/><trkpt lat="37.580939" lon="126.944717"/><trkpt lat="37.580955" lon="126.944719"/></trkseg>
<trkseg><trkpt lat="37.580732" lon="126.944997"/><trkpt lat="37.58082" lon="126.944942"/><trkpt lat="37.580863" lon="126.944901"/><trkpt lat="37.580955" lon="126.944719"/></trkseg>
<trkseg><trkpt lat="37.580955" lon="126.944719"/><trkpt lat="37.581115" lon="126.944499"/><trkpt lat="37.581265" lon="126.944448"/></trkseg>
<trkseg><trkpt lat="37.580701" lon="126.939431"/><trkpt lat="37.580809" lon="126.939384"/><trkpt lat="37.580881" lon="126.939189"/><trkpt lat="37.580955" lon="126.93887"/><trkpt lat="37.581112" lon="126.938769"/><trkpt lat="37.581286" lon="126.938745"/></trkseg>
<trkseg><trkpt lat="37.581286" lon="126.938745"/><trkpt lat="37.581347" lon="126.938765"/></trkseg>
<trkseg><trkpt lat="37.581398" lon="126.938886"/><trkpt lat="37.581347" lon="126.938765"/></trkseg>
<trkseg><trkpt lat="37.581265" lon="126.944448"/><trkpt lat="37.581403" lon="126.944417"/></trkseg>
<trkseg><trkpt lat="37.581403" lon="126.944417"/><trkpt lat="37.581296" lon="126.944193"/></trkseg>
<trkseg><trkpt lat="37.580337" lon="126.946086"/><trkpt lat="37.580438" lon="126.946096"/><trkpt lat="37.58056" lon="126.946134"/><trkpt lat="37.58067" lon="126.94618"/><trkpt lat="37.580725" lon="126.946232"/><trkpt lat="37.580802" lon="126.94616"/><trkpt lat="37.581058" lon="126.946222"/><trkpt lat="37.58125" lon="126.946419"/><trkpt lat="37.581467" lon="126.946606"/></trkseg>
<trkseg><trkpt lat="37.581467" lon="126.946606"/><trkpt lat="37.581191" lon="126.946861"/><trkpt lat="37.581107" lon="126.947021"/><trkpt lat="37.581087" lon="126.947157"/><trkpt lat="37.581025" lon="126.947319"/><trkpt lat="37.580864" lon="126.947547"/><trkpt lat="37.580404" lon="126.947598"/></trkseg>
<trkseg><trkpt lat="37.580701" lon="126.939431"/><trkpt lat="37.580859" lon="126.939723"/><trkpt lat="37.581088" lon="126.939902"/><trkpt lat="37.581243" lon="126.939988"/><trkpt lat="37.58132" lon="126.940025"/><trkpt lat="37.581466" lon="126.939995"/><trkpt lat="37.581517" lon="126.939911"/></trkseg>
<trkseg><trkpt lat="37.581398" lon="126.938886"/><trkpt lat="37.58126" lon="126.939176"/><trkpt lat="37.581375" lon="126.939516"/><trkpt lat="37.581495" lon="126.939651"/><trkpt lat="37.581517" lon="126.939911"/></trkseg>
<trkseg><trkpt lat="37.581517" lon="126.939911"/><trkpt lat="37.581559" lon="126.940052"/><trkpt lat="37.581572" lon="126.940181"/><trkpt lat="37.58148" lon="126.940359"/><trkpt lat="37.581389" lon="126.940476"/><trkpt lat="37.58127" lon="126.940675"/></trkseg>
<trkseg><trkpt lat="37.581594" lon="126.943835"/><trkpt lat="37.58144" lon="126.943795"/><trkpt lat="37.581375" lon="126.943635"/><trkpt lat="37.581244" lon="126.943645"/><trkpt lat="37.58123" lon="126.943903"/><trkpt lat="37.581296" lon="126.944193"/></trkseg>
<trkseg><trkpt lat="37.581296" lon="126.944193"/><trkpt lat="37.581377" lon="126.944124"/><trkpt lat="37.581534" lon="126.944095"/><trkpt lat="37.581554" lon="126.94392"/><trkpt lat="37.581594" lon="126.943835"/></trkseg>
<trkseg><trkpt lat="37.581286" lon="126.938745"/><trkpt lat="37.581205" lon="126.938452"/><trkpt lat="37.581278" lon="126.938155"/><trkpt lat="37.58141" lon="126.938147"/><trkpt lat="37.581433" lon="126.938064"/><trkpt lat="37.581592" lon="126.937885"/></trkseg>
<trkseg><trkpt lat="37.580955" lon="126.944719"/><trkpt lat="37.581085" lon="126.94481"/><trkpt lat="37.581156" lon="126.944878"/><trkpt lat="37.581211" lon="126.944958"/><trkpt lat="37.581261" lon="126.944994"/><trkpt lat="37.581401" lon="126.944925"/><trkpt lat="37.581597" lon="126.944965"/><trkpt lat="37.581675" lon="126.944942"/></trkseg>
<trkseg><trkpt lat="37.581517" lon="126.939911"/><trkpt lat="37.58169" lon="126.939745"/><trkpt lat="37.581908" lon="126.939823"/></trkseg>
<trkseg><trkpt lat="37.581675" lon="126.944942"/><trkpt lat="37.58177" lon="126.944968"/><trkpt lat="37.581919" lon="126.945064"/></trkseg>
<trkseg><trkpt lat="37.581919" lon="126.945064"/><trkpt lat="37.581893" lon="126.944907"/><trkpt lat="37.58174" lon="126.944799"/><trkpt lat="37.581624" lon="126.944744"/><trkpt lat="37.581538" lon="126.944553"/><trkpt lat="37.581384" lon="126.944523"/><trkpt lat="37.581285" lon="126.944504"/><trkpt lat="37.581265" lon="126.944448"/></trkseg>
<trkseg><trkpt lat="37.581908" lon="126.939823"/><trkpt lat="37.581934" lon="126.939612"/><trkpt lat="37.581833" lon="126.939381"/><trkpt lat="37.58153" lon="126.939136"/><trkpt lat="37.581398" lon="126.938886"/></trkseg>
<trkseg><trkpt lat="37.581594" lon="126.943835"/><trkpt lat="37.581667" lon="126.943766"/><trkpt lat="37.581749" lon="126.943471"/><trkpt lat="37.581962" lon="126.943448"/><trkpt lat="37.582142" lon="126.943312"/></trkseg>
<trkseg><trkpt lat="37.581347" lon="126.938765"/><trkpt lat="37.581544" lon="126.938914"/><trkpt lat="37.581754" lon="126.939022"/><trkpt lat="37.582147" lon="126.939369"/><trkpt lat="37.582086" lon="126.9397"/><trkpt lat="37.581908" lon="126.939823"/></trkseg>
<trkseg><trkpt lat="37.582227" lon="126.945692"/><trkpt lat="37.582034" lon="126.945521"/><trkpt lat="37.581833" lon="126.945401"/><trkpt lat="37.581743" lon="126.945214"/><trkpt lat="37.581663" lon="126.945016"/><trkpt lat="37.581675" lon="126.944942"/></trkseg>
<trkseg><trkpt lat="37.581467" lon="126.946606"/><trkpt lat="37.581608" lon="126.94654"/><trkpt lat="37.581656" lon="126.946417"/><trkpt lat="37.581918" lon="126.946039"/><trkpt lat="37.582109" lon="126.945757"/><trkpt lat="37.582227" lon="126.945692"/></trkseg>
<trkseg><trkpt lat="37.582227" lon="126.945692"/><trkpt lat="37.582227" lon="126.945692"/></trkseg>
<trkseg><trkpt lat="37.580611" lon="126.942237"/><trkpt lat="37.5808" lon="126.942204"/><trkpt lat="37.581084" lon="126.942103"/><trkpt lat="37.58125" lon="126.942094"/><trkpt lat="37.581418" lon="126.942193"/><trkpt lat="37.581748" lon="126.942229"/><trkpt lat="37.582131" lon="126.942053"/><trkpt lat="37.582244" lon="126.941981"/></trkseg>
<trkseg><trkpt lat="37.581846" lon="126.942841"/><trkpt lat="37.581878" lon="126.942746"/><trkpt lat="37.582176" lon="126.942721"/><trkpt lat="37.582246" lon="126.942683"/></trkseg>
<trkseg><trkpt lat="37.582241" lon="126.939411"/><trkpt lat="37.582351" lon="126.939624"/><trkpt lat="37.582336" lon="126.939734"/><trkpt lat="37.582263" lon="126.939917"/><trkpt lat="37.582258" lon="126.939989"/><trkpt lat="37.582189" lon="126.939979"/><trkpt lat="37.581908" lon="126.939823"/></trkseg>
<trkseg><trkpt lat="37.582244" lon="126.941981"/><trkpt lat="37.58231" lon="126.942051"/><trkpt lat="37.582249" lon="126.942262"/><trkpt lat="37.582279" lon="126.942396"/><trkpt lat="37.582389" lon="126.942457"/><trkpt lat="37.582276" lon="126.942628"/><trkpt lat="37.582246" lon="126.942683"/></trkseg>
<trkseg><trkpt lat="37.582462" lon="126.941732"/><trkpt lat="37.582229" lon="126.941674"/><trkpt lat="37.582121" lon="126.941662"/><trkpt lat="37.582029" lon="126.94163"/><trkpt lat="37.581879" lon="126.941678"/><trkpt lat="37.581686" lon="126.941678"/><trkpt lat="37.58125" lon="126.941786"/><trkpt lat="37.5809" lon="126.941871"/><trkpt lat="37.580683" lon="126.942054"/><trkpt lat="37.580634" lon="126.942193"/><trkpt lat="37.580611" lon="126.942237"/></trkseg>
<trkseg><trkpt lat="37.582244" lon="126.941981"/><trkpt lat="37.582431" lon="126.941804"/><trkpt lat="37.582462" lon="126.941732"/></trkseg>
<trkseg><trkpt lat="37.582462" lon="126.941732"/><trkpt lat="37.582456" lon="126.941494"/><trkpt lat="37.582378" lon="126.941267"/><trkpt lat="37.582148" lon="126.941189"/><trkpt lat="37.581366" lon="126.940705"/><trkpt lat="37.58127" lon="126.940675"/></trkseg>
<trkseg><trkpt lat="37.582605" lon="126.942167"/><trkpt lat="37.582589" lon="126.94204"/><trkpt lat="37.582539" lon="126.941853"/><trkpt lat="37.582462" lon="126.941732"/></trkseg>
<trkseg><trkpt lat="37.582246" lon="126.942683"/><trkpt lat="37.582382" lon="126.942665"/><trkpt lat="37.58253" lon="126.942628"/><trkpt lat="37.582637" lon="126.942454"/><trkpt lat="37.582605" lon="126.942167"/></trkseg>
<trkseg><trkpt lat="37.582722" lon="126.946358"/><trkpt lat="37.582461" lon="126.946235"/><trkpt lat="37.582465" lon="126.945897"/><trkpt lat="37.582227" lon="126.945692"/></trkseg>
<trkseg><trkpt lat="37.581403" lon="126.944417"/><trkpt lat="37.581647" lon="126.944471"/><trkpt lat="37.581825" lon="126.944515"/><trkpt lat="37.581994" lon="126.944588"/><trkpt lat="37.582467" lon="126.945129"/><trkpt lat="37.582617" lon="126.94526"/><trkpt lat="37.582739" lon="126.945367"/><trkpt lat="37.582811" lon="126.9454"/></trkseg>
<trkseg><trkpt lat="37.581919" lon="126.945064"/><trkpt lat="37.582046" lon="126.945165"/><trkpt lat="37.58224" lon="126.945211"/><trkpt lat="37.582492" lon="126.945422"/><trkpt lat="37.582732" lon="126.945429"/><trkpt lat="37.582811" lon="126.9454"/></trkseg>
<trkseg><trkpt lat="37.582901" lon="126.942463"/><trkpt lat="37.582684" lon="126.942134"/><trkpt lat="37.582605" lon="126.942167"/></trkseg>
<trkseg><trkpt lat="37.582811" lon="126.9454"/><trkpt lat="37.583025" lon="126.945399"/><trkpt lat="37.583066" lon="126.945392"/></trkseg>
<trkseg><trkpt lat="37.583066" lon="126.945392"/><trkpt lat="37.5829" lon="126.945535"/><trkpt lat="37.582358" lon="126.945666"/><trkpt lat="37.582227" lon="126.945692"/></trkseg>
<trkseg><trkpt lat="37.583066" lon="126.945392"/><trkpt lat="37.583215" lon="126.945348"/><trkpt lat="37.583331" lon="126.945441"/><trkpt lat="37.583526" lon="126.945534"/><trkpt lat="37.583675" lon="126.945472"/><trkpt lat="37.583791" lon="126.945397"/><trkpt lat="37.583914" lon="126.945351"/><trkpt lat="37.584131" lon="126.945259"/><trkpt lat="37.584229" lon="126.945441"/></trkseg>
<trkseg><trkpt lat="37.56817" lon="126.956078"/><trkpt lat="37.568217" lon="126.955968"/><trkpt lat="37.56822" lon="126.955785"/><trkpt lat="37.568241" lon="126.955669"/><trkpt lat="37.568239" lon="126.95549"/><trkpt lat="37.568261" lon="126.955422"/></trkseg>
<trkseg><trkpt lat="37.568635" lon="126.954353"/><trkpt lat="37.568762" lon="126.954412"/></trkseg>
<trkseg><trkpt lat="37.57072" lon="126.951149"/><trkpt lat="37.570948" lon="126.951011"/></trkseg>
<trkseg><trkpt lat="37.57606" lon="126.949846"/><trkpt lat="37.575951" lon="126.950034"/></trkseg>
<trkseg><trkpt lat="37.574152" lon="126.94702"/><trkpt lat="37.574193" lon="126.947044"/></trkseg>
<trkseg><trkpt lat="37.572362" lon="126.942767"/><trkpt lat="37.572447" lon="126.94288"/></trkseg>
<trkseg><trkpt lat="37.576241" lon="126.941075"/><trkpt lat="37.576366" lon="126.94144"/></trkseg>
<trkseg><trkpt lat="37.578764" lon="126.940639"/><trkpt lat="37.578344" lon="126.940591"/><trkpt lat="37.578266" lon="126.940615"/></trkseg>
</trk>
</gpx>
