<?xml version="1.0" encoding="UTF-8"?>
<gpx version="1.1" creator="letnaturechoose" xmlns="http://www.topografix.com/GPX/1/1">
<metadata><name>구덕산 등산로</name></metadata>
<trk><name>구덕산</name>
<trkseg><trkpt lat="35.118483" lon="128.999803"/><trkpt lat="35.118285" lon="129"/><trkpt lat="35.118059" lon="129.000305"/><trkpt lat="35.117613" lon="129.0007"/><trkpt lat="35.117262" lon="129.000835"/><trkpt lat="35.116898" lon="129.000885"/><trkpt lat="35.116534" lon="129.001113"/><trkpt lat="35.116103" lon="129.001222"/><trkpt lat="35.115724" lon="129.001317"/><trkpt lat="35.115344" lon="129.001333"/><trkpt lat="35.114949" lon="129.00121"/><trkpt lat="35.11451" lon="129.001161"/><trkpt lat="35.114265" lon="129.001417"/><trkpt lat="35.114138" lon="129.001998"/><trkpt lat="35.114056" lon="129.002364"/><trkpt lat="35.113955" lon="129.002989"/><trkpt lat="35.113718" lon="129.003315"/><trkpt lat="35.113444" lon="129.003658"/><trkpt lat="35.113182" lon="129.003891"/><trkpt lat="35.112866" lon="129.00381"/><trkpt lat="35.112519" lon="129.003691"/><trkpt lat="35.112173" lon="129.003535"/><trkpt lat="35.111811" lon="129.003471"/><trkpt lat="35.111387" lon="129.003257"/></trkseg>
<trkseg><trkpt lat="35.120902" lon="129.007937"/><trkpt lat="35.12086" lon="129.007689"/><trkpt lat="35.120847" lon="129.007629"/><trkpt lat="35.120833" lon="129.00759"/><trkpt lat="35.120796" lon="129.007546"/><trkpt lat="35.120756" lon="129.007495"/><trkpt lat="35.120728" lon="129.007475"/><trkpt lat="35.120693" lon="129.007471"/><trkpt lat="35.120644" lon="129.007473"/><trkpt lat="35.120614" lon="129.007468"/><trkpt lat="35.120601" lon="129.007444"/><trkpt lat="35.120602" lon="129.007404"/><trkpt lat="35.120611" lon="129.007341"/><trkpt lat="35.120648" lon="129.007117"/><trkpt lat="35.120656" lon="129.007052"/><trkpt lat="35.120658" lon="129.006989"/><trkpt lat="35.120657" lon="129.006829"/><trkpt lat="35.120654" lon="129.006781"/><trkpt lat="35.120645" lon="129.006735"/><trkpt lat="35.120625" lon="129.006659"/><trkpt lat="35.120616" lon="129.006613"/><trkpt lat="35.120615" lon="129.006568"/><trkpt lat="35.12062" lon="129.006507"/><trkpt lat="35.12063" lon="129.006399"/><trkpt lat="35.120629" lon="129.006354"/><trkpt lat="35.120621" lon="129.006308"/><trkpt lat="35.120604" lon="129.006232"/><trkpt lat="35.120601" lon="129.006186"/><trkpt lat="35.120605" lon="129.00614"/><trkpt lat="35.120627" lon="129.005984"/><trkpt lat="35.120631" lon="129.005937"/><trkpt lat="35.12063" lon="129.005874"/><trkpt lat="35.120624" lon="129.005779"/><trkpt lat="35.120619" lon="129.005734"/><trkpt lat="35.120608" lon="129.005695"/><trkpt lat="35.120587" lon="129.005658"/><trkpt lat="35.120579" lon="129.005624"/><trkpt lat="35.120581" lon="129.005582"/><trkpt lat="35.120589" lon="129.005506"/><trkpt lat="35.12059" lon="129.005461"/><trkpt lat="35.120582" lon="129.005419"/><trkpt lat="35.120565" lon="129.005352"/><trkpt lat="35.120559" lon="129.005302"/><trkpt lat="35.120551" lon="129.005271"/><trkpt lat="35.120532" lon="129.005234"/><trkpt lat="35.120521" lon="129.005194"/><trkpt lat="35.120516" lon="129.00515"/><trkpt lat="35.120519" lon="129.005104"/><trkpt lat="35.120532" lon="129.005042"/><trkpt lat="35.120553" lon="129.004968"/><trkpt lat="35.120567" lon="129.00493"/><trkpt lat="35.120579" lon="129.004892"/><trkpt lat="35.120572" lon="129.004832"/><trkpt lat="35.120569" lon="129.004789"/><trkpt lat="35.120572" lon="129.004743"/><trkpt lat="35.120585" lon="129.004603"/><trkpt lat="35.120586" lon="129.004558"/><trkpt lat="35.120577" lon="129.004517"/><trkpt lat="35.120558" lon="129.004482"/><trkpt lat="35.120531" lon="129.004437"/><trkpt lat="35.120519" lon="129.004398"/><trkpt lat="35.120519" lon="129.004355"/><trkpt lat="35.120525" lon="129.004309"/><trkpt lat="35.120535" lon="129.004265"/><trkpt lat="35.120549" lon="129.004227"/><trkpt lat="35.120565" lon="129.004185"/><trkpt lat="35.120566" lon="129.004142"/><trkpt lat="35.120558" lon="129.004096"/><trkpt lat="35.120539" lon="129.004018"/><trkpt lat="35.120473" lon="129.003751"/><trkpt lat="35.120466" lon="129.003707"/><trkpt lat="35.12047" lon="129.003673"/><trkpt lat="35.120488" lon="129.003656"/><trkpt lat="35.120516" lon="129.003634"/><trkpt lat="35.120525" lon="129.0036"/><trkpt lat="35.120525" lon="129.003557"/><trkpt lat="35.120516" lon="129.003514"/><trkpt lat="35.120489" lon="129.003448"/><trkpt lat="35.120476" lon="129.00341"/><trkpt lat="35.120476" lon="129.003374"/><trkpt lat="35.120491" lon="129.00334"/><trkpt lat="35.120518" lon="129.003294"/><trkpt lat="35.120535" lon="129.003258"/><trkpt lat="35.120546" lon="129.0032"/><trkpt lat="35.120558" lon="129.00316"/><trkpt lat="35.120593" lon="129.003102"/><trkpt lat="35.120609" lon="129.003066"/><trkpt lat="35.12061" lon="129.003026"/><trkpt lat="35.1206" lon="129.002985"/><trkpt lat="35.120579" lon="129.002949"/><trkpt lat="35.120549" lon="129.002917"/><trkpt lat="35.120484" lon="129.002859"/><trkpt lat="35.120439" lon="129.002824"/><trkpt lat="35.120405" lon="129.002803"/><trkpt lat="35.120369" lon="129.002795"/><trkpt lat="35.120306" lon="129.002797"/><trkpt lat="35.12027" lon="129.002792"/><trkpt lat="35.120212" lon="129.002777"/><trkpt lat="35.12018" lon="129.002775"/><trkpt lat="35.120152" lon="129.002792"/><trkpt lat="35.120129" lon="129.002825"/><trkpt lat="35.120079" lon="129.002919"/><trkpt lat="35.120055" lon="129.002956"/><trkpt lat="35.120028" lon="129.002984"/><trkpt lat="35.12" lon="129.002998"/><trkpt lat="35.119982" lon="129.002989"/><trkpt lat="35.119977" lon="129.002955"/><trkpt lat="35.119971" lon="129.002882"/><trkpt lat="35.11996" lon="129.002848"/><trkpt lat="35.119943" lon="129.002823"/><trkpt lat="35.11992" lon="129.002799"/><trkpt lat="35.11992" lon="129.002773"/><trkpt lat="35.119929" lon="129.002725"/><trkpt lat="35.119921" lon="129.002693"/><trkpt lat="35.119909" lon="129.002632"/><trkpt lat="35.119897" lon="129.0026"/><trkpt lat="35.119872" lon="129.002572"/><trkpt lat="35.119862" lon="129.002541"/><trkpt lat="35.119864" lon="129.002503"/><trkpt lat="35.119878" lon="129.002466"/><trkpt lat="35.1199" lon="129.002433"/><trkpt lat="35.119926" lon="129.002407"/><trkpt lat="35.119951" lon="129.002385"/><trkpt lat="35.119968" lon="129.00235"/><trkpt lat="35.119992" lon="129.002265"/><trkpt lat="35.120009" lon="129.002228"/><trkpt lat="35.120033" lon="129.002202"/><trkpt lat="35.120061" lon="129.002189"/><trkpt lat="35.120086" lon="129.002173"/><trkpt lat="35.120104" lon="129.002141"/><trkpt lat="35.120117" lon="129.002103"/><trkpt lat="35.120124" lon="129.002063"/><trkpt lat="35.120117" lon="129.002025"/><trkpt lat="35.120095" lon="129.001992"/><trkpt lat="35.120036" lon="129.00193"/><trkpt lat="35.120013" lon="129.001897"/><trkpt lat="35.120005" lon="129.001859"/><trkpt lat="35.120002" lon="129.001817"/><trkpt lat="35.119993" lon="129.001774"/><trkpt lat="35.119971" lon="129.001702"/><trkpt lat="35.119956" lon="129.001659"/><trkpt lat="35.119938" lon="129.00162"/><trkpt lat="35.119926" lon="129.00151"/><trkpt lat="35.119938" lon="129.00148"/><trkpt lat="35.119932" lon="129.001442"/><trkpt lat="35.11991" lon="129.001373"/><trkpt lat="35.119899" lon="129.001333"/><trkpt lat="35.11989" lon="129.001287"/><trkpt lat="35.119868" lon="129.001265"/><trkpt lat="35.119815" lon="129.001236"/><trkpt lat="35.119786" lon="129.001212"/><trkpt lat="35.11976" lon="129.001176"/><trkpt lat="35.119723" lon="129.001108"/><trkpt lat="35.119692" lon="129.001055"/><trkpt lat="35.119663" lon="129.001024"/><trkpt lat="35.119631" lon="129.000998"/><trkpt lat="35.119597" lon="129.000977"/><trkpt lat="35.11956" lon="129.000966"/><trkpt lat="35.119522" lon="129.000966"/><trkpt lat="35.119452" lon="129.000975"/><trkpt lat="35.119381" lon="129.000941"/></trkseg>
<trkseg><trkpt lat="35.140017" lon="129.022992"/><trkpt lat="35.140013" lon="129.023032"/><trkpt lat="35.139998" lon="129.023072"/><trkpt lat="35.139972" lon="129.023108"/><trkpt lat="35.139796" lon="129.023313"/><trkpt lat="35.139747" lon="129.02337"/><trkpt lat="35.139721" lon="129.023406"/><trkpt lat="35.139702" lon="129.023446"/><trkpt lat="35.139692" lon="129.023491"/><trkpt lat="35.139684" lon="129.023554"/><trkpt lat="35.139658" lon="129.023793"/><trkpt lat="35.139651" lon="129.02384"/><trkpt lat="35.139638" lon="129.023885"/><trkpt lat="35.139616" lon="129.023941"/><trkpt lat="35.139578" lon="129.024024"/><trkpt lat="35.139555" lon="129.024062"/><trkpt lat="35.139528" lon="129.024096"/><trkpt lat="35.139477" lon="129.024149"/><trkpt lat="35.139279" lon="129.024343"/><trkpt lat="35.13925" lon="129.024376"/><trkpt lat="35.139227" lon="129.024414"/><trkpt lat="35.139207" lon="129.024456"/><trkpt lat="35.139131" lon="129.024645"/><trkpt lat="35.139105" lon="129.024702"/><trkpt lat="35.139083" lon="129.02474"/><trkpt lat="35.139054" lon="129.024771"/><trkpt lat="35.139022" lon="129.024797"/><trkpt lat="35.1389" lon="129.02489"/><trkpt lat="35.13887" lon="129.024918"/><trkpt lat="35.138845" lon="129.024952"/><trkpt lat="35.138827" lon="129.024993"/><trkpt lat="35.138807" lon="129.025051"/><trkpt lat="35.138747" lon="129.025245"/><trkpt lat="35.138731" lon="129.025288"/><trkpt lat="35.138711" lon="129.025328"/><trkpt lat="35.13868" lon="129.025379"/><trkpt lat="35.138602" lon="129.025503"/><trkpt lat="35.138585" lon="129.025542"/><trkpt lat="35.13858" lon="129.025584"/><trkpt lat="35.138585" lon="129.025629"/><trkpt lat="35.138607" lon="129.025736"/><trkpt lat="35.138623" lon="129.025795"/><trkpt lat="35.138641" lon="129.025836"/><trkpt lat="35.138665" lon="129.025874"/><trkpt lat="35.138872" lon="129.026132"/><trkpt lat="35.138918" lon="129.026191"/><trkpt lat="35.138942" lon="129.026229"/><trkpt lat="35.138958" lon="129.026271"/><trkpt lat="35.138968" lon="129.026318"/><trkpt lat="35.139047" lon="129.026847"/><trkpt lat="35.139057" lon="129.026927"/><trkpt lat="35.139059" lon="129.026975"/><trkpt lat="35.139055" lon="129.027132"/><trkpt lat="35.139048" lon="129.027241"/><trkpt lat="35.13904" lon="129.027305"/><trkpt lat="35.138975" lon="129.027657"/><trkpt lat="35.138958" lon="129.027735"/><trkpt lat="35.138944" lon="129.027778"/><trkpt lat="35.13892" lon="129.027811"/><trkpt lat="35.138887" lon="129.027836"/><trkpt lat="35.138816" lon="129.027879"/><trkpt lat="35.138672" lon="129.027964"/><trkpt lat="35.138638" lon="129.027987"/><trkpt lat="35.138608" lon="129.028016"/><trkpt lat="35.138586" lon="129.028051"/><trkpt lat="35.138568" lon="129.028089"/><trkpt lat="35.138556" lon="129.028131"/><trkpt lat="35.138552" lon="129.028179"/><trkpt lat="35.138552" lon="129.028376"/><trkpt lat="35.138551" lon="129.028721"/><trkpt lat="35.138553" lon="129.028787"/><trkpt lat="35.138559" lon="129.028834"/><trkpt lat="35.138572" lon="129.028879"/><trkpt lat="35.138603" lon="129.02895"/><trkpt lat="35.13866" lon="129.029078"/><trkpt lat="35.138677" lon="129.029122"/><trkpt lat="35.138687" lon="129.029168"/><trkpt lat="35.138695" lon="129.029233"/><trkpt lat="35.138726" lon="129.029607"/><trkpt lat="35.138734" lon="129.029672"/><trkpt lat="35.138742" lon="129.029719"/><trkpt lat="35.138805" lon="129.029984"/><trkpt lat="35.138819" lon="129.030047"/><trkpt lat="35.138824" lon="129.030093"/><trkpt lat="35.138817" lon="129.030136"/><trkpt lat="35.138797" lon="129.03017"/><trkpt lat="35.138765" lon="129.030189"/><trkpt lat="35.138728" lon="129.0302"/><trkpt lat="35.138688" lon="129.030206"/><trkpt lat="35.138649" lon="129.030204"/><trkpt lat="35.13861" lon="129.030193"/><trkpt lat="35.138444" lon="129.03013"/><trkpt lat="35.138216" lon="129.029967"/><trkpt lat="35.138177" lon="129.029959"/><trkpt lat="35.138139" lon="129.029958"/><trkpt lat="35.13806" lon="129.029966"/><trkpt lat="35.137994" lon="129.029977"/><trkpt lat="35.137957" lon="129.029989"/><trkpt lat="35.137926" lon="129.03001"/><trkpt lat="35.137898" lon="129.030038"/><trkpt lat="35.137873" lon="129.030071"/><trkpt lat="35.13785" lon="129.030108"/><trkpt lat="35.137816" lon="129.030178"/><trkpt lat="35.137634" lon="129.03062"/><trkpt lat="35.13755" lon="129.030807"/><trkpt lat="35.137534" lon="129.030851"/><trkpt lat="35.137525" lon="129.030894"/><trkpt lat="35.137526" lon="129.030937"/><trkpt lat="35.13754" lon="129.030987"/><trkpt lat="35.137571" lon="129.031059"/><trkpt lat="35.137587" lon="129.031095"/></trkseg>
<trkseg><trkpt lat="35.132764" lon="129.026397"/><trkpt lat="35.13298" lon="129.026763"/><trkpt lat="35.133014" lon="129.026813"/><trkpt lat="35.13307" lon="129.026882"/><trkpt lat="35.133415" lon="129.027288"/><trkpt lat="35.133464" lon="129.027341"/><trkpt lat="35.133496" lon="129.027369"/><trkpt lat="35.13354" lon="129.0274"/><trkpt lat="35.13364" lon="129.027468"/><trkpt lat="35.133671" lon="129.027495"/><trkpt lat="35.133698" lon="129.027529"/><trkpt lat="35.133741" lon="129.027593"/><trkpt lat="35.133913" lon="129.027864"/><trkpt lat="35.133944" lon="129.027917"/><trkpt lat="35.133962" lon="129.02796"/><trkpt lat="35.133974" lon="129.028006"/><trkpt lat="35.134029" lon="129.028308"/><trkpt lat="35.134163" lon="129.02904"/><trkpt lat="35.134176" lon="129.029103"/><trkpt lat="35.134189" lon="129.029149"/><trkpt lat="35.13427" lon="129.029387"/><trkpt lat="35.134298" lon="129.029477"/><trkpt lat="35.134309" lon="129.029523"/><trkpt lat="35.134317" lon="129.02957"/><trkpt lat="35.134361" lon="129.029939"/><trkpt lat="35.134364" lon="129.029987"/><trkpt lat="35.134361" lon="129.030033"/><trkpt lat="35.134351" lon="129.030077"/><trkpt lat="35.134326" lon="129.030165"/><trkpt lat="35.134318" lon="129.03021"/><trkpt lat="35.134316" lon="129.030258"/><trkpt lat="35.134323" lon="129.030614"/><trkpt lat="35.134328" lon="129.030808"/><trkpt lat="35.134326" lon="129.030872"/><trkpt lat="35.134317" lon="129.030919"/><trkpt lat="35.134299" lon="129.030979"/><trkpt lat="35.134109" lon="129.031535"/><trkpt lat="35.133981" lon="129.03191"/><trkpt lat="35.133964" lon="129.031953"/><trkpt lat="35.133941" lon="129.03199"/><trkpt lat="35.133911" lon="129.03202"/><trkpt lat="35.133757" lon="129.032144"/><trkpt lat="35.133702" lon="129.032189"/><trkpt lat="35.133672" lon="129.032218"/><trkpt lat="35.133646" lon="129.032254"/><trkpt lat="35.133623" lon="129.032294"/><trkpt lat="35.133432" lon="129.032691"/><trkpt lat="35.133329" lon="129.032903"/><trkpt lat="35.133306" lon="129.032942"/><trkpt lat="35.133278" lon="129.032974"/><trkpt lat="35.133245" lon="129.032998"/><trkpt lat="35.133188" lon="129.033035"/><trkpt lat="35.133158" lon="129.033062"/><trkpt lat="35.133138" lon="129.033097"/><trkpt lat="35.13311" lon="129.033164"/><trkpt lat="35.133089" lon="129.033202"/><trkpt lat="35.133064" lon="129.033237"/><trkpt lat="35.133019" lon="129.033291"/><trkpt lat="35.13299" lon="129.03332"/><trkpt lat="35.132958" lon="129.033343"/><trkpt lat="35.132889" lon="129.033377"/><trkpt lat="35.132858" lon="129.033398"/><trkpt lat="35.132831" lon="129.033431"/><trkpt lat="35.132799" lon="129.033481"/><trkpt lat="35.132772" lon="129.033514"/><trkpt lat="35.132739" lon="129.033538"/><trkpt lat="35.132683" lon="129.033571"/><trkpt lat="35.132607" lon="129.033611"/></trkseg>
<trkseg><trkpt lat="35.127809" lon="129.025592"/><trkpt lat="35.128096" lon="129.026376"/><trkpt lat="35.128116" lon="129.026436"/><trkpt lat="35.128131" lon="129.026498"/><trkpt lat="35.128197" lon="129.026829"/><trkpt lat="35.128211" lon="129.026891"/><trkpt lat="35.128224" lon="129.026936"/><trkpt lat="35.128243" lon="129.026973"/><trkpt lat="35.128279" lon="129.027028"/><trkpt lat="35.128292" lon="129.027066"/><trkpt lat="35.128295" lon="129.027112"/><trkpt lat="35.12829" lon="129.027192"/><trkpt lat="35.128259" lon="129.027536"/><trkpt lat="35.128256" lon="129.027601"/><trkpt lat="35.128259" lon="129.027666"/><trkpt lat="35.128274" lon="129.027846"/><trkpt lat="35.128276" lon="129.027894"/><trkpt lat="35.128272" lon="129.027937"/><trkpt lat="35.128256" lon="129.02797"/><trkpt lat="35.128227" lon="129.028008"/><trkpt lat="35.128213" lon="129.028048"/><trkpt lat="35.128199" lon="129.028139"/><trkpt lat="35.128189" lon="129.028181"/><trkpt lat="35.12817" lon="129.028214"/><trkpt lat="35.128138" lon="129.028235"/><trkpt lat="35.12808" lon="129.028265"/><trkpt lat="35.12805" lon="129.028292"/><trkpt lat="35.128028" lon="129.02833"/><trkpt lat="35.127997" lon="129.028402"/><trkpt lat="35.127972" lon="129.028453"/><trkpt lat="35.127932" lon="129.028537"/><trkpt lat="35.127945" lon="129.028625"/><trkpt lat="35.127946" lon="129.028671"/><trkpt lat="35.127937" lon="129.028748"/><trkpt lat="35.127935" lon="129.028793"/><trkpt lat="35.127942" lon="129.028838"/><trkpt lat="35.127955" lon="129.028882"/><trkpt lat="35.128039" lon="129.029117"/><trkpt lat="35.128062" lon="129.029174"/><trkpt lat="35.128115" lon="129.029282"/><trkpt lat="35.128144" lon="129.029333"/><trkpt lat="35.12817" lon="129.029367"/><trkpt lat="35.128201" lon="129.029396"/><trkpt lat="35.128312" lon="129.029485"/><trkpt lat="35.12834" lon="129.029514"/><trkpt lat="35.128357" lon="129.029549"/><trkpt lat="35.128358" lon="129.029592"/><trkpt lat="35.128353" lon="129.029639"/><trkpt lat="35.128342" lon="129.029689"/><trkpt lat="35.12832" lon="129.029746"/><trkpt lat="35.128295" lon="129.029784"/><trkpt lat="35.128282" lon="129.029799"/></trkseg>
<trkseg><trkpt lat="35.127747" lon="129.025756"/><trkpt lat="35.127735" lon="129.025769"/><trkpt lat="35.127713" lon="129.025803"/><trkpt lat="35.127694" lon="129.025858"/><trkpt lat="35.127681" lon="129.02594"/><trkpt lat="35.127662" lon="129.026115"/><trkpt lat="35.127654" lon="129.026161"/><trkpt lat="35.127643" lon="129.026205"/><trkpt lat="35.127619" lon="129.026255"/><trkpt lat="35.127606" lon="129.026289"/><trkpt lat="35.127611" lon="129.026321"/><trkpt lat="35.127582" lon="129.026453"/><trkpt lat="35.127549" lon="129.0265"/><trkpt lat="35.127502" lon="129.026574"/><trkpt lat="35.127484" lon="129.026613"/><trkpt lat="35.127468" lon="129.026675"/><trkpt lat="35.127454" lon="129.026716"/><trkpt lat="35.127426" lon="129.02677"/><trkpt lat="35.127298" lon="129.026982"/><trkpt lat="35.127252" lon="129.027062"/><trkpt lat="35.127232" lon="129.027104"/><trkpt lat="35.127219" lon="129.027149"/><trkpt lat="35.127203" lon="129.027229"/><trkpt lat="35.127176" lon="129.027373"/><trkpt lat="35.127163" lon="129.027418"/><trkpt lat="35.127143" lon="129.027458"/><trkpt lat="35.127107" lon="129.027506"/><trkpt lat="35.126825" lon="129.027836"/><trkpt lat="35.126789" lon="129.027882"/><trkpt lat="35.126771" lon="129.027925"/><trkpt lat="35.126772" lon="129.027983"/><trkpt lat="35.126785" lon="129.028042"/></trkseg>
<trkseg><trkpt lat="35.136764" lon="129.014713"/><trkpt lat="35.13674" lon="129.014657"/><trkpt lat="35.136712" lon="129.014603"/><trkpt lat="35.136681" lon="129.014572"/><trkpt lat="35.136648" lon="129.01456"/><trkpt lat="35.136612" lon="129.014557"/><trkpt lat="35.136578" lon="129.014567"/><trkpt lat="35.136544" lon="129.014591"/><trkpt lat="35.136501" lon="129.01463"/><trkpt lat="35.136279" lon="129.014845"/><trkpt lat="35.136235" lon="129.014882"/><trkpt lat="35.1362" lon="129.014905"/><trkpt lat="35.136152" lon="129.014929"/><trkpt lat="35.135892" lon="129.015046"/><trkpt lat="35.135855" lon="129.01506"/><trkpt lat="35.135819" lon="129.015064"/><trkpt lat="35.135784" lon="129.015053"/><trkpt lat="35.135749" lon="129.015033"/><trkpt lat="35.135541" lon="129.014894"/><trkpt lat="35.135484" lon="129.014854"/><trkpt lat="35.135454" lon="129.014826"/><trkpt lat="35.135429" lon="129.014791"/><trkpt lat="35.135392" lon="129.014725"/><trkpt lat="35.135254" lon="129.014299"/><trkpt lat="35.135257" lon="129.014259"/><trkpt lat="35.135272" lon="129.01422"/><trkpt lat="35.135293" lon="129.014183"/><trkpt lat="35.135317" lon="129.014153"/><trkpt lat="35.13535" lon="129.014139"/><trkpt lat="35.135387" lon="129.014139"/><trkpt lat="35.135478" lon="129.014138"/><trkpt lat="35.13565" lon="129.014164"/><trkpt lat="35.135702" lon="129.014168"/><trkpt lat="35.135741" lon="129.014163"/><trkpt lat="35.135779" lon="129.014152"/><trkpt lat="35.135841" lon="129.014129"/><trkpt lat="35.135877" lon="129.014111"/><trkpt lat="35.135909" lon="129.014085"/><trkpt lat="35.13596" lon="129.014035"/><trkpt lat="35.136029" lon="129.013962"/><trkpt lat="35.136056" lon="129.013928"/><trkpt lat="35.13608" lon="129.01389"/><trkpt lat="35.136113" lon="129.013792"/><trkpt lat="35.136138" lon="129.013755"/><trkpt lat="35.136184" lon="129.013698"/><trkpt lat="35.136259" lon="129.013609"/><trkpt lat="35.136285" lon="129.013574"/><trkpt lat="35.136307" lon="129.013534"/><trkpt lat="35.136371" lon="129.013396"/><trkpt lat="35.136398" lon="129.013341"/><trkpt lat="35.136422" lon="129.013304"/><trkpt lat="35.136461" lon="129.013261"/><trkpt lat="35.136541" lon="129.013179"/><trkpt lat="35.136566" lon="129.013145"/><trkpt lat="35.136582" lon="129.013104"/><trkpt lat="35.136591" lon="129.013058"/><trkpt lat="35.136608" lon="129.012896"/><trkpt lat="35.136615" lon="129.012816"/><trkpt lat="35.136614" lon="129.012769"/><trkpt lat="35.136602" lon="129.012727"/><trkpt lat="35.136569" lon="129.012663"/><trkpt lat="35.136549" lon="129.012622"/><trkpt lat="35.136533" lon="129.012577"/><trkpt lat="35.136455" lon="129.012315"/><trkpt lat="35.136396" lon="129.012114"/><trkpt lat="35.136385" lon="129.012067"/><trkpt lat="35.136378" lon="129.012019"/><trkpt lat="35.136376" lon="129.011955"/><trkpt lat="35.136374" lon="129.011632"/><trkpt lat="35.136371" lon="129.011277"/><trkpt lat="35.136374" lon="129.011229"/><trkpt lat="35.136382" lon="129.011183"/><trkpt lat="35.136399" lon="129.011125"/><trkpt lat="35.136426" lon="129.011037"/><trkpt lat="35.136434" lon="129.010993"/><trkpt lat="35.136437" lon="129.010917"/><trkpt lat="35.136442" lon="129.010872"/><trkpt lat="35.136456" lon="129.010829"/><trkpt lat="35.136509" lon="129.010701"/><trkpt lat="35.136532" lon="129.010644"/><trkpt lat="35.136543" lon="129.010601"/><trkpt lat="35.136541" lon="129.010559"/><trkpt lat="35.136529" lon="129.010517"/><trkpt lat="35.136512" lon="129.010478"/><trkpt lat="35.13649" lon="129.010447"/><trkpt lat="35.136461" lon="129.010434"/><trkpt lat="35.136426" lon="129.010438"/><trkpt lat="35.136364" lon="129.010454"/><trkpt lat="35.136327" lon="129.010468"/><trkpt lat="35.136291" lon="129.010485"/><trkpt lat="35.136257" lon="129.010509"/><trkpt lat="35.136203" lon="129.010553"/><trkpt lat="35.136171" lon="129.010581"/><trkpt lat="35.136143" lon="129.010612"/><trkpt lat="35.136119" lon="129.01065"/><trkpt lat="35.136079" lon="129.010735"/><trkpt lat="35.135916" lon="129.011093"/><trkpt lat="35.135888" lon="129.011148"/><trkpt lat="35.135855" lon="129.011196"/><trkpt lat="35.135749" lon="129.011334"/><trkpt lat="35.135724" lon="129.01137"/><trkpt lat="35.135703" lon="129.011409"/><trkpt lat="35.135685" lon="129.011451"/><trkpt lat="35.135593" lon="129.011716"/><trkpt lat="35.135561" lon="129.011803"/><trkpt lat="35.135542" lon="129.011844"/><trkpt lat="35.135518" lon="129.011881"/><trkpt lat="35.135386" lon="129.01204"/><trkpt lat="35.135338" lon="129.012094"/><trkpt lat="35.135309" lon="129.012119"/><trkpt lat="35.135281" lon="129.012125"/><trkpt lat="35.135258" lon="129.012108"/><trkpt lat="35.135241" lon="129.01208"/><trkpt lat="35.135238" lon="129.012044"/><trkpt lat="35.13525" lon="129.012002"/><trkpt lat="35.135284" lon="129.011916"/><trkpt lat="35.135305" lon="129.011859"/><trkpt lat="35.135315" lon="129.011815"/><trkpt lat="35.135315" lon="129.011769"/><trkpt lat="35.135301" lon="129.01166"/><trkpt lat="35.135295" lon="129.011597"/><trkpt lat="35.135294" lon="129.011532"/><trkpt lat="35.135302" lon="129.01111"/><trkpt lat="35.135304" lon="129.011046"/><trkpt lat="35.135309" lon="129.010998"/><trkpt lat="35.13532" lon="129.010953"/><trkpt lat="35.135338" lon="129.010894"/><trkpt lat="35.135405" lon="129.010687"/><trkpt lat="35.135416" lon="129.010642"/><trkpt lat="35.135436" lon="129.010516"/><trkpt lat="35.135472" lon="129.010262"/><trkpt lat="35.135481" lon="129.010216"/><trkpt lat="35.135495" lon="129.010172"/><trkpt lat="35.135523" lon="129.010102"/><trkpt lat="35.135536" lon="129.010059"/><trkpt lat="35.135542" lon="129.010013"/><trkpt lat="35.135538" lon="129.009918"/><trkpt lat="35.135539" lon="129.009871"/><trkpt lat="35.13555" lon="129.009827"/><trkpt lat="35.135569" lon="129.009786"/><trkpt lat="35.135668" lon="129.009613"/><trkpt lat="35.136042" lon="129.008958"/><trkpt lat="35.136081" lon="129.008893"/><trkpt lat="35.136108" lon="129.008857"/><trkpt lat="35.136148" lon="129.008814"/><trkpt lat="35.136457" lon="129.008521"/><trkpt lat="35.136523" lon="129.008464"/><trkpt lat="35.13657" lon="129.008431"/><trkpt lat="35.136738" lon="129.008327"/><trkpt lat="35.136772" lon="129.008302"/><trkpt lat="35.136803" lon="129.008273"/><trkpt lat="35.13683" lon="129.008238"/><trkpt lat="35.136872" lon="129.008175"/><trkpt lat="35.136969" lon="129.00802"/><trkpt lat="35.13699" lon="129.00798"/><trkpt lat="35.137006" lon="129.007937"/><trkpt lat="35.137022" lon="129.007875"/><trkpt lat="35.137142" lon="129.007297"/><trkpt lat="35.137159" lon="129.007202"/><trkpt lat="35.137165" lon="129.007137"/><trkpt lat="35.137177" lon="129.006925"/><trkpt lat="35.137178" lon="129.00686"/><trkpt lat="35.137171" lon="129.006814"/><trkpt lat="35.137156" lon="129.006771"/><trkpt lat="35.137126" lon="129.006701"/><trkpt lat="35.13708" lon="129.006606"/><trkpt lat="35.137056" lon="129.006572"/><trkpt lat="35.137025" lon="129.006551"/><trkpt lat="35.136988" lon="129.006541"/><trkpt lat="35.136912" lon="129.006534"/><trkpt lat="35.136826" lon="129.006527"/></trkseg>
<trkseg><trkpt lat="35.13183" lon="129.021253"/><trkpt lat="35.13226" lon="129.02147"/><trkpt lat="35.132296" lon="129.021492"/><trkpt lat="35.132327" lon="129.021519"/><trkpt lat="35.132353" lon="129.021554"/><trkpt lat="35.132408" lon="129.021646"/><trkpt lat="35.132445" lon="129.021712"/><trkpt lat="35.132461" lon="129.021753"/><trkpt lat="35.132464" lon="129.021796"/><trkpt lat="35.132456" lon="129.02184"/><trkpt lat="35.132435" lon="129.021913"/><trkpt lat="35.132419" lon="129.021956"/><trkpt lat="35.132397" lon="129.021995"/><trkpt lat="35.132371" lon="129.022031"/><trkpt lat="35.132115" lon="129.022356"/><trkpt lat="35.132059" lon="129.022424"/><trkpt lat="35.131988" lon="129.022498"/><trkpt lat="35.131536" lon="129.022988"/><trkpt lat="35.131483" lon="129.023037"/><trkpt lat="35.13145" lon="129.023062"/><trkpt lat="35.131414" lon="129.023079"/><trkpt lat="35.131352" lon="129.023099"/><trkpt lat="35.131289" lon="129.023114"/><trkpt lat="35.13125" lon="129.023119"/><trkpt lat="35.131197" lon="129.023117"/><trkpt lat="35.130878" lon="129.023149"/><trkpt lat="35.130799" lon="129.023145"/><trkpt lat="35.130748" lon="129.023149"/><trkpt lat="35.13062" lon="129.023167"/><trkpt lat="35.130583" lon="129.023176"/><trkpt lat="35.130547" lon="129.023191"/><trkpt lat="35.130514" lon="129.023215"/><trkpt lat="35.130405" lon="129.023308"/><trkpt lat="35.130371" lon="129.023333"/><trkpt lat="35.130335" lon="129.023352"/><trkpt lat="35.130297" lon="129.023366"/><trkpt lat="35.130161" lon="129.023344"/><trkpt lat="35.130122" lon="129.023357"/><trkpt lat="35.130059" lon="129.023387"/><trkpt lat="35.129452" lon="129.023698"/><trkpt lat="35.129391" lon="129.023731"/><trkpt lat="35.129356" lon="129.023756"/><trkpt lat="35.129292" lon="129.023815"/><trkpt lat="35.129158" lon="129.023952"/><trkpt lat="35.129129" lon="129.023986"/><trkpt lat="35.129094" lon="129.024036"/><trkpt lat="35.128712" lon="129.02463"/><trkpt lat="35.128675" lon="129.024678"/><trkpt lat="35.128646" lon="129.024709"/><trkpt lat="35.128581" lon="129.024766"/><trkpt lat="35.128355" lon="129.024959"/><trkpt lat="35.128314" lon="129.025"/><trkpt lat="35.128275" lon="129.025044"/><trkpt lat="35.128107" lon="129.025253"/><trkpt lat="35.128068" lon="129.025296"/><trkpt lat="35.128036" lon="129.025323"/><trkpt lat="35.127991" lon="129.025354"/><trkpt lat="35.127771" lon="129.025492"/></trkseg>
<trkseg><trkpt lat="35.121858" lon="129.025373"/><trkpt lat="35.122803" lon="129.025631"/><trkpt lat="35.122867" lon="129.025653"/><trkpt lat="35.123194" lon="129.025797"/><trkpt lat="35.123269" lon="129.025829"/><trkpt lat="35.123308" lon="129.025841"/><trkpt lat="35.123386" lon="129.025858"/><trkpt lat="35.123913" lon="129.025953"/><trkpt lat="35.123978" lon="129.025961"/><trkpt lat="35.124202" lon="129.025962"/><trkpt lat="35.124281" lon="129.02596"/><trkpt lat="35.124319" lon="129.025955"/><trkpt lat="35.124357" lon="129.025943"/><trkpt lat="35.124406" lon="129.025922"/><trkpt lat="35.124529" lon="129.025867"/><trkpt lat="35.124566" lon="129.025855"/><trkpt lat="35.124605" lon="129.025852"/><trkpt lat="35.124644" lon="129.025855"/><trkpt lat="35.125109" lon="129.025934"/><trkpt lat="35.125161" lon="129.025939"/><trkpt lat="35.125195" lon="129.025935"/><trkpt lat="35.12523" lon="129.025914"/><trkpt lat="35.125259" lon="129.02587"/><trkpt lat="35.125274" lon="129.025832"/></trkseg>
<trkseg><trkpt lat="35.137457" lon="129.013045"/><trkpt lat="35.137469" lon="129.013095"/><trkpt lat="35.137491" lon="129.013139"/><trkpt lat="35.137526" lon="129.013162"/><trkpt lat="35.137563" lon="129.013168"/><trkpt lat="35.137709" lon="129.013181"/><trkpt lat="35.137775" lon="129.013184"/><trkpt lat="35.137842" lon="129.013179"/><trkpt lat="35.13826" lon="129.01313"/><trkpt lat="35.138407" lon="129.013112"/><trkpt lat="35.138437" lon="129.013112"/><trkpt lat="35.138448" lon="129.013123"/><trkpt lat="35.138433" lon="129.013154"/><trkpt lat="35.138423" lon="129.013184"/><trkpt lat="35.138431" lon="129.01322"/><trkpt lat="35.13846" lon="129.013286"/><trkpt lat="35.138472" lon="129.01333"/><trkpt lat="35.138478" lon="129.013392"/><trkpt lat="35.138486" lon="129.013536"/><trkpt lat="35.138491" lon="129.013582"/><trkpt lat="35.138502" lon="129.013624"/><trkpt lat="35.138528" lon="129.013666"/><trkpt lat="35.138543" lon="129.013698"/><trkpt lat="35.138542" lon="129.013735"/><trkpt lat="35.138531" lon="129.013804"/><trkpt lat="35.138536" lon="129.013847"/><trkpt lat="35.138551" lon="129.013905"/><trkpt lat="35.138576" lon="129.013993"/><trkpt lat="35.138585" lon="129.014037"/><trkpt lat="35.138584" lon="129.01408"/><trkpt lat="35.138571" lon="129.014151"/><trkpt lat="35.138568" lon="129.014192"/><trkpt lat="35.138577" lon="129.014232"/><trkpt lat="35.138597" lon="129.014269"/><trkpt lat="35.138646" lon="129.014342"/><trkpt lat="35.138667" lon="129.014381"/><trkpt lat="35.138679" lon="129.014423"/><trkpt lat="35.138684" lon="129.014469"/><trkpt lat="35.13869" lon="129.014563"/><trkpt lat="35.138698" lon="129.014608"/><trkpt lat="35.138713" lon="129.014651"/><trkpt lat="35.138753" lon="129.014732"/><trkpt lat="35.138816" lon="129.014853"/><trkpt lat="35.138834" lon="129.014894"/><trkpt lat="35.138845" lon="129.014937"/><trkpt lat="35.13885" lon="129.01498"/><trkpt lat="35.138853" lon="129.015069"/><trkpt lat="35.138859" lon="129.015116"/><trkpt lat="35.13889" lon="129.015274"/><trkpt lat="35.138922" lon="129.015415"/><trkpt lat="35.138935" lon="129.01546"/><trkpt lat="35.138953" lon="129.015503"/><trkpt lat="35.139006" lon="129.015613"/><trkpt lat="35.139022" lon="129.015657"/><trkpt lat="35.139031" lon="129.015702"/><trkpt lat="35.139044" lon="129.01581"/><trkpt lat="35.139052" lon="129.015872"/><trkpt lat="35.139062" lon="129.015916"/><trkpt lat="35.139079" lon="129.015955"/><trkpt lat="35.139103" lon="129.015989"/><trkpt lat="35.139154" lon="129.016056"/><trkpt lat="35.139176" lon="129.016093"/><trkpt lat="35.139194" lon="129.016136"/><trkpt lat="35.13922" lon="129.016209"/><trkpt lat="35.139254" lon="129.016313"/><trkpt lat="35.139264" lon="129.016359"/><trkpt lat="35.139269" lon="129.016407"/><trkpt lat="35.139271" lon="129.016551"/><trkpt lat="35.139273" lon="129.016616"/><trkpt lat="35.139279" lon="129.016663"/><trkpt lat="35.13929" lon="129.016709"/><trkpt lat="35.139309" lon="129.016769"/><trkpt lat="35.139325" lon="129.016812"/><trkpt lat="35.139346" lon="129.016851"/><trkpt lat="35.139372" lon="129.016883"/><trkpt lat="35.139428" lon="129.016947"/><trkpt lat="35.139451" lon="129.016984"/><trkpt lat="35.13947" lon="129.017025"/><trkpt lat="35.139498" lon="129.017096"/><trkpt lat="35.139509" lon="129.01714"/><trkpt lat="35.13951" lon="129.017185"/><trkpt lat="35.139504" lon="129.01723"/><trkpt lat="35.139478" lon="129.017352"/><trkpt lat="35.139472" lon="129.017398"/><trkpt lat="35.139475" lon="129.017444"/><trkpt lat="35.139484" lon="129.017491"/><trkpt lat="35.139545" lon="129.017707"/><trkpt lat="35.13957" lon="129.017801"/><trkpt lat="35.139578" lon="129.017848"/><trkpt lat="35.13958" lon="129.017895"/><trkpt lat="35.139574" lon="129.018006"/><trkpt lat="35.13956" lon="129.018212"/><trkpt lat="35.13956" lon="129.018259"/><trkpt lat="35.139566" lon="129.018302"/><trkpt lat="35.139585" lon="129.018339"/><trkpt lat="35.139611" lon="129.018372"/><trkpt lat="35.139693" lon="129.018471"/><trkpt lat="35.139718" lon="129.01851"/><trkpt lat="35.139753" lon="129.018579"/><trkpt lat="35.139847" lon="129.018779"/><trkpt lat="35.139863" lon="129.018822"/><trkpt lat="35.139869" lon="129.018865"/><trkpt lat="35.139869" lon="129.01894"/><trkpt lat="35.139878" lon="129.019003"/><trkpt lat="35.139901" lon="129.01913"/><trkpt lat="35.139905" lon="129.019176"/><trkpt lat="35.139897" lon="129.019219"/><trkpt lat="35.139879" lon="129.019261"/><trkpt lat="35.139831" lon="129.019356"/><trkpt lat="35.139813" lon="129.019397"/><trkpt lat="35.1398" lon="129.019438"/><trkpt lat="35.139795" lon="129.019492"/><trkpt lat="35.139778" lon="129.019523"/><trkpt lat="35.13975" lon="129.019547"/><trkpt lat="35.139684" lon="129.019589"/><trkpt lat="35.139655" lon="129.019611"/><trkpt lat="35.139638" lon="129.019637"/><trkpt lat="35.13964" lon="129.019667"/><trkpt lat="35.139657" lon="129.019727"/><trkpt lat="35.139666" lon="129.019798"/><trkpt lat="35.139678" lon="129.019838"/><trkpt lat="35.139702" lon="129.019874"/><trkpt lat="35.139749" lon="129.019928"/><trkpt lat="35.139907" lon="129.020101"/><trkpt lat="35.139948" lon="129.02014"/><trkpt lat="35.139982" lon="129.020164"/><trkpt lat="35.140039" lon="129.020197"/><trkpt lat="35.140074" lon="129.020214"/><trkpt lat="35.140109" lon="129.020221"/><trkpt lat="35.140144" lon="129.020215"/><trkpt lat="35.140201" lon="129.020196"/><trkpt lat="35.140238" lon="129.020195"/><trkpt lat="35.140272" lon="129.020204"/><trkpt lat="35.140298" lon="129.020225"/><trkpt lat="35.140332" lon="129.020289"/><trkpt lat="35.140358" lon="129.020317"/><trkpt lat="35.140377" lon="129.020325"/><trkpt lat="35.140379" lon="129.020324"/></trkseg>
<trkseg><trkpt lat="35.127972" lon="129.022525"/><trkpt lat="35.128067" lon="129.022751"/><trkpt lat="35.128083" lon="129.022795"/><trkpt lat="35.128096" lon="129.02284"/><trkpt lat="35.128125" lon="129.022981"/><trkpt lat="35.128136" lon="129.023026"/><trkpt lat="35.128151" lon="129.023066"/><trkpt lat="35.128177" lon="129.023092"/><trkpt lat="35.128212" lon="129.023106"/><trkpt lat="35.128263" lon="129.023121"/><trkpt lat="35.128499" lon="129.023178"/><trkpt lat="35.128535" lon="129.023193"/><trkpt lat="35.128563" lon="129.023217"/><trkpt lat="35.128581" lon="129.023253"/><trkpt lat="35.128593" lon="129.023294"/><trkpt lat="35.128598" lon="129.023336"/><trkpt lat="35.128591" lon="129.023382"/><trkpt lat="35.128578" lon="129.023428"/><trkpt lat="35.128505" lon="129.02364"/><trkpt lat="35.128428" lon="129.023868"/><trkpt lat="35.128405" lon="129.023927"/><trkpt lat="35.128384" lon="129.023967"/><trkpt lat="35.128349" lon="129.024015"/><trkpt lat="35.128214" lon="129.024172"/><trkpt lat="35.128107" lon="129.024297"/><trkpt lat="35.128083" lon="129.02433"/><trkpt lat="35.128074" lon="129.024361"/><trkpt lat="35.128089" lon="129.024389"/><trkpt lat="35.128117" lon="129.024415"/><trkpt lat="35.128197" lon="129.024475"/><trkpt lat="35.128241" lon="129.02451"/><trkpt lat="35.128267" lon="129.02454"/><trkpt lat="35.128278" lon="129.024577"/><trkpt lat="35.128277" lon="129.024617"/><trkpt lat="35.128269" lon="129.024659"/><trkpt lat="35.128251" lon="129.024702"/><trkpt lat="35.128222" lon="129.024757"/><trkpt lat="35.128129" lon="129.024919"/><trkpt lat="35.128104" lon="129.024957"/><trkpt lat="35.128067" lon="129.025002"/><trkpt lat="35.12795" lon="129.02513"/><trkpt lat="35.127922" lon="129.025163"/><trkpt lat="35.127899" lon="129.025201"/><trkpt lat="35.127873" lon="129.025255"/><trkpt lat="35.127771" lon="129.025492"/></trkseg>
<trkseg><trkpt lat="35.13183" lon="129.021253"/><trkpt lat="35.131926" lon="129.021424"/><trkpt lat="35.13195" lon="129.021461"/><trkpt lat="35.131976" lon="129.021495"/><trkpt lat="35.132024" lon="129.021543"/><trkpt lat="35.132049" lon="129.021572"/><trkpt lat="35.132066" lon="129.021608"/><trkpt lat="35.132071" lon="129.02165"/><trkpt lat="35.13207" lon="129.021694"/><trkpt lat="35.132062" lon="129.021736"/><trkpt lat="35.132041" lon="129.021769"/><trkpt lat="35.132" lon="129.021806"/><trkpt lat="35.13197" lon="129.021837"/><trkpt lat="35.131945" lon="129.021873"/><trkpt lat="35.131773" lon="129.022181"/><trkpt lat="35.131632" lon="129.022436"/><trkpt lat="35.131613" lon="129.022478"/><trkpt lat="35.131599" lon="129.022521"/><trkpt lat="35.131576" lon="129.022608"/><trkpt lat="35.131557" lon="129.022648"/><trkpt lat="35.131533" lon="129.022686"/><trkpt lat="35.131488" lon="129.022745"/><trkpt lat="35.131458" lon="129.022776"/><trkpt lat="35.131424" lon="129.022799"/><trkpt lat="35.13135" lon="129.022836"/><trkpt lat="35.131225" lon="129.022895"/><trkpt lat="35.131187" lon="129.022909"/><trkpt lat="35.131148" lon="129.022916"/><trkpt lat="35.131109" lon="129.022918"/><trkpt lat="35.130857" lon="129.022787"/><trkpt lat="35.130503" lon="129.022835"/><trkpt lat="35.130463" lon="129.02283"/><trkpt lat="35.130424" lon="129.022821"/><trkpt lat="35.130229" lon="129.022702"/><trkpt lat="35.129715" lon="129.02266"/><trkpt lat="35.12965" lon="129.022639"/><trkpt lat="35.129613" lon="129.022634"/><trkpt lat="35.129578" lon="129.022645"/><trkpt lat="35.129547" lon="129.022669"/><trkpt lat="35.129495" lon="129.022718"/><trkpt lat="35.129362" lon="129.022847"/><trkpt lat="35.12933" lon="129.022873"/><trkpt lat="35.129295" lon="129.02289"/><trkpt lat="35.129257" lon="129.022897"/><trkpt lat="35.129112" lon="129.022901"/><trkpt lat="35.12906" lon="129.022904"/><trkpt lat="35.129022" lon="129.022911"/><trkpt lat="35.128985" lon="129.022926"/><trkpt lat="35.128937" lon="129.022952"/><trkpt lat="35.128724" lon="129.023082"/><trkpt lat="35.128676" lon="129.023109"/><trkpt lat="35.128641" lon="129.023122"/><trkpt lat="35.12861" lon="129.02312"/><trkpt lat="35.128586" lon="129.023098"/><trkpt lat="35.128567" lon="129.023067"/><trkpt lat="35.128558" lon="129.023027"/><trkpt lat="35.128557" lon="129.022981"/><trkpt lat="35.12856" lon="129.022891"/><trkpt lat="35.128555" lon="129.022857"/><trkpt lat="35.128536" lon="129.022842"/><trkpt lat="35.128495" lon="129.022841"/><trkpt lat="35.12846" lon="129.022838"/><trkpt lat="35.128424" lon="129.022826"/><trkpt lat="35.128389" lon="129.022809"/><trkpt lat="35.128359" lon="129.022786"/><trkpt lat="35.128337" lon="129.022755"/><trkpt lat="35.12831" lon="129.022713"/><trkpt lat="35.12828" lon="129.022681"/><trkpt lat="35.128261" lon="129.022648"/><trkpt lat="35.128248" lon="129.022605"/><trkpt lat="35.128235" lon="129.022531"/><trkpt lat="35.128219" lon="129.022429"/></trkseg>
<trkseg><trkpt lat="35.130862" lon="129.017132"/><trkpt lat="35.13079" lon="129.017437"/><trkpt lat="35.130779" lon="129.017498"/><trkpt lat="35.130778" lon="129.017544"/><trkpt lat="35.130784" lon="129.01759"/><trkpt lat="35.130803" lon="129.017682"/><trkpt lat="35.130814" lon="129.017744"/><trkpt lat="35.130818" lon="129.017789"/><trkpt lat="35.130816" lon="129.017879"/><trkpt lat="35.130816" lon="129.017939"/><trkpt lat="35.130824" lon="129.017983"/><trkpt lat="35.130851" lon="129.01807"/><trkpt lat="35.130862" lon="129.018114"/><trkpt lat="35.130865" lon="129.01816"/><trkpt lat="35.13086" lon="129.018206"/><trkpt lat="35.130847" lon="129.018284"/><trkpt lat="35.130802" lon="129.018534"/><trkpt lat="35.130798" lon="129.018581"/><trkpt lat="35.130802" lon="129.018627"/><trkpt lat="35.130813" lon="129.018673"/><trkpt lat="35.130866" lon="129.018856"/><trkpt lat="35.130894" lon="129.018946"/><trkpt lat="35.130912" lon="129.018989"/><trkpt lat="35.130958" lon="129.019087"/><trkpt lat="35.131068" lon="129.019309"/><trkpt lat="35.131085" lon="129.019353"/><trkpt lat="35.131099" lon="129.019397"/><trkpt lat="35.131119" lon="129.019473"/><trkpt lat="35.131134" lon="129.01955"/><trkpt lat="35.131139" lon="129.019597"/><trkpt lat="35.131142" lon="129.019754"/><trkpt lat="35.131145" lon="129.019815"/><trkpt lat="35.131154" lon="129.019857"/><trkpt lat="35.131175" lon="129.019895"/><trkpt lat="35.131202" lon="129.019928"/><trkpt lat="35.13135" lon="129.02009"/><trkpt lat="35.131387" lon="129.020135"/><trkpt lat="35.131412" lon="129.020172"/><trkpt lat="35.131471" lon="129.020281"/><trkpt lat="35.131505" lon="129.020351"/><trkpt lat="35.13152" lon="129.020395"/><trkpt lat="35.131531" lon="129.020442"/><trkpt lat="35.131569" lon="129.020666"/><trkpt lat="35.131609" lon="129.020907"/><trkpt lat="35.131612" lon="129.020961"/><trkpt lat="35.131602" lon="129.02102"/><trkpt lat="35.131589" lon="129.021063"/><trkpt lat="35.131585" lon="129.021073"/></trkseg>
<trkseg><trkpt lat="35.126068" lon="129.013588"/><trkpt lat="35.126133" lon="129.013642"/><trkpt lat="35.126171" lon="129.013677"/><trkpt lat="35.126198" lon="129.013708"/><trkpt lat="35.126221" lon="129.013746"/><trkpt lat="35.12626" lon="129.013828"/><trkpt lat="35.126343" lon="129.014008"/><trkpt lat="35.126365" lon="129.014046"/><trkpt lat="35.126391" lon="129.014077"/><trkpt lat="35.126441" lon="129.014115"/><trkpt lat="35.12647" lon="129.014141"/><trkpt lat="35.126497" lon="129.014174"/><trkpt lat="35.12658" lon="129.014297"/><trkpt lat="35.126615" lon="129.014344"/><trkpt lat="35.126644" lon="129.014376"/><trkpt lat="35.126719" lon="129.014444"/><trkpt lat="35.126748" lon="129.014475"/><trkpt lat="35.12677" lon="129.014512"/><trkpt lat="35.126787" lon="129.014555"/><trkpt lat="35.126846" lon="129.014733"/><trkpt lat="35.126882" lon="129.014836"/><trkpt lat="35.126907" lon="129.014893"/><trkpt lat="35.127021" lon="129.015115"/><trkpt lat="35.127052" lon="129.015167"/><trkpt lat="35.12708" lon="129.0152"/><trkpt lat="35.127112" lon="129.015225"/><trkpt lat="35.12717" lon="129.015261"/><trkpt lat="35.127382" lon="129.015388"/><trkpt lat="35.127416" lon="129.015411"/><trkpt lat="35.127448" lon="129.01544"/><trkpt lat="35.127487" lon="129.015485"/><trkpt lat="35.127819" lon="129.015892"/><trkpt lat="35.127981" lon="129.016088"/><trkpt lat="35.128012" lon="129.016119"/><trkpt lat="35.128046" lon="129.016142"/><trkpt lat="35.128094" lon="129.016169"/><trkpt lat="35.128251" lon="129.016252"/><trkpt lat="35.128284" lon="129.016276"/><trkpt lat="35.128312" lon="129.016307"/><trkpt lat="35.128353" lon="129.016364"/><trkpt lat="35.128383" lon="129.016393"/><trkpt lat="35.128451" lon="129.016442"/><trkpt lat="35.128578" lon="129.01653"/><trkpt lat="35.128611" lon="129.016558"/><trkpt lat="35.128651" lon="129.016601"/><trkpt lat="35.128904" lon="129.016894"/><trkpt lat="35.128935" lon="129.016925"/><trkpt lat="35.128968" lon="129.01695"/><trkpt lat="35.129062" lon="129.017005"/><trkpt lat="35.129109" lon="129.017034"/><trkpt lat="35.129142" lon="129.017061"/><trkpt lat="35.129183" lon="129.017101"/><trkpt lat="35.129324" lon="129.017251"/><trkpt lat="35.129356" lon="129.017282"/><trkpt lat="35.129389" lon="129.017306"/><trkpt lat="35.129421" lon="129.017318"/><trkpt lat="35.129454" lon="129.01732"/><trkpt lat="35.129488" lon="129.017308"/><trkpt lat="35.129522" lon="129.017284"/><trkpt lat="35.129642" lon="129.017181"/><trkpt lat="35.12972" lon="129.017117"/><trkpt lat="35.129754" lon="129.017095"/><trkpt lat="35.12979" lon="129.017079"/><trkpt lat="35.129902" lon="129.017044"/><trkpt lat="35.129963" lon="129.017023"/><trkpt lat="35.129999" lon="129.017005"/><trkpt lat="35.130065" lon="129.016955"/><trkpt lat="35.130098" lon="129.016934"/><trkpt lat="35.130131" lon="129.016923"/><trkpt lat="35.130166" lon="129.016926"/><trkpt lat="35.130236" lon="129.016939"/><trkpt lat="35.130276" lon="129.016939"/><trkpt lat="35.130355" lon="129.01693"/><trkpt lat="35.130487" lon="129.016912"/><trkpt lat="35.130526" lon="129.01691"/><trkpt lat="35.130565" lon="129.016917"/><trkpt lat="35.130642" lon="129.016944"/><trkpt lat="35.130694" lon="129.01696"/><trkpt lat="35.130732" lon="129.016964"/><trkpt lat="35.13077" lon="129.016958"/><trkpt lat="35.130832" lon="129.016947"/><trkpt lat="35.130862" lon="129.016955"/><trkpt lat="35.130882" lon="129.016984"/><trkpt lat="35.130882" lon="129.017036"/><trkpt lat="35.130871" lon="129.017094"/><trkpt lat="35.130862" lon="129.017132"/></trkseg>
<trkseg><trkpt lat="35.130201" lon="129.014059"/><trkpt lat="35.130097" lon="129.013642"/><trkpt lat="35.130088" lon="129.013595"/><trkpt lat="35.130083" lon="129.013547"/><trkpt lat="35.130084" lon="129.013466"/><trkpt lat="35.130087" lon="129.013255"/><trkpt lat="35.130084" lon="129.013206"/><trkpt lat="35.130073" lon="129.013142"/><trkpt lat="35.129979" lon="129.012698"/><trkpt lat="35.12994" lon="129.012507"/><trkpt lat="35.129927" lon="129.012461"/><trkpt lat="35.129907" lon="129.012422"/><trkpt lat="35.129879" lon="129.01239"/><trkpt lat="35.129825" lon="129.012341"/><trkpt lat="35.129595" lon="129.012142"/><trkpt lat="35.129541" lon="129.012093"/><trkpt lat="35.129512" lon="129.012059"/><trkpt lat="35.129111" lon="129.011506"/><trkpt lat="35.129066" lon="129.011445"/><trkpt lat="35.129037" lon="129.011412"/><trkpt lat="35.128984" lon="129.011362"/><trkpt lat="35.128715" lon="129.011123"/><trkpt lat="35.128674" lon="129.011084"/><trkpt lat="35.128648" lon="129.011051"/><trkpt lat="35.128633" lon="129.011011"/><trkpt lat="35.128627" lon="129.010965"/><trkpt lat="35.128621" lon="129.010786"/><trkpt lat="35.128605" lon="129.010347"/><trkpt lat="35.1286" lon="129.010282"/><trkpt lat="35.128593" lon="129.010235"/><trkpt lat="35.128566" lon="129.010109"/><trkpt lat="35.128478" lon="129.009716"/><trkpt lat="35.128471" lon="129.009668"/><trkpt lat="35.128471" lon="129.009621"/><trkpt lat="35.128477" lon="129.009526"/><trkpt lat="35.128496" lon="129.009304"/></trkseg>
<trkseg><trkpt lat="35.137036" lon="129.033135"/><trkpt lat="35.137046" lon="129.033154"/><trkpt lat="35.137057" lon="129.033202"/><trkpt lat="35.137057" lon="129.033262"/><trkpt lat="35.137047" lon="129.033326"/><trkpt lat="35.137032" lon="129.033404"/><trkpt lat="35.137019" lon="129.033449"/><trkpt lat="35.136997" lon="129.033504"/><trkpt lat="35.136967" lon="129.03357"/><trkpt lat="35.136957" lon="129.033609"/><trkpt lat="35.136959" lon="129.033647"/><trkpt lat="35.136969" lon="129.033698"/><trkpt lat="35.136972" lon="129.033751"/><trkpt lat="35.136981" lon="129.033789"/><trkpt lat="35.137017" lon="129.033847"/><trkpt lat="35.137039" lon="129.033886"/><trkpt lat="35.137064" lon="129.033944"/><trkpt lat="35.137163" lon="129.034196"/><trkpt lat="35.137188" lon="129.034254"/><trkpt lat="35.13721" lon="129.034293"/><trkpt lat="35.137243" lon="129.03434"/><trkpt lat="35.137319" lon="129.034446"/><trkpt lat="35.13734" lon="129.034484"/><trkpt lat="35.137355" lon="129.034526"/><trkpt lat="35.137366" lon="129.034588"/><trkpt lat="35.137413" lon="129.034972"/><trkpt lat="35.137442" lon="129.035211"/><trkpt lat="35.137452" lon="129.035256"/><trkpt lat="35.137471" lon="129.035293"/><trkpt lat="35.1375" lon="129.035321"/><trkpt lat="35.137545" lon="129.035353"/><trkpt lat="35.137637" lon="129.035417"/><trkpt lat="35.13767" lon="129.035444"/><trkpt lat="35.13772" lon="129.035498"/><trkpt lat="35.137766" lon="129.035555"/><trkpt lat="35.137789" lon="129.035592"/><trkpt lat="35.1378" lon="129.035635"/><trkpt lat="35.137803" lon="129.035681"/><trkpt lat="35.1378" lon="129.035826"/><trkpt lat="35.137802" lon="129.035873"/><trkpt lat="35.137808" lon="129.03592"/><trkpt lat="35.137819" lon="129.035967"/><trkpt lat="35.137865" lon="129.036135"/><trkpt lat="35.137879" lon="129.036197"/><trkpt lat="35.137884" lon="129.036244"/><trkpt lat="35.137879" lon="129.036338"/><trkpt lat="35.137879" lon="129.036383"/><trkpt lat="35.13789" lon="129.036427"/><trkpt lat="35.13791" lon="129.036468"/><trkpt lat="35.138029" lon="129.036667"/><trkpt lat="35.13814" lon="129.036854"/><trkpt lat="35.138162" lon="129.036895"/><trkpt lat="35.138181" lon="129.036938"/><trkpt lat="35.138202" lon="129.036999"/><trkpt lat="35.138341" lon="129.037444"/><trkpt lat="35.138372" lon="129.037535"/><trkpt lat="35.138394" lon="129.037574"/><trkpt lat="35.138415" lon="129.037613"/><trkpt lat="35.138369" lon="129.037611"/><trkpt lat="35.138332" lon="129.037621"/><trkpt lat="35.138297" lon="129.037637"/><trkpt lat="35.138266" lon="129.037661"/><trkpt lat="35.138243" lon="129.037695"/><trkpt lat="35.13823" lon="129.037736"/><trkpt lat="35.138229" lon="129.03778"/><trkpt lat="35.138245" lon="129.037858"/><trkpt lat="35.138252" lon="129.037905"/><trkpt lat="35.138254" lon="129.037964"/><trkpt lat="35.138263" lon="129.037998"/><trkpt lat="35.138288" lon="129.038015"/><trkpt lat="35.138323" lon="129.038022"/><trkpt lat="35.138399" lon="129.038033"/><trkpt lat="35.138436" lon="129.038045"/><trkpt lat="35.138471" lon="129.038066"/><trkpt lat="35.138572" lon="129.03814"/><trkpt lat="35.138607" lon="129.038161"/><trkpt lat="35.138645" lon="129.038175"/><trkpt lat="35.138711" lon="129.03819"/><trkpt lat="35.13879" lon="129.038204"/><trkpt lat="35.13883" lon="129.038207"/><trkpt lat="35.138869" lon="129.038203"/><trkpt lat="35.138947" lon="129.038186"/><trkpt lat="35.139089" lon="129.038152"/><trkpt lat="35.139128" lon="129.038148"/><trkpt lat="35.139165" lon="129.038153"/><trkpt lat="35.1392" lon="129.03817"/><trkpt lat="35.139247" lon="129.0382"/><trkpt lat="35.139397" lon="129.038303"/><trkpt lat="35.139432" lon="129.038321"/><trkpt lat="35.139466" lon="129.038327"/><trkpt lat="35.139521" lon="129.038321"/><trkpt lat="35.139559" lon="129.038323"/><trkpt lat="35.139623" lon="129.038335"/><trkpt lat="35.139764" lon="129.038371"/><trkpt lat="35.1398" lon="129.038385"/><trkpt lat="35.139831" lon="129.038407"/><trkpt lat="35.139857" lon="129.038441"/><trkpt lat="35.139895" lon="129.038505"/><trkpt lat="35.139976" lon="129.038651"/><trkpt lat="35.14" lon="129.038688"/><trkpt lat="35.140027" lon="129.038719"/><trkpt lat="35.14006" lon="129.038744"/><trkpt lat="35.140296" lon="129.038878"/></trkseg>
<trkseg><trkpt lat="35.112492" lon="128.998564"/><trkpt lat="35.112628" lon="128.998481"/><trkpt lat="35.112672" lon="128.998449"/><trkpt lat="35.112703" lon="128.99842"/><trkpt lat="35.112853" lon="128.998258"/><trkpt lat="35.112994" lon="128.998106"/><trkpt lat="35.11302" lon="128.998071"/><trkpt lat="35.113035" lon="128.998031"/><trkpt lat="35.113039" lon="128.997986"/><trkpt lat="35.113037" lon="128.99794"/><trkpt lat="35.113031" lon="128.997895"/><trkpt lat="35.11302" lon="128.997858"/><trkpt lat="35.112995" lon="128.997839"/><trkpt lat="35.11296" lon="128.997835"/><trkpt lat="35.112908" lon="128.997839"/><trkpt lat="35.112523" lon="128.997872"/><trkpt lat="35.112471" lon="128.997873"/><trkpt lat="35.112431" lon="128.99787"/><trkpt lat="35.112379" lon="128.99786"/><trkpt lat="35.111933" lon="128.997762"/><trkpt lat="35.11188" lon="128.997754"/><trkpt lat="35.111841" lon="128.997755"/><trkpt lat="35.111802" lon="128.997765"/><trkpt lat="35.111726" lon="128.99779"/><trkpt lat="35.111691" lon="128.997798"/><trkpt lat="35.111664" lon="128.997792"/><trkpt lat="35.111652" lon="128.997762"/><trkpt lat="35.111651" lon="128.99772"/><trkpt lat="35.11166" lon="128.997677"/><trkpt lat="35.111682" lon="128.997644"/><trkpt lat="35.111722" lon="128.997605"/><trkpt lat="35.111772" lon="128.997559"/><trkpt lat="35.111795" lon="128.997531"/><trkpt lat="35.111807" lon="128.997488"/><trkpt lat="35.111818" lon="128.997453"/><trkpt lat="35.111841" lon="128.997392"/><trkpt lat="35.111843" lon="128.997358"/><trkpt lat="35.11183" lon="128.997316"/><trkpt lat="35.111829" lon="128.99728"/><trkpt lat="35.111833" lon="128.997231"/><trkpt lat="35.111818" lon="128.997198"/><trkpt lat="35.111794" lon="128.997167"/><trkpt lat="35.111756" lon="128.997127"/><trkpt lat="35.111715" lon="128.997089"/><trkpt lat="35.11168" lon="128.997066"/><trkpt lat="35.111619" lon="128.997034"/><trkpt lat="35.111442" lon="128.996953"/><trkpt lat="35.111406" lon="128.996933"/><trkpt lat="35.111374" lon="128.996908"/><trkpt lat="35.111349" lon="128.996879"/><trkpt lat="35.111332" lon="128.996845"/><trkpt lat="35.111324" lon="128.996804"/><trkpt lat="35.111326" lon="128.99676"/><trkpt lat="35.111336" lon="128.996719"/><trkpt lat="35.111358" lon="128.99668"/><trkpt lat="35.111418" lon="128.996594"/><trkpt lat="35.111441" lon="128.996555"/><trkpt lat="35.111456" lon="128.996513"/><trkpt lat="35.111475" lon="128.996441"/><trkpt lat="35.111491" lon="128.996404"/><trkpt lat="35.111518" lon="128.99638"/><trkpt lat="35.111552" lon="128.996363"/><trkpt lat="35.111587" lon="128.99635"/><trkpt lat="35.111624" lon="128.996342"/><trkpt lat="35.111661" lon="128.996344"/><trkpt lat="35.111721" lon="128.996358"/><trkpt lat="35.111755" lon="128.996362"/><trkpt lat="35.111786" lon="128.996348"/><trkpt lat="35.111815" lon="128.99632"/><trkpt lat="35.111852" lon="128.996275"/><trkpt lat="35.112025" lon="128.996054"/><trkpt lat="35.11205" lon="128.996018"/><trkpt lat="35.112069" lon="128.995979"/><trkpt lat="35.112077" lon="128.995936"/><trkpt lat="35.11208" lon="128.995874"/><trkpt lat="35.112082" lon="128.995733"/><trkpt lat="35.112087" lon="128.995687"/><trkpt lat="35.112097" lon="128.995642"/><trkpt lat="35.112123" lon="128.995553"/><trkpt lat="35.112132" lon="128.995509"/><trkpt lat="35.112131" lon="128.995466"/><trkpt lat="35.112122" lon="128.995422"/><trkpt lat="35.11211" lon="128.995379"/><trkpt lat="35.112094" lon="128.995337"/><trkpt lat="35.112076" lon="128.995298"/><trkpt lat="35.112053" lon="128.995263"/><trkpt lat="35.112022" lon="128.995236"/><trkpt lat="35.111974" lon="128.995206"/><trkpt lat="35.1119" lon="128.995168"/><trkpt lat="35.111862" lon="128.995154"/><trkpt lat="35.111827" lon="128.995148"/><trkpt lat="35.111782" lon="128.995143"/><trkpt lat="35.111751" lon="128.995127"/><trkpt lat="35.111723" lon="128.995101"/><trkpt lat="35.111699" lon="128.995069"/><trkpt lat="35.111681" lon="128.995029"/><trkpt lat="35.111667" lon="128.994982"/><trkpt lat="35.111649" lon="128.994903"/><trkpt lat="35.111642" lon="128.994856"/><trkpt lat="35.111646" lon="128.994812"/><trkpt lat="35.111661" lon="128.994769"/><trkpt lat="35.111702" lon="128.994687"/><trkpt lat="35.111718" lon="128.994643"/><trkpt lat="35.111725" lon="128.994597"/><trkpt lat="35.111736" lon="128.994503"/><trkpt lat="35.111748" lon="128.994457"/><trkpt lat="35.111786" lon="128.994353"/><trkpt lat="35.111853" lon="128.994175"/><trkpt lat="35.111866" lon="128.994129"/><trkpt lat="35.111877" lon="128.994067"/><trkpt lat="35.111892" lon="128.993958"/><trkpt lat="35.111904" lon="128.993915"/><trkpt lat="35.111933" lon="128.99387"/><trkpt lat="35.11197" lon="128.993829"/><trkpt lat="35.111997" lon="128.993802"/></trkseg>
<trkseg><trkpt lat="35.140469" lon="128.995454"/><trkpt lat="35.140458" lon="128.995681"/><trkpt lat="35.140451" lon="128.995724"/><trkpt lat="35.140459" lon="128.995767"/><trkpt lat="35.140524" lon="128.995993"/><trkpt lat="35.14053" lon="128.996041"/><trkpt lat="35.140542" lon="128.996087"/><trkpt lat="35.140562" lon="128.996147"/><trkpt lat="35.140704" lon="128.996585"/><trkpt lat="35.140726" lon="128.996694"/><trkpt lat="35.140747" lon="128.996734"/><trkpt lat="35.140775" lon="128.996766"/><trkpt lat="35.140837" lon="128.996824"/><trkpt lat="35.140865" lon="128.996854"/><trkpt lat="35.140881" lon="128.996891"/><trkpt lat="35.140884" lon="128.996935"/><trkpt lat="35.14088" lon="128.996983"/><trkpt lat="35.140922" lon="128.99715"/><trkpt lat="35.140853" lon="128.997591"/><trkpt lat="35.140851" lon="128.99764"/><trkpt lat="35.140855" lon="128.997687"/><trkpt lat="35.140865" lon="128.997765"/><trkpt lat="35.140892" lon="128.997952"/><trkpt lat="35.140896" lon="128.997998"/><trkpt lat="35.140894" lon="128.998044"/><trkpt lat="35.140885" lon="128.99809"/><trkpt lat="35.140824" lon="128.998287"/><trkpt lat="35.140691" lon="128.998684"/><trkpt lat="35.140681" lon="128.99873"/><trkpt lat="35.140679" lon="128.998776"/><trkpt lat="35.140684" lon="128.998853"/><trkpt lat="35.140686" lon="128.9989"/><trkpt lat="35.140682" lon="128.998948"/><trkpt lat="35.140666" lon="128.999043"/><trkpt lat="35.140564" lon="128.99934"/><trkpt lat="35.140554" lon="128.999403"/><trkpt lat="35.140554" lon="128.999449"/><trkpt lat="35.140564" lon="128.999493"/><trkpt lat="35.14058" lon="128.999535"/><trkpt lat="35.140661" lon="128.999717"/><trkpt lat="35.140678" lon="128.999759"/><trkpt lat="35.140689" lon="128.999801"/><trkpt lat="35.140689" lon="128.999845"/><trkpt lat="35.140679" lon="128.999904"/><trkpt lat="35.140678" lon="128.99995"/><trkpt lat="35.140685" lon="129.000013"/><trkpt lat="35.140711" lon="129.000156"/><trkpt lat="35.140716" lon="129.000203"/><trkpt lat="35.140715" lon="129.00025"/><trkpt lat="35.140707" lon="129.000313"/><trkpt lat="35.140628" lon="129.000753"/><trkpt lat="35.140613" lon="129.000847"/><trkpt lat="35.14061" lon="129.000895"/><trkpt lat="35.14061" lon="129.001009"/><trkpt lat="35.140614" lon="129.001251"/><trkpt lat="35.140611" lon="129.001299"/><trkpt lat="35.140602" lon="129.001344"/><trkpt lat="35.140588" lon="129.001388"/><trkpt lat="35.140512" lon="129.001591"/><trkpt lat="35.140493" lon="129.001649"/><trkpt lat="35.140481" lon="129.001695"/><trkpt lat="35.140466" lon="129.001774"/><trkpt lat="35.140447" lon="129.001902"/><trkpt lat="35.140442" lon="129.00195"/><trkpt lat="35.140441" lon="129.002014"/><trkpt lat="35.140469" lon="129.002626"/><trkpt lat="35.140471" lon="129.002707"/><trkpt lat="35.140469" lon="129.002755"/><trkpt lat="35.140462" lon="129.002803"/><trkpt lat="35.140449" lon="129.002865"/><trkpt lat="35.140436" lon="129.002911"/><trkpt lat="35.140418" lon="129.002954"/><trkpt lat="35.140293" lon="129.003205"/><trkpt lat="35.140167" lon="129.003454"/><trkpt lat="35.140143" lon="129.003494"/><trkpt lat="35.140117" lon="129.003527"/><trkpt lat="35.140077" lon="129.003566"/><trkpt lat="35.139941" lon="129.003684"/></trkseg>
<trkseg><trkpt lat="35.115398" lon="128.99725"/><trkpt lat="35.115402" lon="128.997271"/><trkpt lat="35.115396" lon="128.997316"/><trkpt lat="35.115375" lon="128.997358"/><trkpt lat="35.115347" lon="128.997381"/><trkpt lat="35.115321" lon="128.997384"/><trkpt lat="35.115298" lon="128.997369"/><trkpt lat="35.115269" lon="128.99734"/><trkpt lat="35.115241" lon="128.997336"/><trkpt lat="35.115208" lon="128.99735"/><trkpt lat="35.115139" lon="128.997391"/><trkpt lat="35.115058" lon="128.997445"/><trkpt lat="35.115026" lon="128.997471"/><trkpt lat="35.115" lon="128.997502"/><trkpt lat="35.11498" lon="128.997541"/><trkpt lat="35.114949" lon="128.997608"/><trkpt lat="35.114926" lon="128.997641"/><trkpt lat="35.114897" lon="128.997662"/><trkpt lat="35.114862" lon="128.997674"/><trkpt lat="35.114826" lon="128.997678"/><trkpt lat="35.114788" lon="128.99767"/><trkpt lat="35.114724" lon="128.997649"/><trkpt lat="35.114685" lon="128.997641"/><trkpt lat="35.114648" lon="128.997642"/><trkpt lat="35.114611" lon="128.99765"/><trkpt lat="35.114577" lon="128.997663"/><trkpt lat="35.114535" lon="128.997693"/><trkpt lat="35.114502" lon="128.997713"/><trkpt lat="35.114466" lon="128.997721"/><trkpt lat="35.114374" lon="128.997726"/><trkpt lat="35.114335" lon="128.99773"/><trkpt lat="35.114296" lon="128.997739"/><trkpt lat="35.114259" lon="128.997756"/><trkpt lat="35.114227" lon="128.99778"/><trkpt lat="35.114182" lon="128.997831"/><trkpt lat="35.114152" lon="128.997856"/><trkpt lat="35.114116" lon="128.997872"/><trkpt lat="35.114053" lon="128.99789"/><trkpt lat="35.113925" lon="128.997923"/><trkpt lat="35.113891" lon="128.997935"/><trkpt lat="35.113865" lon="128.997953"/><trkpt lat="35.113845" lon="128.997985"/><trkpt lat="35.113818" lon="128.998011"/><trkpt lat="35.113775" lon="128.998045"/><trkpt lat="35.113603" lon="128.99817"/><trkpt lat="35.113557" lon="128.998201"/><trkpt lat="35.11352" lon="128.998219"/><trkpt lat="35.113482" lon="128.998233"/><trkpt lat="35.113155" lon="128.998322"/><trkpt lat="35.113089" lon="128.998337"/><trkpt lat="35.11305" lon="128.99834"/><trkpt lat="35.113" lon="128.998338"/><trkpt lat="35.112963" lon="128.998347"/><trkpt lat="35.112929" lon="128.998367"/><trkpt lat="35.112884" lon="128.998401"/><trkpt lat="35.112854" lon="128.998427"/><trkpt lat="35.112831" lon="128.998455"/><trkpt lat="35.112823" lon="128.998489"/><trkpt lat="35.112812" lon="128.99851"/><trkpt lat="35.112787" lon="128.998524"/><trkpt lat="35.112752" lon="128.998533"/><trkpt lat="35.112573" lon="128.998554"/><trkpt lat="35.112492" lon="128.998564"/></trkseg>
<trkseg><trkpt lat="35.112485" lon="128.993936"/><trkpt lat="35.112341" lon="128.993643"/><trkpt lat="35.112317" lon="128.993586"/><trkpt lat="35.112303" lon="128.993541"/><trkpt lat="35.112293" lon="128.993477"/><trkpt lat="35.112266" lon="128.993184"/><trkpt lat="35.112254" lon="128.99307"/><trkpt lat="35.112247" lon="128.993022"/><trkpt lat="35.112234" lon="128.992978"/><trkpt lat="35.112205" lon="128.992913"/><trkpt lat="35.112189" lon="128.992875"/><trkpt lat="35.112183" lon="128.992835"/><trkpt lat="35.112195" lon="128.992761"/><trkpt lat="35.1122" lon="128.992716"/><trkpt lat="35.112195" lon="128.992675"/><trkpt lat="35.112185" lon="128.99262"/><trkpt lat="35.112188" lon="128.992581"/><trkpt lat="35.112206" lon="128.992543"/><trkpt lat="35.112244" lon="128.992481"/><trkpt lat="35.112264" lon="128.992441"/><trkpt lat="35.112276" lon="128.992396"/><trkpt lat="35.112286" lon="128.992316"/><trkpt lat="35.112313" lon="128.992056"/><trkpt lat="35.112315" lon="128.99201"/><trkpt lat="35.112307" lon="128.99197"/><trkpt lat="35.112284" lon="128.991943"/><trkpt lat="35.112251" lon="128.991921"/><trkpt lat="35.112069" lon="128.991827"/><trkpt lat="35.11202" lon="128.991806"/><trkpt lat="35.111982" lon="128.991798"/><trkpt lat="35.111943" lon="128.9918"/><trkpt lat="35.111864" lon="128.991811"/><trkpt lat="35.111825" lon="128.991812"/><trkpt lat="35.11179" lon="128.991802"/><trkpt lat="35.11176" lon="128.991777"/><trkpt lat="35.111722" lon="128.991735"/><trkpt lat="35.111619" lon="128.991615"/><trkpt lat="35.111589" lon="128.991585"/><trkpt lat="35.111555" lon="128.991559"/><trkpt lat="35.111487" lon="128.991511"/><trkpt lat="35.111457" lon="128.991482"/><trkpt lat="35.111435" lon="128.991449"/><trkpt lat="35.111418" lon="128.991411"/><trkpt lat="35.111406" lon="128.991359"/><trkpt lat="35.111394" lon="128.991324"/><trkpt lat="35.111368" lon="128.991297"/><trkpt lat="35.111327" lon="128.991265"/><trkpt lat="35.1113" lon="128.991234"/><trkpt lat="35.111252" lon="128.991166"/><trkpt lat="35.111225" lon="128.991137"/><trkpt lat="35.11119" lon="128.991117"/><trkpt lat="35.111128" lon="128.991092"/><trkpt lat="35.111093" lon="128.991073"/><trkpt lat="35.111062" lon="128.991044"/><trkpt lat="35.111025" lon="128.990998"/><trkpt lat="35.110943" lon="128.990889"/><trkpt lat="35.110914" lon="128.990856"/><trkpt lat="35.110881" lon="128.990831"/><trkpt lat="35.110844" lon="128.990811"/><trkpt lat="35.110783" lon="128.99078"/><trkpt lat="35.11075" lon="128.990757"/><trkpt lat="35.110726" lon="128.990724"/><trkpt lat="35.110708" lon="128.990683"/><trkpt lat="35.11066" lon="128.990534"/><trkpt lat="35.110643" lon="128.990492"/><trkpt lat="35.11062" lon="128.990457"/><trkpt lat="35.110592" lon="128.990433"/><trkpt lat="35.110559" lon="128.990415"/><trkpt lat="35.110524" lon="128.990406"/><trkpt lat="35.11046" lon="128.990409"/><trkpt lat="35.110422" lon="128.990408"/><trkpt lat="35.110387" lon="128.990394"/><trkpt lat="35.110355" lon="128.990369"/><trkpt lat="35.110075" lon="128.990092"/><trkpt lat="35.110023" lon="128.990043"/><trkpt lat="35.10999" lon="128.990019"/><trkpt lat="35.109954" lon="128.990008"/><trkpt lat="35.109915" lon="128.990006"/><trkpt lat="35.109823" lon="128.99001"/><trkpt lat="35.109784" lon="128.990009"/><trkpt lat="35.109746" lon="128.99"/><trkpt lat="35.109709" lon="128.989983"/><trkpt lat="35.109543" lon="128.989877"/><trkpt lat="35.109211" lon="128.989665"/><trkpt lat="35.109164" lon="128.989633"/><trkpt lat="35.109133" lon="128.989605"/><trkpt lat="35.109107" lon="128.989571"/><trkpt lat="35.109076" lon="128.98952"/><trkpt lat="35.109016" lon="128.989413"/><trkpt lat="35.10899" lon="128.989361"/><trkpt lat="35.10898" lon="128.989325"/><trkpt lat="35.108987" lon="128.9893"/><trkpt lat="35.109007" lon="128.989288"/><trkpt lat="35.109003" lon="128.98922"/><trkpt lat="35.108956" lon="128.989193"/><trkpt lat="35.108809" lon="128.989118"/><trkpt lat="35.108773" lon="128.989105"/><trkpt lat="35.108736" lon="128.989101"/><trkpt lat="35.1087" lon="128.989111"/><trkpt lat="35.108651" lon="128.989132"/><trkpt lat="35.108542" lon="128.989183"/><trkpt lat="35.108505" lon="128.989194"/><trkpt lat="35.108468" lon="128.989193"/><trkpt lat="35.108429" lon="128.989183"/><trkpt lat="35.10825" lon="128.989115"/><trkpt lat="35.108147" lon="128.989077"/><trkpt lat="35.108108" lon="128.989067"/><trkpt lat="35.108069" lon="128.989061"/><trkpt lat="35.107952" lon="128.989053"/><trkpt lat="35.1079" lon="128.989047"/><trkpt lat="35.107862" lon="128.989036"/><trkpt lat="35.107826" lon="128.989019"/><trkpt lat="35.107684" lon="128.988935"/><trkpt lat="35.107614" lon="128.98889"/><trkpt lat="35.107581" lon="128.988864"/><trkpt lat="35.107507" lon="128.988795"/><trkpt lat="35.107267" lon="128.988567"/><trkpt lat="35.10723" lon="128.98854"/><trkpt lat="35.107182" lon="128.988519"/><trkpt lat="35.107133" lon="128.988508"/></trkseg>
<trkseg><trkpt lat="35.110091" lon="128.991827"/><trkpt lat="35.109977" lon="128.991627"/><trkpt lat="35.10995" lon="128.991573"/><trkpt lat="35.109937" lon="128.991531"/><trkpt lat="35.109936" lon="128.991486"/><trkpt lat="35.109941" lon="128.99144"/><trkpt lat="35.109955" lon="128.991364"/><trkpt lat="35.109966" lon="128.991319"/><trkpt lat="35.109984" lon="128.991276"/><trkpt lat="35.110006" lon="128.991236"/><trkpt lat="35.110077" lon="128.991117"/><trkpt lat="35.110099" lon="128.991077"/><trkpt lat="35.110115" lon="128.991035"/><trkpt lat="35.11012" lon="128.990992"/><trkpt lat="35.11012" lon="128.990947"/><trkpt lat="35.110116" lon="128.990902"/><trkpt lat="35.110108" lon="128.990858"/><trkpt lat="35.110093" lon="128.990815"/><trkpt lat="35.110062" lon="128.990746"/><trkpt lat="35.11004" lon="128.990707"/><trkpt lat="35.110014" lon="128.990673"/><trkpt lat="35.109983" lon="128.990645"/><trkpt lat="35.109847" lon="128.990548"/><trkpt lat="35.109688" lon="128.990438"/><trkpt lat="35.109602" lon="128.990391"/><trkpt lat="35.109183" lon="128.99017"/><trkpt lat="35.109082" lon="128.990126"/><trkpt lat="35.108754" lon="128.989989"/><trkpt lat="35.108715" lon="128.989977"/><trkpt lat="35.108494" lon="128.989926"/><trkpt lat="35.108429" lon="128.989909"/><trkpt lat="35.108391" lon="128.989895"/><trkpt lat="35.10833" lon="128.989863"/><trkpt lat="35.108223" lon="128.989798"/><trkpt lat="35.108177" lon="128.989766"/><trkpt lat="35.108148" lon="128.989736"/><trkpt lat="35.108096" lon="128.989666"/><trkpt lat="35.108012" lon="128.989544"/><trkpt lat="35.107985" lon="128.989512"/><trkpt lat="35.107954" lon="128.989488"/><trkpt lat="35.107917" lon="128.989474"/><trkpt lat="35.107825" lon="128.989453"/><trkpt lat="35.107772" lon="128.98944"/><trkpt lat="35.107735" lon="128.989425"/><trkpt lat="35.107638" lon="128.989373"/><trkpt lat="35.107592" lon="128.989341"/><trkpt lat="35.107562" lon="128.989312"/><trkpt lat="35.107508" lon="128.989242"/><trkpt lat="35.107341" lon="128.989012"/><trkpt lat="35.107318" lon="128.988974"/><trkpt lat="35.1073" lon="128.988933"/><trkpt lat="35.107282" lon="128.988844"/><trkpt lat="35.10727" lon="128.988799"/><trkpt lat="35.107247" lon="128.988742"/><trkpt lat="35.107133" lon="128.988508"/></trkseg>
<trkseg><trkpt lat="35.110091" lon="128.991827"/><trkpt lat="35.11008" lon="128.991815"/><trkpt lat="35.110049" lon="128.991796"/><trkpt lat="35.110002" lon="128.991785"/><trkpt lat="35.109933" lon="128.991793"/><trkpt lat="35.109629" lon="128.991849"/><trkpt lat="35.109577" lon="128.991861"/><trkpt lat="35.10954" lon="128.991875"/><trkpt lat="35.109492" lon="128.991902"/><trkpt lat="35.109259" lon="128.992055"/><trkpt lat="35.109177" lon="128.992107"/><trkpt lat="35.109141" lon="128.992127"/><trkpt lat="35.109104" lon="128.992142"/><trkpt lat="35.108846" lon="128.992221"/><trkpt lat="35.10877" lon="128.992247"/><trkpt lat="35.10872" lon="128.99227"/><trkpt lat="35.108477" lon="128.992409"/><trkpt lat="35.108247" lon="128.992541"/><trkpt lat="35.108212" lon="128.992565"/><trkpt lat="35.108144" lon="128.992617"/><trkpt lat="35.108031" lon="128.992707"/><trkpt lat="35.107996" lon="128.992731"/><trkpt lat="35.10796" lon="128.992747"/><trkpt lat="35.107921" lon="128.992753"/><trkpt lat="35.107719" lon="128.992759"/><trkpt lat="35.107477" lon="128.992764"/><trkpt lat="35.107409" lon="128.992757"/><trkpt lat="35.107208" lon="128.992728"/><trkpt lat="35.107169" lon="128.992719"/><trkpt lat="35.107133" lon="128.992704"/><trkpt lat="35.107076" lon="128.992674"/><trkpt lat="35.107042" lon="128.99266"/><trkpt lat="35.107003" lon="128.992655"/><trkpt lat="35.106964" lon="128.992655"/><trkpt lat="35.106925" lon="128.992659"/><trkpt lat="35.106887" lon="128.992669"/><trkpt lat="35.106851" lon="128.992688"/><trkpt lat="35.106805" lon="128.992722"/><trkpt lat="35.106659" lon="128.992839"/><trkpt lat="35.106625" lon="128.992862"/><trkpt lat="35.10659" lon="128.99288"/><trkpt lat="35.106549" lon="128.99289"/><trkpt lat="35.106518" lon="128.992907"/><trkpt lat="35.106468" lon="128.992954"/><trkpt lat="35.106436" lon="128.992979"/><trkpt lat="35.1064" lon="128.992997"/><trkpt lat="35.106349" lon="128.993016"/><trkpt lat="35.105925" lon="128.993159"/><trkpt lat="35.105862" lon="128.993183"/><trkpt lat="35.105826" lon="128.993203"/><trkpt lat="35.105792" lon="128.993229"/><trkpt lat="35.105608" lon="128.993392"/><trkpt lat="35.105445" lon="128.993536"/><trkpt lat="35.105404" lon="128.993577"/><trkpt lat="35.105379" lon="128.993613"/><trkpt lat="35.105361" lon="128.993656"/><trkpt lat="35.105242" lon="128.994041"/><trkpt lat="35.105217" lon="128.994117"/><trkpt lat="35.1052" lon="128.994158"/><trkpt lat="35.105177" lon="128.994186"/><trkpt lat="35.105142" lon="128.994208"/><trkpt lat="35.105117" lon="128.994237"/><trkpt lat="35.105096" lon="128.994256"/><trkpt lat="35.105065" lon="128.994262"/><trkpt lat="35.105009" lon="128.994269"/><trkpt lat="35.10498" lon="128.994284"/><trkpt lat="35.10494" lon="128.994331"/><trkpt lat="35.104911" lon="128.994352"/><trkpt lat="35.104861" lon="128.994383"/><trkpt lat="35.104842" lon="128.99441"/><trkpt lat="35.104832" lon="128.994473"/><trkpt lat="35.104822" lon="128.994508"/><trkpt lat="35.104799" lon="128.994535"/><trkpt lat="35.104761" lon="128.994569"/><trkpt lat="35.104736" lon="128.994602"/><trkpt lat="35.104694" lon="128.99468"/><trkpt lat="35.104672" lon="128.994717"/><trkpt lat="35.104646" lon="128.99475"/><trkpt lat="35.104615" lon="128.994775"/><trkpt lat="35.104548" lon="128.99482"/><trkpt lat="35.104516" lon="128.994844"/><trkpt lat="35.104491" lon="128.994875"/><trkpt lat="35.104466" lon="128.994926"/><trkpt lat="35.104442" lon="128.994959"/><trkpt lat="35.104413" lon="128.994987"/><trkpt lat="35.104316" lon="128.995065"/><trkpt lat="35.104274" lon="128.995101"/><trkpt lat="35.104245" lon="128.995131"/><trkpt lat="35.104221" lon="128.995165"/><trkpt lat="35.104184" lon="128.995225"/><trkpt lat="35.104159" lon="128.995254"/><trkpt lat="35.104121" lon="128.995277"/><trkpt lat="35.104095" lon="128.995296"/><trkpt lat="35.104072" lon="128.99533"/><trkpt lat="35.10404" lon="128.995398"/><trkpt lat="35.104017" lon="128.995435"/><trkpt lat="35.103987" lon="128.99546"/><trkpt lat="35.103952" lon="128.995479"/><trkpt lat="35.103881" lon="128.995515"/><trkpt lat="35.103848" lon="128.995537"/><trkpt lat="35.103823" lon="128.995568"/><trkpt lat="35.103791" lon="128.995633"/><trkpt lat="35.10377" lon="128.995672"/><trkpt lat="35.103745" lon="128.995709"/><trkpt lat="35.103551" lon="128.995953"/><trkpt lat="35.103504" lon="128.996009"/><trkpt lat="35.103473" lon="128.996038"/><trkpt lat="35.10344" lon="128.996063"/><trkpt lat="35.103301" lon="128.996154"/><trkpt lat="35.103272" lon="128.996177"/><trkpt lat="35.103257" lon="128.996203"/><trkpt lat="35.103267" lon="128.996233"/><trkpt lat="35.103291" lon="128.996265"/><trkpt lat="35.103379" lon="128.996364"/><trkpt lat="35.103419" lon="128.996405"/><trkpt lat="35.103451" lon="128.99643"/><trkpt lat="35.103487" lon="128.996444"/><trkpt lat="35.103526" lon="128.996451"/><trkpt lat="35.10376" lon="128.99648"/></trkseg>
<trkseg><trkpt lat="35.120878" lon="129.000293"/><trkpt lat="35.120933" lon="129.000434"/><trkpt lat="35.120948" lon="129.000478"/><trkpt lat="35.120958" lon="129.000521"/><trkpt lat="35.120961" lon="129.000565"/><trkpt lat="35.120957" lon="129.00061"/><trkpt lat="35.120944" lon="129.000716"/><trkpt lat="35.120944" lon="129.000761"/><trkpt lat="35.120952" lon="129.000807"/><trkpt lat="35.120969" lon="129.000868"/><trkpt lat="35.1211" lon="129.001279"/><trkpt lat="35.121127" lon="129.001371"/><trkpt lat="35.121136" lon="129.001418"/><trkpt lat="35.12114" lon="129.001463"/><trkpt lat="35.121143" lon="129.001537"/><trkpt lat="35.12115" lon="129.001577"/><trkpt lat="35.121169" lon="129.001608"/><trkpt lat="35.121198" lon="129.001632"/><trkpt lat="35.12125" lon="129.001671"/><trkpt lat="35.121275" lon="129.001702"/><trkpt lat="35.121294" lon="129.001743"/><trkpt lat="35.121313" lon="129.001803"/><trkpt lat="35.121356" lon="129.001958"/><trkpt lat="35.12137" lon="129.002021"/><trkpt lat="35.121377" lon="129.002066"/><trkpt lat="35.121383" lon="129.002132"/><trkpt lat="35.121397" lon="129.002169"/><trkpt lat="35.12142" lon="129.002203"/><trkpt lat="35.121482" lon="129.00228"/><trkpt lat="35.121505" lon="129.002315"/><trkpt lat="35.121521" lon="129.002356"/><trkpt lat="35.121531" lon="129.002402"/><trkpt lat="35.121557" lon="129.002576"/><trkpt lat="35.121566" lon="129.002623"/><trkpt lat="35.12158" lon="129.002667"/><trkpt lat="35.121599" lon="129.00271"/><trkpt lat="35.121641" lon="129.002792"/><trkpt lat="35.121657" lon="129.002834"/><trkpt lat="35.121661" lon="129.002876"/><trkpt lat="35.121657" lon="129.00292"/><trkpt lat="35.121646" lon="129.002993"/><trkpt lat="35.121646" lon="129.003037"/><trkpt lat="35.121657" lon="129.003081"/><trkpt lat="35.121684" lon="129.003153"/><trkpt lat="35.121697" lon="129.003197"/><trkpt lat="35.121699" lon="129.003242"/><trkpt lat="35.121694" lon="129.003334"/><trkpt lat="35.121692" lon="129.00338"/><trkpt lat="35.121697" lon="129.003425"/><trkpt lat="35.121709" lon="129.003469"/><trkpt lat="35.12174" lon="129.003557"/><trkpt lat="35.121752" lon="129.003601"/><trkpt lat="35.121754" lon="129.003645"/><trkpt lat="35.121747" lon="129.003719"/><trkpt lat="35.121744" lon="129.003763"/><trkpt lat="35.121751" lon="129.003806"/><trkpt lat="35.121771" lon="129.003862"/><trkpt lat="35.121799" lon="129.003933"/><trkpt lat="35.121812" lon="129.003977"/><trkpt lat="35.121822" lon="129.004064"/><trkpt lat="35.12183" lon="129.004104"/><trkpt lat="35.121849" lon="129.004135"/><trkpt lat="35.121877" lon="129.004158"/><trkpt lat="35.12191" lon="129.004176"/><trkpt lat="35.121943" lon="129.004187"/><trkpt lat="35.121996" lon="129.004192"/><trkpt lat="35.122018" lon="129.004208"/><trkpt lat="35.12203" lon="129.004244"/><trkpt lat="35.122043" lon="129.004321"/><trkpt lat="35.122055" lon="129.004366"/><trkpt lat="35.122073" lon="129.004406"/><trkpt lat="35.122094" lon="129.004445"/><trkpt lat="35.122118" lon="129.004482"/><trkpt lat="35.122144" lon="129.004513"/><trkpt lat="35.122176" lon="129.004535"/><trkpt lat="35.122231" lon="129.004566"/><trkpt lat="35.122257" lon="129.004588"/><trkpt lat="35.122269" lon="129.00462"/><trkpt lat="35.122268" lon="129.00469"/><trkpt lat="35.12227" lon="129.004732"/><trkpt lat="35.122281" lon="129.00477"/><trkpt lat="35.122312" lon="129.004829"/><trkpt lat="35.122327" lon="129.00487"/><trkpt lat="35.122338" lon="129.004914"/><trkpt lat="35.122345" lon="129.004957"/><trkpt lat="35.122346" lon="129.004998"/><trkpt lat="35.122331" lon="129.005031"/><trkpt lat="35.122297" lon="129.00507"/><trkpt lat="35.122274" lon="129.005101"/><trkpt lat="35.122264" lon="129.005136"/><trkpt lat="35.122266" lon="129.00517"/><trkpt lat="35.122282" lon="129.005194"/><trkpt lat="35.122316" lon="129.005223"/><trkpt lat="35.122338" lon="129.005259"/><trkpt lat="35.122384" lon="129.005353"/><trkpt lat="35.122405" lon="129.005391"/><trkpt lat="35.122429" lon="129.00542"/><trkpt lat="35.122454" lon="129.005445"/><trkpt lat="35.122469" lon="129.005482"/><trkpt lat="35.122484" lon="129.005557"/><trkpt lat="35.122498" lon="129.005598"/><trkpt lat="35.122522" lon="129.005628"/><trkpt lat="35.122552" lon="129.005647"/><trkpt lat="35.122586" lon="129.005659"/><trkpt lat="35.122614" lon="129.005683"/><trkpt lat="35.122648" lon="129.005727"/><trkpt lat="35.122697" lon="129.005799"/><trkpt lat="35.122725" lon="129.005828"/><trkpt lat="35.122757" lon="129.005843"/><trkpt lat="35.122805" lon="129.005854"/><trkpt lat="35.122841" lon="129.00587"/><trkpt lat="35.122888" lon="129.005896"/><trkpt lat="35.122946" lon="129.005931"/><trkpt lat="35.122979" lon="129.005956"/><trkpt lat="35.123007" lon="129.005985"/><trkpt lat="35.123032" lon="129.006019"/><trkpt lat="35.123052" lon="129.006056"/><trkpt lat="35.123068" lon="129.006094"/><trkpt lat="35.123077" lon="129.006144"/><trkpt lat="35.123091" lon="129.006182"/><trkpt lat="35.123114" lon="129.006219"/><trkpt lat="35.123155" lon="129.006278"/><trkpt lat="35.123173" lon="129.006317"/><trkpt lat="35.123179" lon="129.006357"/><trkpt lat="35.123184" lon="129.006428"/></trkseg>
<trkseg><trkpt lat="35.115497" lon="129.006951"/><trkpt lat="35.115847" lon="129.005566"/><trkpt lat="35.115901" lon="129.00511"/><trkpt lat="35.116194" lon="129.005084"/><trkpt lat="35.116394" lon="129.005078"/><trkpt lat="35.116433" lon="129.005081"/><trkpt lat="35.116469" lon="129.005093"/><trkpt lat="35.116582" lon="129.004841"/><trkpt lat="35.116594" lon="129.004746"/><trkpt lat="35.116607" lon="129.004684"/><trkpt lat="35.116642" lon="129.004545"/><trkpt lat="35.116656" lon="129.0045"/><trkpt lat="35.116675" lon="129.004461"/><trkpt lat="35.1167" lon="129.00443"/><trkpt lat="35.11673" lon="129.004408"/><trkpt lat="35.116765" lon="129.004397"/><trkpt lat="35.116825" lon="129.004384"/><trkpt lat="35.116858" lon="129.004367"/><trkpt lat="35.116888" lon="129.004341"/><trkpt lat="35.116946" lon="129.004286"/><trkpt lat="35.116976" lon="129.004267"/><trkpt lat="35.117024" lon="129.004244"/><trkpt lat="35.117051" lon="129.004214"/><trkpt lat="35.117081" lon="129.004162"/><trkpt lat="35.117122" lon="129.004079"/><trkpt lat="35.117139" lon="129.004036"/><trkpt lat="35.11715" lon="129.003991"/><trkpt lat="35.117157" lon="129.003928"/><trkpt lat="35.117177" lon="129.003655"/><trkpt lat="35.117183" lon="129.00361"/><trkpt lat="35.117193" lon="129.003576"/><trkpt lat="35.117214" lon="129.003562"/><trkpt lat="35.117241" lon="129.003536"/><trkpt lat="35.117262" lon="129.003456"/><trkpt lat="35.117323" lon="129.003414"/><trkpt lat="35.117356" lon="129.003402"/><trkpt lat="35.117387" lon="129.003381"/><trkpt lat="35.117434" lon="129.003329"/><trkpt lat="35.117463" lon="129.003301"/><trkpt lat="35.117494" lon="129.003287"/><trkpt lat="35.117525" lon="129.003287"/><trkpt lat="35.117557" lon="129.003304"/><trkpt lat="35.117587" lon="129.00333"/><trkpt lat="35.117666" lon="129.003409"/><trkpt lat="35.117698" lon="129.003433"/><trkpt lat="35.117735" lon="129.003451"/><trkpt lat="35.117786" lon="129.003469"/><trkpt lat="35.117993" lon="129.003532"/><trkpt lat="35.118031" lon="129.00354"/><trkpt lat="35.118069" lon="129.003538"/><trkpt lat="35.118106" lon="129.003524"/><trkpt lat="35.11829" lon="129.003426"/><trkpt lat="35.118462" lon="129.003334"/><trkpt lat="35.118496" lon="129.00331"/><trkpt lat="35.118522" lon="129.003279"/><trkpt lat="35.118543" lon="129.003243"/><trkpt lat="35.11856" lon="129.003203"/><trkpt lat="35.118571" lon="129.00316"/><trkpt lat="35.118575" lon="129.003112"/><trkpt lat="35.118593" lon="129.002895"/><trkpt lat="35.118601" lon="129.002638"/><trkpt lat="35.118598" lon="129.00259"/><trkpt lat="35.118589" lon="129.002544"/><trkpt lat="35.118562" lon="129.002436"/><trkpt lat="35.118544" lon="129.002377"/><trkpt lat="35.118526" lon="129.002334"/><trkpt lat="35.118497" lon="129.002278"/><trkpt lat="35.118452" lon="129.002197"/><trkpt lat="35.118427" lon="129.00216"/><trkpt lat="35.118398" lon="129.00213"/><trkpt lat="35.118364" lon="129.002109"/><trkpt lat="35.118255" lon="129.002059"/><trkpt lat="35.118221" lon="129.002039"/><trkpt lat="35.118193" lon="129.002011"/><trkpt lat="35.118172" lon="129.001972"/><trkpt lat="35.118144" lon="129.001898"/><trkpt lat="35.117998" lon="129.001602"/><trkpt lat="35.117975" lon="129.001543"/><trkpt lat="35.117954" lon="129.001502"/><trkpt lat="35.11792" lon="129.001452"/><trkpt lat="35.117599" lon="129.001006"/><trkpt lat="35.117563" lon="129.000959"/><trkpt lat="35.117544" lon="129.000926"/><trkpt lat="35.117545" lon="129.0009"/><trkpt lat="35.117568" lon="129.000884"/><trkpt lat="35.1176" lon="129.000872"/><trkpt lat="35.117636" lon="129.000863"/><trkpt lat="35.117675" lon="129.000858"/><trkpt lat="35.117908" lon="129.000891"/><trkpt lat="35.118217" lon="129.000923"/><trkpt lat="35.118257" lon="129.000921"/><trkpt lat="35.118296" lon="129.000914"/><trkpt lat="35.118386" lon="129.000891"/><trkpt lat="35.118587" lon="129.000801"/><trkpt lat="35.118625" lon="129.000793"/><trkpt lat="35.118664" lon="129.000792"/><trkpt lat="35.118704" lon="129.000799"/><trkpt lat="35.118862" lon="129.000843"/><trkpt lat="35.119064" lon="129.000882"/><trkpt lat="35.119101" lon="129.000898"/><trkpt lat="35.119137" lon="129.000917"/><trkpt lat="35.119292" lon="129.001022"/><trkpt lat="35.119326" lon="129.001038"/><trkpt lat="35.11936" lon="129.001032"/><trkpt lat="35.119381" lon="129.000999"/><trkpt lat="35.119381" lon="129.000941"/></trkseg>
<trkseg><trkpt lat="35.113099" lon="129.000416"/><trkpt lat="35.113082" lon="129.000414"/><trkpt lat="35.113048" lon="129.000421"/><trkpt lat="35.113018" lon="129.000455"/><trkpt lat="35.112998" lon="129.000515"/><trkpt lat="35.112959" lon="129.000671"/><trkpt lat="35.11295" lon="129.000719"/><trkpt lat="35.112946" lon="129.000765"/><trkpt lat="35.112949" lon="129.000855"/><trkpt lat="35.112944" lon="129.000899"/><trkpt lat="35.11293" lon="129.000943"/><trkpt lat="35.112834" lon="129.001157"/><trkpt lat="35.112757" lon="129.001329"/><trkpt lat="35.112736" lon="129.001365"/><trkpt lat="35.112713" lon="129.001386"/><trkpt lat="35.112686" lon="129.001378"/><trkpt lat="35.112655" lon="129.001354"/><trkpt lat="35.112604" lon="129.00131"/><trkpt lat="35.112575" lon="129.001295"/><trkpt lat="35.112548" lon="129.001304"/><trkpt lat="35.112523" lon="129.001334"/><trkpt lat="35.112491" lon="129.001384"/><trkpt lat="35.112246" lon="129.001793"/><trkpt lat="35.112189" lon="129.001883"/><trkpt lat="35.112162" lon="129.001919"/><trkpt lat="35.112032" lon="129.002061"/><trkpt lat="35.111981" lon="129.002113"/><trkpt lat="35.111949" lon="129.002138"/><trkpt lat="35.111913" lon="129.002149"/><trkpt lat="35.111874" lon="129.002148"/><trkpt lat="35.1117" lon="129.002121"/><trkpt lat="35.110911" lon="129.002005"/><trkpt lat="35.110831" lon="129.001991"/><trkpt lat="35.110792" lon="129.001979"/><trkpt lat="35.110502" lon="129.001864"/><trkpt lat="35.110437" lon="129.001833"/><trkpt lat="35.110398" lon="129.001798"/><trkpt lat="35.110376" lon="129.001766"/><trkpt lat="35.110368" lon="129.001749"/></trkseg>
<trkseg><trkpt lat="35.113099" lon="129.000416"/><trkpt lat="35.113088" lon="129.000552"/><trkpt lat="35.113087" lon="129.000601"/><trkpt lat="35.113091" lon="129.000648"/><trkpt lat="35.113105" lon="129.000742"/><trkpt lat="35.113148" lon="129.001023"/><trkpt lat="35.113152" lon="129.001071"/><trkpt lat="35.11315" lon="129.001346"/><trkpt lat="35.113146" lon="129.00159"/><trkpt lat="35.113141" lon="129.001654"/><trkpt lat="35.113131" lon="129.001716"/><trkpt lat="35.113097" lon="129.001901"/><trkpt lat="35.113083" lon="129.001961"/><trkpt lat="35.113068" lon="129.002005"/><trkpt lat="35.113037" lon="129.002076"/><trkpt lat="35.112937" lon="129.002286"/><trkpt lat="35.112915" lon="129.002326"/><trkpt lat="35.112873" lon="129.002389"/><trkpt lat="35.112651" lon="129.002694"/><trkpt lat="35.112605" lon="129.002753"/><trkpt lat="35.112566" lon="129.002794"/><trkpt lat="35.112473" lon="129.002877"/><trkpt lat="35.11242" lon="129.00292"/><trkpt lat="35.112385" lon="129.002941"/><trkpt lat="35.112348" lon="129.002958"/><trkpt lat="35.112156" lon="129.003026"/><trkpt lat="35.112105" lon="129.003042"/><trkpt lat="35.112066" lon="129.003051"/><trkpt lat="35.112027" lon="129.003055"/><trkpt lat="35.111908" lon="129.003062"/><trkpt lat="35.111856" lon="129.003068"/><trkpt lat="35.111817" lon="129.003079"/><trkpt lat="35.11178" lon="129.003095"/><trkpt lat="35.111731" lon="129.003121"/><trkpt lat="35.111697" lon="129.003145"/><trkpt lat="35.111656" lon="129.003185"/><trkpt lat="35.111596" lon="129.003248"/><trkpt lat="35.111564" lon="129.003273"/><trkpt lat="35.11153" lon="129.003283"/><trkpt lat="35.111487" lon="129.00328"/><trkpt lat="35.11142" lon="129.003265"/><trkpt lat="35.111387" lon="129.003257"/></trkseg>
<trkseg><trkpt lat="35.139342" lon="129.004548"/><trkpt lat="35.139223" lon="129.004602"/><trkpt lat="35.139188" lon="129.004622"/><trkpt lat="35.139154" lon="129.004648"/><trkpt lat="35.139079" lon="129.004717"/><trkpt lat="35.138917" lon="129.004865"/><trkpt lat="35.138882" lon="129.00489"/><trkpt lat="35.138846" lon="129.004908"/><trkpt lat="35.138768" lon="129.004937"/><trkpt lat="35.138535" lon="129.005018"/></trkseg>
<trkseg><trkpt lat="35.138535" lon="129.005018"/><trkpt lat="35.138299" lon="129.00502"/><trkpt lat="35.13826" lon="129.005025"/><trkpt lat="35.138225" lon="129.005039"/><trkpt lat="35.138191" lon="129.005064"/><trkpt lat="35.138149" lon="129.005103"/><trkpt lat="35.137621" lon="129.005614"/><trkpt lat="35.137558" lon="129.005676"/><trkpt lat="35.137188" lon="129.006095"/><trkpt lat="35.137138" lon="129.006148"/><trkpt lat="35.137106" lon="129.006176"/><trkpt lat="35.13704" lon="129.00622"/><trkpt lat="35.136997" lon="129.006251"/><trkpt lat="35.136969" lon="129.006282"/><trkpt lat="35.136937" lon="129.006331"/><trkpt lat="35.136826" lon="129.006527"/></trkseg>
<trkseg><trkpt lat="35.128623" lon="129.009117"/><trkpt lat="35.12856" lon="129.008907"/><trkpt lat="35.128539" lon="129.008848"/><trkpt lat="35.128499" lon="129.008764"/><trkpt lat="35.128329" lon="129.008433"/><trkpt lat="35.128283" lon="129.008353"/><trkpt lat="35.12774" lon="129.007459"/><trkpt lat="35.12771" lon="129.007405"/><trkpt lat="35.127695" lon="129.007363"/><trkpt lat="35.127689" lon="129.007321"/><trkpt lat="35.127684" lon="129.00725"/><trkpt lat="35.127669" lon="129.007211"/><trkpt lat="35.127646" lon="129.007174"/><trkpt lat="35.12761" lon="129.007128"/><trkpt lat="35.127527" lon="129.007025"/><trkpt lat="35.127504" lon="129.006989"/><trkpt lat="35.127492" lon="129.006949"/><trkpt lat="35.127492" lon="129.006907"/><trkpt lat="35.127495" lon="129.006849"/><trkpt lat="35.127489" lon="129.006807"/><trkpt lat="35.127474" lon="129.006768"/><trkpt lat="35.127454" lon="129.006732"/><trkpt lat="35.127426" lon="129.006704"/><trkpt lat="35.127393" lon="129.006682"/><trkpt lat="35.127358" lon="129.006664"/><trkpt lat="35.127321" lon="129.006652"/><trkpt lat="35.127282" lon="129.006647"/><trkpt lat="35.127123" lon="129.006651"/><trkpt lat="35.127059" lon="129.006651"/><trkpt lat="35.127026" lon="129.006645"/><trkpt lat="35.12701" lon="129.006627"/><trkpt lat="35.127014" lon="129.006595"/><trkpt lat="35.127031" lon="129.00656"/><trkpt lat="35.127059" lon="129.006529"/><trkpt lat="35.127103" lon="129.006494"/><trkpt lat="35.127299" lon="129.006354"/><trkpt lat="35.127345" lon="129.006325"/><trkpt lat="35.127421" lon="129.006288"/><trkpt lat="35.127587" lon="129.006216"/><trkpt lat="35.127624" lon="129.006197"/><trkpt lat="35.127656" lon="129.006171"/><trkpt lat="35.127677" lon="129.006139"/><trkpt lat="35.127691" lon="129.006101"/><trkpt lat="35.127699" lon="129.006059"/><trkpt lat="35.1277" lon="129.006011"/><trkpt lat="35.127696" lon="129.005963"/><trkpt lat="35.127687" lon="129.00592"/><trkpt lat="35.127667" lon="129.005888"/><trkpt lat="35.127635" lon="129.005872"/><trkpt lat="35.127598" lon="129.005862"/><trkpt lat="35.127441" lon="129.005831"/><trkpt lat="35.127389" lon="129.005825"/><trkpt lat="35.127349" lon="129.005827"/><trkpt lat="35.127283" lon="129.00584"/><trkpt lat="35.126925" lon="129.005925"/><trkpt lat="35.126871" lon="129.005933"/><trkpt lat="35.126789" lon="129.005934"/><trkpt lat="35.126737" lon="129.00593"/><trkpt lat="35.126704" lon="129.005919"/><trkpt lat="35.126687" lon="129.005891"/><trkpt lat="35.126683" lon="129.005848"/><trkpt lat="35.126684" lon="129.0058"/><trkpt lat="35.126688" lon="129.005752"/><trkpt lat="35.1267" lon="129.00571"/><trkpt lat="35.126724" lon="129.005678"/><trkpt lat="35.126756" lon="129.005651"/><trkpt lat="35.126917" lon="129.005538"/><trkpt lat="35.126996" lon="129.005481"/><trkpt lat="35.127028" lon="129.005452"/><trkpt lat="35.127055" lon="129.00542"/><trkpt lat="35.127097" lon="129.00536"/><trkpt lat="35.127119" lon="129.005322"/><trkpt lat="35.127138" lon="129.005283"/><trkpt lat="35.127147" lon="129.005239"/><trkpt lat="35.127149" lon="129.005191"/><trkpt lat="35.12714" lon="129.004995"/><trkpt lat="35.127141" lon="129.00493"/><trkpt lat="35.127147" lon="129.004882"/><trkpt lat="35.127195" lon="129.004626"/><trkpt lat="35.127237" lon="129.004401"/><trkpt lat="35.127249" lon="129.004356"/><trkpt lat="35.127269" lon="129.004317"/><trkpt lat="35.127297" lon="129.004286"/><trkpt lat="35.127341" lon="129.00425"/><trkpt lat="35.127499" lon="129.004126"/><trkpt lat="35.12753" lon="129.004097"/><trkpt lat="35.127555" lon="129.004062"/><trkpt lat="35.127575" lon="129.004025"/><trkpt lat="35.127599" lon="129.003971"/><trkpt lat="35.127612" lon="129.003929"/><trkpt lat="35.127621" lon="129.003885"/><trkpt lat="35.127625" lon="129.00384"/><trkpt lat="35.127627" lon="129.003795"/><trkpt lat="35.127624" lon="129.00375"/><trkpt lat="35.127613" lon="129.003705"/><trkpt lat="35.127586" lon="129.00363"/><trkpt lat="35.127548" lon="129.003543"/><trkpt lat="35.127526" lon="129.003502"/><trkpt lat="35.12749" lon="129.003454"/><trkpt lat="35.127413" lon="129.003361"/><trkpt lat="35.127385" lon="129.003333"/><trkpt lat="35.127358" lon="129.003321"/><trkpt lat="35.127334" lon="129.003339"/><trkpt lat="35.127312" lon="129.003372"/><trkpt lat="35.127266" lon="129.003448"/><trkpt lat="35.127238" lon="129.003479"/><trkpt lat="35.127205" lon="129.003503"/><trkpt lat="35.127157" lon="129.00353"/><trkpt lat="35.127023" lon="129.003602"/><trkpt lat="35.126989" lon="129.003626"/><trkpt lat="35.126924" lon="129.003683"/><trkpt lat="35.126651" lon="129.003943"/><trkpt lat="35.126618" lon="129.003971"/><trkpt lat="35.126583" lon="129.003994"/><trkpt lat="35.12651" lon="129.004034"/><trkpt lat="35.126373" lon="129.004105"/><trkpt lat="35.126336" lon="129.004119"/><trkpt lat="35.126301" lon="129.004121"/><trkpt lat="35.126275" lon="129.004103"/><trkpt lat="35.126265" lon="129.004072"/><trkpt lat="35.126267" lon="129.004035"/><trkpt lat="35.126281" lon="129.003992"/><trkpt lat="35.12631" lon="129.003936"/><trkpt lat="35.126479" lon="129.003634"/><trkpt lat="35.1265" lon="129.003593"/><trkpt lat="35.126513" lon="129.003552"/><trkpt lat="35.126509" lon="129.003512"/><trkpt lat="35.12649" lon="129.003472"/><trkpt lat="35.126466" lon="129.003433"/><trkpt lat="35.126439" lon="129.003398"/><trkpt lat="35.126408" lon="129.003372"/><trkpt lat="35.126371" lon="129.003357"/><trkpt lat="35.126333" lon="129.003348"/><trkpt lat="35.126294" lon="129.003344"/><trkpt lat="35.126256" lon="129.003345"/><trkpt lat="35.126207" lon="129.003355"/><trkpt lat="35.126146" lon="129.003372"/><trkpt lat="35.12611" lon="129.003386"/><trkpt lat="35.126023" lon="129.00343"/><trkpt lat="35.125751" lon="129.003575"/><trkpt lat="35.125713" lon="129.00359"/><trkpt lat="35.125676" lon="129.003599"/><trkpt lat="35.125599" lon="129.003608"/><trkpt lat="35.125548" lon="129.003611"/><trkpt lat="35.125509" lon="129.003608"/><trkpt lat="35.12547" lon="129.003598"/><trkpt lat="35.125432" lon="129.003584"/><trkpt lat="35.125396" lon="129.003565"/><trkpt lat="35.125365" lon="129.003538"/><trkpt lat="35.125342" lon="129.003503"/><trkpt lat="35.125332" lon="129.003468"/><trkpt lat="35.125339" lon="129.003438"/><trkpt lat="35.125364" lon="129.003413"/><trkpt lat="35.125398" lon="129.003394"/><trkpt lat="35.125511" lon="129.003346"/><trkpt lat="35.125546" lon="129.003328"/><trkpt lat="35.125578" lon="129.003304"/><trkpt lat="35.125603" lon="129.00327"/><trkpt lat="35.12563" lon="129.003218"/><trkpt lat="35.125693" lon="129.00308"/><trkpt lat="35.125716" lon="129.003024"/><trkpt lat="35.125731" lon="129.002979"/><trkpt lat="35.125772" lon="129.002809"/><trkpt lat="35.125799" lon="129.002684"/><trkpt lat="35.125805" lon="129.002636"/><trkpt lat="35.125808" lon="129.002587"/><trkpt lat="35.125806" lon="129.002539"/><trkpt lat="35.125798" lon="129.002494"/><trkpt lat="35.125781" lon="129.002435"/><trkpt lat="35.125734" lon="129.002273"/><trkpt lat="35.125724" lon="129.002226"/><trkpt lat="35.125681" lon="129.001907"/><trkpt lat="35.125646" lon="129.001635"/><trkpt lat="35.125643" lon="129.001587"/><trkpt lat="35.125647" lon="129.00154"/><trkpt lat="35.12566" lon="129.001478"/><trkpt lat="35.125717" lon="129.001245"/><trkpt lat="35.125778" lon="129.000997"/><trkpt lat="35.125794" lon="129.000953"/><trkpt lat="35.125814" lon="129.000912"/><trkpt lat="35.125838" lon="129.000874"/><trkpt lat="35.125865" lon="129.00084"/><trkpt lat="35.125895" lon="129.000813"/><trkpt lat="35.12593" lon="129.000794"/><trkpt lat="35.126081" lon="129.000739"/><trkpt lat="35.126143" lon="129.000715"/><trkpt lat="35.126177" lon="129.000697"/><trkpt lat="35.126203" lon="129.000669"/><trkpt lat="35.126221" lon="129.000629"/><trkpt lat="35.126234" lon="129.000585"/><trkpt lat="35.126372" lon="129.00006"/><trkpt lat="35.12639" lon="128.999999"/><trkpt lat="35.126406" lon="128.999956"/><trkpt lat="35.126429" lon="128.999916"/><trkpt lat="35.126481" lon="128.999842"/><trkpt lat="35.126759" lon="128.999465"/><trkpt lat="35.126803" lon="128.999403"/><trkpt lat="35.126826" lon="128.999363"/><trkpt lat="35.12684" lon="128.999323"/><trkpt lat="35.126849" lon="128.999282"/><trkpt lat="35.126852" lon="128.99924"/><trkpt lat="35.126844" lon="128.999201"/><trkpt lat="35.126827" lon="128.999166"/><trkpt lat="35.126801" lon="128.999133"/><trkpt lat="35.126761" lon="128.999095"/><trkpt lat="35.126707" lon="128.999051"/><trkpt lat="35.126674" lon="128.999029"/><trkpt lat="35.126637" lon="128.999013"/><trkpt lat="35.126507" lon="128.998974"/><trkpt lat="35.126377" lon="128.99894"/><trkpt lat="35.125226" lon="128.99869"/><trkpt lat="35.12516" lon="128.998677"/><trkpt lat="35.12512" lon="128.998673"/><trkpt lat="35.125082" lon="128.998675"/><trkpt lat="35.12498" lon="128.99869"/><trkpt lat="35.124941" lon="128.998692"/><trkpt lat="35.124902" lon="128.998689"/><trkpt lat="35.124783" lon="128.998667"/><trkpt lat="35.124717" lon="128.998651"/><trkpt lat="35.12468" lon="128.998637"/><trkpt lat="35.124646" lon="128.998615"/><trkpt lat="35.124593" lon="128.99857"/><trkpt lat="35.124467" lon="128.998456"/><trkpt lat="35.124428" lon="128.998416"/><trkpt lat="35.124388" lon="128.998361"/><trkpt lat="35.124363" lon="128.998335"/><trkpt lat="35.124329" lon="128.998322"/><trkpt lat="35.124279" lon="128.998312"/><trkpt lat="35.124163" lon="128.998294"/><trkpt lat="35.124125" lon="128.998285"/><trkpt lat="35.124088" lon="128.99827"/><trkpt lat="35.124017" lon="128.99823"/><trkpt lat="35.1239" lon="128.998156"/><trkpt lat="35.123868" lon="128.99813"/><trkpt lat="35.123842" lon="128.998097"/><trkpt lat="35.123815" lon="128.998044"/><trkpt lat="35.123764" lon="128.997936"/><trkpt lat="35.123741" lon="128.997901"/><trkpt lat="35.123711" lon="128.997872"/><trkpt lat="35.123666" lon="128.997839"/><trkpt lat="35.123597" lon="128.997791"/><trkpt lat="35.123566" lon="128.997763"/><trkpt lat="35.123539" lon="128.997728"/><trkpt lat="35.123508" lon="128.997677"/><trkpt lat="35.123372" lon="128.997438"/><trkpt lat="35.12334" lon="128.997387"/><trkpt lat="35.123313" lon="128.997353"/><trkpt lat="35.123274" lon="128.997321"/><trkpt lat="35.123204" lon="128.997275"/></trkseg>
<trkseg><trkpt lat="35.128286" lon="128.987456"/><trkpt lat="35.128504" lon="128.987276"/><trkpt lat="35.128544" lon="128.987237"/><trkpt lat="35.128569" lon="128.987202"/><trkpt lat="35.128587" lon="128.98716"/><trkpt lat="35.128607" lon="128.9871"/><trkpt lat="35.128634" lon="128.987008"/><trkpt lat="35.128645" lon="128.986962"/><trkpt lat="35.128648" lon="128.986915"/><trkpt lat="35.128645" lon="128.986851"/><trkpt lat="35.128615" lon="128.986532"/><trkpt lat="35.128608" lon="128.986485"/><trkpt lat="35.128598" lon="128.986439"/><trkpt lat="35.128575" lon="128.986365"/><trkpt lat="35.128499" lon="128.986143"/><trkpt lat="35.128487" lon="128.986099"/><trkpt lat="35.128482" lon="128.986058"/><trkpt lat="35.128493" lon="128.986023"/><trkpt lat="35.128518" lon="128.985994"/><trkpt lat="35.128564" lon="128.985946"/><trkpt lat="35.128586" lon="128.985915"/><trkpt lat="35.128594" lon="128.985878"/><trkpt lat="35.128591" lon="128.985811"/><trkpt lat="35.128599" lon="128.985774"/><trkpt lat="35.12862" lon="128.985743"/><trkpt lat="35.128649" lon="128.985705"/><trkpt lat="35.128654" lon="128.985676"/><trkpt lat="35.128637" lon="128.985644"/><trkpt lat="35.12861" lon="128.985613"/><trkpt lat="35.128518" lon="128.985516"/><trkpt lat="35.128491" lon="128.985481"/><trkpt lat="35.128468" lon="128.985443"/><trkpt lat="35.12845" lon="128.985401"/><trkpt lat="35.128419" lon="128.985314"/><trkpt lat="35.128394" lon="128.985224"/><trkpt lat="35.128386" lon="128.985181"/><trkpt lat="35.128384" lon="128.98514"/><trkpt lat="35.128395" lon="128.985107"/><trkpt lat="35.128421" lon="128.985071"/><trkpt lat="35.128429" lon="128.98504"/><trkpt lat="35.128422" lon="128.985002"/><trkpt lat="35.128404" lon="128.984947"/><trkpt lat="35.128395" lon="128.984907"/><trkpt lat="35.1284" lon="128.984872"/><trkpt lat="35.128419" lon="128.984817"/><trkpt lat="35.128415" lon="128.984781"/><trkpt lat="35.128403" lon="128.984731"/><trkpt lat="35.1284" lon="128.984699"/><trkpt lat="35.128418" lon="128.984666"/><trkpt lat="35.128429" lon="128.984634"/><trkpt lat="35.128434" lon="128.98458"/><trkpt lat="35.128443" lon="128.984547"/><trkpt lat="35.128474" lon="128.984523"/><trkpt lat="35.128493" lon="128.984501"/><trkpt lat="35.128508" lon="128.98446"/><trkpt lat="35.128528" lon="128.984427"/><trkpt lat="35.128576" lon="128.984379"/><trkpt lat="35.128603" lon="128.984348"/><trkpt lat="35.128619" lon="128.984315"/><trkpt lat="35.128628" lon="128.984252"/><trkpt lat="35.128638" lon="128.984207"/><trkpt lat="35.128681" lon="128.984057"/><trkpt lat="35.128702" lon="128.983981"/><trkpt lat="35.128709" lon="128.983936"/><trkpt lat="35.128711" lon="128.983877"/><trkpt lat="35.12872" lon="128.983836"/><trkpt lat="35.128756" lon="128.983756"/><trkpt lat="35.128771" lon="128.983715"/><trkpt lat="35.128779" lon="128.983668"/><trkpt lat="35.128783" lon="128.983604"/><trkpt lat="35.128789" lon="128.983457"/><trkpt lat="35.128795" lon="128.98341"/><trkpt lat="35.128807" lon="128.983367"/><trkpt lat="35.128833" lon="128.983298"/><trkpt lat="35.128838" lon="128.983254"/><trkpt lat="35.128835" lon="128.983208"/><trkpt lat="35.128821" lon="128.983114"/><trkpt lat="35.128808" lon="128.983053"/><trkpt lat="35.128793" lon="128.983011"/><trkpt lat="35.128753" lon="128.982951"/><trkpt lat="35.128733" lon="128.982914"/><trkpt lat="35.128723" lon="128.982871"/><trkpt lat="35.128717" lon="128.982793"/><trkpt lat="35.128712" lon="128.982746"/><trkpt lat="35.128698" lon="128.982704"/><trkpt lat="35.128669" lon="128.982652"/><trkpt lat="35.128623" lon="128.982575"/><trkpt lat="35.128605" lon="128.982535"/><trkpt lat="35.128599" lon="128.982491"/><trkpt lat="35.128603" lon="128.982446"/><trkpt lat="35.128613" lon="128.982406"/><trkpt lat="35.128635" lon="128.982373"/><trkpt lat="35.128638" lon="128.982356"/><trkpt lat="35.128615" lon="128.982331"/><trkpt lat="35.128598" lon="128.9823"/><trkpt lat="35.128587" lon="128.982258"/><trkpt lat="35.128579" lon="128.982213"/><trkpt lat="35.128574" lon="128.982166"/><trkpt lat="35.128575" lon="128.982118"/><trkpt lat="35.12858" lon="128.982069"/><trkpt lat="35.128594" lon="128.981955"/><trkpt lat="35.128594" lon="128.981908"/><trkpt lat="35.128584" lon="128.981863"/><trkpt lat="35.128564" lon="128.981804"/><trkpt lat="35.128452" lon="128.981511"/><trkpt lat="35.128433" lon="128.981451"/><trkpt lat="35.128424" lon="128.981405"/><trkpt lat="35.128422" lon="128.981358"/><trkpt lat="35.128427" lon="128.981163"/><trkpt lat="35.128433" lon="128.981066"/><trkpt lat="35.12844" lon="128.981019"/><trkpt lat="35.128455" lon="128.980975"/><trkpt lat="35.128489" lon="128.980905"/><trkpt lat="35.128565" lon="128.980751"/><trkpt lat="35.128582" lon="128.980707"/><trkpt lat="35.1286" lon="128.980647"/><trkpt lat="35.128663" lon="128.980399"/><trkpt lat="35.128673" lon="128.980353"/><trkpt lat="35.128676" lon="128.980308"/><trkpt lat="35.128665" lon="128.980269"/><trkpt lat="35.128698" lon="128.980131"/><trkpt lat="35.128728" lon="128.980103"/><trkpt lat="35.128785" lon="128.980038"/><trkpt lat="35.128868" lon="128.979932"/><trkpt lat="35.128902" lon="128.979882"/><trkpt lat="35.128923" lon="128.979842"/><trkpt lat="35.128939" lon="128.979799"/><trkpt lat="35.128983" lon="128.979648"/><trkpt lat="35.129001" lon="128.979589"/><trkpt lat="35.129019" lon="128.979548"/><trkpt lat="35.129043" lon="128.979513"/><trkpt lat="35.129074" lon="128.979485"/><trkpt lat="35.129174" lon="128.979406"/><trkpt lat="35.129228" lon="128.979361"/><trkpt lat="35.129258" lon="128.97933"/><trkpt lat="35.12928" lon="128.979295"/><trkpt lat="35.129299" lon="128.979256"/><trkpt lat="35.129314" lon="128.979215"/><trkpt lat="35.129323" lon="128.979171"/><trkpt lat="35.129328" lon="128.979096"/><trkpt lat="35.129336" lon="128.979055"/><trkpt lat="35.129358" lon="128.979022"/><trkpt lat="35.129388" lon="128.978994"/><trkpt lat="35.129463" lon="128.978931"/><trkpt lat="35.129492" lon="128.978901"/><trkpt lat="35.129517" lon="128.978864"/><trkpt lat="35.129661" lon="128.978596"/><trkpt lat="35.129708" lon="128.978498"/><trkpt lat="35.129837" lon="128.978192"/><trkpt lat="35.12986" lon="128.978132"/><trkpt lat="35.129872" lon="128.978086"/><trkpt lat="35.129887" lon="128.978007"/><trkpt lat="35.129943" lon="128.977672"/><trkpt lat="35.129953" lon="128.977626"/><trkpt lat="35.129969" lon="128.977582"/><trkpt lat="35.12999" lon="128.977542"/><trkpt lat="35.130092" lon="128.977389"/><trkpt lat="35.130133" lon="128.977325"/><trkpt lat="35.130155" lon="128.977285"/><trkpt lat="35.13017" lon="128.977242"/><trkpt lat="35.13018" lon="128.977195"/><trkpt lat="35.130234" lon="128.976859"/><trkpt lat="35.130247" lon="128.976763"/><trkpt lat="35.13025" lon="128.976716"/><trkpt lat="35.130249" lon="128.97664"/><trkpt lat="35.130252" lon="128.976596"/><trkpt lat="35.130265" lon="128.976555"/><trkpt lat="35.130303" lon="128.976493"/><trkpt lat="35.130324" lon="128.976454"/><trkpt lat="35.13034" lon="128.976411"/><trkpt lat="35.130368" lon="128.976304"/><trkpt lat="35.130404" lon="128.97615"/><trkpt lat="35.130411" lon="128.976104"/><trkpt lat="35.130409" lon="128.976059"/><trkpt lat="35.130397" lon="128.976014"/><trkpt lat="35.130362" lon="128.975926"/><trkpt lat="35.130293" lon="128.975765"/><trkpt lat="35.130272" lon="128.975724"/><trkpt lat="35.130214" lon="128.975637"/><trkpt lat="35.130154" lon="128.975553"/><trkpt lat="35.130126" lon="128.975519"/><trkpt lat="35.130094" lon="128.975493"/><trkpt lat="35.130059" lon="128.975474"/><trkpt lat="35.130022" lon="128.975464"/><trkpt lat="35.129986" lon="128.975469"/><trkpt lat="35.129953" lon="128.975486"/><trkpt lat="35.12993" lon="128.975525"/><trkpt lat="35.129916" lon="128.975583"/><trkpt lat="35.129908" lon="128.975641"/></trkseg>
<trkseg><trkpt lat="35.128286" lon="128.987456"/><trkpt lat="35.128667" lon="128.98745"/><trkpt lat="35.128706" lon="128.987446"/><trkpt lat="35.128743" lon="128.987435"/><trkpt lat="35.128779" lon="128.987415"/><trkpt lat="35.128954" lon="128.987291"/><trkpt lat="35.129011" lon="128.987248"/><trkpt lat="35.129042" lon="128.987218"/><trkpt lat="35.129069" lon="128.987185"/><trkpt lat="35.129164" lon="128.987056"/><trkpt lat="35.1292" lon="128.987013"/><trkpt lat="35.129232" lon="128.986985"/><trkpt lat="35.129324" lon="128.986924"/><trkpt lat="35.129357" lon="128.986901"/><trkpt lat="35.129382" lon="128.986874"/><trkpt lat="35.129391" lon="128.986838"/><trkpt lat="35.129388" lon="128.986766"/><trkpt lat="35.129396" lon="128.986724"/><trkpt lat="35.129413" lon="128.986683"/><trkpt lat="35.129508" lon="128.986508"/><trkpt lat="35.129546" lon="128.986444"/><trkpt lat="35.129573" lon="128.98641"/><trkpt lat="35.129604" lon="128.986386"/><trkpt lat="35.129663" lon="128.986355"/><trkpt lat="35.129771" lon="128.986303"/><trkpt lat="35.129805" lon="128.986281"/><trkpt lat="35.129833" lon="128.986251"/><trkpt lat="35.129858" lon="128.986214"/><trkpt lat="35.129943" lon="128.986069"/><trkpt lat="35.129968" lon="128.986032"/><trkpt lat="35.129998" lon="128.986002"/><trkpt lat="35.130032" lon="128.985976"/><trkpt lat="35.130395" lon="128.985733"/><trkpt lat="35.130466" lon="128.985689"/><trkpt lat="35.130503" lon="128.985673"/><trkpt lat="35.130581" lon="128.98565"/><trkpt lat="35.130789" lon="128.985594"/><trkpt lat="35.130826" lon="128.985579"/><trkpt lat="35.130862" lon="128.98556"/><trkpt lat="35.131024" lon="128.98545"/><trkpt lat="35.131174" lon="128.985347"/><trkpt lat="35.131206" lon="128.98532"/><trkpt lat="35.131232" lon="128.985287"/><trkpt lat="35.131261" lon="128.985236"/><trkpt lat="35.131303" lon="128.985159"/><trkpt lat="35.131327" lon="128.985126"/><trkpt lat="35.131356" lon="128.985105"/><trkpt lat="35.131411" lon="128.985084"/><trkpt lat="35.131442" lon="128.985067"/><trkpt lat="35.131471" lon="128.985038"/><trkpt lat="35.131521" lon="128.984966"/><trkpt lat="35.131547" lon="128.98493"/><trkpt lat="35.131577" lon="128.984901"/><trkpt lat="35.131609" lon="128.984877"/><trkpt lat="35.131733" lon="128.984794"/><trkpt lat="35.131766" lon="128.984769"/><trkpt lat="35.131808" lon="128.98473"/><trkpt lat="35.131988" lon="128.984536"/><trkpt lat="35.132026" lon="128.984491"/><trkpt lat="35.132049" lon="128.984452"/><trkpt lat="35.132065" lon="128.984409"/><trkpt lat="35.132124" lon="128.984191"/><trkpt lat="35.132183" lon="128.983973"/><trkpt lat="35.132193" lon="128.983926"/><trkpt lat="35.132197" lon="128.983879"/><trkpt lat="35.132196" lon="128.983768"/><trkpt lat="35.132197" lon="128.98372"/><trkpt lat="35.132204" lon="128.983672"/><trkpt lat="35.132228" lon="128.983561"/><trkpt lat="35.13228" lon="128.983324"/><trkpt lat="35.132288" lon="128.983276"/><trkpt lat="35.13229" lon="128.983229"/><trkpt lat="35.132287" lon="128.983133"/><trkpt lat="35.132287" lon="128.983086"/><trkpt lat="35.132293" lon="128.98304"/><trkpt lat="35.132305" lon="128.982995"/><trkpt lat="35.132449" lon="128.982544"/><trkpt lat="35.132465" lon="128.982483"/><trkpt lat="35.132482" lon="128.982388"/><trkpt lat="35.132504" lon="128.982244"/><trkpt lat="35.132514" lon="128.982198"/><trkpt lat="35.132529" lon="128.982158"/><trkpt lat="35.132556" lon="128.982101"/><trkpt lat="35.132567" lon="128.982057"/><trkpt lat="35.132578" lon="128.981994"/><trkpt lat="35.132615" lon="128.981756"/><trkpt lat="35.132619" lon="128.98171"/><trkpt lat="35.132614" lon="128.981668"/><trkpt lat="35.132595" lon="128.981634"/><trkpt lat="35.132569" lon="128.981603"/><trkpt lat="35.132522" lon="128.981551"/><trkpt lat="35.132497" lon="128.981514"/><trkpt lat="35.13247" lon="128.981458"/><trkpt lat="35.13221" lon="128.980867"/><trkpt lat="35.13218" lon="128.980794"/><trkpt lat="35.132167" lon="128.980749"/><trkpt lat="35.132156" lon="128.980657"/><trkpt lat="35.132147" lon="128.980613"/><trkpt lat="35.13213" lon="128.980574"/><trkpt lat="35.132104" lon="128.980522"/><trkpt lat="35.13209" lon="128.980479"/><trkpt lat="35.132076" lon="128.980417"/><trkpt lat="35.132015" lon="128.980104"/><trkpt lat="35.132001" lon="128.980041"/><trkpt lat="35.131988" lon="128.979996"/><trkpt lat="35.131971" lon="128.979952"/><trkpt lat="35.131911" lon="128.979809"/><trkpt lat="35.131895" lon="128.979765"/><trkpt lat="35.131886" lon="128.97972"/><trkpt lat="35.131884" lon="128.979674"/><trkpt lat="35.131887" lon="128.979564"/><trkpt lat="35.131886" lon="128.979517"/><trkpt lat="35.13188" lon="128.979471"/><trkpt lat="35.131868" lon="128.979425"/><trkpt lat="35.131768" lon="128.979095"/><trkpt lat="35.131742" lon="128.979005"/><trkpt lat="35.131732" lon="128.978959"/><trkpt lat="35.131728" lon="128.978911"/><trkpt lat="35.131725" lon="128.978814"/><trkpt lat="35.131721" lon="128.978538"/><trkpt lat="35.131715" lon="128.978491"/><trkpt lat="35.131704" lon="128.978446"/><trkpt lat="35.131668" lon="128.978343"/><trkpt lat="35.131555" lon="128.978037"/><trkpt lat="35.131543" lon="128.977992"/><trkpt lat="35.131541" lon="128.977947"/><trkpt lat="35.131545" lon="128.9779"/><trkpt lat="35.13156" lon="128.977792"/><trkpt lat="35.131561" lon="128.977748"/><trkpt lat="35.131548" lon="128.977709"/><trkpt lat="35.131525" lon="128.977673"/><trkpt lat="35.131479" lon="128.977617"/><trkpt lat="35.131375" lon="128.977494"/><trkpt lat="35.131349" lon="128.977459"/><trkpt lat="35.13133" lon="128.977421"/><trkpt lat="35.131322" lon="128.97738"/><trkpt lat="35.131316" lon="128.977307"/><trkpt lat="35.131309" lon="128.977264"/><trkpt lat="35.131279" lon="128.977179"/><trkpt lat="35.131267" lon="128.977136"/><trkpt lat="35.131263" lon="128.977089"/><trkpt lat="35.131261" lon="128.977009"/><trkpt lat="35.131262" lon="128.976735"/><trkpt lat="35.13126" lon="128.976687"/><trkpt lat="35.131251" lon="128.976641"/><trkpt lat="35.131209" lon="128.976503"/><trkpt lat="35.131197" lon="128.976457"/><trkpt lat="35.13119" lon="128.97641"/><trkpt lat="35.131189" lon="128.976363"/><trkpt lat="35.131197" lon="128.976235"/><trkpt lat="35.131198" lon="128.976173"/><trkpt lat="35.131191" lon="128.97613"/><trkpt lat="35.131171" lon="128.976092"/><trkpt lat="35.131125" lon="128.976034"/><trkpt lat="35.131098" lon="128.975998"/><trkpt lat="35.131075" lon="128.975958"/><trkpt lat="35.131002" lon="128.975801"/><trkpt lat="35.130964" lon="128.975714"/><trkpt lat="35.130948" lon="128.97567"/><trkpt lat="35.130934" lon="128.975616"/><trkpt lat="35.130921" lon="128.975581"/><trkpt lat="35.130897" lon="128.975552"/><trkpt lat="35.130849" lon="128.97551"/><trkpt lat="35.130833" lon="128.975479"/><trkpt lat="35.130835" lon="128.975451"/><trkpt lat="35.13086" lon="128.975441"/><trkpt lat="35.130896" lon="128.975442"/><trkpt lat="35.131084" lon="128.975469"/><trkpt lat="35.131297" lon="128.975499"/><trkpt lat="35.131335" lon="128.975509"/><trkpt lat="35.131371" lon="128.975525"/><trkpt lat="35.131461" lon="128.975586"/><trkpt lat="35.131506" lon="128.975615"/><trkpt lat="35.131543" lon="128.97563"/><trkpt lat="35.131595" lon="128.975643"/><trkpt lat="35.131836" lon="128.97569"/><trkpt lat="35.131928" lon="128.97571"/><trkpt lat="35.13196" lon="128.975721"/><trkpt lat="35.131983" lon="128.975731"/><trkpt lat="35.13199" lon="128.97574"/><trkpt lat="35.131996" lon="128.975746"/><trkpt lat="35.132008" lon="128.975741"/><trkpt lat="35.132019" lon="128.975718"/><trkpt lat="35.13202" lon="128.975691"/><trkpt lat="35.132" lon="128.975659"/><trkpt lat="35.131991" lon="128.975635"/><trkpt lat="35.132001" lon="128.975609"/><trkpt lat="35.132026" lon="128.975584"/><trkpt lat="35.132065" lon="128.975548"/><trkpt lat="35.132093" lon="128.975515"/><trkpt lat="35.132128" lon="128.975467"/><trkpt lat="35.132251" lon="128.975279"/><trkpt lat="35.132277" lon="128.975246"/><trkpt lat="35.132304" lon="128.975227"/><trkpt lat="35.132337" lon="128.975231"/><trkpt lat="35.132372" lon="128.975248"/><trkpt lat="35.132467" lon="128.975306"/><trkpt lat="35.132514" lon="128.975333"/><trkpt lat="35.132551" lon="128.975348"/><trkpt lat="35.132587" lon="128.975349"/><trkpt lat="35.132647" lon="128.975336"/><trkpt lat="35.132682" lon="128.97533"/><trkpt lat="35.132714" lon="128.975338"/><trkpt lat="35.132743" lon="128.975365"/><trkpt lat="35.132789" lon="128.975423"/><trkpt lat="35.132817" lon="128.975456"/><trkpt lat="35.132848" lon="128.975479"/><trkpt lat="35.132886" lon="128.975489"/><trkpt lat="35.132936" lon="128.975492"/><trkpt lat="35.133" lon="128.975493"/></trkseg>
<trkseg><trkpt lat="35.119298" lon="128.99104"/><trkpt lat="35.11931" lon="128.991498"/><trkpt lat="35.119309" lon="128.991563"/><trkpt lat="35.119304" lon="128.99161"/><trkpt lat="35.119285" lon="128.991703"/><trkpt lat="35.11925" lon="128.991857"/><trkpt lat="35.119237" lon="128.991902"/><trkpt lat="35.11922" lon="128.991945"/><trkpt lat="35.119162" lon="128.992055"/><trkpt lat="35.119136" lon="128.99211"/><trkpt lat="35.119124" lon="128.992154"/><trkpt lat="35.11912" lon="128.992199"/><trkpt lat="35.119121" lon="128.992261"/><trkpt lat="35.119126" lon="128.992324"/><trkpt lat="35.119135" lon="128.992387"/><trkpt lat="35.119196" lon="128.992734"/><trkpt lat="35.119211" lon="128.992813"/><trkpt lat="35.119225" lon="128.992858"/><trkpt lat="35.119249" lon="128.992915"/><trkpt lat="35.119306" lon="128.993041"/><trkpt lat="35.119318" lon="128.99308"/><trkpt lat="35.119315" lon="128.993115"/><trkpt lat="35.119298" lon="128.993148"/><trkpt lat="35.119285" lon="128.993184"/><trkpt lat="35.119278" lon="128.993224"/><trkpt lat="35.119278" lon="128.993262"/><trkpt lat="35.119292" lon="128.993296"/><trkpt lat="35.119333" lon="128.993347"/><trkpt lat="35.119353" lon="128.993385"/><trkpt lat="35.119366" lon="128.99343"/><trkpt lat="35.119375" lon="128.993476"/><trkpt lat="35.11938" lon="128.993522"/><trkpt lat="35.119373" lon="128.993562"/><trkpt lat="35.119354" lon="128.993609"/><trkpt lat="35.119347" lon="128.99365"/><trkpt lat="35.119346" lon="128.993694"/><trkpt lat="35.11935" lon="128.99377"/><trkpt lat="35.119355" lon="128.993817"/><trkpt lat="35.119426" lon="128.99422"/></trkseg>
<trkseg><trkpt lat="35.11969" lon="128.970709"/><trkpt lat="35.119969" lon="128.971393"/><trkpt lat="35.119984" lon="128.971438"/><trkpt lat="35.119995" lon="128.971484"/><trkpt lat="35.119999" lon="128.971531"/><trkpt lat="35.120001" lon="128.971742"/><trkpt lat="35.120003" lon="128.971823"/><trkpt lat="35.120007" lon="128.971871"/><trkpt lat="35.120017" lon="128.971917"/><trkpt lat="35.120039" lon="128.971976"/><trkpt lat="35.120249" lon="128.972489"/><trkpt lat="35.120277" lon="128.972563"/><trkpt lat="35.120289" lon="128.972608"/><trkpt lat="35.120298" lon="128.972656"/><trkpt lat="35.120335" lon="128.972963"/><trkpt lat="35.120339" lon="128.973027"/><trkpt lat="35.120338" lon="128.973075"/><trkpt lat="35.120331" lon="128.973139"/><trkpt lat="35.120254" lon="128.973697"/><trkpt lat="35.120245" lon="128.973777"/><trkpt lat="35.120244" lon="128.973824"/><trkpt lat="35.120249" lon="128.97387"/><trkpt lat="35.120262" lon="128.973931"/><trkpt lat="35.120282" lon="128.974023"/><trkpt lat="35.120288" lon="128.974069"/><trkpt lat="35.120289" lon="128.974116"/><trkpt lat="35.120285" lon="128.974163"/><trkpt lat="35.120276" lon="128.974206"/><trkpt lat="35.120261" lon="128.974239"/><trkpt lat="35.12024" lon="128.97426"/><trkpt lat="35.120209" lon="128.974274"/><trkpt lat="35.12019" lon="128.974298"/><trkpt lat="35.120176" lon="128.974338"/><trkpt lat="35.120163" lon="128.9744"/><trkpt lat="35.120116" lon="128.974641"/><trkpt lat="35.120108" lon="128.974705"/><trkpt lat="35.120108" lon="128.974751"/><trkpt lat="35.120117" lon="128.974822"/><trkpt lat="35.120115" lon="128.974865"/><trkpt lat="35.120102" lon="128.974907"/><trkpt lat="35.120079" lon="128.974964"/><trkpt lat="35.120033" lon="128.975061"/><trkpt lat="35.120004" lon="128.975114"/><trkpt lat="35.119979" lon="128.975147"/><trkpt lat="35.11995" lon="128.975174"/><trkpt lat="35.1199" lon="128.975217"/><trkpt lat="35.119872" lon="128.975249"/><trkpt lat="35.119786" lon="128.97537"/><trkpt lat="35.119753" lon="128.97542"/><trkpt lat="35.119732" lon="128.975459"/><trkpt lat="35.119718" lon="128.975502"/><trkpt lat="35.119715" lon="128.975547"/><trkpt lat="35.119726" lon="128.97562"/><trkpt lat="35.119729" lon="128.975661"/><trkpt lat="35.119721" lon="128.975695"/><trkpt lat="35.119707" lon="128.975736"/><trkpt lat="35.11971" lon="128.975775"/><trkpt lat="35.119724" lon="128.975817"/><trkpt lat="35.119743" lon="128.975857"/><trkpt lat="35.119769" lon="128.975891"/><trkpt lat="35.119802" lon="128.975918"/><trkpt lat="35.11985" lon="128.975949"/><trkpt lat="35.119959" lon="128.976017"/><trkpt lat="35.11999" lon="128.976043"/><trkpt lat="35.120011" lon="128.976076"/><trkpt lat="35.120024" lon="128.976134"/><trkpt lat="35.120037" lon="128.976177"/><trkpt lat="35.120058" lon="128.976215"/><trkpt lat="35.120091" lon="128.976263"/><trkpt lat="35.120159" lon="128.976359"/><trkpt lat="35.12018" lon="128.976396"/><trkpt lat="35.120191" lon="128.976437"/><trkpt lat="35.120189" lon="128.976497"/><trkpt lat="35.120191" lon="128.97654"/><trkpt lat="35.120208" lon="128.976578"/><trkpt lat="35.120248" lon="128.976639"/><trkpt lat="35.120268" lon="128.976679"/><trkpt lat="35.120281" lon="128.976723"/><trkpt lat="35.120291" lon="128.976769"/><trkpt lat="35.120298" lon="128.976816"/><trkpt lat="35.120299" lon="128.976863"/><trkpt lat="35.120292" lon="128.976926"/><trkpt lat="35.120252" lon="128.977162"/><trkpt lat="35.120243" lon="128.977225"/><trkpt lat="35.120241" lon="128.97727"/><trkpt lat="35.12025" lon="128.977313"/><trkpt lat="35.120268" lon="128.977353"/><trkpt lat="35.120331" lon="128.977471"/><trkpt lat="35.12035" lon="128.977511"/><trkpt lat="35.120364" lon="128.977554"/><trkpt lat="35.120372" lon="128.9776"/><trkpt lat="35.120381" lon="128.977695"/><trkpt lat="35.120396" lon="128.977869"/><trkpt lat="35.120403" lon="128.977915"/><trkpt lat="35.120416" lon="128.977955"/><trkpt lat="35.120441" lon="128.977988"/><trkpt lat="35.120493" lon="128.978034"/><trkpt lat="35.120524" lon="128.978062"/><trkpt lat="35.12055" lon="128.978096"/><trkpt lat="35.120587" lon="128.97816"/><trkpt lat="35.120609" lon="128.978196"/><trkpt lat="35.120637" lon="128.978226"/><trkpt lat="35.120669" lon="128.978248"/><trkpt lat="35.120727" lon="128.97828"/><trkpt lat="35.120759" lon="128.978302"/><trkpt lat="35.120787" lon="128.978333"/><trkpt lat="35.120811" lon="128.97837"/><trkpt lat="35.120957" lon="128.978643"/><trkpt lat="35.120984" lon="128.978698"/><trkpt lat="35.120997" lon="128.978741"/><trkpt lat="35.121" lon="128.978787"/><trkpt lat="35.120996" lon="128.978835"/><trkpt lat="35.120956" lon="128.979144"/><trkpt lat="35.120949" lon="128.979209"/><trkpt lat="35.120949" lon="128.979257"/><trkpt lat="35.120957" lon="128.979304"/><trkpt lat="35.120973" lon="128.979366"/><trkpt lat="35.121068" lon="128.979692"/><trkpt lat="35.121089" lon="128.979752"/><trkpt lat="35.121108" lon="128.979793"/><trkpt lat="35.121136" lon="128.979835"/><trkpt lat="35.121152" lon="128.979871"/><trkpt lat="35.121156" lon="128.979914"/><trkpt lat="35.121155" lon="128.979961"/><trkpt lat="35.121142" lon="128.980186"/><trkpt lat="35.121141" lon="128.98025"/><trkpt lat="35.121146" lon="128.980296"/><trkpt lat="35.121157" lon="128.98034"/><trkpt lat="35.1212" lon="128.98047"/><trkpt lat="35.121213" lon="128.980514"/><trkpt lat="35.12122" lon="128.98056"/><trkpt lat="35.121223" lon="128.980607"/><trkpt lat="35.121224" lon="128.980702"/><trkpt lat="35.121222" lon="128.980765"/><trkpt lat="35.121213" lon="128.980811"/><trkpt lat="35.1212" lon="128.980857"/><trkpt lat="35.121151" lon="128.981007"/><trkpt lat="35.121134" lon="128.981068"/><trkpt lat="35.121125" lon="128.981114"/><trkpt lat="35.121119" lon="128.981177"/><trkpt lat="35.121092" lon="128.98156"/><trkpt lat="35.121086" lon="128.981672"/><trkpt lat="35.121088" lon="128.98172"/><trkpt lat="35.121095" lon="128.981763"/><trkpt lat="35.121108" lon="128.981834"/><trkpt lat="35.12111" lon="128.981878"/><trkpt lat="35.121103" lon="128.981923"/><trkpt lat="35.121079" lon="128.982014"/><trkpt lat="35.121019" lon="128.982227"/><trkpt lat="35.121009" lon="128.982272"/><trkpt lat="35.121002" lon="128.982318"/><trkpt lat="35.121" lon="128.982364"/><trkpt lat="35.120999" lon="128.982487"/><trkpt lat="35.120994" lon="128.982533"/><trkpt lat="35.120975" lon="128.982624"/><trkpt lat="35.120934" lon="128.982788"/><trkpt lat="35.120916" lon="128.982847"/><trkpt lat="35.120888" lon="128.982919"/><trkpt lat="35.120846" lon="128.983018"/><trkpt lat="35.120826" lon="128.983058"/><trkpt lat="35.120801" lon="128.983093"/><trkpt lat="35.12077" lon="128.983122"/><trkpt lat="35.120576" lon="128.983265"/><trkpt lat="35.120394" lon="128.983399"/></trkseg>
<trkseg><trkpt lat="35.114" lon="128.987302"/><trkpt lat="35.113996" lon="128.987322"/><trkpt lat="35.113992" lon="128.987369"/><trkpt lat="35.114" lon="128.987426"/><trkpt lat="35.114022" lon="128.987488"/><trkpt lat="35.114035" lon="128.987529"/><trkpt lat="35.114034" lon="128.987568"/><trkpt lat="35.114018" lon="128.987602"/><trkpt lat="35.113977" lon="128.987673"/><trkpt lat="35.113964" lon="128.987715"/><trkpt lat="35.113958" lon="128.98776"/><trkpt lat="35.11395" lon="128.987919"/><trkpt lat="35.113943" lon="128.988013"/><trkpt lat="35.113936" lon="128.98806"/><trkpt lat="35.113908" lon="128.988167"/><trkpt lat="35.113898" lon="128.988212"/><trkpt lat="35.113895" lon="128.988258"/><trkpt lat="35.1139" lon="128.988303"/><trkpt lat="35.113912" lon="128.988379"/><trkpt lat="35.113913" lon="128.988425"/><trkpt lat="35.113906" lon="128.988472"/><trkpt lat="35.113884" lon="128.988567"/><trkpt lat="35.11384" lon="128.98874"/><trkpt lat="35.113824" lon="128.988785"/><trkpt lat="35.113803" lon="128.988825"/><trkpt lat="35.113741" lon="128.988926"/><trkpt lat="35.113714" lon="128.988976"/><trkpt lat="35.113702" lon="128.989011"/><trkpt lat="35.113701" lon="128.989043"/><trkpt lat="35.113688" lon="128.98905"/><trkpt lat="35.113668" lon="128.989029"/><trkpt lat="35.113647" lon="128.988993"/><trkpt lat="35.113589" lon="128.988882"/><trkpt lat="35.113566" lon="128.988846"/><trkpt lat="35.113541" lon="128.98882"/><trkpt lat="35.113501" lon="128.988808"/><trkpt lat="35.113456" lon="128.988787"/><trkpt lat="35.113388" lon="128.98875"/><trkpt lat="35.113355" lon="128.988738"/><trkpt lat="35.113312" lon="128.988742"/><trkpt lat="35.113283" lon="128.98874"/><trkpt lat="35.11325" lon="128.98872"/><trkpt lat="35.113229" lon="128.98872"/><trkpt lat="35.113205" lon="128.98875"/><trkpt lat="35.113182" lon="128.988777"/><trkpt lat="35.11315" lon="128.988798"/><trkpt lat="35.113115" lon="128.98881"/><trkpt lat="35.113072" lon="128.988814"/><trkpt lat="35.113044" lon="128.988829"/><trkpt lat="35.113021" lon="128.988859"/><trkpt lat="35.112982" lon="128.988917"/><trkpt lat="35.112956" lon="128.988949"/><trkpt lat="35.112926" lon="128.988976"/><trkpt lat="35.112896" lon="128.988998"/><trkpt lat="35.112867" lon="128.989012"/><trkpt lat="35.112844" lon="128.989007"/><trkpt lat="35.11281" lon="128.988961"/><trkpt lat="35.112783" lon="128.988935"/><trkpt lat="35.112751" lon="128.988915"/><trkpt lat="35.112716" lon="128.988907"/><trkpt lat="35.11268" lon="128.988912"/><trkpt lat="35.112649" lon="128.988928"/><trkpt lat="35.11263" lon="128.988952"/><trkpt lat="35.112609" lon="128.988973"/><trkpt lat="35.11258" lon="128.988979"/><trkpt lat="35.112553" lon="128.988967"/><trkpt lat="35.112526" lon="128.988935"/><trkpt lat="35.112504" lon="128.988922"/><trkpt lat="35.112472" lon="128.988928"/><trkpt lat="35.11245" lon="128.988924"/><trkpt lat="35.112428" lon="128.988923"/><trkpt lat="35.112403" lon="128.988942"/><trkpt lat="35.112379" lon="128.988971"/><trkpt lat="35.112361" lon="128.989006"/><trkpt lat="35.112357" lon="128.989043"/><trkpt lat="35.112365" lon="128.98908"/><trkpt lat="35.112395" lon="128.989139"/><trkpt lat="35.112409" lon="128.989176"/><trkpt lat="35.112412" lon="128.989217"/><trkpt lat="35.112409" lon="128.989288"/><trkpt lat="35.112413" lon="128.989331"/><trkpt lat="35.112427" lon="128.989373"/><trkpt lat="35.112453" lon="128.989429"/><trkpt lat="35.112642" lon="128.989817"/><trkpt lat="35.112684" lon="128.989899"/><trkpt lat="35.112708" lon="128.989936"/><trkpt lat="35.112743" lon="128.98998"/><trkpt lat="35.112781" lon="128.99002"/><trkpt lat="35.112811" lon="128.990046"/><trkpt lat="35.112845" lon="128.990065"/><trkpt lat="35.112916" lon="128.990094"/><trkpt lat="35.112949" lon="128.990114"/><trkpt lat="35.112979" lon="128.990143"/><trkpt lat="35.113079" lon="128.990266"/><trkpt lat="35.113135" lon="128.990332"/><trkpt lat="35.113165" lon="128.990361"/><trkpt lat="35.113198" lon="128.990385"/><trkpt lat="35.113253" lon="128.990422"/><trkpt lat="35.113283" lon="128.990451"/><trkpt lat="35.113319" lon="128.990498"/><trkpt lat="35.113456" lon="128.990698"/><trkpt lat="35.113492" lon="128.990745"/><trkpt lat="35.113522" lon="128.990775"/><trkpt lat="35.113555" lon="128.990799"/><trkpt lat="35.113624" lon="128.990841"/><trkpt lat="35.113671" lon="128.990864"/><trkpt lat="35.113708" lon="128.990875"/><trkpt lat="35.113748" lon="128.990879"/><trkpt lat="35.113828" lon="128.99088"/><trkpt lat="35.113867" lon="128.990884"/><trkpt lat="35.113899" lon="128.990902"/><trkpt lat="35.113925" lon="128.990934"/><trkpt lat="35.113954" lon="128.990986"/><trkpt lat="35.114087" lon="128.991234"/><trkpt lat="35.114106" lon="128.991274"/><trkpt lat="35.114115" lon="128.99131"/><trkpt lat="35.114104" lon="128.991336"/><trkpt lat="35.114075" lon="128.991352"/><trkpt lat="35.114041" lon="128.991357"/><trkpt lat="35.114006" lon="128.991349"/><trkpt lat="35.113947" lon="128.991321"/><trkpt lat="35.113911" lon="128.991307"/><trkpt lat="35.113873" lon="128.991301"/><trkpt lat="35.113833" lon="128.991302"/><trkpt lat="35.113793" lon="128.991307"/><trkpt lat="35.113754" lon="128.991316"/><trkpt lat="35.113718" lon="128.991332"/><trkpt lat="35.113673" lon="128.991361"/><trkpt lat="35.113608" lon="128.991411"/><trkpt lat="35.113577" lon="128.991439"/><trkpt lat="35.113548" lon="128.991472"/><trkpt lat="35.113467" lon="128.991581"/><trkpt lat="35.11343" lon="128.991627"/><trkpt lat="35.1134" lon="128.991654"/><trkpt lat="35.113341" lon="128.991678"/><trkpt lat="35.113308" lon="128.991696"/><trkpt lat="35.113278" lon="128.991721"/><trkpt lat="35.113229" lon="128.991767"/><trkpt lat="35.113194" lon="128.99179"/><trkpt lat="35.113108" lon="128.991834"/><trkpt lat="35.113058" lon="128.991855"/><trkpt lat="35.11302" lon="128.991865"/><trkpt lat="35.112986" lon="128.991862"/><trkpt lat="35.112955" lon="128.991847"/><trkpt lat="35.112928" lon="128.991824"/><trkpt lat="35.112909" lon="128.991791"/><trkpt lat="35.112891" lon="128.991739"/><trkpt lat="35.112871" lon="128.991704"/><trkpt lat="35.112846" lon="128.991676"/><trkpt lat="35.112815" lon="128.991649"/><trkpt lat="35.112746" lon="128.991601"/><trkpt lat="35.112653" lon="128.99154"/><trkpt lat="35.112617" lon="128.991521"/><trkpt lat="35.112578" lon="128.991511"/><trkpt lat="35.112538" lon="128.991508"/><trkpt lat="35.112458" lon="128.991503"/><trkpt lat="35.112425" lon="128.991493"/><trkpt lat="35.112404" lon="128.991465"/><trkpt lat="35.112393" lon="128.991424"/><trkpt lat="35.112384" lon="128.991361"/><trkpt lat="35.112335" lon="128.990977"/><trkpt lat="35.112326" lon="128.99093"/><trkpt lat="35.112312" lon="128.990886"/><trkpt lat="35.112292" lon="128.990846"/><trkpt lat="35.112237" lon="128.990759"/><trkpt lat="35.112211" lon="128.990724"/><trkpt lat="35.112182" lon="128.990695"/><trkpt lat="35.112148" lon="128.990673"/><trkpt lat="35.112077" lon="128.990634"/><trkpt lat="35.112043" lon="128.990612"/><trkpt lat="35.112011" lon="128.990584"/><trkpt lat="35.111972" lon="128.990541"/><trkpt lat="35.11179" lon="128.990333"/><trkpt lat="35.111764" lon="128.990298"/><trkpt lat="35.111743" lon="128.990258"/><trkpt lat="35.111721" lon="128.990199"/><trkpt lat="35.111588" lon="128.989788"/><trkpt lat="35.111561" lon="128.989714"/><trkpt lat="35.11154" lon="128.989673"/><trkpt lat="35.111515" lon="128.989636"/><trkpt lat="35.111336" lon="128.989416"/><trkpt lat="35.111296" lon="128.989373"/><trkpt lat="35.111263" lon="128.989349"/><trkpt lat="35.111228" lon="128.989333"/><trkpt lat="35.111142" lon="128.989306"/><trkpt lat="35.111107" lon="128.989292"/><trkpt lat="35.111078" lon="128.98927"/><trkpt lat="35.111059" lon="128.989235"/><trkpt lat="35.111031" lon="128.989167"/><trkpt lat="35.111007" lon="128.989131"/><trkpt lat="35.110953" lon="128.989063"/><trkpt lat="35.110879" lon="128.988973"/><trkpt lat="35.110854" lon="128.988938"/><trkpt lat="35.110834" lon="128.988899"/><trkpt lat="35.11082" lon="128.988856"/><trkpt lat="35.11079" lon="128.988736"/><trkpt lat="35.110776" lon="128.988694"/><trkpt lat="35.110755" lon="128.988658"/><trkpt lat="35.110725" lon="128.988631"/><trkpt lat="35.110669" lon="128.98859"/><trkpt lat="35.110637" lon="128.988562"/><trkpt lat="35.11061" lon="128.988528"/><trkpt lat="35.110569" lon="128.988463"/><trkpt lat="35.110318" lon="128.988039"/><trkpt lat="35.110223" lon="128.987881"/><trkpt lat="35.110203" lon="128.98784"/><trkpt lat="35.110192" lon="128.987796"/><trkpt lat="35.110191" lon="128.987749"/><trkpt lat="35.1102" lon="128.987636"/><trkpt lat="35.110202" lon="128.987587"/><trkpt lat="35.110199" lon="128.987539"/><trkpt lat="35.110186" lon="128.987461"/><trkpt lat="35.11015" lon="128.987275"/><trkpt lat="35.110139" lon="128.987229"/><trkpt lat="35.110124" lon="128.987185"/><trkpt lat="35.110097" lon="128.98713"/><trkpt lat="35.109781" lon="128.986578"/><trkpt lat="35.109745" lon="128.98651"/><trkpt lat="35.109728" lon="128.986466"/><trkpt lat="35.109705" lon="128.986389"/><trkpt lat="35.109579" lon="128.985941"/><trkpt lat="35.109565" lon="128.985878"/><trkpt lat="35.10955" lon="128.985765"/><trkpt lat="35.109523" lon="128.985537"/><trkpt lat="35.109514" lon="128.98549"/><trkpt lat="35.1095" lon="128.985446"/><trkpt lat="35.10947" lon="128.98538"/><trkpt lat="35.10946" lon="128.98534"/><trkpt lat="35.109461" lon="128.985269"/><trkpt lat="35.109459" lon="128.985227"/><trkpt lat="35.109445" lon="128.985185"/><trkpt lat="35.109423" lon="128.985145"/><trkpt lat="35.109341" lon="128.985013"/><trkpt lat="35.109316" lon="128.984976"/><trkpt lat="35.109288" lon="128.984947"/><trkpt lat="35.109255" lon="128.984937"/><trkpt lat="35.109218" lon="128.984942"/><trkpt lat="35.109166" lon="128.984956"/><trkpt lat="35.109102" lon="128.984979"/><trkpt lat="35.109067" lon="128.984999"/><trkpt lat="35.109037" lon="128.985028"/><trkpt lat="35.10901" lon="128.985062"/><trkpt lat="35.108871" lon="128.985254"/><trkpt lat="35.108835" lon="128.9853"/><trkpt lat="35.108806" lon="128.985332"/><trkpt lat="35.108774" lon="128.985359"/><trkpt lat="35.108709" lon="128.985408"/><trkpt lat="35.108681" lon="128.985437"/><trkpt lat="35.10866" lon="128.985475"/><trkpt lat="35.108643" lon="128.985518"/><trkpt lat="35.10853" lon="128.985862"/><trkpt lat="35.108461" lon="128.986072"/><trkpt lat="35.108449" lon="128.986117"/><trkpt lat="35.108443" lon="128.986164"/><trkpt lat="35.108441" lon="128.986245"/><trkpt lat="35.108444" lon="128.986554"/><trkpt lat="35.108442" lon="128.986602"/><trkpt lat="35.108434" lon="128.986647"/><trkpt lat="35.108416" lon="128.986687"/><trkpt lat="35.108392" lon="128.986723"/><trkpt lat="35.108179" lon="128.987008"/><trkpt lat="35.108146" lon="128.987057"/><trkpt lat="35.108125" lon="128.987096"/><trkpt lat="35.108112" lon="128.987139"/><trkpt lat="35.108091" lon="128.987246"/><trkpt lat="35.108078" lon="128.987306"/><trkpt lat="35.108064" lon="128.987349"/><trkpt lat="35.108043" lon="128.98739"/><trkpt lat="35.108019" lon="128.987427"/><trkpt lat="35.107989" lon="128.987457"/><trkpt lat="35.107955" lon="128.987479"/><trkpt lat="35.107781" lon="128.987565"/><trkpt lat="35.107671" lon="128.987618"/></trkseg>
<trkseg><trkpt lat="35.11969" lon="128.970709"/><trkpt lat="35.119525" lon="128.971165"/><trkpt lat="35.119506" lon="128.971224"/><trkpt lat="35.119497" lon="128.971268"/><trkpt lat="35.119501" lon="128.971305"/><trkpt lat="35.119514" lon="128.971336"/><trkpt lat="35.119534" lon="128.971361"/><trkpt lat="35.119544" lon="128.971385"/><trkpt lat="35.119535" lon="128.971417"/><trkpt lat="35.119516" lon="128.971452"/><trkpt lat="35.119493" lon="128.971486"/><trkpt lat="35.119465" lon="128.971516"/><trkpt lat="35.119431" lon="128.971541"/><trkpt lat="35.119371" lon="128.971577"/><trkpt lat="35.119337" lon="128.971602"/><trkpt lat="35.119309" lon="128.971633"/><trkpt lat="35.119278" lon="128.971681"/><trkpt lat="35.119219" lon="128.971783"/><trkpt lat="35.119195" lon="128.971818"/><trkpt lat="35.119156" lon="128.971858"/><trkpt lat="35.119106" lon="128.971907"/><trkpt lat="35.119079" lon="128.971939"/><trkpt lat="35.119057" lon="128.971976"/><trkpt lat="35.119039" lon="128.972015"/><trkpt lat="35.119025" lon="128.972056"/><trkpt lat="35.119019" lon="128.972101"/><trkpt lat="35.119016" lon="128.972179"/><trkpt lat="35.119012" lon="128.972224"/><trkpt lat="35.119003" lon="128.972266"/><trkpt lat="35.118981" lon="128.972302"/><trkpt lat="35.118952" lon="128.972334"/><trkpt lat="35.118803" lon="128.972476"/><trkpt lat="35.118731" lon="128.972548"/><trkpt lat="35.118703" lon="128.972582"/><trkpt lat="35.11868" lon="128.972622"/><trkpt lat="35.118639" lon="128.972706"/><trkpt lat="35.118509" lon="128.972991"/><trkpt lat="35.118488" lon="128.973032"/><trkpt lat="35.118463" lon="128.973068"/><trkpt lat="35.118432" lon="128.973094"/><trkpt lat="35.118377" lon="128.973134"/><trkpt lat="35.118353" lon="128.973165"/><trkpt lat="35.118338" lon="128.973206"/><trkpt lat="35.118324" lon="128.973267"/><trkpt lat="35.118289" lon="128.973454"/><trkpt lat="35.118275" lon="128.973515"/><trkpt lat="35.118261" lon="128.973559"/><trkpt lat="35.11824" lon="128.973599"/><trkpt lat="35.118207" lon="128.973649"/><trkpt lat="35.118138" lon="128.973749"/><trkpt lat="35.118116" lon="128.973788"/><trkpt lat="35.118102" lon="128.973831"/><trkpt lat="35.118091" lon="128.973893"/><trkpt lat="35.118064" lon="128.974116"/><trkpt lat="35.118055" lon="128.974179"/><trkpt lat="35.118044" lon="128.974223"/><trkpt lat="35.118023" lon="128.97426"/><trkpt lat="35.117994" lon="128.974291"/><trkpt lat="35.11782" lon="128.974444"/><trkpt lat="35.117767" lon="128.974493"/><trkpt lat="35.117737" lon="128.974524"/><trkpt lat="35.117712" lon="128.974561"/><trkpt lat="35.11769" lon="128.974602"/><trkpt lat="35.117652" lon="128.974688"/><trkpt lat="35.117635" lon="128.974732"/><trkpt lat="35.117623" lon="128.974776"/><trkpt lat="35.117617" lon="128.974844"/><trkpt lat="35.117605" lon="128.974883"/><trkpt lat="35.117583" lon="128.974921"/><trkpt lat="35.11745" lon="128.975103"/><trkpt lat="35.117371" lon="128.975213"/><trkpt lat="35.117348" lon="128.975252"/><trkpt lat="35.117329" lon="128.975292"/><trkpt lat="35.117294" lon="128.975373"/><trkpt lat="35.117274" lon="128.97541"/><trkpt lat="35.117246" lon="128.975438"/><trkpt lat="35.117213" lon="128.97546"/><trkpt lat="35.117154" lon="128.975493"/><trkpt lat="35.117122" lon="128.975516"/><trkpt lat="35.1171" lon="128.975547"/><trkpt lat="35.117077" lon="128.975593"/><trkpt lat="35.117054" lon="128.975624"/><trkpt lat="35.117002" lon="128.975665"/><trkpt lat="35.116972" lon="128.975691"/><trkpt lat="35.116954" lon="128.975727"/><trkpt lat="35.116945" lon="128.975771"/><trkpt lat="35.116933" lon="128.975866"/><trkpt lat="35.116924" lon="128.975913"/><trkpt lat="35.116906" lon="128.975972"/><trkpt lat="35.116865" lon="128.976088"/><trkpt lat="35.116844" lon="128.976136"/><trkpt lat="35.116815" lon="128.976178"/><trkpt lat="35.116791" lon="128.976196"/><trkpt lat="35.116784" lon="128.976197"/></trkseg>
<trkseg><trkpt lat="35.123536" lon="128.991497"/><trkpt lat="35.12463" lon="128.99086"/><trkpt lat="35.124689" lon="128.990822"/><trkpt lat="35.124734" lon="128.990785"/><trkpt lat="35.125248" lon="128.990309"/><trkpt lat="35.125314" lon="128.990252"/><trkpt lat="35.125348" lon="128.990227"/><trkpt lat="35.125384" lon="128.990207"/><trkpt lat="35.125644" lon="128.990083"/><trkpt lat="35.125681" lon="128.990068"/><trkpt lat="35.12572" lon="128.990059"/><trkpt lat="35.125759" lon="128.990059"/><trkpt lat="35.125866" lon="128.990069"/><trkpt lat="35.125918" lon="128.990072"/><trkpt lat="35.125956" lon="128.990066"/><trkpt lat="35.125992" lon="128.990047"/><trkpt lat="35.12607" lon="128.989985"/><trkpt lat="35.126103" lon="128.989962"/><trkpt lat="35.126133" lon="128.989954"/><trkpt lat="35.126159" lon="128.989971"/><trkpt lat="35.1262" lon="128.990022"/><trkpt lat="35.126228" lon="128.990049"/><trkpt lat="35.126263" lon="128.990067"/><trkpt lat="35.126314" lon="128.990081"/><trkpt lat="35.126391" lon="128.990099"/><trkpt lat="35.126428" lon="128.990114"/><trkpt lat="35.126463" lon="128.990134"/><trkpt lat="35.126542" lon="128.990188"/><trkpt lat="35.126576" lon="128.990209"/><trkpt lat="35.126612" lon="128.990224"/><trkpt lat="35.126663" lon="128.990233"/><trkpt lat="35.126755" lon="128.990245"/><trkpt lat="35.126793" lon="128.990256"/><trkpt lat="35.126855" lon="128.990283"/><trkpt lat="35.127003" lon="128.990355"/><trkpt lat="35.127039" lon="128.990375"/><trkpt lat="35.127069" lon="128.990401"/><trkpt lat="35.127092" lon="128.990436"/><trkpt lat="35.127122" lon="128.990504"/><trkpt lat="35.12714" lon="128.990542"/><trkpt lat="35.127163" lon="128.990565"/><trkpt lat="35.127193" lon="128.990565"/><trkpt lat="35.127228" lon="128.990551"/><trkpt lat="35.127374" lon="128.99055"/><trkpt lat="35.127379" lon="128.990561"/><trkpt lat="35.127428" lon="128.990583"/><trkpt lat="35.127463" lon="128.990602"/><trkpt lat="35.127497" lon="128.990628"/><trkpt lat="35.127581" lon="128.990708"/><trkpt lat="35.127621" lon="128.990751"/><trkpt lat="35.127647" lon="128.990787"/><trkpt lat="35.127669" lon="128.990828"/><trkpt lat="35.127775" lon="128.991056"/><trkpt lat="35.127798" lon="128.991114"/><trkpt lat="35.127808" lon="128.991159"/><trkpt lat="35.12781" lon="128.991207"/><trkpt lat="35.127806" lon="128.991304"/><trkpt lat="35.127808" lon="128.991352"/><trkpt lat="35.127818" lon="128.991395"/><trkpt lat="35.127838" lon="128.991433"/><trkpt lat="35.127864" lon="128.991468"/><trkpt lat="35.127891" lon="128.991502"/><trkpt lat="35.127921" lon="128.991531"/><trkpt lat="35.127952" lon="128.991546"/><trkpt lat="35.127988" lon="128.991612"/><trkpt lat="35.127988" lon="128.991655"/><trkpt lat="35.127999" lon="128.991716"/><trkpt lat="35.128016" lon="128.991794"/><trkpt lat="35.128022" lon="128.991839"/><trkpt lat="35.128016" lon="128.991885"/><trkpt lat="35.128002" lon="128.991929"/><trkpt lat="35.127977" lon="128.992003"/><trkpt lat="35.127971" lon="128.992046"/><trkpt lat="35.127979" lon="128.992089"/><trkpt lat="35.128002" lon="128.992145"/><trkpt lat="35.128128" lon="128.992411"/><trkpt lat="35.128155" lon="128.992466"/><trkpt lat="35.128178" lon="128.992504"/><trkpt lat="35.128206" lon="128.992535"/><trkpt lat="35.128239" lon="128.99256"/><trkpt lat="35.128342" lon="128.992629"/><trkpt lat="35.128386" lon="128.992663"/><trkpt lat="35.128416" lon="128.992694"/><trkpt lat="35.128464" lon="128.99275"/><trkpt lat="35.128496" lon="128.992775"/><trkpt lat="35.128544" lon="128.9928"/><trkpt lat="35.12873" lon="128.992881"/><trkpt lat="35.128781" lon="128.992898"/><trkpt lat="35.128834" lon="128.99291"/><trkpt lat="35.129019" lon="128.992942"/><trkpt lat="35.12907" lon="128.992956"/><trkpt lat="35.129106" lon="128.992972"/><trkpt lat="35.129163" lon="128.993007"/><trkpt lat="35.129229" lon="128.993054"/><trkpt lat="35.129273" lon="128.993087"/><trkpt lat="35.129412" lon="128.993215"/><trkpt lat="35.129474" lon="128.993276"/><trkpt lat="35.129503" lon="128.99331"/><trkpt lat="35.129526" lon="128.993347"/><trkpt lat="35.129554" lon="128.9934"/><trkpt lat="35.129629" lon="128.993548"/><trkpt lat="35.129652" lon="128.993582"/><trkpt lat="35.12968" lon="128.993604"/><trkpt lat="35.129716" lon="128.993609"/><trkpt lat="35.129767" lon="128.993607"/><trkpt lat="35.129967" lon="128.993555"/><trkpt lat="35.130019" lon="128.993555"/><trkpt lat="35.130057" lon="128.993562"/><trkpt lat="35.130122" lon="128.993584"/><trkpt lat="35.130172" lon="128.993606"/><trkpt lat="35.130208" lon="128.993626"/><trkpt lat="35.130297" lon="128.993688"/><trkpt lat="35.130363" lon="128.993736"/><trkpt lat="35.130395" lon="128.993763"/><trkpt lat="35.130422" lon="128.993795"/><trkpt lat="35.130455" lon="128.993844"/><trkpt lat="35.130517" lon="128.993945"/><trkpt lat="35.130542" lon="128.993979"/><trkpt lat="35.130572" lon="128.994005"/><trkpt lat="35.130608" lon="128.994022"/><trkpt lat="35.130849" lon="128.994082"/><trkpt lat="35.131018" lon="128.994129"/><trkpt lat="35.131049" lon="128.994133"/><trkpt lat="35.131063" lon="128.99412"/><trkpt lat="35.131057" lon="128.994087"/><trkpt lat="35.131024" lon="128.994001"/><trkpt lat="35.131009" lon="128.993959"/><trkpt lat="35.131002" lon="128.993923"/><trkpt lat="35.131014" lon="128.993904"/><trkpt lat="35.131037" lon="128.993901"/><trkpt lat="35.131071" lon="128.993912"/><trkpt lat="35.131119" lon="128.993939"/><trkpt lat="35.131215" lon="128.993998"/><trkpt lat="35.131252" lon="128.994016"/><trkpt lat="35.131291" lon="128.994026"/><trkpt lat="35.13133" lon="128.99403"/><trkpt lat="35.131697" lon="128.994072"/><trkpt lat="35.131737" lon="128.994076"/><trkpt lat="35.131776" lon="128.994084"/><trkpt lat="35.131826" lon="128.994105"/><trkpt lat="35.131925" lon="128.994151"/><trkpt lat="35.131963" lon="128.994165"/><trkpt lat="35.132028" lon="128.994179"/><trkpt lat="35.132197" lon="128.994208"/><trkpt lat="35.132262" lon="128.994216"/><trkpt lat="35.132302" lon="128.994217"/><trkpt lat="35.13263" lon="128.994166"/><trkpt lat="35.13271" lon="128.994165"/><trkpt lat="35.13275" lon="128.99417"/><trkpt lat="35.132788" lon="128.994182"/><trkpt lat="35.132865" lon="128.99421"/><trkpt lat="35.132915" lon="128.994233"/><trkpt lat="35.132949" lon="128.994255"/><trkpt lat="35.132979" lon="128.994283"/><trkpt lat="35.133007" lon="128.994369"/><trkpt lat="35.133038" lon="128.994383"/><trkpt lat="35.133072" lon="128.99438"/><trkpt lat="35.133106" lon="128.994366"/><trkpt lat="35.133137" lon="128.994342"/><trkpt lat="35.133165" lon="128.99431"/><trkpt lat="35.133209" lon="128.994252"/><trkpt lat="35.133238" lon="128.994225"/><trkpt lat="35.133272" lon="128.99421"/><trkpt lat="35.13331" lon="128.994203"/><trkpt lat="35.133348" lon="128.994202"/><trkpt lat="35.133386" lon="128.99421"/><trkpt lat="35.133424" lon="128.994226"/><trkpt lat="35.133525" lon="128.994271"/><trkpt lat="35.133563" lon="128.994281"/><trkpt lat="35.133619" lon="128.994281"/><trkpt lat="35.133654" lon="128.994284"/><trkpt lat="35.133691" lon="128.994296"/><trkpt lat="35.133752" lon="128.994322"/><trkpt lat="35.13385" lon="128.994367"/><trkpt lat="35.133887" lon="128.994381"/><trkpt lat="35.133924" lon="128.994388"/><trkpt lat="35.133961" lon="128.99439"/><trkpt lat="35.133997" lon="128.994387"/><trkpt lat="35.134031" lon="128.994375"/><trkpt lat="35.134061" lon="128.994357"/><trkpt lat="35.134084" lon="128.994333"/><trkpt lat="35.134089" lon="128.994303"/><trkpt lat="35.134078" lon="128.994267"/><trkpt lat="35.134056" lon="128.994228"/><trkpt lat="35.133979" lon="128.993926"/><trkpt lat="35.133972" lon="128.993882"/><trkpt lat="35.133959" lon="128.993839"/><trkpt lat="35.133942" lon="128.993798"/><trkpt lat="35.133916" lon="128.993745"/><trkpt lat="35.133893" lon="128.993708"/><trkpt lat="35.133857" lon="128.993662"/><trkpt lat="35.133673" lon="128.993505"/><trkpt lat="35.133648" lon="128.993472"/><trkpt lat="35.133636" lon="128.993437"/><trkpt lat="35.133644" lon="128.9934"/><trkpt lat="35.133664" lon="128.993362"/><trkpt lat="35.133718" lon="128.993271"/><trkpt lat="35.133735" lon="128.993232"/><trkpt lat="35.133749" lon="128.99319"/><trkpt lat="35.133769" lon="128.993168"/><trkpt lat="35.133802" lon="128.993156"/><trkpt lat="35.133862" lon="128.993146"/><trkpt lat="35.133952" lon="128.993113"/></trkseg>
<trkseg><trkpt lat="35.123536" lon="128.991497"/><trkpt lat="35.12349" lon="128.991161"/><trkpt lat="35.123481" lon="128.991114"/><trkpt lat="35.123469" lon="128.991069"/><trkpt lat="35.123429" lon="128.990953"/><trkpt lat="35.123386" lon="128.990838"/><trkpt lat="35.123368" lon="128.990797"/><trkpt lat="35.123338" lon="128.990743"/><trkpt lat="35.123103" lon="128.99037"/><trkpt lat="35.122942" lon="128.990113"/><trkpt lat="35.122908" lon="128.990064"/><trkpt lat="35.122879" lon="128.990035"/><trkpt lat="35.122848" lon="128.990017"/><trkpt lat="35.122794" lon="128.989992"/><trkpt lat="35.122767" lon="128.989965"/><trkpt lat="35.122743" lon="128.989929"/><trkpt lat="35.122716" lon="128.989877"/><trkpt lat="35.122633" lon="128.989715"/><trkpt lat="35.12261" lon="128.989677"/><trkpt lat="35.122558" lon="128.989603"/><trkpt lat="35.122288" lon="128.989239"/><trkpt lat="35.122255" lon="128.989189"/><trkpt lat="35.122235" lon="128.989149"/><trkpt lat="35.122215" lon="128.989092"/><trkpt lat="35.122188" lon="128.989004"/><trkpt lat="35.122177" lon="128.98896"/><trkpt lat="35.122171" lon="128.988913"/><trkpt lat="35.122168" lon="128.988815"/><trkpt lat="35.122165" lon="128.988751"/><trkpt lat="35.122158" lon="128.988703"/><trkpt lat="35.122141" lon="128.988642"/><trkpt lat="35.121995" lon="128.9882"/><trkpt lat="35.121973" lon="128.988141"/><trkpt lat="35.121951" lon="128.988104"/><trkpt lat="35.12192" lon="128.988079"/><trkpt lat="35.121884" lon="128.98806"/><trkpt lat="35.121846" lon="128.988048"/><trkpt lat="35.121806" lon="128.988044"/><trkpt lat="35.121753" lon="128.988044"/><trkpt lat="35.1215" lon="128.988051"/><trkpt lat="35.12146" lon="128.988049"/><trkpt lat="35.121421" lon="128.988043"/><trkpt lat="35.121068" lon="128.98796"/><trkpt lat="35.121017" lon="128.987946"/><trkpt lat="35.120981" lon="128.987929"/><trkpt lat="35.120949" lon="128.987903"/><trkpt lat="35.120908" lon="128.98786"/><trkpt lat="35.120781" lon="128.987715"/><trkpt lat="35.120749" lon="128.987685"/><trkpt lat="35.120651" lon="128.987606"/><trkpt lat="35.120439" lon="128.987444"/><trkpt lat="35.120396" lon="128.987406"/><trkpt lat="35.120336" lon="128.987343"/><trkpt lat="35.120046" lon="128.98703"/><trkpt lat="35.120019" lon="128.986995"/><trkpt lat="35.119995" lon="128.986957"/><trkpt lat="35.119974" lon="128.986916"/><trkpt lat="35.119898" lon="128.986748"/><trkpt lat="35.11987" lon="128.986693"/><trkpt lat="35.119845" lon="128.986655"/><trkpt lat="35.11976" lon="128.98655"/><trkpt lat="35.119724" lon="128.986503"/><trkpt lat="35.119702" lon="128.986464"/><trkpt lat="35.119692" lon="128.986425"/><trkpt lat="35.11969" lon="128.986385"/><trkpt lat="35.119698" lon="128.98635"/><trkpt lat="35.119721" lon="128.986311"/><trkpt lat="35.11973" lon="128.986275"/><trkpt lat="35.119727" lon="128.986231"/><trkpt lat="35.119718" lon="128.986185"/><trkpt lat="35.11964" lon="128.98589"/><trkpt lat="35.119595" lon="128.98572"/><trkpt lat="35.119579" lon="128.985677"/><trkpt lat="35.119555" lon="128.985641"/><trkpt lat="35.119515" lon="128.9856"/><trkpt lat="35.119245" lon="128.985363"/><trkpt lat="35.119193" lon="128.985313"/><trkpt lat="35.119165" lon="128.98528"/><trkpt lat="35.119131" lon="128.98523"/><trkpt lat="35.119015" lon="128.98503"/><trkpt lat="35.118983" lon="128.984978"/><trkpt lat="35.118956" lon="128.984944"/><trkpt lat="35.118924" lon="128.984921"/><trkpt lat="35.118888" lon="128.984906"/><trkpt lat="35.118797" lon="128.984879"/><trkpt lat="35.118706" lon="128.984855"/><trkpt lat="35.118667" lon="128.984848"/><trkpt lat="35.118573" lon="128.984839"/><trkpt lat="35.118327" lon="128.984789"/><trkpt lat="35.118288" lon="128.984781"/><trkpt lat="35.11825" lon="128.984767"/><trkpt lat="35.118151" lon="128.984721"/><trkpt lat="35.118113" lon="128.984708"/><trkpt lat="35.118075" lon="128.9847"/><trkpt lat="35.117985" lon="128.98469"/><trkpt lat="35.117947" lon="128.984681"/><trkpt lat="35.117911" lon="128.984664"/><trkpt lat="35.117818" lon="128.984605"/><trkpt lat="35.11777" lon="128.984579"/><trkpt lat="35.117732" lon="128.984566"/><trkpt lat="35.117693" lon="128.98456"/><trkpt lat="35.117441" lon="128.984568"/><trkpt lat="35.117374" lon="128.98456"/><trkpt lat="35.117335" lon="128.984552"/><trkpt lat="35.1173" lon="128.984534"/><trkpt lat="35.117268" lon="128.98451"/><trkpt lat="35.117152" lon="128.98441"/><trkpt lat="35.117108" lon="128.984376"/><trkpt lat="35.117026" lon="128.984324"/><trkpt lat="35.116669" lon="128.984109"/><trkpt lat="35.116634" lon="128.984084"/><trkpt lat="35.116603" lon="128.984056"/><trkpt lat="35.116542" lon="128.983994"/><trkpt lat="35.116252" lon="128.983689"/><trkpt lat="35.11622" lon="128.983661"/><trkpt lat="35.116186" lon="128.983637"/><trkpt lat="35.115949" lon="128.983498"/><trkpt lat="35.115901" lon="128.983472"/><trkpt lat="35.115866" lon="128.98346"/><trkpt lat="35.115837" lon="128.983464"/><trkpt lat="35.115822" lon="128.983489"/><trkpt lat="35.115826" lon="128.983519"/><trkpt lat="35.115841" lon="128.983552"/><trkpt lat="35.115867" lon="128.983588"/><trkpt lat="35.116078" lon="128.983789"/><trkpt lat="35.116134" lon="128.983857"/><trkpt lat="35.116159" lon="128.983894"/><trkpt lat="35.116197" lon="128.983961"/><trkpt lat="35.116321" lon="128.984176"/><trkpt lat="35.116336" lon="128.98422"/><trkpt lat="35.116381" lon="128.984371"/><trkpt lat="35.116396" lon="128.984415"/><trkpt lat="35.116416" lon="128.984457"/><trkpt lat="35.116455" lon="128.984523"/><trkpt lat="35.11666" lon="128.984882"/><trkpt lat="35.116681" lon="128.984923"/><trkpt lat="35.116698" lon="128.984966"/><trkpt lat="35.116849" lon="128.98527"/><trkpt lat="35.116914" lon="128.985584"/><trkpt lat="35.116926" lon="128.98563"/><trkpt lat="35.116932" lon="128.985672"/><trkpt lat="35.116923" lon="128.985703"/><trkpt lat="35.1169" lon="128.98571"/><trkpt lat="35.116871" lon="128.985698"/><trkpt lat="35.116841" lon="128.985677"/><trkpt lat="35.116814" lon="128.985645"/><trkpt lat="35.11679" lon="128.985604"/><trkpt lat="35.116671" lon="128.985458"/><trkpt lat="35.116648" lon="128.985417"/><trkpt lat="35.116623" lon="128.98538"/><trkpt lat="35.11647" lon="128.985196"/><trkpt lat="35.116325" lon="128.985025"/><trkpt lat="35.116294" lon="128.984995"/><trkpt lat="35.116261" lon="128.984972"/><trkpt lat="35.116213" lon="128.98495"/><trkpt lat="35.116114" lon="128.984909"/><trkpt lat="35.116079" lon="128.98489"/><trkpt lat="35.116046" lon="128.984866"/><trkpt lat="35.116004" lon="128.984829"/><trkpt lat="35.115777" lon="128.984701"/><trkpt lat="35.115745" lon="128.984675"/><trkpt lat="35.115711" lon="128.984654"/><trkpt lat="35.115651" lon="128.984622"/><trkpt lat="35.115602" lon="128.984599"/><trkpt lat="35.115565" lon="128.984587"/><trkpt lat="35.115526" lon="128.984581"/><trkpt lat="35.115488" lon="128.98458"/><trkpt lat="35.115477" lon="128.984658"/><trkpt lat="35.115492" lon="128.984698"/><trkpt lat="35.115803" lon="128.985158"/><trkpt lat="35.11584" lon="128.985224"/><trkpt lat="35.11586" lon="128.985266"/><trkpt lat="35.115875" lon="128.98531"/><trkpt lat="35.115951" lon="128.985497"/><trkpt lat="35.115978" lon="128.985587"/><trkpt lat="35.115994" lon="128.98563"/><trkpt lat="35.116016" lon="128.985671"/><trkpt lat="35.116074" lon="128.985841"/><trkpt lat="35.116106" lon="128.985893"/><trkpt lat="35.116132" lon="128.985949"/><trkpt lat="35.116185" lon="128.98608"/><trkpt lat="35.116204" lon="128.986121"/><trkpt lat="35.116229" lon="128.986156"/><trkpt lat="35.11626" lon="128.986183"/><trkpt lat="35.11643" lon="128.986285"/><trkpt lat="35.116499" lon="128.986334"/><trkpt lat="35.116529" lon="128.986364"/><trkpt lat="35.116549" lon="128.986399"/><trkpt lat="35.116562" lon="128.986437"/><trkpt lat="35.116563" lon="128.986471"/><trkpt lat="35.116549" lon="128.986493"/><trkpt lat="35.116519" lon="128.986494"/><trkpt lat="35.116483" lon="128.986481"/><trkpt lat="35.116407" lon="128.986447"/><trkpt lat="35.116369" lon="128.986434"/><trkpt lat="35.11633" lon="128.986428"/><trkpt lat="35.11629" lon="128.986429"/><trkpt lat="35.116127" lon="128.986419"/><trkpt lat="35.116088" lon="128.986421"/><trkpt lat="35.115873" lon="128.986297"/><trkpt lat="35.115599" lon="128.985992"/><trkpt lat="35.11548" lon="128.985946"/><trkpt lat="35.11544" lon="128.985935"/><trkpt lat="35.115408" lon="128.985922"/><trkpt lat="35.115381" lon="128.98593"/><trkpt lat="35.115372" lon="128.985954"/><trkpt lat="35.115385" lon="128.985988"/><trkpt lat="35.115407" lon="128.986025"/><trkpt lat="35.115614" lon="128.986446"/><trkpt lat="35.115772" lon="128.986605"/><trkpt lat="35.115794" lon="128.986645"/><trkpt lat="35.115808" lon="128.986685"/><trkpt lat="35.115807" lon="128.986723"/><trkpt lat="35.115786" lon="128.986753"/><trkpt lat="35.115753" lon="128.986768"/><trkpt lat="35.115714" lon="128.986772"/><trkpt lat="35.115647" lon="128.986773"/><trkpt lat="35.115477" lon="128.986713"/><trkpt lat="35.115438" lon="128.986708"/><trkpt lat="35.1154" lon="128.986695"/><trkpt lat="35.115325" lon="128.986662"/><trkpt lat="35.115061" lon="128.98652"/><trkpt lat="35.11501" lon="128.986501"/><trkpt lat="35.114971" lon="128.986493"/><trkpt lat="35.114917" lon="128.98649"/><trkpt lat="35.114477" lon="128.986449"/><trkpt lat="35.114344" lon="128.986382"/><trkpt lat="35.114309" lon="128.986362"/><trkpt lat="35.114275" lon="128.986336"/><trkpt lat="35.114203" lon="128.986268"/><trkpt lat="35.11417" lon="128.986243"/><trkpt lat="35.114135" lon="128.986225"/><trkpt lat="35.114083" lon="128.986211"/><trkpt lat="35.113447" lon="128.986011"/><trkpt lat="35.11341" lon="128.985998"/><trkpt lat="35.113372" lon="128.985993"/><trkpt lat="35.11332" lon="128.985996"/><trkpt lat="35.112962" lon="128.986188"/></trkseg>
<trkseg><trkpt lat="35.119298" lon="128.99104"/><trkpt lat="35.119359" lon="128.991018"/><trkpt lat="35.119405" lon="128.990995"/><trkpt lat="35.119441" lon="128.990969"/><trkpt lat="35.119537" lon="128.990881"/><trkpt lat="35.119591" lon="128.990834"/><trkpt lat="35.119625" lon="128.99081"/><trkpt lat="35.119661" lon="128.990793"/><trkpt lat="35.119737" lon="128.990769"/><trkpt lat="35.119943" lon="128.990711"/><trkpt lat="35.119993" lon="128.990703"/><trkpt lat="35.120069" lon="128.990701"/><trkpt lat="35.120106" lon="128.990704"/><trkpt lat="35.120144" lon="128.990716"/><trkpt lat="35.120219" lon="128.990744"/><trkpt lat="35.120256" lon="128.990753"/><trkpt lat="35.120292" lon="128.990748"/><trkpt lat="35.120327" lon="128.990733"/><trkpt lat="35.120492" lon="128.990635"/><trkpt lat="35.120551" lon="128.990603"/><trkpt lat="35.120588" lon="128.990591"/><trkpt lat="35.120626" lon="128.990589"/><trkpt lat="35.120679" lon="128.990596"/><trkpt lat="35.121342" lon="128.990708"/><trkpt lat="35.121434" lon="128.990721"/><trkpt lat="35.121474" lon="128.990723"/><trkpt lat="35.121579" lon="128.990717"/><trkpt lat="35.121869" lon="128.990697"/><trkpt lat="35.121908" lon="128.990698"/><trkpt lat="35.121948" lon="128.990706"/><trkpt lat="35.12217" lon="128.99077"/><trkpt lat="35.122222" lon="128.990787"/><trkpt lat="35.122259" lon="128.990804"/><trkpt lat="35.122305" lon="128.990834"/><trkpt lat="35.12236" lon="128.990875"/><trkpt lat="35.122395" lon="128.990894"/><trkpt lat="35.122434" lon="128.990906"/><trkpt lat="35.122513" lon="128.990924"/><trkpt lat="35.122778" lon="128.990979"/><trkpt lat="35.122817" lon="128.99099"/><trkpt lat="35.122854" lon="128.991006"/><trkpt lat="35.12305" lon="128.991107"/><trkpt lat="35.123135" lon="128.99115"/><trkpt lat="35.123172" lon="128.991165"/><trkpt lat="35.123207" lon="128.991173"/><trkpt lat="35.123249" lon="128.99117"/><trkpt lat="35.123282" lon="128.991183"/><trkpt lat="35.123326" lon="128.991214"/><trkpt lat="35.123415" lon="128.991287"/><trkpt lat="35.123446" lon="128.991316"/><trkpt lat="35.123472" lon="128.99135"/><trkpt lat="35.123495" lon="128.991395"/><trkpt lat="35.123523" lon="128.991463"/><trkpt lat="35.123536" lon="128.991497"/></trkseg>
<trkseg><trkpt lat="35.114481" lon="128.974227"/><trkpt lat="35.114373" lon="128.974319"/><trkpt lat="35.114344" lon="128.97435"/><trkpt lat="35.114319" lon="128.974386"/><trkpt lat="35.114297" lon="128.974427"/><trkpt lat="35.114217" lon="128.974596"/><trkpt lat="35.114194" lon="128.974635"/><trkpt lat="35.114167" lon="128.97467"/><trkpt lat="35.114135" lon="128.974698"/><trkpt lat="35.1141" lon="128.974721"/><trkpt lat="35.114062" lon="128.974734"/><trkpt lat="35.113996" lon="128.974747"/><trkpt lat="35.113889" lon="128.974764"/><trkpt lat="35.113855" lon="128.974775"/><trkpt lat="35.113832" lon="128.974793"/><trkpt lat="35.113832" lon="128.974826"/><trkpt lat="35.113843" lon="128.974879"/><trkpt lat="35.113843" lon="128.974916"/><trkpt lat="35.113823" lon="128.974944"/><trkpt lat="35.113776" lon="128.974983"/><trkpt lat="35.113761" lon="128.975006"/><trkpt lat="35.113772" lon="128.975031"/><trkpt lat="35.113817" lon="128.975077"/><trkpt lat="35.113845" lon="128.975108"/><trkpt lat="35.113869" lon="128.975147"/><trkpt lat="35.11389" lon="128.975189"/><trkpt lat="35.11407" lon="128.975591"/><trkpt lat="35.11411" lon="128.975676"/><trkpt lat="35.114132" lon="128.975716"/><trkpt lat="35.114245" lon="128.975893"/><trkpt lat="35.114284" lon="128.975957"/><trkpt lat="35.114303" lon="128.975998"/><trkpt lat="35.114315" lon="128.97604"/><trkpt lat="35.114322" lon="128.976084"/><trkpt lat="35.114324" lon="128.976127"/><trkpt lat="35.114318" lon="128.976165"/><trkpt lat="35.114298" lon="128.976191"/><trkpt lat="35.114266" lon="128.976207"/><trkpt lat="35.114214" lon="128.97622"/><trkpt lat="35.11399" lon="128.976258"/><trkpt lat="35.113925" lon="128.976267"/><trkpt lat="35.113887" lon="128.976266"/><trkpt lat="35.11385" lon="128.976256"/><trkpt lat="35.113732" lon="128.976198"/><trkpt lat="35.113684" lon="128.976176"/><trkpt lat="35.113647" lon="128.976166"/><trkpt lat="35.113596" lon="128.976163"/><trkpt lat="35.113519" lon="128.976166"/><trkpt lat="35.113481" lon="128.97617"/><trkpt lat="35.113445" lon="128.976181"/><trkpt lat="35.113412" lon="128.976204"/><trkpt lat="35.113358" lon="128.976247"/><trkpt lat="35.113323" lon="128.97626"/><trkpt lat="35.113286" lon="128.976258"/><trkpt lat="35.113208" lon="128.97624"/><trkpt lat="35.11317" lon="128.976236"/><trkpt lat="35.113135" lon="128.976245"/><trkpt lat="35.113101" lon="128.976263"/><trkpt lat="35.113045" lon="128.976297"/><trkpt lat="35.11301" lon="128.976309"/><trkpt lat="35.112973" lon="128.976312"/><trkpt lat="35.112911" lon="128.976314"/><trkpt lat="35.112872" lon="128.97632"/><trkpt lat="35.112793" lon="128.976341"/><trkpt lat="35.112466" lon="128.976438"/><trkpt lat="35.112388" lon="128.976468"/><trkpt lat="35.112325" lon="128.976497"/><trkpt lat="35.11229" lon="128.976517"/><trkpt lat="35.112255" lon="128.976547"/><trkpt lat="35.11223" lon="128.976564"/><trkpt lat="35.112198" lon="128.976563"/><trkpt lat="35.112164" lon="128.976552"/><trkpt lat="35.112092" lon="128.97652"/><trkpt lat="35.112056" lon="128.976508"/><trkpt lat="35.112019" lon="128.976504"/><trkpt lat="35.11198" lon="128.976511"/><trkpt lat="35.111928" lon="128.976529"/><trkpt lat="35.111684" lon="128.976622"/><trkpt lat="35.111647" lon="128.976641"/><trkpt lat="35.111582" lon="128.976689"/><trkpt lat="35.111551" lon="128.97671"/><trkpt lat="35.11152" lon="128.976717"/><trkpt lat="35.11148" lon="128.976711"/><trkpt lat="35.111451" lon="128.976717"/><trkpt lat="35.111401" lon="128.97674"/><trkpt lat="35.111339" lon="128.976754"/><trkpt lat="35.111303" lon="128.976766"/><trkpt lat="35.111271" lon="128.976791"/><trkpt lat="35.111242" lon="128.976822"/><trkpt lat="35.111139" lon="128.97695"/><trkpt lat="35.111101" lon="128.976994"/><trkpt lat="35.111072" lon="128.97702"/><trkpt lat="35.111041" lon="128.977031"/><trkpt lat="35.111009" lon="128.977023"/><trkpt lat="35.110963" lon="128.977006"/><trkpt lat="35.110926" lon="128.977001"/><trkpt lat="35.110875" lon="128.977002"/><trkpt lat="35.110837" lon="128.977006"/><trkpt lat="35.110801" lon="128.977016"/><trkpt lat="35.110766" lon="128.977035"/><trkpt lat="35.110711" lon="128.977077"/><trkpt lat="35.110625" lon="128.977147"/><trkpt lat="35.110594" lon="128.977164"/><trkpt lat="35.110567" lon="128.977162"/><trkpt lat="35.110544" lon="128.977136"/><trkpt lat="35.110523" lon="128.9771"/><trkpt lat="35.110481" lon="128.977021"/><trkpt lat="35.110457" lon="128.976985"/><trkpt lat="35.110428" lon="128.976953"/><trkpt lat="35.110385" lon="128.976915"/><trkpt lat="35.110185" lon="128.97675"/><trkpt lat="35.110143" lon="128.976711"/><trkpt lat="35.110116" lon="128.976677"/><trkpt lat="35.110093" lon="128.976638"/><trkpt lat="35.110034" lon="128.97651"/><trkpt lat="35.11" lon="128.976439"/><trkpt lat="35.109977" lon="128.976404"/><trkpt lat="35.109952" lon="128.976385"/><trkpt lat="35.109932" lon="128.976393"/><trkpt lat="35.109924" lon="128.976427"/><trkpt lat="35.10992" lon="128.976472"/><trkpt lat="35.109919" lon="128.976537"/><trkpt lat="35.109923" lon="128.976585"/><trkpt lat="35.109935" lon="128.976638"/><trkpt lat="35.10996" lon="128.976716"/><trkpt lat="35.109973" lon="128.976753"/></trkseg>
<trkseg><trkpt lat="35.114481" lon="128.974227"/><trkpt lat="35.114391" lon="128.974151"/><trkpt lat="35.114356" lon="128.974126"/><trkpt lat="35.114321" lon="128.974109"/><trkpt lat="35.114258" lon="128.974088"/><trkpt lat="35.114224" lon="128.974069"/><trkpt lat="35.114193" lon="128.974041"/><trkpt lat="35.114127" lon="128.973964"/><trkpt lat="35.113919" lon="128.973717"/><trkpt lat="35.113889" lon="128.973688"/><trkpt lat="35.113854" lon="128.973668"/><trkpt lat="35.113803" lon="128.973651"/><trkpt lat="35.113725" lon="128.973633"/><trkpt lat="35.113685" lon="128.973629"/><trkpt lat="35.113647" lon="128.973635"/><trkpt lat="35.113609" lon="128.973648"/><trkpt lat="35.113471" lon="128.973709"/><trkpt lat="35.113396" lon="128.97374"/><trkpt lat="35.113344" lon="128.973755"/><trkpt lat="35.113198" lon="128.973784"/><trkpt lat="35.113132" lon="128.973794"/><trkpt lat="35.113093" lon="128.973794"/><trkpt lat="35.113054" lon="128.973788"/><trkpt lat="35.112806" lon="128.973727"/><trkpt lat="35.112545" lon="128.973662"/><trkpt lat="35.112507" lon="128.973648"/><trkpt lat="35.112471" lon="128.973628"/><trkpt lat="35.112379" lon="128.973565"/><trkpt lat="35.112321" lon="128.973528"/><trkpt lat="35.112285" lon="128.973511"/><trkpt lat="35.112226" lon="128.973496"/><trkpt lat="35.112195" lon="128.973478"/><trkpt lat="35.112157" lon="128.973446"/><trkpt lat="35.112127" lon="128.973429"/><trkpt lat="35.112095" lon="128.973427"/><trkpt lat="35.11205" lon="128.973434"/><trkpt lat="35.112019" lon="128.973432"/><trkpt lat="35.11199" lon="128.973412"/><trkpt lat="35.111945" lon="128.973362"/><trkpt lat="35.111916" lon="128.973337"/><trkpt lat="35.111881" lon="128.973323"/><trkpt lat="35.111806" lon="128.973309"/><trkpt lat="35.111769" lon="128.9733"/><trkpt lat="35.111733" lon="128.973282"/><trkpt lat="35.111664" lon="128.973238"/><trkpt lat="35.111539" lon="128.97315"/><trkpt lat="35.111507" lon="128.973124"/><trkpt lat="35.111467" lon="128.973085"/><trkpt lat="35.111439" lon="128.973054"/><trkpt lat="35.111415" lon="128.97302"/><trkpt lat="35.111394" lon="128.97298"/><trkpt lat="35.111361" lon="128.972912"/><trkpt lat="35.111337" lon="128.972879"/><trkpt lat="35.111308" lon="128.972854"/><trkpt lat="35.111256" lon="128.972816"/><trkpt lat="35.111226" lon="128.972785"/><trkpt lat="35.111169" lon="128.972717"/><trkpt lat="35.111056" lon="128.972578"/><trkpt lat="35.111026" lon="128.972548"/><trkpt lat="35.110993" lon="128.972524"/><trkpt lat="35.110925" lon="128.97248"/><trkpt lat="35.110894" lon="128.972456"/><trkpt lat="35.110865" lon="128.972424"/><trkpt lat="35.110797" lon="128.972328"/><trkpt lat="35.110771" lon="128.972294"/><trkpt lat="35.110743" lon="128.972269"/><trkpt lat="35.110713" lon="128.972264"/><trkpt lat="35.110683" lon="128.972277"/><trkpt lat="35.110656" lon="128.972302"/><trkpt lat="35.110622" lon="128.972337"/><trkpt lat="35.110591" lon="128.972342"/><trkpt lat="35.110555" lon="128.972335"/><trkpt lat="35.110492" lon="128.97232"/><trkpt lat="35.110454" lon="128.972318"/><trkpt lat="35.110415" lon="128.972325"/><trkpt lat="35.110377" lon="128.972339"/><trkpt lat="35.110343" lon="128.97236"/><trkpt lat="35.11029" lon="128.972401"/><trkpt lat="35.110256" lon="128.972409"/><trkpt lat="35.11022" lon="128.972406"/><trkpt lat="35.110183" lon="128.972396"/><trkpt lat="35.110149" lon="128.972379"/><trkpt lat="35.110094" lon="128.972347"/><trkpt lat="35.110058" lon="128.972334"/><trkpt lat="35.11002" lon="128.972329"/><trkpt lat="35.109914" lon="128.972325"/><trkpt lat="35.109875" lon="128.972321"/><trkpt lat="35.109822" lon="128.972308"/><trkpt lat="35.109679" lon="128.972262"/><trkpt lat="35.109615" lon="128.972238"/><trkpt lat="35.109578" lon="128.972218"/><trkpt lat="35.10952" lon="128.972179"/><trkpt lat="35.10937" lon="128.972071"/><trkpt lat="35.109335" lon="128.972051"/><trkpt lat="35.1093" lon="128.97204"/><trkpt lat="35.109257" lon="128.972036"/><trkpt lat="35.109221" lon="128.972024"/><trkpt lat="35.109174" lon="128.971999"/><trkpt lat="35.109103" lon="128.971961"/><trkpt lat="35.109067" lon="128.97195"/><trkpt lat="35.109028" lon="128.97195"/><trkpt lat="35.108976" lon="128.971961"/><trkpt lat="35.108765" lon="128.972014"/><trkpt lat="35.108727" lon="128.972028"/><trkpt lat="35.108693" lon="128.97205"/><trkpt lat="35.10866" lon="128.972077"/><trkpt lat="35.108534" lon="128.972198"/><trkpt lat="35.108491" lon="128.972236"/><trkpt lat="35.108457" lon="128.972258"/><trkpt lat="35.108401" lon="128.972287"/><trkpt lat="35.108372" lon="128.972309"/><trkpt lat="35.108352" lon="128.972345"/><trkpt lat="35.108334" lon="128.972404"/><trkpt lat="35.108292" lon="128.972574"/><trkpt lat="35.108277" lon="128.972619"/><trkpt lat="35.108259" lon="128.97266"/><trkpt lat="35.108235" lon="128.972696"/><trkpt lat="35.108205" lon="128.972722"/><trkpt lat="35.108138" lon="128.972752"/><trkpt lat="35.108108" lon="128.97277"/><trkpt lat="35.108089" lon="128.972802"/><trkpt lat="35.108079" lon="128.972846"/><trkpt lat="35.108071" lon="128.972927"/><trkpt lat="35.108052" lon="128.973141"/><trkpt lat="35.108045" lon="128.97319"/><trkpt lat="35.108033" lon="128.973235"/><trkpt lat="35.108017" lon="128.973274"/><trkpt lat="35.107997" lon="128.973304"/><trkpt lat="35.107969" lon="128.973312"/><trkpt lat="35.107935" lon="128.973302"/><trkpt lat="35.107898" lon="128.973285"/><trkpt lat="35.107863" lon="128.973265"/><trkpt lat="35.10783" lon="128.97324"/><trkpt lat="35.107806" lon="128.973204"/><trkpt lat="35.107773" lon="128.973117"/><trkpt lat="35.107756" lon="128.973081"/><trkpt lat="35.107735" lon="128.973067"/><trkpt lat="35.107707" lon="128.973079"/><trkpt lat="35.107678" lon="128.973103"/><trkpt lat="35.107639" lon="128.97314"/><trkpt lat="35.107602" lon="128.973181"/><trkpt lat="35.107586" lon="128.973191"/><trkpt lat="35.107556" lon="128.973183"/><trkpt lat="35.107522" lon="128.973165"/><trkpt lat="35.107489" lon="128.973142"/><trkpt lat="35.107461" lon="128.973113"/><trkpt lat="35.107446" lon="128.973076"/><trkpt lat="35.107424" lon="128.973006"/><trkpt lat="35.107405" lon="128.972964"/><trkpt lat="35.107353" lon="128.972868"/><trkpt lat="35.107321" lon="128.972816"/><trkpt lat="35.107294" lon="128.97278"/><trkpt lat="35.107263" lon="128.97275"/><trkpt lat="35.107196" lon="128.972697"/><trkpt lat="35.107127" lon="128.972646"/><trkpt lat="35.107094" lon="128.972626"/><trkpt lat="35.107063" lon="128.972618"/><trkpt lat="35.107043" lon="128.972631"/><trkpt lat="35.107031" lon="128.972662"/><trkpt lat="35.107026" lon="128.972705"/><trkpt lat="35.107022" lon="128.97278"/><trkpt lat="35.107007" lon="128.972819"/><trkpt lat="35.10697" lon="128.972856"/><trkpt lat="35.106929" lon="128.972884"/><trkpt lat="35.106911" lon="128.972895"/></trkseg>
<trkseg><trkpt lat="35.136965" lon="129.039449"/><trkpt lat="35.136886" lon="129.039572"/><trkpt lat="35.136856" lon="129.039623"/><trkpt lat="35.136838" lon="129.039662"/><trkpt lat="35.13683" lon="129.039705"/><trkpt lat="35.13683" lon="129.03975"/><trkpt lat="35.136835" lon="129.039796"/><trkpt lat="35.136845" lon="129.039839"/><trkpt lat="35.136862" lon="129.039879"/><trkpt lat="35.136896" lon="129.039941"/><trkpt lat="35.136912" lon="129.039979"/><trkpt lat="35.136918" lon="129.040022"/><trkpt lat="35.136915" lon="129.040068"/><trkpt lat="35.136874" lon="129.04032"/><trkpt lat="35.136862" lon="129.040399"/><trkpt lat="35.136859" lon="129.040446"/><trkpt lat="35.136863" lon="129.040493"/><trkpt lat="35.136879" lon="129.040555"/><trkpt lat="35.136959" lon="129.040816"/><trkpt lat="35.136981" lon="129.040876"/><trkpt lat="35.137002" lon="129.040917"/><trkpt lat="35.137064" lon="129.04102"/><trkpt lat="35.137085" lon="129.04106"/><trkpt lat="35.137098" lon="129.041101"/><trkpt lat="35.137097" lon="129.041143"/><trkpt lat="35.137087" lon="129.041202"/><trkpt lat="35.137071" lon="129.041278"/><trkpt lat="35.137066" lon="129.041323"/><trkpt lat="35.137068" lon="129.041364"/><trkpt lat="35.137077" lon="129.041403"/><trkpt lat="35.137096" lon="129.041437"/><trkpt lat="35.137127" lon="129.041464"/><trkpt lat="35.137186" lon="129.041501"/><trkpt lat="35.137223" lon="129.04152"/><trkpt lat="35.13726" lon="129.041535"/><trkpt lat="35.137297" lon="129.041538"/><trkpt lat="35.137333" lon="129.041532"/><trkpt lat="35.137395" lon="129.04152"/><trkpt lat="35.137432" lon="129.041518"/><trkpt lat="35.137469" lon="129.041523"/><trkpt lat="35.137506" lon="129.041532"/><trkpt lat="35.137541" lon="129.041545"/><trkpt lat="35.137572" lon="129.041566"/><trkpt lat="35.137599" lon="129.041598"/><trkpt lat="35.137623" lon="129.041635"/><trkpt lat="35.137643" lon="129.041672"/><trkpt lat="35.137654" lon="129.041707"/><trkpt lat="35.137645" lon="129.041739"/><trkpt lat="35.137605" lon="129.04179"/><trkpt lat="35.137588" lon="129.041828"/><trkpt lat="35.137579" lon="129.041873"/><trkpt lat="35.137569" lon="129.041967"/><trkpt lat="35.137565" lon="129.04203"/><trkpt lat="35.137566" lon="129.042078"/><trkpt lat="35.137572" lon="129.042127"/><trkpt lat="35.137586" lon="129.042207"/><trkpt lat="35.137598" lon="129.042253"/><trkpt lat="35.137616" lon="129.042294"/><trkpt lat="35.137649" lon="129.042356"/><trkpt lat="35.137665" lon="129.042393"/><trkpt lat="35.13767" lon="129.042436"/><trkpt lat="35.137664" lon="129.04248"/><trkpt lat="35.137646" lon="129.042519"/><trkpt lat="35.13762" lon="129.042553"/><trkpt lat="35.137579" lon="129.042594"/><trkpt lat="35.13737" lon="129.042794"/><trkpt lat="35.137331" lon="129.042836"/><trkpt lat="35.137305" lon="129.042873"/><trkpt lat="35.137278" lon="129.042928"/><trkpt lat="35.137236" lon="129.043031"/><trkpt lat="35.137216" lon="129.04309"/><trkpt lat="35.137211" lon="129.043133"/><trkpt lat="35.137221" lon="129.043173"/><trkpt lat="35.137241" lon="129.043209"/><trkpt lat="35.137268" lon="129.043238"/><trkpt lat="35.137302" lon="129.043256"/><trkpt lat="35.13734" lon="129.043266"/><trkpt lat="35.137482" lon="129.043293"/><trkpt lat="35.13752" lon="129.043303"/><trkpt lat="35.137555" lon="129.043318"/><trkpt lat="35.137587" lon="129.043344"/><trkpt lat="35.137645" lon="129.043408"/><trkpt lat="35.137684" lon="129.043449"/><trkpt lat="35.137715" lon="129.043474"/><trkpt lat="35.137758" lon="129.043493"/><trkpt lat="35.137784" lon="129.043507"/><trkpt lat="35.137794" lon="129.043536"/><trkpt lat="35.137789" lon="129.043577"/><trkpt lat="35.137743" lon="129.043765"/><trkpt lat="35.137724" lon="129.043844"/><trkpt lat="35.137716" lon="129.043891"/><trkpt lat="35.137714" lon="129.043939"/><trkpt lat="35.137718" lon="129.043987"/><trkpt lat="35.137728" lon="129.044067"/><trkpt lat="35.137736" lon="129.044113"/><trkpt lat="35.137751" lon="129.044156"/><trkpt lat="35.137772" lon="129.044192"/><trkpt lat="35.137796" lon="129.044226"/><trkpt lat="35.137823" lon="129.044257"/><trkpt lat="35.137853" lon="129.044283"/><trkpt lat="35.137888" lon="129.044302"/><trkpt lat="35.137938" lon="129.044323"/><trkpt lat="35.13805" lon="129.04437"/><trkpt lat="35.138084" lon="129.044389"/><trkpt lat="35.138109" lon="129.044417"/><trkpt lat="35.138124" lon="129.044456"/><trkpt lat="35.138131" lon="129.044499"/><trkpt lat="35.138128" lon="129.044545"/><trkpt lat="35.138104" lon="129.044668"/><trkpt lat="35.138095" lon="129.04473"/><trkpt lat="35.138094" lon="129.044777"/><trkpt lat="35.138099" lon="129.044839"/><trkpt lat="35.138113" lon="129.044949"/><trkpt lat="35.138126" lon="129.045027"/><trkpt lat="35.138138" lon="129.04507"/><trkpt lat="35.138158" lon="129.04511"/><trkpt lat="35.138183" lon="129.045147"/><trkpt lat="35.138273" lon="129.045268"/><trkpt lat="35.138311" lon="129.045313"/><trkpt lat="35.138343" lon="129.045341"/><trkpt lat="35.138422" lon="129.045396"/><trkpt lat="35.138454" lon="129.045421"/><trkpt lat="35.138478" lon="129.045451"/><trkpt lat="35.138487" lon="129.045493"/><trkpt lat="35.138489" lon="129.04554"/><trkpt lat="35.138485" lon="129.045655"/><trkpt lat="35.138479" lon="129.045737"/><trkpt lat="35.138472" lon="129.045784"/><trkpt lat="35.138454" lon="129.045843"/><trkpt lat="35.138418" lon="129.045944"/><trkpt lat="35.1384" lon="129.045986"/><trkpt lat="35.138377" lon="129.046024"/><trkpt lat="35.138341" lon="129.046071"/><trkpt lat="35.138268" lon="129.046164"/><trkpt lat="35.138247" lon="129.046202"/><trkpt lat="35.138237" lon="129.046246"/><trkpt lat="35.138233" lon="129.046305"/><trkpt lat="35.13823" lon="129.046407"/><trkpt lat="35.13823" lon="129.04641"/></trkseg>
<trkseg><trkpt lat="35.13336" lon="129.040307"/><trkpt lat="35.133568" lon="129.040205"/><trkpt lat="35.133605" lon="129.040191"/><trkpt lat="35.133644" lon="129.040182"/><trkpt lat="35.133697" lon="129.040176"/><trkpt lat="35.133882" lon="129.040163"/><trkpt lat="35.133921" lon="129.040155"/><trkpt lat="35.133998" lon="129.04013"/><trkpt lat="35.134276" lon="129.040026"/><trkpt lat="35.134327" lon="129.04001"/><trkpt lat="35.134365" lon="129.040005"/><trkpt lat="35.134404" lon="129.040011"/><trkpt lat="35.134455" lon="129.040029"/><trkpt lat="35.134609" lon="129.040091"/><trkpt lat="35.134646" lon="129.040101"/><trkpt lat="35.134676" lon="129.040097"/><trkpt lat="35.134696" lon="129.040071"/><trkpt lat="35.134711" lon="129.040031"/><trkpt lat="35.13474" lon="129.039927"/><trkpt lat="35.134762" lon="129.039853"/><trkpt lat="35.134779" lon="129.039812"/><trkpt lat="35.134801" lon="129.039773"/><trkpt lat="35.134848" lon="129.039698"/><trkpt lat="35.134899" lon="129.039627"/><trkpt lat="35.134927" lon="129.039597"/><trkpt lat="35.13499" lon="129.039547"/><trkpt lat="35.135016" lon="129.039518"/><trkpt lat="35.135036" lon="129.039483"/><trkpt lat="35.135051" lon="129.039444"/><trkpt lat="35.135064" lon="129.039401"/><trkpt lat="35.135088" lon="129.03929"/><trkpt lat="35.135113" lon="129.039147"/><trkpt lat="35.135117" lon="129.039094"/><trkpt lat="35.135112" lon="129.039038"/><trkpt lat="35.1351" lon="129.03897"/></trkseg>
<trkseg><trkpt lat="35.125553" lon="129.018778"/><trkpt lat="35.125777" lon="129.018878"/><trkpt lat="35.125812" lon="129.018898"/><trkpt lat="35.125847" lon="129.018925"/><trkpt lat="35.12589" lon="129.018964"/><trkpt lat="35.12592" lon="129.018996"/><trkpt lat="35.125943" lon="129.019032"/><trkpt lat="35.125953" lon="129.019073"/><trkpt lat="35.125955" lon="129.019117"/><trkpt lat="35.125947" lon="129.019161"/><trkpt lat="35.12593" lon="129.019201"/><trkpt lat="35.125909" lon="129.019241"/><trkpt lat="35.125833" lon="129.019365"/><trkpt lat="35.125832" lon="129.019368"/></trkseg>
<trkseg><trkpt lat="35.134124" lon="129.036354"/><trkpt lat="35.134169" lon="129.036387"/><trkpt lat="35.134212" lon="129.036424"/><trkpt lat="35.134238" lon="129.036461"/><trkpt lat="35.134249" lon="129.036499"/><trkpt lat="35.134251" lon="129.03654"/><trkpt lat="35.134241" lon="129.036584"/><trkpt lat="35.134225" lon="129.036629"/><trkpt lat="35.134162" lon="129.036774"/><trkpt lat="35.134141" lon="129.036816"/><trkpt lat="35.134116" lon="129.036853"/><trkpt lat="35.134087" lon="129.036883"/><trkpt lat="35.134025" lon="129.03694"/><trkpt lat="35.133998" lon="129.036972"/><trkpt lat="35.133979" lon="129.037011"/><trkpt lat="35.133964" lon="129.037053"/><trkpt lat="35.133953" lon="129.037097"/><trkpt lat="35.133946" lon="129.037142"/><trkpt lat="35.133946" lon="129.037191"/><trkpt lat="35.133951" lon="129.037288"/><trkpt lat="35.133958" lon="129.037352"/><trkpt lat="35.133968" lon="129.037399"/><trkpt lat="35.133995" lon="129.037489"/><trkpt lat="35.134047" lon="129.037653"/><trkpt lat="35.134059" lon="129.037699"/><trkpt lat="35.134064" lon="129.037745"/><trkpt lat="35.134065" lon="129.037806"/><trkpt lat="35.134061" lon="129.037898"/><trkpt lat="35.134055" lon="129.037942"/><trkpt lat="35.13404" lon="129.037984"/><trkpt lat="35.134011" lon="129.038037"/><trkpt lat="35.133895" lon="129.038214"/><trkpt lat="35.133856" lon="129.038278"/><trkpt lat="35.133836" lon="129.03832"/><trkpt lat="35.13382" lon="129.038364"/><trkpt lat="35.133743" lon="129.038622"/><trkpt lat="35.133671" lon="129.038864"/><trkpt lat="35.133661" lon="129.03891"/><trkpt lat="35.133657" lon="129.038958"/><trkpt lat="35.133659" lon="129.039006"/><trkpt lat="35.133699" lon="129.039557"/><trkpt lat="35.133717" lon="129.039785"/><trkpt lat="35.133719" lon="129.039832"/><trkpt lat="35.133716" lon="129.039877"/><trkpt lat="35.133699" lon="129.039914"/><trkpt lat="35.133671" lon="129.039945"/><trkpt lat="35.133552" lon="129.040047"/><trkpt lat="35.133487" lon="129.040104"/><trkpt lat="35.133457" lon="129.040136"/><trkpt lat="35.133432" lon="129.040172"/><trkpt lat="35.133395" lon="129.040239"/><trkpt lat="35.13336" lon="129.040307"/></trkseg>
<trkseg><trkpt lat="35.134089" lon="129.034786"/><trkpt lat="35.134042" lon="129.034864"/><trkpt lat="35.134008" lon="129.034925"/><trkpt lat="35.133992" lon="129.034966"/><trkpt lat="35.133985" lon="129.035013"/><trkpt lat="35.13398" lon="129.035159"/><trkpt lat="35.133975" lon="129.035223"/><trkpt lat="35.133965" lon="129.035266"/><trkpt lat="35.133943" lon="129.035302"/><trkpt lat="35.133911" lon="129.03535"/><trkpt lat="35.133892" lon="129.035391"/><trkpt lat="35.133863" lon="129.035463"/><trkpt lat="35.133727" lon="129.03583"/><trkpt lat="35.133713" lon="129.035874"/><trkpt lat="35.133703" lon="129.03592"/><trkpt lat="35.133699" lon="129.035967"/><trkpt lat="35.133698" lon="129.036096"/><trkpt lat="35.133702" lon="129.036159"/><trkpt lat="35.13371" lon="129.036206"/><trkpt lat="35.13373" lon="129.036283"/><trkpt lat="35.133735" lon="129.036329"/><trkpt lat="35.133734" lon="129.036375"/><trkpt lat="35.133724" lon="129.036452"/><trkpt lat="35.133712" lon="129.036512"/><trkpt lat="35.133697" lon="129.036555"/><trkpt lat="35.133676" lon="129.036595"/><trkpt lat="35.133565" lon="129.03676"/><trkpt lat="35.13343" lon="129.036962"/><trkpt lat="35.133399" lon="129.037015"/><trkpt lat="35.133375" lon="129.037073"/><trkpt lat="35.133088" lon="129.037878"/><trkpt lat="35.133058" lon="129.037968"/><trkpt lat="35.133046" lon="129.038013"/><trkpt lat="35.133038" lon="129.038071"/><trkpt lat="35.133031" lon="129.038112"/><trkpt lat="35.133013" lon="129.038149"/><trkpt lat="35.132965" lon="129.038219"/><trkpt lat="35.132946" lon="129.038258"/><trkpt lat="35.132935" lon="129.038301"/><trkpt lat="35.13292" lon="129.038375"/><trkpt lat="35.132909" lon="129.038417"/><trkpt lat="35.132891" lon="129.038453"/><trkpt lat="35.132862" lon="129.038483"/><trkpt lat="35.132807" lon="129.038525"/><trkpt lat="35.132704" lon="129.038599"/><trkpt lat="35.132673" lon="129.038627"/><trkpt lat="35.132649" lon="129.03866"/><trkpt lat="35.132635" lon="129.038699"/><trkpt lat="35.132626" lon="129.038742"/><trkpt lat="35.132621" lon="129.038785"/><trkpt lat="35.132624" lon="129.038831"/><trkpt lat="35.132633" lon="129.038878"/><trkpt lat="35.13271" lon="129.039173"/><trkpt lat="35.132736" lon="129.039264"/><trkpt lat="35.132754" lon="129.039308"/><trkpt lat="35.132789" lon="129.039378"/><trkpt lat="35.133059" lon="129.039889"/><trkpt lat="35.133176" lon="129.04011"/><trkpt lat="35.1332" lon="129.040149"/><trkpt lat="35.133228" lon="129.040181"/><trkpt lat="35.133269" lon="129.040222"/><trkpt lat="35.13336" lon="129.040307"/></trkseg>
<trkseg><trkpt lat="35.110576" lon="129.003672"/><trkpt lat="35.109941" lon="129.004562"/><trkpt lat="35.109917" lon="129.004601"/><trkpt lat="35.109897" lon="129.004642"/><trkpt lat="35.109885" lon="129.004687"/><trkpt lat="35.109868" lon="129.004764"/><trkpt lat="35.109806" lon="129.005075"/><trkpt lat="35.109795" lon="129.005121"/><trkpt lat="35.10978" lon="129.005164"/><trkpt lat="35.10976" lon="129.0052"/><trkpt lat="35.109726" lon="129.005258"/><trkpt lat="35.109715" lon="129.005296"/><trkpt lat="35.109715" lon="129.005341"/><trkpt lat="35.109731" lon="129.005451"/><trkpt lat="35.109735" lon="129.005498"/><trkpt lat="35.109733" lon="129.005545"/><trkpt lat="35.109723" lon="129.00559"/><trkpt lat="35.109699" lon="129.005665"/><trkpt lat="35.109589" lon="129.005995"/><trkpt lat="35.10953" lon="129.006175"/><trkpt lat="35.109512" lon="129.006216"/><trkpt lat="35.109488" lon="129.006249"/><trkpt lat="35.109457" lon="129.006271"/><trkpt lat="35.109422" lon="129.006289"/><trkpt lat="35.109374" lon="129.006308"/><trkpt lat="35.109337" lon="129.006319"/><trkpt lat="35.109298" lon="129.006323"/><trkpt lat="35.109218" lon="129.006322"/><trkpt lat="35.109018" lon="129.006314"/><trkpt lat="35.10898" lon="129.006318"/><trkpt lat="35.108946" lon="129.006332"/><trkpt lat="35.108916" lon="129.006359"/><trkpt lat="35.10888" lon="129.006402"/><trkpt lat="35.108838" lon="129.00646"/><trkpt lat="35.108816" lon="129.006498"/><trkpt lat="35.108788" lon="129.006567"/><trkpt lat="35.10877" lon="129.006606"/><trkpt lat="35.108745" lon="129.00664"/><trkpt lat="35.108705" lon="129.006681"/><trkpt lat="35.108624" lon="129.006761"/><trkpt lat="35.108598" lon="129.006793"/><trkpt lat="35.108574" lon="129.006837"/><trkpt lat="35.108552" lon="129.006867"/><trkpt lat="35.108494" lon="129.00692"/><trkpt lat="35.108465" lon="129.006949"/><trkpt lat="35.108437" lon="129.006983"/><trkpt lat="35.108341" lon="129.007117"/><trkpt lat="35.108245" lon="129.007252"/><trkpt lat="35.108223" lon="129.00729"/><trkpt lat="35.108209" lon="129.007332"/><trkpt lat="35.108205" lon="129.007378"/><trkpt lat="35.108206" lon="129.007473"/><trkpt lat="35.108206" lon="129.007519"/><trkpt lat="35.1082" lon="129.00756"/></trkseg>
<trkseg><trkpt lat="35.108339" lon="128.998708"/><trkpt lat="35.108386" lon="128.998805"/><trkpt lat="35.108411" lon="128.998848"/><trkpt lat="35.108439" lon="128.998882"/><trkpt lat="35.10849" lon="128.998935"/><trkpt lat="35.108626" lon="128.99907"/><trkpt lat="35.108692" lon="128.999126"/><trkpt lat="35.108793" lon="128.999206"/><trkpt lat="35.108828" lon="128.99923"/><trkpt lat="35.108875" lon="128.999253"/><trkpt lat="35.10897" lon="128.999295"/><trkpt lat="35.109002" lon="128.999315"/><trkpt lat="35.109026" lon="128.999342"/><trkpt lat="35.109055" lon="128.999377"/><trkpt lat="35.109085" lon="128.999392"/><trkpt lat="35.109142" lon="128.999407"/><trkpt lat="35.109177" lon="128.999423"/><trkpt lat="35.109211" lon="128.999445"/><trkpt lat="35.109279" lon="128.999496"/><trkpt lat="35.109432" lon="128.999647"/><trkpt lat="35.109478" lon="128.999678"/><trkpt lat="35.109527" lon="128.999702"/><trkpt lat="35.109961" lon="128.999883"/></trkseg>
<trkseg><trkpt lat="35.143803" lon="129.004372"/><trkpt lat="35.143822" lon="129.004403"/><trkpt lat="35.143845" lon="129.004453"/><trkpt lat="35.14386" lon="129.004509"/><trkpt lat="35.143873" lon="129.004603"/><trkpt lat="35.143882" lon="129.004647"/><trkpt lat="35.14391" lon="129.004707"/><trkpt lat="35.143921" lon="129.004739"/><trkpt lat="35.143929" lon="129.004783"/><trkpt lat="35.143945" lon="129.004823"/><trkpt lat="35.143994" lon="129.004918"/><trkpt lat="35.144096" lon="129.005107"/><trkpt lat="35.144116" lon="129.005149"/><trkpt lat="35.144132" lon="129.005192"/><trkpt lat="35.144152" lon="129.005268"/><trkpt lat="35.144176" lon="129.005375"/><trkpt lat="35.144184" lon="129.005421"/><trkpt lat="35.144187" lon="129.005468"/><trkpt lat="35.144185" lon="129.005531"/><trkpt lat="35.144169" lon="129.005754"/><trkpt lat="35.144168" lon="129.005818"/><trkpt lat="35.144171" lon="129.005866"/><trkpt lat="35.144181" lon="129.005947"/><trkpt lat="35.144183" lon="129.005993"/><trkpt lat="35.144174" lon="129.006032"/><trkpt lat="35.14415" lon="129.006063"/><trkpt lat="35.14412" lon="129.006092"/><trkpt lat="35.143981" lon="129.006208"/><trkpt lat="35.143947" lon="129.006232"/><trkpt lat="35.143899" lon="129.006259"/><trkpt lat="35.143837" lon="129.006287"/><trkpt lat="35.143799" lon="129.0063"/><trkpt lat="35.143759" lon="129.006308"/><trkpt lat="35.143692" lon="129.00631"/><trkpt lat="35.14318" lon="129.006313"/><trkpt lat="35.143126" lon="129.006309"/><trkpt lat="35.143088" lon="129.006299"/><trkpt lat="35.143005" lon="129.006265"/><trkpt lat="35.142971" lon="129.006254"/><trkpt lat="35.142943" lon="129.006255"/><trkpt lat="35.142925" lon="129.006282"/><trkpt lat="35.142912" lon="129.006335"/><trkpt lat="35.142896" lon="129.006437"/><trkpt lat="35.142896" lon="129.00644"/></trkseg>
<trkseg><trkpt lat="35.142531" lon="129.004574"/><trkpt lat="35.143803" lon="129.004372"/></trkseg>
<trkseg><trkpt lat="35.143222" lon="129.001977"/><trkpt lat="35.143295" lon="129.001979"/><trkpt lat="35.143323" lon="129.001984"/><trkpt lat="35.143339" lon="129.001995"/><trkpt lat="35.143359" lon="129.002024"/><trkpt lat="35.143371" lon="129.00204"/><trkpt lat="35.143387" lon="129.002046"/><trkpt lat="35.143407" lon="129.002044"/><trkpt lat="35.143502" lon="129.002013"/><trkpt lat="35.143557" lon="129.001996"/></trkseg>
<trkseg><trkpt lat="35.125832" lon="129.019368"/><trkpt lat="35.125165" lon="129.019391"/><trkpt lat="35.125099" lon="129.019397"/><trkpt lat="35.125022" lon="129.019412"/><trkpt lat="35.124856" lon="129.019446"/><trkpt lat="35.124817" lon="129.019451"/><trkpt lat="35.124778" lon="129.019452"/><trkpt lat="35.124646" lon="129.019444"/><trkpt lat="35.124594" lon="129.019437"/><trkpt lat="35.124558" lon="129.019426"/><trkpt lat="35.124521" lon="129.019387"/><trkpt lat="35.124508" lon="129.019346"/></trkseg>
<trkseg><trkpt lat="35.125165" lon="129.010473"/><trkpt lat="35.125429" lon="129.010234"/><trkpt lat="35.125459" lon="129.010204"/><trkpt lat="35.125484" lon="129.010169"/><trkpt lat="35.125504" lon="129.010128"/><trkpt lat="35.125526" lon="129.010071"/><trkpt lat="35.125545" lon="129.010011"/><trkpt lat="35.125626" lon="129.0097"/><trkpt lat="35.125648" lon="129.009624"/><trkpt lat="35.125665" lon="129.009581"/><trkpt lat="35.125686" lon="129.009545"/><trkpt lat="35.125723" lon="129.009487"/><trkpt lat="35.125737" lon="129.009448"/><trkpt lat="35.12574" lon="129.009403"/><trkpt lat="35.125735" lon="129.009276"/><trkpt lat="35.125733" lon="129.009196"/><trkpt lat="35.125737" lon="129.009149"/><trkpt lat="35.125746" lon="129.009102"/><trkpt lat="35.12577" lon="129.009009"/><trkpt lat="35.125846" lon="129.008731"/><trkpt lat="35.125856" lon="129.008685"/><trkpt lat="35.12586" lon="129.008642"/><trkpt lat="35.125849" lon="129.008603"/><trkpt lat="35.125825" lon="129.008568"/><trkpt lat="35.125757" lon="129.008489"/><trkpt lat="35.125677" lon="129.008402"/><trkpt lat="35.125645" lon="129.008373"/><trkpt lat="35.125601" lon="129.008341"/><trkpt lat="35.125556" lon="129.008312"/><trkpt lat="35.125521" lon="129.008295"/><trkpt lat="35.125483" lon="129.008282"/><trkpt lat="35.125366" lon="129.008258"/><trkpt lat="35.125315" lon="129.008245"/><trkpt lat="35.125281" lon="129.00823"/><trkpt lat="35.125254" lon="129.008202"/><trkpt lat="35.125227" lon="129.008153"/><trkpt lat="35.125204" lon="129.008117"/><trkpt lat="35.125175" lon="129.008091"/><trkpt lat="35.125142" lon="129.008071"/><trkpt lat="35.125106" lon="129.008061"/><trkpt lat="35.125068" lon="129.008061"/><trkpt lat="35.12503" lon="129.008067"/><trkpt lat="35.124993" lon="129.008076"/><trkpt lat="35.124959" lon="129.008094"/><trkpt lat="35.124928" lon="129.008123"/><trkpt lat="35.124878" lon="129.008177"/><trkpt lat="35.124847" lon="129.008206"/><trkpt lat="35.124815" lon="129.008227"/><trkpt lat="35.124781" lon="129.008243"/><trkpt lat="35.124746" lon="129.008256"/><trkpt lat="35.124708" lon="129.008265"/><trkpt lat="35.124668" lon="129.008269"/><trkpt lat="35.124576" lon="129.008272"/><trkpt lat="35.124537" lon="129.008269"/><trkpt lat="35.124484" lon="129.008251"/><trkpt lat="35.124452" lon="129.008245"/><trkpt lat="35.124415" lon="129.008251"/><trkpt lat="35.124352" lon="129.008273"/><trkpt lat="35.124163" lon="129.008346"/><trkpt lat="35.124125" lon="129.008357"/><trkpt lat="35.124088" lon="129.008362"/><trkpt lat="35.124051" lon="129.008354"/><trkpt lat="35.123979" lon="129.008326"/><trkpt lat="35.123943" lon="129.008318"/><trkpt lat="35.123908" lon="129.008321"/><trkpt lat="35.123873" lon="129.008331"/><trkpt lat="35.123838" lon="129.008345"/><trkpt lat="35.123727" lon="129.008405"/><trkpt lat="35.123655" lon="129.008447"/><trkpt lat="35.123621" lon="129.008472"/><trkpt lat="35.123591" lon="129.008503"/><trkpt lat="35.123516" lon="129.008597"/><trkpt lat="35.123478" lon="129.008643"/><trkpt lat="35.123447" lon="129.008672"/><trkpt lat="35.123412" lon="129.008692"/><trkpt lat="35.123363" lon="129.008712"/><trkpt lat="35.123263" lon="129.008746"/><trkpt lat="35.123225" lon="129.008757"/><trkpt lat="35.123186" lon="129.008762"/><trkpt lat="35.123044" lon="129.00876"/><trkpt lat="35.122993" lon="129.008762"/><trkpt lat="35.122956" lon="129.008769"/><trkpt lat="35.122921" lon="129.008787"/><trkpt lat="35.122875" lon="129.008819"/><trkpt lat="35.122536" lon="129.009081"/><trkpt lat="35.12249" lon="129.009111"/><trkpt lat="35.122454" lon="129.009125"/><trkpt lat="35.122414" lon="129.009129"/><trkpt lat="35.122361" lon="129.009127"/><trkpt lat="35.122118" lon="129.009111"/><trkpt lat="35.122078" lon="129.009111"/><trkpt lat="35.122038" lon="129.009117"/><trkpt lat="35.121973" lon="129.009134"/><trkpt lat="35.121753" lon="129.0092"/><trkpt lat="35.121715" lon="129.009216"/><trkpt lat="35.121655" lon="129.00925"/><trkpt lat="35.120579" lon="129.010042"/></trkseg>
<trkseg><trkpt lat="35.140431" lon="128.995446"/><trkpt lat="35.140214" lon="128.995535"/><trkpt lat="35.140176" lon="128.995549"/><trkpt lat="35.140139" lon="128.995555"/><trkpt lat="35.140104" lon="128.995545"/><trkpt lat="35.140071" lon="128.995522"/><trkpt lat="35.139875" lon="128.99535"/><trkpt lat="35.139788" lon="128.995275"/><trkpt lat="35.139754" lon="128.99525"/><trkpt lat="35.139719" lon="128.99523"/><trkpt lat="35.139684" lon="128.995214"/><trkpt lat="35.139647" lon="128.995203"/><trkpt lat="35.139611" lon="128.995204"/><trkpt lat="35.139551" lon="128.995212"/><trkpt lat="35.139516" lon="128.995211"/><trkpt lat="35.139484" lon="128.995196"/><trkpt lat="35.139454" lon="128.995169"/><trkpt lat="35.139416" lon="128.995125"/><trkpt lat="35.13933" lon="128.995024"/><trkpt lat="35.1393" lon="128.994995"/><trkpt lat="35.139267" lon="128.994978"/><trkpt lat="35.139229" lon="128.994976"/><trkpt lat="35.139162" lon="128.994983"/><trkpt lat="35.139027" lon="128.995001"/><trkpt lat="35.138987" lon="128.995003"/><trkpt lat="35.138948" lon="128.994999"/><trkpt lat="35.138911" lon="128.994987"/><trkpt lat="35.138876" lon="128.994969"/><trkpt lat="35.138845" lon="128.994941"/><trkpt lat="35.138797" lon="128.994887"/><trkpt lat="35.138768" lon="128.994858"/><trkpt lat="35.138738" lon="128.99484"/><trkpt lat="35.138706" lon="128.994843"/><trkpt lat="35.138649" lon="128.994865"/><trkpt lat="35.138614" lon="128.994878"/><trkpt lat="35.138577" lon="128.994882"/><trkpt lat="35.13854" lon="128.994879"/><trkpt lat="35.138503" lon="128.994872"/><trkpt lat="35.138467" lon="128.99486"/><trkpt lat="35.138434" lon="128.994838"/><trkpt lat="35.138403" lon="128.994807"/><trkpt lat="35.138365" lon="128.994761"/><trkpt lat="35.138348" lon="128.994531"/><trkpt lat="35.13827" lon="128.994415"/><trkpt lat="35.138251" lon="128.994374"/><trkpt lat="35.138227" lon="128.994338"/><trkpt lat="35.138197" lon="128.994309"/><trkpt lat="35.137988" lon="128.994198"/><trkpt lat="35.137876" lon="128.994115"/></trkseg>
<trkseg><trkpt lat="35.143676" lon="128.994131"/><trkpt lat="35.143658" lon="128.994209"/><trkpt lat="35.143641" lon="128.994269"/><trkpt lat="35.143623" lon="128.994312"/><trkpt lat="35.143599" lon="128.994345"/><trkpt lat="35.14357" lon="128.994375"/><trkpt lat="35.143521" lon="128.994423"/><trkpt lat="35.143489" lon="128.994449"/><trkpt lat="35.143455" lon="128.994471"/><trkpt lat="35.143392" lon="128.994501"/><trkpt lat="35.142394" lon="128.99494"/><trkpt lat="35.14233" lon="128.994966"/><trkpt lat="35.141683" lon="128.995184"/><trkpt lat="35.141373" lon="128.995288"/><trkpt lat="35.141333" lon="128.995296"/><trkpt lat="35.141268" lon="128.995302"/><trkpt lat="35.141046" lon="128.995313"/><trkpt lat="35.141008" lon="128.995311"/><trkpt lat="35.140973" lon="128.9953"/><trkpt lat="35.14094" lon="128.995278"/><trkpt lat="35.140856" lon="128.995207"/><trkpt lat="35.140825" lon="128.995182"/><trkpt lat="35.140791" lon="128.995163"/><trkpt lat="35.140753" lon="128.995156"/><trkpt lat="35.140699" lon="128.995157"/><trkpt lat="35.140646" lon="128.995163"/><trkpt lat="35.14061" lon="128.995175"/><trkpt lat="35.140581" lon="128.9952"/><trkpt lat="35.14056" lon="128.995238"/><trkpt lat="35.140528" lon="128.995308"/><trkpt lat="35.140467" lon="128.995453"/></trkseg>
<trkseg><trkpt lat="35.1215" lon="129.025468"/><trkpt lat="35.121428" lon="129.025558"/><trkpt lat="35.121388" lon="129.02561"/><trkpt lat="35.121365" lon="129.025647"/><trkpt lat="35.121352" lon="129.025689"/><trkpt lat="35.121351" lon="129.025736"/><trkpt lat="35.121355" lon="129.025784"/><trkpt lat="35.121362" lon="129.025832"/><trkpt lat="35.121375" lon="129.025877"/><trkpt lat="35.121395" lon="129.02591"/><trkpt lat="35.12142" lon="129.025937"/><trkpt lat="35.121455" lon="129.025956"/><trkpt lat="35.121506" lon="129.025975"/><trkpt lat="35.121582" lon="129.026001"/><trkpt lat="35.121618" lon="129.02602"/><trkpt lat="35.121648" lon="129.026048"/><trkpt lat="35.121676" lon="129.026082"/><trkpt lat="35.1217" lon="129.026119"/><trkpt lat="35.121719" lon="129.026161"/><trkpt lat="35.121799" lon="129.026385"/><trkpt lat="35.12199" lon="129.026921"/><trkpt lat="35.122009" lon="129.026981"/><trkpt lat="35.122019" lon="129.027027"/><trkpt lat="35.12202" lon="129.027075"/><trkpt lat="35.122013" lon="129.027155"/><trkpt lat="35.121998" lon="129.027285"/><trkpt lat="35.121996" lon="129.027333"/><trkpt lat="35.121999" lon="129.027381"/><trkpt lat="35.122006" lon="129.027429"/><trkpt lat="35.122038" lon="129.027602"/><trkpt lat="35.122044" lon="129.027649"/><trkpt lat="35.122044" lon="129.027696"/><trkpt lat="35.122038" lon="129.027758"/><trkpt lat="35.122023" lon="129.027882"/><trkpt lat="35.122023" lon="129.027928"/><trkpt lat="35.122029" lon="129.027975"/><trkpt lat="35.122045" lon="129.028051"/><trkpt lat="35.122058" lon="129.028095"/><trkpt lat="35.122076" lon="129.028134"/><trkpt lat="35.122101" lon="129.028166"/><trkpt lat="35.122146" lon="129.028218"/><trkpt lat="35.122171" lon="129.02825"/><trkpt lat="35.122192" lon="129.028289"/><trkpt lat="35.122221" lon="129.028358"/><trkpt lat="35.122246" lon="129.028429"/><trkpt lat="35.122258" lon="129.028474"/><trkpt lat="35.122278" lon="129.028568"/><trkpt lat="35.122352" lon="129.028962"/><trkpt lat="35.122365" lon="129.029039"/><trkpt lat="35.122369" lon="129.029081"/><trkpt lat="35.122367" lon="129.029119"/><trkpt lat="35.122374" lon="129.029157"/><trkpt lat="35.122394" lon="129.029213"/><trkpt lat="35.122461" lon="129.029372"/><trkpt lat="35.122477" lon="129.029416"/><trkpt lat="35.122489" lon="129.02946"/><trkpt lat="35.122494" lon="129.029505"/><trkpt lat="35.122494" lon="129.02955"/><trkpt lat="35.122487" lon="129.029595"/><trkpt lat="35.122462" lon="129.029682"/><trkpt lat="35.122451" lon="129.029726"/><trkpt lat="35.122447" lon="129.029773"/><trkpt lat="35.122449" lon="129.02982"/><trkpt lat="35.122456" lon="129.029916"/><trkpt lat="35.122455" lon="129.029963"/><trkpt lat="35.122443" lon="129.030006"/><trkpt lat="35.122422" lon="129.030047"/><trkpt lat="35.12235" lon="129.030166"/><trkpt lat="35.122302" lon="129.030246"/><trkpt lat="35.122281" lon="129.030287"/><trkpt lat="35.122267" lon="129.030328"/><trkpt lat="35.122262" lon="129.030371"/><trkpt lat="35.12225" lon="129.03039"/><trkpt lat="35.122222" lon="129.030391"/><trkpt lat="35.122137" lon="129.030371"/><trkpt lat="35.122103" lon="129.030366"/><trkpt lat="35.122076" lon="129.030374"/><trkpt lat="35.122065" lon="129.030405"/><trkpt lat="35.122063" lon="129.030449"/><trkpt lat="35.122067" lon="129.030616"/><trkpt lat="35.122064" lon="129.030664"/><trkpt lat="35.122052" lon="129.030706"/><trkpt lat="35.122028" lon="129.03074"/><trkpt lat="35.121998" lon="129.030768"/><trkpt lat="35.121966" lon="129.030784"/><trkpt lat="35.121931" lon="129.030781"/><trkpt lat="35.121895" lon="129.030766"/><trkpt lat="35.12186" lon="129.030746"/><trkpt lat="35.121827" lon="129.030721"/><trkpt lat="35.121797" lon="129.030691"/><trkpt lat="35.121684" lon="129.030563"/><trkpt lat="35.121644" lon="129.030523"/><trkpt lat="35.121579" lon="129.030471"/><trkpt lat="35.121401" lon="129.030341"/><trkpt lat="35.121366" lon="129.030321"/><trkpt lat="35.121329" lon="129.030308"/><trkpt lat="35.121291" lon="129.0303"/><trkpt lat="35.121081" lon="129.030275"/><trkpt lat="35.121029" lon="129.030265"/><trkpt lat="35.120993" lon="129.03025"/><trkpt lat="35.12096" lon="129.030225"/><trkpt lat="35.120885" lon="129.030159"/><trkpt lat="35.120852" lon="129.030134"/><trkpt lat="35.120817" lon="129.030118"/><trkpt lat="35.12078" lon="129.030113"/><trkpt lat="35.120729" lon="129.030113"/><trkpt lat="35.120639" lon="129.03012"/><trkpt lat="35.120601" lon="129.030128"/><trkpt lat="35.120563" lon="129.030141"/><trkpt lat="35.12042" lon="129.030262"/><trkpt lat="35.120369" lon="129.030282"/><trkpt lat="35.120332" lon="129.03029"/><trkpt lat="35.120295" lon="129.030284"/><trkpt lat="35.120259" lon="129.030266"/><trkpt lat="35.120093" lon="129.030163"/><trkpt lat="35.120047" lon="129.03013"/><trkpt lat="35.120016" lon="129.030101"/><trkpt lat="35.119994" lon="129.030065"/><trkpt lat="35.11998" lon="129.030023"/><trkpt lat="35.119936" lon="129.029931"/></trkseg>
<trkseg><trkpt lat="35.11943" lon="129.020635"/><trkpt lat="35.119398" lon="129.020683"/><trkpt lat="35.119367" lon="129.020734"/><trkpt lat="35.119348" lon="129.020778"/><trkpt lat="35.119345" lon="129.020815"/><trkpt lat="35.119345" lon="129.020865"/><trkpt lat="35.119334" lon="129.020923"/><trkpt lat="35.119332" lon="129.020967"/><trkpt lat="35.119342" lon="129.021011"/><trkpt lat="35.119367" lon="129.021084"/><trkpt lat="35.11938" lon="129.021129"/><trkpt lat="35.119387" lon="129.021174"/><trkpt lat="35.119385" lon="129.021221"/><trkpt lat="35.119373" lon="129.021317"/><trkpt lat="35.119348" lon="129.021492"/><trkpt lat="35.119344" lon="129.021539"/><trkpt lat="35.119348" lon="129.021585"/><trkpt lat="35.11936" lon="129.021629"/><trkpt lat="35.119432" lon="129.021815"/><trkpt lat="35.119461" lon="129.021886"/><trkpt lat="35.119482" lon="129.021925"/><trkpt lat="35.119509" lon="129.021961"/><trkpt lat="35.119539" lon="129.021993"/><trkpt lat="35.11957" lon="129.022022"/><trkpt lat="35.119604" lon="129.022046"/><trkpt lat="35.119641" lon="129.02206"/><trkpt lat="35.11972" lon="129.022076"/><trkpt lat="35.11976" lon="129.022087"/><trkpt lat="35.119796" lon="129.022103"/><trkpt lat="35.119832" lon="129.022125"/><trkpt lat="35.120004" lon="129.022245"/><trkpt lat="35.120074" lon="129.022292"/><trkpt lat="35.12011" lon="129.022311"/><trkpt lat="35.120147" lon="129.022326"/><trkpt lat="35.120376" lon="129.022406"/><trkpt lat="35.12044" lon="129.022426"/><trkpt lat="35.120478" lon="129.022431"/><trkpt lat="35.120516" lon="129.022425"/><trkpt lat="35.120566" lon="129.022409"/><trkpt lat="35.120755" lon="129.022339"/><trkpt lat="35.120807" lon="129.022324"/><trkpt lat="35.120856" lon="129.022323"/><trkpt lat="35.120901" lon="129.022333"/><trkpt lat="35.12092" lon="129.02234"/></trkseg>
<trkseg><trkpt lat="35.120497" lon="129.020932"/><trkpt lat="35.120577" lon="129.020861"/><trkpt lat="35.120662" lon="129.020869"/><trkpt lat="35.120694" lon="129.020896"/><trkpt lat="35.120753" lon="129.02096"/><trkpt lat="35.120819" lon="129.021038"/><trkpt lat="35.120844" lon="129.021074"/><trkpt lat="35.120862" lon="129.021116"/><trkpt lat="35.120886" lon="129.021188"/><trkpt lat="35.121113" lon="129.022012"/></trkseg>
<trkseg><trkpt lat="35.120767" lon="129.012244"/><trkpt lat="35.120847" lon="129.012258"/><trkpt lat="35.120894" lon="129.012272"/><trkpt lat="35.120929" lon="129.01229"/><trkpt lat="35.120983" lon="129.012325"/><trkpt lat="35.121015" lon="129.01234"/><trkpt lat="35.121051" lon="129.012341"/><trkpt lat="35.121113" lon="129.01232"/><trkpt lat="35.121151" lon="129.01231"/><trkpt lat="35.121189" lon="129.012308"/><trkpt lat="35.121227" lon="129.012309"/><trkpt lat="35.121264" lon="129.012314"/><trkpt lat="35.121295" lon="129.012326"/><trkpt lat="35.121316" lon="129.012354"/><trkpt lat="35.121328" lon="129.012395"/><trkpt lat="35.121343" lon="129.01247"/><trkpt lat="35.121356" lon="129.01251"/><trkpt lat="35.12138" lon="129.012536"/><trkpt lat="35.121411" lon="129.012548"/><trkpt lat="35.121444" lon="129.012547"/><trkpt lat="35.121476" lon="129.012534"/><trkpt lat="35.121506" lon="129.012512"/><trkpt lat="35.121549" lon="129.012461"/><trkpt lat="35.121574" lon="129.01244"/><trkpt lat="35.121601" lon="129.012441"/><trkpt lat="35.121641" lon="129.012452"/><trkpt lat="35.121673" lon="129.012447"/><trkpt lat="35.121707" lon="129.012427"/><trkpt lat="35.121775" lon="129.012378"/><trkpt lat="35.12181" lon="129.012357"/><trkpt lat="35.121854" lon="129.012343"/><trkpt lat="35.121886" lon="129.012328"/><trkpt lat="35.121915" lon="129.012299"/><trkpt lat="35.121951" lon="129.012252"/><trkpt lat="35.121975" lon="129.012213"/><trkpt lat="35.121993" lon="129.012173"/><trkpt lat="35.121999" lon="129.012132"/><trkpt lat="35.121994" lon="129.01209"/><trkpt lat="35.121984" lon="129.01205"/><trkpt lat="35.121973" lon="129.012017"/><trkpt lat="35.121969" lon="129.011988"/><trkpt lat="35.121984" lon="129.011959"/><trkpt lat="35.122009" lon="129.011929"/><trkpt lat="35.122037" lon="129.011901"/><trkpt lat="35.122068" lon="129.01188"/><trkpt lat="35.122114" lon="129.011864"/><trkpt lat="35.122149" lon="129.011846"/><trkpt lat="35.122217" lon="129.011796"/><trkpt lat="35.122305" lon="129.011726"/><trkpt lat="35.122338" lon="129.011708"/><trkpt lat="35.12237" lon="129.011706"/><trkpt lat="35.122401" lon="129.011727"/><trkpt lat="35.122462" lon="129.011787"/><trkpt lat="35.122494" lon="129.011815"/><trkpt lat="35.122529" lon="129.011835"/><trkpt lat="35.122568" lon="129.011843"/><trkpt lat="35.122662" lon="129.011851"/><trkpt lat="35.1227" lon="129.011856"/><trkpt lat="35.122733" lon="129.011868"/><trkpt lat="35.122753" lon="129.011894"/><trkpt lat="35.122771" lon="129.011936"/><trkpt lat="35.122794" lon="129.011951"/><trkpt lat="35.122828" lon="129.011957"/><trkpt lat="35.122862" lon="129.01197"/><trkpt lat="35.122909" lon="129.011995"/><trkpt lat="35.123049" lon="129.012081"/><trkpt lat="35.123084" lon="129.012099"/><trkpt lat="35.12312" lon="129.012111"/><trkpt lat="35.123158" lon="129.012112"/><trkpt lat="35.123234" lon="129.012106"/><trkpt lat="35.123271" lon="129.012114"/><trkpt lat="35.123318" lon="129.012132"/><trkpt lat="35.123355" lon="129.01214"/><trkpt lat="35.123405" lon="129.012141"/><trkpt lat="35.123482" lon="129.012139"/><trkpt lat="35.123518" lon="129.012144"/><trkpt lat="35.123552" lon="129.012157"/><trkpt lat="35.123606" lon="129.012187"/><trkpt lat="35.123644" lon="129.012196"/><trkpt lat="35.123682" lon="129.012199"/><trkpt lat="35.123722" lon="129.012199"/><trkpt lat="35.123761" lon="129.012194"/><trkpt lat="35.123854" lon="129.012176"/><trkpt lat="35.123905" lon="129.012162"/><trkpt lat="35.123943" lon="129.012143"/><trkpt lat="35.123984" lon="129.01211"/><trkpt lat="35.124031" lon="129.012064"/></trkseg>
<trkseg><trkpt lat="35.112962" lon="128.986188"/><trkpt lat="35.112757" lon="128.985786"/><trkpt lat="35.112674" lon="128.98552"/><trkpt lat="35.112521" lon="128.985358"/><trkpt lat="35.112485" lon="128.985339"/><trkpt lat="35.112447" lon="128.985323"/><trkpt lat="35.112128" lon="128.985248"/><trkpt lat="35.111824" lon="128.985097"/><trkpt lat="35.11179" lon="128.985074"/><trkpt lat="35.111712" lon="128.985014"/><trkpt lat="35.11167" lon="128.984978"/><trkpt lat="35.111645" lon="128.984949"/><trkpt lat="35.11163" lon="128.98492"/><trkpt lat="35.111628" lon="128.984898"/><trkpt lat="35.111616" lon="128.984872"/><trkpt lat="35.111585" lon="128.984838"/><trkpt lat="35.111549" lon="128.984804"/></trkseg>
<trkseg><trkpt lat="35.103042" lon="128.986593"/><trkpt lat="35.102997" lon="128.986604"/><trkpt lat="35.102949" lon="128.98662"/><trkpt lat="35.102912" lon="128.986642"/><trkpt lat="35.102886" lon="128.986672"/><trkpt lat="35.102849" lon="128.986732"/><trkpt lat="35.102823" lon="128.986765"/><trkpt lat="35.102791" lon="128.986794"/><trkpt lat="35.102682" lon="128.986884"/><trkpt lat="35.102651" lon="128.986914"/><trkpt lat="35.102603" lon="128.98697"/><trkpt lat="35.102189" lon="128.987498"/><trkpt lat="35.102164" lon="128.987535"/><trkpt lat="35.102143" lon="128.987575"/><trkpt lat="35.102127" lon="128.987619"/><trkpt lat="35.102102" lon="128.987693"/><trkpt lat="35.102084" lon="128.987735"/><trkpt lat="35.10206" lon="128.987774"/><trkpt lat="35.101928" lon="128.987958"/><trkpt lat="35.101805" lon="128.98813"/><trkpt lat="35.101782" lon="128.988169"/><trkpt lat="35.101765" lon="128.988212"/><trkpt lat="35.101754" lon="128.988258"/><trkpt lat="35.101747" lon="128.988305"/><trkpt lat="35.101747" lon="128.98835"/><trkpt lat="35.10176" lon="128.988392"/><trkpt lat="35.10179" lon="128.988461"/><trkpt lat="35.101802" lon="128.988504"/><trkpt lat="35.101809" lon="128.988549"/><trkpt lat="35.101813" lon="128.988595"/><trkpt lat="35.101813" lon="128.988641"/><trkpt lat="35.101808" lon="128.988687"/><trkpt lat="35.10178" lon="128.988806"/><trkpt lat="35.101767" lon="128.988865"/><trkpt lat="35.101763" lon="128.98891"/><trkpt lat="35.101769" lon="128.988954"/><trkpt lat="35.101787" lon="128.989027"/><trkpt lat="35.101793" lon="128.989072"/><trkpt lat="35.101791" lon="128.989118"/><trkpt lat="35.10178" lon="128.989179"/><trkpt lat="35.101629" lon="128.989365"/><trkpt lat="35.101535" lon="128.989447"/></trkseg>
<trkseg><trkpt lat="35.103042" lon="128.986593"/><trkpt lat="35.103104" lon="128.986616"/><trkpt lat="35.103167" lon="128.986637"/><trkpt lat="35.103203" lon="128.986644"/><trkpt lat="35.103234" lon="128.986639"/><trkpt lat="35.103259" lon="128.986615"/><trkpt lat="35.10329" lon="128.98657"/><trkpt lat="35.103317" lon="128.986543"/><trkpt lat="35.103383" lon="128.98651"/><trkpt lat="35.103411" lon="128.986491"/><trkpt lat="35.103427" lon="128.986461"/><trkpt lat="35.10344" lon="128.986398"/><trkpt lat="35.103455" lon="128.986365"/><trkpt lat="35.103497" lon="128.986323"/><trkpt lat="35.10352" lon="128.986295"/><trkpt lat="35.103531" lon="128.986256"/><trkpt lat="35.103535" lon="128.986212"/><trkpt lat="35.103535" lon="128.986134"/><trkpt lat="35.103533" lon="128.986088"/><trkpt lat="35.103525" lon="128.986045"/><trkpt lat="35.103506" lon="128.986005"/><trkpt lat="35.103481" lon="128.985968"/><trkpt lat="35.103421" lon="128.985882"/><trkpt lat="35.103401" lon="128.985841"/><trkpt lat="35.103381" lon="128.985782"/><trkpt lat="35.103341" lon="128.985626"/><trkpt lat="35.103328" lon="128.985565"/><trkpt lat="35.103327" lon="128.985526"/><trkpt lat="35.103343" lon="128.985502"/><trkpt lat="35.103374" lon="128.985488"/><trkpt lat="35.103432" lon="128.985468"/><trkpt lat="35.103472" lon="128.985443"/><trkpt lat="35.103503" lon="128.985428"/><trkpt lat="35.103503" lon="128.985413"/><trkpt lat="35.103477" lon="128.985385"/></trkseg>
<trkseg><trkpt lat="35.107671" lon="128.987618"/><trkpt lat="35.107619" lon="128.987542"/><trkpt lat="35.107591" lon="128.987494"/><trkpt lat="35.107574" lon="128.987451"/><trkpt lat="35.107553" lon="128.987375"/><trkpt lat="35.10742" lon="128.986846"/><trkpt lat="35.107403" lon="128.986785"/><trkpt lat="35.107386" lon="128.986742"/><trkpt lat="35.107365" lon="128.986702"/><trkpt lat="35.107285" lon="128.986572"/><trkpt lat="35.107247" lon="128.986506"/><trkpt lat="35.107228" lon="128.986465"/><trkpt lat="35.107217" lon="128.986423"/><trkpt lat="35.107213" lon="128.986381"/><trkpt lat="35.107218" lon="128.986343"/><trkpt lat="35.107285" lon="128.986249"/><trkpt lat="35.107297" lon="128.986216"/><trkpt lat="35.107296" lon="128.986174"/><trkpt lat="35.107287" lon="128.986128"/><trkpt lat="35.10713" lon="128.985635"/></trkseg>
<trkseg><trkpt lat="35.115619" lon="128.968749"/><trkpt lat="35.115712" lon="128.969242"/><trkpt lat="35.115728" lon="128.969337"/><trkpt lat="35.11573" lon="128.969384"/><trkpt lat="35.115721" lon="128.96943"/><trkpt lat="35.115706" lon="128.969475"/><trkpt lat="35.115688" lon="128.969519"/><trkpt lat="35.115666" lon="128.969557"/><trkpt lat="35.115637" lon="128.969585"/><trkpt lat="35.115568" lon="128.969622"/><trkpt lat="35.115537" lon="128.969641"/><trkpt lat="35.11552" lon="128.969669"/><trkpt lat="35.115521" lon="128.969703"/><trkpt lat="35.115534" lon="128.969735"/><trkpt lat="35.11556" lon="128.969756"/><trkpt lat="35.115595" lon="128.969767"/><trkpt lat="35.115647" lon="128.969774"/><trkpt lat="35.115752" lon="128.969786"/><trkpt lat="35.115789" lon="128.969794"/><trkpt lat="35.115825" lon="128.969811"/><trkpt lat="35.115858" lon="128.969834"/><trkpt lat="35.116001" lon="128.969946"/><trkpt lat="35.116042" lon="128.969983"/><trkpt lat="35.116068" lon="128.970015"/><trkpt lat="35.116086" lon="128.970056"/><trkpt lat="35.116102" lon="128.970117"/><trkpt lat="35.116137" lon="128.970275"/><trkpt lat="35.11615" lon="128.970321"/><trkpt lat="35.116167" lon="128.970363"/><trkpt lat="35.116191" lon="128.970394"/><trkpt lat="35.11622" lon="128.970419"/><trkpt lat="35.116253" lon="128.970438"/><trkpt lat="35.116291" lon="128.97045"/><trkpt lat="35.116421" lon="128.970476"/><trkpt lat="35.116473" lon="128.970484"/><trkpt lat="35.116512" lon="128.970485"/><trkpt lat="35.116551" lon="128.970481"/><trkpt lat="35.116932" lon="128.970412"/><trkpt lat="35.11701" lon="128.970396"/><trkpt lat="35.117061" lon="128.97038"/><trkpt lat="35.117223" lon="128.970316"/><trkpt lat="35.117335" lon="128.970269"/><trkpt lat="35.11737" lon="128.970249"/><trkpt lat="35.117427" lon="128.970206"/><trkpt lat="35.117462" lon="128.970185"/><trkpt lat="35.117497" lon="128.970175"/><trkpt lat="35.117533" lon="128.970174"/><trkpt lat="35.117569" lon="128.970181"/><trkpt lat="35.117606" lon="128.970198"/><trkpt lat="35.117771" lon="128.9703"/><trkpt lat="35.117891" lon="128.97037"/><trkpt lat="35.117966" lon="128.970402"/><trkpt lat="35.118234" lon="128.970506"/><trkpt lat="35.118273" lon="128.970516"/><trkpt lat="35.11831" lon="128.970518"/><trkpt lat="35.118347" lon="128.970514"/><trkpt lat="35.118384" lon="128.970505"/><trkpt lat="35.118419" lon="128.970487"/><trkpt lat="35.118487" lon="128.97044"/><trkpt lat="35.118532" lon="128.970411"/><trkpt lat="35.118568" lon="128.970396"/><trkpt lat="35.118605" lon="128.970394"/><trkpt lat="35.118657" lon="128.9704"/><trkpt lat="35.118905" lon="128.970444"/><trkpt lat="35.118957" lon="128.97045"/><trkpt lat="35.118995" lon="128.970451"/><trkpt lat="35.119034" lon="128.970442"/><trkpt lat="35.119112" lon="128.970415"/><trkpt lat="35.11915" lon="128.970404"/><trkpt lat="35.119188" lon="128.970401"/><trkpt lat="35.119221" lon="128.970412"/><trkpt lat="35.119277" lon="128.97044"/><trkpt lat="35.119312" lon="128.97045"/><trkpt lat="35.11935" lon="128.970449"/><trkpt lat="35.119428" lon="128.970439"/><trkpt lat="35.119465" lon="128.970439"/><trkpt lat="35.1195" lon="128.970451"/><trkpt lat="35.119533" lon="128.970473"/><trkpt lat="35.119586" lon="128.970518"/><trkpt lat="35.119616" lon="128.970547"/><trkpt lat="35.119644" lon="128.970581"/><trkpt lat="35.119668" lon="128.970634"/><trkpt lat="35.11969" lon="128.970709"/></trkseg>
<trkseg><trkpt lat="35.113744" lon="128.964638"/><trkpt lat="35.113713" lon="128.964564"/><trkpt lat="35.113691" lon="128.964505"/><trkpt lat="35.113678" lon="128.964457"/><trkpt lat="35.113673" lon="128.964409"/><trkpt lat="35.113674" lon="128.964365"/><trkpt lat="35.113684" lon="128.964333"/><trkpt lat="35.113703" lon="128.964325"/><trkpt lat="35.113725" lon="128.96434"/><trkpt lat="35.113746" lon="128.964372"/><trkpt lat="35.113776" lon="128.964425"/><trkpt lat="35.113788" lon="128.96443"/><trkpt lat="35.113799" lon="128.964395"/><trkpt lat="35.113813" lon="128.964384"/><trkpt lat="35.113831" lon="128.964377"/><trkpt lat="35.113837" lon="128.964347"/><trkpt lat="35.113849" lon="128.964314"/><trkpt lat="35.11387" lon="128.964281"/><trkpt lat="35.113897" lon="128.964256"/><trkpt lat="35.11393" lon="128.964251"/><trkpt lat="35.113967" lon="128.964261"/><trkpt lat="35.114017" lon="128.96428"/><trkpt lat="35.114055" lon="128.964284"/><trkpt lat="35.114094" lon="128.964277"/><trkpt lat="35.114145" lon="128.96426"/><trkpt lat="35.11426" lon="128.964216"/><trkpt lat="35.114298" lon="128.964206"/><trkpt lat="35.114336" lon="128.964207"/><trkpt lat="35.114373" lon="128.964221"/><trkpt lat="35.114422" lon="128.964247"/><trkpt lat="35.114655" lon="128.964379"/><trkpt lat="35.114692" lon="128.964396"/><trkpt lat="35.11473" lon="128.964407"/><trkpt lat="35.114782" lon="128.964415"/><trkpt lat="35.114899" lon="128.964428"/><trkpt lat="35.114937" lon="128.964437"/><trkpt lat="35.114972" lon="128.964452"/><trkpt lat="35.115039" lon="128.964492"/><trkpt lat="35.115073" lon="128.96451"/><trkpt lat="35.115108" lon="128.964519"/><trkpt lat="35.115144" lon="128.964516"/><trkpt lat="35.11523" lon="128.964498"/><trkpt lat="35.115264" lon="128.964496"/><trkpt lat="35.115292" lon="128.964509"/><trkpt lat="35.115327" lon="128.964562"/><trkpt lat="35.115352" lon="128.964594"/><trkpt lat="35.115384" lon="128.964618"/><trkpt lat="35.115442" lon="128.964654"/><trkpt lat="35.115475" lon="128.964681"/><trkpt lat="35.115567" lon="128.964771"/><trkpt lat="35.115689" lon="128.964893"/><trkpt lat="35.115721" lon="128.964918"/><trkpt lat="35.115757" lon="128.964936"/><trkpt lat="35.115808" lon="128.964949"/><trkpt lat="35.115926" lon="128.964972"/><trkpt lat="35.115965" lon="128.964983"/><trkpt lat="35.116013" lon="128.965004"/><trkpt lat="35.116085" lon="128.965042"/><trkpt lat="35.116142" lon="128.965078"/><trkpt lat="35.116174" lon="128.965104"/><trkpt lat="35.116213" lon="128.965146"/><trkpt lat="35.11635" lon="128.965318"/><trkpt lat="35.116388" lon="128.96536"/><trkpt lat="35.116422" lon="128.965385"/><trkpt lat="35.116495" lon="128.965426"/><trkpt lat="35.116844" lon="128.965603"/><trkpt lat="35.11688" lon="128.965624"/><trkpt lat="35.116914" lon="128.96565"/><trkpt lat="35.116956" lon="128.96569"/><trkpt lat="35.117211" lon="128.965951"/><trkpt lat="35.117254" lon="128.965989"/><trkpt lat="35.117288" lon="128.966013"/><trkpt lat="35.117336" lon="128.966038"/><trkpt lat="35.117582" lon="128.966154"/><trkpt lat="35.117642" lon="128.966185"/><trkpt lat="35.117676" lon="128.966209"/><trkpt lat="35.117718" lon="128.966247"/><trkpt lat="35.117808" lon="128.966337"/><trkpt lat="35.117841" lon="128.966362"/><trkpt lat="35.117875" lon="128.966379"/><trkpt lat="35.117973" lon="128.966413"/><trkpt lat="35.118009" lon="128.966429"/><trkpt lat="35.118043" lon="128.966449"/><trkpt lat="35.118165" lon="128.966537"/><trkpt lat="35.118199" lon="128.966558"/><trkpt lat="35.118235" lon="128.966574"/><trkpt lat="35.118334" lon="128.966603"/><trkpt lat="35.11837" lon="128.966615"/><trkpt lat="35.118404" lon="128.966634"/><trkpt lat="35.118444" lon="128.966669"/><trkpt lat="35.118492" lon="128.966716"/><trkpt lat="35.118525" lon="128.966741"/><trkpt lat="35.118586" lon="128.966777"/><trkpt lat="35.119043" lon="128.967024"/><trkpt lat="35.119115" lon="128.967066"/><trkpt lat="35.119149" lon="128.967092"/><trkpt lat="35.119179" lon="128.967124"/><trkpt lat="35.119266" lon="128.967226"/><trkpt lat="35.119301" lon="128.967274"/><trkpt lat="35.119323" lon="128.967314"/><trkpt lat="35.119348" lon="128.967371"/><trkpt lat="35.119456" lon="128.967652"/><trkpt lat="35.119493" lon="128.967739"/><trkpt lat="35.119529" lon="128.967805"/><trkpt lat="35.119635" lon="128.967986"/><trkpt lat="35.119675" lon="128.968048"/><trkpt lat="35.119703" lon="128.968081"/><trkpt lat="35.119766" lon="128.968143"/><trkpt lat="35.120206" lon="128.968551"/><trkpt lat="35.120257" lon="128.968603"/><trkpt lat="35.120285" lon="128.968638"/><trkpt lat="35.120315" lon="128.968691"/><trkpt lat="35.120365" lon="128.968788"/><trkpt lat="35.12039" lon="128.968845"/><trkpt lat="35.120403" lon="128.968889"/><trkpt lat="35.120409" lon="128.968934"/><trkpt lat="35.120411" lon="128.968979"/><trkpt lat="35.12041" lon="128.969024"/><trkpt lat="35.120402" lon="128.969068"/><trkpt lat="35.120386" lon="128.969111"/><trkpt lat="35.12036" lon="128.969167"/><trkpt lat="35.12021" lon="128.969473"/><trkpt lat="35.12018" lon="128.969526"/><trkpt lat="35.120154" lon="128.969562"/><trkpt lat="35.120096" lon="128.969627"/><trkpt lat="35.12007" lon="128.969662"/><trkpt lat="35.12005" lon="128.969703"/><trkpt lat="35.120021" lon="128.969777"/><trkpt lat="35.11969" lon="128.970709"/></trkseg>
<trkseg><trkpt lat="35.144583" lon="129.000719"/><trkpt lat="35.143557" lon="129.001996"/></trkseg>
<trkseg><trkpt lat="35.12131" lon="129.016097"/><trkpt lat="35.121328" lon="129.016101"/><trkpt lat="35.121363" lon="129.016101"/><trkpt lat="35.121394" lon="129.016084"/><trkpt lat="35.121429" lon="129.016055"/><trkpt lat="35.121465" lon="129.01604"/><trkpt lat="35.121531" lon="129.016021"/><trkpt lat="35.121571" lon="129.016014"/><trkpt lat="35.121611" lon="129.01601"/><trkpt lat="35.121728" lon="129.016047"/><trkpt lat="35.121765" lon="129.016118"/><trkpt lat="35.121782" lon="129.016154"/><trkpt lat="35.121827" lon="129.016227"/><trkpt lat="35.121848" lon="129.016266"/><trkpt lat="35.121866" lon="129.016309"/><trkpt lat="35.121918" lon="129.016383"/><trkpt lat="35.121935" lon="129.016426"/><trkpt lat="35.121959" lon="129.016463"/><trkpt lat="35.121988" lon="129.016496"/><trkpt lat="35.122189" lon="129.016726"/><trkpt lat="35.122675" lon="129.017192"/><trkpt lat="35.122719" lon="129.01723"/><trkpt lat="35.122788" lon="129.017278"/><trkpt lat="35.123212" lon="129.017547"/><trkpt lat="35.12326" lon="129.017573"/><trkpt lat="35.123311" lon="129.017594"/><trkpt lat="35.123853" lon="129.017769"/><trkpt lat="35.124073" lon="129.017841"/><trkpt lat="35.124106" lon="129.017855"/><trkpt lat="35.124126" lon="129.017873"/><trkpt lat="35.124128" lon="129.017894"/><trkpt lat="35.124135" lon="129.01791"/><trkpt lat="35.12416" lon="129.017917"/><trkpt lat="35.124206" lon="129.01792"/><trkpt lat="35.124296" lon="129.017925"/><trkpt lat="35.124334" lon="129.017932"/><trkpt lat="35.124373" lon="129.017944"/><trkpt lat="35.124476" lon="129.017985"/><trkpt lat="35.124538" lon="129.018014"/><trkpt lat="35.124572" lon="129.018037"/><trkpt lat="35.124603" lon="129.018067"/><trkpt lat="35.124858" lon="129.018359"/><trkpt lat="35.124927" lon="129.018437"/><trkpt lat="35.124959" lon="129.018466"/><trkpt lat="35.125017" lon="129.018506"/><trkpt lat="35.125089" lon="129.018551"/><trkpt lat="35.125125" lon="129.018569"/><trkpt lat="35.125163" lon="129.018579"/><trkpt lat="35.125216" lon="129.018584"/><trkpt lat="35.125295" lon="129.018588"/><trkpt lat="35.125333" lon="129.018594"/><trkpt lat="35.125368" lon="129.01861"/><trkpt lat="35.1254" lon="129.018635"/><trkpt lat="35.125452" lon="129.018682"/><trkpt lat="35.125553" lon="129.018778"/></trkseg>
<trkseg><trkpt lat="35.122643" lon="129.018727"/><trkpt lat="35.12218" lon="129.018582"/><trkpt lat="35.12213" lon="129.018563"/><trkpt lat="35.122094" lon="129.018543"/><trkpt lat="35.122062" lon="129.018515"/><trkpt lat="35.121886" lon="129.018338"/><trkpt lat="35.121752" lon="129.018203"/></trkseg>
<trkseg><trkpt lat="35.120668" lon="129.016872"/><trkpt lat="35.1209" lon="129.017129"/><trkpt lat="35.121014" lon="129.017272"/><trkpt lat="35.121046" lon="129.0173"/><trkpt lat="35.121081" lon="129.017323"/><trkpt lat="35.121571" lon="129.017596"/><trkpt lat="35.121619" lon="129.017626"/><trkpt lat="35.121676" lon="129.017669"/><trkpt lat="35.121821" lon="129.017788"/><trkpt lat="35.121863" lon="129.017828"/><trkpt lat="35.121901" lon="129.017873"/><trkpt lat="35.122022" lon="129.018024"/><trkpt lat="35.122061" lon="129.018069"/><trkpt lat="35.122092" lon="129.018097"/><trkpt lat="35.122125" lon="129.018122"/><trkpt lat="35.12216" lon="129.018143"/><trkpt lat="35.122275" lon="129.018297"/><trkpt lat="35.12229" lon="129.018309"/><trkpt lat="35.122341" lon="129.018326"/><trkpt lat="35.122376" lon="129.018343"/><trkpt lat="35.122424" lon="129.018374"/><trkpt lat="35.122492" lon="129.018427"/><trkpt lat="35.122523" lon="129.018457"/><trkpt lat="35.122548" lon="129.018493"/><trkpt lat="35.122574" lon="129.018549"/><trkpt lat="35.122643" lon="129.018727"/></trkseg>
<trkseg><trkpt lat="35.143557" lon="129.001996"/><trkpt lat="35.143609" lon="129.00203"/><trkpt lat="35.143628" lon="129.00205"/><trkpt lat="35.143595" lon="129.002058"/><trkpt lat="35.143573" lon="129.002065"/><trkpt lat="35.143572" lon="129.002086"/><trkpt lat="35.14359" lon="129.002117"/><trkpt lat="35.143615" lon="129.002148"/><trkpt lat="35.143698" lon="129.002345"/><trkpt lat="35.143662" lon="129.002492"/><trkpt lat="35.143648" lon="129.002536"/><trkpt lat="35.14364" lon="129.002583"/><trkpt lat="35.143632" lon="129.002665"/><trkpt lat="35.143595" lon="129.003189"/><trkpt lat="35.143592" lon="129.003254"/><trkpt lat="35.143594" lon="129.003302"/><trkpt lat="35.143602" lon="129.003348"/><trkpt lat="35.143624" lon="129.003424"/><trkpt lat="35.143694" lon="129.00365"/><trkpt lat="35.143705" lon="129.003697"/><trkpt lat="35.143721" lon="129.003793"/><trkpt lat="35.143803" lon="129.004372"/></trkseg>
<trkseg><trkpt lat="35.143803" lon="129.004372"/><trkpt lat="35.144224" lon="129.004525"/></trkseg>
<trkseg><trkpt lat="35.123944" lon="129.01877"/><trkpt lat="35.12396" lon="129.018738"/><trkpt lat="35.123989" lon="129.018697"/><trkpt lat="35.124027" lon="129.018667"/><trkpt lat="35.124073" lon="129.018644"/><trkpt lat="35.124105" lon="129.018622"/><trkpt lat="35.124153" lon="129.018573"/><trkpt lat="35.124182" lon="129.018547"/><trkpt lat="35.124215" lon="129.018533"/><trkpt lat="35.124252" lon="129.018535"/><trkpt lat="35.124317" lon="129.018551"/><trkpt lat="35.124632" lon="129.018641"/><trkpt lat="35.124698" lon="129.018656"/><trkpt lat="35.124763" lon="129.018661"/><trkpt lat="35.12524" lon="129.018678"/><trkpt lat="35.125319" lon="129.018682"/><trkpt lat="35.125358" lon="129.018688"/><trkpt lat="35.125396" lon="129.018701"/><trkpt lat="35.125446" lon="129.018724"/><trkpt lat="35.125553" lon="129.018778"/></trkseg>
<trkseg><trkpt lat="35.124508" lon="129.019346"/><trkpt lat="35.124312" lon="129.01936"/><trkpt lat="35.124274" lon="129.019367"/><trkpt lat="35.124237" lon="129.01938"/><trkpt lat="35.124189" lon="129.019405"/><trkpt lat="35.123999" lon="129.019516"/><trkpt lat="35.123953" lon="129.019547"/><trkpt lat="35.123923" lon="129.019574"/><trkpt lat="35.123867" lon="129.019629"/><trkpt lat="35.123835" lon="129.019648"/><trkpt lat="35.123797" lon="129.019657"/><trkpt lat="35.123716" lon="129.019664"/><trkpt lat="35.123649" lon="129.019665"/><trkpt lat="35.123609" lon="129.01966"/><trkpt lat="35.123574" lon="129.019646"/><trkpt lat="35.123539" lon="129.019626"/><trkpt lat="35.123507" lon="129.019603"/><trkpt lat="35.123479" lon="129.019574"/><trkpt lat="35.123456" lon="129.019536"/><trkpt lat="35.123439" lon="129.019494"/><trkpt lat="35.123431" lon="129.019449"/><trkpt lat="35.123431" lon="129.019386"/><trkpt lat="35.123443" lon="129.019096"/><trkpt lat="35.123448" lon="129.019033"/><trkpt lat="35.123456" lon="129.01899"/><trkpt lat="35.123476" lon="129.018957"/><trkpt lat="35.123516" lon="129.018928"/><trkpt lat="35.123591" lon="129.018889"/><trkpt lat="35.123593" lon="129.018888"/></trkseg>
<trkseg><trkpt lat="35.123944" lon="129.01877"/><trkpt lat="35.123955" lon="129.018787"/><trkpt lat="35.123987" lon="129.01881"/><trkpt lat="35.12403" lon="129.018817"/><trkpt lat="35.124082" lon="129.018811"/><trkpt lat="35.124119" lon="129.018808"/><trkpt lat="35.124154" lon="129.018813"/><trkpt lat="35.124186" lon="129.018832"/><trkpt lat="35.124215" lon="129.01886"/><trkpt lat="35.124242" lon="129.018895"/><trkpt lat="35.124336" lon="129.019054"/><trkpt lat="35.124508" lon="129.019346"/></trkseg>
<trkseg><trkpt lat="35.123593" lon="129.018888"/><trkpt lat="35.123613" lon="129.018909"/><trkpt lat="35.123648" lon="129.018936"/><trkpt lat="35.123694" lon="129.018957"/><trkpt lat="35.123747" lon="129.018968"/><trkpt lat="35.123866" lon="129.018973"/><trkpt lat="35.123924" lon="129.018918"/><trkpt lat="35.123917" lon="129.018832"/><trkpt lat="35.123924" lon="129.018787"/><trkpt lat="35.123941" lon="129.01877"/><trkpt lat="35.123944" lon="129.01877"/></trkseg>
<trkseg><trkpt lat="35.123593" lon="129.018888"/><trkpt lat="35.123198" lon="129.01874"/><trkpt lat="35.123147" lon="129.018723"/><trkpt lat="35.123108" lon="129.018715"/><trkpt lat="35.123068" lon="129.018713"/><trkpt lat="35.122829" lon="129.018721"/><trkpt lat="35.122643" lon="129.018727"/></trkseg>
<trkseg><trkpt lat="35.120902" lon="129.007937"/><trkpt lat="35.120893" lon="129.00793"/><trkpt lat="35.120896" lon="129.007957"/><trkpt lat="35.120897" lon="129.007997"/><trkpt lat="35.120886" lon="129.008038"/><trkpt lat="35.120869" lon="129.008079"/><trkpt lat="35.12085" lon="129.008118"/><trkpt lat="35.120827" lon="129.008155"/><trkpt lat="35.120799" lon="129.008189"/><trkpt lat="35.120556" lon="129.008445"/><trkpt lat="35.120509" lon="129.008497"/><trkpt lat="35.120493" lon="129.008523"/><trkpt lat="35.120503" lon="129.00854"/><trkpt lat="35.120532" lon="129.008549"/><trkpt lat="35.120568" lon="129.008553"/><trkpt lat="35.120607" lon="129.008555"/><trkpt lat="35.120646" lon="129.008549"/><trkpt lat="35.120719" lon="129.008531"/><trkpt lat="35.120751" lon="129.00853"/><trkpt lat="35.120777" lon="129.008535"/><trkpt lat="35.120807" lon="129.008525"/><trkpt lat="35.120877" lon="129.008484"/><trkpt lat="35.120914" lon="129.00847"/><trkpt lat="35.12095" lon="129.008462"/><trkpt lat="35.120984" lon="129.008459"/><trkpt lat="35.12101" lon="129.008463"/><trkpt lat="35.121019" lon="129.008486"/><trkpt lat="35.121014" lon="129.008523"/><trkpt lat="35.121064" lon="129.008837"/><trkpt lat="35.121069" lon="129.008902"/><trkpt lat="35.121076" lon="129.008948"/><trkpt lat="35.121091" lon="129.008992"/><trkpt lat="35.121118" lon="129.009048"/><trkpt lat="35.12118" lon="129.009208"/><trkpt lat="35.121205" lon="129.009264"/><trkpt lat="35.121217" lon="129.009307"/><trkpt lat="35.121214" lon="129.009347"/><trkpt lat="35.121197" lon="129.009385"/><trkpt lat="35.121171" lon="129.00942"/><trkpt lat="35.120993" lon="129.009584"/><trkpt lat="35.120567" lon="129.009963"/></trkseg>
<trkseg><trkpt lat="35.139354" lon="129.047065"/><trkpt lat="35.139266" lon="129.046883"/><trkpt lat="35.139243" lon="129.046826"/><trkpt lat="35.139233" lon="129.046781"/><trkpt lat="35.139232" lon="129.046736"/><trkpt lat="35.139241" lon="129.046693"/><trkpt lat="35.139263" lon="129.046657"/><trkpt lat="35.139291" lon="129.046624"/><trkpt lat="35.139497" lon="129.046416"/><trkpt lat="35.139556" lon="129.046351"/><trkpt lat="35.139581" lon="129.046314"/><trkpt lat="35.13962" lon="129.046231"/><trkpt lat="35.139641" lon="129.046193"/><trkpt lat="35.139668" lon="129.046164"/><trkpt lat="35.139714" lon="129.046142"/><trkpt lat="35.139748" lon="129.046123"/><trkpt lat="35.139776" lon="129.046093"/><trkpt lat="35.1398" lon="129.046056"/><trkpt lat="35.139863" lon="129.045952"/><trkpt lat="35.139888" lon="129.045916"/><trkpt lat="35.139918" lon="129.045887"/><trkpt lat="35.139954" lon="129.045869"/><trkpt lat="35.140005" lon="129.04585"/><trkpt lat="35.140161" lon="129.045798"/><trkpt lat="35.140199" lon="129.045781"/><trkpt lat="35.140231" lon="129.045759"/><trkpt lat="35.140261" lon="129.045733"/><trkpt lat="35.14029" lon="129.045706"/><trkpt lat="35.140315" lon="129.045674"/><trkpt lat="35.140334" lon="129.045633"/><trkpt lat="35.140348" lon="129.045588"/><trkpt lat="35.140418" lon="129.045342"/><trkpt lat="35.140429" lon="129.045296"/><trkpt lat="35.140435" lon="129.045248"/><trkpt lat="35.140435" lon="129.045199"/><trkpt lat="35.140432" lon="129.045102"/><trkpt lat="35.140437" lon="129.045055"/><trkpt lat="35.140452" lon="129.045014"/><trkpt lat="35.140472" lon="129.044974"/><trkpt lat="35.140533" lon="129.044869"/><trkpt lat="35.14058" lon="129.044793"/><trkpt lat="35.140606" lon="129.044759"/><trkpt lat="35.140646" lon="129.044718"/><trkpt lat="35.14073" lon="129.044641"/><trkpt lat="35.140773" lon="129.044606"/><trkpt lat="35.140807" lon="129.044587"/><trkpt lat="35.140841" lon="129.044577"/><trkpt lat="35.140875" lon="129.044573"/><trkpt lat="35.140911" lon="129.044578"/><trkpt lat="35.140947" lon="129.044595"/><trkpt lat="35.141007" lon="129.044633"/><trkpt lat="35.141138" lon="129.044719"/><trkpt lat="35.141174" lon="129.044737"/><trkpt lat="35.141211" lon="129.044746"/><trkpt lat="35.141249" lon="129.044741"/><trkpt lat="35.141301" lon="129.044727"/><trkpt lat="35.141522" lon="129.044659"/><trkpt lat="35.141559" lon="129.044643"/><trkpt lat="35.141591" lon="129.044618"/><trkpt lat="35.14164" lon="129.044564"/><trkpt lat="35.14167" lon="129.044533"/><trkpt lat="35.141704" lon="129.044509"/><trkpt lat="35.141754" lon="129.044486"/><trkpt lat="35.141921" lon="129.044422"/><trkpt lat="35.141973" lon="129.044407"/><trkpt lat="35.142012" lon="129.044402"/><trkpt lat="35.142079" lon="129.044405"/><trkpt lat="35.142241" lon="129.044419"/><trkpt lat="35.14228" lon="129.044417"/><trkpt lat="35.142316" lon="129.044403"/><trkpt lat="35.142346" lon="129.044377"/><trkpt lat="35.142369" lon="129.04434"/><trkpt lat="35.142395" lon="129.044282"/><trkpt lat="35.142461" lon="129.044119"/><trkpt lat="35.142481" lon="129.044059"/><trkpt lat="35.142526" lon="129.04386"/><trkpt lat="35.142541" lon="129.0438"/><trkpt lat="35.142557" lon="129.04376"/><trkpt lat="35.142582" lon="129.04373"/><trkpt lat="35.142616" lon="129.043709"/><trkpt lat="35.142751" lon="129.043646"/><trkpt lat="35.142823" lon="129.04361"/><trkpt lat="35.142856" lon="129.043586"/><trkpt lat="35.142883" lon="129.043554"/><trkpt lat="35.142914" lon="129.043505"/><trkpt lat="35.14295" lon="129.04344"/><trkpt lat="35.142967" lon="129.0434"/><trkpt lat="35.142975" lon="129.043355"/><trkpt lat="35.142976" lon="129.043307"/><trkpt lat="35.142966" lon="129.04311"/><trkpt lat="35.14296" lon="129.043028"/><trkpt lat="35.142953" lon="129.042981"/><trkpt lat="35.14294" lon="129.04292"/><trkpt lat="35.1429" lon="129.042754"/><trkpt lat="35.142894" lon="129.042709"/><trkpt lat="35.142898" lon="129.042667"/><trkpt lat="35.142914" lon="129.042628"/><trkpt lat="35.142959" lon="129.042552"/><trkpt lat="35.142986" lon="129.0425"/><trkpt lat="35.143003" lon="129.042457"/><trkpt lat="35.143021" lon="129.042398"/><trkpt lat="35.143077" lon="129.042203"/><trkpt lat="35.143096" lon="129.042145"/><trkpt lat="35.143116" lon="129.042107"/><trkpt lat="35.143159" lon="129.042062"/><trkpt lat="35.143182" lon="129.04203"/><trkpt lat="35.143198" lon="129.041989"/><trkpt lat="35.143228" lon="129.041902"/><trkpt lat="35.143249" lon="129.041864"/><trkpt lat="35.143285" lon="129.041809"/><trkpt lat="35.143287" lon="129.041779"/><trkpt lat="35.143268" lon="129.041751"/><trkpt lat="35.143239" lon="129.041723"/><trkpt lat="35.143195" lon="129.041688"/><trkpt lat="35.143161" lon="129.041667"/><trkpt lat="35.143123" lon="129.041654"/><trkpt lat="35.14307" lon="129.041647"/><trkpt lat="35.142962" lon="129.04164"/><trkpt lat="35.142924" lon="129.041631"/><trkpt lat="35.142891" lon="129.041611"/><trkpt lat="35.142862" lon="129.041581"/><trkpt lat="35.142816" lon="129.041524"/><trkpt lat="35.142773" lon="129.041464"/><trkpt lat="35.14275" lon="129.041426"/><trkpt lat="35.142734" lon="129.041383"/><trkpt lat="35.142702" lon="129.04126"/><trkpt lat="35.142681" lon="129.041184"/><trkpt lat="35.142665" lon="129.041141"/><trkpt lat="35.142635" lon="129.041087"/><trkpt lat="35.142427" lon="129.040748"/><trkpt lat="35.142378" lon="129.040672"/><trkpt lat="35.142348" lon="129.040638"/><trkpt lat="35.142285" lon="129.040579"/><trkpt lat="35.142261" lon="129.040558"/></trkseg>
<trkseg><trkpt lat="35.140296" lon="129.038878"/><trkpt lat="35.140061" lon="129.038866"/><trkpt lat="35.140023" lon="129.038866"/><trkpt lat="35.139987" lon="129.038872"/><trkpt lat="35.139954" lon="129.038892"/><trkpt lat="35.139925" lon="129.038923"/><trkpt lat="35.139844" lon="129.039031"/><trkpt lat="35.139798" lon="129.03909"/><trkpt lat="35.139769" lon="129.039122"/><trkpt lat="35.139735" lon="129.039145"/><trkpt lat="35.139686" lon="129.039165"/><trkpt lat="35.139481" lon="129.039235"/><trkpt lat="35.139276" lon="129.039306"/><trkpt lat="35.139224" lon="129.039321"/><trkpt lat="35.139186" lon="129.039325"/><trkpt lat="35.139148" lon="129.03932"/><trkpt lat="35.13911" lon="129.039312"/><trkpt lat="35.139073" lon="129.039298"/><trkpt lat="35.139039" lon="129.039277"/><trkpt lat="35.139007" lon="129.039248"/><trkpt lat="35.138883" lon="129.039123"/><trkpt lat="35.138856" lon="129.039099"/><trkpt lat="35.138835" lon="129.039092"/><trkpt lat="35.138828" lon="129.039113"/><trkpt lat="35.138824" lon="129.039169"/><trkpt lat="35.138818" lon="129.039192"/><trkpt lat="35.138818" lon="129.03921"/><trkpt lat="35.13883" lon="129.039237"/><trkpt lat="35.138837" lon="129.039273"/><trkpt lat="35.138836" lon="129.039316"/><trkpt lat="35.138828" lon="129.039362"/><trkpt lat="35.138804" lon="129.039456"/><trkpt lat="35.138786" lon="129.039517"/><trkpt lat="35.138768" lon="129.039559"/><trkpt lat="35.138742" lon="129.039592"/><trkpt lat="35.138709" lon="129.039618"/><trkpt lat="35.138506" lon="129.03975"/><trkpt lat="35.138386" lon="129.039827"/><trkpt lat="35.138351" lon="129.039844"/><trkpt lat="35.138317" lon="129.039844"/><trkpt lat="35.138286" lon="129.039825"/><trkpt lat="35.138256" lon="129.039798"/><trkpt lat="35.138227" lon="129.039767"/><trkpt lat="35.138201" lon="129.039733"/><trkpt lat="35.138181" lon="129.039692"/><trkpt lat="35.138158" lon="129.039633"/><trkpt lat="35.138" lon="129.039183"/><trkpt lat="35.137978" lon="129.039128"/><trkpt lat="35.137958" lon="129.039098"/><trkpt lat="35.137934" lon="129.039092"/><trkpt lat="35.137894" lon="129.039098"/><trkpt lat="35.137881" lon="129.03908"/><trkpt lat="35.137861" lon="129.03904"/><trkpt lat="35.13784" lon="129.039012"/><trkpt lat="35.137818" lon="129.038995"/><trkpt lat="35.1378" lon="129.039006"/><trkpt lat="35.137785" lon="129.039038"/><trkpt lat="35.137763" lon="129.03909"/><trkpt lat="35.137741" lon="129.039124"/><trkpt lat="35.137711" lon="129.039149"/><trkpt lat="35.137681" lon="129.039159"/><trkpt lat="35.137656" lon="129.039145"/><trkpt lat="35.13762" lon="129.039092"/><trkpt lat="35.137596" lon="129.039063"/><trkpt lat="35.137566" lon="129.039048"/><trkpt lat="35.137533" lon="129.039046"/><trkpt lat="35.1375" lon="129.039059"/><trkpt lat="35.137468" lon="129.039083"/><trkpt lat="35.137365" lon="129.039181"/><trkpt lat="35.137334" lon="129.039207"/><trkpt lat="35.1373" lon="129.039223"/><trkpt lat="35.137266" lon="129.039223"/><trkpt lat="35.137208" lon="129.03921"/><trkpt lat="35.137179" lon="129.039212"/><trkpt lat="35.137167" lon="129.039254"/><trkpt lat="35.137155" lon="129.039271"/><trkpt lat="35.137121" lon="129.039288"/><trkpt lat="35.137092" lon="129.03931"/><trkpt lat="35.137066" lon="129.039339"/><trkpt lat="35.137043" lon="129.039372"/><trkpt lat="35.13701" lon="129.039428"/><trkpt lat="35.136981" lon="129.039448"/><trkpt lat="35.136965" lon="129.039449"/></trkseg>
<trkseg><trkpt lat="35.134148" lon="129.034451"/><trkpt lat="35.134148" lon="129.034379"/><trkpt lat="35.134143" lon="129.03432"/><trkpt lat="35.134132" lon="129.034272"/><trkpt lat="35.134116" lon="129.03423"/><trkpt lat="35.134097" lon="129.03419"/><trkpt lat="35.134074" lon="129.034155"/><trkpt lat="35.134044" lon="129.034131"/><trkpt lat="35.134008" lon="129.034117"/><trkpt lat="35.133904" lon="129.03409"/><trkpt lat="35.133869" lon="129.034078"/><trkpt lat="35.133844" lon="129.034063"/><trkpt lat="35.133842" lon="129.034038"/><trkpt lat="35.133859" lon="129.034005"/><trkpt lat="35.133894" lon="129.033945"/><trkpt lat="35.133901" lon="129.033913"/><trkpt lat="35.133893" lon="129.033882"/><trkpt lat="35.133904" lon="129.033867"/><trkpt lat="35.133914" lon="129.033847"/><trkpt lat="35.133911" lon="129.033822"/><trkpt lat="35.13391" lon="129.033818"/></trkseg>
<trkseg><trkpt lat="35.135317" lon="129.033856"/><trkpt lat="35.135331" lon="129.033752"/><trkpt lat="35.135341" lon="129.033677"/><trkpt lat="35.135342" lon="129.033633"/><trkpt lat="35.135333" lon="129.033602"/><trkpt lat="35.135307" lon="129.03359"/><trkpt lat="35.13527" lon="129.033589"/><trkpt lat="35.135179" lon="129.033593"/><trkpt lat="35.135142" lon="129.033592"/><trkpt lat="35.135114" lon="129.03358"/><trkpt lat="35.135094" lon="129.03355"/><trkpt lat="35.135077" lon="129.033538"/><trkpt lat="35.13505" lon="129.033547"/><trkpt lat="35.134984" lon="129.033588"/><trkpt lat="35.134951" lon="129.033607"/><trkpt lat="35.134921" lon="129.033617"/><trkpt lat="35.134897" lon="129.033605"/><trkpt lat="35.13487" lon="129.033575"/><trkpt lat="35.134847" lon="129.033566"/><trkpt lat="35.134819" lon="129.033579"/><trkpt lat="35.134788" lon="129.033603"/><trkpt lat="35.134662" lon="129.033718"/><trkpt lat="35.134619" lon="129.033755"/><trkpt lat="35.134585" lon="129.033776"/><trkpt lat="35.134548" lon="129.033788"/><trkpt lat="35.13451" lon="129.033792"/><trkpt lat="35.134475" lon="129.033787"/><trkpt lat="35.134449" lon="129.033766"/><trkpt lat="35.13442" lon="129.033724"/><trkpt lat="35.134395" lon="129.033698"/><trkpt lat="35.134363" lon="129.033685"/><trkpt lat="35.134329" lon="129.03368"/><trkpt lat="35.134291" lon="129.033686"/><trkpt lat="35.134214" lon="129.033711"/><trkpt lat="35.13391" lon="129.033818"/></trkseg>
<trkseg><trkpt lat="35.134148" lon="129.034451"/><trkpt lat="35.134363" lon="129.034329"/><trkpt lat="35.134399" lon="129.034313"/><trkpt lat="35.134436" lon="129.034307"/><trkpt lat="35.134473" lon="129.034312"/><trkpt lat="35.134535" lon="129.034324"/><trkpt lat="35.134572" lon="129.034324"/><trkpt lat="35.134609" lon="129.034314"/><trkpt lat="35.134669" lon="129.034288"/><trkpt lat="35.134729" lon="129.034258"/><trkpt lat="35.134764" lon="129.034237"/><trkpt lat="35.134796" lon="129.034212"/><trkpt lat="35.134848" lon="129.034166"/><trkpt lat="35.134883" lon="129.034143"/><trkpt lat="35.134955" lon="129.034104"/><trkpt lat="35.13531" lon="129.033927"/><trkpt lat="35.135338" lon="129.033903"/><trkpt lat="35.135338" lon="129.033876"/><trkpt lat="35.13532" lon="129.033857"/><trkpt lat="35.135317" lon="129.033856"/></trkseg>
<trkseg><trkpt lat="35.132377" lon="129.033994"/><trkpt lat="35.132359" lon="129.034026"/><trkpt lat="35.132327" lon="129.034068"/><trkpt lat="35.132287" lon="129.034101"/><trkpt lat="35.132228" lon="129.034135"/><trkpt lat="35.132192" lon="129.034152"/><trkpt lat="35.132154" lon="129.034164"/><trkpt lat="35.132115" lon="129.034169"/><trkpt lat="35.131891" lon="129.034175"/><trkpt lat="35.131812" lon="129.034179"/><trkpt lat="35.131775" lon="129.034187"/><trkpt lat="35.131742" lon="129.034208"/><trkpt lat="35.131683" lon="129.03427"/><trkpt lat="35.131653" lon="129.0343"/><trkpt lat="35.131619" lon="129.034319"/><trkpt lat="35.131581" lon="129.034329"/><trkpt lat="35.131477" lon="129.034347"/><trkpt lat="35.131413" lon="129.03436"/><trkpt lat="35.131379" lon="129.034374"/><trkpt lat="35.131352" lon="129.034401"/><trkpt lat="35.131331" lon="129.034439"/><trkpt lat="35.131288" lon="129.034536"/><trkpt lat="35.131267" lon="129.034576"/><trkpt lat="35.131241" lon="129.034611"/><trkpt lat="35.1312" lon="129.034652"/><trkpt lat="35.130973" lon="129.034855"/><trkpt lat="35.130931" lon="129.034895"/><trkpt lat="35.130902" lon="129.034928"/><trkpt lat="35.13085" lon="129.035003"/><trkpt lat="35.13075" lon="129.035157"/><trkpt lat="35.130723" lon="129.035193"/><trkpt lat="35.130693" lon="129.035225"/><trkpt lat="35.13063" lon="129.035283"/><trkpt lat="35.130587" lon="129.03532"/><trkpt lat="35.130553" lon="129.035343"/><trkpt lat="35.130506" lon="129.035367"/><trkpt lat="35.13041" lon="129.035411"/><trkpt lat="35.130377" lon="129.035432"/><trkpt lat="35.13035" lon="129.035462"/><trkpt lat="35.130327" lon="129.035499"/><trkpt lat="35.13025" lon="129.035649"/><trkpt lat="35.130221" lon="129.035702"/><trkpt lat="35.130196" lon="129.035737"/><trkpt lat="35.130165" lon="129.035767"/><trkpt lat="35.130121" lon="129.035802"/><trkpt lat="35.13002" lon="129.035877"/><trkpt lat="35.129988" lon="129.035906"/><trkpt lat="35.129962" lon="129.035938"/><trkpt lat="35.129924" lon="129.035997"/><trkpt lat="35.1299" lon="129.03603"/><trkpt lat="35.12987" lon="129.036056"/><trkpt lat="35.129835" lon="129.036076"/><trkpt lat="35.12971" lon="129.036131"/><trkpt lat="35.129661" lon="129.036156"/><trkpt lat="35.129627" lon="129.03618"/><trkpt lat="35.129552" lon="129.036244"/><trkpt lat="35.129519" lon="129.036267"/><trkpt lat="35.129482" lon="129.036278"/><trkpt lat="35.129444" lon="129.036281"/><trkpt lat="35.129257" lon="129.036272"/><trkpt lat="35.129204" lon="129.036268"/><trkpt lat="35.129164" lon="129.03626"/><trkpt lat="35.129086" lon="129.036236"/><trkpt lat="35.128775" lon="129.036135"/><trkpt lat="35.128725" lon="129.036116"/><trkpt lat="35.128689" lon="129.036095"/><trkpt lat="35.128632" lon="129.036054"/><trkpt lat="35.128589" lon="129.036018"/><trkpt lat="35.12856" lon="129.035987"/><trkpt lat="35.128538" lon="129.035948"/><trkpt lat="35.128519" lon="129.035888"/><trkpt lat="35.128497" lon="129.035811"/><trkpt lat="35.12848" lon="129.035767"/><trkpt lat="35.128456" lon="129.03573"/><trkpt lat="35.128428" lon="129.035697"/><trkpt lat="35.128388" lon="129.035655"/><trkpt lat="35.128357" lon="129.03563"/><trkpt lat="35.128325" lon="129.03562"/><trkpt lat="35.128292" lon="129.03563"/><trkpt lat="35.128259" lon="129.035649"/><trkpt lat="35.12823" lon="129.035679"/><trkpt lat="35.128203" lon="129.035715"/><trkpt lat="35.12797" lon="129.03607"/><trkpt lat="35.127861" lon="129.036234"/><trkpt lat="35.127834" lon="129.036268"/><trkpt lat="35.127804" lon="129.036295"/><trkpt lat="35.127768" lon="129.036311"/><trkpt lat="35.127514" lon="129.03639"/><trkpt lat="35.127463" lon="129.036402"/><trkpt lat="35.127425" lon="129.036406"/><trkpt lat="35.127375" lon="129.036401"/><trkpt lat="35.12721" lon="129.036367"/></trkseg>
<trkseg><trkpt lat="35.132397" lon="129.032361"/><trkpt lat="35.132206" lon="129.032578"/><trkpt lat="35.132176" lon="129.032608"/><trkpt lat="35.132144" lon="129.032635"/><trkpt lat="35.132063" lon="129.03269"/><trkpt lat="35.132018" lon="129.032724"/><trkpt lat="35.131989" lon="129.032756"/><trkpt lat="35.131954" lon="129.032804"/><trkpt lat="35.131796" lon="129.033045"/><trkpt lat="35.131762" lon="129.033094"/><trkpt lat="35.131734" lon="129.033127"/><trkpt lat="35.131702" lon="129.033151"/><trkpt lat="35.131646" lon="129.033184"/><trkpt lat="35.131616" lon="129.03321"/><trkpt lat="35.131591" lon="129.033245"/><trkpt lat="35.131553" lon="129.03331"/><trkpt lat="35.131527" lon="129.033345"/><trkpt lat="35.131497" lon="129.033374"/><trkpt lat="35.131443" lon="129.033417"/><trkpt lat="35.131288" lon="129.033535"/><trkpt lat="35.131254" lon="129.033558"/><trkpt lat="35.131206" lon="129.033582"/><trkpt lat="35.131072" lon="129.033641"/><trkpt lat="35.131037" lon="129.033659"/><trkpt lat="35.131004" lon="129.033683"/><trkpt lat="35.130975" lon="129.033713"/><trkpt lat="35.130894" lon="129.033813"/><trkpt lat="35.130839" lon="129.033878"/><trkpt lat="35.130808" lon="129.033907"/><trkpt lat="35.130732" lon="129.033969"/><trkpt lat="35.130589" lon="129.034082"/><trkpt lat="35.130559" lon="129.034111"/><trkpt lat="35.130534" lon="129.034147"/><trkpt lat="35.130492" lon="129.034229"/><trkpt lat="35.130469" lon="129.034268"/><trkpt lat="35.130441" lon="129.034302"/><trkpt lat="35.130146" lon="129.034584"/><trkpt lat="35.130063" lon="129.034666"/><trkpt lat="35.130034" lon="129.034699"/><trkpt lat="35.13" lon="129.034747"/><trkpt lat="35.12987" lon="129.034944"/><trkpt lat="35.129835" lon="129.034991"/><trkpt lat="35.129805" lon="129.035021"/><trkpt lat="35.12976" lon="129.035057"/><trkpt lat="35.129656" lon="129.035133"/><trkpt lat="35.129624" lon="129.035161"/><trkpt lat="35.129596" lon="129.035194"/><trkpt lat="35.129575" lon="129.035234"/><trkpt lat="35.12953" lon="129.035334"/><trkpt lat="35.129509" lon="129.035375"/><trkpt lat="35.129482" lon="129.035409"/><trkpt lat="35.129422" lon="129.035473"/><trkpt lat="35.129329" lon="129.035565"/><trkpt lat="35.129296" lon="129.035591"/><trkpt lat="35.12926" lon="129.035612"/><trkpt lat="35.129197" lon="129.03564"/><trkpt lat="35.12907" lon="129.035694"/><trkpt lat="35.129031" lon="129.035706"/><trkpt lat="35.128992" lon="129.03571"/><trkpt lat="35.128939" lon="129.035706"/><trkpt lat="35.128818" lon="129.03569"/><trkpt lat="35.128762" lon="129.035689"/><trkpt lat="35.128715" lon="129.035706"/><trkpt lat="35.128683" lon="129.035732"/><trkpt lat="35.128676" lon="129.03574"/></trkseg>
<trkseg><trkpt lat="35.129002" lon="129.020967"/><trkpt lat="35.129127" lon="129.021005"/><trkpt lat="35.129178" lon="129.021015"/><trkpt lat="35.129216" lon="129.021017"/><trkpt lat="35.129293" lon="129.021011"/><trkpt lat="35.129332" lon="129.021012"/><trkpt lat="35.129369" lon="129.021021"/><trkpt lat="35.129467" lon="129.021058"/><trkpt lat="35.129516" lon="129.021074"/><trkpt lat="35.129555" lon="129.021081"/><trkpt lat="35.129607" lon="129.021083"/><trkpt lat="35.129797" lon="129.021155"/><trkpt lat="35.129835" lon="129.02116"/><trkpt lat="35.129874" lon="129.021171"/><trkpt lat="35.130118" lon="129.021289"/><trkpt lat="35.130169" lon="129.021309"/><trkpt lat="35.130207" lon="129.021316"/><trkpt lat="35.130242" lon="129.02131"/><trkpt lat="35.130274" lon="129.021293"/><trkpt lat="35.130301" lon="129.021266"/><trkpt lat="35.130322" lon="129.02123"/><trkpt lat="35.130339" lon="129.02119"/><trkpt lat="35.130351" lon="129.021148"/><trkpt lat="35.13036" lon="129.021104"/><trkpt lat="35.130365" lon="129.02106"/><trkpt lat="35.130365" lon="129.021016"/><trkpt lat="35.1304" lon="129.020892"/><trkpt lat="35.130548" lon="129.020696"/><trkpt lat="35.13055" lon="129.020695"/></trkseg>
<trkseg><trkpt lat="35.128219" lon="129.022429"/><trkpt lat="35.128235" lon="129.022361"/><trkpt lat="35.128253" lon="129.022308"/><trkpt lat="35.128276" lon="129.022265"/><trkpt lat="35.128336" lon="129.022179"/><trkpt lat="35.128358" lon="129.022141"/><trkpt lat="35.128373" lon="129.022099"/><trkpt lat="35.128378" lon="129.022053"/><trkpt lat="35.128383" lon="129.021975"/><trkpt lat="35.128393" lon="129.021931"/><trkpt lat="35.128412" lon="129.02189"/><trkpt lat="35.128443" lon="129.021838"/><trkpt lat="35.128531" lon="129.021694"/><trkpt lat="35.128552" lon="129.021653"/><trkpt lat="35.128569" lon="129.021609"/><trkpt lat="35.128613" lon="129.021455"/><trkpt lat="35.128636" lon="129.021378"/><trkpt lat="35.128653" lon="129.021335"/><trkpt lat="35.128682" lon="129.02128"/><trkpt lat="35.128768" lon="129.021135"/><trkpt lat="35.128793" lon="129.021098"/><trkpt lat="35.128822" lon="129.021067"/><trkpt lat="35.128856" lon="129.021043"/><trkpt lat="35.128908" lon="129.021015"/><trkpt lat="35.129002" lon="129.020967"/></trkseg>
<trkseg><trkpt lat="35.127405" lon="129.020551"/><trkpt lat="35.127537" lon="129.02081"/><trkpt lat="35.127556" lon="129.020852"/><trkpt lat="35.127568" lon="129.020894"/><trkpt lat="35.127577" lon="129.02096"/><trkpt lat="35.127592" lon="129.020995"/><trkpt lat="35.127636" lon="129.021047"/><trkpt lat="35.127661" lon="129.021082"/><trkpt lat="35.127681" lon="129.021122"/><trkpt lat="35.127713" lon="129.021186"/><trkpt lat="35.127733" lon="129.021215"/><trkpt lat="35.127756" lon="129.021222"/><trkpt lat="35.127786" lon="129.021223"/><trkpt lat="35.127806" lon="129.021245"/><trkpt lat="35.127824" lon="129.021279"/><trkpt lat="35.12785" lon="129.021347"/><trkpt lat="35.127872" lon="129.021421"/><trkpt lat="35.127931" lon="129.021648"/><trkpt lat="35.127942" lon="129.021708"/><trkpt lat="35.127945" lon="129.021754"/><trkpt lat="35.127945" lon="129.02183"/><trkpt lat="35.127951" lon="129.021873"/><trkpt lat="35.127973" lon="129.021941"/><trkpt lat="35.127982" lon="129.021982"/><trkpt lat="35.127982" lon="129.022027"/><trkpt lat="35.127971" lon="129.022104"/><trkpt lat="35.127967" lon="129.02215"/><trkpt lat="35.12797" lon="129.022196"/><trkpt lat="35.12798" lon="129.022241"/><trkpt lat="35.12801" lon="129.022346"/><trkpt lat="35.128019" lon="129.02239"/><trkpt lat="35.128013" lon="129.022443"/><trkpt lat="35.127992" lon="129.022493"/><trkpt lat="35.127972" lon="129.022525"/></trkseg>
<trkseg><trkpt lat="35.125283" lon="129.021316"/><trkpt lat="35.125759" lon="129.021473"/><trkpt lat="35.125809" lon="129.021493"/><trkpt lat="35.125844" lon="129.021514"/><trkpt lat="35.125874" lon="129.02154"/><trkpt lat="35.125933" lon="129.021596"/><trkpt lat="35.125965" lon="129.02162"/><trkpt lat="35.126012" lon="129.021646"/><trkpt lat="35.126072" lon="129.021675"/><trkpt lat="35.126108" lon="129.02169"/><trkpt lat="35.126146" lon="129.021696"/><trkpt lat="35.126184" lon="129.021694"/><trkpt lat="35.126302" lon="129.021673"/><trkpt lat="35.126367" lon="129.021663"/><trkpt lat="35.126406" lon="129.021662"/><trkpt lat="35.126445" lon="129.021671"/><trkpt lat="35.126496" lon="129.021689"/><trkpt lat="35.127123" lon="129.021936"/><trkpt lat="35.127175" lon="129.021952"/><trkpt lat="35.127254" lon="129.021966"/><trkpt lat="35.127386" lon="129.021984"/><trkpt lat="35.127425" lon="129.021993"/><trkpt lat="35.127462" lon="129.022007"/><trkpt lat="35.127533" lon="129.022044"/><trkpt lat="35.127567" lon="129.022065"/><trkpt lat="35.127598" lon="129.022091"/><trkpt lat="35.127626" lon="129.022124"/><trkpt lat="35.127747" lon="129.022295"/><trkpt lat="35.127859" lon="129.022453"/><trkpt lat="35.127893" lon="129.022489"/><trkpt lat="35.127934" lon="129.022515"/><trkpt lat="35.127965" lon="129.022524"/><trkpt lat="35.127972" lon="129.022525"/></trkseg>
<trkseg><trkpt lat="35.112492" lon="128.998564"/><trkpt lat="35.112447" lon="128.998557"/><trkpt lat="35.112399" lon="128.998555"/><trkpt lat="35.112357" lon="128.998563"/><trkpt lat="35.112323" lon="128.998584"/><trkpt lat="35.112278" lon="128.998618"/><trkpt lat="35.112145" lon="128.998725"/><trkpt lat="35.11211" lon="128.998748"/><trkpt lat="35.112063" lon="128.998774"/><trkpt lat="35.111931" lon="128.998833"/><trkpt lat="35.111881" lon="128.99885"/><trkpt lat="35.111844" lon="128.998857"/><trkpt lat="35.111729" lon="128.998867"/><trkpt lat="35.111692" lon="128.998874"/><trkpt lat="35.111656" lon="128.998891"/><trkpt lat="35.111623" lon="128.998916"/><trkpt lat="35.111525" lon="128.999"/><trkpt lat="35.111459" lon="128.999054"/><trkpt lat="35.111413" lon="128.999084"/><trkpt lat="35.111145" lon="128.999224"/><trkpt lat="35.111085" lon="128.999258"/><trkpt lat="35.111052" lon="128.999282"/><trkpt lat="35.111024" lon="128.999311"/><trkpt lat="35.11099" lon="128.999353"/><trkpt lat="35.110958" lon="128.999378"/><trkpt lat="35.110923" lon="128.999399"/><trkpt lat="35.11074" lon="128.999492"/><trkpt lat="35.110655" lon="128.999537"/><trkpt lat="35.110621" lon="128.999562"/><trkpt lat="35.110589" lon="128.999591"/><trkpt lat="35.110476" lon="128.999708"/><trkpt lat="35.110445" lon="128.999737"/><trkpt lat="35.110411" lon="128.99976"/><trkpt lat="35.110375" lon="128.99977"/><trkpt lat="35.110278" lon="128.999764"/><trkpt lat="35.110241" lon="128.999777"/><trkpt lat="35.110193" lon="128.999803"/><trkpt lat="35.110047" lon="128.999857"/><trkpt lat="35.110012" lon="128.999876"/><trkpt lat="35.109961" lon="128.999883"/></trkseg>
<trkseg><trkpt lat="35.124919" lon="129.030188"/><trkpt lat="35.12483" lon="129.030512"/><trkpt lat="35.124815" lon="129.030574"/><trkpt lat="35.124809" lon="129.030622"/><trkpt lat="35.12481" lon="129.030687"/><trkpt lat="35.124815" lon="129.030802"/><trkpt lat="35.124814" lon="129.03085"/><trkpt lat="35.124805" lon="129.030895"/><trkpt lat="35.124789" lon="129.030939"/><trkpt lat="35.124764" lon="129.030995"/><trkpt lat="35.124742" lon="129.031035"/><trkpt lat="35.124715" lon="129.031067"/><trkpt lat="35.124666" lon="129.031112"/><trkpt lat="35.12464" lon="129.03114"/><trkpt lat="35.124625" lon="129.031174"/><trkpt lat="35.124624" lon="129.031216"/><trkpt lat="35.124632" lon="129.031307"/><trkpt lat="35.124632" lon="129.03135"/><trkpt lat="35.124618" lon="129.031389"/><trkpt lat="35.12458" lon="129.03145"/><trkpt lat="35.124565" lon="129.031492"/><trkpt lat="35.124559" lon="129.031539"/><trkpt lat="35.124559" lon="129.031586"/><trkpt lat="35.124564" lon="129.031633"/><trkpt lat="35.124576" lon="129.031676"/><trkpt lat="35.1246" lon="129.031711"/><trkpt lat="35.12463" lon="129.031742"/><trkpt lat="35.12475" lon="129.03185"/><trkpt lat="35.12479" lon="129.03189"/><trkpt lat="35.124809" lon="129.031919"/><trkpt lat="35.124804" lon="129.031945"/><trkpt lat="35.124781" lon="129.031966"/><trkpt lat="35.124747" lon="129.031978"/><trkpt lat="35.124708" lon="129.031984"/><trkpt lat="35.124588" lon="129.031991"/><trkpt lat="35.124549" lon="129.031997"/><trkpt lat="35.12447" lon="129.032017"/><trkpt lat="35.12396" lon="129.032161"/><trkpt lat="35.123908" lon="129.032177"/><trkpt lat="35.123872" lon="129.032194"/><trkpt lat="35.123845" lon="129.032217"/><trkpt lat="35.123827" lon="129.032247"/><trkpt lat="35.123817" lon="129.03229"/><trkpt lat="35.123808" lon="129.032365"/><trkpt lat="35.123798" lon="129.032405"/><trkpt lat="35.123777" lon="129.032434"/><trkpt lat="35.12374" lon="129.032464"/><trkpt lat="35.123717" lon="129.032495"/><trkpt lat="35.1237" lon="129.032536"/><trkpt lat="35.123663" lon="129.032654"/><trkpt lat="35.123646" lon="129.032696"/><trkpt lat="35.123624" lon="129.032732"/><trkpt lat="35.123578" lon="129.032783"/><trkpt lat="35.123551" lon="129.032815"/><trkpt lat="35.123529" lon="129.032853"/><trkpt lat="35.12351" lon="129.032895"/><trkpt lat="35.12349" lon="129.032946"/></trkseg>
<trkseg><trkpt lat="35.125283" lon="129.021316"/><trkpt lat="35.125044" lon="129.021511"/><trkpt lat="35.125013" lon="129.02154"/><trkpt lat="35.124984" lon="129.021574"/><trkpt lat="35.124934" lon="129.021649"/><trkpt lat="35.124776" lon="129.021893"/><trkpt lat="35.124741" lon="129.021941"/><trkpt lat="35.124502" lon="129.02223"/><trkpt lat="35.124358" lon="129.022403"/><trkpt lat="35.124333" lon="129.022439"/><trkpt lat="35.124318" lon="129.02248"/><trkpt lat="35.124313" lon="129.022525"/><trkpt lat="35.124315" lon="129.022604"/><trkpt lat="35.12432" lon="129.022764"/><trkpt lat="35.124319" lon="129.022811"/><trkpt lat="35.124311" lon="129.022858"/><trkpt lat="35.124295" lon="129.022919"/><trkpt lat="35.124244" lon="129.023086"/><trkpt lat="35.124228" lon="129.023129"/><trkpt lat="35.124208" lon="129.023167"/><trkpt lat="35.124178" lon="129.023194"/><trkpt lat="35.124144" lon="129.023216"/><trkpt lat="35.124035" lon="129.023276"/><trkpt lat="35.124" lon="129.023299"/><trkpt lat="35.123968" lon="129.023327"/><trkpt lat="35.123784" lon="129.023514"/><trkpt lat="35.123376" lon="129.023931"/><trkpt lat="35.123345" lon="129.02396"/><trkpt lat="35.123311" lon="129.023983"/><trkpt lat="35.123274" lon="129.023999"/><trkpt lat="35.12321" lon="129.024019"/><trkpt lat="35.122812" lon="129.02414"/><trkpt lat="35.122763" lon="129.02416"/><trkpt lat="35.122726" lon="129.024181"/><trkpt lat="35.122538" lon="129.02431"/><trkpt lat="35.122492" lon="129.024344"/><trkpt lat="35.12246" lon="129.024373"/><trkpt lat="35.122433" lon="129.024406"/><trkpt lat="35.122393" lon="129.024468"/><trkpt lat="35.122309" lon="129.024609"/><trkpt lat="35.122289" lon="129.024649"/><trkpt lat="35.122274" lon="129.024693"/><trkpt lat="35.122249" lon="129.024803"/><trkpt lat="35.122234" lon="129.024864"/><trkpt lat="35.122216" lon="129.024904"/><trkpt lat="35.122189" lon="129.024933"/><trkpt lat="35.122156" lon="129.024956"/><trkpt lat="35.122014" lon="129.02504"/><trkpt lat="35.121969" lon="129.025071"/><trkpt lat="35.12194" lon="129.025101"/><trkpt lat="35.12191" lon="129.025141"/><trkpt lat="35.121849" lon="129.025235"/></trkseg>
<trkseg><trkpt lat="35.111387" lon="129.003257"/><trkpt lat="35.111376" lon="129.003316"/><trkpt lat="35.111359" lon="129.003375"/><trkpt lat="35.111337" lon="129.003419"/><trkpt lat="35.111288" lon="129.003492"/><trkpt lat="35.111186" lon="129.003635"/><trkpt lat="35.111156" lon="129.003686"/><trkpt lat="35.111137" lon="129.003729"/><trkpt lat="35.111071" lon="129.003907"/><trkpt lat="35.111002" lon="129.004102"/><trkpt lat="35.11099" lon="129.004147"/><trkpt lat="35.110987" lon="129.004194"/><trkpt lat="35.110991" lon="129.004241"/><trkpt lat="35.111007" lon="129.004369"/><trkpt lat="35.111009" lon="129.004417"/><trkpt lat="35.111006" lon="129.004465"/><trkpt lat="35.110994" lon="129.004578"/><trkpt lat="35.110986" lon="129.004626"/><trkpt lat="35.110963" lon="129.004719"/><trkpt lat="35.110842" lon="129.005153"/><trkpt lat="35.110827" lon="129.005198"/><trkpt lat="35.110808" lon="129.00524"/><trkpt lat="35.110778" lon="129.005294"/><trkpt lat="35.110686" lon="129.005454"/><trkpt lat="35.110667" lon="129.005495"/><trkpt lat="35.110654" lon="129.005538"/><trkpt lat="35.110639" lon="129.005627"/><trkpt lat="35.11063" lon="129.00567"/><trkpt lat="35.110614" lon="129.005712"/><trkpt lat="35.110585" lon="129.005764"/><trkpt lat="35.110375" lon="129.006095"/><trkpt lat="35.110346" lon="129.006147"/><trkpt lat="35.11033" lon="129.006189"/><trkpt lat="35.110323" lon="129.006235"/><trkpt lat="35.11031" lon="129.006427"/><trkpt lat="35.110307" lon="129.006523"/><trkpt lat="35.11031" lon="129.006571"/><trkpt lat="35.110325" lon="129.006649"/><trkpt lat="35.110333" lon="129.006695"/><trkpt lat="35.110333" lon="129.00674"/><trkpt lat="35.110322" lon="129.006784"/><trkpt lat="35.110297" lon="129.006856"/><trkpt lat="35.110231" lon="129.007029"/><trkpt lat="35.110218" lon="129.007073"/><trkpt lat="35.110208" lon="129.007119"/><trkpt lat="35.110198" lon="129.007215"/><trkpt lat="35.110191" lon="129.007279"/><trkpt lat="35.11018" lon="129.007324"/><trkpt lat="35.11016" lon="129.007363"/><trkpt lat="35.110127" lon="129.007412"/><trkpt lat="35.110048" lon="129.007519"/><trkpt lat="35.110028" lon="129.007554"/></trkseg>
<trkseg><trkpt lat="35.110368" lon="129.001749"/><trkpt lat="35.109719" lon="129.001844"/><trkpt lat="35.109679" lon="129.001847"/><trkpt lat="35.109641" lon="129.001843"/><trkpt lat="35.109587" lon="129.001819"/><trkpt lat="35.109554" lon="129.001808"/><trkpt lat="35.109517" lon="129.00181"/><trkpt lat="35.10948" lon="129.001819"/><trkpt lat="35.109404" lon="129.001842"/><trkpt lat="35.109366" lon="129.001849"/><trkpt lat="35.109326" lon="129.00185"/><trkpt lat="35.108977" lon="129.001829"/><trkpt lat="35.108924" lon="129.001829"/><trkpt lat="35.108884" lon="129.001833"/><trkpt lat="35.108821" lon="129.001847"/><trkpt lat="35.108784" lon="129.001849"/><trkpt lat="35.108752" lon="129.001835"/><trkpt lat="35.108723" lon="129.001807"/><trkpt lat="35.108658" lon="129.001729"/><trkpt lat="35.108629" lon="129.001698"/><trkpt lat="35.108595" lon="129.001671"/><trkpt lat="35.108537" lon="129.001633"/><trkpt lat="35.108313" lon="129.001494"/><trkpt lat="35.108264" lon="129.001469"/><trkpt lat="35.108227" lon="129.001457"/><trkpt lat="35.108175" lon="129.001449"/><trkpt lat="35.108071" lon="129.001437"/><trkpt lat="35.108018" lon="129.001435"/><trkpt lat="35.107953" lon="129.001441"/><trkpt lat="35.107875" lon="129.001453"/><trkpt lat="35.107838" lon="129.001465"/><trkpt lat="35.107805" lon="129.001486"/><trkpt lat="35.107764" lon="129.001526"/><trkpt lat="35.107685" lon="129.001613"/><trkpt lat="35.107653" lon="129.00164"/><trkpt lat="35.107618" lon="129.001663"/><trkpt lat="35.107424" lon="129.00177"/><trkpt lat="35.107375" lon="129.001794"/><trkpt lat="35.107337" lon="129.001806"/><trkpt lat="35.107257" lon="129.001815"/><trkpt lat="35.107217" lon="129.001821"/><trkpt lat="35.107181" lon="129.001835"/><trkpt lat="35.107149" lon="129.00186"/><trkpt lat="35.107087" lon="129.001921"/><trkpt lat="35.106873" lon="129.00214"/><trkpt lat="35.106841" lon="129.002166"/><trkpt lat="35.106805" lon="129.002182"/><trkpt lat="35.106767" lon="129.002189"/><trkpt lat="35.106728" lon="129.002191"/><trkpt lat="35.106689" lon="129.00219"/><trkpt lat="35.106652" lon="129.00218"/><trkpt lat="35.106603" lon="129.002159"/><trkpt lat="35.106386" lon="129.002047"/><trkpt lat="35.106313" lon="129.002013"/><trkpt lat="35.106236" lon="129.00199"/><trkpt lat="35.10595" lon="129.001917"/></trkseg>
<trkseg><trkpt lat="35.110576" lon="129.003672"/><trkpt lat="35.110205" lon="129.003731"/><trkpt lat="35.110139" lon="129.003743"/><trkpt lat="35.110102" lon="129.003755"/><trkpt lat="35.110069" lon="129.003777"/><trkpt lat="35.110041" lon="129.003806"/><trkpt lat="35.10994" lon="129.003928"/><trkpt lat="35.109912" lon="129.003959"/><trkpt lat="35.10988" lon="129.003986"/><trkpt lat="35.109833" lon="129.004018"/><trkpt lat="35.10957" lon="129.004182"/><trkpt lat="35.109536" lon="129.004207"/><trkpt lat="35.109505" lon="129.004237"/><trkpt lat="35.109463" lon="129.004299"/><trkpt lat="35.109437" lon="129.004335"/><trkpt lat="35.109407" lon="129.004362"/><trkpt lat="35.109372" lon="129.004377"/><trkpt lat="35.109313" lon="129.004401"/><trkpt lat="35.109282" lon="129.004427"/><trkpt lat="35.109256" lon="129.00446"/><trkpt lat="35.109126" lon="129.004662"/><trkpt lat="35.109079" lon="129.004739"/><trkpt lat="35.10906" lon="129.00478"/><trkpt lat="35.109043" lon="129.004825"/><trkpt lat="35.108842" lon="129.00547"/><trkpt lat="35.108817" lon="129.005545"/><trkpt lat="35.108798" lon="129.005587"/><trkpt lat="35.108776" lon="129.005625"/><trkpt lat="35.108718" lon="129.005708"/><trkpt lat="35.108691" lon="129.005739"/><trkpt lat="35.108659" lon="129.005761"/><trkpt lat="35.108621" lon="129.00577"/><trkpt lat="35.108555" lon="129.005775"/><trkpt lat="35.10796" lon="129.005808"/><trkpt lat="35.107717" lon="129.005822"/><trkpt lat="35.107678" lon="129.00582"/><trkpt lat="35.107639" lon="129.005808"/><trkpt lat="35.10759" lon="129.005781"/><trkpt lat="35.107482" lon="129.005713"/><trkpt lat="35.107446" lon="129.005696"/><trkpt lat="35.107414" lon="129.005692"/><trkpt lat="35.10739" lon="129.005712"/><trkpt lat="35.10737" lon="129.005745"/><trkpt lat="35.107354" lon="129.005785"/><trkpt lat="35.107343" lon="129.005832"/><trkpt lat="35.107333" lon="129.005913"/><trkpt lat="35.107287" lon="129.0063"/></trkseg>
<trkseg><trkpt lat="35.110368" lon="129.001749"/><trkpt lat="35.110556" lon="129.001753"/><trkpt lat="35.110596" lon="129.00175"/><trkpt lat="35.110635" lon="129.001742"/><trkpt lat="35.110698" lon="129.001719"/><trkpt lat="35.110851" lon="129.001657"/><trkpt lat="35.110887" lon="129.001638"/><trkpt lat="35.110917" lon="129.001612"/><trkpt lat="35.110942" lon="129.001577"/><trkpt lat="35.110971" lon="129.001525"/><trkpt lat="35.111012" lon="129.001445"/><trkpt lat="35.111029" lon="129.001404"/><trkpt lat="35.11104" lon="129.00136"/><trkpt lat="35.111043" lon="129.001314"/><trkpt lat="35.111032" lon="129.001074"/><trkpt lat="35.111023" lon="129.000897"/></trkseg>
<trkseg><trkpt lat="35.111136" lon="129.00053"/><trkpt lat="35.111209" lon="129.00042"/><trkpt lat="35.111231" lon="129.000379"/><trkpt lat="35.111247" lon="129.000334"/><trkpt lat="35.111344" lon="128.999943"/><trkpt lat="35.111368" lon="128.99985"/><trkpt lat="35.111384" lon="128.999805"/><trkpt lat="35.111405" lon="128.999765"/><trkpt lat="35.111446" lon="128.999701"/><trkpt lat="35.111541" lon="128.999564"/><trkpt lat="35.111788" lon="128.999239"/><trkpt lat="35.111844" lon="128.999168"/><trkpt lat="35.111874" lon="128.999136"/><trkpt lat="35.111907" lon="128.99911"/><trkpt lat="35.111964" lon="128.999073"/><trkpt lat="35.112116" lon="128.998981"/><trkpt lat="35.112152" lon="128.998963"/><trkpt lat="35.11219" lon="128.998951"/><trkpt lat="35.112279" lon="128.998932"/><trkpt lat="35.112314" lon="128.99892"/><trkpt lat="35.112342" lon="128.998897"/><trkpt lat="35.112359" lon="128.998859"/><trkpt lat="35.112371" lon="128.998815"/><trkpt lat="35.112377" lon="128.998769"/><trkpt lat="35.112378" lon="128.998697"/><trkpt lat="35.112389" lon="128.998671"/><trkpt lat="35.112421" lon="128.998662"/><trkpt lat="35.112446" lon="128.998652"/><trkpt lat="35.112464" lon="128.998615"/><trkpt lat="35.11248" lon="128.998577"/><trkpt lat="35.112492" lon="128.998564"/></trkseg>
<trkseg><trkpt lat="35.141814" lon="129.008958"/><trkpt lat="35.141889" lon="129.00893"/><trkpt lat="35.141935" lon="129.008916"/><trkpt lat="35.141972" lon="129.008913"/><trkpt lat="35.142008" lon="129.008922"/><trkpt lat="35.142066" lon="129.008945"/><trkpt lat="35.142098" lon="129.008949"/><trkpt lat="35.142123" lon="129.008931"/><trkpt lat="35.142143" lon="129.008894"/><trkpt lat="35.142178" lon="129.008805"/><trkpt lat="35.142201" lon="129.008748"/><trkpt lat="35.142222" lon="129.008717"/><trkpt lat="35.142249" lon="129.008712"/><trkpt lat="35.142293" lon="129.008732"/><trkpt lat="35.142328" lon="129.008745"/><trkpt lat="35.142366" lon="129.008744"/><trkpt lat="35.142404" lon="129.008736"/><trkpt lat="35.142533" lon="129.008697"/><trkpt lat="35.142583" lon="129.008683"/><trkpt lat="35.142618" lon="129.008679"/><trkpt lat="35.142643" lon="129.008691"/><trkpt lat="35.142665" lon="129.008729"/><trkpt lat="35.142687" lon="129.008763"/><trkpt lat="35.142726" lon="129.008805"/><trkpt lat="35.1428" lon="129.008876"/><trkpt lat="35.142839" lon="129.008908"/><trkpt lat="35.142861" lon="129.008914"/><trkpt lat="35.142868" lon="129.008889"/><trkpt lat="35.142868" lon="129.008847"/><trkpt lat="35.14286" lon="129.008701"/><trkpt lat="35.142859" lon="129.008653"/><trkpt lat="35.142864" lon="129.008607"/><trkpt lat="35.14288" lon="129.008564"/><trkpt lat="35.142908" lon="129.008509"/><trkpt lat="35.143088" lon="129.008199"/><trkpt lat="35.143125" lon="129.008131"/><trkpt lat="35.143141" lon="129.008089"/><trkpt lat="35.143144" lon="129.008046"/><trkpt lat="35.143136" lon="129.008001"/><trkpt lat="35.143116" lon="129.007926"/><trkpt lat="35.143039" lon="129.007652"/><trkpt lat="35.143031" lon="129.007607"/><trkpt lat="35.143034" lon="129.007566"/><trkpt lat="35.143049" lon="129.007529"/><trkpt lat="35.143071" lon="129.007495"/><trkpt lat="35.1431" lon="129.007466"/><trkpt lat="35.143144" lon="129.007433"/><trkpt lat="35.143236" lon="129.007372"/><trkpt lat="35.143282" lon="129.007344"/><trkpt lat="35.143358" lon="129.007309"/><trkpt lat="35.143435" lon="129.007278"/><trkpt lat="35.143473" lon="129.007266"/><trkpt lat="35.143511" lon="129.007262"/><trkpt lat="35.143549" lon="129.007265"/><trkpt lat="35.143586" lon="129.007271"/><trkpt lat="35.143621" lon="129.007283"/><trkpt lat="35.143653" lon="129.007305"/><trkpt lat="35.143681" lon="129.007337"/><trkpt lat="35.143815" lon="129.007515"/><trkpt lat="35.14394" lon="129.007681"/></trkseg>
<trkseg><trkpt lat="35.141736" lon="129.004689"/><trkpt lat="35.141817" lon="129.00472"/><trkpt lat="35.141864" lon="129.004735"/><trkpt lat="35.141903" lon="129.00474"/><trkpt lat="35.141942" lon="129.004736"/><trkpt lat="35.141994" lon="129.004724"/><trkpt lat="35.142531" lon="129.004574"/></trkseg>
<trkseg><trkpt lat="35.141978" lon="129.002043"/><trkpt lat="35.141874" lon="129.002361"/><trkpt lat="35.141849" lon="129.002416"/><trkpt lat="35.141833" lon="129.00246"/><trkpt lat="35.141817" lon="129.002522"/><trkpt lat="35.141724" lon="129.002948"/><trkpt lat="35.141707" lon="129.00301"/><trkpt lat="35.141569" lon="129.003417"/><trkpt lat="35.141487" lon="129.003658"/><trkpt lat="35.141475" lon="129.003704"/><trkpt lat="35.14147" lon="129.003751"/><trkpt lat="35.141464" lon="129.003927"/><trkpt lat="35.141464" lon="129.004022"/><trkpt lat="35.14147" lon="129.004067"/><trkpt lat="35.141486" lon="129.004109"/><trkpt lat="35.141506" lon="129.00415"/><trkpt lat="35.14165" lon="129.004401"/><trkpt lat="35.141678" lon="129.004455"/><trkpt lat="35.141695" lon="129.004497"/><trkpt lat="35.141707" lon="129.004541"/><trkpt lat="35.141736" lon="129.004689"/></trkseg>
<trkseg><trkpt lat="35.141407" lon="129.016286"/><trkpt lat="35.141932" lon="129.016791"/><trkpt lat="35.14197" lon="129.016837"/><trkpt lat="35.141994" lon="129.016873"/><trkpt lat="35.142004" lon="129.016909"/><trkpt lat="35.141999" lon="129.016942"/><trkpt lat="35.141981" lon="129.016971"/><trkpt lat="35.141953" lon="129.016995"/><trkpt lat="35.141921" lon="129.017015"/><trkpt lat="35.141884" lon="129.017031"/><trkpt lat="35.141806" lon="129.017056"/><trkpt lat="35.141575" lon="129.017127"/><trkpt lat="35.141543" lon="129.017143"/><trkpt lat="35.141526" lon="129.01717"/><trkpt lat="35.141527" lon="129.01721"/><trkpt lat="35.141539" lon="129.01727"/><trkpt lat="35.141566" lon="129.017632"/><trkpt lat="35.141609" lon="129.017873"/><trkpt lat="35.141622" lon="129.017918"/><trkpt lat="35.14164" lon="129.01796"/><trkpt lat="35.141678" lon="129.018025"/><trkpt lat="35.141907" lon="129.018247"/><trkpt lat="35.141928" lon="129.018286"/><trkpt lat="35.141941" lon="129.018327"/><trkpt lat="35.141941" lon="129.018371"/><trkpt lat="35.14193" lon="129.018432"/><trkpt lat="35.141902" lon="129.018832"/><trkpt lat="35.141922" lon="129.018873"/><trkpt lat="35.141945" lon="129.01891"/><trkpt lat="35.141975" lon="129.018936"/><trkpt lat="35.14202" lon="129.018964"/><trkpt lat="35.142068" lon="129.018987"/><trkpt lat="35.142104" lon="129.018997"/><trkpt lat="35.142141" lon="129.018994"/><trkpt lat="35.142177" lon="129.018982"/><trkpt lat="35.14221" lon="129.01896"/><trkpt lat="35.142237" lon="129.018928"/><trkpt lat="35.142271" lon="129.01888"/><trkpt lat="35.142345" lon="129.018768"/><trkpt lat="35.142372" lon="129.018734"/><trkpt lat="35.142402" lon="129.018706"/><trkpt lat="35.142446" lon="129.018674"/><trkpt lat="35.142555" lon="129.018595"/><trkpt lat="35.142586" lon="129.018568"/><trkpt lat="35.142613" lon="129.018535"/><trkpt lat="35.142653" lon="129.018472"/><trkpt lat="35.142724" lon="129.018356"/><trkpt lat="35.14275" lon="129.018321"/><trkpt lat="35.142779" lon="129.018295"/><trkpt lat="35.142809" lon="129.01828"/><trkpt lat="35.142828" lon="129.018288"/><trkpt lat="35.142831" lon="129.018333"/><trkpt lat="35.142825" lon="129.018394"/><trkpt lat="35.14282" lon="129.018437"/></trkseg>
<trkseg><trkpt lat="35.142308" lon="129.014569"/><trkpt lat="35.142339" lon="129.014643"/><trkpt lat="35.142358" lon="129.014701"/><trkpt lat="35.142366" lon="129.014749"/><trkpt lat="35.142381" lon="129.014893"/><trkpt lat="35.142389" lon="129.014988"/><trkpt lat="35.142389" lon="129.015036"/><trkpt lat="35.142383" lon="129.015081"/><trkpt lat="35.142366" lon="129.015141"/><trkpt lat="35.142323" lon="129.015275"/><trkpt lat="35.142311" lon="129.015321"/><trkpt lat="35.142304" lon="129.015367"/><trkpt lat="35.142303" lon="129.015414"/><trkpt lat="35.142307" lon="129.015461"/><trkpt lat="35.142315" lon="129.015504"/><trkpt lat="35.142334" lon="129.015536"/><trkpt lat="35.142365" lon="129.015555"/><trkpt lat="35.142402" lon="129.015568"/><trkpt lat="35.142466" lon="129.015586"/><trkpt lat="35.142504" lon="129.015594"/><trkpt lat="35.142542" lon="129.015593"/><trkpt lat="35.14258" lon="129.015584"/><trkpt lat="35.142643" lon="129.015566"/><trkpt lat="35.14268" lon="129.015562"/><trkpt lat="35.142717" lon="129.015573"/><trkpt lat="35.142753" lon="129.015592"/><trkpt lat="35.1429" lon="129.015682"/><trkpt lat="35.142934" lon="129.015705"/><trkpt lat="35.142956" lon="129.015729"/><trkpt lat="35.142953" lon="129.015756"/><trkpt lat="35.14293" lon="129.015785"/><trkpt lat="35.142888" lon="129.015825"/><trkpt lat="35.142627" lon="129.016066"/><trkpt lat="35.142599" lon="129.016099"/><trkpt lat="35.142581" lon="129.016136"/><trkpt lat="35.142575" lon="129.016175"/><trkpt lat="35.142583" lon="129.016218"/><trkpt lat="35.1426" lon="129.016261"/><trkpt lat="35.142697" lon="129.016477"/><trkpt lat="35.142732" lon="129.016547"/><trkpt lat="35.142755" lon="129.016585"/><trkpt lat="35.142781" lon="129.016618"/><trkpt lat="35.142813" lon="129.016641"/><trkpt lat="35.142849" lon="129.016652"/><trkpt lat="35.143022" lon="129.016671"/><trkpt lat="35.143075" lon="129.016675"/><trkpt lat="35.143112" lon="129.016673"/><trkpt lat="35.143145" lon="129.016658"/><trkpt lat="35.143171" lon="129.016627"/><trkpt lat="35.143194" lon="129.016589"/><trkpt lat="35.143284" lon="129.016427"/><trkpt lat="35.143308" lon="129.016389"/><trkpt lat="35.143345" lon="129.016354"/><trkpt lat="35.143389" lon="129.016328"/><trkpt lat="35.14342" lon="129.016314"/></trkseg>
<trkseg><trkpt lat="35.141948" lon="129.010727"/><trkpt lat="35.141953" lon="129.010744"/><trkpt lat="35.141974" lon="129.010778"/><trkpt lat="35.142012" lon="129.010805"/><trkpt lat="35.142047" lon="129.010808"/><trkpt lat="35.142072" lon="129.010785"/><trkpt lat="35.14209" lon="129.010745"/><trkpt lat="35.142117" lon="129.010673"/><trkpt lat="35.142135" lon="129.010637"/><trkpt lat="35.142157" lon="129.01062"/><trkpt lat="35.142196" lon="129.010622"/><trkpt lat="35.142232" lon="129.010615"/><trkpt lat="35.142308" lon="129.010592"/><trkpt lat="35.142347" lon="129.010584"/><trkpt lat="35.142412" lon="129.010578"/><trkpt lat="35.142624" lon="129.010573"/><trkpt lat="35.142664" lon="129.010575"/><trkpt lat="35.142715" lon="129.010584"/><trkpt lat="35.142791" lon="129.010604"/><trkpt lat="35.142826" lon="129.010618"/><trkpt lat="35.142854" lon="129.01064"/><trkpt lat="35.142867" lon="129.010676"/><trkpt lat="35.142873" lon="129.010721"/><trkpt lat="35.142877" lon="129.010785"/><trkpt lat="35.142877" lon="129.010849"/><trkpt lat="35.142873" lon="129.010895"/><trkpt lat="35.142861" lon="129.010938"/><trkpt lat="35.14282" lon="129.011034"/><trkpt lat="35.142805" lon="129.011075"/><trkpt lat="35.142796" lon="129.011116"/><trkpt lat="35.142801" lon="129.01116"/><trkpt lat="35.142818" lon="129.011234"/><trkpt lat="35.142824" lon="129.011277"/><trkpt lat="35.142815" lon="129.011314"/><trkpt lat="35.142795" lon="129.011359"/><trkpt lat="35.142792" lon="129.01139"/><trkpt lat="35.14281" lon="129.011416"/><trkpt lat="35.142841" lon="129.011435"/><trkpt lat="35.14288" lon="129.011447"/><trkpt lat="35.142974" lon="129.011466"/><trkpt lat="35.143014" lon="129.011469"/><trkpt lat="35.143053" lon="129.011465"/><trkpt lat="35.14309" lon="129.011454"/><trkpt lat="35.143214" lon="129.011411"/><trkpt lat="35.143252" lon="129.011401"/><trkpt lat="35.14329" lon="129.011398"/><trkpt lat="35.143328" lon="129.011404"/><trkpt lat="35.14338" lon="129.011418"/><trkpt lat="35.143521" lon="129.011458"/><trkpt lat="35.143554" lon="129.011461"/><trkpt lat="35.143577" lon="129.011448"/><trkpt lat="35.143591" lon="129.011407"/><trkpt lat="35.143604" lon="129.011375"/><trkpt lat="35.14363" lon="129.01135"/><trkpt lat="35.143663" lon="129.011331"/><trkpt lat="35.143733" lon="129.011298"/><trkpt lat="35.143763" lon="129.011276"/><trkpt lat="35.143782" lon="129.011243"/><trkpt lat="35.143791" lon="129.011199"/><trkpt lat="35.143798" lon="129.011136"/><trkpt lat="35.143813" lon="129.010941"/></trkseg>
<trkseg><trkpt lat="35.12092" lon="129.02234"/><trkpt lat="35.121027" lon="129.022432"/><trkpt lat="35.12106" lon="129.022456"/><trkpt lat="35.121095" lon="129.022473"/><trkpt lat="35.121146" lon="129.022484"/><trkpt lat="35.121222" lon="129.022498"/><trkpt lat="35.121255" lon="129.022512"/><trkpt lat="35.121276" lon="129.022542"/><trkpt lat="35.121296" lon="129.022614"/><trkpt lat="35.12131" lon="129.022658"/><trkpt lat="35.121336" lon="129.022715"/><trkpt lat="35.121344" lon="129.022755"/><trkpt lat="35.121343" lon="129.022801"/><trkpt lat="35.121341" lon="129.022877"/><trkpt lat="35.121347" lon="129.022921"/><trkpt lat="35.121366" lon="129.022977"/><trkpt lat="35.121377" lon="129.023022"/><trkpt lat="35.121385" lon="129.023069"/><trkpt lat="35.121389" lon="129.023115"/><trkpt lat="35.121386" lon="129.023159"/><trkpt lat="35.12138" lon="129.023214"/><trkpt lat="35.121387" lon="129.023285"/><trkpt lat="35.121387" lon="129.023328"/><trkpt lat="35.121379" lon="129.023372"/><trkpt lat="35.121358" lon="129.023461"/><trkpt lat="35.12135" lon="129.023505"/><trkpt lat="35.121351" lon="129.023548"/><trkpt lat="35.121363" lon="129.023616"/><trkpt lat="35.121358" lon="129.02365"/><trkpt lat="35.121333" lon="129.023689"/><trkpt lat="35.121318" lon="129.023722"/><trkpt lat="35.121315" lon="129.023763"/><trkpt lat="35.121324" lon="129.023804"/><trkpt lat="35.121344" lon="129.023842"/><trkpt lat="35.121372" lon="129.023876"/><trkpt lat="35.121509" lon="129.024032"/><trkpt lat="35.121559" lon="129.024086"/><trkpt lat="35.121592" lon="129.024113"/><trkpt lat="35.121626" lon="129.024133"/><trkpt lat="35.121663" lon="129.024147"/><trkpt lat="35.121699" lon="129.024152"/><trkpt lat="35.121748" lon="129.024147"/><trkpt lat="35.121785" lon="129.024145"/><trkpt lat="35.12182" lon="129.024154"/><trkpt lat="35.121852" lon="129.024171"/><trkpt lat="35.121877" lon="129.024191"/><trkpt lat="35.121885" lon="129.024215"/><trkpt lat="35.121871" lon="129.024245"/><trkpt lat="35.121836" lon="129.024301"/><trkpt lat="35.121824" lon="129.024342"/><trkpt lat="35.121814" lon="129.024419"/><trkpt lat="35.121803" lon="129.024462"/><trkpt lat="35.121776" lon="129.024545"/><trkpt lat="35.121767" lon="129.024587"/><trkpt lat="35.121767" lon="129.024632"/><trkpt lat="35.121774" lon="129.024693"/><trkpt lat="35.121784" lon="129.024753"/><trkpt lat="35.121796" lon="129.024795"/><trkpt lat="35.121815" lon="129.024834"/><trkpt lat="35.121854" lon="129.024893"/><trkpt lat="35.121869" lon="129.02493"/><trkpt lat="35.121867" lon="129.024971"/><trkpt lat="35.121855" lon="129.025015"/><trkpt lat="35.121824" lon="129.025103"/><trkpt lat="35.121815" lon="129.025153"/><trkpt lat="35.121824" lon="129.025201"/><trkpt lat="35.121843" lon="129.025229"/><trkpt lat="35.121849" lon="129.025235"/></trkseg>
<trkseg><trkpt lat="35.120716" lon="129.025656"/><trkpt lat="35.120709" lon="129.025672"/><trkpt lat="35.120684" lon="129.025697"/><trkpt lat="35.120647" lon="129.025714"/><trkpt lat="35.120605" lon="129.025721"/><trkpt lat="35.120323" lon="129.025725"/><trkpt lat="35.11926" lon="129.025738"/><trkpt lat="35.119206" lon="129.025743"/><trkpt lat="35.119169" lon="129.025752"/><trkpt lat="35.119107" lon="129.025774"/><trkpt lat="35.119072" lon="129.025791"/><trkpt lat="35.119042" lon="129.025816"/><trkpt lat="35.119017" lon="129.025849"/><trkpt lat="35.118957" lon="129.025951"/><trkpt lat="35.118926" lon="129.026"/><trkpt lat="35.118899" lon="129.026032"/><trkpt lat="35.118868" lon="129.026058"/><trkpt lat="35.118812" lon="129.026096"/><trkpt lat="35.118766" lon="129.026124"/><trkpt lat="35.11873" lon="129.026141"/><trkpt lat="35.118653" lon="129.026164"/><trkpt lat="35.118395" lon="129.02623"/><trkpt lat="35.118356" lon="129.026238"/><trkpt lat="35.118318" lon="129.02624"/><trkpt lat="35.118279" lon="129.026231"/><trkpt lat="35.118228" lon="129.026211"/><trkpt lat="35.118114" lon="129.026162"/><trkpt lat="35.118075" lon="129.026152"/><trkpt lat="35.118036" lon="129.026151"/><trkpt lat="35.117983" lon="129.026157"/><trkpt lat="35.117251" lon="129.026261"/><trkpt lat="35.117197" lon="129.026266"/><trkpt lat="35.117158" lon="129.026266"/><trkpt lat="35.117121" lon="129.026261"/><trkpt lat="35.117084" lon="129.02625"/><trkpt lat="35.117049" lon="129.026231"/><trkpt lat="35.116971" lon="129.026171"/><trkpt lat="35.116937" lon="129.026147"/><trkpt lat="35.116904" lon="129.026135"/><trkpt lat="35.11687" lon="129.026143"/><trkpt lat="35.116837" lon="129.026163"/><trkpt lat="35.116807" lon="129.02619"/><trkpt lat="35.116772" lon="129.026236"/><trkpt lat="35.116706" lon="129.026334"/><trkpt lat="35.116676" lon="129.026385"/><trkpt lat="35.116657" lon="129.026426"/><trkpt lat="35.116551" lon="129.02674"/><trkpt lat="35.116456" lon="129.027024"/><trkpt lat="35.116444" lon="129.027069"/><trkpt lat="35.116439" lon="129.027117"/><trkpt lat="35.11644" lon="129.027214"/><trkpt lat="35.11646" lon="129.0278"/><trkpt lat="35.116462" lon="129.027898"/><trkpt lat="35.11646" lon="129.027946"/><trkpt lat="35.116452" lon="129.028006"/><trkpt lat="35.11644" lon="129.028065"/><trkpt lat="35.116428" lon="129.028109"/><trkpt lat="35.116404" lon="129.028166"/><trkpt lat="35.11632" lon="129.02835"/><trkpt lat="35.116302" lon="129.028393"/><trkpt lat="35.116289" lon="129.028438"/><trkpt lat="35.116281" lon="129.028485"/><trkpt lat="35.116265" lon="129.028629"/><trkpt lat="35.116237" lon="129.028885"/><trkpt lat="35.116228" lon="129.02893"/><trkpt lat="35.116211" lon="129.02897"/><trkpt lat="35.116185" lon="129.029001"/><trkpt lat="35.116124" lon="129.029058"/><trkpt lat="35.116095" lon="129.029089"/><trkpt lat="35.116069" lon="129.029124"/><trkpt lat="35.116032" lon="129.029192"/><trkpt lat="35.115899" lon="129.029456"/><trkpt lat="35.115882" lon="129.029499"/><trkpt lat="35.115874" lon="129.029544"/><trkpt lat="35.115872" lon="129.029592"/><trkpt lat="35.115875" lon="129.0298"/><trkpt lat="35.115876" lon="129.029896"/><trkpt lat="35.115872" lon="129.029943"/><trkpt lat="35.115864" lon="129.029988"/><trkpt lat="35.115849" lon="129.030048"/><trkpt lat="35.115808" lon="129.030197"/><trkpt lat="35.115799" lon="129.030243"/><trkpt lat="35.115794" lon="129.030289"/><trkpt lat="35.11579" lon="129.030368"/><trkpt lat="35.11579" lon="129.030447"/><trkpt lat="35.115794" lon="129.030493"/><trkpt lat="35.115803" lon="129.030539"/><trkpt lat="35.115843" lon="129.030691"/><trkpt lat="35.115861" lon="129.030767"/><trkpt lat="35.115867" lon="129.030813"/><trkpt lat="35.115864" lon="129.030856"/><trkpt lat="35.115851" lon="129.030894"/><trkpt lat="35.115827" lon="129.030928"/><trkpt lat="35.11578" lon="129.030976"/><trkpt lat="35.115718" lon="129.031034"/><trkpt lat="35.115716" lon="129.031036"/></trkseg>
<trkseg><trkpt lat="35.118141" lon="129.020839"/><trkpt lat="35.118093" lon="129.020853"/><trkpt lat="35.118042" lon="129.020859"/><trkpt lat="35.117999" lon="129.020854"/><trkpt lat="35.117806" lon="129.020809"/><trkpt lat="35.117755" lon="129.020799"/><trkpt lat="35.117717" lon="129.020797"/><trkpt lat="35.117681" lon="129.020807"/><trkpt lat="35.117646" lon="129.020826"/><trkpt lat="35.117498" lon="129.020927"/><trkpt lat="35.117443" lon="129.020968"/><trkpt lat="35.117413" lon="129.020998"/><trkpt lat="35.117387" lon="129.021034"/><trkpt lat="35.117305" lon="129.021164"/><trkpt lat="35.117216" lon="129.021307"/><trkpt lat="35.117196" lon="129.021348"/><trkpt lat="35.117183" lon="129.021392"/><trkpt lat="35.117178" lon="129.021439"/><trkpt lat="35.117177" lon="129.021487"/><trkpt lat="35.117183" lon="129.021534"/><trkpt lat="35.117197" lon="129.021579"/><trkpt lat="35.117215" lon="129.021623"/><trkpt lat="35.117235" lon="129.021663"/><trkpt lat="35.11726" lon="129.021695"/><trkpt lat="35.117294" lon="129.021711"/><trkpt lat="35.117357" lon="129.021726"/><trkpt lat="35.117394" lon="129.02174"/><trkpt lat="35.117429" lon="129.021762"/><trkpt lat="35.117462" lon="129.021789"/><trkpt lat="35.117494" lon="129.021818"/><trkpt lat="35.117522" lon="129.021852"/><trkpt lat="35.117591" lon="129.021954"/><trkpt lat="35.117626" lon="129.022003"/><trkpt lat="35.117654" lon="129.022037"/><trkpt lat="35.117693" lon="129.022075"/><trkpt lat="35.117764" lon="129.02214"/><trkpt lat="35.11779" lon="129.022173"/><trkpt lat="35.117812" lon="129.022212"/><trkpt lat="35.117917" lon="129.022437"/><trkpt lat="35.118022" lon="129.022662"/><trkpt lat="35.118045" lon="129.02272"/><trkpt lat="35.118114" lon="129.022929"/><trkpt lat="35.118183" lon="129.023139"/><trkpt lat="35.118194" lon="129.023185"/><trkpt lat="35.1182" lon="129.023233"/><trkpt lat="35.118224" lon="129.023722"/><trkpt lat="35.118235" lon="129.023967"/><trkpt lat="35.11824" lon="129.024014"/><trkpt lat="35.118251" lon="129.024057"/><trkpt lat="35.118275" lon="129.02409"/><trkpt lat="35.118315" lon="129.024128"/><trkpt lat="35.118404" lon="129.024197"/><trkpt lat="35.118439" lon="129.024219"/><trkpt lat="35.118475" lon="129.024233"/><trkpt lat="35.118563" lon="129.024263"/><trkpt lat="35.118619" lon="129.024335"/><trkpt lat="35.118625" lon="129.024394"/><trkpt lat="35.118637" lon="129.024435"/><trkpt lat="35.118658" lon="129.024474"/><trkpt lat="35.118693" lon="129.024524"/><trkpt lat="35.11872" lon="129.024559"/><trkpt lat="35.118751" lon="129.02459"/><trkpt lat="35.118785" lon="129.024615"/><trkpt lat="35.118856" lon="129.02466"/><trkpt lat="35.118893" lon="129.024678"/><trkpt lat="35.118931" lon="129.02469"/><trkpt lat="35.118984" lon="129.024698"/><trkpt lat="35.11917" lon="129.024715"/><trkpt lat="35.119236" lon="129.024725"/><trkpt lat="35.119274" lon="129.024737"/><trkpt lat="35.119322" lon="129.024762"/><trkpt lat="35.119556" lon="129.024909"/><trkpt lat="35.119602" lon="129.024939"/><trkpt lat="35.119633" lon="129.024966"/><trkpt lat="35.119659" lon="129.025001"/><trkpt lat="35.119696" lon="129.025067"/><trkpt lat="35.119731" lon="129.025135"/></trkseg>
<trkseg><trkpt lat="35.119731" lon="129.025135"/><trkpt lat="35.119555" lon="129.025079"/><trkpt lat="35.119517" lon="129.02507"/><trkpt lat="35.119479" lon="129.025067"/><trkpt lat="35.119426" lon="129.025069"/><trkpt lat="35.119347" lon="129.025076"/><trkpt lat="35.119308" lon="129.025084"/><trkpt lat="35.119256" lon="129.0251"/><trkpt lat="35.118689" lon="129.025301"/><trkpt lat="35.118611" lon="129.025324"/><trkpt lat="35.118531" lon="129.025336"/><trkpt lat="35.117996" lon="129.025389"/><trkpt lat="35.117957" lon="129.025397"/><trkpt lat="35.117907" lon="129.025412"/><trkpt lat="35.117758" lon="129.025466"/><trkpt lat="35.117722" lon="129.025482"/><trkpt lat="35.117687" lon="129.025505"/><trkpt lat="35.11761" lon="129.02557"/><trkpt lat="35.117566" lon="129.025606"/><trkpt lat="35.117531" lon="129.025629"/><trkpt lat="35.117458" lon="129.025666"/><trkpt lat="35.117311" lon="129.025737"/><trkpt lat="35.117276" lon="129.025759"/><trkpt lat="35.117243" lon="129.025786"/><trkpt lat="35.116994" lon="129.026008"/><trkpt lat="35.11695" lon="129.026044"/><trkpt lat="35.116916" lon="129.026067"/><trkpt lat="35.11688" lon="129.026079"/><trkpt lat="35.116841" lon="129.026083"/><trkpt lat="35.116578" lon="129.026078"/><trkpt lat="35.116525" lon="129.026072"/><trkpt lat="35.116434" lon="129.02605"/><trkpt lat="35.116251" lon="129.026003"/><trkpt lat="35.116212" lon="129.025997"/><trkpt lat="35.116172" lon="129.025997"/><trkpt lat="35.115891" lon="129.026028"/><trkpt lat="35.115636" lon="129.026057"/><trkpt lat="35.115583" lon="129.026065"/><trkpt lat="35.115545" lon="129.026076"/><trkpt lat="35.115508" lon="129.026093"/><trkpt lat="35.115205" lon="129.026257"/><trkpt lat="35.115158" lon="129.026285"/><trkpt lat="35.115127" lon="129.026311"/><trkpt lat="35.115102" lon="129.026347"/><trkpt lat="35.115068" lon="129.026415"/><trkpt lat="35.114945" lon="129.026683"/><trkpt lat="35.114924" lon="129.026723"/><trkpt lat="35.114898" lon="129.026759"/><trkpt lat="35.114868" lon="129.02679"/><trkpt lat="35.114657" lon="129.026965"/><trkpt lat="35.114246" lon="129.027308"/></trkseg>
<trkseg><trkpt lat="35.140467" lon="128.995455"/><trkpt lat="35.140342" lon="128.995801"/><trkpt lat="35.140327" lon="128.995845"/><trkpt lat="35.140315" lon="128.995891"/><trkpt lat="35.140267" lon="128.996145"/><trkpt lat="35.140152" lon="128.996689"/><trkpt lat="35.140141" lon="128.996735"/><trkpt lat="35.140123" lon="128.996776"/><trkpt lat="35.140098" lon="128.996812"/><trkpt lat="35.140059" lon="128.996858"/><trkpt lat="35.139769" lon="128.99711"/><trkpt lat="35.139722" lon="128.997167"/><trkpt lat="35.139698" lon="128.997205"/><trkpt lat="35.139662" lon="128.997273"/><trkpt lat="35.139637" lon="128.997329"/><trkpt lat="35.139621" lon="128.997373"/><trkpt lat="35.139609" lon="128.997419"/><trkpt lat="35.139552" lon="128.9977"/><trkpt lat="35.139538" lon="128.997762"/><trkpt lat="35.139524" lon="128.997806"/><trkpt lat="35.139504" lon="128.997845"/><trkpt lat="35.139478" lon="128.997881"/><trkpt lat="35.13943" lon="128.997936"/><trkpt lat="35.1394" lon="128.997966"/><trkpt lat="35.139366" lon="128.997991"/><trkpt lat="35.139294" lon="128.998035"/><trkpt lat="35.139006" lon="128.998205"/><trkpt lat="35.138973" lon="128.998231"/><trkpt lat="35.138942" lon="128.998263"/><trkpt lat="35.138885" lon="128.998331"/><trkpt lat="35.138855" lon="128.998361"/><trkpt lat="35.138823" lon="128.99838"/><trkpt lat="35.13877" lon="128.998404"/><trkpt lat="35.138744" lon="128.998431"/><trkpt lat="35.138722" lon="128.998469"/><trkpt lat="35.138697" lon="128.998524"/><trkpt lat="35.138661" lon="128.998611"/><trkpt lat="35.138648" lon="128.998655"/><trkpt lat="35.13864" lon="128.998701"/><trkpt lat="35.138635" lon="128.998763"/><trkpt lat="35.138631" lon="128.998856"/><trkpt lat="35.138632" lon="128.998903"/><trkpt lat="35.138639" lon="128.998967"/><trkpt lat="35.138674" lon="128.999174"/><trkpt lat="35.138688" lon="128.999237"/><trkpt lat="35.138702" lon="128.999282"/><trkpt lat="35.138733" lon="128.999355"/><trkpt lat="35.13931" lon="129.000647"/><trkpt lat="35.139347" lon="129.000734"/><trkpt lat="35.139361" lon="129.000779"/><trkpt lat="35.139389" lon="129.000904"/><trkpt lat="35.139403" lon="129.000966"/><trkpt lat="35.139419" lon="129.00101"/><trkpt lat="35.139447" lon="129.001064"/><trkpt lat="35.139491" lon="129.001143"/><trkpt lat="35.139508" lon="129.001185"/><trkpt lat="35.139516" lon="129.00123"/><trkpt lat="35.139524" lon="129.001356"/><trkpt lat="35.139529" lon="129.001419"/><trkpt lat="35.139537" lon="129.001465"/><trkpt lat="35.139558" lon="129.001541"/><trkpt lat="35.139653" lon="129.001854"/><trkpt lat="35.13968" lon="129.001928"/><trkpt lat="35.139886" lon="129.002409"/><trkpt lat="35.139921" lon="129.002497"/><trkpt lat="35.139933" lon="129.002543"/><trkpt lat="35.13994" lon="129.002589"/><trkpt lat="35.13996" lon="129.002796"/><trkpt lat="35.139979" lon="129.003002"/><trkpt lat="35.13998" lon="129.00305"/><trkpt lat="35.139976" lon="129.003097"/><trkpt lat="35.139965" lon="129.003161"/><trkpt lat="35.139909" lon="129.003414"/><trkpt lat="35.139899" lon="129.003477"/><trkpt lat="35.139898" lon="129.003523"/><trkpt lat="35.139908" lon="129.003574"/><trkpt lat="35.13993" lon="129.003648"/><trkpt lat="35.139941" lon="129.003684"/></trkseg>
<trkseg><trkpt lat="35.114" lon="128.987302"/><trkpt lat="35.114106" lon="128.987348"/><trkpt lat="35.114143" lon="128.987368"/><trkpt lat="35.114176" lon="128.987392"/><trkpt lat="35.114218" lon="128.98743"/><trkpt lat="35.114465" lon="128.987673"/><trkpt lat="35.114496" lon="128.987701"/><trkpt lat="35.11453" lon="128.987724"/><trkpt lat="35.114566" lon="128.987738"/><trkpt lat="35.114628" lon="128.987757"/><trkpt lat="35.11466" lon="128.987775"/><trkpt lat="35.11469" lon="128.9878"/><trkpt lat="35.114716" lon="128.98783"/><trkpt lat="35.114743" lon="128.987866"/><trkpt lat="35.114888" lon="128.988098"/><trkpt lat="35.114927" lon="128.988163"/><trkpt lat="35.114945" lon="128.988205"/><trkpt lat="35.114957" lon="128.988249"/><trkpt lat="35.114972" lon="128.98836"/><trkpt lat="35.115016" lon="128.988743"/><trkpt lat="35.115026" lon="128.988805"/><trkpt lat="35.115039" lon="128.988847"/><trkpt lat="35.115063" lon="128.988882"/><trkpt lat="35.115092" lon="128.988913"/><trkpt lat="35.115247" lon="128.98906"/><trkpt lat="35.1153" lon="128.989107"/><trkpt lat="35.115333" lon="128.989128"/><trkpt lat="35.115367" lon="128.989134"/><trkpt lat="35.115403" lon="128.989127"/><trkpt lat="35.115437" lon="128.989113"/><trkpt lat="35.115465" lon="128.989093"/><trkpt lat="35.115478" lon="128.989061"/><trkpt lat="35.115481" lon="128.989"/><trkpt lat="35.115487" lon="128.988978"/><trkpt lat="35.115507" lon="128.988983"/><trkpt lat="35.115549" lon="128.989005"/><trkpt lat="35.115586" lon="128.989015"/><trkpt lat="35.115665" lon="128.989028"/><trkpt lat="35.115875" lon="128.989055"/><trkpt lat="35.115927" lon="128.989065"/><trkpt lat="35.115964" lon="128.989079"/><trkpt lat="35.115998" lon="128.989099"/><trkpt lat="35.116122" lon="128.989187"/><trkpt lat="35.116156" lon="128.989207"/><trkpt lat="35.11619" lon="128.989218"/><trkpt lat="35.116223" lon="128.989213"/><trkpt lat="35.116271" lon="128.989204"/><trkpt lat="35.11631" lon="128.989205"/><trkpt lat="35.11639" lon="128.989215"/><trkpt lat="35.116671" lon="128.989261"/><trkpt lat="35.116763" lon="128.989283"/><trkpt lat="35.117348" lon="128.989443"/><trkpt lat="35.117401" lon="128.989453"/><trkpt lat="35.11744" lon="128.989453"/><trkpt lat="35.117505" lon="128.989443"/><trkpt lat="35.117689" lon="128.989406"/><trkpt lat="35.117729" lon="128.989402"/><trkpt lat="35.117782" lon="128.989404"/><trkpt lat="35.117875" lon="128.989415"/><trkpt lat="35.117928" lon="128.989427"/><trkpt lat="35.117963" lon="128.989443"/><trkpt lat="35.117995" lon="128.989464"/><trkpt lat="35.118025" lon="128.98949"/><trkpt lat="35.118049" lon="128.989522"/><trkpt lat="35.118072" lon="128.989572"/><trkpt lat="35.118091" lon="128.989607"/><trkpt lat="35.11812" lon="128.98964"/><trkpt lat="35.118163" lon="128.989676"/><trkpt lat="35.118312" lon="128.989789"/><trkpt lat="35.118356" lon="128.989827"/><trkpt lat="35.118417" lon="128.98989"/><trkpt lat="35.118939" lon="128.990454"/><trkpt lat="35.118987" lon="128.99051"/><trkpt lat="35.11905" lon="128.99059"/><trkpt lat="35.119074" lon="128.990627"/><trkpt lat="35.119093" lon="128.990669"/><trkpt lat="35.119112" lon="128.990729"/><trkpt lat="35.119162" lon="128.990916"/><trkpt lat="35.119176" lon="128.99096"/><trkpt lat="35.119199" lon="128.990999"/><trkpt lat="35.119239" lon="128.991023"/><trkpt lat="35.119279" lon="128.991035"/><trkpt lat="35.119298" lon="128.99104"/></trkseg>
<trkseg><trkpt lat="35.107133" lon="128.988508"/><trkpt lat="35.106844" lon="128.988276"/><trkpt lat="35.106809" lon="128.988253"/><trkpt lat="35.106772" lon="128.988232"/><trkpt lat="35.106545" lon="128.988128"/><trkpt lat="35.106014" lon="128.987887"/><trkpt lat="35.105965" lon="128.98786"/><trkpt lat="35.105931" lon="128.987834"/><trkpt lat="35.10588" lon="128.987782"/><trkpt lat="35.105679" lon="128.987561"/><trkpt lat="35.105638" lon="128.987521"/><trkpt lat="35.105605" lon="128.987498"/><trkpt lat="35.105568" lon="128.987489"/><trkpt lat="35.105502" lon="128.987485"/><trkpt lat="35.105463" lon="128.987478"/><trkpt lat="35.105404" lon="128.98745"/><trkpt lat="35.105369" lon="128.987437"/><trkpt lat="35.105332" lon="128.987439"/><trkpt lat="35.105293" lon="128.98745"/><trkpt lat="35.105204" lon="128.987484"/><trkpt lat="35.105167" lon="128.987502"/><trkpt lat="35.105122" lon="128.987533"/><trkpt lat="35.104991" lon="128.987637"/><trkpt lat="35.104958" lon="128.98766"/><trkpt lat="35.104922" lon="128.987676"/><trkpt lat="35.104884" lon="128.987684"/><trkpt lat="35.10482" lon="128.987689"/><trkpt lat="35.104768" lon="128.987689"/><trkpt lat="35.10473" lon="128.987684"/><trkpt lat="35.104671" lon="128.987666"/><trkpt lat="35.104636" lon="128.987664"/><trkpt lat="35.104603" lon="128.987675"/><trkpt lat="35.104546" lon="128.987698"/><trkpt lat="35.104509" lon="128.987705"/><trkpt lat="35.104471" lon="128.987705"/><trkpt lat="35.104367" lon="128.987696"/><trkpt lat="35.10433" lon="128.987689"/><trkpt lat="35.104295" lon="128.987675"/><trkpt lat="35.104266" lon="128.98765"/><trkpt lat="35.104231" lon="128.987605"/><trkpt lat="35.104154" lon="128.9875"/><trkpt lat="35.104126" lon="128.987468"/><trkpt lat="35.104084" lon="128.987429"/><trkpt lat="35.103953" lon="128.987318"/><trkpt lat="35.103908" lon="128.987284"/><trkpt lat="35.103872" lon="128.987264"/><trkpt lat="35.103835" lon="128.98725"/><trkpt lat="35.103472" lon="128.987156"/><trkpt lat="35.103421" lon="128.987141"/><trkpt lat="35.103384" lon="128.987126"/><trkpt lat="35.103353" lon="128.987103"/><trkpt lat="35.103315" lon="128.987063"/><trkpt lat="35.103253" lon="128.986986"/><trkpt lat="35.103221" lon="128.986938"/><trkpt lat="35.103184" lon="128.98687"/><trkpt lat="35.103042" lon="128.986593"/></trkseg>
<trkseg><trkpt lat="35.107133" lon="128.988508"/><trkpt lat="35.107136" lon="128.988491"/><trkpt lat="35.107157" lon="128.988458"/><trkpt lat="35.107195" lon="128.988427"/><trkpt lat="35.107233" lon="128.988407"/><trkpt lat="35.107269" lon="128.988394"/><trkpt lat="35.107307" lon="128.988388"/><trkpt lat="35.107346" lon="128.988391"/><trkpt lat="35.107569" lon="128.988432"/><trkpt lat="35.107753" lon="128.988466"/><trkpt lat="35.107787" lon="128.988466"/><trkpt lat="35.107809" lon="128.988449"/><trkpt lat="35.107816" lon="128.988414"/><trkpt lat="35.107818" lon="128.98837"/><trkpt lat="35.107815" lon="128.988292"/><trkpt lat="35.107812" lon="128.988245"/><trkpt lat="35.107805" lon="128.988197"/><trkpt lat="35.107791" lon="128.988134"/><trkpt lat="35.107671" lon="128.987618"/></trkseg>
<trkseg><trkpt lat="35.136965" lon="129.039449"/><trkpt lat="35.136763" lon="129.039459"/><trkpt lat="35.136724" lon="129.039464"/><trkpt lat="35.136686" lon="129.039476"/><trkpt lat="35.13663" lon="129.039512"/><trkpt lat="35.136597" lon="129.03953"/><trkpt lat="35.13656" lon="129.039533"/><trkpt lat="35.136522" lon="129.039527"/><trkpt lat="35.136487" lon="129.039511"/><trkpt lat="35.136458" lon="129.039484"/><trkpt lat="35.136403" lon="129.039424"/><trkpt lat="35.136373" lon="129.03941"/><trkpt lat="35.136338" lon="129.039415"/><trkpt lat="35.136301" lon="129.039428"/><trkpt lat="35.136014" lon="129.039551"/><trkpt lat="35.135965" lon="129.039568"/><trkpt lat="35.135928" lon="129.039572"/><trkpt lat="35.135893" lon="129.039559"/><trkpt lat="35.135825" lon="129.039514"/><trkpt lat="35.135791" lon="129.039493"/><trkpt lat="35.135755" lon="129.039481"/><trkpt lat="35.135718" lon="129.039479"/><trkpt lat="35.135657" lon="129.039478"/><trkpt lat="35.135624" lon="129.039465"/><trkpt lat="35.135596" lon="129.039437"/><trkpt lat="35.135569" lon="129.039403"/><trkpt lat="35.135372" lon="129.03912"/><trkpt lat="35.135336" lon="129.039074"/><trkpt lat="35.135307" lon="129.039044"/><trkpt lat="35.135274" lon="129.039025"/><trkpt lat="35.135238" lon="129.039011"/><trkpt lat="35.135109" lon="129.038973"/><trkpt lat="35.1351" lon="129.03897"/></trkseg>
<trkseg><trkpt lat="35.127405" lon="129.020551"/><trkpt lat="35.127178" lon="129.020599"/></trkseg>
<trkseg><trkpt lat="35.126289" lon="129.019414"/><trkpt lat="35.126307" lon="129.019442"/><trkpt lat="35.126339" lon="129.019476"/><trkpt lat="35.126381" lon="129.019498"/><trkpt lat="35.126459" lon="129.019509"/><trkpt lat="35.126588" lon="129.019524"/><trkpt lat="35.126626" lon="129.019532"/><trkpt lat="35.126662" lon="129.019547"/><trkpt lat="35.126695" lon="129.019572"/><trkpt lat="35.126757" lon="129.019632"/><trkpt lat="35.126944" lon="129.019815"/><trkpt lat="35.126976" lon="129.019841"/><trkpt lat="35.127011" lon="129.019858"/><trkpt lat="35.12705" lon="129.019863"/><trkpt lat="35.127103" lon="129.019862"/><trkpt lat="35.127265" lon="129.019854"/><trkpt lat="35.127303" lon="129.019856"/><trkpt lat="35.127338" lon="129.01987"/><trkpt lat="35.127368" lon="129.019895"/><trkpt lat="35.127406" lon="129.019937"/><trkpt lat="35.12746" lon="129.020004"/><trkpt lat="35.127484" lon="129.02004"/><trkpt lat="35.127501" lon="129.020082"/><trkpt lat="35.127513" lon="129.020128"/><trkpt lat="35.127527" lon="129.020208"/><trkpt lat="35.12753" lon="129.020255"/><trkpt lat="35.127522" lon="129.0203"/><trkpt lat="35.127506" lon="129.020342"/><trkpt lat="35.127473" lon="129.020412"/><trkpt lat="35.127405" lon="129.020551"/></trkseg>
<trkseg><trkpt lat="35.127178" lon="129.020599"/><trkpt lat="35.126688" lon="129.020736"/><trkpt lat="35.12665" lon="129.02075"/><trkpt lat="35.126615" lon="129.020769"/><trkpt lat="35.126558" lon="129.02081"/><trkpt lat="35.126358" lon="129.020964"/><trkpt lat="35.126313" lon="129.020996"/><trkpt lat="35.126278" lon="129.021013"/><trkpt lat="35.126241" lon="129.021019"/><trkpt lat="35.126165" lon="129.021018"/><trkpt lat="35.126113" lon="129.021018"/><trkpt lat="35.126076" lon="129.021024"/><trkpt lat="35.126005" lon="129.021049"/><trkpt lat="35.125969" lon="129.021059"/><trkpt lat="35.125934" lon="129.021059"/><trkpt lat="35.125874" lon="129.021045"/><trkpt lat="35.125838" lon="129.021038"/><trkpt lat="35.125803" lon="129.021042"/><trkpt lat="35.125767" lon="129.021059"/><trkpt lat="35.12571" lon="129.021098"/><trkpt lat="35.125468" lon="129.021275"/><trkpt lat="35.125433" lon="129.021296"/><trkpt lat="35.125394" lon="129.021309"/><trkpt lat="35.125345" lon="129.021314"/><trkpt lat="35.125283" lon="129.021316"/></trkseg>
<trkseg><trkpt lat="35.135159" lon="129.03865"/><trkpt lat="35.135187" lon="129.038578"/><trkpt lat="35.135211" lon="129.038523"/><trkpt lat="35.135234" lon="129.038484"/><trkpt lat="35.135264" lon="129.038456"/><trkpt lat="35.135332" lon="129.038408"/><trkpt lat="35.135517" lon="129.038285"/><trkpt lat="35.13555" lon="129.038259"/><trkpt lat="35.135579" lon="129.038228"/><trkpt lat="35.135615" lon="129.03818"/><trkpt lat="35.135829" lon="129.037867"/><trkpt lat="35.135958" lon="129.03768"/><trkpt lat="35.135986" lon="129.037649"/><trkpt lat="35.136017" lon="129.037629"/><trkpt lat="35.136062" lon="129.03762"/><trkpt lat="35.136096" lon="129.037611"/><trkpt lat="35.136128" lon="129.037589"/><trkpt lat="35.136168" lon="129.037548"/><trkpt lat="35.136295" lon="129.0374"/><trkpt lat="35.136333" lon="129.037359"/><trkpt lat="35.136359" lon="129.037342"/><trkpt lat="35.136377" lon="129.037355"/><trkpt lat="35.136389" lon="129.037392"/><trkpt lat="35.136426" lon="129.037566"/><trkpt lat="35.136437" lon="129.037629"/><trkpt lat="35.136441" lon="129.037673"/><trkpt lat="35.136434" lon="129.03771"/><trkpt lat="35.136407" lon="129.03776"/><trkpt lat="35.136394" lon="129.037803"/><trkpt lat="35.136385" lon="129.037866"/><trkpt lat="35.136371" lon="129.037995"/><trkpt lat="35.13636" lon="129.03804"/><trkpt lat="35.136339" lon="129.038096"/><trkpt lat="35.136299" lon="129.038191"/><trkpt lat="35.136286" lon="129.038233"/><trkpt lat="35.13628" lon="129.038279"/><trkpt lat="35.136277" lon="129.038374"/><trkpt lat="35.136277" lon="129.038501"/><trkpt lat="35.13628" lon="129.038548"/><trkpt lat="35.136289" lon="129.038594"/><trkpt lat="35.136308" lon="129.038654"/><trkpt lat="35.13633" lon="129.038714"/><trkpt lat="35.136349" lon="129.038756"/><trkpt lat="35.136374" lon="129.038793"/><trkpt lat="35.13642" lon="129.038851"/><trkpt lat="35.136449" lon="129.038883"/><trkpt lat="35.136481" lon="129.038907"/><trkpt lat="35.136517" lon="129.038919"/><trkpt lat="35.136569" lon="129.038926"/><trkpt lat="35.136648" lon="129.038932"/><trkpt lat="35.136683" lon="129.038941"/><trkpt lat="35.13671" lon="129.038963"/><trkpt lat="35.136726" lon="129.039"/><trkpt lat="35.136737" lon="129.039045"/><trkpt lat="35.136761" lon="129.039153"/><trkpt lat="35.136776" lon="129.039197"/><trkpt lat="35.136798" lon="129.039236"/><trkpt lat="35.136853" lon="129.039308"/><trkpt lat="35.136965" lon="129.039449"/></trkseg>
<trkseg><trkpt lat="35.135159" lon="129.03865"/><trkpt lat="35.135147" lon="129.038636"/><trkpt lat="35.135111" lon="129.038615"/><trkpt lat="35.135062" lon="129.038601"/><trkpt lat="35.134926" lon="129.038586"/><trkpt lat="35.13486" lon="129.038581"/><trkpt lat="35.13482" lon="129.038581"/><trkpt lat="35.134784" lon="129.038589"/><trkpt lat="35.134725" lon="129.038608"/><trkpt lat="35.13469" lon="129.038617"/><trkpt lat="35.134652" lon="129.038619"/><trkpt lat="35.134563" lon="129.038619"/><trkpt lat="35.134526" lon="129.038623"/><trkpt lat="35.134491" lon="129.038635"/><trkpt lat="35.13444" lon="129.038671"/><trkpt lat="35.13441" lon="129.03869"/><trkpt lat="35.134382" lon="129.038693"/><trkpt lat="35.134357" lon="129.038673"/><trkpt lat="35.134339" lon="129.038638"/><trkpt lat="35.134328" lon="129.038594"/><trkpt lat="35.134305" lon="129.038451"/><trkpt lat="35.134298" lon="129.038389"/><trkpt lat="35.134299" lon="129.038343"/><trkpt lat="35.134308" lon="129.038303"/><trkpt lat="35.134323" lon="129.038251"/><trkpt lat="35.134325" lon="129.038208"/><trkpt lat="35.134317" lon="129.038163"/><trkpt lat="35.134294" lon="129.038071"/><trkpt lat="35.134239" lon="129.037857"/><trkpt lat="35.134231" lon="129.037811"/><trkpt lat="35.134231" lon="129.037764"/><trkpt lat="35.134238" lon="129.037717"/><trkpt lat="35.134276" lon="129.037527"/><trkpt lat="35.134288" lon="129.037463"/><trkpt lat="35.134293" lon="129.037416"/><trkpt lat="35.13429" lon="129.037369"/><trkpt lat="35.13428" lon="129.037323"/><trkpt lat="35.134244" lon="129.037185"/><trkpt lat="35.134234" lon="129.037139"/><trkpt lat="35.134231" lon="129.037096"/><trkpt lat="35.134241" lon="129.037057"/><trkpt lat="35.134264" lon="129.037021"/><trkpt lat="35.134319" lon="129.036953"/><trkpt lat="35.134345" lon="129.036918"/><trkpt lat="35.134364" lon="129.036882"/><trkpt lat="35.134366" lon="129.036843"/><trkpt lat="35.134355" lon="129.036802"/><trkpt lat="35.13433" lon="129.03673"/><trkpt lat="35.134319" lon="129.036687"/><trkpt lat="35.134319" lon="129.036641"/><trkpt lat="35.134328" lon="129.036594"/><trkpt lat="35.134345" lon="129.036519"/><trkpt lat="35.134344" lon="129.03648"/><trkpt lat="35.134323" lon="129.036453"/><trkpt lat="35.13429" lon="129.036432"/><trkpt lat="35.134133" lon="129.036359"/><trkpt lat="35.134124" lon="129.036354"/></trkseg>
<trkseg><trkpt lat="35.140467" lon="128.995453"/><trkpt lat="35.141181" lon="128.995877"/><trkpt lat="35.141228" lon="128.995908"/><trkpt lat="35.141479" lon="128.996047"/><trkpt lat="35.141676" lon="128.996211"/><trkpt lat="35.141706" lon="128.996241"/><trkpt lat="35.141744" lon="128.996288"/><trkpt lat="35.14197" lon="128.996612"/><trkpt lat="35.142197" lon="128.996936"/><trkpt lat="35.14223" lon="128.996988"/><trkpt lat="35.142251" lon="128.997029"/><trkpt lat="35.142276" lon="128.997086"/><trkpt lat="35.142442" lon="128.997605"/><trkpt lat="35.142462" lon="128.997647"/><trkpt lat="35.142515" lon="128.99774"/><trkpt lat="35.142624" lon="128.997925"/><trkpt lat="35.142644" lon="128.997967"/><trkpt lat="35.142672" lon="128.998041"/><trkpt lat="35.142777" lon="128.998341"/><trkpt lat="35.142796" lon="128.998402"/><trkpt lat="35.142804" lon="128.998448"/><trkpt lat="35.142805" lon="128.998496"/><trkpt lat="35.142803" lon="128.998545"/><trkpt lat="35.142798" lon="128.998592"/><trkpt lat="35.142786" lon="128.998637"/><trkpt lat="35.142767" lon="128.99868"/><trkpt lat="35.142732" lon="128.998749"/><trkpt lat="35.142715" lon="128.998793"/><trkpt lat="35.142698" lon="128.998854"/><trkpt lat="35.142656" lon="128.999026"/><trkpt lat="35.142641" lon="128.999105"/><trkpt lat="35.142636" lon="128.999153"/><trkpt lat="35.142635" lon="128.999251"/><trkpt lat="35.142635" lon="128.99948"/><trkpt lat="35.142631" lon="128.999528"/><trkpt lat="35.142623" lon="128.999575"/><trkpt lat="35.142566" lon="128.999791"/><trkpt lat="35.142508" lon="129.000007"/><trkpt lat="35.142499" lon="129.000053"/><trkpt lat="35.142498" lon="129.000099"/><trkpt lat="35.142507" lon="129.000145"/><trkpt lat="35.142529" lon="129.000221"/><trkpt lat="35.142585" lon="129.000405"/><trkpt lat="35.1426" lon="129.000467"/><trkpt lat="35.142607" lon="129.000514"/><trkpt lat="35.142629" lon="129.000783"/><trkpt lat="35.142634" lon="129.000863"/><trkpt lat="35.142632" lon="129.00091"/><trkpt lat="35.142625" lon="129.000955"/><trkpt lat="35.142605" lon="129.001029"/><trkpt lat="35.14259" lon="129.001072"/><trkpt lat="35.142569" lon="129.001112"/><trkpt lat="35.142516" lon="129.001187"/><trkpt lat="35.14239" lon="129.001358"/><trkpt lat="35.142365" lon="129.001397"/><trkpt lat="35.142345" lon="129.001437"/><trkpt lat="35.142323" lon="129.001493"/><trkpt lat="35.142262" lon="129.001665"/><trkpt lat="35.142244" lon="129.001706"/><trkpt lat="35.142198" lon="129.001784"/><trkpt lat="35.141982" lon="129.002043"/></trkseg>
<trkseg><trkpt lat="35.10595" lon="129.001917"/><trkpt lat="35.106173" lon="129.001835"/><trkpt lat="35.10621" lon="129.001818"/><trkpt lat="35.106244" lon="129.001797"/><trkpt lat="35.106277" lon="129.001771"/><trkpt lat="35.106308" lon="129.001742"/><trkpt lat="35.106333" lon="129.001709"/><trkpt lat="35.106349" lon="129.001668"/><trkpt lat="35.106372" lon="129.001595"/><trkpt lat="35.106393" lon="129.001553"/><trkpt lat="35.106479" lon="129.001406"/><trkpt lat="35.106582" lon="129.001234"/><trkpt lat="35.106602" lon="129.001193"/><trkpt lat="35.106615" lon="129.00115"/><trkpt lat="35.106619" lon="129.001104"/><trkpt lat="35.106619" lon="129.001025"/><trkpt lat="35.106616" lon="129.000882"/><trkpt lat="35.106618" lon="129.000835"/><trkpt lat="35.106628" lon="129.000791"/><trkpt lat="35.106645" lon="129.000751"/><trkpt lat="35.106712" lon="129.000635"/><trkpt lat="35.106774" lon="129.000534"/><trkpt lat="35.1068" lon="129.000499"/><trkpt lat="35.106841" lon="129.000457"/><trkpt lat="35.10703" lon="129.000278"/><trkpt lat="35.107084" lon="129.000231"/><trkpt lat="35.107119" lon="129.000209"/><trkpt lat="35.107156" lon="129.000193"/><trkpt lat="35.10736" lon="129.00013"/><trkpt lat="35.107425" lon="129.000113"/><trkpt lat="35.107478" lon="129.000105"/><trkpt lat="35.107584" lon="129.000095"/><trkpt lat="35.107637" lon="129.000094"/><trkpt lat="35.107703" lon="129.0001"/><trkpt lat="35.10795" lon="129.000138"/><trkpt lat="35.107988" lon="129.000147"/><trkpt lat="35.108024" lon="129.000163"/><trkpt lat="35.108056" lon="129.000188"/><trkpt lat="35.108107" lon="129.000237"/><trkpt lat="35.10823" lon="129.000356"/><trkpt lat="35.108263" lon="129.000381"/><trkpt lat="35.108297" lon="129.0004"/><trkpt lat="35.108369" lon="129.000428"/><trkpt lat="35.108418" lon="129.000443"/><trkpt lat="35.108456" lon="129.000448"/><trkpt lat="35.108507" lon="129.000447"/><trkpt lat="35.108651" lon="129.00043"/><trkpt lat="35.108702" lon="129.000427"/><trkpt lat="35.108738" lon="129.000434"/><trkpt lat="35.10877" lon="129.000454"/><trkpt lat="35.1088" lon="129.000482"/><trkpt lat="35.108868" lon="129.000556"/><trkpt lat="35.108914" lon="129.00061"/><trkpt lat="35.108939" lon="129.000646"/><trkpt lat="35.10896" lon="129.000686"/><trkpt lat="35.109067" lon="129.000925"/><trkpt lat="35.1091" lon="129.000994"/><trkpt lat="35.109122" lon="129.001031"/><trkpt lat="35.109151" lon="129.001061"/><trkpt lat="35.109196" lon="129.001091"/><trkpt lat="35.109303" lon="129.001151"/><trkpt lat="35.109363" lon="129.001183"/><trkpt lat="35.1094" lon="129.001197"/><trkpt lat="35.109439" lon="129.001204"/><trkpt lat="35.109519" lon="129.001207"/><trkpt lat="35.109706" lon="129.001211"/><trkpt lat="35.109759" lon="129.001217"/><trkpt lat="35.109797" lon="129.001227"/><trkpt lat="35.109973" lon="129.001293"/><trkpt lat="35.110023" lon="129.00131"/><trkpt lat="35.110061" lon="129.001319"/><trkpt lat="35.1101" lon="129.00132"/><trkpt lat="35.11027" lon="129.001299"/><trkpt lat="35.110349" lon="129.00129"/><trkpt lat="35.110389" lon="129.001289"/><trkpt lat="35.110441" lon="129.001294"/><trkpt lat="35.110666" lon="129.001326"/><trkpt lat="35.110705" lon="129.001329"/><trkpt lat="35.110744" lon="129.001324"/><trkpt lat="35.110781" lon="129.001309"/><trkpt lat="35.110817" lon="129.00129"/><trkpt lat="35.110851" lon="129.001266"/><trkpt lat="35.110877" lon="129.001233"/><trkpt lat="35.110897" lon="129.001194"/><trkpt lat="35.11097" lon="129.001022"/><trkpt lat="35.111023" lon="129.000897"/></trkseg>
<trkseg><trkpt lat="35.110379" lon="129.000591"/><trkpt lat="35.110381" lon="129.000609"/><trkpt lat="35.110364" lon="129.000637"/><trkpt lat="35.110326" lon="129.000657"/><trkpt lat="35.11026" lon="129.000669"/><trkpt lat="35.110064" lon="129.000698"/><trkpt lat="35.110024" lon="129.0007"/><trkpt lat="35.109957" lon="129.000694"/><trkpt lat="35.109741" lon="129.000667"/><trkpt lat="35.109702" lon="129.00066"/><trkpt lat="35.109668" lon="129.000646"/><trkpt lat="35.109645" lon="129.000619"/><trkpt lat="35.109617" lon="129.000543"/><trkpt lat="35.109599" lon="129.000504"/><trkpt lat="35.109576" lon="129.000469"/><trkpt lat="35.109551" lon="129.000438"/><trkpt lat="35.109522" lon="129.000409"/><trkpt lat="35.109488" lon="129.000385"/><trkpt lat="35.109379" lon="129.000323"/><trkpt lat="35.109344" lon="129.0003"/><trkpt lat="35.109313" lon="129.000272"/><trkpt lat="35.109274" lon="129.000229"/><trkpt lat="35.109207" lon="129.000153"/><trkpt lat="35.109176" lon="129.000127"/><trkpt lat="35.10914" lon="129.000111"/><trkpt lat="35.109023" lon="129.000082"/><trkpt lat="35.108972" lon="129.000067"/><trkpt lat="35.108937" lon="129.00005"/><trkpt lat="35.108906" lon="129.000024"/><trkpt lat="35.108859" lon="128.999974"/><trkpt lat="35.108828" lon="128.999949"/><trkpt lat="35.108791" lon="128.999935"/><trkpt lat="35.108752" lon="128.999928"/><trkpt lat="35.108604" lon="128.99991"/><trkpt lat="35.108565" lon="128.999902"/><trkpt lat="35.108527" lon="128.999889"/><trkpt lat="35.108492" lon="128.999867"/><trkpt lat="35.108149" lon="128.999606"/><trkpt lat="35.108092" lon="128.999565"/><trkpt lat="35.108056" lon="128.999545"/><trkpt lat="35.108006" lon="128.999525"/><trkpt lat="35.10793" lon="128.999501"/><trkpt lat="35.10788" lon="128.999489"/><trkpt lat="35.107842" lon="128.99949"/><trkpt lat="35.107804" lon="128.999501"/><trkpt lat="35.107591" lon="128.999596"/><trkpt lat="35.107101" lon="128.999816"/><trkpt lat="35.10705" lon="128.999835"/><trkpt lat="35.106998" lon="128.999847"/><trkpt lat="35.106817" lon="128.999878"/><trkpt lat="35.106766" lon="128.99989"/><trkpt lat="35.106729" lon="128.999905"/><trkpt lat="35.106681" lon="128.999932"/><trkpt lat="35.106418" lon="129.000089"/><trkpt lat="35.106371" lon="129.000121"/><trkpt lat="35.10634" lon="129.000149"/><trkpt lat="35.106303" lon="129.000192"/><trkpt lat="35.106267" lon="129.000237"/><trkpt lat="35.106243" lon="129.000273"/><trkpt lat="35.106225" lon="129.000313"/><trkpt lat="35.106216" lon="129.000358"/><trkpt lat="35.106209" lon="129.000421"/><trkpt lat="35.106188" lon="129.000628"/><trkpt lat="35.10618" lon="129.000675"/><trkpt lat="35.106163" lon="129.000735"/><trkpt lat="35.106107" lon="129.000913"/><trkpt lat="35.106086" lon="129.000971"/><trkpt lat="35.106067" lon="129.001011"/><trkpt lat="35.106032" lon="129.001061"/><trkpt lat="35.105857" lon="129.001287"/><trkpt lat="35.10581" lon="129.001344"/><trkpt lat="35.105779" lon="129.001373"/><trkpt lat="35.105743" lon="129.001392"/><trkpt lat="35.105706" lon="129.001406"/><trkpt lat="35.105512" lon="129.001465"/><trkpt lat="35.10546" lon="129.001485"/><trkpt lat="35.105416" lon="129.001513"/><trkpt lat="35.105384" lon="129.001547"/><trkpt lat="35.105372" lon="129.001564"/></trkseg>
<trkseg><trkpt lat="35.109961" lon="128.999883"/><trkpt lat="35.109994" lon="128.999958"/><trkpt lat="35.110022" lon="129.000005"/><trkpt lat="35.110052" lon="129.000043"/><trkpt lat="35.11028" lon="129.000227"/><trkpt lat="35.11042" lon="129.000391"/><trkpt lat="35.110447" lon="129.000427"/><trkpt lat="35.110461" lon="129.000478"/><trkpt lat="35.110452" lon="129.000545"/><trkpt lat="35.110379" lon="129.000591"/></trkseg>
<trkseg><trkpt lat="35.143222" lon="129.001977"/><trkpt lat="35.141975" lon="129.002043"/></trkseg>
<trkseg><trkpt lat="35.142531" lon="129.004574"/><trkpt lat="35.142494" lon="129.004548"/><trkpt lat="35.14246" lon="129.004516"/><trkpt lat="35.142438" lon="129.00448"/><trkpt lat="35.142419" lon="129.004439"/><trkpt lat="35.142389" lon="129.004399"/><trkpt lat="35.142373" lon="129.004361"/><trkpt lat="35.142356" lon="129.004284"/><trkpt lat="35.142345" lon="129.004239"/><trkpt lat="35.142325" lon="129.004201"/><trkpt lat="35.142298" lon="129.004169"/><trkpt lat="35.142267" lon="129.00414"/><trkpt lat="35.142233" lon="129.004117"/><trkpt lat="35.142183" lon="129.004095"/><trkpt lat="35.141988" lon="129.004025"/><trkpt lat="35.141924" lon="129.003999"/><trkpt lat="35.141889" lon="129.003978"/><trkpt lat="35.141858" lon="129.003953"/><trkpt lat="35.14183" lon="129.003924"/><trkpt lat="35.141808" lon="129.003893"/><trkpt lat="35.141793" lon="129.003857"/><trkpt lat="35.141785" lon="129.003845"/><trkpt lat="35.141773" lon="129.003844"/><trkpt lat="35.141755" lon="129.003833"/><trkpt lat="35.141741" lon="129.003806"/><trkpt lat="35.141737" lon="129.003764"/><trkpt lat="35.141738" lon="129.0037"/><trkpt lat="35.141745" lon="129.003586"/><trkpt lat="35.141752" lon="129.003538"/><trkpt lat="35.141766" lon="129.003494"/><trkpt lat="35.141792" lon="129.00344"/><trkpt lat="35.141931" lon="129.003187"/><trkpt lat="35.141972" lon="129.003106"/><trkpt lat="35.141989" lon="129.003063"/><trkpt lat="35.141999" lon="129.003021"/><trkpt lat="35.142014" lon="129.00295"/><trkpt lat="35.142029" lon="129.002911"/><trkpt lat="35.142054" lon="129.002878"/><trkpt lat="35.142084" lon="129.002851"/><trkpt lat="35.14212" lon="129.002829"/><trkpt lat="35.14231" lon="129.002745"/><trkpt lat="35.142387" lon="129.002715"/><trkpt lat="35.142425" lon="129.002707"/><trkpt lat="35.142485" lon="129.002702"/><trkpt lat="35.142519" lon="129.002695"/><trkpt lat="35.142548" lon="129.002674"/><trkpt lat="35.142572" lon="129.00264"/><trkpt lat="35.14261" lon="129.002576"/><trkpt lat="35.142714" lon="129.002391"/><trkpt lat="35.142738" lon="129.002354"/><trkpt lat="35.142767" lon="129.002324"/><trkpt lat="35.1428" lon="129.002301"/><trkpt lat="35.142922" lon="129.002237"/><trkpt lat="35.14297" lon="129.002211"/><trkpt lat="35.143004" lon="129.002188"/><trkpt lat="35.143032" lon="129.002158"/><trkpt lat="35.143072" lon="129.0021"/><trkpt lat="35.143097" lon="129.002067"/><trkpt lat="35.143133" lon="129.002035"/><trkpt lat="35.143178" lon="129.002004"/><trkpt lat="35.143222" lon="129.001977"/></trkseg>
<trkseg><trkpt lat="35.122824" lon="129.02154"/><trkpt lat="35.123302" lon="129.021415"/><trkpt lat="35.123353" lon="129.021398"/><trkpt lat="35.12339" lon="129.021381"/><trkpt lat="35.123569" lon="129.021281"/><trkpt lat="35.123642" lon="129.021242"/><trkpt lat="35.123679" lon="129.021228"/><trkpt lat="35.12373" lon="129.021214"/><trkpt lat="35.1239" lon="129.021179"/><trkpt lat="35.123952" lon="129.021171"/><trkpt lat="35.123991" lon="129.021169"/><trkpt lat="35.124031" lon="129.021173"/><trkpt lat="35.124255" lon="129.021213"/><trkpt lat="35.124348" lon="129.021228"/><trkpt lat="35.124387" lon="129.02123"/><trkpt lat="35.124453" lon="129.021227"/><trkpt lat="35.124836" lon="129.02119"/><trkpt lat="35.124889" lon="129.021188"/><trkpt lat="35.124928" lon="129.021192"/><trkpt lat="35.124966" lon="129.021202"/><trkpt lat="35.125156" lon="129.02127"/><trkpt lat="35.125283" lon="129.021316"/></trkseg>
<trkseg><trkpt lat="35.127178" lon="129.020599"/><trkpt lat="35.126886" lon="129.020513"/><trkpt lat="35.126835" lon="129.020501"/><trkpt lat="35.126796" lon="129.020498"/><trkpt lat="35.126756" lon="129.020502"/><trkpt lat="35.126292" lon="129.020593"/><trkpt lat="35.126226" lon="129.020603"/><trkpt lat="35.126187" lon="129.020602"/><trkpt lat="35.126149" lon="129.020593"/><trkpt lat="35.126035" lon="129.020557"/><trkpt lat="35.125972" lon="129.020537"/><trkpt lat="35.125933" lon="129.02053"/><trkpt lat="35.12588" lon="129.020526"/><trkpt lat="35.125381" lon="129.020513"/><trkpt lat="35.125071" lon="129.020504"/><trkpt lat="35.125017" lon="129.020506"/><trkpt lat="35.124978" lon="129.020515"/><trkpt lat="35.124916" lon="129.020539"/><trkpt lat="35.124666" lon="129.020646"/><trkpt lat="35.12463" lon="129.020666"/><trkpt lat="35.124597" lon="129.020692"/><trkpt lat="35.124524" lon="129.020761"/><trkpt lat="35.124482" lon="129.0208"/><trkpt lat="35.124449" lon="129.020824"/><trkpt lat="35.124412" lon="129.020837"/><trkpt lat="35.124373" lon="129.020842"/><trkpt lat="35.12386" lon="129.02085"/><trkpt lat="35.123779" lon="129.020853"/><trkpt lat="35.123726" lon="129.020863"/><trkpt lat="35.123571" lon="129.020904"/><trkpt lat="35.12352" lon="129.020922"/><trkpt lat="35.123484" lon="129.020941"/><trkpt lat="35.123428" lon="129.02098"/><trkpt lat="35.123227" lon="129.021133"/><trkpt lat="35.123164" lon="129.021193"/><trkpt lat="35.122824" lon="129.02154"/></trkseg>
<trkseg><trkpt lat="35.112962" lon="128.986188"/><trkpt lat="35.11317" lon="128.986341"/><trkpt lat="35.113203" lon="128.986369"/><trkpt lat="35.113232" lon="128.986401"/><trkpt lat="35.113257" lon="128.986439"/><trkpt lat="35.113318" lon="128.986546"/><trkpt lat="35.113343" lon="128.986583"/><trkpt lat="35.113371" lon="128.986615"/><trkpt lat="35.113493" lon="128.986672"/><trkpt lat="35.113513" lon="128.986709"/><trkpt lat="35.113527" lon="128.986751"/><trkpt lat="35.113538" lon="128.986903"/><trkpt lat="35.113602" lon="128.986976"/><trkpt lat="35.113645" lon="128.987012"/><trkpt lat="35.113678" lon="128.987033"/><trkpt lat="35.113713" lon="128.987046"/><trkpt lat="35.113749" lon="128.987053"/><trkpt lat="35.113784" lon="128.987057"/><trkpt lat="35.113825" lon="128.987055"/><trkpt lat="35.113848" lon="128.987063"/><trkpt lat="35.113867" lon="128.987093"/><trkpt lat="35.113898" lon="128.987177"/><trkpt lat="35.113919" lon="128.987221"/><trkpt lat="35.113952" lon="128.987263"/><trkpt lat="35.113985" lon="128.987292"/><trkpt lat="35.114" lon="128.987302"/></trkseg>
<trkseg><trkpt lat="35.1351" lon="129.03897"/><trkpt lat="35.135086" lon="129.038951"/><trkpt lat="35.135077" lon="129.03893"/><trkpt lat="35.135077" lon="129.038909"/><trkpt lat="35.135116" lon="129.038786"/><trkpt lat="35.135159" lon="129.03865"/></trkseg>
<trkseg><trkpt lat="35.126289" lon="129.019414"/><trkpt lat="35.126247" lon="129.019493"/><trkpt lat="35.12622" lon="129.019539"/><trkpt lat="35.126194" lon="129.019571"/><trkpt lat="35.126161" lon="129.019596"/><trkpt lat="35.126112" lon="129.019622"/><trkpt lat="35.125665" lon="129.019848"/><trkpt lat="35.125615" lon="129.019869"/><trkpt lat="35.125576" lon="129.019877"/><trkpt lat="35.125536" lon="129.019879"/><trkpt lat="35.125361" lon="129.019878"/><trkpt lat="35.125308" lon="129.01988"/><trkpt lat="35.125268" lon="129.019887"/><trkpt lat="35.125177" lon="129.019914"/><trkpt lat="35.125007" lon="129.019968"/><trkpt lat="35.124968" lon="129.019978"/><trkpt lat="35.124929" lon="129.019982"/><trkpt lat="35.124864" lon="129.01998"/><trkpt lat="35.124733" lon="129.019973"/><trkpt lat="35.124694" lon="129.019974"/><trkpt lat="35.124655" lon="129.019983"/><trkpt lat="35.124592" lon="129.020009"/><trkpt lat="35.124389" lon="129.0201"/><trkpt lat="35.124351" lon="129.020114"/><trkpt lat="35.124313" lon="129.020121"/><trkpt lat="35.124274" lon="129.020119"/><trkpt lat="35.124131" lon="129.020093"/><trkpt lat="35.124066" lon="129.020083"/><trkpt lat="35.124027" lon="129.020082"/><trkpt lat="35.12399" lon="129.020088"/><trkpt lat="35.123952" lon="129.020098"/><trkpt lat="35.123916" lon="129.020112"/><trkpt lat="35.123881" lon="129.020132"/><trkpt lat="35.123815" lon="129.020185"/><trkpt lat="35.123781" lon="129.020209"/><trkpt lat="35.123744" lon="129.020223"/><trkpt lat="35.123705" lon="129.020232"/><trkpt lat="35.123666" lon="129.020233"/><trkpt lat="35.12363" lon="129.020225"/><trkpt lat="35.123572" lon="129.020209"/><trkpt lat="35.123536" lon="129.020207"/><trkpt lat="35.123498" lon="129.020218"/><trkpt lat="35.123399" lon="129.020263"/><trkpt lat="35.123349" lon="129.020284"/><trkpt lat="35.12331" lon="129.020294"/><trkpt lat="35.12327" lon="129.020299"/><trkpt lat="35.123094" lon="129.02039"/><trkpt lat="35.123059" lon="129.02041"/><trkpt lat="35.123002" lon="129.020452"/><trkpt lat="35.122801" lon="129.020607"/><trkpt lat="35.122769" lon="129.020636"/><trkpt lat="35.122402" lon="129.020861"/><trkpt lat="35.12226" lon="129.021024"/><trkpt lat="35.122228" lon="129.021052"/><trkpt lat="35.122194" lon="129.021076"/><trkpt lat="35.121985" lon="129.021317"/><trkpt lat="35.121749" lon="129.021569"/><trkpt lat="35.121709" lon="129.021634"/><trkpt lat="35.121682" lon="129.021667"/><trkpt lat="35.12165" lon="129.021689"/><trkpt lat="35.121582" lon="129.021721"/><trkpt lat="35.121254" lon="129.021825"/><trkpt lat="35.121097" lon="129.022027"/><trkpt lat="35.121069" lon="129.022059"/><trkpt lat="35.121037" lon="129.022083"/><trkpt lat="35.120967" lon="129.02211"/><trkpt lat="35.120937" lon="129.022127"/><trkpt lat="35.12092" lon="129.022156"/><trkpt lat="35.120915" lon="129.0222"/><trkpt lat="35.120917" lon="129.022281"/><trkpt lat="35.12092" lon="129.02234"/></trkseg>
<trkseg><trkpt lat="35.10595" lon="129.001917"/><trkpt lat="35.105724" lon="129.001843"/><trkpt lat="35.105675" lon="129.001823"/><trkpt lat="35.105641" lon="129.001802"/><trkpt lat="35.105599" lon="129.001767"/><trkpt lat="35.105372" lon="129.001564"/></trkseg>
<trkseg><trkpt lat="35.105372" lon="129.001564"/><trkpt lat="35.105361" lon="129.001566"/><trkpt lat="35.105341" lon="129.001582"/><trkpt lat="35.105325" lon="129.001619"/><trkpt lat="35.105321" lon="129.001659"/><trkpt lat="35.105322" lon="129.001698"/><trkpt lat="35.105332" lon="129.001762"/><trkpt lat="35.105408" lon="129.002172"/></trkseg>
<trkseg><trkpt lat="35.125832" lon="129.019368"/><trkpt lat="35.126151" lon="129.019334"/><trkpt lat="35.126178" lon="129.019334"/><trkpt lat="35.126204" lon="129.019341"/><trkpt lat="35.126231" lon="129.019359"/><trkpt lat="35.12627" lon="129.019395"/><trkpt lat="35.126289" lon="129.019414"/></trkseg>
<trkseg><trkpt lat="35.12092" lon="129.02234"/><trkpt lat="35.121051" lon="129.022311"/><trkpt lat="35.121103" lon="129.022304"/><trkpt lat="35.121143" lon="129.022304"/><trkpt lat="35.121223" lon="129.022311"/><trkpt lat="35.121422" lon="129.022331"/><trkpt lat="35.121475" lon="129.022332"/><trkpt lat="35.121514" lon="129.022327"/><trkpt lat="35.121776" lon="129.022264"/><trkpt lat="35.121998" lon="129.02221"/><trkpt lat="35.122036" lon="129.022197"/><trkpt lat="35.122072" lon="129.022178"/><trkpt lat="35.122119" lon="129.022147"/><trkpt lat="35.122403" lon="129.021935"/><trkpt lat="35.12271" lon="129.021706"/><trkpt lat="35.122753" lon="129.021669"/><trkpt lat="35.122784" lon="129.021625"/><trkpt lat="35.122809" lon="129.021575"/><trkpt lat="35.122824" lon="129.02154"/></trkseg>
<trkseg><trkpt lat="35.134124" lon="129.036354"/><trkpt lat="35.134092" lon="129.036312"/><trkpt lat="35.134064" lon="129.036262"/><trkpt lat="35.13405" lon="129.036212"/><trkpt lat="35.134043" lon="129.036149"/><trkpt lat="35.134027" lon="129.035972"/><trkpt lat="35.134024" lon="129.035908"/><trkpt lat="35.134026" lon="129.035831"/><trkpt lat="35.134033" lon="129.035723"/><trkpt lat="35.134038" lon="129.035677"/><trkpt lat="35.134048" lon="129.035631"/><trkpt lat="35.134111" lon="129.035405"/><trkpt lat="35.134131" lon="129.035329"/><trkpt lat="35.134138" lon="129.035283"/><trkpt lat="35.13414" lon="129.035237"/><trkpt lat="35.134135" lon="129.035142"/><trkpt lat="35.134133" lon="129.03508"/><trkpt lat="35.134135" lon="129.035033"/><trkpt lat="35.134142" lon="129.034986"/><trkpt lat="35.134156" lon="129.034909"/><trkpt lat="35.134158" lon="129.034863"/><trkpt lat="35.13414" lon="129.034817"/><trkpt lat="35.134109" lon="129.034789"/><trkpt lat="35.134089" lon="129.034786"/></trkseg>
<trkseg><trkpt lat="35.127405" lon="129.020551"/><trkpt lat="35.127659" lon="129.02066"/><trkpt lat="35.12771" lon="129.020677"/><trkpt lat="35.127749" lon="129.020683"/><trkpt lat="35.127788" lon="129.020679"/><trkpt lat="35.127879" lon="129.020661"/><trkpt lat="35.127917" lon="129.020657"/><trkpt lat="35.127952" lon="129.020663"/><trkpt lat="35.12798" lon="129.020688"/><trkpt lat="35.128004" lon="129.020723"/><trkpt lat="35.128066" lon="129.020827"/><trkpt lat="35.12809" lon="129.020863"/><trkpt lat="35.128116" lon="129.020891"/><trkpt lat="35.128148" lon="129.020899"/><trkpt lat="35.128184" lon="129.020892"/><trkpt lat="35.12826" lon="129.020866"/><trkpt lat="35.128299" lon="129.020856"/><trkpt lat="35.128337" lon="129.020853"/><trkpt lat="35.12844" lon="129.020856"/><trkpt lat="35.128491" lon="129.020862"/><trkpt lat="35.128528" lon="129.020874"/><trkpt lat="35.128588" lon="129.0209"/><trkpt lat="35.128624" lon="129.02091"/><trkpt lat="35.128663" lon="129.02091"/><trkpt lat="35.128728" lon="129.020902"/><trkpt lat="35.128767" lon="129.020902"/><trkpt lat="35.128806" lon="129.020909"/><trkpt lat="35.129002" lon="129.020967"/></trkseg>
<trkseg><trkpt lat="35.111136" lon="129.00053"/><trkpt lat="35.111131" lon="129.000471"/><trkpt lat="35.111121" lon="129.000409"/><trkpt lat="35.111103" lon="129.000363"/><trkpt lat="35.111075" lon="129.000333"/><trkpt lat="35.111043" lon="129.000315"/><trkpt lat="35.11101" lon="129.000315"/><trkpt lat="35.110976" lon="129.000331"/><trkpt lat="35.110908" lon="129.000372"/><trkpt lat="35.110862" lon="129.000398"/><trkpt lat="35.110825" lon="129.000412"/><trkpt lat="35.110772" lon="129.000421"/><trkpt lat="35.110706" lon="129.00043"/><trkpt lat="35.110668" lon="129.000442"/><trkpt lat="35.110635" lon="129.000463"/><trkpt lat="35.110593" lon="129.0005"/><trkpt lat="35.110531" lon="129.000557"/><trkpt lat="35.110497" lon="129.000579"/><trkpt lat="35.110453" lon="129.000589"/><trkpt lat="35.110409" lon="129.000592"/><trkpt lat="35.110379" lon="129.000591"/></trkseg>
<trkseg><trkpt lat="35.140467" lon="128.995453"/><trkpt lat="35.140431" lon="128.995446"/></trkseg>
<trkseg><trkpt lat="35.111023" lon="129.000897"/><trkpt lat="35.111103" lon="129.000774"/><trkpt lat="35.111113" lon="129.000755"/><trkpt lat="35.111119" lon="129.000733"/><trkpt lat="35.111123" lon="129.000701"/><trkpt lat="35.111136" lon="129.00053"/></trkseg>
<trkseg><trkpt lat="35.134089" lon="129.034786"/><trkpt lat="35.13412" lon="129.034665"/><trkpt lat="35.134122" lon="129.034644"/><trkpt lat="35.134119" lon="129.034624"/><trkpt lat="35.134102" lon="129.034582"/><trkpt lat="35.134096" lon="129.034564"/><trkpt lat="35.134098" lon="129.034546"/><trkpt lat="35.134108" lon="129.034522"/><trkpt lat="35.134148" lon="129.034451"/></trkseg>
<trkseg><trkpt lat="35.143365" lon="129.040312"/><trkpt lat="35.143347" lon="129.040315"/><trkpt lat="35.14331" lon="129.040333"/><trkpt lat="35.143257" lon="129.040372"/><trkpt lat="35.143222" lon="129.040384"/><trkpt lat="35.143184" lon="129.040383"/><trkpt lat="35.143105" lon="129.040375"/><trkpt lat="35.143067" lon="129.040375"/><trkpt lat="35.14303" lon="129.040384"/><trkpt lat="35.142996" lon="129.040406"/><trkpt lat="35.142931" lon="129.040461"/><trkpt lat="35.142897" lon="129.040485"/><trkpt lat="35.14286" lon="129.0405"/><trkpt lat="35.142821" lon="129.040507"/><trkpt lat="35.142594" lon="129.040528"/><trkpt lat="35.142261" lon="129.040558"/></trkseg>
<trkseg><trkpt lat="35.135317" lon="129.033856"/><trkpt lat="35.135442" lon="129.033764"/><trkpt lat="35.135477" lon="129.033742"/><trkpt lat="35.135513" lon="129.033725"/><trkpt lat="35.135551" lon="129.033718"/><trkpt lat="35.135682" lon="129.033716"/><trkpt lat="35.135735" lon="129.033714"/><trkpt lat="35.135774" lon="129.033708"/><trkpt lat="35.13584" lon="129.03369"/><trkpt lat="35.13597" lon="129.033648"/><trkpt lat="35.136021" lon="129.033629"/><trkpt lat="35.136057" lon="129.03361"/><trkpt lat="35.136109" lon="129.033567"/><trkpt lat="35.136144" lon="129.033548"/><trkpt lat="35.136193" lon="129.033528"/><trkpt lat="35.136344" lon="129.033475"/><trkpt lat="35.13638" lon="129.033459"/><trkpt lat="35.136415" lon="129.033437"/><trkpt lat="35.136481" lon="129.033385"/><trkpt lat="35.136611" lon="129.033277"/><trkpt lat="35.136645" lon="129.033253"/><trkpt lat="35.13668" lon="129.033236"/><trkpt lat="35.136718" lon="129.033223"/><trkpt lat="35.137036" lon="129.033135"/></trkseg>
<trkseg><trkpt lat="35.13391" lon="129.033818"/><trkpt lat="35.133917" lon="129.033739"/><trkpt lat="35.133925" lon="129.033678"/><trkpt lat="35.133937" lon="129.033633"/><trkpt lat="35.133958" lon="129.033597"/><trkpt lat="35.133987" lon="129.033566"/><trkpt lat="35.134051" lon="129.033509"/><trkpt lat="35.134095" lon="129.033476"/><trkpt lat="35.134131" lon="129.033457"/><trkpt lat="35.134219" lon="129.033428"/><trkpt lat="35.134269" lon="129.03341"/><trkpt lat="35.134305" lon="129.033391"/><trkpt lat="35.134362" lon="129.033352"/><trkpt lat="35.134452" lon="129.033288"/><trkpt lat="35.134486" lon="129.033268"/><trkpt lat="35.134521" lon="129.03326"/><trkpt lat="35.134556" lon="129.033262"/><trkpt lat="35.134615" lon="129.03327"/><trkpt lat="35.134652" lon="129.033265"/><trkpt lat="35.13469" lon="129.033251"/><trkpt lat="35.134739" lon="129.033226"/><trkpt lat="35.134775" lon="129.033205"/><trkpt lat="35.134806" lon="129.033176"/><trkpt lat="35.134831" lon="129.03314"/><trkpt lat="35.134883" lon="129.033047"/><trkpt lat="35.134915" lon="129.032997"/><trkpt lat="35.134942" lon="129.03297"/><trkpt lat="35.134978" lon="129.032961"/><trkpt lat="35.135017" lon="129.03296"/><trkpt lat="35.135097" lon="129.032963"/><trkpt lat="35.135135" lon="129.032956"/><trkpt lat="35.135168" lon="129.032937"/><trkpt lat="35.135231" lon="129.032882"/><trkpt lat="35.135263" lon="129.032857"/><trkpt lat="35.135298" lon="129.03284"/><trkpt lat="35.135336" lon="129.032833"/><trkpt lat="35.135401" lon="129.032827"/><trkpt lat="35.135437" lon="129.032815"/><trkpt lat="35.135466" lon="129.032788"/><trkpt lat="35.135492" lon="129.032753"/><trkpt lat="35.135515" lon="129.032715"/><trkpt lat="35.135536" lon="129.032674"/><trkpt lat="35.135551" lon="129.032629"/><trkpt lat="35.135649" lon="129.03226"/><trkpt lat="35.135676" lon="129.032169"/><trkpt lat="35.135693" lon="129.032127"/><trkpt lat="35.135718" lon="129.032091"/><trkpt lat="35.135777" lon="129.032026"/><trkpt lat="35.136001" lon="129.031795"/><trkpt lat="35.13604" lon="129.031751"/><trkpt lat="35.136066" lon="129.031715"/><trkpt lat="35.136095" lon="129.031662"/><trkpt lat="35.136157" lon="129.031539"/><trkpt lat="35.136182" lon="129.031505"/><trkpt lat="35.136211" lon="129.031482"/><trkpt lat="35.136243" lon="129.031466"/><trkpt lat="35.136277" lon="129.031458"/><trkpt lat="35.136314" lon="129.03146"/><trkpt lat="35.136352" lon="129.03147"/><trkpt lat="35.136389" lon="129.031483"/><trkpt lat="35.136424" lon="129.0315"/><trkpt lat="35.136458" lon="129.031525"/><trkpt lat="35.1365" lon="129.031564"/><trkpt lat="35.13653" lon="129.031596"/><trkpt lat="35.136556" lon="129.031631"/><trkpt lat="35.136583" lon="129.031685"/><trkpt lat="35.136604" lon="129.031725"/><trkpt lat="35.136633" lon="129.031756"/><trkpt lat="35.136666" lon="129.031783"/><trkpt lat="35.136736" lon="129.031833"/><trkpt lat="35.13677" lon="129.031854"/><trkpt lat="35.136804" lon="129.031866"/><trkpt lat="35.136833" lon="129.031855"/><trkpt lat="35.13686" lon="129.031827"/><trkpt lat="35.136953" lon="129.031693"/><trkpt lat="35.136997" lon="129.031634"/><trkpt lat="35.137025" lon="129.031603"/><trkpt lat="35.137056" lon="129.031583"/><trkpt lat="35.137111" lon="129.031559"/><trkpt lat="35.137141" lon="129.031538"/><trkpt lat="35.137168" lon="129.031506"/><trkpt lat="35.137209" lon="129.031444"/><trkpt lat="35.137234" lon="129.031408"/><trkpt lat="35.137266" lon="129.031378"/><trkpt lat="35.13731" lon="129.031355"/><trkpt lat="35.137368" lon="129.031334"/></trkseg>
<trkseg><trkpt lat="35.138482" lon="129.032159"/><trkpt lat="35.138513" lon="129.03211"/><trkpt lat="35.138542" lon="129.032057"/><trkpt lat="35.138558" lon="129.03201"/><trkpt lat="35.138559" lon="129.031965"/><trkpt lat="35.138553" lon="129.031919"/><trkpt lat="35.138509" lon="129.031668"/><trkpt lat="35.138497" lon="129.03159"/><trkpt lat="35.138494" lon="129.031544"/><trkpt lat="35.138501" lon="129.0315"/><trkpt lat="35.138515" lon="129.031457"/><trkpt lat="35.138562" lon="129.031344"/><trkpt lat="35.138587" lon="129.03129"/><trkpt lat="35.138609" lon="129.031253"/><trkpt lat="35.138638" lon="129.031226"/><trkpt lat="35.138673" lon="129.031208"/><trkpt lat="35.138723" lon="129.031188"/><trkpt lat="35.138761" lon="129.031178"/><trkpt lat="35.138799" lon="129.031175"/><trkpt lat="35.138837" lon="129.031183"/><trkpt lat="35.139029" lon="129.031249"/><trkpt lat="35.139092" lon="129.031269"/><trkpt lat="35.13913" lon="129.031275"/><trkpt lat="35.139167" lon="129.031269"/><trkpt lat="35.139203" lon="129.031254"/><trkpt lat="35.139287" lon="129.03121"/><trkpt lat="35.139323" lon="129.031195"/><trkpt lat="35.139361" lon="129.031188"/><trkpt lat="35.139412" lon="129.031184"/><trkpt lat="35.13945" lon="129.031185"/><trkpt lat="35.139488" lon="129.031193"/><trkpt lat="35.139539" lon="129.031211"/><trkpt lat="35.139834" lon="129.031323"/><trkpt lat="35.139873" lon="129.031342"/><trkpt lat="35.139879" lon="129.031356"/><trkpt lat="35.139852" lon="129.031375"/><trkpt lat="35.139826" lon="129.031399"/><trkpt lat="35.1398" lon="129.031433"/><trkpt lat="35.13976" lon="129.031495"/><trkpt lat="35.13973" lon="129.031525"/><trkpt lat="35.139695" lon="129.031545"/><trkpt lat="35.139632" lon="129.031572"/><trkpt lat="35.139504" lon="129.031621"/><trkpt lat="35.139468" lon="129.03164"/><trkpt lat="35.139436" lon="129.031666"/><trkpt lat="35.139397" lon="129.031709"/><trkpt lat="35.139278" lon="129.031858"/><trkpt lat="35.139253" lon="129.031894"/><trkpt lat="35.139233" lon="129.031934"/><trkpt lat="35.139221" lon="129.031979"/><trkpt lat="35.139181" lon="129.032218"/><trkpt lat="35.139172" lon="129.032282"/><trkpt lat="35.139169" lon="129.032331"/><trkpt lat="35.139172" lon="129.032428"/><trkpt lat="35.139182" lon="129.032607"/><trkpt lat="35.139181" lon="129.032655"/><trkpt lat="35.139173" lon="129.032701"/><trkpt lat="35.139159" lon="129.032746"/><trkpt lat="35.139101" lon="129.03291"/><trkpt lat="35.139084" lon="129.03297"/><trkpt lat="35.139075" lon="129.033017"/><trkpt lat="35.139063" lon="129.033113"/><trkpt lat="35.13904" lon="129.033321"/></trkseg>
<trkseg><trkpt lat="35.128282" lon="129.029799"/><trkpt lat="35.12823" lon="129.030015"/><trkpt lat="35.128219" lon="129.030078"/><trkpt lat="35.128217" lon="129.030125"/><trkpt lat="35.128224" lon="129.030222"/><trkpt lat="35.128308" lon="129.031079"/><trkpt lat="35.128317" lon="129.031192"/><trkpt lat="35.128319" lon="129.031239"/><trkpt lat="35.128314" lon="129.031296"/><trkpt lat="35.128314" lon="129.031336"/><trkpt lat="35.128335" lon="129.031403"/><trkpt lat="35.128345" lon="129.031446"/><trkpt lat="35.128352" lon="129.031539"/><trkpt lat="35.128358" lon="129.031583"/><trkpt lat="35.128374" lon="129.031617"/><trkpt lat="35.128405" lon="129.031658"/><trkpt lat="35.128428" lon="129.031695"/><trkpt lat="35.12847" lon="129.031775"/><trkpt lat="35.128583" lon="129.032009"/><trkpt lat="35.128604" lon="129.032049"/><trkpt lat="35.12863" lon="129.032083"/><trkpt lat="35.128659" lon="129.032112"/><trkpt lat="35.128743" lon="129.032182"/><trkpt lat="35.128772" lon="129.032212"/><trkpt lat="35.128809" lon="129.032258"/><trkpt lat="35.129022" lon="129.032546"/><trkpt lat="35.129058" lon="129.032591"/><trkpt lat="35.129089" lon="129.032621"/><trkpt lat="35.129135" lon="129.032651"/><trkpt lat="35.129243" lon="129.032715"/><trkpt lat="35.129277" lon="129.03274"/><trkpt lat="35.129319" lon="129.032778"/><trkpt lat="35.129432" lon="129.032892"/><trkpt lat="35.129464" lon="129.03292"/><trkpt lat="35.129497" lon="129.032943"/><trkpt lat="35.129535" lon="129.032955"/><trkpt lat="35.129601" lon="129.032963"/><trkpt lat="35.129681" lon="129.032968"/><trkpt lat="35.129721" lon="129.032965"/><trkpt lat="35.129773" lon="129.032954"/><trkpt lat="35.130049" lon="129.032879"/><trkpt lat="35.130086" lon="129.032866"/><trkpt lat="35.130119" lon="129.032848"/><trkpt lat="35.13014" lon="129.032825"/><trkpt lat="35.130155" lon="129.032792"/><trkpt lat="35.130176" lon="129.032782"/><trkpt lat="35.130206" lon="129.032786"/><trkpt lat="35.130239" lon="129.032801"/><trkpt lat="35.130297" lon="129.032833"/><trkpt lat="35.130334" lon="129.032845"/><trkpt lat="35.130372" lon="129.03285"/><trkpt lat="35.130424" lon="129.03285"/><trkpt lat="35.130463" lon="129.032847"/><trkpt lat="35.130501" lon="129.032839"/><trkpt lat="35.130707" lon="129.032765"/><trkpt lat="35.130797" lon="129.032733"/><trkpt lat="35.130836" lon="129.032724"/><trkpt lat="35.130902" lon="129.032715"/><trkpt lat="35.131249" lon="129.032683"/><trkpt lat="35.131316" lon="129.032673"/><trkpt lat="35.131368" lon="129.032658"/><trkpt lat="35.131498" lon="129.032612"/><trkpt lat="35.131575" lon="129.032582"/><trkpt lat="35.131611" lon="129.032563"/><trkpt lat="35.131678" lon="129.032514"/><trkpt lat="35.131787" lon="129.032429"/><trkpt lat="35.131821" lon="129.032409"/><trkpt lat="35.131857" lon="129.032398"/><trkpt lat="35.131893" lon="129.032395"/><trkpt lat="35.131927" lon="129.032404"/><trkpt lat="35.131983" lon="129.032427"/><trkpt lat="35.13202" lon="129.03243"/><trkpt lat="35.132059" lon="129.032425"/><trkpt lat="35.132254" lon="129.032388"/><trkpt lat="35.132397" lon="129.032361"/></trkseg>
<trkseg><trkpt lat="35.126785" lon="129.028042"/><trkpt lat="35.126895" lon="129.027898"/><trkpt lat="35.126934" lon="129.027854"/><trkpt lat="35.126965" lon="129.027831"/><trkpt lat="35.127001" lon="129.027824"/><trkpt lat="35.127053" lon="129.027826"/><trkpt lat="35.127118" lon="129.027835"/><trkpt lat="35.127156" lon="129.027847"/><trkpt lat="35.127186" lon="129.027866"/><trkpt lat="35.127212" lon="129.027892"/><trkpt lat="35.127233" lon="129.027929"/><trkpt lat="35.127248" lon="129.027973"/><trkpt lat="35.127289" lon="129.02813"/><trkpt lat="35.127444" lon="129.028724"/><trkpt lat="35.12747" lon="129.028817"/><trkpt lat="35.127487" lon="129.028861"/><trkpt lat="35.127509" lon="129.0289"/><trkpt lat="35.127542" lon="129.02895"/><trkpt lat="35.127908" lon="129.029467"/><trkpt lat="35.128074" lon="129.0297"/><trkpt lat="35.128106" lon="129.029738"/><trkpt lat="35.128148" lon="129.029771"/><trkpt lat="35.12819" lon="129.029795"/></trkseg>
<trkseg><trkpt lat="35.126785" lon="129.028042"/><trkpt lat="35.126729" lon="129.028061"/><trkpt lat="35.126686" lon="129.028082"/><trkpt lat="35.126653" lon="129.028112"/><trkpt lat="35.126618" lon="129.02816"/><trkpt lat="35.126118" lon="129.028925"/><trkpt lat="35.125925" lon="129.029217"/><trkpt lat="35.125897" lon="129.029252"/><trkpt lat="35.125675" lon="129.02949"/><trkpt lat="35.125472" lon="129.029705"/><trkpt lat="35.125429" lon="129.029744"/><trkpt lat="35.125349" lon="129.029802"/><trkpt lat="35.125104" lon="129.029969"/><trkpt lat="35.12507" lon="129.029995"/><trkpt lat="35.12504" lon="129.030025"/><trkpt lat="35.124984" lon="129.030099"/><trkpt lat="35.124919" lon="129.030188"/></trkseg>
<trkseg><trkpt lat="35.13055" lon="129.020695"/><trkpt lat="35.130687" lon="129.020871"/><trkpt lat="35.130721" lon="129.020894"/><trkpt lat="35.130757" lon="129.020913"/><trkpt lat="35.130922" lon="129.02107"/><trkpt lat="35.130949" lon="129.021102"/><trkpt lat="35.130974" lon="129.021139"/><trkpt lat="35.131276" lon="129.021352"/><trkpt lat="35.131296" lon="129.021139"/><trkpt lat="35.131317" lon="129.020939"/><trkpt lat="35.131354" lon="129.020927"/><trkpt lat="35.131389" lon="129.020931"/><trkpt lat="35.131422" lon="129.020951"/><trkpt lat="35.131493" lon="129.020984"/><trkpt lat="35.131583" lon="129.021071"/><trkpt lat="35.131585" lon="129.021073"/></trkseg>
<trkseg><trkpt lat="35.126068" lon="129.013588"/><trkpt lat="35.126026" lon="129.013803"/><trkpt lat="35.126016" lon="129.013864"/><trkpt lat="35.126013" lon="129.013908"/><trkpt lat="35.126021" lon="129.013952"/><trkpt lat="35.126038" lon="129.013995"/><trkpt lat="35.126119" lon="129.014163"/><trkpt lat="35.126165" lon="129.014261"/><trkpt lat="35.126181" lon="129.014305"/><trkpt lat="35.126194" lon="129.014351"/><trkpt lat="35.126215" lon="129.014461"/><trkpt lat="35.126232" lon="129.014539"/><trkpt lat="35.126246" lon="129.014585"/><trkpt lat="35.126279" lon="129.014674"/><trkpt lat="35.126581" lon="129.015442"/><trkpt lat="35.126606" lon="129.0155"/><trkpt lat="35.126627" lon="129.015541"/><trkpt lat="35.126676" lon="129.015616"/><trkpt lat="35.126979" lon="129.016045"/><trkpt lat="35.127006" lon="129.016079"/><trkpt lat="35.127038" lon="129.016105"/><trkpt lat="35.127074" lon="129.016123"/><trkpt lat="35.127189" lon="129.016163"/><trkpt lat="35.127227" lon="129.016179"/><trkpt lat="35.127273" lon="129.016207"/><trkpt lat="35.127409" lon="129.016304"/><trkpt lat="35.127465" lon="129.016347"/><trkpt lat="35.127712" lon="129.016567"/><trkpt lat="35.127904" lon="129.016741"/><trkpt lat="35.127944" lon="129.016782"/><trkpt lat="35.127979" lon="129.01683"/><trkpt lat="35.128051" lon="129.01694"/><trkpt lat="35.128079" lon="129.016972"/><trkpt lat="35.128111" lon="129.016997"/><trkpt lat="35.128146" lon="129.017017"/><trkpt lat="35.12834" lon="129.017115"/><trkpt lat="35.128387" lon="129.017142"/><trkpt lat="35.128419" lon="129.017168"/><trkpt lat="35.128448" lon="129.0172"/><trkpt lat="35.12853" lon="129.017305"/><trkpt lat="35.128558" lon="129.017338"/><trkpt lat="35.128589" lon="129.017366"/><trkpt lat="35.128656" lon="129.017413"/><trkpt lat="35.128771" lon="129.017489"/><trkpt lat="35.128802" lon="129.017514"/><trkpt lat="35.128829" lon="129.017546"/><trkpt lat="35.12885" lon="129.017586"/><trkpt lat="35.128935" lon="129.01781"/><trkpt lat="35.129019" lon="129.018033"/><trkpt lat="35.129032" lon="129.018079"/><trkpt lat="35.129039" lon="129.018125"/><trkpt lat="35.129053" lon="129.018266"/><trkpt lat="35.12906" lon="129.018312"/><trkpt lat="35.129075" lon="129.018374"/><trkpt lat="35.129125" lon="129.018543"/><trkpt lat="35.129141" lon="129.018586"/><trkpt lat="35.129163" lon="129.018623"/><trkpt lat="35.129192" lon="129.018646"/><trkpt lat="35.129227" lon="129.018663"/><trkpt lat="35.129276" lon="129.018681"/><trkpt lat="35.129312" lon="129.01869"/><trkpt lat="35.129347" lon="129.01869"/><trkpt lat="35.12938" lon="129.018672"/><trkpt lat="35.129422" lon="129.018635"/><trkpt lat="35.129555" lon="129.018499"/><trkpt lat="35.129833" lon="129.01822"/><trkpt lat="35.1299" lon="129.018166"/><trkpt lat="35.130141" lon="129.017983"/><trkpt lat="35.130176" lon="129.017962"/><trkpt lat="35.130212" lon="129.017953"/><trkpt lat="35.130247" lon="129.017958"/><trkpt lat="35.130283" lon="129.017971"/><trkpt lat="35.130315" lon="129.017992"/><trkpt lat="35.130345" lon="129.018022"/><trkpt lat="35.130417" lon="129.018114"/><trkpt lat="35.130451" lon="129.018163"/><trkpt lat="35.13052" lon="129.018281"/><trkpt lat="35.130585" lon="129.018401"/><trkpt lat="35.130604" lon="129.018443"/><trkpt lat="35.130617" lon="129.018487"/><trkpt lat="35.130631" lon="129.018548"/><trkpt lat="35.130664" lon="129.018702"/><trkpt lat="35.130677" lon="129.018746"/><trkpt lat="35.130694" lon="129.018788"/><trkpt lat="35.130733" lon="129.018864"/><trkpt lat="35.130745" lon="129.018898"/><trkpt lat="35.130742" lon="129.018925"/><trkpt lat="35.130733" lon="129.018961"/><trkpt lat="35.130743" lon="129.019031"/><trkpt lat="35.130748" lon="129.019076"/><trkpt lat="35.130741" lon="129.01912"/><trkpt lat="35.130721" lon="129.019194"/><trkpt lat="35.130715" lon="129.019236"/><trkpt lat="35.130726" lon="129.019273"/><trkpt lat="35.13075" lon="129.019306"/><trkpt lat="35.13081" lon="129.01937"/><trkpt lat="35.130838" lon="129.019401"/><trkpt lat="35.130858" lon="129.019434"/><trkpt lat="35.130858" lon="129.01947"/><trkpt lat="35.130842" lon="129.019508"/><trkpt lat="35.130749" lon="129.019665"/><trkpt lat="35.130719" lon="129.019718"/><trkpt lat="35.130701" lon="129.01976"/><trkpt lat="35.130693" lon="129.019804"/><trkpt lat="35.130691" lon="129.019851"/><trkpt lat="35.130704" lon="129.020091"/><trkpt lat="35.130707" lon="129.02017"/><trkpt lat="35.130706" lon="129.020217"/><trkpt lat="35.130696" lon="129.02026"/><trkpt lat="35.130675" lon="129.020298"/><trkpt lat="35.130642" lon="129.020347"/><trkpt lat="35.130582" lon="129.020433"/><trkpt lat="35.13056" lon="129.020471"/><trkpt lat="35.130549" lon="129.020512"/><trkpt lat="35.130546" lon="129.02056"/><trkpt lat="35.130548" lon="129.02064"/><trkpt lat="35.13055" lon="129.020695"/></trkseg>
<trkseg><trkpt lat="35.125704" lon="129.012379"/><trkpt lat="35.12578" lon="129.012725"/><trkpt lat="35.125789" lon="129.012772"/><trkpt lat="35.125792" lon="129.012818"/><trkpt lat="35.125783" lon="129.01286"/><trkpt lat="35.125764" lon="129.012899"/><trkpt lat="35.125688" lon="129.013029"/><trkpt lat="35.125669" lon="129.01307"/><trkpt lat="35.125656" lon="129.013115"/><trkpt lat="35.125649" lon="129.013162"/><trkpt lat="35.125642" lon="129.013243"/><trkpt lat="35.125641" lon="129.013289"/><trkpt lat="35.125649" lon="129.01333"/><trkpt lat="35.125673" lon="129.01336"/><trkpt lat="35.125706" lon="129.013382"/><trkpt lat="35.125743" lon="129.013395"/><trkpt lat="35.12578" lon="129.0134"/><trkpt lat="35.125855" lon="129.013406"/><trkpt lat="35.125891" lon="129.013415"/><trkpt lat="35.125923" lon="129.013436"/><trkpt lat="35.125953" lon="129.013463"/><trkpt lat="35.126061" lon="129.013581"/><trkpt lat="35.126068" lon="129.013588"/></trkseg>
<trkseg><trkpt lat="35.136826" lon="129.006527"/><trkpt lat="35.136215" lon="129.006772"/><trkpt lat="35.136166" lon="129.006795"/><trkpt lat="35.13613" lon="129.006818"/><trkpt lat="35.136098" lon="129.006846"/><trkpt lat="35.135921" lon="129.007024"/><trkpt lat="35.135527" lon="129.007424"/><trkpt lat="35.135473" lon="129.007473"/><trkpt lat="35.135415" lon="129.007514"/><trkpt lat="35.134587" lon="129.008047"/><trkpt lat="35.134529" lon="129.008087"/><trkpt lat="35.134445" lon="129.00816"/><trkpt lat="35.134342" lon="129.008255"/><trkpt lat="35.134314" lon="129.008287"/><trkpt lat="35.134292" lon="129.008324"/><trkpt lat="35.134269" lon="129.008381"/><trkpt lat="35.134147" lon="129.008739"/><trkpt lat="35.134125" lon="129.008798"/><trkpt lat="35.134105" lon="129.00884"/><trkpt lat="35.134066" lon="129.008905"/><trkpt lat="35.134007" lon="129.008994"/><trkpt lat="35.13398" lon="129.00903"/><trkpt lat="35.133951" lon="129.009059"/><trkpt lat="35.133916" lon="129.009076"/><trkpt lat="35.133877" lon="129.009087"/><trkpt lat="35.133667" lon="129.009132"/><trkpt lat="35.133167" lon="129.009239"/><trkpt lat="35.133115" lon="129.009252"/><trkpt lat="35.13308" lon="129.009269"/><trkpt lat="35.13305" lon="129.009297"/><trkpt lat="35.133024" lon="129.009331"/><trkpt lat="35.132863" lon="129.009562"/><trkpt lat="35.132831" lon="129.009612"/><trkpt lat="35.13281" lon="129.009653"/><trkpt lat="35.132759" lon="129.009766"/><trkpt lat="35.132739" lon="129.009806"/><trkpt lat="35.132714" lon="129.00984"/><trkpt lat="35.132683" lon="129.009863"/><trkpt lat="35.132647" lon="129.009879"/><trkpt lat="35.132611" lon="129.009892"/><trkpt lat="35.132572" lon="129.009899"/><trkpt lat="35.132532" lon="129.009899"/><trkpt lat="35.132372" lon="129.009889"/><trkpt lat="35.132333" lon="129.009884"/><trkpt lat="35.132295" lon="129.009873"/><trkpt lat="35.132261" lon="129.009851"/><trkpt lat="35.132209" lon="129.009804"/><trkpt lat="35.13198" lon="129.009583"/><trkpt lat="35.131937" lon="129.009547"/><trkpt lat="35.131903" lon="129.009527"/><trkpt lat="35.131867" lon="129.009517"/><trkpt lat="35.131805" lon="129.009507"/><trkpt lat="35.131768" lon="129.009504"/><trkpt lat="35.13173" lon="129.009508"/><trkpt lat="35.131691" lon="129.009518"/><trkpt lat="35.131653" lon="129.009533"/><trkpt lat="35.131616" lon="129.009551"/><trkpt lat="35.131581" lon="129.009574"/><trkpt lat="35.131503" lon="129.009635"/><trkpt lat="35.131472" lon="129.009664"/><trkpt lat="35.131446" lon="129.009699"/><trkpt lat="35.131418" lon="129.009753"/><trkpt lat="35.131206" lon="129.010202"/><trkpt lat="35.131171" lon="129.01027"/><trkpt lat="35.131147" lon="129.010309"/><trkpt lat="35.131121" lon="129.010343"/><trkpt lat="35.131065" lon="129.010408"/><trkpt lat="35.131026" lon="129.010447"/><trkpt lat="35.130994" lon="129.010467"/><trkpt lat="35.130958" lon="129.010472"/><trkpt lat="35.130907" lon="129.010465"/><trkpt lat="35.130803" lon="129.010444"/><trkpt lat="35.130739" lon="129.010428"/><trkpt lat="35.130701" lon="129.010413"/><trkpt lat="35.130639" lon="129.010381"/><trkpt lat="35.130283" lon="129.010184"/><trkpt lat="35.130234" lon="129.010161"/><trkpt lat="35.130196" lon="129.010151"/><trkpt lat="35.130157" lon="129.010149"/><trkpt lat="35.130092" lon="129.010154"/><trkpt lat="35.129935" lon="129.010167"/><trkpt lat="35.129896" lon="129.010167"/><trkpt lat="35.129858" lon="129.010159"/><trkpt lat="35.12982" lon="129.010144"/><trkpt lat="35.129522" lon="129.010009"/><trkpt lat="35.129486" lon="129.009989"/><trkpt lat="35.129145" lon="129.009757"/><trkpt lat="35.128921" lon="129.009603"/><trkpt lat="35.128889" lon="129.009576"/><trkpt lat="35.128861" lon="129.009542"/><trkpt lat="35.128837" lon="129.009505"/><trkpt lat="35.128623" lon="129.009117"/></trkseg>
<trkseg><trkpt lat="35.141407" lon="129.016286"/><trkpt lat="35.141387" lon="129.016235"/><trkpt lat="35.141362" lon="129.016194"/><trkpt lat="35.141334" lon="129.016189"/><trkpt lat="35.141306" lon="129.01621"/><trkpt lat="35.141267" lon="129.016248"/><trkpt lat="35.14124" lon="129.016279"/><trkpt lat="35.141218" lon="129.016315"/><trkpt lat="35.141207" lon="129.016358"/><trkpt lat="35.141201" lon="129.016406"/><trkpt lat="35.141185" lon="129.016632"/><trkpt lat="35.141178" lon="129.016696"/><trkpt lat="35.141167" lon="129.016742"/><trkpt lat="35.141135" lon="129.016831"/><trkpt lat="35.141078" lon="129.016977"/><trkpt lat="35.141064" lon="129.017022"/><trkpt lat="35.141056" lon="129.017069"/><trkpt lat="35.141052" lon="129.017133"/><trkpt lat="35.141041" lon="129.017521"/><trkpt lat="35.141036" lon="129.017585"/><trkpt lat="35.141029" lon="129.017631"/><trkpt lat="35.141004" lon="129.017736"/><trkpt lat="35.140997" lon="129.017781"/><trkpt lat="35.140995" lon="129.01783"/><trkpt lat="35.141" lon="129.017944"/><trkpt lat="35.141012" lon="129.018158"/><trkpt lat="35.141011" lon="129.018204"/><trkpt lat="35.141014" lon="129.018377"/><trkpt lat="35.140939" lon="129.018713"/><trkpt lat="35.140937" lon="129.018762"/><trkpt lat="35.14093" lon="129.018824"/><trkpt lat="35.140912" lon="129.018931"/><trkpt lat="35.140898" lon="129.018991"/><trkpt lat="35.140883" lon="129.019033"/><trkpt lat="35.14085" lon="129.019099"/><trkpt lat="35.140828" lon="129.019138"/><trkpt lat="35.140804" lon="129.019173"/><trkpt lat="35.140774" lon="129.019204"/><trkpt lat="35.14052" lon="129.019413"/><trkpt lat="35.140375" lon="129.019531"/><trkpt lat="35.140344" lon="129.019561"/><trkpt lat="35.140319" lon="129.019596"/><trkpt lat="35.1403" lon="129.019636"/><trkpt lat="35.14029" lon="129.019679"/><trkpt lat="35.140294" lon="129.019723"/><trkpt lat="35.140304" lon="129.019768"/><trkpt lat="35.140382" lon="129.020024"/><trkpt lat="35.140397" lon="129.020084"/><trkpt lat="35.140403" lon="129.020131"/><trkpt lat="35.1404" lon="129.02018"/><trkpt lat="35.14038" lon="129.020321"/><trkpt lat="35.140379" lon="129.020324"/></trkseg>
<trkseg><trkpt lat="35.121858" lon="129.025373"/><trkpt lat="35.121871" lon="129.025389"/><trkpt lat="35.121891" lon="129.025432"/><trkpt lat="35.121903" lon="129.02549"/><trkpt lat="35.121907" lon="129.025589"/><trkpt lat="35.12192" lon="129.026127"/><trkpt lat="35.121924" lon="129.026192"/><trkpt lat="35.121933" lon="129.026238"/><trkpt lat="35.12195" lon="129.026282"/><trkpt lat="35.122056" lon="129.026511"/><trkpt lat="35.12231" lon="129.027054"/><trkpt lat="35.122334" lon="129.027113"/><trkpt lat="35.122348" lon="129.027158"/><trkpt lat="35.12236" lon="129.027221"/><trkpt lat="35.122474" lon="129.027876"/><trkpt lat="35.122521" lon="129.028147"/><trkpt lat="35.122533" lon="129.028193"/><trkpt lat="35.122549" lon="129.028237"/><trkpt lat="35.122662" lon="129.028479"/><trkpt lat="35.122847" lon="129.028879"/><trkpt lat="35.122875" lon="129.028935"/><trkpt lat="35.122899" lon="129.028972"/><trkpt lat="35.122929" lon="129.029"/><trkpt lat="35.122965" lon="129.029016"/><trkpt lat="35.123017" lon="129.029027"/><trkpt lat="35.123124" lon="129.029044"/><trkpt lat="35.123162" lon="129.029055"/><trkpt lat="35.123197" lon="129.029074"/><trkpt lat="35.123227" lon="129.029104"/><trkpt lat="35.123264" lon="129.02915"/><trkpt lat="35.123428" lon="129.029367"/><trkpt lat="35.123462" lon="129.029416"/><trkpt lat="35.123501" lon="129.029481"/><trkpt lat="35.123639" lon="129.029732"/><trkpt lat="35.123666" lon="129.029786"/><trkpt lat="35.123683" lon="129.02983"/><trkpt lat="35.123706" lon="129.029906"/><trkpt lat="35.123722" lon="129.029949"/><trkpt lat="35.123745" lon="129.029985"/><trkpt lat="35.123773" lon="129.030015"/><trkpt lat="35.123824" lon="129.030061"/><trkpt lat="35.123866" lon="129.030095"/><trkpt lat="35.123901" lon="129.030116"/><trkpt lat="35.123951" lon="129.030139"/><trkpt lat="35.124289" lon="129.030284"/><trkpt lat="35.124452" lon="129.030353"/><trkpt lat="35.12449" lon="129.030364"/><trkpt lat="35.124528" lon="129.030366"/><trkpt lat="35.124565" lon="129.03036"/><trkpt lat="35.124679" lon="129.03033"/><trkpt lat="35.124728" lon="129.030312"/><trkpt lat="35.124763" lon="129.030293"/><trkpt lat="35.124919" lon="129.030188"/></trkseg>
<trkseg><trkpt lat="35.139342" lon="129.004548"/><trkpt lat="35.13937" lon="129.004588"/><trkpt lat="35.139405" lon="129.004625"/><trkpt lat="35.139446" lon="129.004648"/><trkpt lat="35.139485" lon="129.004658"/><trkpt lat="35.139524" lon="129.004663"/><trkpt lat="35.139564" lon="129.004663"/><trkpt lat="35.139657" lon="129.004655"/><trkpt lat="35.139697" lon="129.004657"/><trkpt lat="35.139735" lon="129.004668"/><trkpt lat="35.139811" lon="129.004695"/><trkpt lat="35.13985" lon="129.004699"/><trkpt lat="35.139901" lon="129.004696"/><trkpt lat="35.140043" lon="129.004675"/><trkpt lat="35.140095" lon="129.00467"/><trkpt lat="35.140132" lon="129.004673"/><trkpt lat="35.140169" lon="129.004685"/><trkpt lat="35.14024" lon="129.004724"/><trkpt lat="35.14037" lon="129.004801"/><trkpt lat="35.140416" lon="129.004834"/><trkpt lat="35.140833" lon="129.005168"/><trkpt lat="35.141014" lon="129.005312"/><trkpt lat="35.141056" lon="129.00535"/><trkpt lat="35.141082" lon="129.005383"/><trkpt lat="35.141096" lon="129.005423"/><trkpt lat="35.141111" lon="129.005497"/><trkpt lat="35.141122" lon="129.005542"/><trkpt lat="35.141138" lon="129.005585"/><trkpt lat="35.141176" lon="129.005668"/><trkpt lat="35.141191" lon="129.005711"/><trkpt lat="35.141196" lon="129.005756"/><trkpt lat="35.141192" lon="129.005803"/><trkpt lat="35.14116" lon="129.006013"/><trkpt lat="35.141096" lon="129.006432"/><trkpt lat="35.141093" lon="129.00648"/><trkpt lat="35.141097" lon="129.006526"/><trkpt lat="35.141108" lon="129.006572"/><trkpt lat="35.141165" lon="129.006769"/><trkpt lat="35.141186" lon="129.006845"/><trkpt lat="35.141194" lon="129.006891"/><trkpt lat="35.141193" lon="129.006937"/><trkpt lat="35.141184" lon="129.006982"/><trkpt lat="35.141136" lon="129.007166"/><trkpt lat="35.141112" lon="129.007257"/><trkpt lat="35.141105" lon="129.007304"/><trkpt lat="35.141103" lon="129.007346"/><trkpt lat="35.141106" lon="129.007389"/><trkpt lat="35.141114" lon="129.007432"/><trkpt lat="35.141134" lon="129.007491"/><trkpt lat="35.141272" lon="129.007842"/><trkpt lat="35.141305" lon="129.00793"/><trkpt lat="35.141318" lon="129.007976"/><trkpt lat="35.141325" lon="129.00802"/><trkpt lat="35.141338" lon="129.008108"/><trkpt lat="35.141349" lon="129.008152"/><trkpt lat="35.141366" lon="129.008195"/><trkpt lat="35.141405" lon="129.008279"/><trkpt lat="35.141527" lon="129.008529"/><trkpt lat="35.141544" lon="129.008572"/><trkpt lat="35.141555" lon="129.008616"/><trkpt lat="35.141563" lon="129.008693"/><trkpt lat="35.141572" lon="129.008738"/><trkpt lat="35.141587" lon="129.008782"/><trkpt lat="35.14163" lon="129.008883"/><trkpt lat="35.141665" lon="129.008952"/><trkpt lat="35.141689" lon="129.008987"/><trkpt lat="35.141722" lon="129.009008"/><trkpt lat="35.141764" lon="129.009008"/><trkpt lat="35.141797" lon="129.008984"/><trkpt lat="35.141813" lon="129.008961"/><trkpt lat="35.141814" lon="129.008958"/></trkseg>
<trkseg><trkpt lat="35.124031" lon="129.012064"/><trkpt lat="35.124056" lon="129.012139"/><trkpt lat="35.124082" lon="129.012214"/><trkpt lat="35.124101" lon="129.012256"/><trkpt lat="35.124125" lon="129.012291"/><trkpt lat="35.124156" lon="129.012318"/><trkpt lat="35.124327" lon="129.012435"/><trkpt lat="35.124407" lon="129.01249"/><trkpt lat="35.124439" lon="129.012516"/><trkpt lat="35.12447" lon="129.012547"/><trkpt lat="35.124613" lon="129.012714"/><trkpt lat="35.124671" lon="129.01278"/><trkpt lat="35.124702" lon="129.01281"/><trkpt lat="35.124735" lon="129.012835"/><trkpt lat="35.124852" lon="129.01291"/><trkpt lat="35.12492" lon="129.012958"/><trkpt lat="35.124952" lon="129.012986"/><trkpt lat="35.125022" lon="129.013064"/><trkpt lat="35.12516" lon="129.01322"/><trkpt lat="35.125192" lon="129.013249"/><trkpt lat="35.125227" lon="129.01327"/><trkpt lat="35.125504" lon="129.013389"/><trkpt lat="35.125906" lon="129.013561"/><trkpt lat="35.12596" lon="129.013579"/><trkpt lat="35.126008" lon="129.013585"/><trkpt lat="35.126068" lon="129.013588"/></trkseg>
<trkseg><trkpt lat="35.128219" lon="129.022429"/><trkpt lat="35.127972" lon="129.022525"/></trkseg>
<trkseg><trkpt lat="35.141736" lon="129.004689"/><trkpt lat="35.141727" lon="129.004949"/><trkpt lat="35.141729" lon="129.004997"/><trkpt lat="35.141782" lon="129.005464"/><trkpt lat="35.141792" lon="129.005561"/><trkpt lat="35.141793" lon="129.005609"/><trkpt lat="35.141788" lon="129.005674"/><trkpt lat="35.141743" lon="129.006093"/><trkpt lat="35.14173" lon="129.006189"/><trkpt lat="35.14172" lon="129.006237"/><trkpt lat="35.141655" lon="129.006452"/><trkpt lat="35.141637" lon="129.006514"/><trkpt lat="35.141627" lon="129.006561"/><trkpt lat="35.141623" lon="129.006608"/><trkpt lat="35.141622" lon="129.006671"/><trkpt lat="35.141621" lon="129.006876"/><trkpt lat="35.141618" lon="129.006924"/><trkpt lat="35.141604" lon="129.007019"/><trkpt lat="35.141539" lon="129.007384"/><trkpt lat="35.141528" lon="129.007463"/><trkpt lat="35.141526" lon="129.007511"/><trkpt lat="35.141532" lon="129.007576"/><trkpt lat="35.141595" lon="129.007996"/><trkpt lat="35.141612" lon="129.008093"/><trkpt lat="35.141814" lon="129.008958"/></trkseg>
<trkseg><trkpt lat="35.125704" lon="129.012379"/><trkpt lat="35.125612" lon="129.012287"/><trkpt lat="35.125583" lon="129.012251"/><trkpt lat="35.12556" lon="129.012213"/><trkpt lat="35.125434" lon="129.01199"/><trkpt lat="35.12538" lon="129.011899"/><trkpt lat="35.125355" lon="129.011863"/><trkpt lat="35.125317" lon="129.011818"/><trkpt lat="35.125158" lon="129.011646"/><trkpt lat="35.12511" lon="129.01159"/><trkpt lat="35.125085" lon="129.011553"/><trkpt lat="35.125012" lon="129.011418"/><trkpt lat="35.124978" lon="129.01135"/><trkpt lat="35.124964" lon="129.011308"/><trkpt lat="35.124962" lon="129.011264"/><trkpt lat="35.12497" lon="129.011218"/><trkpt lat="35.125015" lon="129.011047"/><trkpt lat="35.125165" lon="129.010473"/></trkseg>
<trkseg><trkpt lat="35.124031" lon="129.012064"/><trkpt lat="35.124109" lon="129.012046"/><trkpt lat="35.124156" lon="129.012033"/><trkpt lat="35.124191" lon="129.012017"/><trkpt lat="35.124223" lon="129.011991"/><trkpt lat="35.124264" lon="129.011951"/><trkpt lat="35.124323" lon="129.011887"/><trkpt lat="35.124349" lon="129.011854"/><trkpt lat="35.124366" lon="129.011818"/><trkpt lat="35.124366" lon="129.011776"/><trkpt lat="35.124353" lon="129.011734"/><trkpt lat="35.124333" lon="129.011701"/><trkpt lat="35.124306" lon="129.01166"/><trkpt lat="35.124293" lon="129.01162"/><trkpt lat="35.124279" lon="129.011547"/><trkpt lat="35.124267" lon="129.011506"/><trkpt lat="35.124235" lon="129.011451"/><trkpt lat="35.124222" lon="129.011419"/><trkpt lat="35.124223" lon="129.011378"/><trkpt lat="35.124235" lon="129.011333"/><trkpt lat="35.124251" lon="129.011289"/><trkpt lat="35.12427" lon="129.011247"/><trkpt lat="35.124295" lon="129.011213"/><trkpt lat="35.124325" lon="129.011184"/><trkpt lat="35.124357" lon="129.011158"/><trkpt lat="35.12439" lon="129.011136"/><trkpt lat="35.124425" lon="129.011121"/><trkpt lat="35.124462" lon="129.011114"/><trkpt lat="35.124538" lon="129.011105"/><trkpt lat="35.124575" lon="129.011095"/><trkpt lat="35.124611" lon="129.011076"/><trkpt lat="35.124646" lon="129.011053"/><trkpt lat="35.124676" lon="129.011025"/><trkpt lat="35.124698" lon="129.010988"/><trkpt lat="35.124712" lon="129.010943"/><trkpt lat="35.12475" lon="129.010786"/><trkpt lat="35.124771" lon="129.010708"/><trkpt lat="35.124788" lon="129.010667"/><trkpt lat="35.124814" lon="129.010637"/><trkpt lat="35.124849" lon="129.010616"/><trkpt lat="35.124899" lon="129.010592"/><trkpt lat="35.125165" lon="129.010473"/></trkseg>
<trkseg><trkpt lat="35.141948" lon="129.010727"/><trkpt lat="35.141918" lon="129.010775"/><trkpt lat="35.141892" lon="129.010828"/><trkpt lat="35.141881" lon="129.010877"/><trkpt lat="35.141871" lon="129.010986"/><trkpt lat="35.141864" lon="129.011048"/><trkpt lat="35.141853" lon="129.011092"/><trkpt lat="35.141829" lon="129.011149"/><trkpt lat="35.141791" lon="129.011232"/><trkpt lat="35.141777" lon="129.011275"/><trkpt lat="35.141771" lon="129.011318"/><trkpt lat="35.141767" lon="129.011362"/><trkpt lat="35.141767" lon="129.011407"/><trkpt lat="35.141772" lon="129.011473"/><trkpt lat="35.141779" lon="129.011521"/><trkpt lat="35.141791" lon="129.011567"/><trkpt lat="35.141807" lon="129.011612"/><trkpt lat="35.141927" lon="129.011887"/><trkpt lat="35.141951" lon="129.011946"/><trkpt lat="35.141964" lon="129.011991"/><trkpt lat="35.141969" lon="129.012038"/><trkpt lat="35.14197" lon="129.012102"/><trkpt lat="35.141968" lon="129.012313"/><trkpt lat="35.141972" lon="129.012361"/><trkpt lat="35.14198" lon="129.012408"/><trkpt lat="35.142023" lon="129.012579"/><trkpt lat="35.142041" lon="129.012657"/><trkpt lat="35.142047" lon="129.012704"/><trkpt lat="35.142045" lon="129.012751"/><trkpt lat="35.14203" lon="129.012864"/><trkpt lat="35.142002" lon="129.013041"/><trkpt lat="35.141989" lon="129.013104"/><trkpt lat="35.141968" lon="129.013173"/><trkpt lat="35.141961" lon="129.01321"/><trkpt lat="35.141973" lon="129.013247"/><trkpt lat="35.141995" lon="129.013284"/><trkpt lat="35.142119" lon="129.013457"/><trkpt lat="35.142165" lon="129.013516"/><trkpt lat="35.142195" lon="129.013547"/><trkpt lat="35.142227" lon="129.01357"/><trkpt lat="35.142297" lon="129.013609"/><trkpt lat="35.14233" lon="129.013631"/><trkpt lat="35.142355" lon="129.01366"/><trkpt lat="35.142371" lon="129.013701"/><trkpt lat="35.142388" lon="129.013761"/><trkpt lat="35.142416" lon="129.013886"/><trkpt lat="35.142423" lon="129.013932"/><trkpt lat="35.142422" lon="129.01398"/><trkpt lat="35.142413" lon="129.014044"/><trkpt lat="35.142308" lon="129.014569"/></trkseg>
<trkseg><trkpt lat="35.13391" lon="129.033818"/><trkpt lat="35.133717" lon="129.033892"/><trkpt lat="35.13368" lon="129.033909"/><trkpt lat="35.133645" lon="129.033931"/><trkpt lat="35.133585" lon="129.033982"/><trkpt lat="35.133554" lon="129.033999"/><trkpt lat="35.133498" lon="129.034005"/><trkpt lat="35.133467" lon="129.034014"/><trkpt lat="35.13343" lon="129.034037"/><trkpt lat="35.133396" lon="129.034043"/><trkpt lat="35.133359" lon="129.034038"/><trkpt lat="35.133177" lon="129.033987"/><trkpt lat="35.132878" lon="129.0339"/><trkpt lat="35.132826" lon="129.033889"/><trkpt lat="35.132787" lon="129.033887"/><trkpt lat="35.132749" lon="129.033893"/><trkpt lat="35.132544" lon="129.033948"/><trkpt lat="35.132377" lon="129.033994"/></trkseg>
<trkseg><trkpt lat="35.132397" lon="129.032361"/><trkpt lat="35.132466" lon="129.032349"/><trkpt lat="35.132532" lon="129.03234"/><trkpt lat="35.132564" lon="129.032341"/><trkpt lat="35.13258" lon="129.032359"/><trkpt lat="35.132575" lon="129.032395"/><trkpt lat="35.132554" lon="129.032469"/><trkpt lat="35.132448" lon="129.032804"/><trkpt lat="35.132438" lon="129.03285"/><trkpt lat="35.132435" lon="129.032897"/><trkpt lat="35.13244" lon="129.032961"/><trkpt lat="35.132473" lon="129.033218"/><trkpt lat="35.132483" lon="129.033281"/><trkpt lat="35.132495" lon="129.033326"/><trkpt lat="35.132516" lon="129.033384"/><trkpt lat="35.132607" lon="129.033611"/></trkseg>
<trkseg><trkpt lat="35.132607" lon="129.033611"/><trkpt lat="35.132478" lon="129.033746"/><trkpt lat="35.132463" lon="129.033766"/><trkpt lat="35.132456" lon="129.033788"/><trkpt lat="35.132457" lon="129.03383"/><trkpt lat="35.132451" lon="129.033855"/><trkpt lat="35.13244" lon="129.03388"/><trkpt lat="35.132377" lon="129.033994"/></trkseg>
<trkseg><trkpt lat="35.142308" lon="129.014569"/><trkpt lat="35.142277" lon="129.014926"/><trkpt lat="35.142269" lon="129.014974"/><trkpt lat="35.142256" lon="129.015019"/><trkpt lat="35.14224" lon="129.015063"/><trkpt lat="35.142222" lon="129.015105"/><trkpt lat="35.142199" lon="129.015141"/><trkpt lat="35.142168" lon="129.015167"/><trkpt lat="35.142121" lon="129.015193"/><trkpt lat="35.14206" lon="129.01522"/><trkpt lat="35.142023" lon="129.015232"/><trkpt lat="35.141985" lon="129.015233"/><trkpt lat="35.141946" lon="129.015225"/><trkpt lat="35.141831" lon="129.015193"/><trkpt lat="35.141794" lon="129.015184"/><trkpt lat="35.141759" lon="129.015184"/><trkpt lat="35.141732" lon="129.015204"/><trkpt lat="35.141702" lon="129.015248"/><trkpt lat="35.141678" lon="129.015277"/><trkpt lat="35.141642" lon="129.0153"/><trkpt lat="35.141619" lon="129.015331"/><trkpt lat="35.141599" lon="129.015371"/><trkpt lat="35.14157" lon="129.015443"/><trkpt lat="35.141556" lon="129.015488"/><trkpt lat="35.141551" lon="129.015534"/><trkpt lat="35.141555" lon="129.015581"/><trkpt lat="35.141569" lon="129.015659"/><trkpt lat="35.141605" lon="129.015832"/><trkpt lat="35.14161" lon="129.015878"/><trkpt lat="35.141606" lon="129.015922"/><trkpt lat="35.141589" lon="129.015964"/><trkpt lat="35.141553" lon="129.016031"/><trkpt lat="35.141407" lon="129.016286"/></trkseg>
<trkseg><trkpt lat="35.141814" lon="129.008958"/><trkpt lat="35.141846" lon="129.009183"/><trkpt lat="35.14185" lon="129.009231"/><trkpt lat="35.14185" lon="129.009279"/><trkpt lat="35.141841" lon="129.009377"/><trkpt lat="35.141772" lon="129.009993"/><trkpt lat="35.141763" lon="129.01009"/><trkpt lat="35.141764" lon="129.010138"/><trkpt lat="35.141773" lon="129.010184"/><trkpt lat="35.141801" lon="129.010275"/><trkpt lat="35.141948" lon="129.010727"/></trkseg>
<trkseg><trkpt lat="35.128496" lon="129.009304"/><trkpt lat="35.128465" lon="129.009308"/><trkpt lat="35.12842" lon="129.009321"/><trkpt lat="35.128378" lon="129.009347"/><trkpt lat="35.128326" lon="129.009395"/><trkpt lat="35.128193" lon="129.009525"/><trkpt lat="35.128161" lon="129.009552"/><trkpt lat="35.128103" lon="129.009592"/><trkpt lat="35.128031" lon="129.009635"/><trkpt lat="35.127994" lon="129.009654"/><trkpt lat="35.127956" lon="129.009667"/><trkpt lat="35.127917" lon="129.009673"/><trkpt lat="35.127663" lon="129.00968"/><trkpt lat="35.127582" lon="129.009684"/><trkpt lat="35.127543" lon="129.009691"/><trkpt lat="35.127506" lon="129.009706"/><trkpt lat="35.127457" lon="129.009733"/><trkpt lat="35.127421" lon="129.009756"/><trkpt lat="35.127389" lon="129.009784"/><trkpt lat="35.127359" lon="129.009817"/><trkpt lat="35.127174" lon="129.010053"/><trkpt lat="35.127139" lon="129.010102"/><trkpt lat="35.127116" lon="129.010141"/><trkpt lat="35.127101" lon="129.010183"/><trkpt lat="35.127078" lon="129.010272"/><trkpt lat="35.127063" lon="129.010331"/><trkpt lat="35.127046" lon="129.010374"/><trkpt lat="35.127024" lon="129.010413"/><trkpt lat="35.126981" lon="129.010475"/><trkpt lat="35.126954" lon="129.010511"/><trkpt lat="35.126894" lon="129.010575"/><trkpt lat="35.126632" lon="129.010851"/><trkpt lat="35.126603" lon="129.010885"/><trkpt lat="35.12657" lon="129.010935"/><trkpt lat="35.126507" lon="129.01104"/><trkpt lat="35.126477" lon="129.011094"/><trkpt lat="35.12646" lon="129.011137"/><trkpt lat="35.126445" lon="129.011199"/><trkpt lat="35.126368" lon="129.011614"/><trkpt lat="35.126353" lon="129.011676"/><trkpt lat="35.126336" lon="129.011718"/><trkpt lat="35.126312" lon="129.011755"/><trkpt lat="35.126266" lon="129.011811"/><trkpt lat="35.126236" lon="129.011842"/><trkpt lat="35.126203" lon="129.011869"/><trkpt lat="35.126099" lon="129.011935"/><trkpt lat="35.126055" lon="129.011966"/><trkpt lat="35.126029" lon="129.011996"/><trkpt lat="35.126014" lon="129.012036"/><trkpt lat="35.126006" lon="129.012083"/><trkpt lat="35.125986" lon="129.012245"/><trkpt lat="35.125976" lon="129.012309"/><trkpt lat="35.125962" lon="129.012352"/><trkpt lat="35.125938" lon="129.012385"/><trkpt lat="35.125908" lon="129.012414"/><trkpt lat="35.125876" lon="129.012436"/><trkpt lat="35.125843" lon="129.012445"/><trkpt lat="35.125806" lon="129.012434"/><trkpt lat="35.12576" lon="129.012411"/><trkpt lat="35.125704" lon="129.012379"/></trkseg>
<trkseg><trkpt lat="35.128496" lon="129.009304"/><trkpt lat="35.128623" lon="129.009117"/></trkseg>
<trkseg><trkpt lat="35.142261" lon="129.040558"/><trkpt lat="35.14223" lon="129.040554"/><trkpt lat="35.142188" lon="129.040536"/><trkpt lat="35.142155" lon="129.0405"/><trkpt lat="35.142134" lon="129.04046"/><trkpt lat="35.142065" lon="129.040303"/><trkpt lat="35.142044" lon="129.040262"/><trkpt lat="35.142019" lon="129.040226"/><trkpt lat="35.141988" lon="129.040196"/><trkpt lat="35.141798" lon="129.040041"/><trkpt lat="35.141754" lon="129.040003"/><trkpt lat="35.141724" lon="129.039972"/><trkpt lat="35.1417" lon="129.039935"/><trkpt lat="35.141662" lon="129.03985"/><trkpt lat="35.141641" lon="129.03981"/><trkpt lat="35.141614" lon="129.039778"/><trkpt lat="35.14158" lon="129.039751"/><trkpt lat="35.141498" lon="129.039696"/><trkpt lat="35.141465" lon="129.039669"/><trkpt lat="35.141438" lon="129.039635"/><trkpt lat="35.141416" lon="129.039597"/><trkpt lat="35.141361" lon="129.039486"/><trkpt lat="35.141326" lon="129.039418"/><trkpt lat="35.141302" lon="129.03938"/><trkpt lat="35.141274" lon="129.039347"/><trkpt lat="35.141232" lon="129.039306"/><trkpt lat="35.140965" lon="129.039057"/><trkpt lat="35.140921" lon="129.039021"/><trkpt lat="35.140887" lon="129.039001"/><trkpt lat="35.140831" lon="129.038983"/><trkpt lat="35.140797" lon="129.03897"/><trkpt lat="35.140764" lon="129.038949"/><trkpt lat="35.1407" lon="129.038899"/><trkpt lat="35.140668" lon="129.038876"/><trkpt lat="35.140634" lon="129.038859"/><trkpt lat="35.140597" lon="129.038851"/><trkpt lat="35.140532" lon="129.038844"/><trkpt lat="35.140442" lon="129.03884"/><trkpt lat="35.140401" lon="129.038845"/><trkpt lat="35.140354" lon="129.038858"/><trkpt lat="35.140296" lon="129.038878"/></trkseg>
<trkseg><trkpt lat="35.137036" lon="129.033135"/><trkpt lat="35.137368" lon="129.031334"/></trkseg>
<trkseg><trkpt lat="35.137587" lon="129.031095"/><trkpt lat="35.137977" lon="129.031526"/><trkpt lat="35.138012" lon="129.031576"/><trkpt lat="35.138297" lon="129.032036"/><trkpt lat="35.13833" lon="129.032086"/><trkpt lat="35.138359" lon="129.032118"/><trkpt lat="35.138402" lon="129.032139"/><trkpt lat="35.13845" lon="129.032152"/><trkpt lat="35.138482" lon="129.032159"/></trkseg>
<trkseg><trkpt lat="35.120716" lon="129.025656"/><trkpt lat="35.1209" lon="129.025545"/><trkpt lat="35.120935" lon="129.025528"/><trkpt lat="35.120974" lon="129.025517"/><trkpt lat="35.121161" lon="129.025482"/><trkpt lat="35.121361" lon="129.025447"/><trkpt lat="35.121407" lon="129.025446"/><trkpt lat="35.121456" lon="129.025455"/><trkpt lat="35.1215" lon="129.025468"/></trkseg>
<trkseg><trkpt lat="35.119731" lon="129.025135"/><trkpt lat="35.120323" lon="129.025457"/><trkpt lat="35.1204" lon="129.025488"/><trkpt lat="35.12062" lon="129.025567"/><trkpt lat="35.120663" lon="129.025589"/><trkpt lat="35.1207" lon="129.025623"/><trkpt lat="35.120716" lon="129.025652"/><trkpt lat="35.120716" lon="129.025656"/></trkseg>
<trkseg><trkpt lat="35.137036" lon="129.033135"/><trkpt lat="35.138328" lon="129.032293"/><trkpt lat="35.138482" lon="129.032159"/></trkseg>
<trkseg><trkpt lat="35.128282" lon="129.029799"/><trkpt lat="35.12819" lon="129.029795"/></trkseg>
<trkseg><trkpt lat="35.111387" lon="129.003257"/><trkpt lat="35.111328" lon="129.003282"/><trkpt lat="35.111284" lon="129.003308"/><trkpt lat="35.111254" lon="129.003339"/><trkpt lat="35.111215" lon="129.0034"/><trkpt lat="35.11119" lon="129.003436"/><trkpt lat="35.11116" lon="129.003464"/><trkpt lat="35.111115" lon="129.003495"/><trkpt lat="35.111033" lon="129.003544"/><trkpt lat="35.110984" lon="129.003568"/><trkpt lat="35.110946" lon="129.003581"/><trkpt lat="35.110735" lon="129.003634"/><trkpt lat="35.110576" lon="129.003672"/></trkseg>
<trkseg><trkpt lat="35.121849" lon="129.025235"/><trkpt lat="35.121858" lon="129.025373"/></trkseg>
<trkseg><trkpt lat="35.1215" lon="129.025468"/><trkpt lat="35.121552" lon="129.02547"/><trkpt lat="35.121576" lon="129.025466"/><trkpt lat="35.121597" lon="129.025457"/><trkpt lat="35.121636" lon="129.025432"/><trkpt lat="35.121722" lon="129.025377"/><trkpt lat="35.121742" lon="129.025368"/><trkpt lat="35.121763" lon="129.025366"/><trkpt lat="35.121858" lon="129.025373"/></trkseg>
<trkseg><trkpt lat="35.139941" lon="129.003684"/><trkpt lat="35.139749" lon="129.004146"/><trkpt lat="35.139723" lon="129.004202"/><trkpt lat="35.1397" lon="129.00424"/><trkpt lat="35.139672" lon="129.004273"/><trkpt lat="35.139497" lon="129.00445"/><trkpt lat="35.139442" lon="129.004501"/><trkpt lat="35.139398" lon="129.004528"/><trkpt lat="35.139359" lon="129.004543"/><trkpt lat="35.139342" lon="129.004548"/></trkseg>
<trkseg><trkpt lat="35.131585" lon="129.021073"/><trkpt lat="35.131622" lon="129.021092"/><trkpt lat="35.13164" lon="129.021107"/><trkpt lat="35.131653" lon="129.021131"/><trkpt lat="35.131682" lon="129.021205"/><trkpt lat="35.131692" lon="129.021222"/><trkpt lat="35.131706" lon="129.021232"/><trkpt lat="35.13173" lon="129.021239"/><trkpt lat="35.13183" lon="129.021253"/></trkseg>
<trkseg><trkpt lat="35.137368" lon="129.031334"/><trkpt lat="35.137365" lon="129.031202"/><trkpt lat="35.137368" lon="129.031174"/><trkpt lat="35.137376" lon="129.031147"/><trkpt lat="35.137394" lon="129.031105"/><trkpt lat="35.137407" lon="129.031083"/><trkpt lat="35.137424" lon="129.03107"/><trkpt lat="35.137445" lon="129.031068"/><trkpt lat="35.137484" lon="129.031074"/><trkpt lat="35.137587" lon="129.031095"/></trkseg>
<trkseg><trkpt lat="35.116825" lon="128.979993"/><trkpt lat="35.116756" lon="128.979857"/><trkpt lat="35.116732" lon="128.979803"/><trkpt lat="35.116719" lon="128.979764"/><trkpt lat="35.116721" lon="128.979726"/><trkpt lat="35.116741" lon="128.97969"/><trkpt lat="35.116779" lon="128.979632"/><trkpt lat="35.116788" lon="128.979594"/><trkpt lat="35.116782" lon="128.979553"/><trkpt lat="35.116761" lon="128.979482"/><trkpt lat="35.11675" lon="128.979439"/><trkpt lat="35.116749" lon="128.979396"/><trkpt lat="35.11676" lon="128.979355"/><trkpt lat="35.116784" lon="128.979286"/><trkpt lat="35.116795" lon="128.979245"/><trkpt lat="35.116796" lon="128.979201"/><trkpt lat="35.116788" lon="128.979143"/><trkpt lat="35.116788" lon="128.979102"/><trkpt lat="35.116803" lon="128.979039"/><trkpt lat="35.116809" lon="128.978992"/><trkpt lat="35.116811" lon="128.978928"/><trkpt lat="35.116811" lon="128.978734"/><trkpt lat="35.116813" lon="128.978685"/><trkpt lat="35.116823" lon="128.978622"/><trkpt lat="35.116836" lon="128.97856"/><trkpt lat="35.116849" lon="128.978517"/><trkpt lat="35.116869" lon="128.978482"/><trkpt lat="35.116906" lon="128.978434"/><trkpt lat="35.11692" lon="128.978393"/><trkpt lat="35.11693" lon="128.978348"/><trkpt lat="35.11694" lon="128.978286"/><trkpt lat="35.116943" lon="128.97824"/><trkpt lat="35.116938" lon="128.978195"/><trkpt lat="35.116927" lon="128.978139"/><trkpt lat="35.11693" lon="128.978074"/><trkpt lat="35.116926" lon="128.978039"/><trkpt lat="35.116899" lon="128.977986"/><trkpt lat="35.116888" lon="128.977953"/><trkpt lat="35.116892" lon="128.977916"/><trkpt lat="35.11691" lon="128.977852"/><trkpt lat="35.116914" lon="128.97781"/><trkpt lat="35.116905" lon="128.977766"/><trkpt lat="35.11689" lon="128.977721"/><trkpt lat="35.116834" lon="128.977571"/><trkpt lat="35.116814" lon="128.97751"/><trkpt lat="35.116807" lon="128.977465"/><trkpt lat="35.116811" lon="128.977419"/><trkpt lat="35.116825" lon="128.977357"/><trkpt lat="35.116862" lon="128.977218"/><trkpt lat="35.116871" lon="128.977171"/><trkpt lat="35.116875" lon="128.977123"/><trkpt lat="35.116877" lon="128.977027"/><trkpt lat="35.116877" lon="128.97685"/><trkpt lat="35.116874" lon="128.976786"/><trkpt lat="35.116865" lon="128.976741"/><trkpt lat="35.116848" lon="128.976683"/><trkpt lat="35.116812" lon="128.976568"/><trkpt lat="35.116802" lon="128.976522"/><trkpt lat="35.116797" lon="128.976474"/><trkpt lat="35.116784" lon="128.976197"/></trkseg>
<trkseg><trkpt lat="35.120394" lon="128.983399"/><trkpt lat="35.120233" lon="128.983286"/><trkpt lat="35.120202" lon="128.983259"/><trkpt lat="35.120177" lon="128.983225"/><trkpt lat="35.120153" lon="128.983169"/><trkpt lat="35.120133" lon="128.983129"/><trkpt lat="35.120106" lon="128.983096"/><trkpt lat="35.120065" lon="128.983057"/><trkpt lat="35.119979" lon="128.982983"/><trkpt lat="35.119949" lon="128.982952"/><trkpt lat="35.119913" lon="128.982906"/><trkpt lat="35.119853" lon="128.982823"/><trkpt lat="35.11983" lon="128.982787"/><trkpt lat="35.11981" lon="128.982747"/><trkpt lat="35.119799" lon="128.982705"/><trkpt lat="35.119787" lon="128.982632"/><trkpt lat="35.119777" lon="128.98259"/><trkpt lat="35.119759" lon="128.98255"/><trkpt lat="35.119723" lon="128.982488"/><trkpt lat="35.119703" lon="128.982451"/><trkpt lat="35.119687" lon="128.982411"/><trkpt lat="35.119669" lon="128.982324"/><trkpt lat="35.119658" lon="128.982283"/><trkpt lat="35.119638" lon="128.982242"/><trkpt lat="35.119596" lon="128.98218"/><trkpt lat="35.119464" lon="128.981996"/><trkpt lat="35.119427" lon="128.981951"/><trkpt lat="35.119395" lon="128.981925"/><trkpt lat="35.119358" lon="128.98191"/><trkpt lat="35.119293" lon="128.981893"/><trkpt lat="35.118625" lon="128.981727"/><trkpt lat="35.118547" lon="128.981705"/><trkpt lat="35.118462" lon="128.98167"/><trkpt lat="35.118379" lon="128.981631"/><trkpt lat="35.118345" lon="128.981611"/><trkpt lat="35.118311" lon="128.981585"/><trkpt lat="35.118195" lon="128.981478"/><trkpt lat="35.118142" lon="128.981431"/><trkpt lat="35.118108" lon="128.981408"/><trkpt lat="35.118072" lon="128.981397"/><trkpt lat="35.118024" lon="128.981389"/><trkpt lat="35.117994" lon="128.981376"/><trkpt lat="35.117979" lon="128.981343"/><trkpt lat="35.117965" lon="128.981269"/><trkpt lat="35.117954" lon="128.981225"/><trkpt lat="35.117933" lon="128.981187"/><trkpt lat="35.117905" lon="128.981156"/><trkpt lat="35.117743" lon="128.981011"/><trkpt lat="35.117472" lon="128.980772"/><trkpt lat="35.117431" lon="128.98073"/><trkpt lat="35.117397" lon="128.980684"/><trkpt lat="35.117331" lon="128.980589"/><trkpt lat="35.117305" lon="128.980557"/><trkpt lat="35.117274" lon="128.980534"/><trkpt lat="35.117217" lon="128.980506"/><trkpt lat="35.117183" lon="128.980488"/><trkpt lat="35.11715" lon="128.980463"/><trkpt lat="35.117088" lon="128.980404"/><trkpt lat="35.117048" lon="128.980362"/><trkpt lat="35.11702" lon="128.980328"/><trkpt lat="35.11698" lon="128.980262"/><trkpt lat="35.116825" lon="128.979993"/></trkseg>
<trkseg><trkpt lat="35.136764" lon="129.014713"/><trkpt lat="35.136765" lon="129.01469"/><trkpt lat="35.136777" lon="129.014645"/><trkpt lat="35.136806" lon="129.014603"/><trkpt lat="35.13685" lon="129.014566"/><trkpt lat="35.136878" lon="129.014534"/><trkpt lat="35.136901" lon="129.014496"/><trkpt lat="35.136949" lon="129.014398"/><trkpt lat="35.136981" lon="129.014327"/><trkpt lat="35.136997" lon="129.014282"/><trkpt lat="35.137029" lon="129.014175"/><trkpt lat="35.137138" lon="129.013805"/><trkpt lat="35.137154" lon="129.013761"/><trkpt lat="35.137181" lon="129.013704"/><trkpt lat="35.137308" lon="129.013471"/><trkpt lat="35.137359" lon="129.013374"/><trkpt lat="35.137377" lon="129.013331"/><trkpt lat="35.137396" lon="129.013272"/><trkpt lat="35.137457" lon="129.013045"/></trkseg>
<trkseg><trkpt lat="35.135384" lon="129.017046"/><trkpt lat="35.135277" lon="129.016954"/><trkpt lat="35.135244" lon="129.016929"/><trkpt lat="35.135209" lon="129.01691"/><trkpt lat="35.13515" lon="129.016887"/><trkpt lat="35.135118" lon="129.016872"/><trkpt lat="35.135092" lon="129.016846"/><trkpt lat="35.135075" lon="129.016806"/><trkpt lat="35.135055" lon="129.01673"/><trkpt lat="35.135028" lon="129.016621"/><trkpt lat="35.135014" lon="129.016575"/><trkpt lat="35.134996" lon="129.016533"/><trkpt lat="35.134967" lon="129.016481"/><trkpt lat="35.134818" lon="129.016238"/><trkpt lat="35.134794" lon="129.01621"/><trkpt lat="35.134772" lon="129.016202"/><trkpt lat="35.134749" lon="129.016209"/><trkpt lat="35.134717" lon="129.016211"/><trkpt lat="35.13468" lon="129.016205"/><trkpt lat="35.134643" lon="129.016194"/><trkpt lat="35.134607" lon="129.016177"/><trkpt lat="35.13449" lon="129.016106"/><trkpt lat="35.13442" lon="129.016065"/><trkpt lat="35.134384" lon="129.016048"/><trkpt lat="35.134348" lon="129.016037"/><trkpt lat="35.134288" lon="129.016021"/><trkpt lat="35.134255" lon="129.016006"/><trkpt lat="35.134225" lon="129.015979"/><trkpt lat="35.134198" lon="129.015946"/><trkpt lat="35.134129" lon="129.015854"/><trkpt lat="35.1341" lon="129.015825"/><trkpt lat="35.134067" lon="129.015808"/><trkpt lat="35.13403" lon="129.015801"/><trkpt lat="35.133913" lon="129.015794"/><trkpt lat="35.133836" lon="129.015788"/><trkpt lat="35.133798" lon="129.01578"/><trkpt lat="35.133761" lon="129.015767"/><trkpt lat="35.133664" lon="129.015724"/><trkpt lat="35.133617" lon="129.0157"/><trkpt lat="35.133585" lon="129.015678"/><trkpt lat="35.133556" lon="129.015646"/><trkpt lat="35.133522" lon="129.015598"/><trkpt lat="35.133433" lon="129.015459"/><trkpt lat="35.133406" lon="129.015425"/><trkpt lat="35.133376" lon="129.015399"/><trkpt lat="35.133343" lon="129.015383"/><trkpt lat="35.133273" lon="129.015354"/><trkpt lat="35.133238" lon="129.015334"/><trkpt lat="35.133204" lon="129.015309"/><trkpt lat="35.133047" lon="129.01518"/><trkpt lat="35.132979" lon="129.015128"/><trkpt lat="35.132943" lon="129.015107"/><trkpt lat="35.132894" lon="129.015088"/><trkpt lat="35.132625" lon="129.015008"/><trkpt lat="35.132549" lon="129.014987"/><trkpt lat="35.13251" lon="129.01498"/><trkpt lat="35.13247" lon="129.01498"/><trkpt lat="35.132336" lon="129.014992"/><trkpt lat="35.132282" lon="129.014994"/><trkpt lat="35.132243" lon="129.014991"/><trkpt lat="35.132204" lon="129.014981"/><trkpt lat="35.132013" lon="129.014916"/><trkpt lat="35.131783" lon="129.014836"/><trkpt lat="35.131721" lon="129.014807"/><trkpt lat="35.131549" lon="129.014712"/><trkpt lat="35.131463" lon="129.014666"/><trkpt lat="35.1314" lon="129.014639"/><trkpt lat="35.130666" lon="129.014365"/><trkpt lat="35.130422" lon="129.014274"/><trkpt lat="35.130385" lon="129.014256"/><trkpt lat="35.130352" lon="129.014232"/><trkpt lat="35.130313" lon="129.014191"/><trkpt lat="35.130201" lon="129.014059"/></trkseg>
<trkseg><trkpt lat="35.118483" lon="128.999803"/><trkpt lat="35.118473" lon="128.999767"/><trkpt lat="35.118466" lon="128.999704"/><trkpt lat="35.118454" lon="128.99949"/><trkpt lat="35.118449" lon="128.999425"/><trkpt lat="35.118439" lon="128.999379"/><trkpt lat="35.118422" lon="128.999336"/><trkpt lat="35.118384" lon="128.999269"/><trkpt lat="35.118176" lon="128.998926"/><trkpt lat="35.118151" lon="128.998889"/><trkpt lat="35.118123" lon="128.998856"/><trkpt lat="35.118092" lon="128.998832"/><trkpt lat="35.118037" lon="128.998795"/><trkpt lat="35.118009" lon="128.998763"/><trkpt lat="35.117958" lon="128.99869"/><trkpt lat="35.117867" lon="128.998553"/><trkpt lat="35.117841" lon="128.998518"/><trkpt lat="35.117811" lon="128.998486"/><trkpt lat="35.117747" lon="128.998427"/><trkpt lat="35.117718" lon="128.998395"/><trkpt lat="35.117695" lon="128.998357"/><trkpt lat="35.117675" lon="128.998316"/><trkpt lat="35.117608" lon="128.998159"/><trkpt lat="35.117588" lon="128.998119"/><trkpt lat="35.117562" lon="128.998086"/><trkpt lat="35.11753" lon="128.998061"/><trkpt lat="35.117376" lon="128.99797"/><trkpt lat="35.117234" lon="128.997887"/><trkpt lat="35.117197" lon="128.99787"/><trkpt lat="35.117159" lon="128.99786"/><trkpt lat="35.117106" lon="128.997854"/><trkpt lat="35.116971" lon="128.997846"/><trkpt lat="35.116932" lon="128.997839"/><trkpt lat="35.116894" lon="128.997824"/><trkpt lat="35.116847" lon="128.997795"/><trkpt lat="35.116741" lon="128.997726"/><trkpt lat="35.116705" lon="128.997708"/><trkpt lat="35.116668" lon="128.9977"/><trkpt lat="35.116623" lon="128.997691"/><trkpt lat="35.116597" lon="128.997669"/><trkpt lat="35.116565" lon="128.997631"/><trkpt lat="35.116535" lon="128.997606"/><trkpt lat="35.116503" lon="128.997583"/><trkpt lat="35.11647" lon="128.997565"/><trkpt lat="35.116433" lon="128.997552"/><trkpt lat="35.116386" lon="128.997538"/><trkpt lat="35.116362" lon="128.997519"/><trkpt lat="35.116347" lon="128.997493"/><trkpt lat="35.116323" lon="128.997471"/><trkpt lat="35.11629" lon="128.997456"/><trkpt lat="35.11623" lon="128.997433"/><trkpt lat="35.116198" lon="128.99741"/><trkpt lat="35.116172" lon="128.997376"/><trkpt lat="35.116118" lon="128.997282"/><trkpt lat="35.116052" lon="128.997158"/><trkpt lat="35.116033" lon="128.997116"/><trkpt lat="35.11602" lon="128.997074"/><trkpt lat="35.116006" lon="128.99701"/><trkpt lat="35.115987" lon="128.996977"/><trkpt lat="35.115959" lon="128.99695"/><trkpt lat="35.115911" lon="128.996907"/><trkpt lat="35.11589" lon="128.996877"/><trkpt lat="35.115883" lon="128.996828"/><trkpt lat="35.115876" lon="128.996786"/><trkpt lat="35.115863" lon="128.996743"/><trkpt lat="35.115842" lon="128.996687"/><trkpt lat="35.115824" lon="128.996646"/><trkpt lat="35.115801" lon="128.996612"/><trkpt lat="35.115771" lon="128.996589"/><trkpt lat="35.115724" lon="128.996565"/><trkpt lat="35.115684" lon="128.996536"/><trkpt lat="35.115657" lon="128.996502"/><trkpt lat="35.115645" lon="128.996478"/><trkpt lat="35.115644" lon="128.996475"/></trkseg>
<trkseg><trkpt lat="35.123204" lon="128.997275"/><trkpt lat="35.12318" lon="128.996939"/><trkpt lat="35.123179" lon="128.996891"/><trkpt lat="35.123183" lon="128.996848"/><trkpt lat="35.123189" lon="128.996805"/><trkpt lat="35.1232" lon="128.996765"/><trkpt lat="35.123231" lon="128.996701"/><trkpt lat="35.123244" lon="128.996662"/><trkpt lat="35.123245" lon="128.996617"/><trkpt lat="35.123239" lon="128.996571"/><trkpt lat="35.123209" lon="128.996428"/><trkpt lat="35.123199" lon="128.996364"/><trkpt lat="35.123195" lon="128.9963"/><trkpt lat="35.123191" lon="128.996107"/><trkpt lat="35.123186" lon="128.996043"/><trkpt lat="35.123178" lon="128.995995"/><trkpt lat="35.123101" lon="128.99568"/><trkpt lat="35.123075" lon="128.99557"/><trkpt lat="35.123066" lon="128.995522"/><trkpt lat="35.123063" lon="128.995475"/><trkpt lat="35.123063" lon="128.995299"/><trkpt lat="35.123062" lon="128.99522"/><trkpt lat="35.123058" lon="128.995174"/><trkpt lat="35.123044" lon="128.995131"/><trkpt lat="35.123025" lon="128.995091"/><trkpt lat="35.122974" lon="128.995"/><trkpt lat="35.122955" lon="128.994959"/><trkpt lat="35.122941" lon="128.994914"/><trkpt lat="35.122918" lon="128.994822"/><trkpt lat="35.122905" lon="128.99476"/><trkpt lat="35.122901" lon="128.994714"/><trkpt lat="35.122905" lon="128.994666"/><trkpt lat="35.122921" lon="128.994587"/><trkpt lat="35.123008" lon="128.994206"/><trkpt lat="35.123021" lon="128.994161"/><trkpt lat="35.123037" lon="128.994122"/><trkpt lat="35.123063" lon="128.994097"/><trkpt lat="35.123103" lon="128.99407"/><trkpt lat="35.123125" lon="128.994038"/><trkpt lat="35.123159" lon="128.993978"/><trkpt lat="35.123186" lon="128.993952"/><trkpt lat="35.123228" lon="128.993927"/><trkpt lat="35.123256" lon="128.993902"/><trkpt lat="35.123275" lon="128.993863"/><trkpt lat="35.123287" lon="128.993819"/><trkpt lat="35.12329" lon="128.993773"/><trkpt lat="35.123284" lon="128.993725"/><trkpt lat="35.123266" lon="128.99363"/><trkpt lat="35.123262" lon="128.993585"/><trkpt lat="35.123264" lon="128.993544"/><trkpt lat="35.123256" lon="128.993514"/><trkpt lat="35.123211" lon="128.993482"/><trkpt lat="35.123187" lon="128.99346"/><trkpt lat="35.123173" lon="128.993416"/><trkpt lat="35.123162" lon="128.993391"/><trkpt lat="35.123124" lon="128.993386"/><trkpt lat="35.123102" lon="128.993374"/><trkpt lat="35.123085" lon="128.993341"/><trkpt lat="35.123068" lon="128.993283"/><trkpt lat="35.123041" lon="128.993174"/><trkpt lat="35.123032" lon="128.993128"/><trkpt lat="35.123029" lon="128.993082"/><trkpt lat="35.123037" lon="128.993037"/><trkpt lat="35.123056" lon="128.992977"/><trkpt lat="35.123161" lon="128.992698"/><trkpt lat="35.12318" lon="128.992656"/><trkpt lat="35.123211" lon="128.992604"/><trkpt lat="35.123313" lon="128.992456"/><trkpt lat="35.123335" lon="128.992418"/><trkpt lat="35.123349" lon="128.992376"/><trkpt lat="35.123355" lon="128.99233"/><trkpt lat="35.123356" lon="128.992266"/><trkpt lat="35.123355" lon="128.992041"/><trkpt lat="35.123357" lon="128.991994"/><trkpt lat="35.123366" lon="128.99195"/><trkpt lat="35.123386" lon="128.991914"/><trkpt lat="35.123429" lon="128.991859"/><trkpt lat="35.123449" lon="128.991825"/><trkpt lat="35.123458" lon="128.99179"/><trkpt lat="35.123465" lon="128.991737"/><trkpt lat="35.123479" lon="128.991677"/><trkpt lat="35.123536" lon="128.991497"/></trkseg>
<trkseg><trkpt lat="35.121775" lon="128.993148"/><trkpt lat="35.121769" lon="128.993184"/><trkpt lat="35.121754" lon="128.993236"/><trkpt lat="35.121728" lon="128.993286"/><trkpt lat="35.121692" lon="128.993333"/><trkpt lat="35.121569" lon="128.993481"/><trkpt lat="35.121534" lon="128.993529"/><trkpt lat="35.121511" lon="128.993568"/><trkpt lat="35.121494" lon="128.993611"/><trkpt lat="35.121456" lon="128.993733"/><trkpt lat="35.121435" lon="128.99381"/><trkpt lat="35.121428" lon="128.993855"/><trkpt lat="35.121428" lon="128.9939"/><trkpt lat="35.121432" lon="128.993944"/><trkpt lat="35.121443" lon="128.993986"/><trkpt lat="35.121461" lon="128.994029"/><trkpt lat="35.121556" lon="128.994205"/><trkpt lat="35.121601" lon="128.994284"/><trkpt lat="35.121627" lon="128.994319"/><trkpt lat="35.121659" lon="128.994345"/><trkpt lat="35.121706" lon="128.994374"/><trkpt lat="35.121826" lon="128.994442"/><trkpt lat="35.121858" lon="128.994466"/><trkpt lat="35.121885" lon="128.994499"/><trkpt lat="35.121915" lon="128.994552"/><trkpt lat="35.12211" lon="128.994963"/><trkpt lat="35.122135" lon="128.99502"/><trkpt lat="35.12215" lon="128.995065"/><trkpt lat="35.122164" lon="128.995127"/><trkpt lat="35.122249" lon="128.995618"/><trkpt lat="35.122265" lon="128.995696"/><trkpt lat="35.122277" lon="128.995741"/><trkpt lat="35.122324" lon="128.995869"/><trkpt lat="35.122343" lon="128.995927"/><trkpt lat="35.122353" lon="128.995971"/><trkpt lat="35.122358" lon="128.996018"/><trkpt lat="35.122367" lon="128.996257"/><trkpt lat="35.122368" lon="128.996337"/><trkpt lat="35.122364" lon="128.996384"/><trkpt lat="35.122356" lon="128.996431"/><trkpt lat="35.122276" lon="128.996775"/><trkpt lat="35.122207" lon="128.997073"/><trkpt lat="35.12219" lon="128.997134"/><trkpt lat="35.12217" lon="128.997174"/><trkpt lat="35.122143" lon="128.997207"/><trkpt lat="35.122008" lon="128.99734"/><trkpt lat="35.121613" lon="128.997726"/></trkseg>
<trkseg><trkpt lat="35.121613" lon="128.997726"/><trkpt lat="35.121578" lon="128.997754"/><trkpt lat="35.121537" lon="128.997778"/><trkpt lat="35.121495" lon="128.997785"/><trkpt lat="35.121457" lon="128.997776"/><trkpt lat="35.121378" lon="128.997755"/><trkpt lat="35.121339" lon="128.997749"/><trkpt lat="35.121285" lon="128.99775"/><trkpt lat="35.120896" lon="128.997781"/><trkpt lat="35.12083" lon="128.997789"/><trkpt lat="35.12079" lon="128.997798"/><trkpt lat="35.120739" lon="128.997816"/><trkpt lat="35.120524" lon="128.99791"/><trkpt lat="35.120474" lon="128.997929"/><trkpt lat="35.120435" lon="128.997937"/><trkpt lat="35.120395" lon="128.997937"/><trkpt lat="35.120234" lon="128.997925"/><trkpt lat="35.120046" lon="128.997909"/><trkpt lat="35.120007" lon="128.997911"/><trkpt lat="35.119972" lon="128.997924"/><trkpt lat="35.119943" lon="128.997949"/><trkpt lat="35.119916" lon="128.997982"/><trkpt lat="35.119894" lon="128.99802"/><trkpt lat="35.119875" lon="128.998063"/><trkpt lat="35.119805" lon="128.998261"/><trkpt lat="35.119782" lon="128.99832"/><trkpt lat="35.119763" lon="128.998362"/><trkpt lat="35.119737" lon="128.998393"/><trkpt lat="35.119704" lon="128.998412"/><trkpt lat="35.119669" lon="128.998424"/><trkpt lat="35.119634" lon="128.998429"/><trkpt lat="35.119603" lon="128.998419"/><trkpt lat="35.119577" lon="128.998388"/><trkpt lat="35.119547" lon="128.998337"/><trkpt lat="35.119414" lon="128.998091"/><trkpt lat="35.119384" lon="128.998038"/><trkpt lat="35.119358" lon="128.998001"/><trkpt lat="35.11933" lon="128.997966"/><trkpt lat="35.11926" lon="128.99789"/><trkpt lat="35.119208" lon="128.99784"/><trkpt lat="35.119132" lon="128.99778"/><trkpt lat="35.119088" lon="128.997748"/><trkpt lat="35.119053" lon="128.997731"/><trkpt lat="35.119016" lon="128.997723"/><trkpt lat="35.118925" lon="128.997719"/><trkpt lat="35.118874" lon="128.997716"/><trkpt lat="35.118841" lon="128.997706"/><trkpt lat="35.118818" lon="128.99768"/><trkpt lat="35.118804" lon="128.997639"/><trkpt lat="35.118788" lon="128.997579"/><trkpt lat="35.118763" lon="128.99747"/><trkpt lat="35.118749" lon="128.997425"/><trkpt lat="35.118731" lon="128.997381"/><trkpt lat="35.11869" lon="128.997296"/><trkpt lat="35.118523" lon="128.996958"/><trkpt lat="35.118505" lon="128.996915"/><trkpt lat="35.118492" lon="128.996872"/><trkpt lat="35.118474" lon="128.996803"/><trkpt lat="35.118456" lon="128.996766"/><trkpt lat="35.118429" lon="128.996734"/><trkpt lat="35.118375" lon="128.996685"/><trkpt lat="35.118189" lon="128.996524"/><trkpt lat="35.118155" lon="128.996498"/><trkpt lat="35.11812" lon="128.996478"/><trkpt lat="35.11807" lon="128.996457"/><trkpt lat="35.117867" lon="128.996382"/><trkpt lat="35.117829" lon="128.996373"/><trkpt lat="35.11779" lon="128.996371"/><trkpt lat="35.117751" lon="128.996376"/><trkpt lat="35.117306" lon="128.996464"/><trkpt lat="35.117254" lon="128.996471"/><trkpt lat="35.117214" lon="128.99647"/><trkpt lat="35.117161" lon="128.996462"/><trkpt lat="35.116831" lon="128.996398"/><trkpt lat="35.116792" lon="128.996393"/><trkpt lat="35.116754" lon="128.996395"/><trkpt lat="35.116717" lon="128.996409"/><trkpt lat="35.116646" lon="128.996451"/><trkpt lat="35.116609" lon="128.99647"/><trkpt lat="35.116572" lon="128.996483"/><trkpt lat="35.116533" lon="128.996489"/><trkpt lat="35.116494" lon="128.996493"/><trkpt lat="35.116454" lon="128.996492"/><trkpt lat="35.116375" lon="128.996478"/><trkpt lat="35.116176" lon="128.996435"/><trkpt lat="35.116123" lon="128.996429"/><trkpt lat="35.116045" lon="128.99643"/><trkpt lat="35.115928" lon="128.996434"/><trkpt lat="35.115889" lon="128.996432"/><trkpt lat="35.11585" lon="128.996424"/><trkpt lat="35.115773" lon="128.996393"/><trkpt lat="35.11566" lon="128.996341"/></trkseg>
<trkseg><trkpt lat="35.137457" lon="129.013045"/><trkpt lat="35.137454" lon="129.01297"/><trkpt lat="35.137455" lon="129.01291"/><trkpt lat="35.137465" lon="129.012864"/><trkpt lat="35.137483" lon="129.012823"/><trkpt lat="35.137534" lon="129.012732"/><trkpt lat="35.137553" lon="129.012692"/><trkpt lat="35.137564" lon="129.01265"/><trkpt lat="35.137567" lon="129.012607"/><trkpt lat="35.137569" lon="129.012535"/><trkpt lat="35.137577" lon="129.01249"/><trkpt lat="35.137593" lon="129.012445"/><trkpt lat="35.137635" lon="129.012343"/><trkpt lat="35.137668" lon="129.012271"/><trkpt lat="35.137692" lon="129.012232"/><trkpt lat="35.137745" lon="129.012159"/><trkpt lat="35.138059" lon="129.011755"/><trkpt lat="35.138103" lon="129.011693"/><trkpt lat="35.138134" lon="129.011641"/><trkpt lat="35.138229" lon="129.011466"/><trkpt lat="35.138255" lon="129.011411"/><trkpt lat="35.138269" lon="129.011367"/><trkpt lat="35.138277" lon="129.011321"/><trkpt lat="35.138291" lon="129.011145"/><trkpt lat="35.1383" lon="129.011049"/><trkpt lat="35.138308" lon="129.011002"/><trkpt lat="35.138323" lon="129.01094"/><trkpt lat="35.138397" lon="129.01068"/><trkpt lat="35.138421" lon="129.010587"/><trkpt lat="35.138428" lon="129.010542"/><trkpt lat="35.13843" lon="129.01049"/><trkpt lat="35.138438" lon="129.010461"/><trkpt lat="35.138458" lon="129.010445"/><trkpt lat="35.13849" lon="129.010427"/><trkpt lat="35.138509" lon="129.010395"/><trkpt lat="35.138522" lon="129.010354"/><trkpt lat="35.13855" lon="129.010232"/><trkpt lat="35.138566" lon="129.010172"/><trkpt lat="35.138581" lon="129.010128"/><trkpt lat="35.13863" lon="129.010016"/><trkpt lat="35.138653" lon="129.009961"/><trkpt lat="35.138665" lon="129.009918"/><trkpt lat="35.138667" lon="129.009877"/><trkpt lat="35.138665" lon="129.009812"/><trkpt lat="35.138677" lon="129.009775"/><trkpt lat="35.138701" lon="129.009741"/><trkpt lat="35.138748" lon="129.009685"/><trkpt lat="35.138772" lon="129.009648"/><trkpt lat="35.138791" lon="129.009607"/><trkpt lat="35.138837" lon="129.009476"/><trkpt lat="35.138859" lon="129.009419"/><trkpt lat="35.138881" lon="129.00938"/><trkpt lat="35.138909" lon="129.009346"/><trkpt lat="35.138989" lon="129.00926"/><trkpt lat="35.139016" lon="129.009225"/><trkpt lat="35.139057" lon="129.00916"/><trkpt lat="35.13911" lon="129.009067"/><trkpt lat="35.139137" lon="129.009012"/><trkpt lat="35.139153" lon="129.008967"/><trkpt lat="35.139167" lon="129.008905"/><trkpt lat="35.139205" lon="129.008714"/><trkpt lat="35.139224" lon="129.008635"/><trkpt lat="35.139244" lon="129.008576"/><trkpt lat="35.139401" lon="129.008167"/><trkpt lat="35.139436" lon="129.008081"/><trkpt lat="35.139457" lon="129.00804"/><trkpt lat="35.139529" lon="129.007925"/><trkpt lat="35.139551" lon="129.007886"/><trkpt lat="35.139567" lon="129.007845"/><trkpt lat="35.139572" lon="129.007802"/><trkpt lat="35.13957" lon="129.007757"/><trkpt lat="35.139565" lon="129.007712"/><trkpt lat="35.139554" lon="129.007666"/><trkpt lat="35.139534" lon="129.007606"/><trkpt lat="35.139329" lon="129.007024"/><trkpt lat="35.139296" lon="129.006937"/><trkpt lat="35.139275" lon="129.006897"/><trkpt lat="35.139248" lon="129.006865"/><trkpt lat="35.139199" lon="129.006816"/><trkpt lat="35.139176" lon="129.006785"/><trkpt lat="35.139166" lon="129.006752"/><trkpt lat="35.139159" lon="129.006686"/><trkpt lat="35.139149" lon="129.00664"/><trkpt lat="35.139116" lon="129.006516"/><trkpt lat="35.138933" lon="129.005869"/><trkpt lat="35.13891" lon="129.005793"/><trkpt lat="35.13888" lon="129.00572"/><trkpt lat="35.138674" lon="129.005245"/><trkpt lat="35.138634" lon="129.00516"/><trkpt lat="35.13861" lon="129.005119"/><trkpt lat="35.138535" lon="129.005018"/></trkseg>
<trkseg><trkpt lat="35.132764" lon="129.026397"/><trkpt lat="35.132783" lon="129.026394"/><trkpt lat="35.132824" lon="129.02638"/><trkpt lat="35.132859" lon="129.02635"/><trkpt lat="35.13289" lon="129.026304"/><trkpt lat="35.132917" lon="129.026273"/><trkpt lat="35.132948" lon="129.026246"/><trkpt lat="35.133005" lon="129.026204"/><trkpt lat="35.133064" lon="129.026167"/><trkpt lat="35.133591" lon="129.025875"/><trkpt lat="35.133677" lon="129.02583"/><trkpt lat="35.133728" lon="129.025811"/><trkpt lat="35.134272" lon="129.025663"/><trkpt lat="35.134349" lon="129.025639"/><trkpt lat="35.134385" lon="129.025621"/><trkpt lat="35.134433" lon="129.025591"/><trkpt lat="35.134575" lon="129.025498"/><trkpt lat="35.13461" lon="129.02548"/><trkpt lat="35.134659" lon="129.025465"/><trkpt lat="35.134674" lon="129.025445"/><trkpt lat="35.134697" lon="129.025391"/><trkpt lat="35.134719" lon="129.025353"/><trkpt lat="35.134762" lon="129.025291"/><trkpt lat="35.13479" lon="129.025257"/><trkpt lat="35.13482" lon="129.025228"/><trkpt lat="35.134858" lon="129.0252"/><trkpt lat="35.134882" lon="129.025169"/><trkpt lat="35.134902" lon="129.025133"/><trkpt lat="35.134919" lon="129.025093"/><trkpt lat="35.134932" lon="129.025051"/><trkpt lat="35.134942" lon="129.02499"/><trkpt lat="35.134956" lon="129.024849"/><trkpt lat="35.134963" lon="129.024803"/><trkpt lat="35.134974" lon="129.024758"/><trkpt lat="35.135032" lon="129.024581"/><trkpt lat="35.13507" lon="129.024479"/><trkpt lat="35.135096" lon="129.024423"/><trkpt lat="35.135202" lon="129.024234"/><trkpt lat="35.135323" lon="129.024019"/><trkpt lat="35.135348" lon="129.023981"/><trkpt lat="35.135376" lon="129.023946"/><trkpt lat="35.135548" lon="129.023763"/><trkpt lat="35.135598" lon="129.023708"/><trkpt lat="35.135625" lon="129.023673"/><trkpt lat="35.135647" lon="129.023634"/><trkpt lat="35.135776" lon="129.023357"/><trkpt lat="35.135812" lon="129.023272"/><trkpt lat="35.135831" lon="129.023211"/><trkpt lat="35.135876" lon="129.023043"/><trkpt lat="35.135891" lon="129.022998"/><trkpt lat="35.13591" lon="129.022958"/><trkpt lat="35.135936" lon="129.022922"/><trkpt lat="35.136054" lon="129.022789"/><trkpt lat="35.136111" lon="129.02272"/><trkpt lat="35.136162" lon="129.022645"/><trkpt lat="35.136219" lon="129.022555"/><trkpt lat="35.136241" lon="129.022514"/><trkpt lat="35.136267" lon="129.022444"/><trkpt lat="35.136284" lon="129.022406"/><trkpt lat="35.136309" lon="129.022382"/><trkpt lat="35.136346" lon="129.022358"/><trkpt lat="35.136363" lon="129.022328"/><trkpt lat="35.136378" lon="129.022258"/><trkpt lat="35.136394" lon="129.022217"/><trkpt lat="35.13644" lon="129.02214"/><trkpt lat="35.136456" lon="129.022099"/><trkpt lat="35.136464" lon="129.022056"/><trkpt lat="35.136471" lon="129.021981"/><trkpt lat="35.136479" lon="129.021938"/><trkpt lat="35.136497" lon="129.021901"/><trkpt lat="35.13655" lon="129.021835"/><trkpt lat="35.13657" lon="129.021795"/><trkpt lat="35.136586" lon="129.021751"/><trkpt lat="35.136616" lon="129.021642"/><trkpt lat="35.136639" lon="129.021594"/><trkpt lat="35.136669" lon="129.021568"/><trkpt lat="35.136687" lon="129.021566"/></trkseg>
<trkseg><trkpt lat="35.123613" lon="128.988909"/><trkpt lat="35.123676" lon="128.988687"/><trkpt lat="35.123693" lon="128.988645"/><trkpt lat="35.123714" lon="128.988607"/><trkpt lat="35.123772" lon="128.988522"/><trkpt lat="35.123815" lon="128.988465"/><trkpt lat="35.123844" lon="128.988435"/><trkpt lat="35.123878" lon="128.988412"/><trkpt lat="35.123927" lon="128.988387"/><trkpt lat="35.124064" lon="128.988323"/><trkpt lat="35.1241" lon="128.988302"/><trkpt lat="35.124129" lon="128.988275"/><trkpt lat="35.124168" lon="128.988217"/><trkpt lat="35.124193" lon="128.988182"/><trkpt lat="35.124223" lon="128.988149"/><trkpt lat="35.124435" lon="128.987947"/><trkpt lat="35.124691" lon="128.987704"/><trkpt lat="35.124733" lon="128.987665"/><trkpt lat="35.124766" lon="128.987642"/><trkpt lat="35.1248" lon="128.987634"/><trkpt lat="35.124835" lon="128.987646"/><trkpt lat="35.124893" lon="128.987677"/><trkpt lat="35.124925" lon="128.987687"/><trkpt lat="35.124943" lon="128.987682"/><trkpt lat="35.124953" lon="128.987667"/><trkpt lat="35.124965" lon="128.987659"/><trkpt lat="35.125014" lon="128.98768"/><trkpt lat="35.125049" lon="128.987691"/><trkpt lat="35.125101" lon="128.987698"/><trkpt lat="35.125192" lon="128.987703"/><trkpt lat="35.125243" lon="128.987702"/><trkpt lat="35.125281" lon="128.987694"/><trkpt lat="35.125317" lon="128.987681"/><trkpt lat="35.125352" lon="128.987665"/><trkpt lat="35.125385" lon="128.987644"/><trkpt lat="35.125416" lon="128.987615"/><trkpt lat="35.125461" lon="128.987557"/><trkpt lat="35.125487" lon="128.987528"/><trkpt lat="35.125515" lon="128.987521"/><trkpt lat="35.125544" lon="128.98754"/><trkpt lat="35.125594" lon="128.987589"/><trkpt lat="35.125626" lon="128.987615"/><trkpt lat="35.125662" lon="128.987626"/><trkpt lat="35.1257" lon="128.987624"/><trkpt lat="35.125952" lon="128.987579"/><trkpt lat="35.126058" lon="128.987561"/><trkpt lat="35.126097" lon="128.987558"/><trkpt lat="35.126137" lon="128.987561"/><trkpt lat="35.126189" lon="128.987573"/><trkpt lat="35.126437" lon="128.987645"/><trkpt lat="35.12649" lon="128.987657"/><trkpt lat="35.12653" lon="128.987659"/><trkpt lat="35.126583" lon="128.987656"/><trkpt lat="35.126866" lon="128.987624"/><trkpt lat="35.126905" lon="128.987616"/><trkpt lat="35.126955" lon="128.987601"/><trkpt lat="35.127065" lon="128.987562"/><trkpt lat="35.127099" lon="128.987544"/><trkpt lat="35.127129" lon="128.987517"/><trkpt lat="35.127163" lon="128.98747"/><trkpt lat="35.127236" lon="128.987357"/><trkpt lat="35.127264" lon="128.987325"/><trkpt lat="35.127296" lon="128.987301"/><trkpt lat="35.127331" lon="128.987281"/><trkpt lat="35.127404" lon="128.987245"/><trkpt lat="35.12744" lon="128.98723"/><trkpt lat="35.127477" lon="128.987223"/><trkpt lat="35.127515" lon="128.987228"/><trkpt lat="35.127566" lon="128.987245"/><trkpt lat="35.127758" lon="128.987321"/><trkpt lat="35.127794" lon="128.987339"/><trkpt lat="35.127826" lon="128.987361"/><trkpt lat="35.127862" lon="128.987389"/><trkpt lat="35.127898" lon="128.987405"/><trkpt lat="35.127949" lon="128.987419"/><trkpt lat="35.128024" lon="128.987437"/><trkpt lat="35.128055" lon="128.98745"/><trkpt lat="35.128068" lon="128.987473"/><trkpt lat="35.128107" lon="128.987481"/><trkpt lat="35.128134" lon="128.987447"/><trkpt lat="35.128164" lon="128.987423"/><trkpt lat="35.128207" lon="128.987424"/><trkpt lat="35.128254" lon="128.987441"/><trkpt lat="35.128286" lon="128.987456"/></trkseg>
<trkseg><trkpt lat="35.125274" lon="129.025832"/><trkpt lat="35.125287" lon="129.025815"/><trkpt lat="35.125313" lon="129.025775"/><trkpt lat="35.125331" lon="129.025729"/><trkpt lat="35.125332" lon="129.025685"/><trkpt lat="35.125345" lon="129.025655"/><trkpt lat="35.125371" lon="129.025627"/><trkpt lat="35.125447" lon="129.025563"/><trkpt lat="35.125503" lon="129.02552"/><trkpt lat="35.125535" lon="129.025498"/><trkpt lat="35.125567" lon="129.02549"/><trkpt lat="35.125597" lon="129.025506"/><trkpt lat="35.125648" lon="129.025552"/><trkpt lat="35.125681" lon="129.025572"/><trkpt lat="35.12574" lon="129.025589"/><trkpt lat="35.125773" lon="129.025606"/><trkpt lat="35.125824" lon="129.025645"/><trkpt lat="35.125858" lon="129.025662"/><trkpt lat="35.125896" lon="129.025668"/><trkpt lat="35.125976" lon="129.025669"/><trkpt lat="35.126501" lon="129.025662"/><trkpt lat="35.126568" lon="129.025664"/><trkpt lat="35.126607" lon="129.02567"/><trkpt lat="35.126645" lon="129.025681"/><trkpt lat="35.126794" lon="129.025737"/><trkpt lat="35.126844" lon="129.025752"/><trkpt lat="35.126882" lon="129.025757"/><trkpt lat="35.126961" lon="129.025749"/><trkpt lat="35.127" lon="129.025748"/><trkpt lat="35.127036" lon="129.02576"/><trkpt lat="35.12707" lon="129.025782"/><trkpt lat="35.127137" lon="129.02583"/><trkpt lat="35.127171" lon="129.025842"/><trkpt lat="35.127207" lon="129.025835"/><trkpt lat="35.127243" lon="129.025818"/><trkpt lat="35.127341" lon="129.025759"/><trkpt lat="35.12739" lon="129.025733"/><trkpt lat="35.127427" lon="129.025719"/><trkpt lat="35.127466" lon="129.025716"/><trkpt lat="35.127546" lon="129.025725"/><trkpt lat="35.127747" lon="129.025756"/></trkseg>
<trkseg><trkpt lat="35.127809" lon="129.025592"/><trkpt lat="35.127819" lon="129.025573"/><trkpt lat="35.127849" lon="129.025544"/><trkpt lat="35.127887" lon="129.025533"/><trkpt lat="35.12792" lon="129.025544"/><trkpt lat="35.12795" lon="129.025572"/><trkpt lat="35.127988" lon="129.025615"/><trkpt lat="35.128072" lon="129.025716"/><trkpt lat="35.128101" lon="129.025747"/><trkpt lat="35.128135" lon="129.025772"/><trkpt lat="35.12817" lon="129.025794"/><trkpt lat="35.128428" lon="129.02593"/><trkpt lat="35.128563" lon="129.026001"/><trkpt lat="35.1286" lon="129.026016"/><trkpt lat="35.128636" lon="129.026018"/><trkpt lat="35.128672" lon="129.026005"/><trkpt lat="35.128755" lon="129.02596"/><trkpt lat="35.128803" lon="129.025936"/><trkpt lat="35.12884" lon="129.025926"/><trkpt lat="35.12888" lon="129.025925"/><trkpt lat="35.128933" lon="129.02593"/><trkpt lat="35.129693" lon="129.026016"/><trkpt lat="35.129786" lon="129.026028"/><trkpt lat="35.129825" lon="129.026037"/><trkpt lat="35.129924" lon="129.026069"/><trkpt lat="35.129961" lon="129.026079"/><trkpt lat="35.129998" lon="129.02608"/><trkpt lat="35.130035" lon="129.026072"/><trkpt lat="35.130109" lon="129.026048"/><trkpt lat="35.130147" lon="129.026039"/><trkpt lat="35.130186" lon="129.026036"/><trkpt lat="35.130347" lon="129.026045"/><trkpt lat="35.130427" lon="129.026048"/><trkpt lat="35.130467" lon="129.026045"/><trkpt lat="35.130507" lon="129.026039"/><trkpt lat="35.130625" lon="129.026013"/><trkpt lat="35.130664" lon="129.026007"/><trkpt lat="35.130703" lon="129.026008"/><trkpt lat="35.130768" lon="129.026017"/><trkpt lat="35.131054" lon="129.026072"/><trkpt lat="35.131106" lon="129.026084"/><trkpt lat="35.131143" lon="129.026099"/><trkpt lat="35.131178" lon="129.026118"/><trkpt lat="35.131269" lon="129.026176"/><trkpt lat="35.131303" lon="129.026189"/><trkpt lat="35.131337" lon="129.026186"/><trkpt lat="35.131396" lon="129.026158"/><trkpt lat="35.131433" lon="129.026144"/><trkpt lat="35.131471" lon="129.026139"/><trkpt lat="35.131524" lon="129.026141"/><trkpt lat="35.131631" lon="129.026152"/><trkpt lat="35.13167" lon="129.02616"/><trkpt lat="35.131709" lon="129.026172"/><trkpt lat="35.132047" lon="129.026316"/><trkpt lat="35.132222" lon="129.026391"/><trkpt lat="35.13226" lon="129.026403"/><trkpt lat="35.132299" lon="129.026409"/><trkpt lat="35.132352" lon="129.02641"/><trkpt lat="35.132764" lon="129.026397"/></trkseg>
<trkseg><trkpt lat="35.115398" lon="128.99725"/><trkpt lat="35.115432" lon="128.997284"/><trkpt lat="35.115463" lon="128.997325"/><trkpt lat="35.115478" lon="128.997372"/><trkpt lat="35.11548" lon="128.997419"/><trkpt lat="35.115466" lon="128.997764"/><trkpt lat="35.115464" lon="128.997862"/><trkpt lat="35.115466" lon="128.997911"/><trkpt lat="35.115474" lon="128.997957"/><trkpt lat="35.115488" lon="128.998019"/><trkpt lat="35.115535" lon="128.998203"/><trkpt lat="35.115551" lon="128.998282"/><trkpt lat="35.115609" lon="128.998712"/><trkpt lat="35.115644" lon="128.998967"/><trkpt lat="35.115654" lon="128.999013"/><trkpt lat="35.11567" lon="128.999055"/><trkpt lat="35.115712" lon="128.999135"/><trkpt lat="35.115731" lon="128.999175"/><trkpt lat="35.115743" lon="128.999217"/><trkpt lat="35.115747" lon="128.999261"/><trkpt lat="35.115751" lon="128.999352"/><trkpt lat="35.115759" lon="128.999395"/><trkpt lat="35.115775" lon="128.999435"/><trkpt lat="35.115813" lon="128.999513"/><trkpt lat="35.115828" lon="128.999552"/><trkpt lat="35.115835" lon="128.99959"/><trkpt lat="35.115845" lon="128.999622"/><trkpt lat="35.115869" lon="128.999656"/><trkpt lat="35.115872" lon="128.999679"/><trkpt lat="35.115852" lon="128.999705"/><trkpt lat="35.11582" lon="128.999729"/><trkpt lat="35.115784" lon="128.999747"/><trkpt lat="35.115746" lon="128.999753"/><trkpt lat="35.11571" lon="128.99975"/><trkpt lat="35.115679" lon="128.999738"/><trkpt lat="35.115652" lon="128.999727"/><trkpt lat="35.11562" lon="128.999731"/><trkpt lat="35.115588" lon="128.999747"/><trkpt lat="35.11556" lon="128.999775"/><trkpt lat="35.115537" lon="128.999814"/><trkpt lat="35.115466" lon="128.999955"/><trkpt lat="35.115443" lon="128.999995"/><trkpt lat="35.115417" lon="129.000031"/><trkpt lat="35.115379" lon="129.000074"/><trkpt lat="35.115308" lon="129.000145"/><trkpt lat="35.115277" lon="129.000173"/><trkpt lat="35.115244" lon="129.000192"/><trkpt lat="35.115207" lon="129.000197"/><trkpt lat="35.115155" lon="129.000192"/><trkpt lat="35.115035" lon="129.000176"/><trkpt lat="35.114996" lon="129.000175"/><trkpt lat="35.114921" lon="129.000188"/><trkpt lat="35.114884" lon="129.000192"/><trkpt lat="35.114848" lon="129.000184"/><trkpt lat="35.114788" lon="129.000156"/><trkpt lat="35.114751" lon="129.000142"/><trkpt lat="35.114699" lon="129.000133"/><trkpt lat="35.114404" lon="129.000108"/><trkpt lat="35.114351" lon="129.000107"/><trkpt lat="35.114258" lon="129.000113"/><trkpt lat="35.114059" lon="129.000131"/><trkpt lat="35.11402" lon="129.000138"/><trkpt lat="35.113968" lon="129.000152"/><trkpt lat="35.113099" lon="129.000416"/></trkseg>
<trkseg><trkpt lat="35.121775" lon="128.993148"/><trkpt lat="35.121734" lon="128.993124"/><trkpt lat="35.121689" lon="128.993109"/><trkpt lat="35.121647" lon="128.993115"/><trkpt lat="35.121597" lon="128.993137"/><trkpt lat="35.121375" lon="128.993251"/><trkpt lat="35.121339" lon="128.993272"/><trkpt lat="35.121307" lon="128.993298"/><trkpt lat="35.121279" lon="128.99333"/><trkpt lat="35.121256" lon="128.993367"/><trkpt lat="35.121239" lon="128.993409"/><trkpt lat="35.121222" lon="128.993469"/><trkpt lat="35.121149" lon="128.993758"/><trkpt lat="35.121134" lon="128.993802"/><trkpt lat="35.121108" lon="128.993859"/><trkpt lat="35.121056" lon="128.993954"/><trkpt lat="35.121032" lon="128.993991"/><trkpt lat="35.121004" lon="128.994019"/><trkpt lat="35.120968" lon="128.994031"/><trkpt lat="35.120929" lon="128.994034"/><trkpt lat="35.120863" lon="128.994037"/><trkpt lat="35.120823" lon="128.994045"/><trkpt lat="35.120786" lon="128.994061"/><trkpt lat="35.120711" lon="128.994096"/><trkpt lat="35.120674" lon="128.994107"/><trkpt lat="35.120603" lon="128.994113"/><trkpt lat="35.12057" lon="128.994123"/><trkpt lat="35.12052" lon="128.994152"/><trkpt lat="35.120486" lon="128.99416"/><trkpt lat="35.120448" lon="128.994159"/><trkpt lat="35.120356" lon="128.994145"/><trkpt lat="35.120118" lon="128.994106"/><trkpt lat="35.12008" lon="128.994103"/><trkpt lat="35.120043" lon="128.994108"/><trkpt lat="35.120009" lon="128.994126"/><trkpt lat="35.119955" lon="128.994165"/><trkpt lat="35.119919" lon="128.99418"/><trkpt lat="35.119841" lon="128.994193"/><trkpt lat="35.119805" lon="128.994203"/><trkpt lat="35.119778" lon="128.994223"/><trkpt lat="35.119764" lon="128.994257"/><trkpt lat="35.119761" lon="128.994291"/><trkpt lat="35.119756" lon="128.994324"/><trkpt lat="35.119737" lon="128.994355"/><trkpt lat="35.119709" lon="128.994382"/><trkpt lat="35.119678" lon="128.994398"/><trkpt lat="35.119643" lon="128.994395"/><trkpt lat="35.119607" lon="128.994382"/><trkpt lat="35.119558" lon="128.994358"/><trkpt lat="35.119511" lon="128.994331"/><trkpt lat="35.119474" lon="128.994294"/><trkpt lat="35.119444" lon="128.994251"/><trkpt lat="35.119426" lon="128.99422"/></trkseg>
<trkseg><trkpt lat="35.119426" lon="128.99422"/><trkpt lat="35.119446" lon="128.994272"/><trkpt lat="35.119473" lon="128.994348"/><trkpt lat="35.119485" lon="128.994395"/><trkpt lat="35.119487" lon="128.994436"/><trkpt lat="35.119473" lon="128.994472"/><trkpt lat="35.119451" lon="128.994502"/><trkpt lat="35.119424" lon="128.994518"/><trkpt lat="35.119391" lon="128.99451"/><trkpt lat="35.119357" lon="128.99449"/><trkpt lat="35.119241" lon="128.994404"/><trkpt lat="35.119115" lon="128.994309"/><trkpt lat="35.119083" lon="128.994281"/><trkpt lat="35.119056" lon="128.994247"/><trkpt lat="35.119025" lon="128.994195"/><trkpt lat="35.118938" lon="128.994033"/><trkpt lat="35.118908" lon="128.993981"/><trkpt lat="35.118881" lon="128.993949"/><trkpt lat="35.118847" lon="128.993928"/><trkpt lat="35.11881" lon="128.993916"/><trkpt lat="35.118771" lon="128.993914"/><trkpt lat="35.118706" lon="128.993922"/><trkpt lat="35.118458" lon="128.993964"/><trkpt lat="35.118419" lon="128.993967"/><trkpt lat="35.11838" lon="128.993964"/><trkpt lat="35.118342" lon="128.993953"/><trkpt lat="35.118265" lon="128.993925"/><trkpt lat="35.118226" lon="128.993918"/><trkpt lat="35.118186" lon="128.993919"/><trkpt lat="35.118148" lon="128.993926"/><trkpt lat="35.118113" lon="128.993943"/><trkpt lat="35.118082" lon="128.993971"/><trkpt lat="35.118035" lon="128.994026"/><trkpt lat="35.117971" lon="128.994107"/><trkpt lat="35.117946" lon="128.994144"/><trkpt lat="35.117759" lon="128.994462"/><trkpt lat="35.117628" lon="128.994689"/><trkpt lat="35.117607" lon="128.99473"/><trkpt lat="35.117594" lon="128.994773"/><trkpt lat="35.117587" lon="128.994818"/><trkpt lat="35.11758" lon="128.994925"/><trkpt lat="35.117573" lon="128.994969"/><trkpt lat="35.117559" lon="128.995007"/><trkpt lat="35.117538" lon="128.995041"/><trkpt lat="35.117511" lon="128.995074"/><trkpt lat="35.117342" lon="128.995239"/><trkpt lat="35.11712" lon="128.995453"/><trkpt lat="35.117087" lon="128.995479"/><trkpt lat="35.116917" lon="128.995595"/><trkpt lat="35.11685" lon="128.995644"/><trkpt lat="35.11682" lon="128.995673"/><trkpt lat="35.116793" lon="128.995709"/><trkpt lat="35.116569" lon="128.996059"/><trkpt lat="35.116526" lon="128.996122"/><trkpt lat="35.116498" lon="128.996156"/><trkpt lat="35.116465" lon="128.996182"/><trkpt lat="35.116405" lon="128.996217"/><trkpt lat="35.116344" lon="128.99625"/><trkpt lat="35.116307" lon="128.996266"/><trkpt lat="35.116269" lon="128.996274"/><trkpt lat="35.116229" lon="128.996276"/><trkpt lat="35.115669" lon="128.996267"/></trkseg>
<trkseg><trkpt lat="35.111997" lon="128.993802"/><trkpt lat="35.111638" lon="128.993759"/><trkpt lat="35.111599" lon="128.993751"/><trkpt lat="35.111562" lon="128.993738"/><trkpt lat="35.11153" lon="128.993713"/><trkpt lat="35.11149" lon="128.993672"/><trkpt lat="35.111317" lon="128.993473"/><trkpt lat="35.111277" lon="128.993431"/><trkpt lat="35.111245" lon="128.993405"/><trkpt lat="35.11121" lon="128.993386"/><trkpt lat="35.111136" lon="128.993357"/><trkpt lat="35.111101" lon="128.993338"/><trkpt lat="35.111068" lon="128.993314"/><trkpt lat="35.111014" lon="128.993269"/><trkpt lat="35.110983" lon="128.99324"/><trkpt lat="35.110954" lon="128.993208"/><trkpt lat="35.110928" lon="128.993172"/><trkpt lat="35.110897" lon="128.993122"/><trkpt lat="35.110877" lon="128.993082"/><trkpt lat="35.110867" lon="128.99304"/><trkpt lat="35.110868" lon="128.992994"/><trkpt lat="35.11089" lon="128.992849"/><trkpt lat="35.110898" lon="128.992785"/><trkpt lat="35.110899" lon="128.992738"/><trkpt lat="35.11089" lon="128.992696"/><trkpt lat="35.110871" lon="128.992659"/><trkpt lat="35.110849" lon="128.992629"/><trkpt lat="35.110811" lon="128.99261"/><trkpt lat="35.110838" lon="128.992471"/><trkpt lat="35.110859" lon="128.992431"/><trkpt lat="35.110872" lon="128.992392"/><trkpt lat="35.110869" lon="128.992352"/><trkpt lat="35.110852" lon="128.992313"/><trkpt lat="35.110829" lon="128.992275"/><trkpt lat="35.110803" lon="128.99224"/><trkpt lat="35.110772" lon="128.992212"/><trkpt lat="35.110725" lon="128.992183"/><trkpt lat="35.11052" lon="128.992071"/><trkpt lat="35.110448" lon="128.99203"/><trkpt lat="35.110415" lon="128.992006"/><trkpt lat="35.110372" lon="128.991962"/><trkpt lat="35.110346" lon="128.991937"/><trkpt lat="35.110312" lon="128.991917"/><trkpt lat="35.110227" lon="128.991881"/><trkpt lat="35.110091" lon="128.991827"/></trkseg>
<trkseg><trkpt lat="35.116784" lon="128.976197"/><trkpt lat="35.116744" lon="128.976063"/><trkpt lat="35.116728" lon="128.976017"/><trkpt lat="35.116708" lon="128.975977"/><trkpt lat="35.11667" lon="128.975919"/><trkpt lat="35.116652" lon="128.97588"/><trkpt lat="35.116637" lon="128.975821"/><trkpt lat="35.116619" lon="128.975783"/><trkpt lat="35.116591" lon="128.975754"/><trkpt lat="35.116558" lon="128.975728"/><trkpt lat="35.116166" lon="128.975449"/><trkpt lat="35.116121" lon="128.975414"/><trkpt lat="35.11609" lon="128.975386"/><trkpt lat="35.116065" lon="128.975352"/><trkpt lat="35.11603" lon="128.975289"/><trkpt lat="35.116007" lon="128.975257"/><trkpt lat="35.115978" lon="128.975239"/><trkpt lat="35.115944" lon="128.975232"/><trkpt lat="35.115858" lon="128.975221"/><trkpt lat="35.11582" lon="128.975209"/><trkpt lat="35.115744" lon="128.975177"/><trkpt lat="35.115619" lon="128.975119"/><trkpt lat="35.115583" lon="128.975098"/><trkpt lat="35.115522" lon="128.975045"/><trkpt lat="35.115492" lon="128.975022"/><trkpt lat="35.115458" lon="128.975007"/><trkpt lat="35.1154" lon="128.97499"/><trkpt lat="35.115365" lon="128.974969"/><trkpt lat="35.115331" lon="128.974942"/><trkpt lat="35.114897" lon="128.974554"/><trkpt lat="35.114808" lon="128.974479"/><trkpt lat="35.114774" lon="128.974455"/><trkpt lat="35.114678" lon="128.974398"/><trkpt lat="35.114644" lon="128.974375"/><trkpt lat="35.114617" lon="128.974347"/><trkpt lat="35.114602" lon="128.974314"/><trkpt lat="35.114599" lon="128.974275"/><trkpt lat="35.114582" lon="128.974253"/><trkpt lat="35.114542" lon="128.974238"/><trkpt lat="35.114481" lon="128.974227"/></trkseg>
<trkseg><trkpt lat="35.130862" lon="129.017132"/><trkpt lat="35.13089" lon="129.017115"/><trkpt lat="35.130928" lon="129.017084"/><trkpt lat="35.130962" lon="129.017042"/><trkpt lat="35.131008" lon="129.016965"/><trkpt lat="35.131031" lon="129.016929"/><trkpt lat="35.131055" lon="129.016901"/><trkpt lat="35.131087" lon="129.016887"/><trkpt lat="35.131107" lon="129.016872"/><trkpt lat="35.13112" lon="129.016837"/><trkpt lat="35.131125" lon="129.016795"/><trkpt lat="35.131115" lon="129.016757"/><trkpt lat="35.13109" lon="129.016728"/><trkpt lat="35.131026" lon="129.016675"/><trkpt lat="35.130994" lon="129.016647"/><trkpt lat="35.130966" lon="129.016614"/><trkpt lat="35.130943" lon="129.016575"/><trkpt lat="35.130925" lon="129.016533"/><trkpt lat="35.130912" lon="129.016488"/><trkpt lat="35.13091" lon="129.016442"/><trkpt lat="35.130911" lon="129.016366"/><trkpt lat="35.130905" lon="129.016324"/><trkpt lat="35.130887" lon="129.016289"/><trkpt lat="35.130858" lon="129.016244"/><trkpt lat="35.130845" lon="129.016204"/><trkpt lat="35.130828" lon="129.016116"/><trkpt lat="35.130818" lon="129.016073"/><trkpt lat="35.130802" lon="129.016034"/><trkpt lat="35.130775" lon="129.015974"/><trkpt lat="35.130768" lon="129.015932"/><trkpt lat="35.13077" lon="129.015886"/><trkpt lat="35.13078" lon="129.015792"/><trkpt lat="35.130781" lon="129.015744"/><trkpt lat="35.130776" lon="129.015698"/><trkpt lat="35.130757" lon="129.015604"/><trkpt lat="35.130717" lon="129.015418"/><trkpt lat="35.130712" lon="129.015373"/><trkpt lat="35.130716" lon="129.015335"/><trkpt lat="35.130729" lon="129.015299"/><trkpt lat="35.130728" lon="129.015283"/><trkpt lat="35.130708" lon="129.015274"/><trkpt lat="35.130685" lon="129.015252"/><trkpt lat="35.130665" lon="129.015216"/><trkpt lat="35.130622" lon="129.015115"/><trkpt lat="35.130201" lon="129.014059"/></trkseg>
<trkseg><trkpt lat="35.127747" lon="129.025756"/><trkpt lat="35.127809" lon="129.025592"/></trkseg>
<trkseg><trkpt lat="35.127771" lon="129.025492"/><trkpt lat="35.127809" lon="129.025592"/></trkseg>
<trkseg><trkpt lat="35.123536" lon="128.991497"/><trkpt lat="35.123421" lon="128.991502"/><trkpt lat="35.123355" lon="128.991508"/><trkpt lat="35.123319" lon="128.991518"/><trkpt lat="35.123283" lon="128.991539"/><trkpt lat="35.123238" lon="128.991574"/><trkpt lat="35.12287" lon="128.991878"/><trkpt lat="35.122825" lon="128.991911"/><trkpt lat="35.122788" lon="128.991928"/><trkpt lat="35.122749" lon="128.99194"/><trkpt lat="35.12258" lon="128.991983"/><trkpt lat="35.122528" lon="128.991998"/><trkpt lat="35.122492" lon="128.992014"/><trkpt lat="35.122459" lon="128.992035"/><trkpt lat="35.122371" lon="128.992096"/><trkpt lat="35.122336" lon="128.992114"/><trkpt lat="35.122286" lon="128.992134"/><trkpt lat="35.122097" lon="128.9922"/><trkpt lat="35.122061" lon="128.992215"/><trkpt lat="35.122028" lon="128.992237"/><trkpt lat="35.122004" lon="128.992271"/><trkpt lat="35.121985" lon="128.99231"/><trkpt lat="35.121969" lon="128.992353"/><trkpt lat="35.12196" lon="128.992397"/><trkpt lat="35.121957" lon="128.992444"/><trkpt lat="35.121961" lon="128.992586"/><trkpt lat="35.12196" lon="128.992633"/><trkpt lat="35.121952" lon="128.992697"/><trkpt lat="35.121918" lon="128.992886"/><trkpt lat="35.1219" lon="128.99298"/><trkpt lat="35.121887" lon="128.993024"/><trkpt lat="35.12187" lon="128.993064"/><trkpt lat="35.121843" lon="128.993106"/><trkpt lat="35.121806" lon="128.993137"/><trkpt lat="35.121777" lon="128.993148"/><trkpt lat="35.121775" lon="128.993148"/></trkseg>
<trkseg><trkpt lat="35.115669" lon="128.996267"/><trkpt lat="35.115625" lon="128.996139"/><trkpt lat="35.115607" lon="128.996094"/><trkpt lat="35.115584" lon="128.996055"/><trkpt lat="35.115531" lon="128.995981"/><trkpt lat="35.115049" lon="128.995341"/><trkpt lat="35.114993" lon="128.995269"/><trkpt lat="35.114963" lon="128.995237"/><trkpt lat="35.114921" lon="128.9952"/><trkpt lat="35.114746" lon="128.995057"/><trkpt lat="35.114701" lon="128.995024"/><trkpt lat="35.114665" lon="128.995003"/><trkpt lat="35.114589" lon="128.99497"/><trkpt lat="35.114179" lon="128.994805"/><trkpt lat="35.114142" lon="128.994786"/><trkpt lat="35.114108" lon="128.994762"/><trkpt lat="35.114023" lon="128.994681"/><trkpt lat="35.11399" lon="128.994654"/><trkpt lat="35.113955" lon="128.994632"/><trkpt lat="35.113879" lon="128.994601"/><trkpt lat="35.113045" lon="128.9943"/><trkpt lat="35.112981" lon="128.994275"/><trkpt lat="35.112945" lon="128.994256"/><trkpt lat="35.112886" lon="128.994219"/><trkpt lat="35.112485" lon="128.993936"/></trkseg>
<trkseg><trkpt lat="35.112485" lon="128.993936"/><trkpt lat="35.112461" lon="128.993943"/><trkpt lat="35.112425" lon="128.993945"/><trkpt lat="35.112391" lon="128.993934"/><trkpt lat="35.112338" lon="128.993899"/><trkpt lat="35.112251" lon="128.993838"/><trkpt lat="35.112224" lon="128.993823"/><trkpt lat="35.112196" lon="128.993814"/><trkpt lat="35.112157" lon="128.993809"/><trkpt lat="35.111997" lon="128.993802"/></trkseg>
<trkseg><trkpt lat="35.123536" lon="128.991497"/><trkpt lat="35.123553" lon="128.991443"/><trkpt lat="35.123567" lon="128.991385"/><trkpt lat="35.123573" lon="128.991331"/><trkpt lat="35.123574" lon="128.991022"/><trkpt lat="35.123577" lon="128.990876"/><trkpt lat="35.123592" lon="128.990733"/><trkpt lat="35.123624" lon="128.990479"/><trkpt lat="35.123627" lon="128.990431"/><trkpt lat="35.123626" lon="128.990384"/><trkpt lat="35.123611" lon="128.99018"/><trkpt lat="35.123606" lon="128.990085"/><trkpt lat="35.123608" lon="128.990038"/><trkpt lat="35.123618" lon="128.989975"/><trkpt lat="35.123664" lon="128.989757"/><trkpt lat="35.123676" lon="128.989694"/><trkpt lat="35.123681" lon="128.989646"/><trkpt lat="35.123697" lon="128.98937"/><trkpt lat="35.1237" lon="128.989273"/><trkpt lat="35.123696" lon="128.989226"/><trkpt lat="35.123683" lon="128.989165"/><trkpt lat="35.123613" lon="128.988909"/></trkseg>
<trkseg><trkpt lat="35.115644" lon="128.996475"/><trkpt lat="35.115594" lon="128.996486"/><trkpt lat="35.115544" lon="128.996502"/><trkpt lat="35.115509" lon="128.996526"/><trkpt lat="35.115488" lon="128.996558"/><trkpt lat="35.115472" lon="128.996599"/><trkpt lat="35.115456" lon="128.996661"/><trkpt lat="35.11543" lon="128.996786"/><trkpt lat="35.115425" lon="128.996833"/><trkpt lat="35.115426" lon="128.99688"/><trkpt lat="35.115434" lon="128.996944"/><trkpt lat="35.115453" lon="128.997087"/><trkpt lat="35.115453" lon="128.997136"/><trkpt lat="35.115436" lon="128.997189"/><trkpt lat="35.115411" lon="128.997232"/><trkpt lat="35.115398" lon="128.99725"/></trkseg>
<trkseg><trkpt lat="35.11566" lon="128.996341"/><trkpt lat="35.115669" lon="128.996267"/></trkseg>
<trkseg><trkpt lat="35.115644" lon="128.996475"/><trkpt lat="35.11566" lon="128.996341"/></trkseg>
<trkseg><trkpt lat="35.123613" lon="128.988909"/><trkpt lat="35.123538" lon="128.988561"/><trkpt lat="35.123532" lon="128.988514"/><trkpt lat="35.123519" lon="128.988308"/><trkpt lat="35.123513" lon="128.988214"/><trkpt lat="35.123507" lon="128.988168"/><trkpt lat="35.123495" lon="128.988122"/><trkpt lat="35.123468" lon="128.988049"/><trkpt lat="35.123453" lon="128.988005"/><trkpt lat="35.123445" lon="128.98796"/><trkpt lat="35.123445" lon="128.987873"/><trkpt lat="35.123442" lon="128.987831"/><trkpt lat="35.123429" lon="128.987787"/><trkpt lat="35.123405" lon="128.98773"/><trkpt lat="35.123292" lon="128.987493"/><trkpt lat="35.123255" lon="128.987408"/><trkpt lat="35.123241" lon="128.987363"/><trkpt lat="35.123226" lon="128.987286"/><trkpt lat="35.123213" lon="128.987241"/><trkpt lat="35.123195" lon="128.987198"/><trkpt lat="35.123101" lon="128.987021"/><trkpt lat="35.12302" lon="128.986871"/><trkpt lat="35.122997" lon="128.986833"/><trkpt lat="35.122968" lon="128.986801"/><trkpt lat="35.122935" lon="128.986777"/><trkpt lat="35.122863" lon="128.986735"/><trkpt lat="35.122829" lon="128.98671"/><trkpt lat="35.122802" lon="128.98668"/><trkpt lat="35.122755" lon="128.986607"/><trkpt lat="35.12273" lon="128.986572"/><trkpt lat="35.122701" lon="128.986541"/><trkpt lat="35.122636" lon="128.986485"/><trkpt lat="35.122204" lon="128.986136"/><trkpt lat="35.122162" lon="128.986098"/><trkpt lat="35.122135" lon="128.986065"/><trkpt lat="35.122113" lon="128.986026"/><trkpt lat="35.122009" lon="128.985803"/><trkpt lat="35.121973" lon="128.985717"/><trkpt lat="35.121958" lon="128.985673"/><trkpt lat="35.121939" lon="128.985598"/><trkpt lat="35.121931" lon="128.985552"/><trkpt lat="35.12193" lon="128.985506"/><trkpt lat="35.121938" lon="128.985411"/><trkpt lat="35.121941" lon="128.985364"/><trkpt lat="35.121938" lon="128.985317"/><trkpt lat="35.121928" lon="128.985272"/><trkpt lat="35.121851" lon="128.985033"/><trkpt lat="35.121819" lon="128.984945"/><trkpt lat="35.121799" lon="128.984905"/><trkpt lat="35.121773" lon="128.984868"/><trkpt lat="35.12167" lon="128.984741"/><trkpt lat="35.121548" lon="128.984592"/><trkpt lat="35.121518" lon="128.98456"/><trkpt lat="35.121485" lon="128.984532"/><trkpt lat="35.121373" lon="128.984447"/><trkpt lat="35.12133" lon="128.984411"/><trkpt lat="35.1213" lon="128.984379"/><trkpt lat="35.121267" lon="128.984329"/><trkpt lat="35.12121" lon="128.984238"/><trkpt lat="35.121183" lon="128.984204"/><trkpt lat="35.12115" lon="128.984179"/><trkpt lat="35.121103" lon="128.98415"/><trkpt lat="35.120735" lon="128.983954"/><trkpt lat="35.120689" lon="128.983924"/><trkpt lat="35.120658" lon="128.983894"/><trkpt lat="35.120612" lon="128.983836"/><trkpt lat="35.12046" lon="128.983627"/><trkpt lat="35.120427" lon="128.983577"/><trkpt lat="35.120409" lon="128.983533"/><trkpt lat="35.120399" lon="128.983475"/><trkpt lat="35.120394" lon="128.983401"/><trkpt lat="35.120394" lon="128.983399"/></trkseg>
<trkseg><trkpt lat="35.121637" lon="128.999724"/><trkpt lat="35.121428" lon="128.999631"/><trkpt lat="35.121391" lon="128.999617"/><trkpt lat="35.121353" lon="128.99961"/><trkpt lat="35.121313" lon="128.999611"/><trkpt lat="35.121073" lon="128.999636"/><trkpt lat="35.121021" lon="128.999643"/><trkpt lat="35.120984" lon="128.999653"/><trkpt lat="35.120956" lon="128.999675"/><trkpt lat="35.120937" lon="128.999712"/><trkpt lat="35.120918" lon="128.999769"/><trkpt lat="35.120899" lon="128.999843"/><trkpt lat="35.120893" lon="128.999885"/><trkpt lat="35.1209" lon="128.999921"/><trkpt lat="35.120926" lon="128.999961"/><trkpt lat="35.120945" lon="129.000001"/><trkpt lat="35.120959" lon="129.000046"/><trkpt lat="35.12097" lon="129.000091"/><trkpt lat="35.120972" lon="129.000136"/><trkpt lat="35.120959" lon="129.000175"/><trkpt lat="35.120931" lon="129.000221"/><trkpt lat="35.12088" lon="129.00029"/><trkpt lat="35.120878" lon="129.000293"/></trkseg>
<trkseg><trkpt lat="35.136687" lon="129.021566"/><trkpt lat="35.136661" lon="129.021351"/><trkpt lat="35.136659" lon="129.021305"/><trkpt lat="35.136665" lon="129.021262"/><trkpt lat="35.136683" lon="129.021192"/><trkpt lat="35.136693" lon="129.02115"/><trkpt lat="35.1367" lon="129.021103"/><trkpt lat="35.136716" lon="129.02085"/><trkpt lat="35.13672" lon="129.020755"/><trkpt lat="35.136717" lon="129.020708"/><trkpt lat="35.136707" lon="129.020662"/><trkpt lat="35.136683" lon="129.020585"/><trkpt lat="35.136563" lon="129.020236"/><trkpt lat="35.13655" lon="129.02019"/><trkpt lat="35.136542" lon="129.020144"/><trkpt lat="35.136542" lon="129.020087"/><trkpt lat="35.136538" lon="129.020044"/><trkpt lat="35.136525" lon="129.020001"/><trkpt lat="35.136498" lon="129.019929"/><trkpt lat="35.136488" lon="129.019884"/><trkpt lat="35.136482" lon="129.019821"/><trkpt lat="35.136472" lon="129.01968"/><trkpt lat="35.136466" lon="129.019634"/><trkpt lat="35.136454" lon="129.019591"/><trkpt lat="35.136432" lon="129.019551"/><trkpt lat="35.136382" lon="129.019475"/><trkpt lat="35.13636" lon="129.019434"/><trkpt lat="35.136338" lon="129.019375"/><trkpt lat="35.136135" lon="129.018751"/><trkpt lat="35.136119" lon="129.018709"/><trkpt lat="35.1361" lon="129.018675"/><trkpt lat="35.13607" lon="129.018653"/><trkpt lat="35.136055" lon="129.01863"/><trkpt lat="35.136047" lon="129.018594"/><trkpt lat="35.136034" lon="129.018507"/><trkpt lat="35.136023" lon="129.018461"/><trkpt lat="35.135991" lon="129.018354"/><trkpt lat="35.135802" lon="129.017748"/><trkpt lat="35.135776" lon="129.017673"/><trkpt lat="35.135743" lon="129.017604"/><trkpt lat="35.135567" lon="129.017266"/><trkpt lat="35.13553" lon="129.0172"/><trkpt lat="35.135505" lon="129.017164"/><trkpt lat="35.135475" lon="129.017131"/><trkpt lat="35.135384" lon="129.017046"/></trkseg>
<trkseg><trkpt lat="35.135384" lon="129.017046"/><trkpt lat="35.135553" lon="129.016782"/><trkpt lat="35.135582" lon="129.016731"/><trkpt lat="35.135594" lon="129.016691"/><trkpt lat="35.135593" lon="129.016649"/><trkpt lat="35.135573" lon="129.01656"/><trkpt lat="35.135565" lon="129.016516"/><trkpt lat="35.135564" lon="129.016471"/><trkpt lat="35.135572" lon="129.016426"/><trkpt lat="35.135589" lon="129.016367"/><trkpt lat="35.13561" lon="129.016309"/><trkpt lat="35.13563" lon="129.01627"/><trkpt lat="35.135656" lon="129.016236"/><trkpt lat="35.135686" lon="129.016209"/><trkpt lat="35.135723" lon="129.016191"/><trkpt lat="35.135839" lon="129.016149"/><trkpt lat="35.135876" lon="129.016131"/><trkpt lat="35.135911" lon="129.016107"/><trkpt lat="35.136131" lon="129.015917"/><trkpt lat="35.136307" lon="129.015764"/><trkpt lat="35.136349" lon="129.015724"/><trkpt lat="35.136375" lon="129.015688"/><trkpt lat="35.136396" lon="129.015647"/><trkpt lat="35.136472" lon="129.015454"/><trkpt lat="35.136764" lon="129.014713"/></trkseg>
<trkseg><trkpt lat="35.123204" lon="128.997275"/><trkpt lat="35.121723" lon="128.998827"/><trkpt lat="35.121682" lon="128.998868"/><trkpt lat="35.121649" lon="128.998894"/><trkpt lat="35.121612" lon="128.998911"/><trkpt lat="35.121536" lon="128.998937"/><trkpt lat="35.120992" lon="128.999099"/><trkpt lat="35.120941" lon="128.999117"/><trkpt lat="35.120891" lon="128.999141"/><trkpt lat="35.120718" lon="128.999231"/><trkpt lat="35.120671" lon="128.999261"/><trkpt lat="35.120642" lon="128.999289"/><trkpt lat="35.120621" lon="128.999323"/><trkpt lat="35.120605" lon="128.999361"/><trkpt lat="35.120594" lon="128.999403"/><trkpt lat="35.12059" lon="128.999451"/><trkpt lat="35.120591" lon="128.9995"/><trkpt lat="35.120597" lon="128.999548"/><trkpt lat="35.120616" lon="128.999642"/><trkpt lat="35.12069" lon="128.999986"/></trkseg>
<trkseg><trkpt lat="35.123204" lon="128.997275"/><trkpt lat="35.123141" lon="128.997253"/><trkpt lat="35.123091" lon="128.997238"/><trkpt lat="35.12305" lon="128.997233"/><trkpt lat="35.123012" lon="128.997238"/><trkpt lat="35.122961" lon="128.997251"/><trkpt lat="35.122794" lon="128.997302"/><trkpt lat="35.122757" lon="128.997317"/><trkpt lat="35.122442" lon="128.997492"/><trkpt lat="35.122357" lon="128.997538"/><trkpt lat="35.12232" lon="128.997555"/><trkpt lat="35.122269" lon="128.997573"/><trkpt lat="35.121984" lon="128.99766"/><trkpt lat="35.121934" lon="128.99768"/><trkpt lat="35.121842" lon="128.997731"/><trkpt lat="35.121797" lon="128.997755"/><trkpt lat="35.121761" lon="128.997763"/><trkpt lat="35.121722" lon="128.997759"/><trkpt lat="35.121674" lon="128.997745"/><trkpt lat="35.121613" lon="128.997726"/></trkseg>
<trkseg><trkpt lat="35.119381" lon="129.000941"/><trkpt lat="35.119664" lon="129.000656"/><trkpt lat="35.119698" lon="129.000615"/><trkpt lat="35.119716" lon="129.000581"/><trkpt lat="35.119736" lon="129.000524"/><trkpt lat="35.119754" lon="129.000489"/><trkpt lat="35.119771" lon="129.000475"/><trkpt lat="35.119773" lon="129.000475"/></trkseg>
<trkseg><trkpt lat="35.12069" lon="128.999986"/><trkpt lat="35.120669" lon="129.000061"/><trkpt lat="35.120646" lon="129.000115"/><trkpt lat="35.120619" lon="129.000149"/><trkpt lat="35.120578" lon="129.000187"/><trkpt lat="35.120441" lon="129.000306"/><trkpt lat="35.120397" lon="129.000339"/><trkpt lat="35.120362" lon="129.00036"/><trkpt lat="35.120241" lon="129.00042"/><trkpt lat="35.120168" lon="129.000452"/><trkpt lat="35.120131" lon="129.000463"/><trkpt lat="35.120091" lon="129.000467"/><trkpt lat="35.119906" lon="129.000472"/><trkpt lat="35.119773" lon="129.000475"/></trkseg>
<trkseg><trkpt lat="35.120878" lon="129.000293"/><trkpt lat="35.12069" lon="128.999986"/></trkseg>
<trkseg><trkpt lat="35.12819" lon="129.029795"/><trkpt lat="35.128018" lon="129.030024"/><trkpt lat="35.12799" lon="129.030058"/><trkpt lat="35.127961" lon="129.030086"/><trkpt lat="35.127927" lon="129.030098"/><trkpt lat="35.127852" lon="129.030099"/><trkpt lat="35.127815" lon="129.030103"/><trkpt lat="35.12778" lon="129.030117"/><trkpt lat="35.127746" lon="129.030142"/><trkpt lat="35.127682" lon="129.030195"/><trkpt lat="35.127651" lon="129.030212"/><trkpt lat="35.127619" lon="129.030211"/><trkpt lat="35.127598" lon="129.030216"/><trkpt lat="35.127577" lon="129.030241"/><trkpt lat="35.127541" lon="129.0303"/><trkpt lat="35.127515" lon="129.030335"/><trkpt lat="35.127475" lon="129.030379"/><trkpt lat="35.127131" lon="129.030721"/><trkpt lat="35.12708" lon="129.030774"/><trkpt lat="35.127055" lon="129.030808"/><trkpt lat="35.127041" lon="129.030848"/><trkpt lat="35.12703" lon="129.030937"/><trkpt lat="35.127022" lon="129.030981"/><trkpt lat="35.127006" lon="129.03102"/><trkpt lat="35.126981" lon="129.031056"/><trkpt lat="35.126909" lon="129.031148"/><trkpt lat="35.126884" lon="129.031184"/><trkpt lat="35.126866" lon="129.031226"/><trkpt lat="35.126853" lon="129.031271"/><trkpt lat="35.126836" lon="129.03135"/><trkpt lat="35.126828" lon="129.031397"/><trkpt lat="35.126826" lon="129.031437"/><trkpt lat="35.126736" lon="129.031905"/><trkpt lat="35.126706" lon="129.032292"/><trkpt lat="35.1266" lon="129.032596"/><trkpt lat="35.12657" lon="129.033118"/></trkseg>
<trkseg><trkpt lat="35.144876" lon="129.02145"/><trkpt lat="35.144006" lon="129.021953"/><trkpt lat="35.14338" lon="129.02233"/><trkpt lat="35.142734" lon="129.022314"/><trkpt lat="35.142131" lon="129.022955"/><trkpt lat="35.141397" lon="129.023363"/><trkpt lat="35.140714" lon="129.023291"/><trkpt lat="35.140017" lon="129.022992"/></trkseg>
<trkseg><trkpt lat="35.140379" lon="129.020324"/><trkpt lat="35.14026" lon="129.020791"/><trkpt lat="35.140245" lon="129.020853"/><trkpt lat="35.140238" lon="129.020901"/><trkpt lat="35.140235" lon="129.02098"/><trkpt lat="35.140231" lon="129.021157"/><trkpt lat="35.140223" lon="129.021221"/><trkpt lat="35.140173" lon="129.021491"/><trkpt lat="35.140157" lon="129.021586"/><trkpt lat="35.140153" lon="129.021635"/><trkpt lat="35.140154" lon="129.0217"/><trkpt lat="35.140164" lon="129.021896"/><trkpt lat="35.140164" lon="129.021944"/><trkpt lat="35.14016" lon="129.021992"/><trkpt lat="35.140149" lon="129.022038"/><trkpt lat="35.140036" lon="129.02242"/><trkpt lat="35.14001" lon="129.022511"/><trkpt lat="35.140002" lon="129.022558"/><trkpt lat="35.139999" lon="129.022605"/><trkpt lat="35.140002" lon="129.022684"/><trkpt lat="35.140016" lon="129.02294"/><trkpt lat="35.140017" lon="129.022992"/></trkseg>
<trkseg><trkpt lat="35.140017" lon="129.022992"/><trkpt lat="35.139066" lon="129.02265"/><trkpt lat="35.138214" lon="129.022072"/><trkpt lat="35.137695" lon="129.02164"/><trkpt lat="35.137123" lon="129.021258"/><trkpt lat="35.136687" lon="129.021566"/></trkseg>
<trkseg><trkpt lat="35.119773" lon="129.000475"/><trkpt lat="35.119564" lon="129.000453"/><trkpt lat="35.119525" lon="129.000445"/><trkpt lat="35.119488" lon="129.00043"/><trkpt lat="35.119451" lon="129.00041"/><trkpt lat="35.1188" lon="129.000015"/><trkpt lat="35.118545" lon="128.999863"/><trkpt lat="35.118483" lon="128.999803"/></trkseg>
<trkseg><trkpt lat="35.126868" lon="129.006679"/><trkpt lat="35.126415" lon="129.006402"/><trkpt lat="35.125898" lon="129.005937"/><trkpt lat="35.125356" lon="129.005471"/><trkpt lat="35.124926" lon="129.005768"/><trkpt lat="35.124628" lon="129.006164"/><trkpt lat="35.12437" lon="129.006497"/><trkpt lat="35.12404" lon="129.006804"/><trkpt lat="35.123586" lon="129.006558"/><trkpt lat="35.123184" lon="129.006428"/></trkseg>
<trkseg><trkpt lat="35.120895" lon="129.007931"/><trkpt lat="35.120233" lon="129.008357"/><trkpt lat="35.119797" lon="129.008242"/><trkpt lat="35.119346" lon="129.008239"/><trkpt lat="35.11866" lon="129.007996"/><trkpt lat="35.118069" lon="129.007626"/><trkpt lat="35.117636" lon="129.007777"/><trkpt lat="35.117245" lon="129.007735"/><trkpt lat="35.116452" lon="129.00757"/><trkpt lat="35.115497" lon="129.006951"/></trkseg>
<trkseg><trkpt lat="35.115497" lon="129.006951"/><trkpt lat="35.115045" lon="129.00718"/><trkpt lat="35.114607" lon="129.007226"/><trkpt lat="35.114055" lon="129.007301"/><trkpt lat="35.11358" lon="129.00712"/><trkpt lat="35.112756" lon="129.006842"/><trkpt lat="35.112045" lon="129.006865"/><trkpt lat="35.111419" lon="129.006631"/><trkpt lat="35.111102" lon="129.006607"/></trkseg>
<trkseg><trkpt lat="35.110028" lon="129.007554"/><trkpt lat="35.109625" lon="129.008"/><trkpt lat="35.109123" lon="129.007875"/><trkpt lat="35.108756" lon="129.007607"/><trkpt lat="35.108486" lon="129.007694"/><trkpt lat="35.108281" lon="129.007664"/><trkpt lat="35.1082" lon="129.00756"/></trkseg>
<trkseg><trkpt lat="35.123184" lon="129.006428"/><trkpt lat="35.123194" lon="129.006471"/><trkpt lat="35.123216" lon="129.006545"/><trkpt lat="35.123219" lon="129.006592"/><trkpt lat="35.123217" lon="129.00664"/><trkpt lat="35.123211" lon="129.006687"/><trkpt lat="35.123198" lon="129.006732"/><trkpt lat="35.123161" lon="129.006817"/><trkpt lat="35.12305" lon="129.007057"/><trkpt lat="35.123033" lon="129.0071"/><trkpt lat="35.12302" lon="129.007146"/><trkpt lat="35.123002" lon="129.007241"/><trkpt lat="35.122988" lon="129.007303"/><trkpt lat="35.122972" lon="129.007342"/><trkpt lat="35.122943" lon="129.00737"/><trkpt lat="35.122908" lon="129.007392"/><trkpt lat="35.122709" lon="129.007494"/><trkpt lat="35.122671" lon="129.00751"/><trkpt lat="35.122634" lon="129.007521"/><trkpt lat="35.122559" lon="129.007536"/><trkpt lat="35.122522" lon="129.007539"/><trkpt lat="35.122487" lon="129.007531"/><trkpt lat="35.122453" lon="129.007509"/><trkpt lat="35.12241" lon="129.007472"/><trkpt lat="35.122335" lon="129.007404"/><trkpt lat="35.122302" lon="129.007382"/><trkpt lat="35.122269" lon="129.007374"/><trkpt lat="35.122234" lon="129.007384"/><trkpt lat="35.122188" lon="129.007408"/><trkpt lat="35.122142" lon="129.007437"/><trkpt lat="35.12211" lon="129.007464"/><trkpt lat="35.12208" lon="129.007495"/><trkpt lat="35.121977" lon="129.00762"/><trkpt lat="35.121939" lon="129.007663"/><trkpt lat="35.121908" lon="129.007689"/><trkpt lat="35.121872" lon="129.007704"/><trkpt lat="35.12182" lon="129.007717"/><trkpt lat="35.121373" lon="129.007804"/><trkpt lat="35.121322" lon="129.007816"/><trkpt lat="35.121287" lon="129.00783"/><trkpt lat="35.121262" lon="129.007853"/><trkpt lat="35.121236" lon="129.007902"/><trkpt lat="35.12121" lon="129.007922"/><trkpt lat="35.121176" lon="129.00793"/><trkpt lat="35.121099" lon="129.007934"/><trkpt lat="35.120902" lon="129.007937"/></trkseg>
<trkseg><trkpt lat="35.115458" lon="129.007566"/><trkpt lat="35.115497" lon="129.006951"/></trkseg>
<trkseg><trkpt lat="35.111102" lon="129.006607"/><trkpt lat="35.111124" lon="129.006641"/><trkpt lat="35.111144" lon="129.00668"/><trkpt lat="35.111156" lon="129.006723"/><trkpt lat="35.111159" lon="129.006771"/><trkpt lat="35.111157" lon="129.006853"/><trkpt lat="35.111143" lon="129.007195"/><trkpt lat="35.111134" lon="129.007423"/><trkpt lat="35.111129" lon="129.007471"/><trkpt lat="35.111119" lon="129.007515"/><trkpt lat="35.111098" lon="129.007585"/><trkpt lat="35.111081" lon="129.007625"/><trkpt lat="35.111058" lon="129.007664"/><trkpt lat="35.110951" lon="129.007806"/><trkpt lat="35.110917" lon="129.007855"/><trkpt lat="35.110898" lon="129.007894"/><trkpt lat="35.11089" lon="129.007934"/><trkpt lat="35.110891" lon="129.007974"/><trkpt lat="35.110906" lon="129.008022"/><trkpt lat="35.110913" lon="129.008061"/><trkpt lat="35.110909" lon="129.008115"/><trkpt lat="35.110898" lon="129.008184"/><trkpt lat="35.110894" lon="129.008205"/></trkseg>
<trkseg><trkpt lat="35.110028" lon="129.007554"/><trkpt lat="35.110055" lon="129.007554"/><trkpt lat="35.110189" lon="129.007494"/><trkpt lat="35.110238" lon="129.007469"/><trkpt lat="35.110271" lon="129.007448"/><trkpt lat="35.110301" lon="129.007417"/><trkpt lat="35.110325" lon="129.007379"/><trkpt lat="35.110366" lon="129.007314"/><trkpt lat="35.110392" lon="129.007277"/><trkpt lat="35.110451" lon="129.007211"/><trkpt lat="35.110698" lon="129.006941"/><trkpt lat="35.110724" lon="129.006905"/><trkpt lat="35.110756" lon="129.006844"/><trkpt lat="35.110777" lon="129.006811"/><trkpt lat="35.110804" lon="129.006789"/><trkpt lat="35.110848" lon="129.006768"/><trkpt lat="35.11088" lon="129.006745"/><trkpt lat="35.110921" lon="129.006706"/><trkpt lat="35.111011" lon="129.006614"/><trkpt lat="35.111041" lon="129.00659"/><trkpt lat="35.111069" lon="129.00658"/><trkpt lat="35.111094" lon="129.006597"/><trkpt lat="35.111102" lon="129.006607"/></trkseg>
<trkseg><trkpt lat="35.1082" lon="129.00756"/><trkpt lat="35.108179" lon="129.007589"/><trkpt lat="35.108148" lon="129.007609"/><trkpt lat="35.108099" lon="129.00763"/><trkpt lat="35.108013" lon="129.007666"/><trkpt lat="35.107978" lon="129.007684"/><trkpt lat="35.107945" lon="129.007709"/><trkpt lat="35.107895" lon="129.007761"/><trkpt lat="35.107817" lon="129.007846"/><trkpt lat="35.107785" lon="129.007874"/><trkpt lat="35.107738" lon="129.007905"/><trkpt lat="35.107642" lon="129.007966"/><trkpt lat="35.10761" lon="129.007994"/><trkpt lat="35.107573" lon="129.008039"/><trkpt lat="35.107504" lon="129.008137"/><trkpt lat="35.107481" lon="129.008175"/><trkpt lat="35.107463" lon="129.008213"/><trkpt lat="35.107439" lon="129.008236"/><trkpt lat="35.107411" lon="129.008231"/><trkpt lat="35.107395" lon="129.00822"/></trkseg>
</trk>
</gpx>
