<?xml version="1.0" encoding="UTF-8"?>
<gpx version="1.1" creator="letnaturechoose" xmlns="http://www.topografix.com/GPX/1/1">
<metadata><name>보문산 등산로</name></metadata>
<trk><name>보문산</name>
<trkseg><trkpt lat="36.292253" lon="127.441142"/><trkpt lat="36.292205" lon="127.441219"/><trkpt lat="36.29218" lon="127.441269"/><trkpt lat="36.292167" lon="127.441313"/><trkpt lat="36.292153" lon="127.441389"/><trkpt lat="36.292145" lon="127.441451"/><trkpt lat="36.292144" lon="127.441499"/><trkpt lat="36.29215" lon="127.441582"/><trkpt lat="36.292206" lon="127.442257"/><trkpt lat="36.292231" lon="127.442553"/><trkpt lat="36.292237" lon="127.442602"/><trkpt lat="36.292251" lon="127.442666"/><trkpt lat="36.29228" lon="127.442776"/><trkpt lat="36.2923" lon="127.442837"/><trkpt lat="36.29232" lon="127.442875"/><trkpt lat="36.29235" lon="127.4429"/><trkpt lat="36.292397" lon="127.442926"/><trkpt lat="36.292495" lon="127.442972"/><trkpt lat="36.29253" lon="127.442993"/><trkpt lat="36.292559" lon="127.443022"/><trkpt lat="36.292584" lon="127.443058"/><trkpt lat="36.292631" lon="127.443135"/><trkpt lat="36.292661" lon="127.443188"/><trkpt lat="36.292681" lon="127.443229"/><trkpt lat="36.29279" lon="127.443491"/><trkpt lat="36.292916" lon="127.443797"/></trkseg>
<trkseg><trkpt lat="36.306304" lon="127.443379"/><trkpt lat="36.306124" lon="127.443122"/><trkpt lat="36.306092" lon="127.443072"/><trkpt lat="36.306071" lon="127.443031"/><trkpt lat="36.306055" lon="127.442986"/><trkpt lat="36.305961" lon="127.442657"/><trkpt lat="36.305942" lon="127.442595"/><trkpt lat="36.305923" lon="127.442554"/><trkpt lat="36.305897" lon="127.442523"/><trkpt lat="36.305863" lon="127.4425"/><trkpt lat="36.305718" lon="127.442424"/><trkpt lat="36.305669" lon="127.442401"/><trkpt lat="36.305631" lon="127.442388"/><trkpt lat="36.305592" lon="127.442382"/><trkpt lat="36.305462" lon="127.44237"/><trkpt lat="36.305424" lon="127.442362"/><trkpt lat="36.30539" lon="127.442345"/><trkpt lat="36.305361" lon="127.442316"/><trkpt lat="36.305315" lon="127.442258"/><trkpt lat="36.305164" lon="127.442052"/></trkseg>
<trkseg><trkpt lat="36.301963" lon="127.444252"/><trkpt lat="36.302102" lon="127.444268"/><trkpt lat="36.302151" lon="127.444279"/><trkpt lat="36.302189" lon="127.444293"/><trkpt lat="36.302337" lon="127.444365"/><trkpt lat="36.302484" lon="127.444439"/><trkpt lat="36.302518" lon="127.444462"/><trkpt lat="36.302548" lon="127.444491"/><trkpt lat="36.302574" lon="127.444526"/><trkpt lat="36.302672" lon="127.444678"/><trkpt lat="36.302713" lon="127.44474"/><trkpt lat="36.302741" lon="127.444774"/><trkpt lat="36.302773" lon="127.444803"/><trkpt lat="36.30283" lon="127.444847"/><trkpt lat="36.303096" lon="127.445045"/><trkpt lat="36.303235" lon="127.445148"/><trkpt lat="36.303271" lon="127.445168"/><trkpt lat="36.303308" lon="127.445178"/><trkpt lat="36.30336" lon="127.445178"/><trkpt lat="36.30357" lon="127.445161"/><trkpt lat="36.303623" lon="127.44516"/><trkpt lat="36.303687" lon="127.445166"/><trkpt lat="36.303855" lon="127.445193"/><trkpt lat="36.303893" lon="127.445202"/><trkpt lat="36.303929" lon="127.445216"/><trkpt lat="36.303976" lon="127.445246"/><trkpt lat="36.30428" lon="127.445475"/><trkpt lat="36.304349" lon="127.445523"/><trkpt lat="36.30441" lon="127.445555"/><trkpt lat="36.304667" lon="127.445682"/><trkpt lat="36.304717" lon="127.445703"/><trkpt lat="36.304754" lon="127.445713"/><trkpt lat="36.304792" lon="127.445711"/><trkpt lat="36.304857" lon="127.445695"/><trkpt lat="36.304935" lon="127.445672"/><trkpt lat="36.304972" lon="127.445656"/><trkpt lat="36.305006" lon="127.445632"/><trkpt lat="36.305037" lon="127.4456"/><trkpt lat="36.305161" lon="127.445455"/><trkpt lat="36.305223" lon="127.445382"/></trkseg>
<trkseg><trkpt lat="36.30188" lon="127.444475"/><trkpt lat="36.30167" lon="127.444533"/><trkpt lat="36.301618" lon="127.44455"/><trkpt lat="36.301582" lon="127.444568"/><trkpt lat="36.301549" lon="127.444595"/><trkpt lat="36.301509" lon="127.444639"/><trkpt lat="36.301333" lon="127.444845"/><trkpt lat="36.301298" lon="127.444892"/><trkpt lat="36.301279" lon="127.444931"/><trkpt lat="36.301272" lon="127.444986"/><trkpt lat="36.301265" lon="127.44503"/><trkpt lat="36.301248" lon="127.445073"/><trkpt lat="36.301199" lon="127.445171"/><trkpt lat="36.300876" lon="127.445785"/><trkpt lat="36.300788" lon="127.445953"/><trkpt lat="36.30077" lon="127.445995"/><trkpt lat="36.300764" lon="127.446039"/><trkpt lat="36.300772" lon="127.446083"/><trkpt lat="36.300793" lon="127.446145"/><trkpt lat="36.300843" lon="127.446277"/><trkpt lat="36.300844" lon="127.44628"/></trkseg>
<trkseg><trkpt lat="36.30188" lon="127.444475"/><trkpt lat="36.301819" lon="127.444418"/><trkpt lat="36.30181" lon="127.444405"/><trkpt lat="36.301805" lon="127.444389"/><trkpt lat="36.301777" lon="127.444215"/></trkseg>
<trkseg><trkpt lat="36.301963" lon="127.444252"/><trkpt lat="36.30188" lon="127.444475"/></trkseg>
<trkseg><trkpt lat="36.301777" lon="127.444215"/><trkpt lat="36.301963" lon="127.444252"/></trkseg>
<trkseg><trkpt lat="36.300506" lon="127.443862"/><trkpt lat="36.300564" lon="127.443828"/><trkpt lat="36.30061" lon="127.443805"/><trkpt lat="36.300647" lon="127.443796"/><trkpt lat="36.300684" lon="127.443803"/><trkpt lat="36.300746" lon="127.443825"/><trkpt lat="36.300785" lon="127.443832"/><trkpt lat="36.300851" lon="127.443836"/><trkpt lat="36.300971" lon="127.44384"/><trkpt lat="36.30101" lon="127.443846"/><trkpt lat="36.301062" lon="127.44386"/><trkpt lat="36.301374" lon="127.443966"/><trkpt lat="36.301438" lon="127.443991"/><trkpt lat="36.301474" lon="127.44401"/><trkpt lat="36.301521" lon="127.44404"/><trkpt lat="36.301777" lon="127.444215"/></trkseg>
<trkseg><trkpt lat="36.300506" lon="127.443862"/><trkpt lat="36.300506" lon="127.443907"/><trkpt lat="36.300505" lon="127.443933"/><trkpt lat="36.300499" lon="127.44395"/><trkpt lat="36.300487" lon="127.443962"/><trkpt lat="36.300465" lon="127.443973"/><trkpt lat="36.300286" lon="127.444053"/></trkseg>
<trkseg><trkpt lat="36.299833" lon="127.443624"/><trkpt lat="36.299845" lon="127.443682"/><trkpt lat="36.299862" lon="127.443738"/><trkpt lat="36.299883" lon="127.443771"/><trkpt lat="36.299913" lon="127.443774"/><trkpt lat="36.299949" lon="127.443764"/><trkpt lat="36.300048" lon="127.443727"/><trkpt lat="36.300085" lon="127.443718"/><trkpt lat="36.300122" lon="127.44372"/><trkpt lat="36.300158" lon="127.443736"/><trkpt lat="36.300253" lon="127.443799"/><trkpt lat="36.300301" lon="127.443829"/><trkpt lat="36.300338" lon="127.443844"/><trkpt lat="36.300376" lon="127.443852"/><trkpt lat="36.300506" lon="127.443862"/></trkseg>
<trkseg><trkpt lat="36.300286" lon="127.444053"/><trkpt lat="36.300256" lon="127.444078"/><trkpt lat="36.300223" lon="127.444096"/><trkpt lat="36.300191" lon="127.444096"/><trkpt lat="36.300142" lon="127.444079"/><trkpt lat="36.300034" lon="127.444034"/><trkpt lat="36.300007" lon="127.444018"/><trkpt lat="36.299954" lon="127.443976"/><trkpt lat="36.299825" lon="127.443865"/></trkseg>
<trkseg><trkpt lat="36.299601" lon="127.444213"/><trkpt lat="36.30012" lon="127.4442"/><trkpt lat="36.30016" lon="127.444195"/><trkpt lat="36.300195" lon="127.444186"/><trkpt lat="36.300227" lon="127.444166"/><trkpt lat="36.300257" lon="127.444121"/><trkpt lat="36.300286" lon="127.444053"/></trkseg>
<trkseg><trkpt lat="36.299601" lon="127.444213"/><trkpt lat="36.299598" lon="127.444233"/><trkpt lat="36.299597" lon="127.444278"/><trkpt lat="36.29961" lon="127.444333"/><trkpt lat="36.29963" lon="127.444377"/><trkpt lat="36.299666" lon="127.444441"/><trkpt lat="36.299691" lon="127.444477"/><trkpt lat="36.299738" lon="127.444532"/><trkpt lat="36.299787" lon="127.444584"/><trkpt lat="36.299817" lon="127.444611"/><trkpt lat="36.299848" lon="127.444629"/><trkpt lat="36.299891" lon="127.444634"/><trkpt lat="36.299921" lon="127.444642"/><trkpt lat="36.299948" lon="127.444665"/><trkpt lat="36.299971" lon="127.444696"/><trkpt lat="36.299993" lon="127.444736"/><trkpt lat="36.30005" lon="127.444868"/><trkpt lat="36.300092" lon="127.444972"/><trkpt lat="36.300106" lon="127.445018"/><trkpt lat="36.30012" lon="127.445082"/><trkpt lat="36.300148" lon="127.445228"/><trkpt lat="36.300163" lon="127.445271"/><trkpt lat="36.300187" lon="127.445307"/><trkpt lat="36.300217" lon="127.445338"/><trkpt lat="36.300338" lon="127.44545"/><trkpt lat="36.300345" lon="127.445457"/></trkseg>
<trkseg><trkpt lat="36.299601" lon="127.444213"/><trkpt lat="36.299825" lon="127.443865"/></trkseg>
<trkseg><trkpt lat="36.299825" lon="127.443865"/><trkpt lat="36.299833" lon="127.443624"/></trkseg>
<trkseg><trkpt lat="36.299304" lon="127.44274"/><trkpt lat="36.299454" lon="127.443197"/><trkpt lat="36.299486" lon="127.443287"/><trkpt lat="36.299507" lon="127.443328"/><trkpt lat="36.299534" lon="127.443361"/><trkpt lat="36.299596" lon="127.443419"/><trkpt lat="36.299833" lon="127.443624"/></trkseg>
<trkseg><trkpt lat="36.299353" lon="127.444201"/><trkpt lat="36.299339" lon="127.444197"/><trkpt lat="36.299326" lon="127.444187"/><trkpt lat="36.299329" lon="127.444171"/><trkpt lat="36.299348" lon="127.444152"/><trkpt lat="36.29937" lon="127.444136"/><trkpt lat="36.299388" lon="127.444131"/><trkpt lat="36.299408" lon="127.444135"/><trkpt lat="36.299518" lon="127.444179"/><trkpt lat="36.299601" lon="127.444213"/></trkseg>
<trkseg><trkpt lat="36.299601" lon="127.444213"/><trkpt lat="36.299273" lon="127.444392"/><trkpt lat="36.299202" lon="127.444434"/><trkpt lat="36.299171" lon="127.44446"/><trkpt lat="36.299145" lon="127.444497"/><trkpt lat="36.299103" lon="127.444582"/><trkpt lat="36.29892" lon="127.444973"/><trkpt lat="36.298889" lon="127.445046"/><trkpt lat="36.298875" lon="127.445089"/><trkpt lat="36.29887" lon="127.445128"/><trkpt lat="36.29886" lon="127.445163"/><trkpt lat="36.298837" lon="127.445193"/><trkpt lat="36.298806" lon="127.44522"/><trkpt lat="36.298751" lon="127.445263"/><trkpt lat="36.298716" lon="127.445285"/><trkpt lat="36.298678" lon="127.445298"/><trkpt lat="36.298638" lon="127.445304"/><trkpt lat="36.298571" lon="127.44531"/><trkpt lat="36.298531" lon="127.44531"/><trkpt lat="36.298493" lon="127.445306"/><trkpt lat="36.298459" lon="127.445287"/><trkpt lat="36.298429" lon="127.445258"/><trkpt lat="36.298373" lon="127.445189"/><trkpt lat="36.298349" lon="127.445152"/><trkpt lat="36.298335" lon="127.445113"/><trkpt lat="36.298326" lon="127.445046"/><trkpt lat="36.298313" lon="127.445011"/><trkpt lat="36.298273" lon="127.444966"/><trkpt lat="36.298251" lon="127.444937"/><trkpt lat="36.298238" lon="127.444896"/><trkpt lat="36.298233" lon="127.444849"/><trkpt lat="36.298224" lon="127.444629"/><trkpt lat="36.298222" lon="127.444567"/></trkseg>
<trkseg><trkpt lat="36.299304" lon="127.44274"/><trkpt lat="36.299303" lon="127.442823"/><trkpt lat="36.299299" lon="127.442886"/><trkpt lat="36.299288" lon="127.442931"/><trkpt lat="36.299266" lon="127.44296"/><trkpt lat="36.299237" lon="127.442977"/><trkpt lat="36.2992" lon="127.442977"/><trkpt lat="36.299162" lon="127.442967"/><trkpt lat="36.298938" lon="127.44289"/><trkpt lat="36.298886" lon="127.442875"/><trkpt lat="36.298849" lon="127.442871"/><trkpt lat="36.298814" lon="127.442883"/><trkpt lat="36.298782" lon="127.442909"/><trkpt lat="36.298687" lon="127.443002"/><trkpt lat="36.298626" lon="127.443068"/><trkpt lat="36.2986" lon="127.443104"/><trkpt lat="36.29857" lon="127.443155"/><trkpt lat="36.298544" lon="127.443208"/><trkpt lat="36.298532" lon="127.443246"/><trkpt lat="36.298539" lon="127.443283"/><trkpt lat="36.298565" lon="127.443322"/><trkpt lat="36.298618" lon="127.44338"/><trkpt lat="36.298645" lon="127.443408"/></trkseg>
<trkseg><trkpt lat="36.296942" lon="127.44154"/><trkpt lat="36.296983" lon="127.441558"/><trkpt lat="36.297031" lon="127.44157"/><trkpt lat="36.297077" lon="127.441571"/><trkpt lat="36.297559" lon="127.441523"/><trkpt lat="36.297774" lon="127.441501"/><trkpt lat="36.297813" lon="127.441501"/><trkpt lat="36.297851" lon="127.441508"/><trkpt lat="36.297887" lon="127.441526"/><trkpt lat="36.298052" lon="127.441635"/><trkpt lat="36.298227" lon="127.441754"/><trkpt lat="36.29826" lon="127.441781"/><trkpt lat="36.298289" lon="127.441814"/><trkpt lat="36.298371" lon="127.441922"/><trkpt lat="36.298409" lon="127.441968"/><trkpt lat="36.29844" lon="127.441996"/><trkpt lat="36.298516" lon="127.442053"/><trkpt lat="36.298562" lon="127.442083"/><trkpt lat="36.298611" lon="127.442107"/><trkpt lat="36.298736" lon="127.442161"/><trkpt lat="36.298772" lon="127.442179"/><trkpt lat="36.298805" lon="127.442203"/><trkpt lat="36.298834" lon="127.442233"/><trkpt lat="36.298916" lon="127.442334"/><trkpt lat="36.298963" lon="127.442388"/><trkpt lat="36.298994" lon="127.442416"/><trkpt lat="36.29906" lon="127.442465"/><trkpt lat="36.299173" lon="127.442545"/><trkpt lat="36.299204" lon="127.442572"/><trkpt lat="36.299231" lon="127.442605"/><trkpt lat="36.29926" lon="127.442653"/><trkpt lat="36.299302" lon="127.442737"/><trkpt lat="36.299304" lon="127.44274"/></trkseg>
<trkseg><trkpt lat="36.299304" lon="127.44274"/><trkpt lat="36.299319" lon="127.44273"/><trkpt lat="36.299351" lon="127.4427"/><trkpt lat="36.299383" lon="127.442653"/><trkpt lat="36.299425" lon="127.442568"/><trkpt lat="36.299448" lon="127.442531"/><trkpt lat="36.299477" lon="127.442502"/><trkpt lat="36.299512" lon="127.442479"/><trkpt lat="36.299624" lon="127.442421"/><trkpt lat="36.299671" lon="127.442393"/><trkpt lat="36.299701" lon="127.442364"/><trkpt lat="36.299725" lon="127.442328"/><trkpt lat="36.29976" lon="127.442262"/><trkpt lat="36.299833" lon="127.44211"/></trkseg>
<trkseg><trkpt lat="36.296942" lon="127.44154"/><trkpt lat="36.296865" lon="127.441673"/><trkpt lat="36.296832" lon="127.441724"/><trkpt lat="36.296806" lon="127.441757"/><trkpt lat="36.296773" lon="127.441778"/><trkpt lat="36.296735" lon="127.44179"/><trkpt lat="36.296166" lon="127.441903"/></trkseg>
<trkseg><trkpt lat="36.296187" lon="127.444232"/><trkpt lat="36.296173" lon="127.444003"/><trkpt lat="36.296167" lon="127.443955"/><trkpt lat="36.296157" lon="127.443908"/><trkpt lat="36.296129" lon="127.443817"/><trkpt lat="36.296108" lon="127.443759"/><trkpt lat="36.296088" lon="127.443721"/><trkpt lat="36.296064" lon="127.443695"/><trkpt lat="36.296031" lon="127.443666"/><trkpt lat="36.296011" lon="127.443634"/><trkpt lat="36.295977" lon="127.443557"/><trkpt lat="36.295955" lon="127.443519"/><trkpt lat="36.295911" lon="127.44346"/><trkpt lat="36.295838" lon="127.443369"/><trkpt lat="36.295814" lon="127.443332"/><trkpt lat="36.295798" lon="127.44329"/><trkpt lat="36.295788" lon="127.443245"/><trkpt lat="36.295782" lon="127.443197"/><trkpt lat="36.29578" lon="127.44315"/><trkpt lat="36.295785" lon="127.443104"/><trkpt lat="36.2958" lon="127.443043"/><trkpt lat="36.295839" lon="127.442906"/><trkpt lat="36.295848" lon="127.442861"/><trkpt lat="36.29585" lon="127.442815"/><trkpt lat="36.295848" lon="127.442723"/><trkpt lat="36.295855" lon="127.442677"/><trkpt lat="36.295866" lon="127.442631"/><trkpt lat="36.295947" lon="127.442358"/><trkpt lat="36.295972" lon="127.442284"/><trkpt lat="36.295992" lon="127.44224"/><trkpt lat="36.296166" lon="127.441903"/></trkseg>
<trkseg><trkpt lat="36.296166" lon="127.441903"/><trkpt lat="36.296158" lon="127.44187"/><trkpt lat="36.296153" lon="127.441819"/><trkpt lat="36.296163" lon="127.441762"/><trkpt lat="36.296194" lon="127.44169"/><trkpt lat="36.296462" lon="127.441122"/></trkseg>
<trkseg><trkpt lat="36.296462" lon="127.441122"/><trkpt lat="36.296513" lon="127.441089"/><trkpt lat="36.296531" lon="127.441084"/><trkpt lat="36.296548" lon="127.441087"/><trkpt lat="36.296652" lon="127.441138"/><trkpt lat="36.296756" lon="127.441189"/></trkseg>
<trkseg><trkpt lat="36.296756" lon="127.441189"/><trkpt lat="36.296787" lon="127.441363"/><trkpt lat="36.296795" lon="127.441396"/><trkpt lat="36.296805" lon="127.441418"/><trkpt lat="36.29682" lon="127.441435"/><trkpt lat="36.296942" lon="127.44154"/></trkseg>
<trkseg><trkpt lat="36.31261" lon="127.422692"/><trkpt lat="36.312699" lon="127.42277"/></trkseg>
<trkseg><trkpt lat="36.312874" lon="127.423189"/><trkpt lat="36.312956" lon="127.423129"/></trkseg>
<trkseg><trkpt lat="36.290921" lon="127.438988"/><trkpt lat="36.290922" lon="127.439053"/></trkseg>
<trkseg><trkpt lat="36.290921" lon="127.438988"/><trkpt lat="36.290922" lon="127.439053"/></trkseg>
<trkseg><trkpt lat="36.302133" lon="127.439966"/><trkpt lat="36.302163" lon="127.439935"/></trkseg>
<trkseg><trkpt lat="36.291123" lon="127.418298"/><trkpt lat="36.291122" lon="127.418214"/><trkpt lat="36.291127" lon="127.41815"/><trkpt lat="36.291141" lon="127.418103"/><trkpt lat="36.291158" lon="127.418061"/><trkpt lat="36.291179" lon="127.418029"/><trkpt lat="36.291249" lon="127.417787"/><trkpt lat="36.291279" lon="127.417692"/></trkseg>
<trkseg><trkpt lat="36.29114" lon="127.41725"/><trkpt lat="36.291225" lon="127.41751"/><trkpt lat="36.291259" lon="127.417634"/><trkpt lat="36.291274" lon="127.417678"/><trkpt lat="36.291292" lon="127.417715"/><trkpt lat="36.29132" lon="127.417735"/><trkpt lat="36.291355" lon="127.417743"/><trkpt lat="36.291418" lon="127.417752"/><trkpt lat="36.291453" lon="127.417764"/><trkpt lat="36.291494" lon="127.417791"/><trkpt lat="36.291526" lon="127.417808"/><trkpt lat="36.291563" lon="127.417815"/><trkpt lat="36.291615" lon="127.417815"/><trkpt lat="36.291877" lon="127.4178"/><trkpt lat="36.29193" lon="127.417799"/><trkpt lat="36.291969" lon="127.417804"/><trkpt lat="36.292008" lon="127.417814"/><trkpt lat="36.292124" lon="127.417854"/><trkpt lat="36.292187" lon="127.417879"/><trkpt lat="36.292224" lon="127.417899"/><trkpt lat="36.292295" lon="127.417944"/><trkpt lat="36.292574" lon="127.418133"/><trkpt lat="36.292619" lon="127.418167"/><trkpt lat="36.292649" lon="127.418197"/><trkpt lat="36.292692" lon="127.418252"/><trkpt lat="36.29272" lon="127.418276"/><trkpt lat="36.292755" lon="127.418285"/><trkpt lat="36.29282" lon="127.418285"/><trkpt lat="36.292857" lon="127.418293"/><trkpt lat="36.292892" lon="127.418314"/><trkpt lat="36.292923" lon="127.418344"/><trkpt lat="36.292946" lon="127.418379"/><trkpt lat="36.292987" lon="127.418459"/><trkpt lat="36.293009" lon="127.418497"/><trkpt lat="36.293035" lon="127.418528"/><trkpt lat="36.293067" lon="127.418552"/><trkpt lat="36.293173" lon="127.418608"/><trkpt lat="36.29322" lon="127.418635"/><trkpt lat="36.293253" lon="127.418658"/><trkpt lat="36.293283" lon="127.418688"/><trkpt lat="36.293382" lon="127.418817"/><trkpt lat="36.293437" lon="127.418885"/><trkpt lat="36.293467" lon="127.418913"/><trkpt lat="36.293499" lon="127.41893"/><trkpt lat="36.293554" lon="127.418956"/><trkpt lat="36.293583" lon="127.418993"/><trkpt lat="36.293604" lon="127.419039"/><trkpt lat="36.293615" lon="127.419072"/></trkseg>
<trkseg><trkpt lat="36.29114" lon="127.41725"/><trkpt lat="36.29112" lon="127.417055"/><trkpt lat="36.291119" lon="127.417013"/><trkpt lat="36.291127" lon="127.416986"/><trkpt lat="36.291151" lon="127.416983"/><trkpt lat="36.291205" lon="127.416992"/><trkpt lat="36.291232" lon="127.416976"/><trkpt lat="36.291254" lon="127.416943"/><trkpt lat="36.291271" lon="127.416902"/><trkpt lat="36.291283" lon="127.416856"/><trkpt lat="36.29129" lon="127.416809"/><trkpt lat="36.291312" lon="127.416599"/><trkpt lat="36.291323" lon="127.41652"/><trkpt lat="36.291333" lon="127.416472"/><trkpt lat="36.291398" lon="127.416255"/><trkpt lat="36.29145" lon="127.416084"/><trkpt lat="36.291467" lon="127.416039"/><trkpt lat="36.291488" lon="127.415998"/><trkpt lat="36.291515" lon="127.415961"/><trkpt lat="36.291545" lon="127.41593"/><trkpt lat="36.291579" lon="127.415908"/><trkpt lat="36.29163" lon="127.41589"/><trkpt lat="36.291733" lon="127.415861"/><trkpt lat="36.291769" lon="127.415845"/><trkpt lat="36.291798" lon="127.41582"/><trkpt lat="36.291819" lon="127.415788"/><trkpt lat="36.291831" lon="127.415749"/><trkpt lat="36.291836" lon="127.415672"/><trkpt lat="36.291845" lon="127.415626"/><trkpt lat="36.29187" lon="127.415576"/><trkpt lat="36.291897" lon="127.415534"/><trkpt lat="36.291909" lon="127.415517"/></trkseg>
<trkseg><trkpt lat="36.295187" lon="127.418616"/><trkpt lat="36.295089" lon="127.418548"/><trkpt lat="36.295056" lon="127.41852"/><trkpt lat="36.295029" lon="127.418489"/><trkpt lat="36.295006" lon="127.418452"/><trkpt lat="36.294964" lon="127.418375"/><trkpt lat="36.294938" lon="127.418345"/><trkpt lat="36.294904" lon="127.418327"/><trkpt lat="36.294828" lon="127.418305"/><trkpt lat="36.294793" lon="127.418287"/><trkpt lat="36.294766" lon="127.418255"/><trkpt lat="36.294743" lon="127.418216"/><trkpt lat="36.294531" lon="127.417791"/><trkpt lat="36.294502" lon="127.417736"/><trkpt lat="36.294479" lon="127.417699"/><trkpt lat="36.29445" lon="127.417674"/><trkpt lat="36.294415" lon="127.417664"/><trkpt lat="36.294312" lon="127.417656"/><trkpt lat="36.294261" lon="127.417651"/><trkpt lat="36.294224" lon="127.417643"/><trkpt lat="36.294188" lon="127.417629"/><trkpt lat="36.29413" lon="127.417601"/><trkpt lat="36.294097" lon="127.417581"/><trkpt lat="36.294065" lon="127.417553"/><trkpt lat="36.294017" lon="127.417497"/><trkpt lat="36.293827" lon="127.417262"/><trkpt lat="36.293798" lon="127.417229"/><trkpt lat="36.293766" lon="127.417205"/><trkpt lat="36.293731" lon="127.417194"/><trkpt lat="36.293681" lon="127.417189"/><trkpt lat="36.293605" lon="127.417184"/><trkpt lat="36.293567" lon="127.417176"/><trkpt lat="36.293519" lon="127.417154"/><trkpt lat="36.293364" lon="127.41707"/><trkpt lat="36.293316" lon="127.417046"/><trkpt lat="36.293265" lon="127.417027"/><trkpt lat="36.293031" lon="127.416968"/><trkpt lat="36.292967" lon="127.41695"/><trkpt lat="36.292931" lon="127.416934"/><trkpt lat="36.2929" lon="127.416907"/><trkpt lat="36.292874" lon="127.416871"/><trkpt lat="36.292817" lon="127.416781"/><trkpt lat="36.29279" lon="127.416746"/><trkpt lat="36.292758" lon="127.416719"/><trkpt lat="36.292711" lon="127.416694"/><trkpt lat="36.292613" lon="127.416649"/><trkpt lat="36.29258" lon="127.416628"/><trkpt lat="36.292552" lon="127.416596"/><trkpt lat="36.292529" lon="127.416557"/><trkpt lat="36.292454" lon="127.4164"/><trkpt lat="36.292317" lon="127.416114"/><trkpt lat="36.292293" lon="127.416055"/><trkpt lat="36.292279" lon="127.416009"/><trkpt lat="36.292248" lon="127.415866"/><trkpt lat="36.292235" lon="127.41582"/><trkpt lat="36.292216" lon="127.415779"/><trkpt lat="36.292191" lon="127.41574"/><trkpt lat="36.292155" lon="127.415693"/><trkpt lat="36.292125" lon="127.415662"/><trkpt lat="36.292091" lon="127.415642"/><trkpt lat="36.292017" lon="127.415618"/><trkpt lat="36.291977" lon="127.415597"/><trkpt lat="36.29194" lon="127.41556"/><trkpt lat="36.291914" lon="127.415526"/><trkpt lat="36.291909" lon="127.415517"/></trkseg>
<trkseg><trkpt lat="36.293615" lon="127.419072"/><trkpt lat="36.293583" lon="127.419135"/><trkpt lat="36.293551" lon="127.419179"/><trkpt lat="36.293515" lon="127.419204"/><trkpt lat="36.293478" lon="127.41922"/><trkpt lat="36.29344" lon="127.419231"/><trkpt lat="36.293402" lon="127.419236"/><trkpt lat="36.293368" lon="127.419226"/><trkpt lat="36.293337" lon="127.419205"/><trkpt lat="36.293274" lon="127.419155"/><trkpt lat="36.29324" lon="127.419133"/><trkpt lat="36.29271" lon="127.418861"/><trkpt lat="36.292513" lon="127.418758"/><trkpt lat="36.292464" lon="127.418737"/><trkpt lat="36.292429" lon="127.418733"/><trkpt lat="36.292397" lon="127.41875"/><trkpt lat="36.292366" lon="127.418777"/><trkpt lat="36.292338" lon="127.418809"/><trkpt lat="36.292313" lon="127.418846"/><trkpt lat="36.292294" lon="127.418888"/><trkpt lat="36.292273" lon="127.418948"/><trkpt lat="36.292212" lon="127.419146"/><trkpt lat="36.292195" lon="127.419189"/><trkpt lat="36.292171" lon="127.419229"/><trkpt lat="36.292135" lon="127.419272"/><trkpt lat="36.292087" lon="127.419323"/></trkseg>
<trkseg><trkpt lat="36.292087" lon="127.419323"/><trkpt lat="36.292028" lon="127.419343"/><trkpt lat="36.29198" lon="127.419354"/><trkpt lat="36.291939" lon="127.419352"/><trkpt lat="36.291887" lon="127.419339"/><trkpt lat="36.291771" lon="127.419301"/><trkpt lat="36.291721" lon="127.419281"/><trkpt lat="36.291686" lon="127.419258"/><trkpt lat="36.29162" lon="127.419203"/><trkpt lat="36.291384" lon="127.418988"/></trkseg>
<trkseg><trkpt lat="36.291123" lon="127.418298"/><trkpt lat="36.291191" lon="127.418439"/><trkpt lat="36.291207" lon="127.418479"/><trkpt lat="36.291217" lon="127.418518"/><trkpt lat="36.291228" lon="127.41858"/><trkpt lat="36.291244" lon="127.418619"/><trkpt lat="36.291279" lon="127.418681"/><trkpt lat="36.291338" lon="127.418779"/><trkpt lat="36.291356" lon="127.418818"/><trkpt lat="36.291367" lon="127.418862"/><trkpt lat="36.291376" lon="127.418918"/><trkpt lat="36.291384" lon="127.418988"/></trkseg>
<trkseg><trkpt lat="36.291384" lon="127.418988"/><trkpt lat="36.291499" lon="127.419191"/><trkpt lat="36.291518" lon="127.41923"/><trkpt lat="36.291527" lon="127.419265"/><trkpt lat="36.291516" lon="127.419291"/><trkpt lat="36.291486" lon="127.41932"/><trkpt lat="36.291469" lon="127.419348"/><trkpt lat="36.291468" lon="127.419386"/><trkpt lat="36.291481" lon="127.419425"/><trkpt lat="36.291503" lon="127.419465"/><trkpt lat="36.291587" lon="127.419592"/><trkpt lat="36.291608" lon="127.419632"/><trkpt lat="36.291621" lon="127.419673"/><trkpt lat="36.291629" lon="127.419745"/><trkpt lat="36.291642" lon="127.419787"/><trkpt lat="36.291663" lon="127.419827"/><trkpt lat="36.291797" lon="127.420028"/><trkpt lat="36.291906" lon="127.420192"/></trkseg>
<trkseg><trkpt lat="36.292087" lon="127.419323"/><trkpt lat="36.292084" lon="127.419622"/><trkpt lat="36.29208" lon="127.419687"/><trkpt lat="36.292069" lon="127.41973"/><trkpt lat="36.292046" lon="127.419764"/><trkpt lat="36.291986" lon="127.419822"/><trkpt lat="36.291958" lon="127.419853"/><trkpt lat="36.291936" lon="127.419888"/><trkpt lat="36.291918" lon="127.419926"/><trkpt lat="36.291906" lon="127.419966"/><trkpt lat="36.2919" lon="127.420013"/><trkpt lat="36.291901" lon="127.420068"/><trkpt lat="36.291907" lon="127.420189"/><trkpt lat="36.291906" lon="127.420192"/></trkseg>
<trkseg><trkpt lat="36.291906" lon="127.420192"/><trkpt lat="36.291909" lon="127.420212"/><trkpt lat="36.29192" lon="127.420256"/><trkpt lat="36.291945" lon="127.420308"/><trkpt lat="36.291972" lon="127.420347"/><trkpt lat="36.2921" lon="127.420507"/><trkpt lat="36.292135" lon="127.420555"/><trkpt lat="36.292158" lon="127.420593"/><trkpt lat="36.292178" lon="127.420635"/><trkpt lat="36.292274" lon="127.420869"/><trkpt lat="36.292312" lon="127.420955"/><trkpt lat="36.292335" lon="127.420992"/><trkpt lat="36.292365" lon="127.42102"/><trkpt lat="36.292399" lon="127.421043"/><trkpt lat="36.292516" lon="127.421115"/><trkpt lat="36.292549" lon="127.421139"/><trkpt lat="36.292575" lon="127.421168"/><trkpt lat="36.29259" lon="127.421209"/><trkpt lat="36.292598" lon="127.421256"/><trkpt lat="36.292625" lon="127.421484"/><trkpt lat="36.29265" lon="127.421695"/></trkseg>
<trkseg><trkpt lat="36.28891" lon="127.420116"/><trkpt lat="36.289117" lon="127.419678"/><trkpt lat="36.289139" lon="127.419638"/><trkpt lat="36.289164" lon="127.419602"/><trkpt lat="36.289195" lon="127.419575"/><trkpt lat="36.289255" lon="127.41954"/><trkpt lat="36.289352" lon="127.419487"/><trkpt lat="36.289388" lon="127.419473"/><trkpt lat="36.289422" lon="127.41947"/><trkpt lat="36.289452" lon="127.419485"/><trkpt lat="36.289492" lon="127.419509"/><trkpt lat="36.289522" lon="127.419509"/><trkpt lat="36.289552" lon="127.419497"/><trkpt lat="36.289578" lon="127.419472"/><trkpt lat="36.289607" lon="127.419426"/><trkpt lat="36.289634" lon="127.4194"/><trkpt lat="36.289669" lon="127.419382"/><trkpt lat="36.289742" lon="127.419353"/><trkpt lat="36.289776" lon="127.419335"/><trkpt lat="36.289805" lon="127.419306"/><trkpt lat="36.289829" lon="127.419269"/><trkpt lat="36.289907" lon="127.419119"/><trkpt lat="36.289951" lon="127.419038"/><trkpt lat="36.289976" lon="127.419001"/><trkpt lat="36.290012" lon="127.418957"/><trkpt lat="36.290117" lon="127.418841"/><trkpt lat="36.290169" lon="127.418792"/><trkpt lat="36.290348" lon="127.418646"/><trkpt lat="36.290428" lon="127.418584"/><trkpt lat="36.290533" lon="127.418514"/><trkpt lat="36.290604" lon="127.418472"/><trkpt lat="36.290642" lon="127.418456"/><trkpt lat="36.290721" lon="127.418433"/><trkpt lat="36.290774" lon="127.41842"/><trkpt lat="36.290813" lon="127.418415"/><trkpt lat="36.290849" lon="127.418421"/><trkpt lat="36.290904" lon="127.418446"/><trkpt lat="36.290939" lon="127.418454"/><trkpt lat="36.290975" lon="127.418451"/><trkpt lat="36.29101" lon="127.418441"/><trkpt lat="36.291041" lon="127.418419"/><trkpt lat="36.291073" lon="127.418376"/><trkpt lat="36.291121" lon="127.4183"/><trkpt lat="36.291123" lon="127.418298"/></trkseg>
<trkseg><trkpt lat="36.28891" lon="127.420116"/><trkpt lat="36.288702" lon="127.42011"/><trkpt lat="36.288663" lon="127.420104"/><trkpt lat="36.288627" lon="127.420091"/><trkpt lat="36.288593" lon="127.420068"/><trkpt lat="36.288506" lon="127.419993"/><trkpt lat="36.28845" lon="127.419948"/><trkpt lat="36.288416" lon="127.419925"/><trkpt lat="36.288352" lon="127.419901"/><trkpt lat="36.288317" lon="127.419883"/><trkpt lat="36.28829" lon="127.419857"/><trkpt lat="36.28827" lon="127.419823"/><trkpt lat="36.288257" lon="127.419784"/><trkpt lat="36.288247" lon="127.419712"/><trkpt lat="36.288234" lon="127.41967"/><trkpt lat="36.288212" lon="127.419633"/><trkpt lat="36.288186" lon="127.4196"/><trkpt lat="36.288158" lon="127.419577"/><trkpt lat="36.288129" lon="127.419573"/><trkpt lat="36.288081" lon="127.419578"/><trkpt lat="36.288053" lon="127.419559"/><trkpt lat="36.288008" lon="127.419507"/><trkpt lat="36.287978" lon="127.419476"/><trkpt lat="36.287946" lon="127.419449"/><trkpt lat="36.287867" lon="127.419391"/><trkpt lat="36.287835" lon="127.419365"/><trkpt lat="36.287809" lon="127.419331"/><trkpt lat="36.287791" lon="127.419288"/><trkpt lat="36.28776" lon="127.419194"/><trkpt lat="36.28774" lon="127.419135"/><trkpt lat="36.28772" lon="127.4191"/><trkpt lat="36.287692" lon="127.419088"/><trkpt lat="36.287656" lon="127.419094"/><trkpt lat="36.287605" lon="127.419111"/><trkpt lat="36.287154" lon="127.419276"/><trkpt lat="36.287089" lon="127.419297"/><trkpt lat="36.28705" lon="127.419305"/><trkpt lat="36.286997" lon="127.419306"/><trkpt lat="36.286729" lon="127.419298"/><trkpt lat="36.286663" lon="127.419293"/><trkpt lat="36.286625" lon="127.419284"/><trkpt lat="36.28659" lon="127.419262"/><trkpt lat="36.286546" lon="127.419225"/><trkpt lat="36.286321" lon="127.419013"/><trkpt lat="36.286291" lon="127.418979"/><trkpt lat="36.286246" lon="127.418918"/><trkpt lat="36.285966" lon="127.418512"/><trkpt lat="36.285938" lon="127.418477"/><trkpt lat="36.285907" lon="127.418448"/><trkpt lat="36.285848" lon="127.418411"/><trkpt lat="36.285813" lon="127.418388"/><trkpt lat="36.285783" lon="127.418357"/><trkpt lat="36.285747" lon="127.418311"/><trkpt lat="36.285607" lon="127.418117"/></trkseg>
<trkseg><trkpt lat="36.291009" lon="127.423022"/><trkpt lat="36.29107" lon="127.422802"/><trkpt lat="36.291084" lon="127.42274"/><trkpt lat="36.291086" lon="127.422694"/><trkpt lat="36.291075" lon="127.42265"/><trkpt lat="36.291049" lon="127.422592"/><trkpt lat="36.290914" lon="127.422322"/><trkpt lat="36.29089" lon="127.422284"/><trkpt lat="36.290859" lon="127.422253"/><trkpt lat="36.290802" lon="127.422212"/><trkpt lat="36.29077" lon="127.422187"/><trkpt lat="36.29075" lon="127.422158"/><trkpt lat="36.29075" lon="127.422121"/><trkpt lat="36.290768" lon="127.42205"/><trkpt lat="36.290779" lon="127.422006"/><trkpt lat="36.29078" lon="127.421964"/><trkpt lat="36.290772" lon="127.421925"/><trkpt lat="36.290753" lon="127.421895"/><trkpt lat="36.290722" lon="127.421875"/><trkpt lat="36.290662" lon="127.42185"/><trkpt lat="36.290627" lon="127.421833"/><trkpt lat="36.290598" lon="127.42181"/><trkpt lat="36.290577" lon="127.421775"/><trkpt lat="36.290552" lon="127.421704"/><trkpt lat="36.290536" lon="127.421662"/><trkpt lat="36.290514" lon="127.421625"/><trkpt lat="36.290462" lon="127.421561"/><trkpt lat="36.290438" lon="127.421527"/><trkpt lat="36.290418" lon="127.421489"/><trkpt lat="36.290387" lon="127.421423"/><trkpt lat="36.290363" lon="127.42139"/><trkpt lat="36.290332" lon="127.421365"/><trkpt lat="36.290263" lon="127.421322"/><trkpt lat="36.290224" lon="127.421295"/><trkpt lat="36.290209" lon="127.421275"/><trkpt lat="36.290215" lon="127.421254"/><trkpt lat="36.29022" lon="127.421228"/><trkpt lat="36.29021" lon="127.421194"/><trkpt lat="36.290192" lon="127.421157"/><trkpt lat="36.29017" lon="127.421122"/><trkpt lat="36.290142" lon="127.42109"/><trkpt lat="36.29008" lon="127.421032"/><trkpt lat="36.290053" lon="127.421"/><trkpt lat="36.290035" lon="127.42096"/><trkpt lat="36.290017" lon="127.4209"/><trkpt lat="36.289989" lon="127.420793"/><trkpt lat="36.289973" lon="127.420752"/><trkpt lat="36.28995" lon="127.420722"/><trkpt lat="36.289917" lon="127.420706"/><trkpt lat="36.289855" lon="127.420688"/><trkpt lat="36.289818" lon="127.420676"/><trkpt lat="36.289785" lon="127.420656"/><trkpt lat="36.289755" lon="127.420625"/><trkpt lat="36.289719" lon="127.420577"/><trkpt lat="36.289603" lon="127.420417"/><trkpt lat="36.289575" lon="127.420383"/><trkpt lat="36.289544" lon="127.420356"/><trkpt lat="36.289508" lon="127.420343"/><trkpt lat="36.289457" lon="127.420336"/><trkpt lat="36.28918" lon="127.420316"/><trkpt lat="36.289114" lon="127.420309"/><trkpt lat="36.289076" lon="127.4203"/><trkpt lat="36.289042" lon="127.420282"/><trkpt lat="36.288998" lon="127.420252"/><trkpt lat="36.288953" lon="127.420214"/><trkpt lat="36.288923" lon="127.420172"/><trkpt lat="36.288911" lon="127.420134"/><trkpt lat="36.28891" lon="127.420116"/></trkseg>
<trkseg><trkpt lat="36.286616" lon="127.423462"/><trkpt lat="36.286864" lon="127.42354"/><trkpt lat="36.286902" lon="127.423548"/><trkpt lat="36.286936" lon="127.423544"/><trkpt lat="36.286964" lon="127.42352"/><trkpt lat="36.286985" lon="127.423484"/><trkpt lat="36.286999" lon="127.423443"/><trkpt lat="36.286999" lon="127.423396"/><trkpt lat="36.286992" lon="127.423348"/><trkpt lat="36.286963" lon="127.423201"/><trkpt lat="36.286952" lon="127.423137"/><trkpt lat="36.286952" lon="127.42309"/><trkpt lat="36.286962" lon="127.423046"/><trkpt lat="36.286979" lon="127.423003"/><trkpt lat="36.287037" lon="127.422877"/><trkpt lat="36.287065" lon="127.422822"/><trkpt lat="36.287088" lon="127.422782"/><trkpt lat="36.287231" lon="127.422583"/><trkpt lat="36.287366" lon="127.422398"/><trkpt lat="36.287395" lon="127.422364"/><trkpt lat="36.287427" lon="127.422335"/><trkpt lat="36.287493" lon="127.42228"/><trkpt lat="36.287522" lon="127.422247"/><trkpt lat="36.287547" lon="127.422209"/><trkpt lat="36.287619" lon="127.422069"/><trkpt lat="36.287657" lon="127.422001"/><trkpt lat="36.287682" lon="127.421963"/><trkpt lat="36.288108" lon="127.421434"/><trkpt lat="36.288181" lon="127.421339"/><trkpt lat="36.288361" lon="127.421059"/><trkpt lat="36.288394" lon="127.421009"/><trkpt lat="36.288421" lon="127.420975"/><trkpt lat="36.288451" lon="127.420946"/><trkpt lat="36.288527" lon="127.420885"/><trkpt lat="36.28858" lon="127.420841"/><trkpt lat="36.288608" lon="127.420809"/><trkpt lat="36.288634" lon="127.420772"/><trkpt lat="36.288711" lon="127.42064"/><trkpt lat="36.288755" lon="127.420559"/><trkpt lat="36.288775" lon="127.420516"/><trkpt lat="36.288803" lon="127.42044"/><trkpt lat="36.28891" lon="127.420116"/></trkseg>
<trkseg><trkpt lat="36.285743" lon="127.425026"/><trkpt lat="36.28576" lon="127.425021"/><trkpt lat="36.285783" lon="127.424996"/><trkpt lat="36.285798" lon="127.424928"/><trkpt lat="36.285812" lon="127.424885"/><trkpt lat="36.285832" lon="127.424844"/><trkpt lat="36.285881" lon="127.424747"/><trkpt lat="36.285895" lon="127.424705"/><trkpt lat="36.285894" lon="127.424663"/><trkpt lat="36.285883" lon="127.424621"/><trkpt lat="36.285855" lon="127.424536"/><trkpt lat="36.285848" lon="127.424494"/><trkpt lat="36.285853" lon="127.42445"/><trkpt lat="36.285869" lon="127.42439"/><trkpt lat="36.285913" lon="127.424257"/><trkpt lat="36.285939" lon="127.424184"/><trkpt lat="36.285964" lon="127.424129"/><trkpt lat="36.285985" lon="127.424091"/><trkpt lat="36.286009" lon="127.424055"/><trkpt lat="36.286039" lon="127.424023"/><trkpt lat="36.286093" lon="127.423973"/><trkpt lat="36.286136" lon="127.423938"/><trkpt lat="36.286168" lon="127.423922"/><trkpt lat="36.286195" lon="127.423924"/><trkpt lat="36.286226" lon="127.423942"/><trkpt lat="36.286245" lon="127.423932"/><trkpt lat="36.286261" lon="127.423898"/><trkpt lat="36.286324" lon="127.423701"/><trkpt lat="36.286445" lon="127.423315"/><trkpt lat="36.286461" lon="127.423276"/><trkpt lat="36.286478" lon="127.423254"/><trkpt lat="36.286499" lon="127.423267"/><trkpt lat="36.286521" lon="127.423298"/><trkpt lat="36.286611" lon="127.423453"/><trkpt lat="36.286616" lon="127.423462"/></trkseg>
<trkseg><trkpt lat="36.286186" lon="127.42512"/><trkpt lat="36.28612" lon="127.425146"/><trkpt lat="36.28608" lon="127.425158"/><trkpt lat="36.286055" lon="127.425161"/><trkpt lat="36.286032" lon="127.425151"/><trkpt lat="36.286003" lon="127.425125"/><trkpt lat="36.285938" lon="127.425061"/><trkpt lat="36.285914" lon="127.425046"/><trkpt lat="36.285887" lon="127.425039"/><trkpt lat="36.285743" lon="127.425026"/></trkseg>
<trkseg><trkpt lat="36.286186" lon="127.42512"/><trkpt lat="36.286163" lon="127.425068"/><trkpt lat="36.286158" lon="127.42505"/><trkpt lat="36.286161" lon="127.425032"/><trkpt lat="36.286175" lon="127.425003"/><trkpt lat="36.286277" lon="127.424824"/></trkseg>
<trkseg><trkpt lat="36.286277" lon="127.424824"/><trkpt lat="36.286351" lon="127.42453"/><trkpt lat="36.286366" lon="127.424486"/><trkpt lat="36.286386" lon="127.424446"/><trkpt lat="36.286412" lon="127.424413"/><trkpt lat="36.286457" lon="127.424359"/><trkpt lat="36.286479" lon="127.424323"/><trkpt lat="36.286491" lon="127.424279"/><trkpt lat="36.286502" lon="127.424183"/><trkpt lat="36.286511" lon="127.424136"/><trkpt lat="36.286526" lon="127.424093"/><trkpt lat="36.286548" lon="127.424055"/><trkpt lat="36.286632" lon="127.423931"/><trkpt lat="36.28668" lon="127.423855"/><trkpt lat="36.2867" lon="127.423813"/><trkpt lat="36.286715" lon="127.423768"/><trkpt lat="36.286744" lon="127.423658"/><trkpt lat="36.286752" lon="127.423612"/><trkpt lat="36.286751" lon="127.423571"/><trkpt lat="36.286731" lon="127.42354"/><trkpt lat="36.286692" lon="127.423509"/><trkpt lat="36.286618" lon="127.423463"/><trkpt lat="36.286616" lon="127.423462"/></trkseg>
<trkseg><trkpt lat="36.286277" lon="127.424824"/><trkpt lat="36.286309" lon="127.424864"/><trkpt lat="36.286322" lon="127.424889"/><trkpt lat="36.286326" lon="127.424913"/><trkpt lat="36.286325" lon="127.424982"/><trkpt lat="36.286322" lon="127.425042"/><trkpt lat="36.286317" lon="127.425064"/><trkpt lat="36.286305" lon="127.425079"/><trkpt lat="36.286281" lon="127.425091"/><trkpt lat="36.286186" lon="127.42512"/></trkseg>
<trkseg><trkpt lat="36.286063" lon="127.425612"/><trkpt lat="36.286097" lon="127.425581"/><trkpt lat="36.286121" lon="127.425552"/><trkpt lat="36.286137" lon="127.42552"/><trkpt lat="36.286157" lon="127.425466"/><trkpt lat="36.286232" lon="127.425248"/><trkpt lat="36.286243" lon="127.425206"/><trkpt lat="36.286238" lon="127.425175"/><trkpt lat="36.286215" lon="127.425145"/><trkpt lat="36.286186" lon="127.42512"/></trkseg>
<trkseg><trkpt lat="36.28595" lon="127.425741"/><trkpt lat="36.286031" lon="127.425838"/><trkpt lat="36.28605" lon="127.425855"/><trkpt lat="36.286071" lon="127.425865"/><trkpt lat="36.286102" lon="127.425871"/><trkpt lat="36.286317" lon="127.425896"/></trkseg>
<trkseg><trkpt lat="36.28595" lon="127.425741"/><trkpt lat="36.286063" lon="127.425612"/></trkseg>
<trkseg><trkpt lat="36.286063" lon="127.425612"/><trkpt lat="36.286319" lon="127.425752"/></trkseg>
<trkseg><trkpt lat="36.286317" lon="127.425896"/><trkpt lat="36.286349" lon="127.425884"/><trkpt lat="36.286356" lon="127.425877"/><trkpt lat="36.286356" lon="127.425869"/><trkpt lat="36.286337" lon="127.425809"/><trkpt lat="36.286319" lon="127.425752"/></trkseg>
<trkseg><trkpt lat="36.286319" lon="127.425752"/><trkpt lat="36.286432" lon="127.425714"/><trkpt lat="36.286485" lon="127.4257"/><trkpt lat="36.286523" lon="127.425697"/><trkpt lat="36.28656" lon="127.425706"/><trkpt lat="36.286634" lon="127.425739"/><trkpt lat="36.286869" lon="127.425852"/><trkpt lat="36.286905" lon="127.425866"/><trkpt lat="36.286938" lon="127.425872"/><trkpt lat="36.286964" lon="127.425861"/><trkpt lat="36.286988" lon="127.425848"/><trkpt lat="36.287019" lon="127.425851"/><trkpt lat="36.287091" lon="127.425886"/><trkpt lat="36.287125" lon="127.425898"/><trkpt lat="36.287153" lon="127.425891"/><trkpt lat="36.287173" lon="127.425859"/><trkpt lat="36.28719" lon="127.425816"/><trkpt lat="36.287269" lon="127.425586"/><trkpt lat="36.287365" lon="127.425311"/><trkpt lat="36.287379" lon="127.425265"/><trkpt lat="36.287389" lon="127.425218"/><trkpt lat="36.287393" lon="127.425154"/><trkpt lat="36.287396" lon="127.425007"/><trkpt lat="36.287399" lon="127.42496"/><trkpt lat="36.28741" lon="127.424918"/><trkpt lat="36.287433" lon="127.424883"/><trkpt lat="36.287468" lon="127.424837"/><trkpt lat="36.287491" lon="127.424799"/><trkpt lat="36.287526" lon="127.424731"/><trkpt lat="36.287573" lon="127.424634"/><trkpt lat="36.287597" lon="127.424577"/><trkpt lat="36.287609" lon="127.424532"/><trkpt lat="36.287621" lon="127.424451"/><trkpt lat="36.287637" lon="127.424338"/><trkpt lat="36.287648" lon="127.424294"/><trkpt lat="36.287667" lon="127.424258"/><trkpt lat="36.287699" lon="127.424235"/><trkpt lat="36.287747" lon="127.42421"/><trkpt lat="36.288087" lon="127.424054"/><trkpt lat="36.28815" lon="127.424028"/><trkpt lat="36.288188" lon="127.424019"/><trkpt lat="36.288239" lon="127.424013"/><trkpt lat="36.288354" lon="127.424002"/><trkpt lat="36.288391" lon="127.423994"/><trkpt lat="36.288427" lon="127.423977"/><trkpt lat="36.288472" lon="127.423943"/><trkpt lat="36.288762" lon="127.4237"/><trkpt lat="36.288808" lon="127.423667"/><trkpt lat="36.288845" lon="127.423648"/><trkpt lat="36.288921" lon="127.423618"/><trkpt lat="36.288973" lon="127.423602"/><trkpt lat="36.289012" lon="127.423596"/><trkpt lat="36.289223" lon="127.42358"/><trkpt lat="36.289473" lon="127.423564"/><trkpt lat="36.289513" lon="127.423566"/><trkpt lat="36.289606" lon="127.423577"/><trkpt lat="36.289806" lon="127.423603"/><trkpt lat="36.289846" lon="127.423603"/><trkpt lat="36.289885" lon="127.423596"/><trkpt lat="36.289948" lon="127.423577"/><trkpt lat="36.290191" lon="127.423499"/><trkpt lat="36.290228" lon="127.423485"/><trkpt lat="36.290263" lon="127.423465"/><trkpt lat="36.290293" lon="127.423438"/><trkpt lat="36.290347" lon="127.423372"/><trkpt lat="36.290383" lon="127.42333"/><trkpt lat="36.290413" lon="127.423304"/><trkpt lat="36.29045" lon="127.423289"/><trkpt lat="36.290489" lon="127.42328"/><trkpt lat="36.290731" lon="127.423244"/><trkpt lat="36.29077" lon="127.423235"/><trkpt lat="36.290808" lon="127.423222"/><trkpt lat="36.29084" lon="127.423198"/><trkpt lat="36.290881" lon="127.423159"/><trkpt lat="36.291009" lon="127.423022"/></trkseg>
<trkseg><trkpt lat="36.289568" lon="127.425644"/><trkpt lat="36.2895" lon="127.425559"/><trkpt lat="36.289459" lon="127.425511"/><trkpt lat="36.289429" lon="127.425485"/><trkpt lat="36.289394" lon="127.42547"/><trkpt lat="36.289357" lon="127.425464"/><trkpt lat="36.289294" lon="127.425457"/><trkpt lat="36.289258" lon="127.425446"/><trkpt lat="36.289226" lon="127.425425"/><trkpt lat="36.289176" lon="127.425379"/><trkpt lat="36.289134" lon="127.425343"/><trkpt lat="36.289101" lon="127.425322"/><trkpt lat="36.28903" lon="127.425286"/><trkpt lat="36.288946" lon="127.425249"/><trkpt lat="36.288871" lon="127.425222"/><trkpt lat="36.288615" lon="127.425142"/><trkpt lat="36.288577" lon="127.425132"/><trkpt lat="36.288539" lon="127.42513"/><trkpt lat="36.288504" lon="127.425141"/><trkpt lat="36.288469" lon="127.425159"/><trkpt lat="36.288436" lon="127.425183"/><trkpt lat="36.288408" lon="127.425214"/><trkpt lat="36.288374" lon="127.425264"/><trkpt lat="36.288301" lon="127.425381"/><trkpt lat="36.288274" lon="127.425413"/><trkpt lat="36.288241" lon="127.425434"/><trkpt lat="36.288204" lon="127.425446"/><trkpt lat="36.288141" lon="127.425462"/><trkpt lat="36.288107" lon="127.42548"/><trkpt lat="36.288082" lon="127.425508"/><trkpt lat="36.288051" lon="127.425548"/><trkpt lat="36.288021" lon="127.425566"/><trkpt lat="36.287986" lon="127.425574"/><trkpt lat="36.287924" lon="127.425583"/><trkpt lat="36.287889" lon="127.425597"/><trkpt lat="36.287857" lon="127.425622"/><trkpt lat="36.287767" lon="127.425712"/><trkpt lat="36.287727" lon="127.425749"/><trkpt lat="36.287694" lon="127.425767"/><trkpt lat="36.287658" lon="127.425768"/><trkpt lat="36.28762" lon="127.425761"/><trkpt lat="36.287478" lon="127.425718"/><trkpt lat="36.2874" lon="127.425698"/><trkpt lat="36.287362" lon="127.425696"/><trkpt lat="36.287329" lon="127.425706"/><trkpt lat="36.287306" lon="127.425726"/><trkpt lat="36.287301" lon="127.425757"/><trkpt lat="36.287311" lon="127.425797"/><trkpt lat="36.287337" lon="127.425867"/><trkpt lat="36.287348" lon="127.425907"/><trkpt lat="36.287344" lon="127.425942"/><trkpt lat="36.287321" lon="127.425972"/><trkpt lat="36.287291" lon="127.425999"/><trkpt lat="36.287212" lon="127.426057"/><trkpt lat="36.287177" lon="127.42608"/><trkpt lat="36.287128" lon="127.426102"/><trkpt lat="36.287054" lon="127.426132"/><trkpt lat="36.286991" lon="127.426153"/><trkpt lat="36.286952" lon="127.426161"/><trkpt lat="36.286912" lon="127.426163"/><trkpt lat="36.286763" lon="127.426162"/><trkpt lat="36.28671" lon="127.426159"/><trkpt lat="36.286671" lon="127.42615"/><trkpt lat="36.286635" lon="127.426132"/><trkpt lat="36.286567" lon="127.426084"/><trkpt lat="36.286317" lon="127.425896"/></trkseg>
<trkseg><trkpt lat="36.288109" lon="127.428192"/><trkpt lat="36.287836" lon="127.427881"/><trkpt lat="36.28781" lon="127.427843"/><trkpt lat="36.287753" lon="127.42775"/><trkpt lat="36.287618" lon="127.427521"/><trkpt lat="36.287592" lon="127.427483"/><trkpt lat="36.287562" lon="127.42745"/><trkpt lat="36.287499" lon="127.427388"/><trkpt lat="36.287454" lon="127.427349"/><trkpt lat="36.287421" lon="127.427328"/><trkpt lat="36.287389" lon="127.427317"/><trkpt lat="36.287354" lon="127.427316"/><trkpt lat="36.287318" lon="127.427328"/><trkpt lat="36.287282" lon="127.427345"/><trkpt lat="36.287236" lon="127.427372"/><trkpt lat="36.287205" lon="127.427398"/><trkpt lat="36.28718" lon="127.427431"/><trkpt lat="36.287144" lon="127.427493"/><trkpt lat="36.287121" lon="127.427523"/><trkpt lat="36.287095" lon="127.427536"/><trkpt lat="36.287062" lon="127.427527"/><trkpt lat="36.287016" lon="127.427499"/><trkpt lat="36.286934" lon="127.427442"/><trkpt lat="36.286901" lon="127.427415"/><trkpt lat="36.286612" lon="127.427113"/><trkpt lat="36.28655" lon="127.42705"/><trkpt lat="36.286517" lon="127.427024"/><trkpt lat="36.286483" lon="127.427008"/><trkpt lat="36.286412" lon="127.426992"/><trkpt lat="36.286379" lon="127.426977"/><trkpt lat="36.286351" lon="127.426948"/><trkpt lat="36.286325" lon="127.426911"/><trkpt lat="36.286246" lon="127.426777"/><trkpt lat="36.286225" lon="127.426736"/><trkpt lat="36.286212" lon="127.426693"/><trkpt lat="36.286212" lon="127.426648"/><trkpt lat="36.286221" lon="127.426601"/><trkpt lat="36.286271" lon="127.426397"/><trkpt lat="36.286326" lon="127.426161"/><trkpt lat="36.286333" lon="127.426114"/><trkpt lat="36.286334" lon="127.426067"/><trkpt lat="36.286327" lon="127.425992"/><trkpt lat="36.286317" lon="127.425896"/></trkseg>
<trkseg><trkpt lat="36.286471" lon="127.4304"/><trkpt lat="36.286483" lon="127.430381"/><trkpt lat="36.286517" lon="127.430351"/><trkpt lat="36.286563" lon="127.430328"/><trkpt lat="36.286693" lon="127.430287"/><trkpt lat="36.286744" lon="127.430267"/><trkpt lat="36.286779" lon="127.430246"/><trkpt lat="36.286835" lon="127.430201"/><trkpt lat="36.286868" lon="127.430171"/><trkpt lat="36.286897" lon="127.430138"/><trkpt lat="36.286942" lon="127.430076"/><trkpt lat="36.287079" lon="127.429871"/><trkpt lat="36.287106" lon="127.429834"/><trkpt lat="36.287136" lon="127.429804"/><trkpt lat="36.287171" lon="127.429786"/><trkpt lat="36.287208" lon="127.429773"/><trkpt lat="36.287389" lon="127.429725"/><trkpt lat="36.28744" lon="127.429709"/><trkpt lat="36.287476" lon="127.429691"/><trkpt lat="36.287511" lon="127.429667"/><trkpt lat="36.287567" lon="127.429621"/><trkpt lat="36.287598" lon="127.429591"/><trkpt lat="36.287623" lon="127.429556"/><trkpt lat="36.28764" lon="127.429515"/><trkpt lat="36.287654" lon="127.429471"/><trkpt lat="36.287665" lon="127.429426"/><trkpt lat="36.28767" lon="127.429379"/><trkpt lat="36.287669" lon="127.429331"/><trkpt lat="36.287665" lon="127.429284"/><trkpt lat="36.287658" lon="127.429238"/><trkpt lat="36.287643" lon="127.429192"/><trkpt lat="36.2876" lon="127.42909"/><trkpt lat="36.287583" lon="127.429046"/><trkpt lat="36.287573" lon="127.429001"/><trkpt lat="36.287574" lon="127.428957"/><trkpt lat="36.287584" lon="127.428914"/><trkpt lat="36.287602" lon="127.428876"/><trkpt lat="36.287629" lon="127.428842"/><trkpt lat="36.28767" lon="127.428801"/><trkpt lat="36.287902" lon="127.428581"/><trkpt lat="36.287953" lon="127.428529"/><trkpt lat="36.287979" lon="127.428493"/><trkpt lat="36.288" lon="127.428453"/><trkpt lat="36.288031" lon="127.428381"/><trkpt lat="36.288109" lon="127.428192"/></trkseg>
<trkseg><trkpt lat="36.284556" lon="127.431171"/><trkpt lat="36.284668" lon="127.431016"/><trkpt lat="36.284696" lon="127.430983"/><trkpt lat="36.284727" lon="127.430955"/><trkpt lat="36.284771" lon="127.430922"/><trkpt lat="36.284861" lon="127.430859"/><trkpt lat="36.284907" lon="127.430831"/><trkpt lat="36.284943" lon="127.430816"/><trkpt lat="36.284983" lon="127.430808"/><trkpt lat="36.285225" lon="127.430785"/><trkpt lat="36.285547" lon="127.430755"/><trkpt lat="36.285587" lon="127.430756"/><trkpt lat="36.28564" lon="127.430763"/><trkpt lat="36.286086" lon="127.430847"/><trkpt lat="36.286218" lon="127.430873"/><trkpt lat="36.286256" lon="127.430876"/><trkpt lat="36.28629" lon="127.430869"/><trkpt lat="36.286315" lon="127.430842"/><trkpt lat="36.286336" lon="127.430804"/><trkpt lat="36.286406" lon="127.430649"/><trkpt lat="36.28643" lon="127.430592"/><trkpt lat="36.286444" lon="127.430547"/><trkpt lat="36.28646" lon="127.430471"/><trkpt lat="36.286471" lon="127.4304"/></trkseg>
<trkseg><trkpt lat="36.284787" lon="127.428072"/><trkpt lat="36.284926" lon="127.428214"/><trkpt lat="36.284958" lon="127.428241"/><trkpt lat="36.284993" lon="127.428261"/><trkpt lat="36.28507" lon="127.428288"/><trkpt lat="36.285291" lon="127.428358"/><trkpt lat="36.285329" lon="127.428373"/><trkpt lat="36.285391" lon="127.428405"/><trkpt lat="36.285538" lon="127.428488"/><trkpt lat="36.285586" lon="127.428518"/><trkpt lat="36.285619" lon="127.428544"/><trkpt lat="36.285681" lon="127.428607"/><trkpt lat="36.285811" lon="127.428751"/><trkpt lat="36.285835" lon="127.428786"/><trkpt lat="36.285846" lon="127.428825"/><trkpt lat="36.285839" lon="127.428868"/><trkpt lat="36.285825" lon="127.428912"/><trkpt lat="36.285805" lon="127.428953"/><trkpt lat="36.28578" lon="127.428988"/><trkpt lat="36.285744" lon="127.429029"/><trkpt lat="36.285728" lon="127.429065"/><trkpt lat="36.285729" lon="127.429108"/><trkpt lat="36.285735" lon="127.429154"/><trkpt lat="36.285779" lon="127.429378"/><trkpt lat="36.28579" lon="127.429424"/><trkpt lat="36.285806" lon="127.429466"/><trkpt lat="36.285832" lon="127.429501"/><trkpt lat="36.285863" lon="127.429532"/><trkpt lat="36.286106" lon="127.429745"/><trkpt lat="36.286181" lon="127.429814"/><trkpt lat="36.286211" lon="127.429847"/><trkpt lat="36.286247" lon="127.429894"/><trkpt lat="36.28641" lon="127.430129"/><trkpt lat="36.286441" lon="127.43018"/><trkpt lat="36.286458" lon="127.430221"/><trkpt lat="36.286466" lon="127.430274"/><trkpt lat="36.28647" lon="127.430358"/><trkpt lat="36.286471" lon="127.4304"/></trkseg>
<trkseg><trkpt lat="36.288109" lon="127.428192"/><trkpt lat="36.288121" lon="127.428139"/><trkpt lat="36.28813" lon="127.428081"/><trkpt lat="36.288129" lon="127.428031"/><trkpt lat="36.288118" lon="127.427976"/><trkpt lat="36.288125" lon="127.427933"/><trkpt lat="36.288142" lon="127.427892"/><trkpt lat="36.288166" lon="127.427856"/><trkpt lat="36.288197" lon="127.427825"/><trkpt lat="36.28842" lon="127.427646"/><trkpt lat="36.288508" lon="127.427574"/><trkpt lat="36.288539" lon="127.427544"/><trkpt lat="36.288568" lon="127.42751"/><trkpt lat="36.288719" lon="127.427304"/><trkpt lat="36.288761" lon="127.427242"/><trkpt lat="36.288781" lon="127.427202"/><trkpt lat="36.288799" lon="127.427145"/><trkpt lat="36.28882" lon="127.427107"/><trkpt lat="36.288858" lon="127.427067"/><trkpt lat="36.288913" lon="127.427019"/></trkseg>
<trkseg><trkpt lat="36.289568" lon="127.425644"/><trkpt lat="36.289398" lon="127.425682"/><trkpt lat="36.289359" lon="127.425693"/><trkpt lat="36.289324" lon="127.425709"/><trkpt lat="36.289295" lon="127.425736"/><trkpt lat="36.289272" lon="127.425771"/><trkpt lat="36.289221" lon="127.425863"/><trkpt lat="36.289195" lon="127.425917"/><trkpt lat="36.289177" lon="127.425959"/><trkpt lat="36.289165" lon="127.426006"/><trkpt lat="36.28915" lon="127.426086"/><trkpt lat="36.289053" lon="127.426637"/><trkpt lat="36.28904" lon="127.426701"/><trkpt lat="36.289026" lon="127.426746"/><trkpt lat="36.288986" lon="127.426847"/><trkpt lat="36.288913" lon="127.427019"/></trkseg>
<trkseg><trkpt lat="36.290972" lon="127.426993"/><trkpt lat="36.290817" lon="127.42669"/><trkpt lat="36.290798" lon="127.426648"/><trkpt lat="36.290786" lon="127.426605"/><trkpt lat="36.290786" lon="127.426562"/><trkpt lat="36.290795" lon="127.426521"/><trkpt lat="36.290816" lon="127.426483"/><trkpt lat="36.290862" lon="127.426424"/><trkpt lat="36.290885" lon="127.426388"/><trkpt lat="36.290894" lon="127.426347"/><trkpt lat="36.290889" lon="127.426306"/><trkpt lat="36.290869" lon="127.426269"/><trkpt lat="36.29084" lon="127.426237"/><trkpt lat="36.290741" lon="127.426148"/><trkpt lat="36.29062" lon="127.426041"/><trkpt lat="36.290586" lon="127.426016"/><trkpt lat="36.29055" lon="127.426001"/><trkpt lat="36.290488" lon="127.425994"/><trkpt lat="36.290457" lon="127.425988"/><trkpt lat="36.290442" lon="127.425967"/><trkpt lat="36.290449" lon="127.425938"/><trkpt lat="36.290474" lon="127.425894"/><trkpt lat="36.290486" lon="127.425857"/><trkpt lat="36.290488" lon="127.42582"/><trkpt lat="36.290473" lon="127.425787"/><trkpt lat="36.290445" lon="127.42576"/><trkpt lat="36.290401" lon="127.425728"/><trkpt lat="36.290285" lon="127.42565"/><trkpt lat="36.29025" lon="127.42563"/><trkpt lat="36.290215" lon="127.425618"/><trkpt lat="36.290177" lon="127.425621"/><trkpt lat="36.290127" lon="127.425636"/><trkpt lat="36.28991" lon="127.425718"/><trkpt lat="36.28986" lon="127.425732"/><trkpt lat="36.289824" lon="127.425733"/><trkpt lat="36.289791" lon="127.425716"/><trkpt lat="36.289749" lon="127.42568"/><trkpt lat="36.289657" lon="127.425589"/><trkpt lat="36.289627" lon="127.425564"/><trkpt lat="36.289599" lon="127.425561"/><trkpt lat="36.28958" lon="127.425595"/><trkpt lat="36.289568" lon="127.425644"/></trkseg>
<trkseg><trkpt lat="36.288913" lon="127.427019"/><trkpt lat="36.288961" lon="127.426969"/><trkpt lat="36.289002" lon="127.426934"/><trkpt lat="36.28904" lon="127.426912"/><trkpt lat="36.28914" lon="127.426867"/><trkpt lat="36.289204" lon="127.426842"/><trkpt lat="36.289241" lon="127.426834"/><trkpt lat="36.289278" lon="127.426839"/><trkpt lat="36.289314" lon="127.426856"/><trkpt lat="36.289397" lon="127.426904"/><trkpt lat="36.289445" lon="127.42693"/><trkpt lat="36.289483" lon="127.426942"/><trkpt lat="36.289523" lon="127.426946"/><trkpt lat="36.289563" lon="127.426946"/><trkpt lat="36.289603" lon="127.426942"/><trkpt lat="36.28964" lon="127.426931"/><trkpt lat="36.289694" lon="127.426904"/><trkpt lat="36.289727" lon="127.426899"/><trkpt lat="36.289762" lon="127.42691"/><trkpt lat="36.289809" lon="127.426935"/><trkpt lat="36.289917" lon="127.426997"/><trkpt lat="36.289953" lon="127.427013"/><trkpt lat="36.289992" lon="127.427023"/><trkpt lat="36.290071" lon="127.427035"/><trkpt lat="36.290138" lon="127.427042"/><trkpt lat="36.290177" lon="127.427043"/><trkpt lat="36.290216" lon="127.427034"/><trkpt lat="36.290266" lon="127.427014"/><trkpt lat="36.290341" lon="127.42698"/><trkpt lat="36.290378" lon="127.426968"/><trkpt lat="36.290414" lon="127.426969"/><trkpt lat="36.290449" lon="127.426985"/><trkpt lat="36.290517" lon="127.427032"/><trkpt lat="36.29055" lon="127.427051"/><trkpt lat="36.290581" lon="127.427056"/><trkpt lat="36.290625" lon="127.427019"/><trkpt lat="36.290655" lon="127.426997"/><trkpt lat="36.290701" lon="127.426972"/><trkpt lat="36.290748" lon="127.42695"/><trkpt lat="36.290784" lon="127.426938"/><trkpt lat="36.290822" lon="127.426932"/><trkpt lat="36.290862" lon="127.426932"/><trkpt lat="36.290908" lon="127.426945"/><trkpt lat="36.290947" lon="127.426971"/><trkpt lat="36.290972" lon="127.426993"/></trkseg>
<trkseg><trkpt lat="36.29191" lon="127.427423"/><trkpt lat="36.292034" lon="127.427256"/><trkpt lat="36.292059" lon="127.427218"/><trkpt lat="36.292079" lon="127.427177"/><trkpt lat="36.292098" lon="127.427116"/><trkpt lat="36.292217" lon="127.426656"/><trkpt lat="36.29224" lon="127.42656"/><trkpt lat="36.292248" lon="127.426512"/><trkpt lat="36.292291" lon="127.426286"/><trkpt lat="36.292416" lon="127.426199"/><trkpt lat="36.292447" lon="127.426171"/><trkpt lat="36.292493" lon="127.426138"/><trkpt lat="36.292669" lon="127.42602"/><trkpt lat="36.292702" lon="127.425994"/><trkpt lat="36.292728" lon="127.425962"/><trkpt lat="36.292745" lon="127.425925"/><trkpt lat="36.292758" lon="127.425884"/><trkpt lat="36.292765" lon="127.425842"/><trkpt lat="36.292763" lon="127.425795"/><trkpt lat="36.292747" lon="127.425699"/><trkpt lat="36.292737" lon="127.425636"/><trkpt lat="36.292735" lon="127.425588"/><trkpt lat="36.292743" lon="127.425544"/><trkpt lat="36.29276" lon="127.425485"/><trkpt lat="36.292781" lon="127.425428"/><trkpt lat="36.292799" lon="127.425388"/><trkpt lat="36.292824" lon="127.425356"/><trkpt lat="36.292856" lon="127.425333"/><trkpt lat="36.292917" lon="127.425303"/><trkpt lat="36.293276" lon="127.425138"/></trkseg>
<trkseg><trkpt lat="36.290972" lon="127.426993"/><trkpt lat="36.291104" lon="127.427192"/><trkpt lat="36.29113" lon="127.427227"/><trkpt lat="36.291157" lon="127.427255"/><trkpt lat="36.29119" lon="127.427267"/><trkpt lat="36.291227" lon="127.427267"/><trkpt lat="36.291305" lon="127.427258"/><trkpt lat="36.291343" lon="127.427257"/><trkpt lat="36.291381" lon="127.427265"/><trkpt lat="36.291418" lon="127.427281"/><trkpt lat="36.291626" lon="127.427391"/><trkpt lat="36.291688" lon="127.427423"/><trkpt lat="36.291725" lon="127.427437"/><trkpt lat="36.291763" lon="127.427443"/><trkpt lat="36.291808" lon="127.42744"/><trkpt lat="36.29191" lon="127.427423"/></trkseg>
<trkseg><trkpt lat="36.292139" lon="127.427989"/><trkpt lat="36.292072" lon="127.427898"/><trkpt lat="36.292054" lon="127.427869"/><trkpt lat="36.292039" lon="127.427837"/><trkpt lat="36.29202" lon="127.427779"/><trkpt lat="36.29191" lon="127.427423"/></trkseg>
<trkseg><trkpt lat="36.288913" lon="127.427019"/><trkpt lat="36.289075" lon="127.427209"/><trkpt lat="36.2891" lon="127.427246"/><trkpt lat="36.289121" lon="127.427285"/><trkpt lat="36.289171" lon="127.427397"/><trkpt lat="36.289217" lon="127.427511"/><trkpt lat="36.289241" lon="127.427588"/><trkpt lat="36.289352" lon="127.427995"/><trkpt lat="36.289379" lon="127.428088"/><trkpt lat="36.289396" lon="127.428132"/><trkpt lat="36.289418" lon="127.428173"/><trkpt lat="36.289469" lon="127.428248"/><trkpt lat="36.289616" lon="127.42846"/><trkpt lat="36.289638" lon="127.428498"/><trkpt lat="36.289651" lon="127.428538"/><trkpt lat="36.289649" lon="127.428578"/><trkpt lat="36.28964" lon="127.428644"/><trkpt lat="36.289648" lon="127.428684"/><trkpt lat="36.289669" lon="127.428722"/><trkpt lat="36.289774" lon="127.428871"/><trkpt lat="36.289889" lon="127.429031"/><trkpt lat="36.289918" lon="127.429063"/><trkpt lat="36.289952" lon="127.429084"/><trkpt lat="36.289989" lon="127.429098"/><trkpt lat="36.290171" lon="127.429145"/><trkpt lat="36.290458" lon="127.429219"/><trkpt lat="36.290495" lon="127.429232"/><trkpt lat="36.290579" lon="127.429272"/><trkpt lat="36.290614" lon="127.429292"/><trkpt lat="36.290646" lon="127.429316"/><trkpt lat="36.290672" lon="127.429348"/><trkpt lat="36.290696" lon="127.429384"/><trkpt lat="36.290733" lon="127.429447"/><trkpt lat="36.290751" lon="127.429487"/><trkpt lat="36.290764" lon="127.429532"/><trkpt lat="36.290772" lon="127.42958"/><trkpt lat="36.290781" lon="127.429662"/><trkpt lat="36.290785" lon="127.429711"/><trkpt lat="36.290784" lon="127.429759"/><trkpt lat="36.290777" lon="127.429823"/><trkpt lat="36.290741" lon="127.43006"/><trkpt lat="36.290734" lon="127.430124"/><trkpt lat="36.290732" lon="127.430171"/><trkpt lat="36.290736" lon="127.430219"/><trkpt lat="36.29077" lon="127.430491"/><trkpt lat="36.290781" lon="127.430587"/><trkpt lat="36.290782" lon="127.430635"/><trkpt lat="36.290774" lon="127.430732"/><trkpt lat="36.290718" lon="127.431202"/><trkpt lat="36.290715" lon="127.43125"/><trkpt lat="36.290717" lon="127.431297"/><trkpt lat="36.290728" lon="127.431342"/><trkpt lat="36.290746" lon="127.431386"/><trkpt lat="36.290974" lon="127.431891"/><trkpt lat="36.291005" lon="127.431964"/><trkpt lat="36.291021" lon="127.432008"/><trkpt lat="36.291031" lon="127.432055"/><trkpt lat="36.291043" lon="127.432156"/><trkpt lat="36.29105" lon="127.432216"/></trkseg>
<trkseg><trkpt lat="36.29105" lon="127.432216"/><trkpt lat="36.29113" lon="127.432145"/><trkpt lat="36.291165" lon="127.432111"/><trkpt lat="36.291191" lon="127.432077"/><trkpt lat="36.291213" lon="127.432036"/><trkpt lat="36.291344" lon="127.43175"/><trkpt lat="36.291378" lon="127.43168"/><trkpt lat="36.2914" lon="127.43164"/><trkpt lat="36.291428" lon="127.431607"/><trkpt lat="36.291459" lon="127.431578"/><trkpt lat="36.291569" lon="127.431489"/><trkpt lat="36.291598" lon="127.431462"/><trkpt lat="36.291614" lon="127.431431"/><trkpt lat="36.29161" lon="127.431394"/><trkpt lat="36.29159" lon="127.431339"/><trkpt lat="36.291576" lon="127.431295"/><trkpt lat="36.29157" lon="127.431248"/><trkpt lat="36.291567" lon="127.431133"/><trkpt lat="36.291565" lon="127.431085"/><trkpt lat="36.291555" lon="127.43104"/><trkpt lat="36.291537" lon="127.430999"/><trkpt lat="36.2915" lon="127.430934"/><trkpt lat="36.291393" lon="127.430751"/><trkpt lat="36.291373" lon="127.43071"/><trkpt lat="36.291355" lon="127.430667"/><trkpt lat="36.291321" lon="127.430562"/><trkpt lat="36.291304" lon="127.430501"/><trkpt lat="36.291298" lon="127.430454"/><trkpt lat="36.291298" lon="127.430405"/><trkpt lat="36.291319" lon="127.430127"/><trkpt lat="36.291343" lon="127.429816"/><trkpt lat="36.291349" lon="127.429767"/><trkpt lat="36.291365" lon="127.429686"/><trkpt lat="36.291387" lon="127.42959"/><trkpt lat="36.291402" lon="127.429544"/><trkpt lat="36.291421" lon="127.429501"/><trkpt lat="36.291522" lon="127.429325"/><trkpt lat="36.291552" lon="127.42927"/><trkpt lat="36.291572" lon="127.429227"/><trkpt lat="36.291586" lon="127.429183"/><trkpt lat="36.2916" lon="127.429122"/><trkpt lat="36.291632" lon="127.428985"/><trkpt lat="36.291646" lon="127.428941"/><trkpt lat="36.291665" lon="127.428899"/><trkpt lat="36.291704" lon="127.428832"/><trkpt lat="36.291824" lon="127.428636"/><trkpt lat="36.291851" lon="127.428599"/><trkpt lat="36.29188" lon="127.428569"/><trkpt lat="36.291931" lon="127.428526"/><trkpt lat="36.291959" lon="127.4285"/><trkpt lat="36.291979" lon="127.428469"/><trkpt lat="36.291982" lon="127.42843"/><trkpt lat="36.291975" lon="127.428359"/><trkpt lat="36.291978" lon="127.428316"/><trkpt lat="36.291994" lon="127.428273"/><trkpt lat="36.292037" lon="127.42819"/><trkpt lat="36.292056" lon="127.428147"/><trkpt lat="36.29207" lon="127.428101"/><trkpt lat="36.292088" lon="127.428048"/><trkpt lat="36.292114" lon="127.428006"/><trkpt lat="36.292136" lon="127.427989"/><trkpt lat="36.292139" lon="127.427989"/></trkseg>
<trkseg><trkpt lat="36.292139" lon="127.427989"/><trkpt lat="36.292245" lon="127.428151"/><trkpt lat="36.292272" lon="127.428187"/><trkpt lat="36.292301" lon="127.428217"/><trkpt lat="36.292374" lon="127.428281"/><trkpt lat="36.292404" lon="127.428311"/><trkpt lat="36.292428" lon="127.428347"/><trkpt lat="36.292456" lon="127.428403"/><trkpt lat="36.292501" lon="127.428504"/><trkpt lat="36.292524" lon="127.428541"/><trkpt lat="36.292554" lon="127.428567"/><trkpt lat="36.292591" lon="127.428584"/><trkpt lat="36.292733" lon="127.428629"/><trkpt lat="36.292785" lon="127.428647"/><trkpt lat="36.292821" lon="127.428665"/><trkpt lat="36.292866" lon="127.428695"/><trkpt lat="36.29292" lon="127.428737"/><trkpt lat="36.292949" lon="127.428765"/><trkpt lat="36.292973" lon="127.428799"/><trkpt lat="36.293" lon="127.428871"/><trkpt lat="36.293018" lon="127.428911"/><trkpt lat="36.293044" lon="127.428941"/><trkpt lat="36.293077" lon="127.428961"/><trkpt lat="36.29313" lon="127.428985"/><trkpt lat="36.293225" lon="127.429023"/></trkseg>
<trkseg><trkpt lat="36.293225" lon="127.429023"/><trkpt lat="36.293226" lon="127.429078"/><trkpt lat="36.293223" lon="127.429137"/><trkpt lat="36.293212" lon="127.429191"/><trkpt lat="36.293193" lon="127.429252"/><trkpt lat="36.293161" lon="127.429341"/><trkpt lat="36.293137" lon="127.429397"/><trkpt lat="36.293117" lon="127.429435"/><trkpt lat="36.293095" lon="127.429467"/><trkpt lat="36.293068" lon="127.429494"/><trkpt lat="36.293052" lon="127.42953"/><trkpt lat="36.293041" lon="127.429575"/><trkpt lat="36.293002" lon="127.42982"/><trkpt lat="36.29299" lon="127.429885"/><trkpt lat="36.292978" lon="127.429929"/><trkpt lat="36.292956" lon="127.429963"/><trkpt lat="36.292923" lon="127.429984"/><trkpt lat="36.292864" lon="127.430016"/><trkpt lat="36.292835" lon="127.430045"/><trkpt lat="36.292811" lon="127.430083"/><trkpt lat="36.292791" lon="127.430122"/><trkpt lat="36.292778" lon="127.430162"/><trkpt lat="36.292781" lon="127.430198"/><trkpt lat="36.292803" lon="127.430229"/><trkpt lat="36.292833" lon="127.430258"/><trkpt lat="36.292933" lon="127.430343"/><trkpt lat="36.292964" lon="127.430373"/><trkpt lat="36.29299" lon="127.430407"/><trkpt lat="36.293008" lon="127.430449"/><trkpt lat="36.293025" lon="127.430512"/><trkpt lat="36.293086" lon="127.430784"/><trkpt lat="36.29315" lon="127.431056"/><trkpt lat="36.293159" lon="127.431105"/><trkpt lat="36.293162" lon="127.431152"/><trkpt lat="36.293156" lon="127.431197"/><trkpt lat="36.293141" lon="127.431236"/><trkpt lat="36.293117" lon="127.431265"/><trkpt lat="36.293085" lon="127.431284"/><trkpt lat="36.293047" lon="127.431294"/><trkpt lat="36.29294" lon="127.431303"/><trkpt lat="36.292885" lon="127.431308"/><trkpt lat="36.292846" lon="127.431317"/><trkpt lat="36.292811" lon="127.431333"/><trkpt lat="36.292784" lon="127.431353"/><trkpt lat="36.292778" lon="127.431377"/><trkpt lat="36.292796" lon="127.431404"/><trkpt lat="36.292824" lon="127.431433"/><trkpt lat="36.292997" lon="127.431586"/><trkpt lat="36.293058" lon="127.431646"/><trkpt lat="36.293086" lon="127.431681"/><trkpt lat="36.293119" lon="127.431732"/><trkpt lat="36.293183" lon="127.431836"/><trkpt lat="36.293209" lon="127.431871"/><trkpt lat="36.29324" lon="127.431897"/><trkpt lat="36.293276" lon="127.431911"/><trkpt lat="36.293342" lon="127.431925"/><trkpt lat="36.293435" lon="127.431941"/><trkpt lat="36.293474" lon="127.431943"/><trkpt lat="36.293513" lon="127.431936"/><trkpt lat="36.29355" lon="127.431922"/><trkpt lat="36.293714" lon="127.431846"/><trkpt lat="36.293764" lon="127.431825"/><trkpt lat="36.293802" lon="127.431817"/><trkpt lat="36.293841" lon="127.431821"/><trkpt lat="36.293879" lon="127.431833"/><trkpt lat="36.293916" lon="127.431848"/><trkpt lat="36.293949" lon="127.43187"/><trkpt lat="36.293971" lon="127.431903"/><trkpt lat="36.293984" lon="127.431946"/><trkpt lat="36.293991" lon="127.431991"/><trkpt lat="36.293989" lon="127.432037"/><trkpt lat="36.293976" lon="127.432082"/><trkpt lat="36.293951" lon="127.432141"/><trkpt lat="36.293742" lon="127.432622"/><trkpt lat="36.293712" lon="127.432695"/><trkpt lat="36.2937" lon="127.432739"/><trkpt lat="36.2937" lon="127.432784"/><trkpt lat="36.293709" lon="127.43283"/><trkpt lat="36.293766" lon="127.433016"/><trkpt lat="36.294013" lon="127.433836"/></trkseg>
<trkseg><trkpt lat="36.293225" lon="127.429023"/><trkpt lat="36.293519" lon="127.429313"/><trkpt lat="36.293552" lon="127.42934"/><trkpt lat="36.293588" lon="127.429359"/><trkpt lat="36.293649" lon="127.429389"/><trkpt lat="36.293682" lon="127.429413"/><trkpt lat="36.293712" lon="127.429446"/><trkpt lat="36.293787" lon="127.429541"/><trkpt lat="36.293816" lon="127.429574"/><trkpt lat="36.293849" lon="127.429597"/><trkpt lat="36.293885" lon="127.42961"/><trkpt lat="36.293949" lon="127.429627"/><trkpt lat="36.293985" lon="127.429645"/><trkpt lat="36.294018" lon="127.429668"/><trkpt lat="36.29405" lon="127.429695"/><trkpt lat="36.294077" lon="127.429725"/><trkpt lat="36.294094" lon="127.429761"/><trkpt lat="36.294099" lon="127.429806"/><trkpt lat="36.294097" lon="127.42987"/><trkpt lat="36.29408" lon="127.430162"/><trkpt lat="36.294074" lon="127.430209"/><trkpt lat="36.294063" lon="127.430253"/><trkpt lat="36.294044" lon="127.430293"/><trkpt lat="36.293986" lon="127.430396"/><trkpt lat="36.293967" lon="127.430437"/><trkpt lat="36.293954" lon="127.430483"/><trkpt lat="36.293945" lon="127.430531"/><trkpt lat="36.29394" lon="127.430577"/><trkpt lat="36.293946" lon="127.430617"/><trkpt lat="36.29397" lon="127.430643"/><trkpt lat="36.294003" lon="127.430662"/><trkpt lat="36.294163" lon="127.430734"/><trkpt lat="36.294213" lon="127.430754"/><trkpt lat="36.29425" lon="127.430765"/><trkpt lat="36.294354" lon="127.430778"/><trkpt lat="36.294404" lon="127.430787"/><trkpt lat="36.294439" lon="127.4308"/><trkpt lat="36.294469" lon="127.430827"/><trkpt lat="36.294495" lon="127.430862"/><trkpt lat="36.29452" lon="127.4309"/><trkpt lat="36.294556" lon="127.43097"/><trkpt lat="36.294575" lon="127.431014"/><trkpt lat="36.294586" lon="127.431058"/><trkpt lat="36.294586" lon="127.431105"/><trkpt lat="36.29458" lon="127.431152"/><trkpt lat="36.29453" lon="127.431411"/><trkpt lat="36.29452" lon="127.431474"/><trkpt lat="36.294517" lon="127.431516"/><trkpt lat="36.294529" lon="127.431544"/><trkpt lat="36.294559" lon="127.431556"/><trkpt lat="36.294596" lon="127.431561"/><trkpt lat="36.294702" lon="127.431568"/><trkpt lat="36.294739" lon="127.431574"/><trkpt lat="36.294773" lon="127.43159"/><trkpt lat="36.294797" lon="127.431619"/><trkpt lat="36.294818" lon="127.431658"/><trkpt lat="36.29485" lon="127.431724"/><trkpt lat="36.294873" lon="127.431758"/><trkpt lat="36.294904" lon="127.431779"/><trkpt lat="36.294942" lon="127.431788"/><trkpt lat="36.295117" lon="127.431803"/><trkpt lat="36.295171" lon="127.43181"/><trkpt lat="36.295209" lon="127.431819"/><trkpt lat="36.295242" lon="127.431839"/><trkpt lat="36.295271" lon="127.431868"/><trkpt lat="36.295326" lon="127.431937"/><trkpt lat="36.295369" lon="127.431992"/></trkseg>
<trkseg><trkpt lat="36.293225" lon="127.429023"/><trkpt lat="36.293234" lon="127.429011"/><trkpt lat="36.293263" lon="127.429016"/><trkpt lat="36.293325" lon="127.429051"/><trkpt lat="36.29336" lon="127.429066"/><trkpt lat="36.293398" lon="127.429071"/><trkpt lat="36.293542" lon="127.42907"/><trkpt lat="36.293594" lon="127.429072"/><trkpt lat="36.293632" lon="127.429076"/><trkpt lat="36.293683" lon="127.429089"/><trkpt lat="36.293796" lon="127.429124"/><trkpt lat="36.293832" lon="127.429139"/><trkpt lat="36.293867" lon="127.429161"/><trkpt lat="36.293911" lon="127.429198"/><trkpt lat="36.294419" lon="127.429659"/><trkpt lat="36.294602" lon="127.429825"/><trkpt lat="36.294647" lon="127.42986"/><trkpt lat="36.294683" lon="127.42988"/><trkpt lat="36.294744" lon="127.429907"/><trkpt lat="36.294893" lon="127.429968"/></trkseg>
<trkseg><trkpt lat="36.291009" lon="127.423022"/><trkpt lat="36.291375" lon="127.423386"/><trkpt lat="36.291419" lon="127.423425"/><trkpt lat="36.291453" lon="127.423448"/><trkpt lat="36.291488" lon="127.423463"/><trkpt lat="36.291521" lon="127.423467"/><trkpt lat="36.291549" lon="127.423449"/><trkpt lat="36.291573" lon="127.423415"/><trkpt lat="36.291608" lon="127.423354"/><trkpt lat="36.291627" lon="127.423338"/><trkpt lat="36.291644" lon="127.423358"/><trkpt lat="36.291659" lon="127.423397"/><trkpt lat="36.291723" lon="127.423599"/><trkpt lat="36.291746" lon="127.423659"/><trkpt lat="36.291769" lon="127.423697"/><trkpt lat="36.291798" lon="127.423729"/><trkpt lat="36.291861" lon="127.423788"/><trkpt lat="36.291887" lon="127.423823"/><trkpt lat="36.291907" lon="127.423863"/><trkpt lat="36.291953" lon="127.423977"/><trkpt lat="36.291977" lon="127.424032"/><trkpt lat="36.292001" lon="127.424069"/><trkpt lat="36.29203" lon="127.4241"/><trkpt lat="36.292184" lon="127.42423"/><trkpt lat="36.292326" lon="127.42435"/><trkpt lat="36.292361" lon="127.424371"/><trkpt lat="36.292398" lon="127.424382"/><trkpt lat="36.292451" lon="127.424383"/><trkpt lat="36.292721" lon="127.424366"/><trkpt lat="36.292775" lon="127.424358"/><trkpt lat="36.292812" lon="127.424346"/><trkpt lat="36.292865" lon="127.42432"/><trkpt lat="36.292888" lon="127.424318"/><trkpt lat="36.2929" lon="127.424345"/><trkpt lat="36.292904" lon="127.424388"/><trkpt lat="36.292911" lon="127.424518"/><trkpt lat="36.292917" lon="127.424567"/><trkpt lat="36.292929" lon="127.424611"/><trkpt lat="36.292949" lon="127.424669"/><trkpt lat="36.292989" lon="127.424767"/><trkpt lat="36.293022" lon="127.424834"/><trkpt lat="36.293073" lon="127.424924"/><trkpt lat="36.293097" lon="127.42496"/><trkpt lat="36.293123" lon="127.424994"/><trkpt lat="36.293185" lon="127.425055"/><trkpt lat="36.293276" lon="127.425138"/></trkseg>
<trkseg><trkpt lat="36.293276" lon="127.425138"/><trkpt lat="36.293298" lon="127.425215"/><trkpt lat="36.293307" lon="127.425234"/><trkpt lat="36.29332" lon="127.425249"/><trkpt lat="36.29335" lon="127.425266"/><trkpt lat="36.293401" lon="127.425289"/><trkpt lat="36.293432" lon="127.425298"/><trkpt lat="36.29345" lon="127.425299"/><trkpt lat="36.293467" lon="127.425292"/><trkpt lat="36.293483" lon="127.425278"/><trkpt lat="36.293528" lon="127.425235"/></trkseg>
<trkseg><trkpt lat="36.293276" lon="127.425138"/><trkpt lat="36.293254" lon="127.425015"/><trkpt lat="36.29325" lon="127.424984"/><trkpt lat="36.293254" lon="127.424967"/><trkpt lat="36.293269" lon="127.424974"/><trkpt lat="36.293316" lon="127.425019"/><trkpt lat="36.293528" lon="127.425235"/></trkseg>
<trkseg><trkpt lat="36.293528" lon="127.425235"/><trkpt lat="36.293591" lon="127.425289"/><trkpt lat="36.293641" lon="127.425327"/><trkpt lat="36.293674" lon="127.425344"/><trkpt lat="36.293709" lon="127.425351"/><trkpt lat="36.293795" lon="127.425354"/><trkpt lat="36.293831" lon="127.425358"/><trkpt lat="36.29388" lon="127.42537"/><trkpt lat="36.294135" lon="127.425463"/></trkseg>
<trkseg><trkpt lat="36.294135" lon="127.425463"/><trkpt lat="36.294337" lon="127.425655"/><trkpt lat="36.294367" lon="127.425688"/><trkpt lat="36.294392" lon="127.425726"/><trkpt lat="36.294422" lon="127.425781"/><trkpt lat="36.294479" lon="127.425892"/><trkpt lat="36.294504" lon="127.425929"/><trkpt lat="36.294535" lon="127.42596"/><trkpt lat="36.294592" lon="127.426004"/><trkpt lat="36.294719" lon="127.426098"/><trkpt lat="36.294751" lon="127.426127"/><trkpt lat="36.294778" lon="127.426162"/><trkpt lat="36.294799" lon="127.426202"/><trkpt lat="36.294818" lon="127.426244"/><trkpt lat="36.294832" lon="127.426287"/><trkpt lat="36.294836" lon="127.426327"/><trkpt lat="36.294829" lon="127.426361"/><trkpt lat="36.29481" lon="127.426388"/><trkpt lat="36.294781" lon="127.426422"/><trkpt lat="36.294773" lon="127.426457"/><trkpt lat="36.294776" lon="127.426498"/><trkpt lat="36.294786" lon="127.426573"/><trkpt lat="36.294785" lon="127.426619"/><trkpt lat="36.294772" lon="127.426697"/><trkpt lat="36.294766" lon="127.426742"/><trkpt lat="36.294768" lon="127.426787"/><trkpt lat="36.294782" lon="127.426831"/><trkpt lat="36.294807" lon="127.426889"/><trkpt lat="36.294888" lon="127.427061"/><trkpt lat="36.294904" lon="127.427105"/><trkpt lat="36.294912" lon="127.42715"/><trkpt lat="36.29491" lon="127.427198"/><trkpt lat="36.2949" lon="127.427263"/><trkpt lat="36.294872" lon="127.427425"/><trkpt lat="36.294861" lon="127.427473"/><trkpt lat="36.294846" lon="127.427518"/><trkpt lat="36.294809" lon="127.427606"/><trkpt lat="36.294794" lon="127.427649"/><trkpt lat="36.294789" lon="127.427693"/><trkpt lat="36.294798" lon="127.427738"/><trkpt lat="36.294818" lon="127.427799"/><trkpt lat="36.294871" lon="127.427951"/><trkpt lat="36.294884" lon="127.427998"/><trkpt lat="36.294893" lon="127.42806"/><trkpt lat="36.294902" lon="127.428103"/><trkpt lat="36.29492" lon="127.428147"/><trkpt lat="36.294926" lon="127.428185"/><trkpt lat="36.294922" lon="127.428229"/><trkpt lat="36.294908" lon="127.428306"/><trkpt lat="36.294894" lon="127.428367"/><trkpt lat="36.294879" lon="127.42841"/><trkpt lat="36.294859" lon="127.428451"/><trkpt lat="36.294821" lon="127.428517"/><trkpt lat="36.294806" lon="127.428559"/><trkpt lat="36.294801" lon="127.428602"/><trkpt lat="36.2948" lon="127.428661"/><trkpt lat="36.294789" lon="127.428697"/><trkpt lat="36.294761" lon="127.428733"/><trkpt lat="36.29475" lon="127.428755"/><trkpt lat="36.294764" lon="127.428771"/><trkpt lat="36.294798" lon="127.428797"/><trkpt lat="36.294819" lon="127.428828"/><trkpt lat="36.29483" lon="127.428869"/><trkpt lat="36.294831" lon="127.428916"/><trkpt lat="36.294825" lon="127.428966"/><trkpt lat="36.294811" lon="127.429047"/><trkpt lat="36.294798" lon="127.429092"/><trkpt lat="36.294777" lon="127.429125"/><trkpt lat="36.294738" lon="127.429153"/><trkpt lat="36.294708" lon="127.429177"/><trkpt lat="36.294683" lon="127.429207"/><trkpt lat="36.294666" lon="127.42924"/><trkpt lat="36.294666" lon="127.429271"/><trkpt lat="36.294688" lon="127.4293"/><trkpt lat="36.294732" lon="127.429336"/><trkpt lat="36.294861" lon="127.429431"/><trkpt lat="36.294892" lon="127.429458"/><trkpt lat="36.294915" lon="127.429487"/><trkpt lat="36.294916" lon="127.42952"/><trkpt lat="36.29489" lon="127.429582"/><trkpt lat="36.294875" lon="127.429623"/><trkpt lat="36.29487" lon="127.42967"/><trkpt lat="36.294872" lon="127.429736"/><trkpt lat="36.294893" lon="127.429968"/></trkseg>
<trkseg><trkpt lat="36.294135" lon="127.425463"/><trkpt lat="36.294212" lon="127.425419"/></trkseg>
<trkseg><trkpt lat="36.294212" lon="127.425419"/><trkpt lat="36.29428" lon="127.425541"/><trkpt lat="36.294289" lon="127.425552"/><trkpt lat="36.294295" lon="127.425551"/><trkpt lat="36.294303" lon="127.425543"/><trkpt lat="36.294323" lon="127.425511"/></trkseg>
<trkseg><trkpt lat="36.294212" lon="127.425419"/><trkpt lat="36.294358" lon="127.425358"/></trkseg>
<trkseg><trkpt lat="36.294323" lon="127.425511"/><trkpt lat="36.294358" lon="127.425358"/></trkseg>
<trkseg><trkpt lat="36.294323" lon="127.425511"/><trkpt lat="36.294354" lon="127.425524"/><trkpt lat="36.29437" lon="127.425525"/><trkpt lat="36.294379" lon="127.425513"/><trkpt lat="36.294388" lon="127.425489"/><trkpt lat="36.294461" lon="127.425269"/></trkseg>
<trkseg><trkpt lat="36.294358" lon="127.425358"/><trkpt lat="36.294461" lon="127.425269"/></trkseg>
<trkseg><trkpt lat="36.294461" lon="127.425269"/><trkpt lat="36.294596" lon="127.424993"/><trkpt lat="36.294624" lon="127.424949"/><trkpt lat="36.294811" lon="127.424707"/></trkseg>
<trkseg><trkpt lat="36.294811" lon="127.424707"/><trkpt lat="36.294891" lon="127.424589"/><trkpt lat="36.294903" lon="127.424567"/><trkpt lat="36.294903" lon="127.424552"/><trkpt lat="36.294892" lon="127.42454"/><trkpt lat="36.294819" lon="127.424492"/><trkpt lat="36.294777" lon="127.424465"/></trkseg>
<trkseg><trkpt lat="36.294811" lon="127.424707"/><trkpt lat="36.294827" lon="127.424707"/><trkpt lat="36.294862" lon="127.424697"/><trkpt lat="36.294898" lon="127.424674"/><trkpt lat="36.295003" lon="127.424577"/><trkpt lat="36.295052" lon="127.424525"/><trkpt lat="36.295073" lon="127.424497"/><trkpt lat="36.295105" lon="127.424446"/><trkpt lat="36.29512" lon="127.424414"/><trkpt lat="36.295127" lon="127.424378"/><trkpt lat="36.295128" lon="127.424331"/><trkpt lat="36.295122" lon="127.424252"/><trkpt lat="36.295122" lon="127.42425"/></trkseg>
<trkseg><trkpt lat="36.294777" lon="127.424465"/><trkpt lat="36.294968" lon="127.424395"/><trkpt lat="36.294988" lon="127.424383"/><trkpt lat="36.295013" lon="127.424361"/><trkpt lat="36.295122" lon="127.42425"/></trkseg>
<trkseg><trkpt lat="36.295122" lon="127.42425"/><trkpt lat="36.295364" lon="127.423497"/></trkseg>
<trkseg><trkpt lat="36.29265" lon="127.421695"/><trkpt lat="36.293091" lon="127.422136"/><trkpt lat="36.293131" lon="127.42218"/><trkpt lat="36.293155" lon="127.422219"/><trkpt lat="36.293183" lon="127.422276"/><trkpt lat="36.293293" lon="127.422525"/><trkpt lat="36.29332" lon="127.422582"/><trkpt lat="36.293343" lon="127.42262"/><trkpt lat="36.293372" lon="127.422648"/><trkpt lat="36.293416" lon="127.422676"/><trkpt lat="36.293446" lon="127.422703"/><trkpt lat="36.293471" lon="127.42274"/><trkpt lat="36.293517" lon="127.422817"/><trkpt lat="36.293544" lon="127.422847"/><trkpt lat="36.293583" lon="127.422866"/><trkpt lat="36.293614" lon="127.422891"/><trkpt lat="36.293644" lon="127.422922"/><trkpt lat="36.293846" lon="127.423163"/><trkpt lat="36.29401" lon="127.423358"/><trkpt lat="36.294035" lon="127.423394"/><trkpt lat="36.29405" lon="127.423433"/><trkpt lat="36.29405" lon="127.423473"/><trkpt lat="36.294042" lon="127.423527"/><trkpt lat="36.294045" lon="127.423561"/><trkpt lat="36.294068" lon="127.423582"/><trkpt lat="36.294103" lon="127.423596"/><trkpt lat="36.294235" lon="127.423629"/><trkpt lat="36.294286" lon="127.423644"/><trkpt lat="36.294318" lon="127.423659"/><trkpt lat="36.294332" lon="127.423683"/><trkpt lat="36.294324" lon="127.423719"/><trkpt lat="36.29429" lon="127.423801"/><trkpt lat="36.294274" lon="127.423842"/><trkpt lat="36.294267" lon="127.423878"/><trkpt lat="36.29428" lon="127.423904"/><trkpt lat="36.294311" lon="127.423922"/><trkpt lat="36.294386" lon="127.423951"/><trkpt lat="36.294423" lon="127.423969"/><trkpt lat="36.294455" lon="127.423996"/><trkpt lat="36.294482" lon="127.42403"/><trkpt lat="36.2945" lon="127.424067"/><trkpt lat="36.294502" lon="127.424105"/><trkpt lat="36.2945" lon="127.424153"/><trkpt lat="36.294518" lon="127.424184"/><trkpt lat="36.294547" lon="127.424213"/><trkpt lat="36.294604" lon="127.424256"/><trkpt lat="36.29465" lon="127.424287"/><trkpt lat="36.294692" lon="127.424306"/><trkpt lat="36.294713" lon="127.424328"/><trkpt lat="36.294727" lon="127.424364"/><trkpt lat="36.29475" lon="127.424438"/><trkpt lat="36.294765" lon="127.424469"/><trkpt lat="36.294776" lon="127.424469"/><trkpt lat="36.294777" lon="127.424465"/></trkseg>
<trkseg><trkpt lat="36.29265" lon="127.421695"/><trkpt lat="36.293027" lon="127.421702"/><trkpt lat="36.293066" lon="127.421705"/><trkpt lat="36.293105" lon="127.421714"/><trkpt lat="36.29314" lon="127.421735"/><trkpt lat="36.293173" lon="127.421762"/><trkpt lat="36.293457" lon="127.422014"/><trkpt lat="36.293688" lon="127.422216"/><trkpt lat="36.293731" lon="127.422257"/><trkpt lat="36.293758" lon="127.422291"/><trkpt lat="36.293782" lon="127.422327"/><trkpt lat="36.2938" lon="127.422365"/><trkpt lat="36.293809" lon="127.422406"/><trkpt lat="36.293806" lon="127.422449"/><trkpt lat="36.293798" lon="127.422524"/><trkpt lat="36.293804" lon="127.422569"/><trkpt lat="36.293819" lon="127.422613"/><trkpt lat="36.293838" lon="127.422651"/><trkpt lat="36.293862" lon="127.422674"/><trkpt lat="36.293891" lon="127.422669"/><trkpt lat="36.293924" lon="127.42265"/><trkpt lat="36.294027" lon="127.422575"/><trkpt lat="36.294061" lon="127.422553"/><trkpt lat="36.294096" lon="127.422541"/><trkpt lat="36.294133" lon="127.422545"/><trkpt lat="36.294171" lon="127.422559"/><trkpt lat="36.294387" lon="127.422659"/><trkpt lat="36.294666" lon="127.422786"/><trkpt lat="36.294702" lon="127.422805"/><trkpt lat="36.294736" lon="127.42283"/><trkpt lat="36.294767" lon="127.422862"/><trkpt lat="36.294826" lon="127.422929"/><trkpt lat="36.294858" lon="127.422957"/><trkpt lat="36.294894" lon="127.422975"/><trkpt lat="36.294956" lon="127.422996"/><trkpt lat="36.294994" lon="127.42301"/><trkpt lat="36.295029" lon="127.42303"/><trkpt lat="36.295084" lon="127.423073"/><trkpt lat="36.295171" lon="127.423144"/><trkpt lat="36.29521" lon="127.423164"/><trkpt lat="36.29526" lon="127.423173"/><trkpt lat="36.29531" lon="127.423174"/></trkseg>
<trkseg><trkpt lat="36.29531" lon="127.423174"/><trkpt lat="36.295364" lon="127.423497"/></trkseg>
<trkseg><trkpt lat="36.29531" lon="127.423174"/><trkpt lat="36.295417" lon="127.422989"/><trkpt lat="36.29545" lon="127.422938"/><trkpt lat="36.295478" lon="127.422904"/><trkpt lat="36.295604" lon="127.422784"/><trkpt lat="36.295645" lon="127.422742"/><trkpt lat="36.295672" lon="127.422708"/><trkpt lat="36.295696" lon="127.422669"/><trkpt lat="36.295745" lon="127.422575"/><trkpt lat="36.29577" lon="127.422519"/><trkpt lat="36.295785" lon="127.422475"/><trkpt lat="36.295796" lon="127.422412"/><trkpt lat="36.295831" lon="127.42212"/><trkpt lat="36.295839" lon="127.422039"/><trkpt lat="36.29584" lon="127.421991"/><trkpt lat="36.295834" lon="127.421944"/><trkpt lat="36.295804" lon="127.421807"/><trkpt lat="36.295789" lon="127.42173"/><trkpt lat="36.295783" lon="127.421682"/><trkpt lat="36.295778" lon="127.421568"/><trkpt lat="36.29576" lon="127.421094"/><trkpt lat="36.295754" lon="127.421046"/><trkpt lat="36.295737" lon="127.420967"/><trkpt lat="36.295717" lon="127.420889"/></trkseg>
<trkseg><trkpt lat="36.295717" lon="127.420889"/><trkpt lat="36.2957" lon="127.420879"/><trkpt lat="36.295676" lon="127.42084"/><trkpt lat="36.295658" lon="127.420786"/><trkpt lat="36.295648" lon="127.420738"/><trkpt lat="36.295643" lon="127.42069"/><trkpt lat="36.295641" lon="127.420624"/><trkpt lat="36.295647" lon="127.419731"/><trkpt lat="36.295648" lon="127.419417"/><trkpt lat="36.295645" lon="127.419352"/><trkpt lat="36.295632" lon="127.419251"/><trkpt lat="36.295614" lon="127.419135"/></trkseg>
<trkseg><trkpt lat="36.295827" lon="127.420823"/><trkpt lat="36.295717" lon="127.420889"/></trkseg>
<trkseg><trkpt lat="36.295791" lon="127.420522"/><trkpt lat="36.295766" lon="127.420568"/><trkpt lat="36.29576" lon="127.420587"/><trkpt lat="36.295764" lon="127.420603"/><trkpt lat="36.295774" lon="127.420618"/><trkpt lat="36.295821" lon="127.420672"/><trkpt lat="36.295832" lon="127.420687"/><trkpt lat="36.295838" lon="127.420705"/><trkpt lat="36.295839" lon="127.420731"/><trkpt lat="36.295827" lon="127.420823"/></trkseg>
<trkseg><trkpt lat="36.295827" lon="127.420823"/><trkpt lat="36.295837" lon="127.420927"/><trkpt lat="36.295844" lon="127.420986"/><trkpt lat="36.295856" lon="127.421029"/><trkpt lat="36.29588" lon="127.421061"/><trkpt lat="36.295943" lon="127.421112"/><trkpt lat="36.295969" lon="127.421143"/><trkpt lat="36.295991" lon="127.42118"/><trkpt lat="36.296008" lon="127.421218"/><trkpt lat="36.296018" lon="127.421259"/><trkpt lat="36.296015" lon="127.421304"/><trkpt lat="36.296005" lon="127.42135"/><trkpt lat="36.295988" lon="127.421426"/><trkpt lat="36.295985" lon="127.421471"/><trkpt lat="36.295994" lon="127.42151"/><trkpt lat="36.296012" lon="127.421544"/><trkpt lat="36.296035" lon="127.421568"/><trkpt lat="36.296066" lon="127.421586"/><trkpt lat="36.296068" lon="127.421618"/><trkpt lat="36.296051" lon="127.421662"/><trkpt lat="36.296033" lon="127.421694"/></trkseg>
<trkseg><trkpt lat="36.295614" lon="127.419135"/><trkpt lat="36.29567" lon="127.419193"/><trkpt lat="36.295683" lon="127.4192"/><trkpt lat="36.29569" lon="127.419196"/><trkpt lat="36.295697" lon="127.419179"/><trkpt lat="36.295735" lon="127.419051"/></trkseg>
<trkseg><trkpt lat="36.295746" lon="127.418979"/><trkpt lat="36.295734" lon="127.418928"/><trkpt lat="36.295728" lon="127.418923"/><trkpt lat="36.29572" lon="127.418943"/><trkpt lat="36.295671" lon="127.419099"/><trkpt lat="36.295663" lon="127.419116"/><trkpt lat="36.295647" lon="127.419128"/><trkpt lat="36.295628" lon="127.419133"/><trkpt lat="36.295614" lon="127.419135"/></trkseg>
<trkseg><trkpt lat="36.295746" lon="127.418979"/><trkpt lat="36.295735" lon="127.419051"/></trkseg>
<trkseg><trkpt lat="36.296202" lon="127.41814"/><trkpt lat="36.296139" lon="127.418281"/><trkpt lat="36.296122" lon="127.418311"/><trkpt lat="36.296101" lon="127.418338"/><trkpt lat="36.296069" lon="127.41837"/><trkpt lat="36.295833" lon="127.418583"/></trkseg>
<trkseg><trkpt lat="36.295833" lon="127.418583"/><trkpt lat="36.295746" lon="127.418979"/></trkseg>
<trkseg><trkpt lat="36.295923" lon="127.419621"/><trkpt lat="36.295957" lon="127.419393"/><trkpt lat="36.295967" lon="127.419346"/><trkpt lat="36.295983" lon="127.419302"/><trkpt lat="36.296038" lon="127.41919"/><trkpt lat="36.296065" lon="127.419134"/><trkpt lat="36.296081" lon="127.41909"/><trkpt lat="36.296092" lon="127.419042"/><trkpt lat="36.2961" lon="127.418994"/><trkpt lat="36.296105" lon="127.418945"/><trkpt lat="36.296101" lon="127.418899"/><trkpt lat="36.296087" lon="127.418855"/><trkpt lat="36.296063" lon="127.418798"/><trkpt lat="36.295993" lon="127.418644"/><trkpt lat="36.295971" lon="127.418607"/><trkpt lat="36.295942" lon="127.418582"/><trkpt lat="36.295896" lon="127.418577"/><trkpt lat="36.295835" lon="127.418583"/><trkpt lat="36.295833" lon="127.418583"/></trkseg>
<trkseg><trkpt lat="36.296202" lon="127.41814"/><trkpt lat="36.295812" lon="127.418238"/><trkpt lat="36.295761" lon="127.418254"/><trkpt lat="36.295725" lon="127.418271"/><trkpt lat="36.295668" lon="127.418307"/><trkpt lat="36.295635" lon="127.418332"/><trkpt lat="36.295607" lon="127.418361"/><trkpt lat="36.295587" lon="127.418399"/><trkpt lat="36.29557" lon="127.418445"/><trkpt lat="36.295532" lon="127.418576"/><trkpt lat="36.295531" lon="127.418578"/></trkseg>
<trkseg><trkpt lat="36.295531" lon="127.418578"/><trkpt lat="36.295407" lon="127.418787"/></trkseg>
<trkseg><trkpt lat="36.295531" lon="127.418578"/><trkpt lat="36.29522" lon="127.418619"/></trkseg>
<trkseg><trkpt lat="36.29522" lon="127.418619"/><trkpt lat="36.29539" lon="127.41873"/><trkpt lat="36.295399" lon="127.418745"/><trkpt lat="36.295404" lon="127.418766"/><trkpt lat="36.295407" lon="127.418787"/></trkseg>
<trkseg><trkpt lat="36.295393" lon="127.419149"/><trkpt lat="36.295313" lon="127.419133"/><trkpt lat="36.295253" lon="127.419123"/><trkpt lat="36.295216" lon="127.419123"/><trkpt lat="36.295182" lon="127.419135"/><trkpt lat="36.295151" lon="127.419162"/><trkpt lat="36.2951" lon="127.419214"/><trkpt lat="36.295066" lon="127.419238"/><trkpt lat="36.295017" lon="127.419262"/><trkpt lat="36.294879" lon="127.419321"/><trkpt lat="36.294842" lon="127.419332"/><trkpt lat="36.294809" lon="127.419331"/><trkpt lat="36.294781" lon="127.419306"/><trkpt lat="36.294757" lon="127.419269"/><trkpt lat="36.294712" lon="127.419184"/><trkpt lat="36.294692" lon="127.419142"/><trkpt lat="36.294682" lon="127.419103"/><trkpt lat="36.294692" lon="127.41907"/><trkpt lat="36.294719" lon="127.419043"/><trkpt lat="36.294764" lon="127.419008"/><trkpt lat="36.295041" lon="127.418805"/><trkpt lat="36.295085" lon="127.418769"/><trkpt lat="36.295115" lon="127.418737"/><trkpt lat="36.295144" lon="127.418692"/><trkpt lat="36.295187" lon="127.418616"/></trkseg>
<trkseg><trkpt lat="36.29522" lon="127.418619"/><trkpt lat="36.295187" lon="127.418616"/></trkseg>
<trkseg><trkpt lat="36.294659" lon="127.419086"/><trkpt lat="36.294184" lon="127.41899"/><trkpt lat="36.294144" lon="127.418984"/><trkpt lat="36.294105" lon="127.418984"/><trkpt lat="36.294053" lon="127.418994"/><trkpt lat="36.293754" lon="127.419073"/><trkpt lat="36.293711" lon="127.419082"/><trkpt lat="36.293662" lon="127.419086"/><trkpt lat="36.293626" lon="127.41908"/><trkpt lat="36.293615" lon="127.419072"/></trkseg>
<trkseg><trkpt lat="36.295407" lon="127.418787"/><trkpt lat="36.295393" lon="127.419149"/></trkseg>
<trkseg><trkpt lat="36.295393" lon="127.419149"/><trkpt lat="36.295536" lon="127.419188"/><trkpt lat="36.295554" lon="127.419189"/><trkpt lat="36.295566" lon="127.419185"/><trkpt lat="36.295578" lon="127.419175"/><trkpt lat="36.295614" lon="127.419135"/></trkseg>
<trkseg><trkpt lat="36.295735" lon="127.419051"/><trkpt lat="36.295757" lon="127.419261"/><trkpt lat="36.295759" lon="127.419309"/><trkpt lat="36.295756" lon="127.419355"/><trkpt lat="36.295737" lon="127.419442"/><trkpt lat="36.295731" lon="127.419485"/><trkpt lat="36.295733" lon="127.419527"/><trkpt lat="36.295744" lon="127.419566"/><trkpt lat="36.295761" lon="127.4196"/><trkpt lat="36.295787" lon="127.419622"/><trkpt lat="36.295827" lon="127.419643"/><trkpt lat="36.295853" lon="127.419684"/><trkpt lat="36.295866" lon="127.419734"/><trkpt lat="36.29587" lon="127.419758"/></trkseg>
<trkseg><trkpt lat="36.29587" lon="127.419758"/><trkpt lat="36.295839" lon="127.419808"/><trkpt lat="36.295809" lon="127.419861"/><trkpt lat="36.295793" lon="127.419906"/><trkpt lat="36.295799" lon="127.419946"/><trkpt lat="36.295832" lon="127.420013"/><trkpt lat="36.29585" lon="127.420055"/><trkpt lat="36.295856" lon="127.4201"/><trkpt lat="36.295852" lon="127.420148"/><trkpt lat="36.295815" lon="127.420378"/><trkpt lat="36.295791" lon="127.420522"/></trkseg>
<trkseg><trkpt lat="36.296018" lon="127.420685"/><trkpt lat="36.295935" lon="127.420305"/><trkpt lat="36.295923" lon="127.420241"/><trkpt lat="36.295918" lon="127.420193"/><trkpt lat="36.295916" lon="127.420145"/><trkpt lat="36.29592" lon="127.41985"/><trkpt lat="36.295923" lon="127.419621"/></trkseg>
<trkseg><trkpt lat="36.295923" lon="127.419621"/><trkpt lat="36.29587" lon="127.419758"/></trkseg>
<trkseg><trkpt lat="36.295791" lon="127.420522"/><trkpt lat="36.295915" lon="127.420504"/><trkpt lat="36.295932" lon="127.420506"/><trkpt lat="36.295944" lon="127.420517"/><trkpt lat="36.295957" lon="127.42054"/><trkpt lat="36.296018" lon="127.420685"/></trkseg>
<trkseg><trkpt lat="36.296018" lon="127.420685"/><trkpt lat="36.295992" lon="127.420713"/><trkpt lat="36.295966" lon="127.420759"/><trkpt lat="36.295963" lon="127.420808"/><trkpt lat="36.295973" lon="127.420853"/><trkpt lat="36.295999" lon="127.420944"/><trkpt lat="36.296019" lon="127.421002"/><trkpt lat="36.29604" lon="127.421039"/><trkpt lat="36.296068" lon="127.421066"/><trkpt lat="36.296102" lon="127.421086"/><trkpt lat="36.296149" lon="127.42111"/><trkpt lat="36.296185" lon="127.421124"/><trkpt lat="36.296224" lon="127.421131"/><trkpt lat="36.296264" lon="127.421133"/><trkpt lat="36.296601" lon="127.421125"/><trkpt lat="36.296654" lon="127.421126"/><trkpt lat="36.296695" lon="127.421137"/><trkpt lat="36.296738" lon="127.42117"/><trkpt lat="36.296775" lon="127.42121"/></trkseg>
<trkseg><trkpt lat="36.296035" lon="127.42176"/><trkpt lat="36.296027" lon="127.421764"/><trkpt lat="36.296013" lon="127.421778"/><trkpt lat="36.296006" lon="127.421806"/><trkpt lat="36.296011" lon="127.421853"/><trkpt lat="36.296069" lon="127.422196"/></trkseg>
<trkseg><trkpt lat="36.296033" lon="127.421694"/><trkpt lat="36.296035" lon="127.42176"/></trkseg>
<trkseg><trkpt lat="36.296035" lon="127.42176"/><trkpt lat="36.296049" lon="127.421804"/><trkpt lat="36.296057" lon="127.421817"/><trkpt lat="36.296066" lon="127.421824"/><trkpt lat="36.296191" lon="127.421867"/></trkseg>
<trkseg><trkpt lat="36.296069" lon="127.422196"/><trkpt lat="36.296072" lon="127.421907"/><trkpt lat="36.29607" lon="127.421873"/><trkpt lat="36.296061" lon="127.421855"/><trkpt lat="36.296044" lon="127.421837"/><trkpt lat="36.296037" lon="127.421811"/><trkpt lat="36.296035" lon="127.421781"/><trkpt lat="36.296035" lon="127.42176"/></trkseg>
<trkseg><trkpt lat="36.296069" lon="127.422196"/><trkpt lat="36.296185" lon="127.421957"/><trkpt lat="36.296195" lon="127.421931"/><trkpt lat="36.296196" lon="127.421904"/><trkpt lat="36.296191" lon="127.421867"/></trkseg>
<trkseg><trkpt lat="36.296089" lon="127.422384"/><trkpt lat="36.296069" lon="127.422196"/></trkseg>
<trkseg><trkpt lat="36.296089" lon="127.422384"/><trkpt lat="36.295999" lon="127.422419"/><trkpt lat="36.295968" lon="127.422434"/><trkpt lat="36.295941" lon="127.422453"/><trkpt lat="36.295919" lon="127.422478"/><trkpt lat="36.295886" lon="127.422527"/><trkpt lat="36.295864" lon="127.42257"/><trkpt lat="36.295852" lon="127.422604"/><trkpt lat="36.295845" lon="127.422644"/><trkpt lat="36.295824" lon="127.422901"/></trkseg>
<trkseg><trkpt lat="36.295824" lon="127.422901"/><trkpt lat="36.295999" lon="127.422635"/><trkpt lat="36.296019" lon="127.422607"/><trkpt lat="36.296034" lon="127.422576"/><trkpt lat="36.296041" lon="127.42254"/><trkpt lat="36.296089" lon="127.422384"/></trkseg>
<trkseg><trkpt lat="36.296191" lon="127.421867"/><trkpt lat="36.296336" lon="127.421796"/><trkpt lat="36.296409" lon="127.421783"/></trkseg>
<trkseg><trkpt lat="36.296384" lon="127.421696"/><trkpt lat="36.296299" lon="127.421649"/><trkpt lat="36.29628" lon="127.421642"/><trkpt lat="36.296259" lon="127.42164"/><trkpt lat="36.296231" lon="127.421645"/><trkpt lat="36.296033" lon="127.421694"/></trkseg>
<trkseg><trkpt lat="36.296775" lon="127.42121"/><trkpt lat="36.296763" lon="127.421206"/><trkpt lat="36.296734" lon="127.421206"/><trkpt lat="36.296695" lon="127.421225"/><trkpt lat="36.296666" lon="127.421253"/><trkpt lat="36.29658" lon="127.421352"/><trkpt lat="36.296547" lon="127.421394"/><trkpt lat="36.296526" lon="127.421427"/><trkpt lat="36.296384" lon="127.421696"/></trkseg>
<trkseg><trkpt lat="36.296384" lon="127.421696"/><trkpt lat="36.296409" lon="127.421783"/></trkseg>
<trkseg><trkpt lat="36.296409" lon="127.421783"/><trkpt lat="36.296635" lon="127.421782"/><trkpt lat="36.296673" lon="127.421785"/><trkpt lat="36.296707" lon="127.421795"/><trkpt lat="36.296733" lon="127.421821"/><trkpt lat="36.296765" lon="127.421888"/><trkpt lat="36.296785" lon="127.421926"/><trkpt lat="36.296811" lon="127.42195"/><trkpt lat="36.296846" lon="127.421958"/><trkpt lat="36.296884" lon="127.421957"/><trkpt lat="36.29699" lon="127.421952"/><trkpt lat="36.297027" lon="127.421957"/><trkpt lat="36.297058" lon="127.421977"/><trkpt lat="36.297093" lon="127.422021"/><trkpt lat="36.297127" lon="127.422061"/><trkpt lat="36.297165" lon="127.422089"/><trkpt lat="36.29719" lon="127.422101"/><trkpt lat="36.297192" lon="127.422101"/></trkseg>
<trkseg><trkpt lat="36.296775" lon="127.42121"/><trkpt lat="36.296952" lon="127.421656"/><trkpt lat="36.296973" lon="127.421698"/><trkpt lat="36.296997" lon="127.421738"/><trkpt lat="36.29705" lon="127.421812"/><trkpt lat="36.297213" lon="127.422032"/></trkseg>
<trkseg><trkpt lat="36.297513" lon="127.420504"/><trkpt lat="36.297436" lon="127.420535"/><trkpt lat="36.297391" lon="127.420557"/><trkpt lat="36.297359" lon="127.420581"/><trkpt lat="36.297301" lon="127.420646"/><trkpt lat="36.297272" lon="127.420676"/><trkpt lat="36.297238" lon="127.420699"/><trkpt lat="36.29719" lon="127.420721"/><trkpt lat="36.297092" lon="127.420761"/><trkpt lat="36.297061" lon="127.420779"/><trkpt lat="36.29704" lon="127.420803"/><trkpt lat="36.297022" lon="127.420838"/><trkpt lat="36.296997" lon="127.420859"/><trkpt lat="36.296964" lon="127.420874"/><trkpt lat="36.296909" lon="127.420895"/><trkpt lat="36.296889" lon="127.420915"/><trkpt lat="36.296891" lon="127.420947"/><trkpt lat="36.296909" lon="127.421001"/><trkpt lat="36.296922" lon="127.421042"/><trkpt lat="36.296919" lon="127.421077"/><trkpt lat="36.296898" lon="127.421104"/><trkpt lat="36.296837" lon="127.421151"/><trkpt lat="36.296808" lon="127.421177"/><trkpt lat="36.296793" lon="127.421204"/><trkpt lat="36.296782" lon="127.421214"/><trkpt lat="36.296775" lon="127.42121"/></trkseg>
<trkseg><trkpt lat="36.297244" lon="127.42204"/><trkpt lat="36.297267" lon="127.421863"/><trkpt lat="36.297232" lon="127.421639"/><trkpt lat="36.297253" lon="127.421414"/><trkpt lat="36.29725" lon="127.421367"/><trkpt lat="36.297256" lon="127.421326"/><trkpt lat="36.297277" lon="127.421295"/><trkpt lat="36.297345" lon="127.421063"/><trkpt lat="36.297415" lon="127.420916"/><trkpt lat="36.297433" lon="127.420874"/><trkpt lat="36.29759" lon="127.420854"/></trkseg>
<trkseg><trkpt lat="36.297213" lon="127.422032"/><trkpt lat="36.297244" lon="127.42204"/></trkseg>
<trkseg><trkpt lat="36.297192" lon="127.422101"/><trkpt lat="36.297213" lon="127.422032"/></trkseg>
<trkseg><trkpt lat="36.297532" lon="127.422255"/><trkpt lat="36.297244" lon="127.42204"/></trkseg>
<trkseg><trkpt lat="36.295625" lon="127.423391"/><trkpt lat="36.295822" lon="127.423283"/><trkpt lat="36.295856" lon="127.42326"/><trkpt lat="36.295886" lon="127.423231"/><trkpt lat="36.29591" lon="127.423194"/><trkpt lat="36.295962" lon="127.423102"/><trkpt lat="36.295986" lon="127.423066"/><trkpt lat="36.296016" lon="127.423035"/><trkpt lat="36.296104" lon="127.422963"/><trkpt lat="36.296136" lon="127.422933"/><trkpt lat="36.296163" lon="127.422899"/><trkpt lat="36.296398" lon="127.422547"/><trkpt lat="36.296449" lon="127.422473"/><trkpt lat="36.296477" lon="127.422438"/><trkpt lat="36.296507" lon="127.422407"/><trkpt lat="36.296639" lon="127.422293"/><trkpt lat="36.296772" lon="127.422181"/><trkpt lat="36.296806" lon="127.422158"/><trkpt lat="36.296843" lon="127.422143"/><trkpt lat="36.296883" lon="127.422135"/><trkpt lat="36.297192" lon="127.422101"/></trkseg>
<trkseg><trkpt lat="36.297192" lon="127.422101"/><trkpt lat="36.297171" lon="127.422301"/></trkseg>
<trkseg><trkpt lat="36.295625" lon="127.423391"/><trkpt lat="36.295779" lon="127.423425"/><trkpt lat="36.295814" lon="127.423438"/><trkpt lat="36.295842" lon="127.423456"/><trkpt lat="36.296071" lon="127.423443"/><trkpt lat="36.296111" lon="127.423442"/><trkpt lat="36.296149" lon="127.423448"/><trkpt lat="36.296246" lon="127.423475"/><trkpt lat="36.296284" lon="127.423481"/><trkpt lat="36.296318" lon="127.423475"/><trkpt lat="36.29637" lon="127.423442"/><trkpt lat="36.296491" lon="127.423431"/><trkpt lat="36.296528" lon="127.423421"/><trkpt lat="36.296562" lon="127.423404"/><trkpt lat="36.296593" lon="127.423381"/><trkpt lat="36.296622" lon="127.423355"/><trkpt lat="36.296645" lon="127.423322"/><trkpt lat="36.296662" lon="127.423284"/><trkpt lat="36.296672" lon="127.423243"/><trkpt lat="36.296672" lon="127.423198"/><trkpt lat="36.296663" lon="127.423152"/><trkpt lat="36.296644" lon="127.423075"/><trkpt lat="36.296639" lon="127.42303"/><trkpt lat="36.296647" lon="127.422987"/><trkpt lat="36.296666" lon="127.422946"/><trkpt lat="36.296706" lon="127.42288"/><trkpt lat="36.296741" lon="127.422829"/><trkpt lat="36.29677" lon="127.422796"/><trkpt lat="36.296801" lon="127.422769"/><trkpt lat="36.296866" lon="127.422717"/><trkpt lat="36.296895" lon="127.422686"/><trkpt lat="36.29692" lon="127.422649"/><trkpt lat="36.296967" lon="127.42257"/><trkpt lat="36.297057" lon="127.422409"/><trkpt lat="36.297085" lon="127.422368"/><trkpt lat="36.297123" lon="127.422331"/><trkpt lat="36.297156" lon="127.422309"/><trkpt lat="36.297171" lon="127.422301"/></trkseg>
<trkseg><trkpt lat="36.297171" lon="127.422301"/><trkpt lat="36.297532" lon="127.422255"/></trkseg>
<trkseg><trkpt lat="36.298688" lon="127.423121"/><trkpt lat="36.29865" lon="127.423025"/><trkpt lat="36.298621" lon="127.422957"/><trkpt lat="36.298599" lon="127.422918"/><trkpt lat="36.298572" lon="127.422891"/><trkpt lat="36.298522" lon="127.422856"/><trkpt lat="36.298494" lon="127.422828"/><trkpt lat="36.298461" lon="127.422782"/><trkpt lat="36.298411" lon="127.422711"/><trkpt lat="36.298383" lon="127.42268"/><trkpt lat="36.298341" lon="127.422646"/><trkpt lat="36.298229" lon="127.422567"/><trkpt lat="36.298185" lon="127.422534"/><trkpt lat="36.298156" lon="127.422504"/><trkpt lat="36.298111" lon="127.422447"/><trkpt lat="36.298081" lon="127.42242"/><trkpt lat="36.298047" lon="127.422408"/><trkpt lat="36.297973" lon="127.422403"/><trkpt lat="36.297935" lon="127.422398"/><trkpt lat="36.297901" lon="127.422384"/><trkpt lat="36.297836" lon="127.422345"/><trkpt lat="36.297802" lon="127.422327"/><trkpt lat="36.297764" lon="127.422314"/><trkpt lat="36.297687" lon="127.422293"/><trkpt lat="36.297532" lon="127.422255"/></trkseg>
<trkseg><trkpt lat="36.29759" lon="127.420854"/><trkpt lat="36.297556" lon="127.420828"/><trkpt lat="36.29754" lon="127.42081"/><trkpt lat="36.297533" lon="127.420791"/><trkpt lat="36.297529" lon="127.420755"/><trkpt lat="36.297513" lon="127.420504"/></trkseg>
<trkseg><trkpt lat="36.29833" lon="127.41983"/><trkpt lat="36.298159" lon="127.419845"/><trkpt lat="36.29812" lon="127.419852"/><trkpt lat="36.298083" lon="127.419865"/><trkpt lat="36.298037" lon="127.419893"/><trkpt lat="36.297924" lon="127.419975"/><trkpt lat="36.297882" lon="127.420011"/><trkpt lat="36.297855" lon="127.420042"/><trkpt lat="36.297838" lon="127.420083"/><trkpt lat="36.297689" lon="127.420313"/><trkpt lat="36.297536" lon="127.420413"/><trkpt lat="36.297513" lon="127.420504"/></trkseg>
<trkseg><trkpt lat="36.29759" lon="127.420854"/><trkpt lat="36.297629" lon="127.420824"/><trkpt lat="36.29767" lon="127.420799"/><trkpt lat="36.297702" lon="127.420794"/><trkpt lat="36.297723" lon="127.420818"/><trkpt lat="36.297754" lon="127.420879"/><trkpt lat="36.297777" lon="127.420912"/><trkpt lat="36.297808" lon="127.420935"/><trkpt lat="36.297844" lon="127.420953"/><trkpt lat="36.29792" lon="127.420981"/><trkpt lat="36.297957" lon="127.420991"/><trkpt lat="36.297991" lon="127.420989"/><trkpt lat="36.298017" lon="127.420969"/><trkpt lat="36.298036" lon="127.420937"/><trkpt lat="36.298045" lon="127.420898"/><trkpt lat="36.298062" lon="127.420757"/><trkpt lat="36.298322" lon="127.420262"/><trkpt lat="36.29847" lon="127.420183"/></trkseg>
<trkseg><trkpt lat="36.295364" lon="127.423497"/><trkpt lat="36.295502" lon="127.423221"/><trkpt lat="36.29553" lon="127.42317"/><trkpt lat="36.295555" lon="127.42314"/><trkpt lat="36.295584" lon="127.42313"/><trkpt lat="36.295628" lon="127.423133"/><trkpt lat="36.295659" lon="127.423125"/><trkpt lat="36.295687" lon="127.423099"/><trkpt lat="36.295714" lon="127.423065"/><trkpt lat="36.295818" lon="127.42291"/><trkpt lat="36.295824" lon="127.422901"/></trkseg>
<trkseg><trkpt lat="36.295364" lon="127.423497"/><trkpt lat="36.295625" lon="127.423391"/></trkseg>
<trkseg><trkpt lat="36.296489" lon="127.41816"/><trkpt lat="36.296437" lon="127.418205"/><trkpt lat="36.296397" lon="127.418242"/><trkpt lat="36.296369" lon="127.418277"/><trkpt lat="36.296349" lon="127.418318"/><trkpt lat="36.296326" lon="127.418377"/><trkpt lat="36.296289" lon="127.418483"/><trkpt lat="36.296277" lon="127.418527"/><trkpt lat="36.296272" lon="127.418566"/><trkpt lat="36.296287" lon="127.418592"/><trkpt lat="36.296318" lon="127.418609"/><trkpt lat="36.296367" lon="127.418626"/><trkpt lat="36.296456" lon="127.418652"/><trkpt lat="36.296494" lon="127.418659"/><trkpt lat="36.296534" lon="127.41866"/><trkpt lat="36.29675" lon="127.418636"/><trkpt lat="36.296816" lon="127.418626"/><trkpt lat="36.296854" lon="127.418615"/><trkpt lat="36.296888" lon="127.418593"/><trkpt lat="36.296918" lon="127.418561"/><trkpt lat="36.296967" lon="127.418505"/><trkpt lat="36.296998" lon="127.418479"/><trkpt lat="36.297033" lon="127.418469"/><trkpt lat="36.297072" lon="127.418473"/><trkpt lat="36.297178" lon="127.418498"/><trkpt lat="36.297257" lon="127.418521"/><trkpt lat="36.297294" lon="127.418538"/><trkpt lat="36.297341" lon="127.418565"/><trkpt lat="36.297495" lon="127.418659"/><trkpt lat="36.297555" lon="127.418692"/><trkpt lat="36.297592" lon="127.418707"/><trkpt lat="36.297645" lon="127.41872"/><trkpt lat="36.297684" lon="127.418726"/><trkpt lat="36.297721" lon="127.418725"/><trkpt lat="36.297765" lon="127.418713"/><trkpt lat="36.297799" lon="127.418717"/><trkpt lat="36.297833" lon="127.418734"/><trkpt lat="36.297891" lon="127.418772"/><trkpt lat="36.298042" lon="127.418877"/><trkpt lat="36.298078" lon="127.418897"/><trkpt lat="36.298115" lon="127.418911"/><trkpt lat="36.298179" lon="127.418924"/><trkpt lat="36.29823" lon="127.41893"/><trkpt lat="36.298268" lon="127.418926"/><trkpt lat="36.298304" lon="127.418915"/><trkpt lat="36.298338" lon="127.418899"/><trkpt lat="36.298368" lon="127.418876"/><trkpt lat="36.298404" lon="127.418821"/><trkpt lat="36.29843" lon="127.418794"/><trkpt lat="36.298464" lon="127.418777"/><trkpt lat="36.298504" lon="127.418765"/><trkpt lat="36.298623" lon="127.418741"/></trkseg>
<trkseg><trkpt lat="36.296489" lon="127.41816"/><trkpt lat="36.296202" lon="127.41814"/></trkseg>
<trkseg><trkpt lat="36.296202" lon="127.41814"/><trkpt lat="36.296217" lon="127.418108"/><trkpt lat="36.296245" lon="127.418065"/><trkpt lat="36.296283" lon="127.418026"/><trkpt lat="36.29633" lon="127.417994"/><trkpt lat="36.296415" lon="127.417944"/><trkpt lat="36.296453" lon="127.417927"/><trkpt lat="36.296516" lon="127.417909"/><trkpt lat="36.29667" lon="127.417871"/><trkpt lat="36.296722" lon="127.417862"/><trkpt lat="36.29676" lon="127.417859"/><trkpt lat="36.296939" lon="127.41787"/></trkseg>
<trkseg><trkpt lat="36.296939" lon="127.41787"/><trkpt lat="36.296489" lon="127.41816"/></trkseg>
<trkseg><trkpt lat="36.296939" lon="127.41787"/><trkpt lat="36.296991" lon="127.417903"/><trkpt lat="36.297044" lon="127.417935"/><trkpt lat="36.297075" lon="127.417946"/><trkpt lat="36.297103" lon="127.417942"/><trkpt lat="36.297128" lon="127.417919"/><trkpt lat="36.297161" lon="127.417877"/><trkpt lat="36.297279" lon="127.417709"/><trkpt lat="36.297299" lon="127.417673"/><trkpt lat="36.297313" lon="127.417627"/><trkpt lat="36.297326" lon="127.417557"/><trkpt lat="36.297331" lon="127.417522"/></trkseg>
<trkseg><trkpt lat="36.297331" lon="127.417522"/><trkpt lat="36.296939" lon="127.41787"/></trkseg>
<trkseg><trkpt lat="36.297543" lon="127.417314"/><trkpt lat="36.297331" lon="127.417522"/></trkseg>
<trkseg><trkpt lat="36.297555" lon="127.417111"/><trkpt lat="36.29748" lon="127.417228"/><trkpt lat="36.297471" lon="127.417246"/><trkpt lat="36.297471" lon="127.417257"/><trkpt lat="36.297482" lon="127.41727"/><trkpt lat="36.297543" lon="127.417314"/></trkseg>
<trkseg><trkpt lat="36.29784" lon="127.417486"/><trkpt lat="36.297555" lon="127.417111"/></trkseg>
<trkseg><trkpt lat="36.29784" lon="127.417486"/><trkpt lat="36.297778" lon="127.417524"/><trkpt lat="36.29775" lon="127.417537"/><trkpt lat="36.297731" lon="127.417539"/><trkpt lat="36.297714" lon="127.417528"/><trkpt lat="36.297692" lon="127.417503"/><trkpt lat="36.297543" lon="127.417314"/></trkseg>
<trkseg><trkpt lat="36.299854" lon="127.416406"/><trkpt lat="36.299853" lon="127.416425"/><trkpt lat="36.299841" lon="127.416459"/><trkpt lat="36.299801" lon="127.416502"/><trkpt lat="36.299775" lon="127.416533"/><trkpt lat="36.299752" lon="127.416569"/><trkpt lat="36.299731" lon="127.416608"/><trkpt lat="36.299715" lon="127.416647"/><trkpt lat="36.299709" lon="127.416687"/><trkpt lat="36.299714" lon="127.416738"/><trkpt lat="36.299707" lon="127.416771"/><trkpt lat="36.299684" lon="127.4168"/><trkpt lat="36.299621" lon="127.416851"/><trkpt lat="36.299594" lon="127.416881"/><trkpt lat="36.299577" lon="127.416918"/><trkpt lat="36.299566" lon="127.416975"/><trkpt lat="36.299555" lon="127.417017"/><trkpt lat="36.299535" lon="127.417056"/><trkpt lat="36.29951" lon="127.417091"/><trkpt lat="36.299482" lon="127.417122"/><trkpt lat="36.29945" lon="127.417146"/><trkpt lat="36.299413" lon="127.41716"/><trkpt lat="36.299362" lon="127.417173"/><trkpt lat="36.299195" lon="127.417214"/><trkpt lat="36.299157" lon="127.417226"/><trkpt lat="36.299108" lon="127.417247"/><trkpt lat="36.298964" lon="127.417319"/><trkpt lat="36.298927" lon="127.417335"/><trkpt lat="36.298889" lon="127.417348"/><trkpt lat="36.298666" lon="127.41739"/><trkpt lat="36.298351" lon="127.41745"/><trkpt lat="36.298299" lon="127.417458"/><trkpt lat="36.298261" lon="127.417458"/><trkpt lat="36.298226" lon="127.417446"/><trkpt lat="36.298192" lon="127.417423"/><trkpt lat="36.298126" lon="127.417371"/><trkpt lat="36.298093" lon="127.41735"/><trkpt lat="36.298058" lon="127.41734"/><trkpt lat="36.298021" lon="127.417346"/><trkpt lat="36.297984" lon="127.417359"/><trkpt lat="36.297948" lon="127.417378"/><trkpt lat="36.297911" lon="127.417408"/><trkpt lat="36.297873" lon="127.417448"/><trkpt lat="36.29784" lon="127.417486"/></trkseg>
<trkseg><trkpt lat="36.300399" lon="127.417142"/><trkpt lat="36.300416" lon="127.416998"/><trkpt lat="36.300421" lon="127.416932"/><trkpt lat="36.300421" lon="127.416884"/><trkpt lat="36.300413" lon="127.416837"/><trkpt lat="36.300365" lon="127.41665"/><trkpt lat="36.300342" lon="127.416574"/><trkpt lat="36.300324" lon="127.416533"/><trkpt lat="36.300297" lon="127.416505"/><trkpt lat="36.300264" lon="127.416487"/><trkpt lat="36.300227" lon="127.416476"/><trkpt lat="36.300192" lon="127.416479"/><trkpt lat="36.300159" lon="127.416496"/><trkpt lat="36.300115" lon="127.416521"/><trkpt lat="36.300082" lon="127.416527"/><trkpt lat="36.300046" lon="127.416517"/><trkpt lat="36.30001" lon="127.416499"/><trkpt lat="36.299854" lon="127.416406"/></trkseg>
<trkseg><trkpt lat="36.298625" lon="127.419778"/><trkpt lat="36.298467" lon="127.419919"/><trkpt lat="36.298443" lon="127.419935"/><trkpt lat="36.298425" lon="127.419937"/><trkpt lat="36.298409" lon="127.419925"/><trkpt lat="36.298383" lon="127.419895"/><trkpt lat="36.29833" lon="127.41983"/></trkseg>
<trkseg><trkpt lat="36.298651" lon="127.419232"/><trkpt lat="36.298653" lon="127.419293"/><trkpt lat="36.298655" lon="127.419379"/><trkpt lat="36.298653" lon="127.419428"/><trkpt lat="36.298643" lon="127.41947"/><trkpt lat="36.298618" lon="127.419501"/><trkpt lat="36.298575" lon="127.419535"/><trkpt lat="36.298413" lon="127.419646"/><trkpt lat="36.298379" lon="127.419666"/><trkpt lat="36.298346" lon="127.419677"/><trkpt lat="36.298315" lon="127.419675"/><trkpt lat="36.298305" lon="127.419691"/><trkpt lat="36.298311" lon="127.419737"/><trkpt lat="36.29833" lon="127.419828"/><trkpt lat="36.29833" lon="127.41983"/></trkseg>
<trkseg><trkpt lat="36.298625" lon="127.419778"/><trkpt lat="36.29853" lon="127.419953"/><trkpt lat="36.298515" lon="127.419984"/><trkpt lat="36.298507" lon="127.42001"/><trkpt lat="36.298502" lon="127.420046"/><trkpt lat="36.29847" lon="127.420183"/></trkseg>
<trkseg><trkpt lat="36.29847" lon="127.420183"/><trkpt lat="36.298767" lon="127.419959"/><trkpt lat="36.298788" lon="127.419778"/><trkpt lat="36.298801" lon="127.419666"/><trkpt lat="36.298813" lon="127.419588"/><trkpt lat="36.298825" lon="127.419547"/><trkpt lat="36.298846" lon="127.419518"/><trkpt lat="36.298873" lon="127.419503"/><trkpt lat="36.298899" lon="127.4195"/><trkpt lat="36.29893" lon="127.419502"/><trkpt lat="36.29896" lon="127.419488"/><trkpt lat="36.299003" lon="127.419464"/><trkpt lat="36.299037" lon="127.419457"/><trkpt lat="36.299073" lon="127.419465"/><trkpt lat="36.299135" lon="127.419491"/><trkpt lat="36.299409" lon="127.419619"/><trkpt lat="36.299446" lon="127.419634"/><trkpt lat="36.299483" lon="127.419641"/><trkpt lat="36.299514" lon="127.419633"/><trkpt lat="36.299539" lon="127.419615"/><trkpt lat="36.29955" lon="127.419583"/><trkpt lat="36.299549" lon="127.41954"/><trkpt lat="36.299533" lon="127.419438"/><trkpt lat="36.299512" lon="127.419318"/></trkseg>
<trkseg><trkpt lat="36.299512" lon="127.419318"/><trkpt lat="36.299291" lon="127.419297"/><trkpt lat="36.299253" lon="127.419297"/><trkpt lat="36.299214" lon="127.419301"/><trkpt lat="36.298927" lon="127.419355"/><trkpt lat="36.298862" lon="127.41937"/><trkpt lat="36.298826" lon="127.419383"/><trkpt lat="36.298796" lon="127.419408"/><trkpt lat="36.298771" lon="127.419442"/><trkpt lat="36.298749" lon="127.419479"/><trkpt lat="36.298732" lon="127.41952"/><trkpt lat="36.298721" lon="127.419567"/><trkpt lat="36.298703" lon="127.419714"/><trkpt lat="36.298693" lon="127.41976"/><trkpt lat="36.29867" lon="127.419789"/><trkpt lat="36.298641" lon="127.419787"/><trkpt lat="36.298625" lon="127.419778"/></trkseg>
<trkseg><trkpt lat="36.298651" lon="127.419232"/><trkpt lat="36.298642" lon="127.419165"/><trkpt lat="36.298641" lon="127.419129"/><trkpt lat="36.298647" lon="127.419104"/><trkpt lat="36.298661" lon="127.419087"/><trkpt lat="36.298688" lon="127.419066"/><trkpt lat="36.29869" lon="127.419053"/><trkpt lat="36.298677" lon="127.41904"/><trkpt lat="36.298635" lon="127.419013"/><trkpt lat="36.298617" lon="127.418997"/><trkpt lat="36.298606" lon="127.418974"/><trkpt lat="36.298602" lon="127.418944"/><trkpt lat="36.298603" lon="127.418853"/><trkpt lat="36.298603" lon="127.418851"/></trkseg>
<trkseg><trkpt lat="36.298603" lon="127.418851"/><trkpt lat="36.299102" lon="127.418809"/><trkpt lat="36.29918" lon="127.418804"/><trkpt lat="36.299207" lon="127.418809"/><trkpt lat="36.299209" lon="127.418828"/><trkpt lat="36.299193" lon="127.418857"/><trkpt lat="36.299168" lon="127.418886"/><trkpt lat="36.299139" lon="127.418907"/><trkpt lat="36.299107" lon="127.418914"/><trkpt lat="36.299063" lon="127.418918"/><trkpt lat="36.299026" lon="127.418931"/><trkpt lat="36.29899" lon="127.41895"/><trkpt lat="36.298955" lon="127.418973"/><trkpt lat="36.298923" lon="127.418999"/><trkpt lat="36.298899" lon="127.419031"/><trkpt lat="36.298872" lon="127.419092"/><trkpt lat="36.298848" lon="127.419123"/><trkpt lat="36.298817" lon="127.419145"/><trkpt lat="36.298782" lon="127.419165"/><trkpt lat="36.298651" lon="127.419232"/></trkseg>
<trkseg><trkpt lat="36.298623" lon="127.418741"/><trkpt lat="36.298603" lon="127.418851"/></trkseg>
<trkseg><trkpt lat="36.298623" lon="127.418741"/><trkpt lat="36.298636" lon="127.418736"/><trkpt lat="36.298662" lon="127.41871"/><trkpt lat="36.298688" lon="127.418661"/><trkpt lat="36.298722" lon="127.418549"/><trkpt lat="36.298741" lon="127.418488"/><trkpt lat="36.298759" lon="127.418446"/><trkpt lat="36.298783" lon="127.418415"/><trkpt lat="36.298811" lon="127.418389"/><trkpt lat="36.298845" lon="127.418368"/><trkpt lat="36.298908" lon="127.418339"/><trkpt lat="36.299191" lon="127.418224"/><trkpt lat="36.299242" lon="127.418205"/><trkpt lat="36.299281" lon="127.418197"/><trkpt lat="36.299319" lon="127.418199"/><trkpt lat="36.299369" lon="127.418208"/><trkpt lat="36.299469" lon="127.418234"/><trkpt lat="36.299518" lon="127.418251"/><trkpt lat="36.299579" lon="127.418282"/><trkpt lat="36.299843" lon="127.418426"/></trkseg>
<trkseg><trkpt lat="36.299843" lon="127.418426"/><trkpt lat="36.299849" lon="127.418499"/><trkpt lat="36.299857" lon="127.418557"/><trkpt lat="36.299871" lon="127.418604"/><trkpt lat="36.299907" lon="127.418673"/><trkpt lat="36.299924" lon="127.418713"/><trkpt lat="36.299926" lon="127.418751"/><trkpt lat="36.299909" lon="127.418788"/><trkpt lat="36.299884" lon="127.418824"/><trkpt lat="36.299747" lon="127.419005"/><trkpt lat="36.299512" lon="127.419318"/></trkseg>
<trkseg><trkpt lat="36.300406" lon="127.418301"/><trkpt lat="36.299843" lon="127.418426"/></trkseg>
<trkseg><trkpt lat="36.300819" lon="127.418397"/><trkpt lat="36.300822" lon="127.418456"/><trkpt lat="36.300829" lon="127.418518"/><trkpt lat="36.300843" lon="127.41857"/><trkpt lat="36.300888" lon="127.418688"/><trkpt lat="36.300909" lon="127.418747"/><trkpt lat="36.30092" lon="127.418793"/><trkpt lat="36.300928" lon="127.418856"/><trkpt lat="36.300936" lon="127.418984"/><trkpt lat="36.300934" lon="127.419031"/><trkpt lat="36.300924" lon="127.419076"/><trkpt lat="36.300901" lon="127.419135"/><trkpt lat="36.300731" lon="127.419495"/><trkpt lat="36.300706" lon="127.419553"/><trkpt lat="36.300693" lon="127.419598"/><trkpt lat="36.30069" lon="127.419644"/><trkpt lat="36.300693" lon="127.419737"/><trkpt lat="36.300694" lon="127.419799"/><trkpt lat="36.300686" lon="127.419843"/><trkpt lat="36.30067" lon="127.419885"/><trkpt lat="36.300648" lon="127.419922"/><trkpt lat="36.300624" lon="127.419954"/><trkpt lat="36.300589" lon="127.419987"/><trkpt lat="36.300581" lon="127.420017"/><trkpt lat="36.300584" lon="127.420066"/><trkpt lat="36.30058" lon="127.420109"/><trkpt lat="36.300567" lon="127.420153"/><trkpt lat="36.300549" lon="127.420193"/><trkpt lat="36.300524" lon="127.420224"/><trkpt lat="36.30049" lon="127.420238"/><trkpt lat="36.300451" lon="127.420242"/><trkpt lat="36.300385" lon="127.420246"/><trkpt lat="36.300349" lon="127.420256"/><trkpt lat="36.300322" lon="127.420281"/><trkpt lat="36.300302" lon="127.42032"/><trkpt lat="36.300278" lon="127.420379"/><trkpt lat="36.300223" lon="127.420529"/><trkpt lat="36.300211" lon="127.420574"/><trkpt lat="36.300208" lon="127.420618"/><trkpt lat="36.300222" lon="127.420688"/><trkpt lat="36.300229" lon="127.420732"/><trkpt lat="36.300229" lon="127.420779"/><trkpt lat="36.300221" lon="127.420892"/><trkpt lat="36.300213" lon="127.420972"/><trkpt lat="36.300206" lon="127.421019"/><trkpt lat="36.300193" lon="127.421065"/><trkpt lat="36.300105" lon="127.421319"/><trkpt lat="36.30006" lon="127.421455"/><trkpt lat="36.300046" lon="127.421518"/><trkpt lat="36.299994" lon="127.421842"/><trkpt lat="36.299977" lon="127.421937"/><trkpt lat="36.299963" lon="127.42198"/><trkpt lat="36.29994" lon="127.422013"/><trkpt lat="36.299891" lon="127.422056"/><trkpt lat="36.299871" lon="127.422085"/><trkpt lat="36.299868" lon="127.422125"/><trkpt lat="36.299876" lon="127.42217"/><trkpt lat="36.299925" lon="127.42236"/><trkpt lat="36.299967" lon="127.422519"/></trkseg>
<trkseg><trkpt lat="36.299967" lon="127.422519"/><trkpt lat="36.299973" lon="127.422535"/><trkpt lat="36.299978" lon="127.422576"/><trkpt lat="36.299968" lon="127.422624"/><trkpt lat="36.299947" lon="127.422661"/><trkpt lat="36.299915" lon="127.422686"/><trkpt lat="36.299856" lon="127.422719"/><trkpt lat="36.299661" lon="127.42282"/><trkpt lat="36.299615" lon="127.422849"/><trkpt lat="36.299566" lon="127.422892"/><trkpt lat="36.299537" lon="127.422913"/><trkpt lat="36.299506" lon="127.422921"/><trkpt lat="36.299449" lon="127.422917"/><trkpt lat="36.299414" lon="127.422918"/><trkpt lat="36.299377" lon="127.42293"/><trkpt lat="36.29928" lon="127.422974"/><trkpt lat="36.299244" lon="127.422988"/><trkpt lat="36.299208" lon="127.422994"/><trkpt lat="36.299163" lon="127.422996"/><trkpt lat="36.299135" lon="127.423013"/><trkpt lat="36.299091" lon="127.423062"/><trkpt lat="36.299062" lon="127.423079"/><trkpt lat="36.299028" lon="127.423078"/><trkpt lat="36.298966" lon="127.423064"/><trkpt lat="36.298929" lon="127.423058"/><trkpt lat="36.298891" lon="127.423061"/><trkpt lat="36.29884" lon="127.423074"/><trkpt lat="36.298688" lon="127.423121"/></trkseg>
<trkseg><trkpt lat="36.298962" lon="127.424005"/><trkpt lat="36.298826" lon="127.423907"/><trkpt lat="36.298784" lon="127.423873"/><trkpt lat="36.298756" lon="127.423843"/><trkpt lat="36.298738" lon="127.423804"/><trkpt lat="36.298728" lon="127.423758"/><trkpt lat="36.298677" lon="127.423396"/><trkpt lat="36.298669" lon="127.42333"/><trkpt lat="36.298668" lon="127.423281"/><trkpt lat="36.298673" lon="127.423222"/><trkpt lat="36.298688" lon="127.423121"/></trkseg>
<trkseg><trkpt lat="36.299159" lon="127.424669"/><trkpt lat="36.299111" lon="127.42439"/><trkpt lat="36.299101" lon="127.424349"/><trkpt lat="36.299089" lon="127.424311"/><trkpt lat="36.298962" lon="127.424005"/></trkseg>
<trkseg><trkpt lat="36.299159" lon="127.424669"/><trkpt lat="36.299139" lon="127.424381"/><trkpt lat="36.299132" lon="127.424324"/><trkpt lat="36.299121" lon="127.424285"/><trkpt lat="36.299105" lon="127.424248"/><trkpt lat="36.299014" lon="127.424093"/><trkpt lat="36.298962" lon="127.424005"/></trkseg>
<trkseg><trkpt lat="36.299786" lon="127.425566"/><trkpt lat="36.299637" lon="127.42526"/><trkpt lat="36.299617" lon="127.425218"/><trkpt lat="36.299594" lon="127.42518"/><trkpt lat="36.299548" lon="127.425122"/><trkpt lat="36.299509" lon="127.425079"/><trkpt lat="36.299478" lon="127.42505"/><trkpt lat="36.299443" lon="127.425032"/><trkpt lat="36.299405" lon="127.425021"/><trkpt lat="36.29922" lon="127.424931"/><trkpt lat="36.299195" lon="127.424903"/><trkpt lat="36.299178" lon="127.424864"/><trkpt lat="36.299164" lon="127.424821"/><trkpt lat="36.299152" lon="127.424769"/><trkpt lat="36.299147" lon="127.424714"/><trkpt lat="36.299153" lon="127.424676"/><trkpt lat="36.299159" lon="127.424669"/></trkseg>
<trkseg><trkpt lat="36.299967" lon="127.422519"/><trkpt lat="36.299982" lon="127.42251"/><trkpt lat="36.300017" lon="127.422485"/><trkpt lat="36.300194" lon="127.422406"/><trkpt lat="36.300224" lon="127.422399"/><trkpt lat="36.300264" lon="127.422369"/><trkpt lat="36.300296" lon="127.422349"/><trkpt lat="36.300334" lon="127.422341"/><trkpt lat="36.300387" lon="127.422341"/><trkpt lat="36.300495" lon="127.422346"/><trkpt lat="36.300535" lon="127.422344"/><trkpt lat="36.300667" lon="127.422354"/><trkpt lat="36.3007" lon="127.422324"/><trkpt lat="36.300689" lon="127.422192"/><trkpt lat="36.300688" lon="127.422149"/><trkpt lat="36.300694" lon="127.422103"/><trkpt lat="36.300703" lon="127.422057"/><trkpt lat="36.300717" lon="127.422013"/><trkpt lat="36.300737" lon="127.421974"/><trkpt lat="36.300765" lon="127.421942"/><trkpt lat="36.300807" lon="127.421861"/><trkpt lat="36.300815" lon="127.421823"/><trkpt lat="36.30081" lon="127.421779"/><trkpt lat="36.300787" lon="127.421673"/><trkpt lat="36.300782" lon="127.42163"/><trkpt lat="36.300791" lon="127.421595"/><trkpt lat="36.300817" lon="127.42157"/><trkpt lat="36.300851" lon="127.421549"/><trkpt lat="36.300936" lon="127.421502"/><trkpt lat="36.300969" lon="127.421477"/><trkpt lat="36.300998" lon="127.421445"/><trkpt lat="36.301042" lon="127.421384"/><trkpt lat="36.301161" lon="127.421208"/><trkpt lat="36.301188" lon="127.421173"/><trkpt lat="36.301216" lon="127.421147"/><trkpt lat="36.30125" lon="127.421139"/><trkpt lat="36.301287" lon="127.421146"/><trkpt lat="36.301337" lon="127.421159"/><trkpt lat="36.30137" lon="127.421156"/><trkpt lat="36.301395" lon="127.421131"/><trkpt lat="36.301415" lon="127.421094"/><trkpt lat="36.301466" lon="127.420983"/><trkpt lat="36.301488" lon="127.420944"/><trkpt lat="36.301515" lon="127.420912"/><trkpt lat="36.301558" lon="127.420878"/><trkpt lat="36.301683" lon="127.420792"/><trkpt lat="36.301729" lon="127.420763"/><trkpt lat="36.301764" lon="127.420746"/><trkpt lat="36.301802" lon="127.420737"/><trkpt lat="36.301841" lon="127.420734"/><trkpt lat="36.301985" lon="127.420732"/></trkseg>
<trkseg><trkpt lat="36.302094" lon="127.420811"/><trkpt lat="36.302078" lon="127.420817"/><trkpt lat="36.302051" lon="127.420848"/><trkpt lat="36.302032" lon="127.420899"/><trkpt lat="36.302005" lon="127.421025"/><trkpt lat="36.301993" lon="127.42107"/><trkpt lat="36.301974" lon="127.421113"/><trkpt lat="36.301917" lon="127.421206"/><trkpt lat="36.301895" lon="127.421245"/><trkpt lat="36.301882" lon="127.421281"/><trkpt lat="36.301891" lon="127.421312"/><trkpt lat="36.301918" lon="127.421339"/><trkpt lat="36.302046" lon="127.421429"/><trkpt lat="36.302222" lon="127.421553"/><trkpt lat="36.302267" lon="127.421588"/><trkpt lat="36.302297" lon="127.421619"/><trkpt lat="36.30237" lon="127.421709"/><trkpt lat="36.302432" lon="127.42179"/><trkpt lat="36.302456" lon="127.421827"/><trkpt lat="36.302475" lon="127.421867"/><trkpt lat="36.302514" lon="127.421983"/><trkpt lat="36.30253" lon="127.422025"/><trkpt lat="36.30255" lon="127.422063"/><trkpt lat="36.302579" lon="127.422092"/><trkpt lat="36.302644" lon="127.422141"/><trkpt lat="36.302673" lon="127.422171"/><trkpt lat="36.302693" lon="127.42221"/><trkpt lat="36.302714" lon="127.42227"/><trkpt lat="36.302716" lon="127.422561"/><trkpt lat="36.302728" lon="127.422607"/><trkpt lat="36.302733" lon="127.422654"/><trkpt lat="36.302725" lon="127.422697"/><trkpt lat="36.302707" lon="127.422755"/><trkpt lat="36.302588" lon="127.422853"/><trkpt lat="36.302566" lon="127.42289"/><trkpt lat="36.302524" lon="127.422947"/><trkpt lat="36.302503" lon="127.422983"/><trkpt lat="36.302498" lon="127.423034"/><trkpt lat="36.302506" lon="127.423088"/><trkpt lat="36.302619" lon="127.423182"/></trkseg>
<trkseg><trkpt lat="36.304416" lon="127.421025"/><trkpt lat="36.304431" lon="127.421041"/><trkpt lat="36.304447" lon="127.421074"/><trkpt lat="36.304433" lon="127.421105"/><trkpt lat="36.304388" lon="127.42113"/><trkpt lat="36.304213" lon="127.421209"/><trkpt lat="36.30414" lon="127.421246"/><trkpt lat="36.304105" lon="127.421268"/><trkpt lat="36.304051" lon="127.421313"/><trkpt lat="36.304017" lon="127.421328"/><trkpt lat="36.30398" lon="127.421327"/><trkpt lat="36.303928" lon="127.421315"/><trkpt lat="36.302927" lon="127.421058"/><trkpt lat="36.302835" lon="127.421036"/><trkpt lat="36.302504" lon="127.420992"/><trkpt lat="36.302293" lon="127.420965"/><trkpt lat="36.302255" lon="127.420955"/><trkpt lat="36.30222" lon="127.420936"/><trkpt lat="36.302186" lon="127.420907"/><trkpt lat="36.302102" lon="127.420818"/><trkpt lat="36.302094" lon="127.420811"/></trkseg>
<trkseg><trkpt lat="36.302094" lon="127.420811"/><trkpt lat="36.302031" lon="127.420726"/><trkpt lat="36.302024" lon="127.420723"/><trkpt lat="36.302008" lon="127.420726"/><trkpt lat="36.301985" lon="127.420732"/></trkseg>
<trkseg><trkpt lat="36.301985" lon="127.420732"/><trkpt lat="36.301971" lon="127.420613"/><trkpt lat="36.301971" lon="127.4206"/><trkpt lat="36.301976" lon="127.420589"/><trkpt lat="36.301998" lon="127.420567"/><trkpt lat="36.302045" lon="127.420527"/></trkseg>
<trkseg><trkpt lat="36.302094" lon="127.420811"/><trkpt lat="36.302045" lon="127.420527"/></trkseg>
<trkseg><trkpt lat="36.302045" lon="127.420527"/><trkpt lat="36.302192" lon="127.420243"/><trkpt lat="36.30221" lon="127.420201"/><trkpt lat="36.302222" lon="127.420156"/><trkpt lat="36.302236" lon="127.420062"/><trkpt lat="36.302244" lon="127.420015"/><trkpt lat="36.302256" lon="127.41997"/><trkpt lat="36.3023" lon="127.419856"/><trkpt lat="36.302314" lon="127.419812"/><trkpt lat="36.302325" lon="127.419766"/><trkpt lat="36.302333" lon="127.419701"/><trkpt lat="36.302362" lon="127.419372"/></trkseg>
<trkseg><trkpt lat="36.302362" lon="127.419372"/><trkpt lat="36.30203" lon="127.41912"/><trkpt lat="36.301995" lon="127.419099"/><trkpt lat="36.301961" lon="127.419089"/><trkpt lat="36.301928" lon="127.419101"/><trkpt lat="36.301872" lon="127.419141"/><trkpt lat="36.301839" lon="127.419161"/><trkpt lat="36.301807" lon="127.419163"/><trkpt lat="36.301774" lon="127.419142"/><trkpt lat="36.301746" lon="127.419102"/><trkpt lat="36.301732" lon="127.419062"/><trkpt lat="36.30173" lon="127.419052"/></trkseg>
<trkseg><trkpt lat="36.302362" lon="127.419372"/><trkpt lat="36.30245" lon="127.418915"/><trkpt lat="36.30246" lon="127.418871"/><trkpt lat="36.302476" lon="127.418829"/><trkpt lat="36.302497" lon="127.418793"/><trkpt lat="36.302544" lon="127.418727"/><trkpt lat="36.302596" lon="127.418656"/></trkseg>
<trkseg><trkpt lat="36.302596" lon="127.418656"/><trkpt lat="36.302485" lon="127.418582"/></trkseg>
<trkseg><trkpt lat="36.302596" lon="127.418656"/><trkpt lat="36.302613" lon="127.418577"/><trkpt lat="36.302628" lon="127.418518"/><trkpt lat="36.302647" lon="127.418476"/><trkpt lat="36.302676" lon="127.418446"/><trkpt lat="36.302711" lon="127.418421"/><trkpt lat="36.302854" lon="127.418328"/><trkpt lat="36.30288" lon="127.418306"/><trkpt lat="36.302884" lon="127.418289"/><trkpt lat="36.302862" lon="127.418276"/><trkpt lat="36.302818" lon="127.418257"/><trkpt lat="36.302789" lon="127.418222"/><trkpt lat="36.302766" lon="127.41817"/><trkpt lat="36.302749" lon="127.418117"/></trkseg>
<trkseg><trkpt lat="36.302749" lon="127.418117"/><trkpt lat="36.30269" lon="127.418106"/></trkseg>
<trkseg><trkpt lat="36.302749" lon="127.418117"/><trkpt lat="36.302753" lon="127.418023"/></trkseg>
<trkseg><trkpt lat="36.302753" lon="127.418023"/><trkpt lat="36.302737" lon="127.417945"/></trkseg>
<trkseg><trkpt lat="36.302753" lon="127.418023"/><trkpt lat="36.302855" lon="127.417702"/><trkpt lat="36.302871" lon="127.41766"/><trkpt lat="36.30289" lon="127.417628"/><trkpt lat="36.302916" lon="127.417619"/><trkpt lat="36.302949" lon="127.41763"/><trkpt lat="36.303031" lon="127.417672"/><trkpt lat="36.303067" lon="127.417688"/><trkpt lat="36.303104" lon="127.417696"/><trkpt lat="36.303143" lon="127.417695"/><trkpt lat="36.30329" lon="127.417672"/><trkpt lat="36.303356" lon="127.41766"/><trkpt lat="36.303395" lon="127.417649"/><trkpt lat="36.303431" lon="127.41763"/><trkpt lat="36.303465" lon="127.417605"/><trkpt lat="36.304151" lon="127.417115"/><trkpt lat="36.304447" lon="127.417016"/></trkseg>
<trkseg><trkpt lat="36.286946" lon="127.439138"/><trkpt lat="36.286953" lon="127.439145"/><trkpt lat="36.286977" lon="127.439131"/><trkpt lat="36.287006" lon="127.439093"/><trkpt lat="36.287112" lon="127.438905"/><trkpt lat="36.287158" lon="127.438826"/><trkpt lat="36.287184" lon="127.43879"/><trkpt lat="36.287223" lon="127.438747"/><trkpt lat="36.287379" lon="127.438594"/><trkpt lat="36.287411" lon="127.438567"/><trkpt lat="36.287446" lon="127.438548"/><trkpt lat="36.287485" lon="127.43854"/><trkpt lat="36.287699" lon="127.438525"/><trkpt lat="36.288102" lon="127.438497"/><trkpt lat="36.288168" lon="127.438489"/><trkpt lat="36.288207" lon="127.438479"/><trkpt lat="36.288318" lon="127.438432"/><trkpt lat="36.28839" lon="127.438398"/><trkpt lat="36.288423" lon="127.438376"/><trkpt lat="36.28845" lon="127.438345"/><trkpt lat="36.288472" lon="127.438306"/><trkpt lat="36.288529" lon="127.438181"/><trkpt lat="36.288569" lon="127.438098"/><trkpt lat="36.288593" lon="127.438061"/><trkpt lat="36.288631" lon="127.438016"/><trkpt lat="36.288702" lon="127.437945"/><trkpt lat="36.288734" lon="127.43792"/><trkpt lat="36.288771" lon="127.437903"/><trkpt lat="36.28881" lon="127.437895"/><trkpt lat="36.288984" lon="127.437873"/><trkpt lat="36.289212" lon="127.437847"/><trkpt lat="36.289264" lon="127.437849"/><trkpt lat="36.289353" lon="127.43786"/><trkpt lat="36.289403" lon="127.437869"/><trkpt lat="36.289438" lon="127.437883"/><trkpt lat="36.289471" lon="127.437907"/><trkpt lat="36.289511" lon="127.437947"/><trkpt lat="36.289601" lon="127.438043"/><trkpt lat="36.289632" lon="127.43807"/><trkpt lat="36.289666" lon="127.438087"/><trkpt lat="36.289704" lon="127.438091"/><trkpt lat="36.289771" lon="127.438087"/><trkpt lat="36.290011" lon="127.438066"/><trkpt lat="36.290063" lon="127.438057"/><trkpt lat="36.290098" lon="127.438043"/><trkpt lat="36.290141" lon="127.438001"/><trkpt lat="36.290167" lon="127.437981"/><trkpt lat="36.2902" lon="127.437977"/><trkpt lat="36.290233" lon="127.437985"/><trkpt lat="36.290263" lon="127.438001"/><trkpt lat="36.290278" lon="127.438028"/><trkpt lat="36.290277" lon="127.438068"/><trkpt lat="36.290268" lon="127.438113"/><trkpt lat="36.290218" lon="127.4383"/><trkpt lat="36.290205" lon="127.438361"/><trkpt lat="36.290201" lon="127.438404"/><trkpt lat="36.290213" lon="127.438443"/><trkpt lat="36.290236" lon="127.438477"/><trkpt lat="36.290284" lon="127.438532"/><trkpt lat="36.290373" lon="127.438628"/><trkpt lat="36.290405" lon="127.438656"/><trkpt lat="36.290474" lon="127.438704"/><trkpt lat="36.290921" lon="127.438988"/></trkseg>
<trkseg><trkpt lat="36.290921" lon="127.438988"/><trkpt lat="36.290939" lon="127.438983"/><trkpt lat="36.290975" lon="127.438961"/><trkpt lat="36.291007" lon="127.438924"/><trkpt lat="36.291034" lon="127.438871"/><trkpt lat="36.291054" lon="127.438833"/><trkpt lat="36.29108" lon="127.438796"/><trkpt lat="36.291166" lon="127.438692"/><trkpt lat="36.291293" lon="127.438544"/><trkpt lat="36.29132" lon="127.438508"/><trkpt lat="36.29134" lon="127.438468"/><trkpt lat="36.291353" lon="127.438425"/><trkpt lat="36.291366" lon="127.438365"/><trkpt lat="36.291373" lon="127.438319"/><trkpt lat="36.291375" lon="127.438274"/><trkpt lat="36.291367" lon="127.438226"/><trkpt lat="36.291353" lon="127.43818"/><trkpt lat="36.291332" lon="127.438139"/><trkpt lat="36.291302" lon="127.438092"/><trkpt lat="36.291289" lon="127.438058"/><trkpt lat="36.291297" lon="127.438022"/><trkpt lat="36.291318" lon="127.437985"/><trkpt lat="36.291343" lon="127.437948"/><trkpt lat="36.29137" lon="127.437914"/><trkpt lat="36.291402" lon="127.437886"/><trkpt lat="36.291437" lon="127.437866"/><trkpt lat="36.291511" lon="127.437832"/><trkpt lat="36.291545" lon="127.437811"/><trkpt lat="36.29157" lon="127.437779"/><trkpt lat="36.291589" lon="127.437739"/><trkpt lat="36.29161" lon="127.43768"/><trkpt lat="36.291678" lon="127.437488"/><trkpt lat="36.291697" lon="127.437447"/><trkpt lat="36.291721" lon="127.437411"/><trkpt lat="36.291753" lon="127.437384"/><trkpt lat="36.291801" lon="127.437352"/><trkpt lat="36.29191" lon="127.437285"/><trkpt lat="36.291947" lon="127.437266"/><trkpt lat="36.291985" lon="127.437252"/><trkpt lat="36.29205" lon="127.437239"/><trkpt lat="36.292509" lon="127.437167"/></trkseg>
<trkseg><trkpt lat="36.292509" lon="127.437167"/><trkpt lat="36.292573" lon="127.437323"/><trkpt lat="36.292587" lon="127.437352"/><trkpt lat="36.292601" lon="127.437368"/><trkpt lat="36.292619" lon="127.437378"/><trkpt lat="36.292758" lon="127.437422"/></trkseg>
<trkseg><trkpt lat="36.292758" lon="127.437422"/><trkpt lat="36.29263" lon="127.437001"/></trkseg>
<trkseg><trkpt lat="36.292509" lon="127.437167"/><trkpt lat="36.29263" lon="127.437001"/></trkseg>
<trkseg><trkpt lat="36.29263" lon="127.437001"/><trkpt lat="36.292743" lon="127.436389"/><trkpt lat="36.292758" lon="127.436326"/><trkpt lat="36.292772" lon="127.436283"/><trkpt lat="36.292797" lon="127.43622"/><trkpt lat="36.292802" lon="127.436178"/><trkpt lat="36.292798" lon="127.436132"/><trkpt lat="36.292788" lon="127.436069"/><trkpt lat="36.292752" lon="127.435863"/><trkpt lat="36.292747" lon="127.435815"/><trkpt lat="36.292745" lon="127.435765"/><trkpt lat="36.292748" lon="127.435632"/><trkpt lat="36.292753" lon="127.435398"/><trkpt lat="36.29275" lon="127.43535"/><trkpt lat="36.29274" lon="127.435306"/><trkpt lat="36.292707" lon="127.435241"/><trkpt lat="36.292688" lon="127.4352"/><trkpt lat="36.292674" lon="127.435154"/><trkpt lat="36.292643" lon="127.435027"/><trkpt lat="36.292628" lon="127.434982"/><trkpt lat="36.292607" lon="127.434944"/><trkpt lat="36.29258" lon="127.434911"/><trkpt lat="36.292522" lon="127.43485"/><trkpt lat="36.292481" lon="127.434812"/><trkpt lat="36.292447" lon="127.434788"/><trkpt lat="36.292236" lon="127.434676"/><trkpt lat="36.291751" lon="127.434422"/><trkpt lat="36.291715" lon="127.4344"/><trkpt lat="36.291681" lon="127.434374"/><trkpt lat="36.291618" lon="127.434313"/><trkpt lat="36.29139" lon="127.434085"/><trkpt lat="36.29135" lon="127.434041"/><trkpt lat="36.291326" lon="127.434004"/><trkpt lat="36.291307" lon="127.433961"/><trkpt lat="36.29123" lon="127.433732"/><trkpt lat="36.290992" lon="127.433031"/><trkpt lat="36.290968" lon="127.432955"/><trkpt lat="36.290958" lon="127.432908"/><trkpt lat="36.290958" lon="127.43285"/><trkpt lat="36.290964" lon="127.432793"/><trkpt lat="36.290969" lon="127.432755"/></trkseg>
<trkseg><trkpt lat="36.29105" lon="127.432216"/><trkpt lat="36.291347" lon="127.432189"/><trkpt lat="36.291386" lon="127.432189"/><trkpt lat="36.29142" lon="127.432199"/><trkpt lat="36.291447" lon="127.432227"/><trkpt lat="36.291469" lon="127.432264"/><trkpt lat="36.291532" lon="127.432388"/><trkpt lat="36.291549" lon="127.43243"/><trkpt lat="36.29156" lon="127.432474"/><trkpt lat="36.29156" lon="127.432528"/><trkpt lat="36.291552" lon="127.43261"/><trkpt lat="36.291548" lon="127.432651"/></trkseg>
<trkseg><trkpt lat="36.291548" lon="127.432651"/><trkpt lat="36.291513" lon="127.432604"/><trkpt lat="36.291474" lon="127.43256"/><trkpt lat="36.291439" lon="127.432538"/><trkpt lat="36.291407" lon="127.432536"/><trkpt lat="36.291375" lon="127.432545"/><trkpt lat="36.291341" lon="127.432568"/><trkpt lat="36.29122" lon="127.432671"/><trkpt lat="36.291165" lon="127.432716"/><trkpt lat="36.29113" lon="127.432737"/><trkpt lat="36.291094" lon="127.432748"/><trkpt lat="36.291047" lon="127.432752"/><trkpt lat="36.290969" lon="127.432755"/></trkseg>
<trkseg><trkpt lat="36.290969" lon="127.432755"/><trkpt lat="36.29105" lon="127.432216"/></trkseg>
<trkseg><trkpt lat="36.294013" lon="127.433836"/><trkpt lat="36.293956" lon="127.433765"/><trkpt lat="36.293912" lon="127.433713"/><trkpt lat="36.293881" lon="127.433686"/><trkpt lat="36.293847" lon="127.433669"/><trkpt lat="36.29381" lon="127.43366"/><trkpt lat="36.293681" lon="127.433642"/><trkpt lat="36.293631" lon="127.43363"/><trkpt lat="36.293596" lon="127.433613"/><trkpt lat="36.293564" lon="127.433586"/><trkpt lat="36.293452" lon="127.433466"/><trkpt lat="36.293393" lon="127.433399"/><trkpt lat="36.293366" lon="127.433363"/><trkpt lat="36.293346" lon="127.433322"/><trkpt lat="36.293317" lon="127.433251"/><trkpt lat="36.293291" lon="127.433221"/><trkpt lat="36.293257" lon="127.4332"/><trkpt lat="36.293196" lon="127.433171"/><trkpt lat="36.293159" lon="127.433156"/><trkpt lat="36.293125" lon="127.433148"/><trkpt lat="36.293096" lon="127.433157"/><trkpt lat="36.293074" lon="127.433188"/><trkpt lat="36.293056" lon="127.433227"/><trkpt lat="36.29304" lon="127.43327"/><trkpt lat="36.293027" lon="127.433315"/><trkpt lat="36.29302" lon="127.433362"/><trkpt lat="36.293012" lon="127.433439"/><trkpt lat="36.292995" lon="127.433471"/><trkpt lat="36.292964" lon="127.433486"/><trkpt lat="36.292913" lon="127.433496"/><trkpt lat="36.292662" lon="127.433534"/><trkpt lat="36.292611" lon="127.433539"/><trkpt lat="36.292573" lon="127.433535"/><trkpt lat="36.29253" lon="127.433517"/><trkpt lat="36.292495" lon="127.433506"/><trkpt lat="36.292443" lon="127.433498"/><trkpt lat="36.292337" lon="127.43349"/><trkpt lat="36.292284" lon="127.43349"/><trkpt lat="36.292245" lon="127.433497"/><trkpt lat="36.292195" lon="127.433516"/><trkpt lat="36.291911" lon="127.433656"/><trkpt lat="36.291836" lon="127.433691"/><trkpt lat="36.291798" lon="127.433704"/><trkpt lat="36.291759" lon="127.43371"/><trkpt lat="36.291693" lon="127.433712"/><trkpt lat="36.291654" lon="127.43371"/><trkpt lat="36.291615" lon="127.433703"/><trkpt lat="36.29158" lon="127.433688"/><trkpt lat="36.291547" lon="127.433667"/><trkpt lat="36.291518" lon="127.433641"/><trkpt lat="36.291496" lon="127.433605"/><trkpt lat="36.291481" lon="127.433562"/><trkpt lat="36.29147" lon="127.433517"/><trkpt lat="36.291463" lon="127.43347"/><trkpt lat="36.291463" lon="127.433421"/><trkpt lat="36.291471" lon="127.433339"/><trkpt lat="36.291548" lon="127.432651"/></trkseg>
<trkseg><trkpt lat="36.294013" lon="127.433836"/><trkpt lat="36.294013" lon="127.433896"/><trkpt lat="36.294015" lon="127.433913"/><trkpt lat="36.294025" lon="127.433934"/><trkpt lat="36.294127" lon="127.434102"/></trkseg>
<trkseg><trkpt lat="36.295369" lon="127.431992"/><trkpt lat="36.294871" lon="127.432449"/><trkpt lat="36.29484" lon="127.432482"/><trkpt lat="36.294814" lon="127.432517"/><trkpt lat="36.294782" lon="127.43257"/><trkpt lat="36.294582" lon="127.432934"/><trkpt lat="36.29455" lon="127.432985"/><trkpt lat="36.294523" lon="127.433018"/><trkpt lat="36.294489" lon="127.43304"/><trkpt lat="36.294404" lon="127.433078"/><trkpt lat="36.294371" lon="127.433095"/><trkpt lat="36.294348" lon="127.43312"/><trkpt lat="36.294344" lon="127.433156"/><trkpt lat="36.29435" lon="127.433199"/><trkpt lat="36.29437" lon="127.43329"/><trkpt lat="36.294376" lon="127.433335"/><trkpt lat="36.294373" lon="127.433378"/><trkpt lat="36.294358" lon="127.433418"/><trkpt lat="36.294326" lon="127.433482"/><trkpt lat="36.294307" lon="127.433523"/><trkpt lat="36.294281" lon="127.433598"/><trkpt lat="36.294127" lon="127.434102"/></trkseg>
<trkseg><trkpt lat="36.294127" lon="127.434102"/><trkpt lat="36.294153" lon="127.434119"/><trkpt lat="36.294189" lon="127.434153"/><trkpt lat="36.294219" lon="127.434196"/><trkpt lat="36.294252" lon="127.434262"/><trkpt lat="36.294268" lon="127.434303"/><trkpt lat="36.294286" lon="127.434365"/><trkpt lat="36.294397" lon="127.434837"/><trkpt lat="36.294417" lon="127.434932"/><trkpt lat="36.294424" lon="127.434981"/><trkpt lat="36.294437" lon="127.435214"/></trkseg>
<trkseg><trkpt lat="36.294437" lon="127.435214"/><trkpt lat="36.294563" lon="127.435823"/><trkpt lat="36.294579" lon="127.435886"/><trkpt lat="36.294596" lon="127.435931"/><trkpt lat="36.294624" lon="127.435987"/><trkpt lat="36.294733" lon="127.436195"/><trkpt lat="36.294761" lon="127.436252"/><trkpt lat="36.294777" lon="127.436295"/><trkpt lat="36.294787" lon="127.43634"/><trkpt lat="36.294795" lon="127.436385"/><trkpt lat="36.2948" lon="127.436431"/><trkpt lat="36.2948" lon="127.436481"/><trkpt lat="36.294795" lon="127.436564"/><trkpt lat="36.294758" lon="127.437078"/><trkpt lat="36.294758" lon="127.437127"/><trkpt lat="36.294763" lon="127.437173"/><trkpt lat="36.294774" lon="127.437233"/><trkpt lat="36.294785" lon="127.437276"/><trkpt lat="36.294802" lon="127.43732"/><trkpt lat="36.294834" lon="127.437391"/><trkpt lat="36.294969" lon="127.437673"/><trkpt lat="36.294992" lon="127.437732"/><trkpt lat="36.295031" lon="127.437871"/><trkpt lat="36.295144" lon="127.438291"/><trkpt lat="36.29516" lon="127.438335"/><trkpt lat="36.295182" lon="127.438376"/><trkpt lat="36.295222" lon="127.43844"/><trkpt lat="36.295305" lon="127.438567"/><trkpt lat="36.295332" lon="127.438602"/><trkpt lat="36.295363" lon="127.438632"/><trkpt lat="36.295408" lon="127.438666"/><trkpt lat="36.2955" lon="127.43873"/><trkpt lat="36.295532" lon="127.438757"/><trkpt lat="36.295559" lon="127.438792"/><trkpt lat="36.295581" lon="127.438832"/><trkpt lat="36.2956" lon="127.438876"/><trkpt lat="36.295617" lon="127.43892"/><trkpt lat="36.295625" lon="127.438967"/><trkpt lat="36.295629" lon="127.439033"/><trkpt lat="36.295631" lon="127.439364"/><trkpt lat="36.295635" lon="127.439463"/><trkpt lat="36.295645" lon="127.439543"/><trkpt lat="36.295678" lon="127.439766"/><trkpt lat="36.295691" lon="127.439829"/><trkpt lat="36.295706" lon="127.439872"/><trkpt lat="36.295732" lon="127.439928"/><trkpt lat="36.29586" lon="127.440171"/></trkseg>
<trkseg><trkpt lat="36.297246" lon="127.433244"/><trkpt lat="36.297154" lon="127.433279"/><trkpt lat="36.297113" lon="127.433299"/><trkpt lat="36.297081" lon="127.433325"/><trkpt lat="36.297042" lon="127.433367"/><trkpt lat="36.296928" lon="127.433498"/><trkpt lat="36.296896" lon="127.433528"/><trkpt lat="36.296727" lon="127.433662"/><trkpt lat="36.296568" lon="127.433786"/><trkpt lat="36.296521" lon="127.433817"/><trkpt lat="36.296447" lon="127.433854"/><trkpt lat="36.296038" lon="127.434045"/><trkpt lat="36.295988" lon="127.434066"/><trkpt lat="36.29595" lon="127.434076"/><trkpt lat="36.29591" lon="127.43408"/><trkpt lat="36.295778" lon="127.434082"/><trkpt lat="36.295698" lon="127.434086"/><trkpt lat="36.29566" lon="127.434094"/><trkpt lat="36.295585" lon="127.434119"/><trkpt lat="36.295523" lon="127.434143"/><trkpt lat="36.29549" lon="127.43416"/><trkpt lat="36.295464" lon="127.434185"/><trkpt lat="36.295453" lon="127.434223"/><trkpt lat="36.29545" lon="127.434268"/><trkpt lat="36.295448" lon="127.434362"/><trkpt lat="36.29544" lon="127.434406"/><trkpt lat="36.295421" lon="127.434445"/><trkpt lat="36.295396" lon="127.434481"/><trkpt lat="36.295295" lon="127.434608"/><trkpt lat="36.295271" lon="127.434644"/><trkpt lat="36.295256" lon="127.434685"/><trkpt lat="36.295251" lon="127.434728"/><trkpt lat="36.295252" lon="127.434773"/><trkpt lat="36.295256" lon="127.434817"/><trkpt lat="36.295267" lon="127.434857"/><trkpt lat="36.295293" lon="127.434904"/><trkpt lat="36.295303" lon="127.434944"/><trkpt lat="36.295304" lon="127.434989"/><trkpt lat="36.295289" lon="127.435135"/><trkpt lat="36.295283" lon="127.435217"/><trkpt lat="36.295283" lon="127.435265"/><trkpt lat="36.295295" lon="127.435426"/><trkpt lat="36.295299" lon="127.435491"/><trkpt lat="36.295295" lon="127.435537"/><trkpt lat="36.295283" lon="127.43558"/><trkpt lat="36.295264" lon="127.43562"/><trkpt lat="36.295242" lon="127.435656"/><trkpt lat="36.295213" lon="127.435681"/><trkpt lat="36.295178" lon="127.435693"/><trkpt lat="36.295139" lon="127.435699"/><trkpt lat="36.295075" lon="127.435703"/><trkpt lat="36.295037" lon="127.4357"/><trkpt lat="36.295002" lon="127.435683"/><trkpt lat="36.29497" lon="127.435656"/><trkpt lat="36.294846" lon="127.435527"/><trkpt lat="36.294772" lon="127.435454"/><trkpt lat="36.294728" lon="127.435418"/><trkpt lat="36.294437" lon="127.435214"/></trkseg>
<trkseg><trkpt lat="36.296196" lon="127.43071"/><trkpt lat="36.296185" lon="127.430704"/><trkpt lat="36.296152" lon="127.430714"/><trkpt lat="36.296111" lon="127.430741"/><trkpt lat="36.295952" lon="127.43089"/><trkpt lat="36.295891" lon="127.430951"/><trkpt lat="36.295863" lon="127.430985"/><trkpt lat="36.295829" lon="127.431037"/><trkpt lat="36.2955" lon="127.431587"/><trkpt lat="36.295462" lon="127.431655"/><trkpt lat="36.295443" lon="127.431698"/><trkpt lat="36.295425" lon="127.431758"/><trkpt lat="36.295369" lon="127.431992"/></trkseg>
<trkseg><trkpt lat="36.294893" lon="127.429968"/><trkpt lat="36.294893" lon="127.429989"/><trkpt lat="36.294903" lon="127.430028"/><trkpt lat="36.294933" lon="127.430058"/><trkpt lat="36.294971" lon="127.430069"/><trkpt lat="36.295008" lon="127.430073"/><trkpt lat="36.295044" lon="127.430071"/><trkpt lat="36.295075" lon="127.430054"/><trkpt lat="36.295101" lon="127.430021"/><trkpt lat="36.295139" lon="127.429954"/><trkpt lat="36.295163" lon="127.429915"/><trkpt lat="36.29519" lon="127.429882"/><trkpt lat="36.295225" lon="127.429863"/><trkpt lat="36.295263" lon="127.429851"/><trkpt lat="36.295769" lon="127.429738"/><trkpt lat="36.296075" lon="127.429666"/><trkpt lat="36.296142" lon="127.429652"/><trkpt lat="36.296181" lon="127.429651"/><trkpt lat="36.296213" lon="127.429666"/><trkpt lat="36.296235" lon="127.429697"/><trkpt lat="36.296243" lon="127.429739"/><trkpt lat="36.296241" lon="127.429785"/><trkpt lat="36.296231" lon="127.429829"/><trkpt lat="36.29621" lon="127.429867"/><trkpt lat="36.296168" lon="127.429928"/><trkpt lat="36.296154" lon="127.429968"/><trkpt lat="36.296153" lon="127.430013"/><trkpt lat="36.296159" lon="127.430061"/><trkpt lat="36.296224" lon="127.430484"/><trkpt lat="36.296236" lon="127.430583"/><trkpt lat="36.296229" lon="127.430641"/><trkpt lat="36.296212" lon="127.430684"/><trkpt lat="36.296196" lon="127.43071"/></trkseg>
<trkseg><trkpt lat="36.299791" lon="127.426855"/><trkpt lat="36.29976" lon="127.426842"/><trkpt lat="36.299714" lon="127.426834"/><trkpt lat="36.29967" lon="127.426845"/><trkpt lat="36.299635" lon="127.426866"/><trkpt lat="36.29938" lon="127.427037"/><trkpt lat="36.299299" lon="127.427093"/><trkpt lat="36.299256" lon="127.427131"/><trkpt lat="36.298983" lon="127.4274"/><trkpt lat="36.298773" lon="127.427608"/><trkpt lat="36.298744" lon="127.427641"/><trkpt lat="36.298719" lon="127.42768"/><trkpt lat="36.298692" lon="127.427737"/><trkpt lat="36.298634" lon="127.427869"/><trkpt lat="36.298614" lon="127.427911"/><trkpt lat="36.29859" lon="127.427951"/><trkpt lat="36.298553" lon="127.427998"/><trkpt lat="36.298493" lon="127.428064"/><trkpt lat="36.298461" lon="127.428092"/><trkpt lat="36.298427" lon="127.428111"/><trkpt lat="36.298391" lon="127.428117"/><trkpt lat="36.298317" lon="127.428125"/><trkpt lat="36.29828" lon="127.428138"/><trkpt lat="36.298244" lon="127.428157"/><trkpt lat="36.297984" lon="127.428325"/><trkpt lat="36.297913" lon="127.428368"/><trkpt lat="36.297876" lon="127.428384"/><trkpt lat="36.297838" lon="127.42839"/><trkpt lat="36.297773" lon="127.428391"/><trkpt lat="36.297496" lon="127.428384"/><trkpt lat="36.297458" lon="127.428386"/><trkpt lat="36.297422" lon="127.428397"/><trkpt lat="36.297391" lon="127.428423"/><trkpt lat="36.297364" lon="127.428457"/><trkpt lat="36.29733" lon="127.428508"/><trkpt lat="36.297308" lon="127.428549"/><trkpt lat="36.297294" lon="127.428592"/><trkpt lat="36.297286" lon="127.428638"/><trkpt lat="36.297277" lon="127.428732"/><trkpt lat="36.297275" lon="127.428797"/><trkpt lat="36.297283" lon="127.42913"/><trkpt lat="36.297288" lon="127.429212"/><trkpt lat="36.297295" lon="127.42926"/><trkpt lat="36.297318" lon="127.429387"/><trkpt lat="36.297366" lon="127.429641"/><trkpt lat="36.29737" lon="127.429687"/><trkpt lat="36.297365" lon="127.429731"/><trkpt lat="36.297349" lon="127.429772"/><trkpt lat="36.297312" lon="127.429838"/><trkpt lat="36.297264" lon="127.429914"/><trkpt lat="36.297238" lon="127.429949"/><trkpt lat="36.297206" lon="127.429977"/><trkpt lat="36.297138" lon="127.430026"/><trkpt lat="36.296895" lon="127.430192"/><trkpt lat="36.296863" lon="127.430218"/><trkpt lat="36.296834" lon="127.43025"/><trkpt lat="36.296811" lon="127.430288"/><trkpt lat="36.296769" lon="127.430368"/><trkpt lat="36.296745" lon="127.430402"/><trkpt lat="36.296716" lon="127.430422"/><trkpt lat="36.296676" lon="127.43044"/><trkpt lat="36.296648" lon="127.43046"/><trkpt lat="36.29661" lon="127.430517"/><trkpt lat="36.296583" lon="127.430549"/><trkpt lat="36.296542" lon="127.430586"/><trkpt lat="36.296454" lon="127.430656"/><trkpt lat="36.296398" lon="127.430697"/><trkpt lat="36.296364" lon="127.430714"/><trkpt lat="36.296326" lon="127.43072"/><trkpt lat="36.296261" lon="127.430717"/><trkpt lat="36.296196" lon="127.43071"/></trkseg>
<trkseg><trkpt lat="36.299791" lon="127.426855"/><trkpt lat="36.299743" lon="127.426925"/><trkpt lat="36.299716" lon="127.426972"/><trkpt lat="36.299698" lon="127.427018"/><trkpt lat="36.299646" lon="127.427189"/><trkpt lat="36.299624" lon="127.427267"/><trkpt lat="36.299615" lon="127.427315"/><trkpt lat="36.299612" lon="127.427362"/><trkpt lat="36.299616" lon="127.42741"/><trkpt lat="36.299631" lon="127.427521"/><trkpt lat="36.299642" lon="127.427582"/><trkpt lat="36.299657" lon="127.427624"/><trkpt lat="36.299683" lon="127.427657"/><trkpt lat="36.299714" lon="127.427685"/><trkpt lat="36.300177" lon="127.42805"/><trkpt lat="36.300335" lon="127.428174"/><trkpt lat="36.300378" lon="127.428211"/><trkpt lat="36.300404" lon="127.428244"/><trkpt lat="36.30042" lon="127.428286"/><trkpt lat="36.300432" lon="127.428348"/><trkpt lat="36.300469" lon="127.428572"/><trkpt lat="36.30048" lon="127.428652"/><trkpt lat="36.300482" lon="127.428699"/><trkpt lat="36.300477" lon="127.428746"/><trkpt lat="36.300459" lon="127.428823"/><trkpt lat="36.300399" lon="127.429054"/><trkpt lat="36.300386" lon="127.429115"/><trkpt lat="36.300384" lon="127.429159"/><trkpt lat="36.300405" lon="127.429207"/><trkpt lat="36.300436" lon="127.429254"/><trkpt lat="36.30046" lon="127.429284"/></trkseg>
<trkseg><trkpt lat="36.300814" lon="127.42631"/><trkpt lat="36.300699" lon="127.426296"/><trkpt lat="36.300659" lon="127.426286"/><trkpt lat="36.300623" lon="127.42627"/><trkpt lat="36.300555" lon="127.426233"/><trkpt lat="36.300524" lon="127.426229"/><trkpt lat="36.300497" lon="127.426248"/><trkpt lat="36.300461" lon="127.426284"/><trkpt lat="36.30043" lon="127.426299"/><trkpt lat="36.300383" lon="127.426305"/><trkpt lat="36.300354" lon="127.426317"/><trkpt lat="36.300336" lon="127.426348"/><trkpt lat="36.300316" lon="127.426418"/><trkpt lat="36.300302" lon="127.42646"/><trkpt lat="36.300282" lon="127.426496"/><trkpt lat="36.300259" lon="127.426527"/><trkpt lat="36.30023" lon="127.426556"/><trkpt lat="36.300197" lon="127.426582"/><trkpt lat="36.299791" lon="127.426855"/></trkseg>
<trkseg><trkpt lat="36.299786" lon="127.425566"/><trkpt lat="36.299777" lon="127.42551"/><trkpt lat="36.299771" lon="127.42545"/><trkpt lat="36.299774" lon="127.425404"/><trkpt lat="36.299795" lon="127.425377"/><trkpt lat="36.299853" lon="127.425348"/><trkpt lat="36.299887" lon="127.425329"/><trkpt lat="36.299911" lon="127.425301"/><trkpt lat="36.299927" lon="127.425251"/><trkpt lat="36.299941" lon="127.425221"/><trkpt lat="36.299969" lon="127.425211"/><trkpt lat="36.300014" lon="127.425205"/><trkpt lat="36.30004" lon="127.42519"/><trkpt lat="36.300055" lon="127.425165"/><trkpt lat="36.300069" lon="127.425138"/><trkpt lat="36.300097" lon="127.425117"/><trkpt lat="36.300133" lon="127.425103"/><trkpt lat="36.300225" lon="127.425079"/><trkpt lat="36.300279" lon="127.425069"/><trkpt lat="36.30032" lon="127.425067"/><trkpt lat="36.300385" lon="127.425068"/><trkpt lat="36.300418" lon="127.425065"/><trkpt lat="36.300438" lon="127.425049"/><trkpt lat="36.300447" lon="127.425022"/><trkpt lat="36.300469" lon="127.424998"/><trkpt lat="36.300501" lon="127.424977"/><trkpt lat="36.300584" lon="127.424931"/><trkpt lat="36.300717" lon="127.424861"/></trkseg>
<trkseg><trkpt lat="36.300327" lon="127.425869"/><trkpt lat="36.300311" lon="127.425858"/><trkpt lat="36.30027" lon="127.425842"/><trkpt lat="36.300224" lon="127.425835"/><trkpt lat="36.300161" lon="127.425838"/><trkpt lat="36.300126" lon="127.425834"/><trkpt lat="36.300095" lon="127.425817"/><trkpt lat="36.300048" lon="127.425771"/><trkpt lat="36.300018" lon="127.42575"/><trkpt lat="36.299982" lon="127.425745"/><trkpt lat="36.299918" lon="127.42575"/><trkpt lat="36.299884" lon="127.425744"/><trkpt lat="36.299858" lon="127.425718"/><trkpt lat="36.299834" lon="127.425675"/><trkpt lat="36.299787" lon="127.425568"/><trkpt lat="36.299786" lon="127.425566"/></trkseg>
<trkseg><trkpt lat="36.300814" lon="127.42631"/><trkpt lat="36.300797" lon="127.426305"/><trkpt lat="36.300763" lon="127.426288"/><trkpt lat="36.300734" lon="127.426254"/><trkpt lat="36.300713" lon="127.426203"/><trkpt lat="36.300695" lon="127.426171"/><trkpt lat="36.30065" lon="127.426133"/><trkpt lat="36.300624" lon="127.426106"/><trkpt lat="36.300586" lon="127.42605"/><trkpt lat="36.300563" lon="127.426018"/><trkpt lat="36.300534" lon="127.42599"/><trkpt lat="36.30049" lon="127.425961"/><trkpt lat="36.300327" lon="127.425869"/></trkseg>
<trkseg><trkpt lat="36.300327" lon="127.425869"/><trkpt lat="36.300495" lon="127.42582"/><trkpt lat="36.300546" lon="127.425808"/><trkpt lat="36.300584" lon="127.425806"/><trkpt lat="36.300619" lon="127.425818"/><trkpt lat="36.300652" lon="127.425842"/><trkpt lat="36.300706" lon="127.425885"/><trkpt lat="36.300739" lon="127.425904"/><trkpt lat="36.300774" lon="127.425906"/><trkpt lat="36.300809" lon="127.425893"/><trkpt lat="36.300869" lon="127.425861"/><trkpt lat="36.300927" lon="127.425826"/><trkpt lat="36.300958" lon="127.425803"/><trkpt lat="36.300994" lon="127.425764"/><trkpt lat="36.301026" lon="127.425747"/><trkpt lat="36.301085" lon="127.425729"/><trkpt lat="36.301115" lon="127.425715"/><trkpt lat="36.301135" lon="127.425678"/><trkpt lat="36.301155" lon="127.425648"/><trkpt lat="36.301185" lon="127.425624"/><trkpt lat="36.301267" lon="127.425573"/><trkpt lat="36.301376" lon="127.42551"/><trkpt lat="36.301414" lon="127.425494"/><trkpt lat="36.301596" lon="127.425435"/></trkseg>
<trkseg><trkpt lat="36.300717" lon="127.424861"/><trkpt lat="36.300768" lon="127.424913"/><trkpt lat="36.30081" lon="127.424949"/><trkpt lat="36.300846" lon="127.42497"/><trkpt lat="36.300885" lon="127.42498"/><trkpt lat="36.301019" lon="127.425"/><trkpt lat="36.301059" lon="127.425009"/><trkpt lat="36.301096" lon="127.425024"/><trkpt lat="36.301129" lon="127.425048"/><trkpt lat="36.301159" lon="127.425076"/><trkpt lat="36.301182" lon="127.425108"/><trkpt lat="36.301198" lon="127.425143"/><trkpt lat="36.301198" lon="127.425176"/><trkpt lat="36.301182" lon="127.425207"/><trkpt lat="36.301173" lon="127.425234"/><trkpt lat="36.301188" lon="127.425258"/><trkpt lat="36.301218" lon="127.425273"/><trkpt lat="36.301255" lon="127.425283"/><trkpt lat="36.301412" lon="127.425312"/><trkpt lat="36.30145" lon="127.425322"/><trkpt lat="36.301485" lon="127.425337"/><trkpt lat="36.301522" lon="127.425365"/><trkpt lat="36.301561" lon="127.425401"/><trkpt lat="36.301596" lon="127.425435"/></trkseg>
<trkseg><trkpt lat="36.300717" lon="127.424861"/><trkpt lat="36.300726" lon="127.424849"/><trkpt lat="36.300729" lon="127.424819"/><trkpt lat="36.30071" lon="127.424782"/><trkpt lat="36.300683" lon="127.42475"/><trkpt lat="36.30066" lon="127.42472"/><trkpt lat="36.300649" lon="127.424685"/><trkpt lat="36.300656" lon="127.424644"/><trkpt lat="36.300673" lon="127.424604"/><trkpt lat="36.300699" lon="127.424572"/><trkpt lat="36.300731" lon="127.424546"/><trkpt lat="36.300787" lon="127.424504"/><trkpt lat="36.300815" lon="127.424475"/><trkpt lat="36.300836" lon="127.424435"/><trkpt lat="36.300869" lon="127.424345"/><trkpt lat="36.300886" lon="127.424302"/><trkpt lat="36.300908" lon="127.424266"/><trkpt lat="36.300939" lon="127.424243"/><trkpt lat="36.301014" lon="127.424214"/><trkpt lat="36.301052" lon="127.424197"/><trkpt lat="36.301086" lon="127.424175"/><trkpt lat="36.301123" lon="127.424145"/><trkpt lat="36.301204" lon="127.424075"/></trkseg>
<trkseg><trkpt lat="36.302018" lon="127.425102"/><trkpt lat="36.301971" lon="127.425019"/><trkpt lat="36.301937" lon="127.424956"/><trkpt lat="36.301921" lon="127.424914"/><trkpt lat="36.301915" lon="127.424869"/><trkpt lat="36.301914" lon="127.424789"/><trkpt lat="36.301907" lon="127.424743"/><trkpt lat="36.301892" lon="127.424701"/><trkpt lat="36.301841" lon="127.42459"/><trkpt lat="36.301826" lon="127.424548"/><trkpt lat="36.301817" lon="127.424503"/><trkpt lat="36.301811" lon="127.424426"/><trkpt lat="36.301801" lon="127.424385"/><trkpt lat="36.301782" lon="127.424356"/><trkpt lat="36.301756" lon="127.424335"/><trkpt lat="36.301719" lon="127.424322"/><trkpt lat="36.301653" lon="127.424312"/><trkpt lat="36.301308" lon="127.424271"/><trkpt lat="36.301257" lon="127.42426"/><trkpt lat="36.301228" lon="127.424243"/><trkpt lat="36.301212" lon="127.424202"/><trkpt lat="36.301206" lon="127.424139"/><trkpt lat="36.301204" lon="127.424075"/></trkseg>
<trkseg><trkpt lat="36.301204" lon="127.424075"/><trkpt lat="36.301213" lon="127.424091"/><trkpt lat="36.301235" lon="127.424112"/><trkpt lat="36.30127" lon="127.424108"/><trkpt lat="36.301322" lon="127.424061"/><trkpt lat="36.301364" lon="127.424024"/><trkpt lat="36.301398" lon="127.424003"/><trkpt lat="36.301469" lon="127.423973"/><trkpt lat="36.301503" lon="127.423956"/><trkpt lat="36.301534" lon="127.423932"/><trkpt lat="36.30156" lon="127.423897"/><trkpt lat="36.301603" lon="127.423836"/><trkpt lat="36.301633" lon="127.423807"/><trkpt lat="36.301666" lon="127.423783"/><trkpt lat="36.30177" lon="127.42372"/><trkpt lat="36.301814" lon="127.423689"/><trkpt lat="36.301843" lon="127.423661"/><trkpt lat="36.301884" lon="127.423608"/><trkpt lat="36.301909" lon="127.423579"/><trkpt lat="36.301943" lon="127.423555"/><trkpt lat="36.302017" lon="127.42352"/><trkpt lat="36.302168" lon="127.423453"/><trkpt lat="36.302204" lon="127.423434"/><trkpt lat="36.302235" lon="127.423409"/><trkpt lat="36.302264" lon="127.423368"/><trkpt lat="36.302288" lon="127.42335"/><trkpt lat="36.302315" lon="127.423353"/><trkpt lat="36.302341" lon="127.423367"/><trkpt lat="36.302358" lon="127.423385"/><trkpt lat="36.302374" lon="127.423393"/><trkpt lat="36.302401" lon="127.423379"/><trkpt lat="36.302443" lon="127.423344"/><trkpt lat="36.302661" lon="127.423144"/></trkseg>
<trkseg><trkpt lat="36.302661" lon="127.423144"/><trkpt lat="36.302676" lon="127.423125"/><trkpt lat="36.302703" lon="127.423101"/><trkpt lat="36.302738" lon="127.423087"/><trkpt lat="36.302779" lon="127.423084"/><trkpt lat="36.302902" lon="127.423082"/><trkpt lat="36.302931" lon="127.423086"/><trkpt lat="36.302957" lon="127.423098"/><trkpt lat="36.302977" lon="127.423123"/><trkpt lat="36.303008" lon="127.423173"/><trkpt lat="36.303078" lon="127.4233"/></trkseg>
<trkseg><trkpt lat="36.30294" lon="127.42362"/><trkpt lat="36.302871" lon="127.423413"/><trkpt lat="36.302859" lon="127.423382"/><trkpt lat="36.302842" lon="127.423354"/><trkpt lat="36.302815" lon="127.423321"/><trkpt lat="36.302661" lon="127.423144"/></trkseg>
<trkseg><trkpt lat="36.303078" lon="127.4233"/><trkpt lat="36.30294" lon="127.42362"/></trkseg>
<trkseg><trkpt lat="36.303078" lon="127.4233"/><trkpt lat="36.303238" lon="127.423436"/><trkpt lat="36.303269" lon="127.423458"/><trkpt lat="36.303302" lon="127.423472"/><trkpt lat="36.303339" lon="127.423479"/><trkpt lat="36.303528" lon="127.423486"/><trkpt lat="36.303667" lon="127.423492"/></trkseg>
<trkseg><trkpt lat="36.30294" lon="127.42362"/><trkpt lat="36.302958" lon="127.423674"/><trkpt lat="36.302983" lon="127.423726"/><trkpt lat="36.303014" lon="127.423764"/><trkpt lat="36.303058" lon="127.4238"/><trkpt lat="36.30325" lon="127.423952"/><trkpt lat="36.303283" lon="127.423974"/><trkpt lat="36.303314" lon="127.423986"/><trkpt lat="36.303339" lon="127.423973"/><trkpt lat="36.30338" lon="127.423907"/><trkpt lat="36.303401" lon="127.423881"/><trkpt lat="36.303427" lon="127.42388"/><trkpt lat="36.303457" lon="127.423901"/><trkpt lat="36.303508" lon="127.423952"/><trkpt lat="36.303693" lon="127.424146"/><trkpt lat="36.303736" lon="127.424184"/><trkpt lat="36.30377" lon="127.424205"/><trkpt lat="36.303806" lon="127.424221"/><trkpt lat="36.303979" lon="127.424281"/></trkseg>
<trkseg><trkpt lat="36.302018" lon="127.425102"/><trkpt lat="36.302447" lon="127.425042"/><trkpt lat="36.3025" lon="127.425031"/><trkpt lat="36.302587" lon="127.425"/><trkpt lat="36.302762" lon="127.424937"/><trkpt lat="36.3028" lon="127.424928"/><trkpt lat="36.302839" lon="127.424923"/><trkpt lat="36.303008" lon="127.424913"/><trkpt lat="36.303073" lon="127.424908"/><trkpt lat="36.303111" lon="127.424901"/><trkpt lat="36.303147" lon="127.424887"/><trkpt lat="36.303216" lon="127.42485"/><trkpt lat="36.303251" lon="127.424836"/><trkpt lat="36.303313" lon="127.424828"/><trkpt lat="36.303349" lon="127.42482"/><trkpt lat="36.303381" lon="127.424798"/><trkpt lat="36.303412" lon="127.424769"/><trkpt lat="36.303463" lon="127.424719"/><trkpt lat="36.303496" lon="127.424696"/><trkpt lat="36.303532" lon="127.424685"/><trkpt lat="36.30357" lon="127.424681"/><trkpt lat="36.3037" lon="127.424677"/><trkpt lat="36.303751" lon="127.424673"/><trkpt lat="36.303787" lon="127.424663"/><trkpt lat="36.303822" lon="127.424634"/><trkpt lat="36.303857" lon="127.424591"/><trkpt lat="36.303888" lon="127.424548"/></trkseg>
<trkseg><trkpt lat="36.30389" lon="127.424794"/><trkpt lat="36.30389" lon="127.42482"/><trkpt lat="36.303878" lon="127.424865"/><trkpt lat="36.303846" lon="127.424891"/><trkpt lat="36.303809" lon="127.424896"/><trkpt lat="36.303718" lon="127.424903"/><trkpt lat="36.303681" lon="127.424911"/><trkpt lat="36.303648" lon="127.424931"/><trkpt lat="36.303618" lon="127.424959"/><trkpt lat="36.303532" lon="127.425054"/><trkpt lat="36.303502" lon="127.425081"/><trkpt lat="36.303467" lon="127.425099"/><trkpt lat="36.303416" lon="127.425112"/><trkpt lat="36.303205" lon="127.425149"/><trkpt lat="36.303153" lon="127.425161"/><trkpt lat="36.303116" lon="127.425176"/><trkpt lat="36.303083" lon="127.425201"/><trkpt lat="36.303031" lon="127.425251"/><trkpt lat="36.302988" lon="127.42529"/><trkpt lat="36.302952" lon="127.42531"/><trkpt lat="36.302901" lon="127.425327"/><trkpt lat="36.302835" lon="127.425343"/><trkpt lat="36.302798" lon="127.425349"/><trkpt lat="36.302766" lon="127.425343"/><trkpt lat="36.302742" lon="127.425321"/><trkpt lat="36.302723" lon="127.425314"/><trkpt lat="36.30268" lon="127.425336"/><trkpt lat="36.302646" lon="127.425348"/><trkpt lat="36.302608" lon="127.425352"/><trkpt lat="36.302571" lon="127.425346"/><trkpt lat="36.30253" lon="127.425327"/><trkpt lat="36.302498" lon="127.425326"/><trkpt lat="36.302464" lon="127.425341"/><trkpt lat="36.302406" lon="127.425375"/><trkpt lat="36.302219" lon="127.425495"/></trkseg>
<trkseg><trkpt lat="36.302196" lon="127.425613"/><trkpt lat="36.302261" lon="127.425771"/><trkpt lat="36.30228" lon="127.425813"/><trkpt lat="36.302301" lon="127.425849"/><trkpt lat="36.302327" lon="127.425872"/><trkpt lat="36.30236" lon="127.425879"/><trkpt lat="36.302395" lon="127.425878"/><trkpt lat="36.302433" lon="127.425869"/><trkpt lat="36.302497" lon="127.425844"/><trkpt lat="36.303019" lon="127.425619"/><trkpt lat="36.303236" lon="127.425527"/><trkpt lat="36.303275" lon="127.425514"/><trkpt lat="36.303328" lon="127.425503"/><trkpt lat="36.303446" lon="127.425483"/><trkpt lat="36.303484" lon="127.425469"/><trkpt lat="36.303532" lon="127.425439"/><trkpt lat="36.30381" lon="127.425234"/><trkpt lat="36.303878" lon="127.42518"/><trkpt lat="36.303919" lon="127.425139"/><trkpt lat="36.304075" lon="127.424965"/><trkpt lat="36.304113" lon="127.42492"/><trkpt lat="36.304136" lon="127.424882"/><trkpt lat="36.304154" lon="127.42484"/><trkpt lat="36.304167" lon="127.424796"/><trkpt lat="36.304172" lon="127.42475"/><trkpt lat="36.304172" lon="127.424703"/><trkpt lat="36.304163" lon="127.424557"/><trkpt lat="36.304162" lon="127.424546"/></trkseg>
<trkseg><trkpt lat="36.302196" lon="127.425613"/><trkpt lat="36.301995" lon="127.425709"/><trkpt lat="36.301973" lon="127.425723"/><trkpt lat="36.301958" lon="127.425743"/><trkpt lat="36.301949" lon="127.425768"/><trkpt lat="36.301937" lon="127.425835"/><trkpt lat="36.301925" lon="127.425859"/><trkpt lat="36.301903" lon="127.425867"/><trkpt lat="36.301884" lon="127.425863"/><trkpt lat="36.301882" lon="127.425862"/></trkseg>
<trkseg><trkpt lat="36.302219" lon="127.425495"/><trkpt lat="36.3022" lon="127.425495"/><trkpt lat="36.302172" lon="127.425487"/><trkpt lat="36.302149" lon="127.425468"/><trkpt lat="36.302103" lon="127.425412"/><trkpt lat="36.302076" lon="127.425375"/><trkpt lat="36.302065" lon="127.425349"/><trkpt lat="36.302055" lon="127.425311"/><trkpt lat="36.302018" lon="127.425102"/></trkseg>
<trkseg><trkpt lat="36.302196" lon="127.425613"/><trkpt lat="36.302062" lon="127.425551"/><trkpt lat="36.302018" lon="127.425535"/><trkpt lat="36.301985" lon="127.425532"/><trkpt lat="36.301953" lon="127.425545"/><trkpt lat="36.301922" lon="127.425565"/><trkpt lat="36.301768" lon="127.425686"/><trkpt lat="36.301655" lon="127.425773"/></trkseg>
<trkseg><trkpt lat="36.302219" lon="127.425495"/><trkpt lat="36.302196" lon="127.425613"/></trkseg>
<trkseg><trkpt lat="36.301596" lon="127.425435"/><trkpt lat="36.301718" lon="127.425313"/><trkpt lat="36.301745" lon="127.425294"/><trkpt lat="36.301773" lon="127.425283"/><trkpt lat="36.301872" lon="127.425261"/><trkpt lat="36.30191" lon="127.42525"/><trkpt lat="36.301935" lon="127.425234"/><trkpt lat="36.301957" lon="127.425208"/><trkpt lat="36.301995" lon="127.425142"/><trkpt lat="36.302018" lon="127.425102"/></trkseg>
<trkseg><trkpt lat="36.301596" lon="127.425435"/><trkpt lat="36.30159" lon="127.425617"/><trkpt lat="36.301586" lon="127.425645"/><trkpt lat="36.301578" lon="127.42567"/><trkpt lat="36.301539" lon="127.425741"/><trkpt lat="36.301528" lon="127.425764"/><trkpt lat="36.301525" lon="127.425787"/><trkpt lat="36.301533" lon="127.425813"/><trkpt lat="36.301554" lon="127.425853"/><trkpt lat="36.301564" lon="127.425872"/></trkseg>
<trkseg><trkpt lat="36.301655" lon="127.425773"/><trkpt lat="36.301564" lon="127.425872"/></trkseg>
<trkseg><trkpt lat="36.301882" lon="127.425862"/><trkpt lat="36.301655" lon="127.425773"/></trkseg>
<trkseg><trkpt lat="36.301882" lon="127.425862"/><trkpt lat="36.301876" lon="127.426155"/><trkpt lat="36.301872" lon="127.426202"/><trkpt lat="36.301861" lon="127.426243"/><trkpt lat="36.301837" lon="127.426277"/><trkpt lat="36.301806" lon="127.426305"/><trkpt lat="36.301682" lon="127.426402"/><trkpt lat="36.301571" lon="127.426492"/><trkpt lat="36.30154" lon="127.426523"/><trkpt lat="36.301504" lon="127.426569"/><trkpt lat="36.301459" lon="127.426629"/><trkpt lat="36.30143" lon="127.426659"/><trkpt lat="36.301396" lon="127.426678"/><trkpt lat="36.301345" lon="127.426697"/><trkpt lat="36.301204" lon="127.426741"/><trkpt lat="36.301167" lon="127.426755"/><trkpt lat="36.301133" lon="127.426776"/><trkpt lat="36.301104" lon="127.426805"/><trkpt lat="36.30106" lon="127.426858"/><trkpt lat="36.301005" lon="127.426928"/></trkseg>
<trkseg><trkpt lat="36.302868" lon="127.427483"/><trkpt lat="36.302858" lon="127.427463"/><trkpt lat="36.302831" lon="127.427428"/><trkpt lat="36.302793" lon="127.42741"/><trkpt lat="36.302758" lon="127.427409"/><trkpt lat="36.302723" lon="127.427399"/><trkpt lat="36.302689" lon="127.427378"/><trkpt lat="36.302633" lon="127.427337"/><trkpt lat="36.302589" lon="127.4273"/><trkpt lat="36.302559" lon="127.42727"/><trkpt lat="36.302535" lon="127.427233"/><trkpt lat="36.302449" lon="127.42707"/><trkpt lat="36.302372" lon="127.426919"/><trkpt lat="36.302354" lon="127.426877"/><trkpt lat="36.302345" lon="127.426832"/><trkpt lat="36.302345" lon="127.426784"/><trkpt lat="36.302354" lon="127.426686"/><trkpt lat="36.302355" lon="127.426638"/><trkpt lat="36.302345" lon="127.426594"/><trkpt lat="36.302326" lon="127.426553"/><trkpt lat="36.30229" lon="127.426487"/><trkpt lat="36.302257" lon="127.426437"/><trkpt lat="36.302228" lon="127.426402"/><trkpt lat="36.302103" lon="127.426274"/><trkpt lat="36.302043" lon="127.426209"/><trkpt lat="36.302017" lon="127.426172"/><trkpt lat="36.301996" lon="127.426132"/><trkpt lat="36.301882" lon="127.425862"/></trkseg>
<trkseg><trkpt lat="36.301564" lon="127.425872"/><trkpt lat="36.301532" lon="127.425864"/><trkpt lat="36.30149" lon="127.425868"/><trkpt lat="36.301462" lon="127.4259"/><trkpt lat="36.301429" lon="127.425986"/><trkpt lat="36.301408" lon="127.426026"/><trkpt lat="36.301381" lon="127.426056"/><trkpt lat="36.301348" lon="127.42608"/><trkpt lat="36.301313" lon="127.426096"/><trkpt lat="36.301274" lon="127.426105"/><trkpt lat="36.301183" lon="127.426118"/><trkpt lat="36.301132" lon="127.42612"/><trkpt lat="36.301098" lon="127.426116"/><trkpt lat="36.301075" lon="127.426107"/><trkpt lat="36.30105" lon="127.42611"/><trkpt lat="36.301013" lon="127.426137"/><trkpt lat="36.300953" lon="127.426196"/><trkpt lat="36.300952" lon="127.426197"/></trkseg>
<trkseg><trkpt lat="36.300952" lon="127.426197"/><trkpt lat="36.300916" lon="127.426264"/><trkpt lat="36.300909" lon="127.426272"/><trkpt lat="36.300891" lon="127.426282"/><trkpt lat="36.300814" lon="127.42631"/></trkseg>
<trkseg><trkpt lat="36.300952" lon="127.426197"/><trkpt lat="36.300971" lon="127.426233"/><trkpt lat="36.300984" lon="127.426263"/><trkpt lat="36.300987" lon="127.426288"/><trkpt lat="36.30098" lon="127.426312"/><trkpt lat="36.300959" lon="127.42636"/><trkpt lat="36.300942" lon="127.426388"/><trkpt lat="36.300925" lon="127.426407"/><trkpt lat="36.300874" lon="127.42645"/><trkpt lat="36.300855" lon="127.426462"/><trkpt lat="36.300836" lon="127.426466"/><trkpt lat="36.300813" lon="127.426457"/><trkpt lat="36.300781" lon="127.426434"/><trkpt lat="36.300766" lon="127.426422"/></trkseg>
<trkseg><trkpt lat="36.300766" lon="127.426422"/><trkpt lat="36.300746" lon="127.426346"/><trkpt lat="36.300747" lon="127.426338"/><trkpt lat="36.300751" lon="127.426332"/><trkpt lat="36.300814" lon="127.42631"/></trkseg>
<trkseg><trkpt lat="36.301005" lon="127.426928"/><trkpt lat="36.300766" lon="127.426422"/></trkseg>
<trkseg><trkpt lat="36.301164" lon="127.427281"/><trkpt lat="36.301047" lon="127.427182"/><trkpt lat="36.301033" lon="127.427164"/><trkpt lat="36.301024" lon="127.427143"/><trkpt lat="36.301019" lon="127.42711"/><trkpt lat="36.301005" lon="127.426928"/></trkseg>
<trkseg><trkpt lat="36.301354" lon="127.427885"/><trkpt lat="36.301307" lon="127.427875"/><trkpt lat="36.30126" lon="127.427862"/><trkpt lat="36.301229" lon="127.427843"/><trkpt lat="36.301219" lon="127.427813"/><trkpt lat="36.301221" lon="127.427774"/><trkpt lat="36.301233" lon="127.427672"/><trkpt lat="36.301235" lon="127.427629"/><trkpt lat="36.30123" lon="127.427585"/><trkpt lat="36.30121" lon="127.427483"/><trkpt lat="36.301164" lon="127.427281"/></trkseg>
<trkseg><trkpt lat="36.302299" lon="127.427508"/><trkpt lat="36.302122" lon="127.427435"/><trkpt lat="36.302084" lon="127.427424"/><trkpt lat="36.302045" lon="127.427419"/><trkpt lat="36.301754" lon="127.427411"/><trkpt lat="36.301636" lon="127.427405"/><trkpt lat="36.301583" lon="127.427396"/><trkpt lat="36.301164" lon="127.427281"/></trkseg>
<trkseg><trkpt lat="36.302868" lon="127.427483"/><trkpt lat="36.302826" lon="127.42754"/><trkpt lat="36.302789" lon="127.42758"/><trkpt lat="36.302752" lon="127.427604"/><trkpt lat="36.302604" lon="127.427674"/><trkpt lat="36.302543" lon="127.427701"/><trkpt lat="36.302507" lon="127.42771"/><trkpt lat="36.302475" lon="127.427704"/><trkpt lat="36.302449" lon="127.427677"/><trkpt lat="36.302424" lon="127.427641"/><trkpt lat="36.30238" lon="127.427574"/><trkpt lat="36.302343" lon="127.427532"/><trkpt lat="36.302312" lon="127.427512"/><trkpt lat="36.302299" lon="127.427508"/></trkseg>
<trkseg><trkpt lat="36.303078" lon="127.427541"/><trkpt lat="36.302963" lon="127.427454"/><trkpt lat="36.302947" lon="127.427444"/><trkpt lat="36.302934" lon="127.427442"/><trkpt lat="36.302922" lon="127.427447"/><trkpt lat="36.302868" lon="127.427483"/></trkseg>
<trkseg><trkpt lat="36.303325" lon="127.42755"/><trkpt lat="36.303078" lon="127.427541"/></trkseg>
<trkseg><trkpt lat="36.303078" lon="127.427541"/><trkpt lat="36.302813" lon="127.427734"/><trkpt lat="36.302789" lon="127.427758"/><trkpt lat="36.30276" lon="127.427793"/><trkpt lat="36.302663" lon="127.427926"/></trkseg>
<trkseg><trkpt lat="36.303961" lon="127.429656"/><trkpt lat="36.303937" lon="127.429494"/><trkpt lat="36.303928" lon="127.429446"/><trkpt lat="36.303914" lon="127.429402"/><trkpt lat="36.303892" lon="127.429362"/><trkpt lat="36.303865" lon="127.429326"/><trkpt lat="36.303836" lon="127.429293"/><trkpt lat="36.303805" lon="127.429264"/><trkpt lat="36.303771" lon="127.429246"/><trkpt lat="36.303735" lon="127.429237"/><trkpt lat="36.303697" lon="127.429231"/><trkpt lat="36.30366" lon="127.42923"/><trkpt lat="36.303624" lon="127.429236"/><trkpt lat="36.303579" lon="127.42925"/><trkpt lat="36.303545" lon="127.429251"/><trkpt lat="36.303511" lon="127.429235"/><trkpt lat="36.303478" lon="127.429212"/><trkpt lat="36.3034" lon="127.429151"/><trkpt lat="36.30337" lon="127.429122"/><trkpt lat="36.303346" lon="127.429087"/><trkpt lat="36.303331" lon="127.429043"/><trkpt lat="36.303312" lon="127.428965"/><trkpt lat="36.303225" lon="127.428566"/><trkpt lat="36.303212" lon="127.428521"/><trkpt lat="36.303192" lon="127.428483"/><trkpt lat="36.303164" lon="127.428454"/><trkpt lat="36.303133" lon="127.428435"/><trkpt lat="36.3031" lon="127.428432"/><trkpt lat="36.303067" lon="127.428447"/><trkpt lat="36.302999" lon="127.428495"/><trkpt lat="36.302967" lon="127.428515"/><trkpt lat="36.302935" lon="127.428522"/><trkpt lat="36.302907" lon="127.428505"/><trkpt lat="36.302881" lon="127.428475"/><trkpt lat="36.302856" lon="127.428439"/><trkpt lat="36.302834" lon="127.4284"/><trkpt lat="36.302815" lon="127.428357"/><trkpt lat="36.302731" lon="127.428119"/><trkpt lat="36.302663" lon="127.427926"/></trkseg>
<trkseg><trkpt lat="36.302663" lon="127.427926"/><trkpt lat="36.3026" lon="127.427907"/><trkpt lat="36.302523" lon="127.427886"/><trkpt lat="36.302486" lon="127.427881"/><trkpt lat="36.30245" lon="127.427887"/><trkpt lat="36.302415" lon="127.427905"/><trkpt lat="36.30237" lon="127.427936"/><trkpt lat="36.302236" lon="127.428035"/><trkpt lat="36.302202" lon="127.428055"/><trkpt lat="36.302167" lon="127.428063"/><trkpt lat="36.302129" lon="127.428059"/><trkpt lat="36.302065" lon="127.428045"/><trkpt lat="36.302029" lon="127.428049"/><trkpt lat="36.301994" lon="127.428069"/><trkpt lat="36.301953" lon="127.428104"/><trkpt lat="36.301903" lon="127.428152"/></trkseg>
<trkseg><trkpt lat="36.302299" lon="127.427508"/><trkpt lat="36.302105" lon="127.427549"/><trkpt lat="36.302068" lon="127.42756"/><trkpt lat="36.302035" lon="127.427576"/><trkpt lat="36.302013" lon="127.427608"/><trkpt lat="36.302" lon="127.427652"/><trkpt lat="36.301969" lon="127.427813"/><trkpt lat="36.301903" lon="127.428152"/></trkseg>
<trkseg><trkpt lat="36.301903" lon="127.428152"/><trkpt lat="36.301891" lon="127.42808"/><trkpt lat="36.301882" lon="127.428041"/><trkpt lat="36.301873" lon="127.428021"/><trkpt lat="36.301857" lon="127.428014"/><trkpt lat="36.301821" lon="127.428018"/><trkpt lat="36.301798" lon="127.428015"/><trkpt lat="36.301768" lon="127.428005"/><trkpt lat="36.301605" lon="127.427931"/></trkseg>
<trkseg><trkpt lat="36.301904" lon="127.428368"/><trkpt lat="36.301903" lon="127.428152"/></trkseg>
<trkseg><trkpt lat="36.303129" lon="127.42973"/><trkpt lat="36.303079" lon="127.429733"/><trkpt lat="36.303029" lon="127.429725"/><trkpt lat="36.302989" lon="127.429707"/><trkpt lat="36.30286" lon="127.429627"/><trkpt lat="36.302791" lon="127.429581"/><trkpt lat="36.302758" lon="127.429555"/><trkpt lat="36.302731" lon="127.429523"/><trkpt lat="36.302707" lon="127.429484"/><trkpt lat="36.302686" lon="127.429444"/><trkpt lat="36.302669" lon="127.429401"/><trkpt lat="36.302661" lon="127.429358"/><trkpt lat="36.302652" lon="127.429289"/><trkpt lat="36.302638" lon="127.429254"/><trkpt lat="36.302612" lon="127.429226"/><trkpt lat="36.30256" lon="127.429186"/><trkpt lat="36.302532" lon="127.429159"/><trkpt lat="36.302509" lon="127.429117"/><trkpt lat="36.30249" lon="127.429092"/><trkpt lat="36.302459" lon="127.429081"/><trkpt lat="36.302423" lon="127.429076"/><trkpt lat="36.302348" lon="127.429068"/><trkpt lat="36.302312" lon="127.429058"/><trkpt lat="36.302279" lon="127.429037"/><trkpt lat="36.30225" lon="127.429005"/><trkpt lat="36.302194" lon="127.428936"/><trkpt lat="36.302164" lon="127.428906"/><trkpt lat="36.302129" lon="127.428885"/><trkpt lat="36.30204" lon="127.428847"/><trkpt lat="36.30199" lon="127.428825"/><trkpt lat="36.301958" lon="127.428803"/><trkpt lat="36.301935" lon="127.428771"/><trkpt lat="36.301921" lon="127.428729"/><trkpt lat="36.301903" lon="127.428654"/><trkpt lat="36.301884" lon="127.428561"/><trkpt lat="36.30188" lon="127.428513"/><trkpt lat="36.301886" lon="127.428457"/><trkpt lat="36.301896" lon="127.428402"/><trkpt lat="36.301904" lon="127.428368"/></trkseg>
<trkseg><trkpt lat="36.301904" lon="127.428368"/><trkpt lat="36.301871" lon="127.428393"/><trkpt lat="36.301834" lon="127.428411"/><trkpt lat="36.301799" lon="127.428407"/><trkpt lat="36.301772" lon="127.428384"/><trkpt lat="36.301751" lon="127.428352"/><trkpt lat="36.301736" lon="127.428313"/><trkpt lat="36.301701" lon="127.428203"/><trkpt lat="36.301685" lon="127.428165"/><trkpt lat="36.301664" lon="127.428132"/><trkpt lat="36.301609" lon="127.428061"/><trkpt lat="36.301591" lon="127.428024"/><trkpt lat="36.301591" lon="127.427978"/><trkpt lat="36.301601" lon="127.42794"/><trkpt lat="36.301605" lon="127.427931"/></trkseg>
<trkseg><trkpt lat="36.301277" lon="127.428192"/><trkpt lat="36.301322" lon="127.428196"/><trkpt lat="36.301354" lon="127.428196"/><trkpt lat="36.301373" lon="127.42819"/><trkpt lat="36.301388" lon="127.428175"/><trkpt lat="36.301467" lon="127.42805"/><trkpt lat="36.301536" lon="127.427938"/></trkseg>
<trkseg><trkpt lat="36.301605" lon="127.427931"/><trkpt lat="36.301536" lon="127.427938"/></trkseg>
<trkseg><trkpt lat="36.301536" lon="127.427938"/><trkpt lat="36.301354" lon="127.427885"/></trkseg>
<trkseg><trkpt lat="36.300907" lon="127.429458"/><trkpt lat="36.300878" lon="127.429384"/><trkpt lat="36.300858" lon="127.429325"/><trkpt lat="36.300847" lon="127.429278"/><trkpt lat="36.300846" lon="127.429232"/><trkpt lat="36.300853" lon="127.429185"/><trkpt lat="36.300906" lon="127.428969"/><trkpt lat="36.300922" lon="127.428908"/><trkpt lat="36.300938" lon="127.428866"/><trkpt lat="36.300963" lon="127.428832"/><trkpt lat="36.300993" lon="127.428801"/><trkpt lat="36.301073" lon="127.42869"/><trkpt lat="36.301051" lon="127.428568"/><trkpt lat="36.301046" lon="127.428521"/><trkpt lat="36.301047" lon="127.428473"/><trkpt lat="36.301053" lon="127.428424"/><trkpt lat="36.301062" lon="127.428377"/><trkpt lat="36.301075" lon="127.428333"/><trkpt lat="36.301219" lon="127.428207"/><trkpt lat="36.301258" lon="127.428192"/><trkpt lat="36.301277" lon="127.428192"/></trkseg>
<trkseg><trkpt lat="36.301277" lon="127.428192"/><trkpt lat="36.301334" lon="127.42813"/><trkpt lat="36.301348" lon="127.428111"/><trkpt lat="36.301353" lon="127.428093"/><trkpt lat="36.301355" lon="127.428066"/><trkpt lat="36.301354" lon="127.427885"/></trkseg>
<trkseg><trkpt lat="36.30046" lon="127.429284"/><trkpt lat="36.30045" lon="127.429227"/><trkpt lat="36.300442" lon="127.429166"/><trkpt lat="36.300443" lon="127.429113"/><trkpt lat="36.300455" lon="127.429069"/><trkpt lat="36.30048" lon="127.429011"/><trkpt lat="36.30066" lon="127.428623"/><trkpt lat="36.300689" lon="127.428567"/><trkpt lat="36.300713" lon="127.428529"/><trkpt lat="36.300749" lon="127.428483"/><trkpt lat="36.300842" lon="127.428371"/><trkpt lat="36.30087" lon="127.42834"/><trkpt lat="36.300902" lon="127.428315"/><trkpt lat="36.300937" lon="127.428299"/><trkpt lat="36.301013" lon="127.428278"/><trkpt lat="36.301049" lon="127.428263"/><trkpt lat="36.301082" lon="127.428239"/><trkpt lat="36.301132" lon="127.42819"/><trkpt lat="36.301162" lon="127.428167"/><trkpt lat="36.301204" lon="127.428164"/><trkpt lat="36.301248" lon="127.428178"/><trkpt lat="36.301277" lon="127.428192"/></trkseg>
<trkseg><trkpt lat="36.300907" lon="127.429458"/><trkpt lat="36.300809" lon="127.429337"/><trkpt lat="36.300779" lon="127.429307"/><trkpt lat="36.300754" lon="127.429291"/><trkpt lat="36.300707" lon="127.429274"/><trkpt lat="36.30064" lon="127.429256"/><trkpt lat="36.300611" lon="127.429252"/><trkpt lat="36.300583" lon="127.429254"/><trkpt lat="36.30046" lon="127.429284"/></trkseg>
<trkseg><trkpt lat="36.30046" lon="127.429284"/><trkpt lat="36.300261" lon="127.429501"/><trkpt lat="36.300225" lon="127.429547"/><trkpt lat="36.300202" lon="127.429587"/><trkpt lat="36.30017" lon="127.42966"/><trkpt lat="36.299976" lon="127.430157"/><trkpt lat="36.299957" lon="127.430197"/><trkpt lat="36.299934" lon="127.430221"/><trkpt lat="36.299905" lon="127.430218"/><trkpt lat="36.299871" lon="127.430201"/><trkpt lat="36.29979" lon="127.430148"/><trkpt lat="36.299755" lon="127.430131"/><trkpt lat="36.29972" lon="127.430126"/><trkpt lat="36.299684" lon="127.430138"/><trkpt lat="36.299624" lon="127.43017"/><trkpt lat="36.299444" lon="127.430275"/><trkpt lat="36.299409" lon="127.430299"/><trkpt lat="36.299379" lon="127.430327"/><trkpt lat="36.299353" lon="127.430363"/><trkpt lat="36.299251" lon="127.430533"/><trkpt lat="36.29915" lon="127.430704"/><trkpt lat="36.29913" lon="127.430745"/><trkpt lat="36.299119" lon="127.43079"/><trkpt lat="36.299109" lon="127.430886"/><trkpt lat="36.299103" lon="127.430933"/><trkpt lat="36.29909" lon="127.430979"/><trkpt lat="36.299072" lon="127.431022"/><trkpt lat="36.29905" lon="127.431064"/><trkpt lat="36.299026" lon="127.431102"/><trkpt lat="36.298989" lon="127.431148"/><trkpt lat="36.298832" lon="127.431321"/><trkpt lat="36.298784" lon="127.431376"/><trkpt lat="36.29876" lon="127.431412"/><trkpt lat="36.298746" lon="127.431454"/><trkpt lat="36.298739" lon="127.4315"/><trkpt lat="36.298731" lon="127.43163"/><trkpt lat="36.298724" lon="127.431693"/><trkpt lat="36.298712" lon="127.431738"/><trkpt lat="36.298694" lon="127.431779"/><trkpt lat="36.298605" lon="127.431938"/><trkpt lat="36.298558" lon="127.432014"/><trkpt lat="36.298531" lon="127.432049"/><trkpt lat="36.298479" lon="127.432102"/><trkpt lat="36.298279" lon="127.432296"/><trkpt lat="36.298246" lon="127.432325"/><trkpt lat="36.298176" lon="127.432372"/><trkpt lat="36.297854" lon="127.43257"/></trkseg>
<trkseg><trkpt lat="36.301471" lon="127.430403"/><trkpt lat="36.301181" lon="127.430243"/><trkpt lat="36.30115" lon="127.430215"/><trkpt lat="36.301124" lon="127.430182"/><trkpt lat="36.301108" lon="127.43014"/><trkpt lat="36.301098" lon="127.430093"/><trkpt lat="36.301061" lon="127.429865"/><trkpt lat="36.301047" lon="127.429801"/><trkpt lat="36.301031" lon="127.429758"/><trkpt lat="36.30101" lon="127.429717"/><trkpt lat="36.300907" lon="127.429458"/></trkseg>
<trkseg><trkpt lat="36.299433" lon="127.433774"/><trkpt lat="36.29938" lon="127.433729"/><trkpt lat="36.299336" lon="127.433699"/><trkpt lat="36.299297" lon="127.433685"/><trkpt lat="36.299257" lon="127.43368"/><trkpt lat="36.299123" lon="127.433672"/><trkpt lat="36.29907" lon="127.433666"/><trkpt lat="36.29903" lon="127.433655"/><trkpt lat="36.298979" lon="127.433635"/><trkpt lat="36.29893" lon="127.433611"/><trkpt lat="36.298895" lon="127.433588"/><trkpt lat="36.298864" lon="127.43356"/><trkpt lat="36.298764" lon="127.433458"/><trkpt lat="36.298724" lon="127.433419"/><trkpt lat="36.298692" lon="127.433395"/><trkpt lat="36.298657" lon="127.433382"/><trkpt lat="36.298619" lon="127.433379"/><trkpt lat="36.298489" lon="127.433382"/><trkpt lat="36.29845" lon="127.433381"/><trkpt lat="36.298413" lon="127.433372"/><trkpt lat="36.298377" lon="127.433355"/><trkpt lat="36.298319" lon="127.43332"/><trkpt lat="36.298274" lon="127.433288"/><trkpt lat="36.298243" lon="127.433259"/><trkpt lat="36.298202" lon="127.433215"/><trkpt lat="36.298027" lon="127.433008"/><trkpt lat="36.298002" lon="127.432971"/><trkpt lat="36.297982" lon="127.432929"/><trkpt lat="36.297949" lon="127.43284"/><trkpt lat="36.297854" lon="127.43257"/></trkseg>
<trkseg><trkpt lat="36.297854" lon="127.43257"/><trkpt lat="36.297805" lon="127.432573"/><trkpt lat="36.297756" lon="127.432587"/><trkpt lat="36.297719" lon="127.432611"/><trkpt lat="36.297666" lon="127.432658"/><trkpt lat="36.297637" lon="127.432688"/><trkpt lat="36.2976" lon="127.432735"/><trkpt lat="36.297246" lon="127.433244"/></trkseg>
<trkseg><trkpt lat="36.297246" lon="127.433244"/><trkpt lat="36.297549" lon="127.433813"/><trkpt lat="36.297569" lon="127.433855"/><trkpt lat="36.297583" lon="127.4339"/><trkpt lat="36.297591" lon="127.433948"/><trkpt lat="36.297606" lon="127.434129"/><trkpt lat="36.297612" lon="127.434177"/><trkpt lat="36.297624" lon="127.434224"/><trkpt lat="36.297645" lon="127.434284"/><trkpt lat="36.297778" lon="127.434628"/><trkpt lat="36.297927" lon="127.435016"/><trkpt lat="36.297947" lon="127.435059"/><trkpt lat="36.29797" lon="127.435099"/><trkpt lat="36.298006" lon="127.435148"/><trkpt lat="36.298247" lon="127.435458"/><trkpt lat="36.298285" lon="127.435502"/><trkpt lat="36.298318" lon="127.435527"/><trkpt lat="36.298354" lon="127.435543"/><trkpt lat="36.29847" lon="127.435577"/><trkpt lat="36.298521" lon="127.435594"/><trkpt lat="36.298557" lon="127.435612"/><trkpt lat="36.298591" lon="127.435636"/><trkpt lat="36.298688" lon="127.435718"/><trkpt lat="36.298721" lon="127.435742"/><trkpt lat="36.298757" lon="127.435759"/><trkpt lat="36.298807" lon="127.435773"/><trkpt lat="36.298896" lon="127.435791"/><trkpt lat="36.298931" lon="127.435794"/><trkpt lat="36.29896" lon="127.435784"/><trkpt lat="36.298978" lon="127.435754"/><trkpt lat="36.298993" lon="127.435697"/><trkpt lat="36.299006" lon="127.435657"/><trkpt lat="36.299028" lon="127.435629"/><trkpt lat="36.299062" lon="127.435618"/><trkpt lat="36.2991" lon="127.435615"/><trkpt lat="36.299314" lon="127.435613"/><trkpt lat="36.29946" lon="127.43561"/><trkpt lat="36.2995" lon="127.435607"/><trkpt lat="36.299539" lon="127.435599"/><trkpt lat="36.29959" lon="127.435585"/><trkpt lat="36.299883" lon="127.435488"/></trkseg>
<trkseg><trkpt lat="36.299883" lon="127.435488"/><trkpt lat="36.299856" lon="127.435439"/><trkpt lat="36.299812" lon="127.435354"/><trkpt lat="36.299796" lon="127.435314"/><trkpt lat="36.299792" lon="127.435276"/><trkpt lat="36.299806" lon="127.435239"/><trkpt lat="36.299846" lon="127.435178"/><trkpt lat="36.299867" lon="127.435142"/><trkpt lat="36.299875" lon="127.435103"/><trkpt lat="36.299866" lon="127.43506"/><trkpt lat="36.299849" lon="127.435017"/><trkpt lat="36.299648" lon="127.434565"/><trkpt lat="36.299612" lon="127.434476"/><trkpt lat="36.299593" lon="127.434416"/><trkpt lat="36.299433" lon="127.433774"/></trkseg>
<trkseg><trkpt lat="36.299433" lon="127.433774"/><trkpt lat="36.299468" lon="127.43382"/><trkpt lat="36.299507" lon="127.433864"/><trkpt lat="36.299541" lon="127.433884"/><trkpt lat="36.299567" lon="127.43388"/><trkpt lat="36.299586" lon="127.433854"/><trkpt lat="36.299597" lon="127.433813"/><trkpt lat="36.299616" lon="127.433704"/><trkpt lat="36.299627" lon="127.43366"/><trkpt lat="36.299647" lon="127.433623"/><trkpt lat="36.299677" lon="127.433595"/><trkpt lat="36.299712" lon="127.433572"/><trkpt lat="36.299856" lon="127.433483"/><trkpt lat="36.299891" lon="127.433459"/><trkpt lat="36.29992" lon="127.433429"/><trkpt lat="36.299941" lon="127.43339"/><trkpt lat="36.299963" lon="127.433331"/><trkpt lat="36.300046" lon="127.433069"/><trkpt lat="36.300195" lon="127.432609"/><trkpt lat="36.300213" lon="127.432548"/><trkpt lat="36.30022" lon="127.432504"/><trkpt lat="36.300218" lon="127.432455"/><trkpt lat="36.300222" lon="127.432417"/><trkpt lat="36.300236" lon="127.432377"/><trkpt lat="36.300269" lon="127.432309"/><trkpt lat="36.300302" lon="127.432253"/><trkpt lat="36.300336" lon="127.432211"/><trkpt lat="36.300368" lon="127.432189"/><trkpt lat="36.300382" lon="127.432184"/></trkseg>
<trkseg><trkpt lat="36.30146" lon="127.430982"/><trkpt lat="36.301313" lon="127.430964"/><trkpt lat="36.301273" lon="127.430962"/><trkpt lat="36.301233" lon="127.430966"/><trkpt lat="36.301167" lon="127.430979"/><trkpt lat="36.300757" lon="127.431071"/><trkpt lat="36.30072" lon="127.431084"/><trkpt lat="36.300688" lon="127.431104"/><trkpt lat="36.300666" lon="127.431138"/><trkpt lat="36.300635" lon="127.431204"/><trkpt lat="36.300608" lon="127.431233"/><trkpt lat="36.300574" lon="127.431254"/><trkpt lat="36.300488" lon="127.431294"/><trkpt lat="36.3003" lon="127.431377"/><trkpt lat="36.300264" lon="127.431397"/><trkpt lat="36.300232" lon="127.431423"/><trkpt lat="36.300204" lon="127.431457"/><trkpt lat="36.300178" lon="127.431495"/><trkpt lat="36.300156" lon="127.431534"/><trkpt lat="36.300142" lon="127.431572"/><trkpt lat="36.300147" lon="127.431609"/><trkpt lat="36.300168" lon="127.431646"/><trkpt lat="36.300213" lon="127.431706"/><trkpt lat="36.300305" lon="127.431826"/><trkpt lat="36.300329" lon="127.431863"/><trkpt lat="36.300344" lon="127.431901"/><trkpt lat="36.300345" lon="127.431939"/><trkpt lat="36.300333" lon="127.431981"/><trkpt lat="36.300306" lon="127.432049"/><trkpt lat="36.3003" lon="127.432088"/><trkpt lat="36.300321" lon="127.432127"/><trkpt lat="36.300356" lon="127.432162"/><trkpt lat="36.300382" lon="127.432184"/></trkseg>
<trkseg><trkpt lat="36.300382" lon="127.432184"/><trkpt lat="36.300467" lon="127.4324"/><trkpt lat="36.300483" lon="127.43243"/><trkpt lat="36.300504" lon="127.432455"/><trkpt lat="36.30053" lon="127.432474"/><trkpt lat="36.300612" lon="127.432526"/><trkpt lat="36.300648" lon="127.432546"/><trkpt lat="36.30068" lon="127.432551"/><trkpt lat="36.300714" lon="127.43254"/><trkpt lat="36.300745" lon="127.43252"/></trkseg>
<trkseg><trkpt lat="36.300745" lon="127.43252"/><trkpt lat="36.301201" lon="127.431836"/><trkpt lat="36.301245" lon="127.431773"/><trkpt lat="36.301274" lon="127.431743"/><trkpt lat="36.301301" lon="127.43173"/><trkpt lat="36.301333" lon="127.431735"/><trkpt lat="36.301366" lon="127.431756"/><trkpt lat="36.301433" lon="127.431811"/><trkpt lat="36.301488" lon="127.431859"/></trkseg>
<trkseg><trkpt lat="36.301488" lon="127.431859"/><trkpt lat="36.301349" lon="127.431545"/><trkpt lat="36.301332" lon="127.431502"/><trkpt lat="36.30132" lon="127.431459"/><trkpt lat="36.30132" lon="127.431414"/><trkpt lat="36.301331" lon="127.431368"/><trkpt lat="36.301404" lon="127.431152"/><trkpt lat="36.30146" lon="127.430982"/></trkseg>
<trkseg><trkpt lat="36.30158" lon="127.429946"/><trkpt lat="36.301417" lon="127.429826"/><trkpt lat="36.30137" lon="127.429796"/><trkpt lat="36.301333" lon="127.429781"/><trkpt lat="36.301296" lon="127.429781"/><trkpt lat="36.30126" lon="127.429789"/><trkpt lat="36.301229" lon="127.429803"/><trkpt lat="36.301208" lon="127.42983"/><trkpt lat="36.301202" lon="127.429872"/><trkpt lat="36.301203" lon="127.429919"/><trkpt lat="36.301209" lon="127.429967"/><trkpt lat="36.30122" lon="127.430012"/><trkpt lat="36.301243" lon="127.430048"/><trkpt lat="36.301281" lon="127.430091"/><trkpt lat="36.301371" lon="127.430183"/><trkpt lat="36.301398" lon="127.430217"/><trkpt lat="36.30142" lon="127.430255"/><trkpt lat="36.301441" lon="127.430309"/><trkpt lat="36.30147" lon="127.4304"/><trkpt lat="36.301471" lon="127.430403"/></trkseg>
<trkseg><trkpt lat="36.30146" lon="127.430982"/><trkpt lat="36.301451" lon="127.430961"/><trkpt lat="36.301438" lon="127.430912"/><trkpt lat="36.301433" lon="127.430862"/><trkpt lat="36.301428" lon="127.430809"/><trkpt lat="36.301412" lon="127.430772"/><trkpt lat="36.301389" lon="127.430737"/><trkpt lat="36.301342" lon="127.430668"/><trkpt lat="36.301325" lon="127.430632"/><trkpt lat="36.301325" lon="127.430596"/><trkpt lat="36.301338" lon="127.430559"/><trkpt lat="36.301356" lon="127.430523"/><trkpt lat="36.30138" lon="127.430492"/><trkpt lat="36.30141" lon="127.430473"/><trkpt lat="36.301453" lon="127.430456"/><trkpt lat="36.301523" lon="127.430437"/><trkpt lat="36.301525" lon="127.430436"/></trkseg>
<trkseg><trkpt lat="36.30158" lon="127.429946"/><trkpt lat="36.301545" lon="127.429971"/><trkpt lat="36.301519" lon="127.429993"/><trkpt lat="36.301504" lon="127.430015"/><trkpt lat="36.3015" lon="127.430043"/><trkpt lat="36.301501" lon="127.430086"/><trkpt lat="36.301525" lon="127.430436"/></trkseg>
<trkseg><trkpt lat="36.301525" lon="127.430436"/><trkpt lat="36.301471" lon="127.430403"/></trkseg>
<trkseg><trkpt lat="36.302117" lon="127.43036"/><trkpt lat="36.302062" lon="127.430337"/><trkpt lat="36.301993" lon="127.43031"/><trkpt lat="36.30196" lon="127.430302"/><trkpt lat="36.301928" lon="127.430306"/><trkpt lat="36.301897" lon="127.430324"/><trkpt lat="36.301844" lon="127.430358"/><trkpt lat="36.30181" lon="127.430372"/><trkpt lat="36.301525" lon="127.430436"/></trkseg>
<trkseg><trkpt lat="36.302117" lon="127.43036"/><trkpt lat="36.302047" lon="127.430229"/><trkpt lat="36.302023" lon="127.430192"/><trkpt lat="36.301996" lon="127.430161"/><trkpt lat="36.301934" lon="127.430107"/><trkpt lat="36.30186" lon="127.430047"/><trkpt lat="36.301828" lon="127.430024"/><trkpt lat="36.301793" lon="127.430007"/><trkpt lat="36.301731" lon="127.429986"/><trkpt lat="36.30158" lon="127.429946"/></trkseg>
<trkseg><trkpt lat="36.30265" lon="127.430682"/><trkpt lat="36.302633" lon="127.430692"/><trkpt lat="36.302594" lon="127.430706"/><trkpt lat="36.302549" lon="127.430703"/><trkpt lat="36.30249" lon="127.430677"/><trkpt lat="36.302397" lon="127.430629"/><trkpt lat="36.302364" lon="127.430608"/><trkpt lat="36.302324" lon="127.430573"/><trkpt lat="36.302117" lon="127.43036"/></trkseg>
<trkseg><trkpt lat="36.302873" lon="127.430055"/><trkpt lat="36.302793" lon="127.43009"/><trkpt lat="36.30275" lon="127.430116"/><trkpt lat="36.302719" lon="127.430146"/><trkpt lat="36.302643" lon="127.430237"/><trkpt lat="36.302609" lon="127.430284"/><trkpt lat="36.302592" lon="127.430323"/><trkpt lat="36.30259" lon="127.430366"/><trkpt lat="36.302599" lon="127.430428"/><trkpt lat="36.30265" lon="127.430682"/></trkseg>
<trkseg><trkpt lat="36.302873" lon="127.430055"/><trkpt lat="36.302854" lon="127.430315"/><trkpt lat="36.302848" lon="127.430363"/><trkpt lat="36.302837" lon="127.430408"/><trkpt lat="36.302808" lon="127.43048"/><trkpt lat="36.302793" lon="127.430523"/><trkpt lat="36.302786" lon="127.430571"/><trkpt lat="36.302781" lon="127.430636"/><trkpt lat="36.302774" lon="127.430758"/><trkpt lat="36.302763" lon="127.430817"/><trkpt lat="36.302748" lon="127.430851"/><trkpt lat="36.302743" lon="127.430857"/></trkseg>
<trkseg><trkpt lat="36.302977" lon="127.431332"/><trkpt lat="36.302785" lon="127.431141"/><trkpt lat="36.302757" lon="127.431108"/><trkpt lat="36.302744" lon="127.43108"/><trkpt lat="36.30274" lon="127.431047"/><trkpt lat="36.302739" lon="127.430989"/><trkpt lat="36.302743" lon="127.430857"/></trkseg>
<trkseg><trkpt lat="36.302743" lon="127.430857"/><trkpt lat="36.302708" lon="127.430808"/><trkpt lat="36.302703" lon="127.430795"/><trkpt lat="36.302703" lon="127.430777"/><trkpt lat="36.302712" lon="127.43073"/><trkpt lat="36.302712" lon="127.430718"/><trkpt lat="36.302707" lon="127.430709"/><trkpt lat="36.302691" lon="127.430699"/><trkpt lat="36.30265" lon="127.430682"/></trkseg>
<trkseg><trkpt lat="36.303129" lon="127.42973"/><trkpt lat="36.303016" lon="127.429986"/><trkpt lat="36.303003" lon="127.430009"/><trkpt lat="36.302987" lon="127.430026"/><trkpt lat="36.302966" lon="127.430036"/><trkpt lat="36.302923" lon="127.430046"/><trkpt lat="36.302873" lon="127.430055"/></trkseg>
<trkseg><trkpt lat="36.303258" lon="127.429891"/><trkpt lat="36.303282" lon="127.429812"/><trkpt lat="36.303285" lon="127.429793"/><trkpt lat="36.303283" lon="127.429776"/><trkpt lat="36.303273" lon="127.429761"/><trkpt lat="36.303243" lon="127.429729"/><trkpt lat="36.303217" lon="127.429705"/><trkpt lat="36.303202" lon="127.4297"/><trkpt lat="36.303187" lon="127.429703"/><trkpt lat="36.303162" lon="127.429714"/><trkpt lat="36.303129" lon="127.42973"/></trkseg>
<trkseg><trkpt lat="36.303888" lon="127.430518"/><trkpt lat="36.30384" lon="127.430504"/><trkpt lat="36.303791" lon="127.430486"/><trkpt lat="36.303754" lon="127.430464"/><trkpt lat="36.303735" lon="127.430432"/><trkpt lat="36.303717" lon="127.430363"/><trkpt lat="36.303705" lon="127.430322"/><trkpt lat="36.303685" lon="127.430284"/><trkpt lat="36.303654" lon="127.430236"/><trkpt lat="36.30364" lon="127.430192"/><trkpt lat="36.303632" lon="127.430143"/><trkpt lat="36.303619" lon="127.430063"/><trkpt lat="36.303606" lon="127.430024"/><trkpt lat="36.303581" lon="127.430002"/><trkpt lat="36.303546" lon="127.429996"/><trkpt lat="36.303454" lon="127.429995"/><trkpt lat="36.303415" lon="127.429993"/><trkpt lat="36.303378" lon="127.429983"/><trkpt lat="36.303339" lon="127.429958"/><trkpt lat="36.303297" lon="127.429924"/><trkpt lat="36.303258" lon="127.429891"/></trkseg>
<trkseg><trkpt lat="36.303961" lon="127.429656"/><trkpt lat="36.303897" lon="127.42965"/><trkpt lat="36.303846" lon="127.429648"/><trkpt lat="36.303807" lon="127.429653"/><trkpt lat="36.303771" lon="127.429668"/><trkpt lat="36.303668" lon="127.429733"/><trkpt lat="36.30361" lon="127.429766"/><trkpt lat="36.303561" lon="127.429787"/><trkpt lat="36.303258" lon="127.429891"/></trkseg>
<trkseg><trkpt lat="36.304745" lon="127.430159"/><trkpt lat="36.304506" lon="127.429983"/><trkpt lat="36.304474" lon="127.429956"/><trkpt lat="36.304444" lon="127.429925"/><trkpt lat="36.304388" lon="127.429855"/><trkpt lat="36.304289" lon="127.429724"/><trkpt lat="36.30426" lon="127.429695"/><trkpt lat="36.304229" lon="127.429679"/><trkpt lat="36.304194" lon="127.42968"/><trkpt lat="36.304107" lon="127.429703"/><trkpt lat="36.304069" lon="127.429711"/><trkpt lat="36.304025" lon="127.429702"/><trkpt lat="36.303985" lon="127.429677"/><trkpt lat="36.303961" lon="127.429656"/></trkseg>
<trkseg><trkpt lat="36.303888" lon="127.430518"/><trkpt lat="36.303902" lon="127.430507"/><trkpt lat="36.303935" lon="127.430492"/><trkpt lat="36.30398" lon="127.430493"/><trkpt lat="36.304031" lon="127.430514"/><trkpt lat="36.30415" lon="127.430575"/><trkpt lat="36.304186" lon="127.430588"/><trkpt lat="36.304225" lon="127.430593"/><trkpt lat="36.304264" lon="127.430591"/><trkpt lat="36.304344" lon="127.430582"/><trkpt lat="36.304383" lon="127.430584"/><trkpt lat="36.304418" lon="127.430598"/><trkpt lat="36.30445" lon="127.430622"/><trkpt lat="36.304545" lon="127.430709"/><trkpt lat="36.304582" lon="127.430738"/><trkpt lat="36.304624" lon="127.430757"/><trkpt lat="36.304654" lon="127.430756"/><trkpt lat="36.304661" lon="127.430751"/></trkseg>
<trkseg><trkpt lat="36.304205" lon="127.431731"/><trkpt lat="36.304165" lon="127.431696"/><trkpt lat="36.304134" lon="127.431652"/><trkpt lat="36.304125" lon="127.431605"/><trkpt lat="36.304128" lon="127.431526"/><trkpt lat="36.304128" lon="127.43148"/><trkpt lat="36.30412" lon="127.431437"/><trkpt lat="36.304098" lon="127.431402"/><trkpt lat="36.304047" lon="127.431351"/><trkpt lat="36.304017" lon="127.431319"/><trkpt lat="36.303996" lon="127.431282"/><trkpt lat="36.303987" lon="127.431237"/><trkpt lat="36.303988" lon="127.431191"/><trkpt lat="36.304" lon="127.431149"/><trkpt lat="36.304025" lon="127.431094"/><trkpt lat="36.304071" lon="127.430998"/><trkpt lat="36.304086" lon="127.430954"/><trkpt lat="36.304094" lon="127.430908"/><trkpt lat="36.304098" lon="127.430861"/><trkpt lat="36.304098" lon="127.430815"/><trkpt lat="36.304089" lon="127.430776"/><trkpt lat="36.304072" lon="127.430745"/><trkpt lat="36.304044" lon="127.43072"/><trkpt lat="36.303977" lon="127.430682"/><trkpt lat="36.303949" lon="127.430655"/><trkpt lat="36.303923" lon="127.430608"/><trkpt lat="36.303901" lon="127.430554"/><trkpt lat="36.303888" lon="127.430518"/></trkseg>
<trkseg><trkpt lat="36.304567" lon="127.428296"/><trkpt lat="36.304159" lon="127.428075"/><trkpt lat="36.30411" lon="127.428051"/><trkpt lat="36.304071" lon="127.428039"/><trkpt lat="36.304032" lon="127.428034"/><trkpt lat="36.303776" lon="127.428022"/><trkpt lat="36.303724" lon="127.428022"/><trkpt lat="36.303691" lon="127.428028"/><trkpt lat="36.303671" lon="127.428047"/><trkpt lat="36.303663" lon="127.428087"/><trkpt lat="36.303653" lon="127.4281"/><trkpt lat="36.303631" lon="127.428088"/><trkpt lat="36.303607" lon="127.428064"/><trkpt lat="36.303584" lon="127.428031"/><trkpt lat="36.303565" lon="127.427979"/><trkpt lat="36.303548" lon="127.427942"/><trkpt lat="36.303521" lon="127.427908"/><trkpt lat="36.30349" lon="127.427878"/><trkpt lat="36.303395" lon="127.427792"/><trkpt lat="36.303366" lon="127.427761"/><trkpt lat="36.303345" lon="127.427724"/><trkpt lat="36.303335" lon="127.427674"/><trkpt lat="36.303328" lon="127.427591"/><trkpt lat="36.303325" lon="127.42755"/></trkseg>
<trkseg><trkpt lat="36.303967" lon="127.427293"/><trkpt lat="36.303754" lon="127.427334"/><trkpt lat="36.303716" lon="127.427343"/><trkpt lat="36.30368" lon="127.427359"/><trkpt lat="36.303653" lon="127.427386"/><trkpt lat="36.303631" lon="127.427422"/><trkpt lat="36.303595" lon="127.427485"/><trkpt lat="36.303568" lon="127.427518"/><trkpt lat="36.303537" lon="127.427546"/><trkpt lat="36.303493" lon="127.42758"/><trkpt lat="36.30346" lon="127.4276"/><trkpt lat="36.303424" lon="127.427605"/><trkpt lat="36.30338" lon="127.427586"/><trkpt lat="36.303327" lon="127.427552"/><trkpt lat="36.303325" lon="127.42755"/></trkseg>
<trkseg><trkpt lat="36.303967" lon="127.427293"/><trkpt lat="36.303976" lon="127.427391"/><trkpt lat="36.303979" lon="127.427404"/><trkpt lat="36.303986" lon="127.427413"/><trkpt lat="36.303999" lon="127.427421"/><trkpt lat="36.304077" lon="127.427456"/></trkseg>
<trkseg><trkpt lat="36.304396" lon="127.427267"/><trkpt lat="36.304307" lon="127.427239"/><trkpt lat="36.304275" lon="127.427234"/><trkpt lat="36.304249" lon="127.427235"/><trkpt lat="36.304104" lon="127.427264"/><trkpt lat="36.303967" lon="127.427293"/></trkseg>
<trkseg><trkpt lat="36.304077" lon="127.427456"/><trkpt lat="36.304188" lon="127.427332"/><trkpt lat="36.304205" lon="127.427316"/><trkpt lat="36.304224" lon="127.427306"/><trkpt lat="36.304252" lon="127.427298"/><trkpt lat="36.304396" lon="127.427267"/></trkseg>
<trkseg><trkpt lat="36.304077" lon="127.427456"/><trkpt lat="36.304126" lon="127.427462"/><trkpt lat="36.304178" lon="127.427462"/><trkpt lat="36.30422" lon="127.427451"/><trkpt lat="36.304344" lon="127.427394"/><trkpt lat="36.304393" lon="127.427373"/><trkpt lat="36.30443" lon="127.427363"/><trkpt lat="36.304466" lon="127.427367"/><trkpt lat="36.304513" lon="127.427381"/><trkpt lat="36.304549" lon="127.427384"/><trkpt lat="36.304585" lon="127.427372"/><trkpt lat="36.304647" lon="127.427342"/><trkpt lat="36.304695" lon="127.42732"/><trkpt lat="36.304729" lon="127.427317"/><trkpt lat="36.304756" lon="127.427335"/><trkpt lat="36.304779" lon="127.427364"/><trkpt lat="36.304797" lon="127.427402"/><trkpt lat="36.304811" lon="127.427448"/><trkpt lat="36.304856" lon="127.427675"/><trkpt lat="36.304888" lon="127.427835"/></trkseg>
<trkseg><trkpt lat="36.304815" lon="127.427169"/><trkpt lat="36.304798" lon="127.427203"/><trkpt lat="36.304779" lon="127.427236"/><trkpt lat="36.304757" lon="127.427255"/><trkpt lat="36.304732" lon="127.427261"/><trkpt lat="36.304569" lon="127.427264"/><trkpt lat="36.304396" lon="127.427267"/></trkseg>
<trkseg><trkpt lat="36.304931" lon="127.427216"/><trkpt lat="36.304815" lon="127.427169"/></trkseg>
<trkseg><trkpt lat="36.305371" lon="127.426823"/><trkpt lat="36.305042" lon="127.426915"/><trkpt lat="36.304993" lon="127.426933"/><trkpt lat="36.304961" lon="127.426955"/><trkpt lat="36.304935" lon="127.426986"/><trkpt lat="36.304894" lon="127.427046"/><trkpt lat="36.304815" lon="127.427169"/></trkseg>
<trkseg><trkpt lat="36.305371" lon="127.426823"/><trkpt lat="36.30536" lon="127.426839"/><trkpt lat="36.305331" lon="127.426871"/><trkpt lat="36.30529" lon="127.426899"/><trkpt lat="36.305241" lon="127.426922"/><trkpt lat="36.305016" lon="127.427018"/><trkpt lat="36.304971" lon="127.427042"/><trkpt lat="36.30494" lon="127.427066"/><trkpt lat="36.304914" lon="127.427096"/><trkpt lat="36.304903" lon="127.42714"/><trkpt lat="36.304915" lon="127.427185"/><trkpt lat="36.304931" lon="127.427216"/></trkseg>
<trkseg><trkpt lat="36.304931" lon="127.427216"/><trkpt lat="36.304984" lon="127.427341"/><trkpt lat="36.305005" lon="127.427382"/><trkpt lat="36.305029" lon="127.427412"/><trkpt lat="36.305076" lon="127.42744"/><trkpt lat="36.305103" lon="127.427471"/><trkpt lat="36.305127" lon="127.42751"/><trkpt lat="36.305187" lon="127.427621"/><trkpt lat="36.305206" lon="127.427663"/><trkpt lat="36.305218" lon="127.427704"/><trkpt lat="36.305212" lon="127.427741"/><trkpt lat="36.305193" lon="127.427775"/><trkpt lat="36.305159" lon="127.42783"/><trkpt lat="36.305151" lon="127.42786"/><trkpt lat="36.305154" lon="127.427906"/><trkpt lat="36.305162" lon="127.427939"/><trkpt lat="36.305181" lon="127.427975"/><trkpt lat="36.305213" lon="127.428025"/><trkpt lat="36.305247" lon="127.428074"/><trkpt lat="36.305277" lon="127.428108"/><trkpt lat="36.305482" lon="127.428299"/><trkpt lat="36.305556" lon="127.42837"/><trkpt lat="36.305585" lon="127.428404"/><trkpt lat="36.305636" lon="127.428479"/><trkpt lat="36.305899" lon="127.42889"/><trkpt lat="36.305934" lon="127.428939"/><trkpt lat="36.305963" lon="127.428969"/><trkpt lat="36.305997" lon="127.428988"/><trkpt lat="36.306073" lon="127.429012"/><trkpt lat="36.30611" lon="127.429027"/><trkpt lat="36.306144" lon="127.42905"/><trkpt lat="36.306174" lon="127.429079"/><trkpt lat="36.306203" lon="127.429111"/><trkpt lat="36.306229" lon="127.429146"/><trkpt lat="36.306249" lon="127.429187"/><trkpt lat="36.306269" lon="127.429247"/><trkpt lat="36.306337" lon="127.429495"/></trkseg>
<trkseg><trkpt lat="36.306448" lon="127.426438"/><trkpt lat="36.30636" lon="127.426518"/><trkpt lat="36.306327" lon="127.426542"/><trkpt lat="36.306291" lon="127.42656"/><trkpt lat="36.306241" lon="127.426579"/><trkpt lat="36.306141" lon="127.42661"/><trkpt lat="36.306102" lon="127.426617"/><trkpt lat="36.306063" lon="127.426618"/><trkpt lat="36.305745" lon="127.426602"/><trkpt lat="36.305667" lon="127.426601"/><trkpt lat="36.305629" lon="127.426608"/><trkpt lat="36.305595" lon="127.426627"/><trkpt lat="36.305562" lon="127.426652"/><trkpt lat="36.305371" lon="127.426823"/></trkseg>
<trkseg><trkpt lat="36.304888" lon="127.427835"/><trkpt lat="36.304848" lon="127.428091"/><trkpt lat="36.304839" lon="127.428129"/><trkpt lat="36.304825" lon="127.428162"/><trkpt lat="36.304801" lon="127.428184"/><trkpt lat="36.304773" lon="127.4282"/><trkpt lat="36.304567" lon="127.428296"/></trkseg>
<trkseg><trkpt lat="36.304888" lon="127.427835"/><trkpt lat="36.304917" lon="127.428026"/><trkpt lat="36.304928" lon="127.428089"/><trkpt lat="36.304941" lon="127.428133"/><trkpt lat="36.304961" lon="127.428172"/><trkpt lat="36.304985" lon="127.428209"/><trkpt lat="36.30501" lon="127.428243"/><trkpt lat="36.305039" lon="127.428274"/><trkpt lat="36.305072" lon="127.428299"/><trkpt lat="36.305119" lon="127.428326"/><trkpt lat="36.305323" lon="127.428437"/><trkpt lat="36.305357" lon="127.42846"/><trkpt lat="36.30539" lon="127.428489"/><trkpt lat="36.305588" lon="127.42869"/><trkpt lat="36.305639" lon="127.428745"/><trkpt lat="36.305666" lon="127.428781"/><trkpt lat="36.305715" lon="127.428856"/><trkpt lat="36.305769" lon="127.428947"/><trkpt lat="36.305788" lon="127.428993"/><trkpt lat="36.305796" lon="127.429053"/><trkpt lat="36.305794" lon="127.4291"/><trkpt lat="36.305793" lon="127.429112"/></trkseg>
<trkseg><trkpt lat="36.305169" lon="127.428808"/><trkpt lat="36.304986" lon="127.428825"/><trkpt lat="36.304948" lon="127.428824"/><trkpt lat="36.304913" lon="127.428816"/><trkpt lat="36.30488" lon="127.428792"/><trkpt lat="36.304839" lon="127.428758"/><trkpt lat="36.304807" lon="127.428747"/><trkpt lat="36.304773" lon="127.428754"/><trkpt lat="36.304727" lon="127.428768"/><trkpt lat="36.304696" lon="127.428762"/><trkpt lat="36.304669" lon="127.428735"/><trkpt lat="36.304645" lon="127.428698"/><trkpt lat="36.304557" lon="127.428552"/><trkpt lat="36.304536" lon="127.428512"/><trkpt lat="36.304523" lon="127.42847"/><trkpt lat="36.304526" lon="127.428425"/><trkpt lat="36.304542" lon="127.428368"/><trkpt lat="36.304567" lon="127.428296"/></trkseg>
<trkseg><trkpt lat="36.305169" lon="127.428808"/><trkpt lat="36.305095" lon="127.428857"/><trkpt lat="36.30505" lon="127.428881"/><trkpt lat="36.305012" lon="127.428893"/><trkpt lat="36.30496" lon="127.428903"/><trkpt lat="36.304856" lon="127.428919"/><trkpt lat="36.304821" lon="127.42893"/><trkpt lat="36.304796" lon="127.428955"/><trkpt lat="36.304783" lon="127.428995"/><trkpt lat="36.304776" lon="127.429043"/><trkpt lat="36.304749" lon="127.429275"/><trkpt lat="36.304742" lon="127.429358"/><trkpt lat="36.304742" lon="127.429407"/><trkpt lat="36.304769" lon="127.429734"/><trkpt lat="36.304804" lon="127.430144"/></trkseg>
<trkseg><trkpt lat="36.307201" lon="127.430866"/><trkpt lat="36.307197" lon="127.430847"/><trkpt lat="36.307183" lon="127.430808"/><trkpt lat="36.307153" lon="127.430775"/><trkpt lat="36.307116" lon="127.430762"/><trkpt lat="36.307039" lon="127.43075"/><trkpt lat="36.307002" lon="127.43074"/><trkpt lat="36.306967" lon="127.430722"/><trkpt lat="36.306934" lon="127.430698"/><trkpt lat="36.306719" lon="127.430513"/><trkpt lat="36.306679" lon="127.430474"/><trkpt lat="36.306641" lon="127.430427"/><trkpt lat="36.306462" lon="127.430181"/><trkpt lat="36.306426" lon="127.430133"/><trkpt lat="36.306396" lon="127.430101"/><trkpt lat="36.306363" lon="127.430079"/><trkpt lat="36.306312" lon="127.430061"/><trkpt lat="36.305948" lon="127.429961"/><trkpt lat="36.305897" lon="127.429946"/><trkpt lat="36.305862" lon="127.42993"/><trkpt lat="36.305834" lon="127.429903"/><trkpt lat="36.305817" lon="127.429863"/><trkpt lat="36.305801" lon="127.429802"/><trkpt lat="36.30575" lon="127.429596"/><trkpt lat="36.305734" lon="127.429551"/><trkpt lat="36.305714" lon="127.429509"/><trkpt lat="36.305546" lon="127.429189"/><trkpt lat="36.305501" lon="127.429106"/><trkpt lat="36.305476" lon="127.429068"/><trkpt lat="36.305438" lon="127.429021"/><trkpt lat="36.30523" lon="127.428786"/></trkseg>
<trkseg><trkpt lat="36.30523" lon="127.428786"/><trkpt lat="36.305169" lon="127.428808"/></trkseg>
<trkseg><trkpt lat="36.305793" lon="127.429112"/><trkpt lat="36.305764" lon="127.429044"/><trkpt lat="36.305736" lon="127.428995"/><trkpt lat="36.305704" lon="127.428963"/><trkpt lat="36.305647" lon="127.428922"/><trkpt lat="36.30546" lon="127.428797"/><trkpt lat="36.305424" lon="127.42878"/><trkpt lat="36.305387" lon="127.428768"/><trkpt lat="36.305336" lon="127.428758"/><trkpt lat="36.305288" lon="127.428761"/><trkpt lat="36.305247" lon="127.428776"/><trkpt lat="36.30523" lon="127.428786"/></trkseg>
<trkseg><trkpt lat="36.306337" lon="127.429495"/><trkpt lat="36.306091" lon="127.429405"/><trkpt lat="36.306043" lon="127.429385"/><trkpt lat="36.30601" lon="127.429363"/><trkpt lat="36.305982" lon="127.429335"/><trkpt lat="36.305861" lon="127.429193"/><trkpt lat="36.305793" lon="127.429112"/></trkseg>
<trkseg><trkpt lat="36.306466" lon="127.429497"/><trkpt lat="36.306337" lon="127.429495"/></trkseg>
<trkseg><trkpt lat="36.306466" lon="127.429497"/><trkpt lat="36.306471" lon="127.42951"/><trkpt lat="36.306503" lon="127.429526"/><trkpt lat="36.30655" lon="127.429533"/><trkpt lat="36.306606" lon="127.429536"/><trkpt lat="36.306646" lon="127.429541"/><trkpt lat="36.306683" lon="127.429554"/><trkpt lat="36.306743" lon="127.429583"/><trkpt lat="36.306777" lon="127.429603"/><trkpt lat="36.306807" lon="127.429626"/><trkpt lat="36.306824" lon="127.429656"/><trkpt lat="36.306832" lon="127.429705"/><trkpt lat="36.306846" lon="127.429742"/><trkpt lat="36.306871" lon="127.429776"/><trkpt lat="36.306919" lon="127.429831"/><trkpt lat="36.30698" lon="127.429894"/><trkpt lat="36.307013" lon="127.429921"/><trkpt lat="36.307048" lon="127.429939"/><trkpt lat="36.307086" lon="127.42995"/><trkpt lat="36.307163" lon="127.42997"/><trkpt lat="36.307197" lon="127.429986"/><trkpt lat="36.307224" lon="127.430015"/><trkpt lat="36.307243" lon="127.430056"/><trkpt lat="36.307294" lon="127.430193"/><trkpt lat="36.307319" lon="127.43027"/><trkpt lat="36.307329" lon="127.430316"/><trkpt lat="36.30733" lon="127.43036"/><trkpt lat="36.307329" lon="127.430419"/><trkpt lat="36.307335" lon="127.430465"/><trkpt lat="36.307346" lon="127.43051"/><trkpt lat="36.307361" lon="127.430549"/><trkpt lat="36.307384" lon="127.430574"/><trkpt lat="36.307419" lon="127.43058"/><trkpt lat="36.307482" lon="127.430581"/><trkpt lat="36.307515" lon="127.430591"/><trkpt lat="36.307541" lon="127.43062"/><trkpt lat="36.307561" lon="127.43066"/><trkpt lat="36.307635" lon="127.430839"/><trkpt lat="36.30769" lon="127.430971"/></trkseg>
<trkseg><trkpt lat="36.30828" lon="127.430177"/><trkpt lat="36.308267" lon="127.430184"/><trkpt lat="36.308233" lon="127.430179"/><trkpt lat="36.308191" lon="127.430152"/><trkpt lat="36.308127" lon="127.430088"/><trkpt lat="36.308074" lon="127.430038"/><trkpt lat="36.30804" lon="127.430012"/><trkpt lat="36.308004" lon="127.429993"/><trkpt lat="36.307718" lon="127.429865"/><trkpt lat="36.307655" lon="127.429842"/><trkpt lat="36.307475" lon="127.429793"/><trkpt lat="36.307295" lon="127.429745"/><trkpt lat="36.307259" lon="127.429729"/><trkpt lat="36.307228" lon="127.429704"/><trkpt lat="36.3072" lon="127.429671"/><trkpt lat="36.307114" lon="127.429551"/><trkpt lat="36.307087" lon="127.429517"/><trkpt lat="36.307056" lon="127.429487"/><trkpt lat="36.307011" lon="127.429452"/><trkpt lat="36.306941" lon="127.429406"/><trkpt lat="36.306905" lon="127.429388"/><trkpt lat="36.306866" lon="127.42938"/><trkpt lat="36.306812" lon="127.429376"/><trkpt lat="36.306676" lon="127.429371"/><trkpt lat="36.306636" lon="127.429373"/><trkpt lat="36.306599" lon="127.429382"/><trkpt lat="36.306564" lon="127.429399"/><trkpt lat="36.306534" lon="127.429426"/><trkpt lat="36.306487" lon="127.42949"/><trkpt lat="36.306469" lon="127.429501"/><trkpt lat="36.306466" lon="127.429497"/></trkseg>
<trkseg><trkpt lat="36.308068" lon="127.429191"/><trkpt lat="36.308116" lon="127.429477"/><trkpt lat="36.308126" lon="127.429523"/><trkpt lat="36.308141" lon="127.429566"/><trkpt lat="36.308177" lon="127.429625"/><trkpt lat="36.308197" lon="127.42966"/><trkpt lat="36.308205" lon="127.429702"/><trkpt lat="36.308204" lon="127.42978"/><trkpt lat="36.308207" lon="127.429827"/><trkpt lat="36.308222" lon="127.429869"/><trkpt lat="36.308245" lon="127.429904"/><trkpt lat="36.308273" lon="127.429928"/><trkpt lat="36.308306" lon="127.429937"/><trkpt lat="36.308342" lon="127.429926"/><trkpt lat="36.30845" lon="127.429836"/><trkpt lat="36.308488" lon="127.429818"/><trkpt lat="36.308526" lon="127.42981"/><trkpt lat="36.308564" lon="127.429815"/><trkpt lat="36.308598" lon="127.429832"/><trkpt lat="36.308624" lon="127.429865"/><trkpt lat="36.308674" lon="127.429924"/><trkpt lat="36.308938" lon="127.429891"/><trkpt lat="36.309" lon="127.429885"/></trkseg>
<trkseg><trkpt lat="36.309212" lon="127.42965"/><trkpt lat="36.308993" lon="127.429432"/><trkpt lat="36.30895" lon="127.429395"/><trkpt lat="36.308915" lon="127.429376"/><trkpt lat="36.308877" lon="127.429366"/><trkpt lat="36.308744" lon="127.429349"/><trkpt lat="36.308691" lon="127.429342"/><trkpt lat="36.308653" lon="127.429332"/><trkpt lat="36.308618" lon="127.429315"/><trkpt lat="36.308585" lon="127.429291"/><trkpt lat="36.30851" lon="127.42923"/><trkpt lat="36.308477" lon="127.429206"/><trkpt lat="36.30844" lon="127.429187"/><trkpt lat="36.308364" lon="127.429155"/><trkpt lat="36.308237" lon="127.429104"/></trkseg>
<trkseg><trkpt lat="36.308237" lon="127.429104"/><trkpt lat="36.308084" lon="127.428978"/></trkseg>
<trkseg><trkpt lat="36.308237" lon="127.429104"/><trkpt lat="36.308188" lon="127.429188"/><trkpt lat="36.30818" lon="127.429197"/><trkpt lat="36.30817" lon="127.429202"/><trkpt lat="36.308154" lon="127.429202"/><trkpt lat="36.308068" lon="127.429191"/></trkseg>
<trkseg><trkpt lat="36.308084" lon="127.428978"/><trkpt lat="36.308068" lon="127.429191"/></trkseg>
<trkseg><trkpt lat="36.306448" lon="127.426438"/><trkpt lat="36.306487" lon="127.426507"/><trkpt lat="36.306526" lon="127.426521"/><trkpt lat="36.306592" lon="127.426534"/><trkpt lat="36.306632" lon="127.42654"/><trkpt lat="36.306672" lon="127.42654"/><trkpt lat="36.30671" lon="127.426533"/><trkpt lat="36.306782" lon="127.426511"/><trkpt lat="36.306817" lon="127.426495"/><trkpt lat="36.306834" lon="127.426498"/><trkpt lat="36.306848" lon="127.426528"/><trkpt lat="36.306857" lon="127.426572"/><trkpt lat="36.306858" lon="127.42662"/><trkpt lat="36.306854" lon="127.42667"/><trkpt lat="36.306809" lon="127.42703"/><trkpt lat="36.306802" lon="127.427095"/><trkpt lat="36.306801" lon="127.427141"/><trkpt lat="36.306811" lon="127.427182"/><trkpt lat="36.306835" lon="127.427217"/><trkpt lat="36.306875" lon="127.427259"/><trkpt lat="36.307235" lon="127.427608"/><trkpt lat="36.307286" lon="127.427661"/><trkpt lat="36.307314" lon="127.427696"/><trkpt lat="36.307336" lon="127.427736"/><trkpt lat="36.307374" lon="127.427823"/><trkpt lat="36.307403" lon="127.427896"/><trkpt lat="36.307415" lon="127.42794"/><trkpt lat="36.307414" lon="127.427981"/><trkpt lat="36.307397" lon="127.42802"/><trkpt lat="36.307365" lon="127.42807"/><trkpt lat="36.307261" lon="127.42822"/><trkpt lat="36.307238" lon="127.428259"/><trkpt lat="36.307219" lon="127.428301"/><trkpt lat="36.307191" lon="127.428373"/><trkpt lat="36.307166" lon="127.428446"/><trkpt lat="36.307156" lon="127.42849"/><trkpt lat="36.307156" lon="127.428534"/><trkpt lat="36.307169" lon="127.428572"/><trkpt lat="36.307197" lon="127.428599"/><trkpt lat="36.307232" lon="127.428619"/><trkpt lat="36.307383" lon="127.428688"/><trkpt lat="36.307558" lon="127.428769"/><trkpt lat="36.307597" lon="127.428781"/><trkpt lat="36.307636" lon="127.428787"/><trkpt lat="36.307702" lon="127.428789"/><trkpt lat="36.307968" lon="127.428793"/><trkpt lat="36.308006" lon="127.428796"/><trkpt lat="36.308037" lon="127.42881"/><trkpt lat="36.308057" lon="127.428844"/><trkpt lat="36.308071" lon="127.428901"/><trkpt lat="36.308083" lon="127.428975"/><trkpt lat="36.308084" lon="127.428978"/></trkseg>
<trkseg><trkpt lat="36.307018" lon="127.425796"/><trkpt lat="36.30709" lon="127.425713"/><trkpt lat="36.307125" lon="127.42568"/><trkpt lat="36.307171" lon="127.425651"/><trkpt lat="36.307239" lon="127.425613"/><trkpt lat="36.307266" lon="127.42559"/><trkpt lat="36.307278" lon="127.425561"/><trkpt lat="36.307273" lon="127.425523"/><trkpt lat="36.307258" lon="127.425451"/><trkpt lat="36.307259" lon="127.425404"/><trkpt lat="36.307266" lon="127.425358"/><trkpt lat="36.30728" lon="127.425313"/><trkpt lat="36.307298" lon="127.425271"/><trkpt lat="36.3074" lon="127.425068"/></trkseg>
<trkseg><trkpt lat="36.308601" lon="127.425789"/><trkpt lat="36.308589" lon="127.425806"/><trkpt lat="36.308553" lon="127.425831"/><trkpt lat="36.308506" lon="127.425848"/><trkpt lat="36.308414" lon="127.425862"/><trkpt lat="36.308337" lon="127.42587"/><trkpt lat="36.308299" lon="127.425868"/><trkpt lat="36.30826" lon="127.425856"/><trkpt lat="36.30821" lon="127.425832"/><trkpt lat="36.308074" lon="127.42576"/><trkpt lat="36.308036" lon="127.425746"/><trkpt lat="36.307998" lon="127.425743"/><trkpt lat="36.30796" lon="127.425753"/><trkpt lat="36.307896" lon="127.425777"/><trkpt lat="36.307859" lon="127.425785"/><trkpt lat="36.307827" lon="127.425777"/><trkpt lat="36.307801" lon="127.425754"/><trkpt lat="36.307778" lon="127.425714"/><trkpt lat="36.30776" lon="127.425692"/><trkpt lat="36.307734" lon="127.425693"/><trkpt lat="36.307669" lon="127.425721"/><trkpt lat="36.307613" lon="127.425732"/><trkpt lat="36.307583" lon="127.425742"/><trkpt lat="36.307558" lon="127.425769"/><trkpt lat="36.307536" lon="127.425805"/><trkpt lat="36.307495" lon="127.425885"/><trkpt lat="36.307473" lon="127.42592"/><trkpt lat="36.307445" lon="127.425942"/><trkpt lat="36.307409" lon="127.425945"/><trkpt lat="36.307372" lon="127.425936"/><trkpt lat="36.307297" lon="127.42591"/><trkpt lat="36.307261" lon="127.425901"/><trkpt lat="36.307221" lon="127.4259"/><trkpt lat="36.307191" lon="127.425896"/><trkpt lat="36.307157" lon="127.425881"/><trkpt lat="36.307091" lon="127.425842"/><trkpt lat="36.307018" lon="127.425796"/></trkseg>
<trkseg><trkpt lat="36.30736" lon="127.424597"/><trkpt lat="36.307335" lon="127.424713"/><trkpt lat="36.307332" lon="127.42474"/><trkpt lat="36.307333" lon="127.424767"/><trkpt lat="36.30734" lon="127.424805"/><trkpt lat="36.3074" lon="127.425068"/></trkseg>
<trkseg><trkpt lat="36.3074" lon="127.425068"/><trkpt lat="36.307413" lon="127.425019"/><trkpt lat="36.307435" lon="127.424976"/><trkpt lat="36.307461" lon="127.424953"/><trkpt lat="36.307488" lon="127.424948"/><trkpt lat="36.307514" lon="127.424957"/><trkpt lat="36.307538" lon="127.424982"/><trkpt lat="36.307576" lon="127.425034"/><trkpt lat="36.307601" lon="127.42506"/><trkpt lat="36.307628" lon="127.42507"/><trkpt lat="36.307656" lon="127.425066"/><trkpt lat="36.307682" lon="127.425052"/><trkpt lat="36.307703" lon="127.425021"/><trkpt lat="36.30772" lon="127.424983"/><trkpt lat="36.307765" lon="127.424856"/><trkpt lat="36.307769" lon="127.424846"/></trkseg>
<trkseg><trkpt lat="36.30736" lon="127.424597"/><trkpt lat="36.307509" lon="127.424748"/><trkpt lat="36.307531" lon="127.424767"/><trkpt lat="36.307555" lon="127.42478"/><trkpt lat="36.30759" lon="127.424793"/><trkpt lat="36.307769" lon="127.424846"/></trkseg>
<trkseg><trkpt lat="36.308357" lon="127.425394"/><trkpt lat="36.307966" lon="127.425122"/><trkpt lat="36.307922" lon="127.425087"/><trkpt lat="36.307894" lon="127.425054"/><trkpt lat="36.307861" lon="127.425004"/><trkpt lat="36.307769" lon="127.424846"/></trkseg>
<trkseg><trkpt lat="36.307769" lon="127.424846"/><trkpt lat="36.307872" lon="127.424787"/><trkpt lat="36.307894" lon="127.424771"/><trkpt lat="36.307911" lon="127.424749"/><trkpt lat="36.30793" lon="127.424713"/><trkpt lat="36.30795" lon="127.424666"/><trkpt lat="36.307957" lon="127.424637"/><trkpt lat="36.307956" lon="127.424607"/><trkpt lat="36.307949" lon="127.424555"/><trkpt lat="36.307922" lon="127.42442"/></trkseg>
<trkseg><trkpt lat="36.307922" lon="127.42442"/><trkpt lat="36.307198" lon="127.424343"/><trkpt lat="36.307146" lon="127.424335"/><trkpt lat="36.307112" lon="127.424323"/><trkpt lat="36.30709" lon="127.424297"/><trkpt lat="36.307068" lon="127.424263"/><trkpt lat="36.307031" lon="127.424229"/><trkpt lat="36.306988" lon="127.424196"/><trkpt lat="36.306981" lon="127.424191"/></trkseg>
<trkseg><trkpt lat="36.307922" lon="127.42442"/><trkpt lat="36.307959" lon="127.424478"/><trkpt lat="36.307991" lon="127.424522"/><trkpt lat="36.308021" lon="127.424553"/><trkpt lat="36.308064" lon="127.424585"/><trkpt lat="36.30812" lon="127.424617"/><trkpt lat="36.308151" lon="127.424629"/><trkpt lat="36.308176" lon="127.424621"/><trkpt lat="36.308194" lon="127.424591"/><trkpt lat="36.308219" lon="127.424524"/><trkpt lat="36.308237" lon="127.424484"/><trkpt lat="36.30826" lon="127.424446"/><trkpt lat="36.308312" lon="127.424375"/><trkpt lat="36.308356" lon="127.424318"/></trkseg>
<trkseg><trkpt lat="36.308356" lon="127.424318"/><trkpt lat="36.30832" lon="127.424117"/><trkpt lat="36.308314" lon="127.424063"/><trkpt lat="36.308315" lon="127.424023"/><trkpt lat="36.308328" lon="127.42394"/><trkpt lat="36.308345" lon="127.423859"/><trkpt lat="36.308356" lon="127.423823"/><trkpt lat="36.308374" lon="127.4238"/><trkpt lat="36.308406" lon="127.423796"/><trkpt lat="36.308449" lon="127.4238"/><trkpt lat="36.308491" lon="127.423808"/></trkseg>
<trkseg><trkpt lat="36.308356" lon="127.424318"/><trkpt lat="36.308433" lon="127.424171"/><trkpt lat="36.308445" lon="127.424141"/><trkpt lat="36.308449" lon="127.424111"/><trkpt lat="36.308445" lon="127.424079"/><trkpt lat="36.308429" lon="127.424016"/><trkpt lat="36.30842" lon="127.423974"/><trkpt lat="36.308421" lon="127.423944"/><trkpt lat="36.308432" lon="127.423914"/><trkpt lat="36.308456" lon="127.423869"/><trkpt lat="36.308491" lon="127.423808"/></trkseg>
<trkseg><trkpt lat="36.308491" lon="127.423808"/><trkpt lat="36.308646" lon="127.423677"/></trkseg>
<trkseg><trkpt lat="36.306837" lon="127.424343"/><trkpt lat="36.306849" lon="127.424402"/><trkpt lat="36.306867" lon="127.42446"/><trkpt lat="36.306892" lon="127.424505"/><trkpt lat="36.306929" lon="127.424552"/><trkpt lat="36.306958" lon="127.424583"/><trkpt lat="36.306988" lon="127.424607"/><trkpt lat="36.307023" lon="127.424614"/><trkpt lat="36.307084" lon="127.424605"/><trkpt lat="36.307118" lon="127.424604"/><trkpt lat="36.307145" lon="127.42462"/><trkpt lat="36.307184" lon="127.424666"/><trkpt lat="36.307213" lon="127.424682"/><trkpt lat="36.307247" lon="127.424682"/><trkpt lat="36.307289" lon="127.424658"/><trkpt lat="36.307332" lon="127.424622"/><trkpt lat="36.30736" lon="127.424597"/></trkseg>
<trkseg><trkpt lat="36.306981" lon="127.424191"/><trkpt lat="36.306951" lon="127.424288"/><trkpt lat="36.306945" lon="127.424301"/><trkpt lat="36.306936" lon="127.424309"/><trkpt lat="36.306921" lon="127.424316"/><trkpt lat="36.306837" lon="127.424343"/></trkseg>
<trkseg><trkpt lat="36.306981" lon="127.424191"/><trkpt lat="36.306951" lon="127.423951"/><trkpt lat="36.306947" lon="127.423887"/><trkpt lat="36.306949" lon="127.423839"/><trkpt lat="36.30696" lon="127.423728"/><trkpt lat="36.306969" lon="127.423665"/><trkpt lat="36.30698" lon="127.42362"/><trkpt lat="36.307003" lon="127.423563"/><trkpt lat="36.307039" lon="127.423479"/><trkpt lat="36.307053" lon="127.423435"/><trkpt lat="36.307059" lon="127.423388"/><trkpt lat="36.307061" lon="127.423322"/><trkpt lat="36.307062" lon="127.422611"/></trkseg>
<trkseg><trkpt lat="36.306837" lon="127.424343"/><trkpt lat="36.306815" lon="127.424381"/><trkpt lat="36.306806" lon="127.42439"/><trkpt lat="36.30679" lon="127.424392"/><trkpt lat="36.306639" lon="127.424369"/></trkseg>
<trkseg><trkpt lat="36.306639" lon="127.424369"/><trkpt lat="36.30637" lon="127.424498"/><trkpt lat="36.306335" lon="127.424519"/><trkpt lat="36.306303" lon="127.424545"/><trkpt lat="36.306264" lon="127.424587"/><trkpt lat="36.306179" lon="127.424684"/><trkpt lat="36.306149" lon="127.424713"/><trkpt lat="36.306116" lon="127.424737"/><trkpt lat="36.306059" lon="127.42477"/><trkpt lat="36.306025" lon="127.424786"/><trkpt lat="36.30599" lon="127.424794"/><trkpt lat="36.305955" lon="127.424787"/><trkpt lat="36.305907" lon="127.424765"/><trkpt lat="36.305787" lon="127.424704"/><trkpt lat="36.30575" lon="127.424691"/><trkpt lat="36.305715" lon="127.424687"/><trkpt lat="36.305663" lon="127.424686"/><trkpt lat="36.305642" lon="127.424671"/><trkpt lat="36.305634" lon="127.424634"/><trkpt lat="36.305628" lon="127.424558"/><trkpt lat="36.305612" lon="127.424514"/><trkpt lat="36.305578" lon="127.424467"/><trkpt lat="36.305529" lon="127.424409"/></trkseg>
<trkseg><trkpt lat="36.305612" lon="127.424247"/><trkpt lat="36.305688" lon="127.424276"/><trkpt lat="36.305735" lon="127.424289"/><trkpt lat="36.305775" lon="127.424293"/><trkpt lat="36.305908" lon="127.42429"/><trkpt lat="36.30596" lon="127.42429"/><trkpt lat="36.305999" lon="127.424294"/><trkpt lat="36.306036" lon="127.424307"/><trkpt lat="36.306106" lon="127.424342"/><trkpt lat="36.306142" lon="127.424354"/><trkpt lat="36.30618" lon="127.424356"/><trkpt lat="36.306259" lon="127.42435"/><trkpt lat="36.306509" lon="127.424328"/><trkpt lat="36.306555" lon="127.424332"/><trkpt lat="36.3066" lon="127.424347"/><trkpt lat="36.306632" lon="127.424364"/><trkpt lat="36.306639" lon="127.424369"/></trkseg>
<trkseg><trkpt lat="36.304034" lon="127.425035"/><trkpt lat="36.304081" lon="127.425033"/><trkpt lat="36.304119" lon="127.425027"/><trkpt lat="36.304159" lon="127.425009"/><trkpt lat="36.304513" lon="127.424801"/></trkseg>
<trkseg><trkpt lat="36.304162" lon="127.424546"/><trkpt lat="36.304153" lon="127.424583"/><trkpt lat="36.30414" lon="127.424609"/><trkpt lat="36.304118" lon="127.42463"/><trkpt lat="36.30389" lon="127.424794"/></trkseg>
<trkseg><trkpt lat="36.303888" lon="127.424548"/><trkpt lat="36.30389" lon="127.424794"/></trkseg>
<trkseg><trkpt lat="36.303888" lon="127.424548"/><trkpt lat="36.303979" lon="127.424281"/></trkseg>
<trkseg><trkpt lat="36.303979" lon="127.424281"/><trkpt lat="36.303992" lon="127.424541"/><trkpt lat="36.303995" lon="127.424569"/><trkpt lat="36.304003" lon="127.424587"/><trkpt lat="36.304019" lon="127.424585"/><trkpt lat="36.304062" lon="127.424555"/><trkpt lat="36.304086" lon="127.42454"/><trkpt lat="36.304119" lon="127.424537"/><trkpt lat="36.304149" lon="127.424542"/><trkpt lat="36.304162" lon="127.424546"/></trkseg>
<trkseg><trkpt lat="36.304039" lon="127.42366"/><trkpt lat="36.303899" lon="127.423729"/><trkpt lat="36.303862" lon="127.423749"/><trkpt lat="36.303829" lon="127.423775"/><trkpt lat="36.303807" lon="127.42381"/><trkpt lat="36.303794" lon="127.423854"/><trkpt lat="36.303791" lon="127.4239"/><trkpt lat="36.303803" lon="127.423944"/><trkpt lat="36.303823" lon="127.423987"/><trkpt lat="36.303979" lon="127.424281"/></trkseg>
<trkseg><trkpt lat="36.304536" lon="127.424442"/><trkpt lat="36.30451" lon="127.424441"/><trkpt lat="36.304483" lon="127.424446"/><trkpt lat="36.304458" lon="127.424461"/><trkpt lat="36.30439" lon="127.424538"/><trkpt lat="36.304365" lon="127.424565"/><trkpt lat="36.304345" lon="127.424578"/><trkpt lat="36.304323" lon="127.424581"/><trkpt lat="36.304275" lon="127.424573"/><trkpt lat="36.304162" lon="127.424546"/></trkseg>
<trkseg><trkpt lat="36.304536" lon="127.424442"/><trkpt lat="36.304484" lon="127.424647"/><trkpt lat="36.304482" lon="127.424669"/><trkpt lat="36.304484" lon="127.42469"/><trkpt lat="36.304513" lon="127.424801"/></trkseg>
<trkseg><trkpt lat="36.304605" lon="127.424314"/><trkpt lat="36.304536" lon="127.424442"/></trkseg>
<trkseg><trkpt lat="36.304605" lon="127.424314"/><trkpt lat="36.304445" lon="127.424014"/><trkpt lat="36.304434" lon="127.423989"/><trkpt lat="36.304429" lon="127.423961"/><trkpt lat="36.304433" lon="127.423927"/><trkpt lat="36.304443" lon="127.423886"/></trkseg>
<trkseg><trkpt lat="36.304944" lon="127.424195"/><trkpt lat="36.304605" lon="127.424314"/></trkseg>
<trkseg><trkpt lat="36.304944" lon="127.424195"/><trkpt lat="36.304746" lon="127.424126"/></trkseg>
<trkseg><trkpt lat="36.304746" lon="127.424126"/><trkpt lat="36.304748" lon="127.424127"/></trkseg>
<trkseg><trkpt lat="36.304746" lon="127.424126"/><trkpt lat="36.304491" lon="127.423959"/><trkpt lat="36.304473" lon="127.42394"/><trkpt lat="36.304457" lon="127.423913"/><trkpt lat="36.304443" lon="127.423886"/></trkseg>
<trkseg><trkpt lat="36.304443" lon="127.423886"/><trkpt lat="36.304477" lon="127.423889"/><trkpt lat="36.304527" lon="127.423883"/><trkpt lat="36.304572" lon="127.423866"/><trkpt lat="36.304681" lon="127.423803"/><trkpt lat="36.304754" lon="127.423762"/><trkpt lat="36.304805" lon="127.423741"/><trkpt lat="36.30513" lon="127.423634"/><trkpt lat="36.305182" lon="127.423619"/><trkpt lat="36.30522" lon="127.423614"/><trkpt lat="36.305258" lon="127.42362"/><trkpt lat="36.305296" lon="127.423633"/><trkpt lat="36.305333" lon="127.423649"/><trkpt lat="36.305373" lon="127.423679"/><trkpt lat="36.305401" lon="127.42372"/><trkpt lat="36.305413" lon="127.42375"/><trkpt lat="36.305414" lon="127.423752"/></trkseg>
<trkseg><trkpt lat="36.305414" lon="127.423752"/><trkpt lat="36.305413" lon="127.423791"/><trkpt lat="36.305402" lon="127.423841"/><trkpt lat="36.305372" lon="127.423877"/><trkpt lat="36.305323" lon="127.423901"/><trkpt lat="36.305234" lon="127.423942"/><trkpt lat="36.3052" lon="127.423965"/><trkpt lat="36.305172" lon="127.423998"/><trkpt lat="36.305116" lon="127.424087"/><trkpt lat="36.305092" lon="127.424122"/><trkpt lat="36.305065" lon="127.424146"/><trkpt lat="36.305018" lon="127.424155"/><trkpt lat="36.304979" lon="127.424171"/><trkpt lat="36.30495" lon="127.424189"/><trkpt lat="36.304944" lon="127.424195"/></trkseg>
<trkseg><trkpt lat="36.304513" lon="127.424801"/><trkpt lat="36.304577" lon="127.424743"/><trkpt lat="36.304617" lon="127.424711"/><trkpt lat="36.304652" lon="127.424691"/><trkpt lat="36.304703" lon="127.424675"/><trkpt lat="36.304768" lon="127.424656"/><trkpt lat="36.304805" lon="127.42464"/><trkpt lat="36.304839" lon="127.424616"/><trkpt lat="36.304881" lon="127.424577"/><trkpt lat="36.304995" lon="127.424466"/><trkpt lat="36.305028" lon="127.42444"/><trkpt lat="36.305075" lon="127.42441"/><trkpt lat="36.305197" lon="127.424341"/></trkseg>
<trkseg><trkpt lat="36.305529" lon="127.424409"/><trkpt lat="36.305197" lon="127.424341"/></trkseg>
<trkseg><trkpt lat="36.305197" lon="127.424341"/><trkpt lat="36.30528" lon="127.424301"/><trkpt lat="36.305292" lon="127.424293"/><trkpt lat="36.305311" lon="127.424267"/><trkpt lat="36.305377" lon="127.424159"/></trkseg>
<trkseg><trkpt lat="36.305612" lon="127.424247"/><trkpt lat="36.305529" lon="127.424409"/></trkseg>
<trkseg><trkpt lat="36.305377" lon="127.424159"/><trkpt lat="36.305612" lon="127.424247"/></trkseg>
<trkseg><trkpt lat="36.305377" lon="127.424159"/><trkpt lat="36.305606" lon="127.423809"/><trkpt lat="36.305636" lon="127.423757"/><trkpt lat="36.305653" lon="127.423716"/><trkpt lat="36.305663" lon="127.423671"/><trkpt lat="36.305686" lon="127.423479"/><trkpt lat="36.305688" lon="127.423468"/></trkseg>
<trkseg><trkpt lat="36.305688" lon="127.423468"/><trkpt lat="36.305414" lon="127.423752"/></trkseg>
<trkseg><trkpt lat="36.305695" lon="127.423434"/><trkpt lat="36.305544" lon="127.423348"/><trkpt lat="36.305497" lon="127.423325"/><trkpt lat="36.305461" lon="127.423317"/><trkpt lat="36.305425" lon="127.423319"/><trkpt lat="36.30539" lon="127.423332"/><trkpt lat="36.305358" lon="127.423355"/><trkpt lat="36.305299" lon="127.423404"/><trkpt lat="36.305274" lon="127.423412"/><trkpt lat="36.305256" lon="127.423391"/><trkpt lat="36.305241" lon="127.423346"/><trkpt lat="36.305212" lon="127.423227"/><trkpt lat="36.305211" lon="127.423225"/></trkseg>
<trkseg><trkpt lat="36.305695" lon="127.423434"/><trkpt lat="36.305688" lon="127.423468"/></trkseg>
<trkseg><trkpt lat="36.306063" lon="127.423302"/><trkpt lat="36.306023" lon="127.423278"/><trkpt lat="36.305992" lon="127.423261"/><trkpt lat="36.305967" lon="127.423255"/><trkpt lat="36.305946" lon="127.423263"/><trkpt lat="36.305925" lon="127.423281"/><trkpt lat="36.305878" lon="127.423332"/><trkpt lat="36.305856" lon="127.42335"/><trkpt lat="36.305833" lon="127.423362"/><trkpt lat="36.305798" lon="127.423369"/><trkpt lat="36.305727" lon="127.423378"/><trkpt lat="36.305704" lon="127.423394"/><trkpt lat="36.305694" lon="127.423418"/><trkpt lat="36.305695" lon="127.423434"/></trkseg>
<trkseg><trkpt lat="36.306538" lon="127.423232"/><trkpt lat="36.306224" lon="127.423504"/><trkpt lat="36.306193" lon="127.423503"/><trkpt lat="36.306165" lon="127.423493"/><trkpt lat="36.306063" lon="127.423302"/></trkseg>
<trkseg><trkpt lat="36.305861" lon="127.423176"/><trkpt lat="36.30599" lon="127.423173"/><trkpt lat="36.30601" lon="127.423175"/><trkpt lat="36.306022" lon="127.423182"/><trkpt lat="36.306032" lon="127.423203"/><trkpt lat="36.306063" lon="127.423302"/></trkseg>
<trkseg><trkpt lat="36.305211" lon="127.423225"/><trkpt lat="36.305357" lon="127.423215"/><trkpt lat="36.305409" lon="127.423216"/><trkpt lat="36.305445" lon="127.423225"/><trkpt lat="36.305476" lon="127.423246"/><trkpt lat="36.305524" lon="127.423289"/><trkpt lat="36.305557" lon="127.423308"/><trkpt lat="36.305592" lon="127.423318"/><trkpt lat="36.305629" lon="127.42332"/><trkpt lat="36.305666" lon="127.423315"/><trkpt lat="36.305702" lon="127.423298"/><trkpt lat="36.305736" lon="127.423274"/><trkpt lat="36.305861" lon="127.423176"/></trkseg>
<trkseg><trkpt lat="36.305248" lon="127.422983"/><trkpt lat="36.30541" lon="127.423039"/><trkpt lat="36.30546" lon="127.423051"/><trkpt lat="36.305498" lon="127.423053"/><trkpt lat="36.30555" lon="127.423048"/><trkpt lat="36.305641" lon="127.423035"/><trkpt lat="36.30568" lon="127.423033"/><trkpt lat="36.305715" lon="127.423042"/><trkpt lat="36.305748" lon="127.423064"/><trkpt lat="36.305796" lon="127.42311"/><trkpt lat="36.305859" lon="127.423174"/><trkpt lat="36.305861" lon="127.423176"/></trkseg>
<trkseg><trkpt lat="36.305098" lon="127.422943"/><trkpt lat="36.305248" lon="127.422983"/></trkseg>
<trkseg><trkpt lat="36.304846" lon="127.422842"/><trkpt lat="36.305098" lon="127.422943"/></trkseg>
<trkseg><trkpt lat="36.305208" lon="127.422789"/><trkpt lat="36.305114" lon="127.422852"/><trkpt lat="36.305103" lon="127.422863"/><trkpt lat="36.305098" lon="127.422873"/><trkpt lat="36.305097" lon="127.422901"/><trkpt lat="36.305098" lon="127.422943"/></trkseg>
<trkseg><trkpt lat="36.304908" lon="127.422667"/><trkpt lat="36.305033" lon="127.422758"/><trkpt lat="36.305057" lon="127.422767"/><trkpt lat="36.305208" lon="127.422789"/></trkseg>
<trkseg><trkpt lat="36.305248" lon="127.422983"/><trkpt lat="36.305208" lon="127.422789"/></trkseg>
<trkseg><trkpt lat="36.304908" lon="127.422667"/><trkpt lat="36.304908" lon="127.422744"/><trkpt lat="36.304906" lon="127.422756"/><trkpt lat="36.304896" lon="127.422774"/><trkpt lat="36.304846" lon="127.422842"/></trkseg>
<trkseg><trkpt lat="36.304416" lon="127.421025"/><trkpt lat="36.30445" lon="127.42104"/><trkpt lat="36.304491" lon="127.421073"/><trkpt lat="36.304517" lon="127.421116"/><trkpt lat="36.304527" lon="127.421157"/><trkpt lat="36.304519" lon="127.421197"/><trkpt lat="36.304499" lon="127.421237"/><trkpt lat="36.304465" lon="127.421302"/><trkpt lat="36.304458" lon="127.421338"/><trkpt lat="36.304474" lon="127.421369"/><trkpt lat="36.304503" lon="127.421399"/><trkpt lat="36.304629" lon="127.421502"/><trkpt lat="36.304684" lon="127.421549"/><trkpt lat="36.304711" lon="127.421579"/><trkpt lat="36.304722" lon="127.421614"/><trkpt lat="36.304713" lon="127.421653"/><trkpt lat="36.304689" lon="127.421709"/><trkpt lat="36.304581" lon="127.421936"/><trkpt lat="36.304564" lon="127.421977"/><trkpt lat="36.304557" lon="127.422013"/><trkpt lat="36.304571" lon="127.422039"/><trkpt lat="36.304603" lon="127.422057"/><trkpt lat="36.304679" lon="127.422086"/><trkpt lat="36.304711" lon="127.422103"/><trkpt lat="36.304724" lon="127.42213"/><trkpt lat="36.304716" lon="127.422168"/><trkpt lat="36.304686" lon="127.422238"/><trkpt lat="36.304673" lon="127.42228"/><trkpt lat="36.304676" lon="127.422315"/><trkpt lat="36.3047" lon="127.422342"/><trkpt lat="36.304732" lon="127.422366"/><trkpt lat="36.304827" lon="127.422428"/><trkpt lat="36.30486" lon="127.422453"/><trkpt lat="36.304883" lon="127.422486"/><trkpt lat="36.304895" lon="127.422531"/><trkpt lat="36.304902" lon="127.422591"/><trkpt lat="36.304908" lon="127.422667"/></trkseg>
<trkseg><trkpt lat="36.303922" lon="127.423177"/><trkpt lat="36.303983" lon="127.423156"/><trkpt lat="36.30403" lon="127.423134"/><trkpt lat="36.304066" lon="127.423108"/><trkpt lat="36.304185" lon="127.423002"/><trkpt lat="36.30424" lon="127.422955"/><trkpt lat="36.304274" lon="127.42293"/><trkpt lat="36.304309" lon="127.422913"/><trkpt lat="36.304371" lon="127.42289"/><trkpt lat="36.304459" lon="127.422861"/><trkpt lat="36.304509" lon="127.422848"/><trkpt lat="36.304549" lon="127.422844"/><trkpt lat="36.304846" lon="127.422842"/></trkseg>
<trkseg><trkpt lat="36.303667" lon="127.423492"/><trkpt lat="36.303653" lon="127.423448"/><trkpt lat="36.303648" lon="127.423413"/><trkpt lat="36.303656" lon="127.423383"/><trkpt lat="36.303683" lon="127.423331"/><trkpt lat="36.303733" lon="127.423245"/><trkpt lat="36.30375" lon="127.423222"/><trkpt lat="36.303769" lon="127.423205"/><trkpt lat="36.303793" lon="127.423197"/><trkpt lat="36.303922" lon="127.423177"/></trkseg>
<trkseg><trkpt lat="36.304136" lon="127.423427"/><trkpt lat="36.304143" lon="127.423382"/><trkpt lat="36.304143" lon="127.423356"/><trkpt lat="36.304134" lon="127.423339"/><trkpt lat="36.30412" lon="127.423325"/><trkpt lat="36.303922" lon="127.423177"/></trkseg>
<trkseg><trkpt lat="36.303667" lon="127.423492"/><trkpt lat="36.303748" lon="127.423502"/></trkseg>
<trkseg><trkpt lat="36.303748" lon="127.423502"/><trkpt lat="36.303843" lon="127.423485"/></trkseg>
<trkseg><trkpt lat="36.303748" lon="127.423502"/><trkpt lat="36.303804" lon="127.423541"/><trkpt lat="36.303809" lon="127.423541"/><trkpt lat="36.303817" lon="127.423531"/><trkpt lat="36.303843" lon="127.423485"/></trkseg>
<trkseg><trkpt lat="36.304039" lon="127.42366"/><trkpt lat="36.303959" lon="127.423656"/><trkpt lat="36.30394" lon="127.423651"/><trkpt lat="36.303928" lon="127.423641"/><trkpt lat="36.303915" lon="127.423621"/><trkpt lat="36.303843" lon="127.423485"/></trkseg>
<trkseg><trkpt lat="36.303843" lon="127.423485"/><trkpt lat="36.304136" lon="127.423427"/></trkseg>
<trkseg><trkpt lat="36.304136" lon="127.423427"/><trkpt lat="36.304007" lon="127.423527"/><trkpt lat="36.30399" lon="127.423544"/><trkpt lat="36.303986" lon="127.423558"/><trkpt lat="36.30399" lon="127.423574"/><trkpt lat="36.304005" lon="127.423602"/><trkpt lat="36.304039" lon="127.42366"/></trkseg>
<trkseg><trkpt lat="36.304303" lon="127.42358"/><trkpt lat="36.304321" lon="127.423599"/><trkpt lat="36.30433" lon="127.423615"/><trkpt lat="36.304321" lon="127.423622"/><trkpt lat="36.304296" lon="127.423624"/><trkpt lat="36.30427" lon="127.423623"/><trkpt lat="36.304251" lon="127.423619"/><trkpt lat="36.304236" lon="127.423606"/><trkpt lat="36.304219" lon="127.423581"/><trkpt lat="36.304136" lon="127.423427"/></trkseg>
<trkseg><trkpt lat="36.304136" lon="127.423427"/><trkpt lat="36.304303" lon="127.42358"/></trkseg>
<trkseg><trkpt lat="36.305211" lon="127.423225"/><trkpt lat="36.305101" lon="127.423251"/><trkpt lat="36.305064" lon="127.423265"/><trkpt lat="36.305032" lon="127.423286"/><trkpt lat="36.304993" lon="127.423324"/><trkpt lat="36.30496" lon="127.423343"/><trkpt lat="36.304922" lon="127.423351"/><trkpt lat="36.304843" lon="127.42336"/><trkpt lat="36.304576" lon="127.423386"/><trkpt lat="36.304537" lon="127.423393"/><trkpt lat="36.3045" lon="127.423408"/><trkpt lat="36.304466" lon="127.423432"/><trkpt lat="36.304411" lon="127.42348"/><trkpt lat="36.304303" lon="127.42358"/></trkseg>
<trkseg><trkpt lat="36.304303" lon="127.42358"/><trkpt lat="36.304355" lon="127.423608"/><trkpt lat="36.304361" lon="127.423616"/><trkpt lat="36.304364" lon="127.423628"/><trkpt lat="36.304358" lon="127.423759"/></trkseg>
<trkseg><trkpt lat="36.304358" lon="127.423759"/><trkpt lat="36.304321" lon="127.423723"/><trkpt lat="36.304291" lon="127.423699"/><trkpt lat="36.304272" lon="127.423692"/><trkpt lat="36.304252" lon="127.423697"/><trkpt lat="36.304217" lon="127.423718"/><trkpt lat="36.304146" lon="127.423762"/><trkpt lat="36.304127" lon="127.423769"/><trkpt lat="36.304109" lon="127.423763"/><trkpt lat="36.304093" lon="127.423745"/><trkpt lat="36.304063" lon="127.423699"/><trkpt lat="36.304039" lon="127.42366"/></trkseg>
<trkseg><trkpt lat="36.304443" lon="127.423886"/><trkpt lat="36.304474" lon="127.423869"/><trkpt lat="36.304479" lon="127.423863"/><trkpt lat="36.304475" lon="127.423855"/><trkpt lat="36.304417" lon="127.423807"/><trkpt lat="36.304358" lon="127.423759"/></trkseg>
<trkseg><trkpt lat="36.309132" lon="127.427875"/><trkpt lat="36.309096" lon="127.427834"/><trkpt lat="36.309056" lon="127.427796"/><trkpt lat="36.309018" lon="127.427776"/><trkpt lat="36.308945" lon="127.427759"/><trkpt lat="36.308908" lon="127.427751"/><trkpt lat="36.308874" lon="127.427736"/><trkpt lat="36.308845" lon="127.427713"/><trkpt lat="36.30882" lon="127.427684"/><trkpt lat="36.308798" lon="127.427633"/><trkpt lat="36.308779" lon="127.427594"/><trkpt lat="36.308754" lon="127.427559"/><trkpt lat="36.308678" lon="127.42747"/><trkpt lat="36.308637" lon="127.427429"/><trkpt lat="36.308592" lon="127.427394"/><trkpt lat="36.308487" lon="127.427319"/><trkpt lat="36.308455" lon="127.42729"/><trkpt lat="36.308428" lon="127.427256"/><trkpt lat="36.308399" lon="127.427203"/><trkpt lat="36.308372" lon="127.427147"/><trkpt lat="36.308357" lon="127.427104"/><trkpt lat="36.308353" lon="127.427061"/><trkpt lat="36.308363" lon="127.427017"/><trkpt lat="36.308378" lon="127.426972"/><trkpt lat="36.308402" lon="127.426914"/><trkpt lat="36.308423" lon="127.426873"/><trkpt lat="36.30845" lon="127.426839"/><trkpt lat="36.308493" lon="127.4268"/><trkpt lat="36.308571" lon="127.426736"/><trkpt lat="36.308617" lon="127.426704"/><trkpt lat="36.308651" lon="127.42669"/><trkpt lat="36.308686" lon="127.426694"/><trkpt lat="36.308734" lon="127.426711"/><trkpt lat="36.308779" lon="127.426723"/><trkpt lat="36.308827" lon="127.426724"/><trkpt lat="36.308857" lon="127.426718"/><trkpt lat="36.30886" lon="127.426717"/></trkseg>
<trkseg><trkpt lat="36.309017" lon="127.427111"/><trkpt lat="36.309013" lon="127.427123"/><trkpt lat="36.308995" lon="127.427136"/><trkpt lat="36.308969" lon="127.427137"/><trkpt lat="36.308945" lon="127.427127"/><trkpt lat="36.308928" lon="127.427112"/><trkpt lat="36.308917" lon="127.427085"/><trkpt lat="36.308909" lon="127.427044"/><trkpt lat="36.30886" lon="127.426717"/></trkseg>
<trkseg><trkpt lat="36.309017" lon="127.427111"/><trkpt lat="36.308996" lon="127.426928"/><trkpt lat="36.30899" lon="127.426902"/><trkpt lat="36.308972" lon="127.426853"/><trkpt lat="36.308942" lon="127.426781"/><trkpt lat="36.308929" lon="127.426761"/><trkpt lat="36.308909" lon="127.426744"/><trkpt lat="36.308876" lon="127.426725"/><trkpt lat="36.30886" lon="127.426717"/></trkseg>
<trkseg><trkpt lat="36.309232" lon="127.427632"/><trkpt lat="36.309278" lon="127.427624"/><trkpt lat="36.309324" lon="127.427611"/><trkpt lat="36.309357" lon="127.427588"/><trkpt lat="36.309369" lon="127.427549"/><trkpt lat="36.309373" lon="127.427502"/><trkpt lat="36.309375" lon="127.427437"/><trkpt lat="36.309372" lon="127.427389"/><trkpt lat="36.30936" lon="127.427346"/><trkpt lat="36.309338" lon="127.427308"/><trkpt lat="36.309311" lon="127.427274"/><trkpt lat="36.309281" lon="127.427243"/><trkpt lat="36.309249" lon="127.427216"/><trkpt lat="36.309214" lon="127.427197"/><trkpt lat="36.309017" lon="127.427111"/></trkseg>
<trkseg><trkpt lat="36.309017" lon="127.427111"/><trkpt lat="36.309107" lon="127.427015"/><trkpt lat="36.309121" lon="127.426995"/><trkpt lat="36.30913" lon="127.426974"/><trkpt lat="36.309132" lon="127.426949"/><trkpt lat="36.30913" lon="127.426878"/><trkpt lat="36.30913" lon="127.426834"/><trkpt lat="36.309135" lon="127.426809"/><trkpt lat="36.309151" lon="127.426769"/><trkpt lat="36.309169" lon="127.426732"/></trkseg>
<trkseg><trkpt lat="36.30886" lon="127.426717"/><trkpt lat="36.308822" lon="127.426655"/><trkpt lat="36.308795" lon="127.426605"/><trkpt lat="36.308783" lon="127.426565"/><trkpt lat="36.30879" lon="127.42653"/><trkpt lat="36.308816" lon="127.426485"/><trkpt lat="36.308836" lon="127.426446"/><trkpt lat="36.308849" lon="127.426425"/><trkpt lat="36.308873" lon="127.426408"/><trkpt lat="36.308874" lon="127.426385"/><trkpt lat="36.308859" lon="127.426352"/><trkpt lat="36.308805" lon="127.426262"/><trkpt lat="36.308785" lon="127.42622"/><trkpt lat="36.308772" lon="127.426176"/><trkpt lat="36.308757" lon="127.426096"/><trkpt lat="36.308745" lon="127.426018"/></trkseg>
<trkseg><trkpt lat="36.308745" lon="127.426018"/><trkpt lat="36.308648" lon="127.426"/><trkpt lat="36.308633" lon="127.425994"/><trkpt lat="36.308623" lon="127.425983"/><trkpt lat="36.308618" lon="127.425965"/><trkpt lat="36.308608" lon="127.42586"/><trkpt lat="36.308601" lon="127.425789"/></trkseg>
<trkseg><trkpt lat="36.308745" lon="127.426018"/><trkpt lat="36.308913" lon="127.425719"/><trkpt lat="36.308933" lon="127.425678"/><trkpt lat="36.308944" lon="127.425646"/><trkpt lat="36.308957" lon="127.425587"/><trkpt lat="36.308975" lon="127.425483"/></trkseg>
<trkseg><trkpt lat="36.308975" lon="127.425483"/><trkpt lat="36.308792" lon="127.425563"/><trkpt lat="36.308768" lon="127.425577"/><trkpt lat="36.308746" lon="127.425596"/><trkpt lat="36.308721" lon="127.425627"/><trkpt lat="36.308601" lon="127.425789"/></trkseg>
<trkseg><trkpt lat="36.308601" lon="127.425789"/><trkpt lat="36.308588" lon="127.425522"/><trkpt lat="36.308583" lon="127.42547"/><trkpt lat="36.308573" lon="127.425435"/><trkpt lat="36.308556" lon="127.425405"/><trkpt lat="36.308536" lon="127.425379"/><trkpt lat="36.308513" lon="127.425361"/><trkpt lat="36.308484" lon="127.425358"/><trkpt lat="36.308452" lon="127.425364"/><trkpt lat="36.308358" lon="127.425394"/><trkpt lat="36.308357" lon="127.425394"/></trkseg>
<trkseg><trkpt lat="36.308975" lon="127.425483"/><trkpt lat="36.308957" lon="127.425426"/><trkpt lat="36.308925" lon="127.42533"/><trkpt lat="36.308906" lon="127.425288"/><trkpt lat="36.308881" lon="127.425253"/><trkpt lat="36.308851" lon="127.425223"/><trkpt lat="36.308818" lon="127.425199"/><trkpt lat="36.308782" lon="127.425185"/><trkpt lat="36.308742" lon="127.425183"/><trkpt lat="36.308607" lon="127.425195"/><trkpt lat="36.308473" lon="127.42521"/><trkpt lat="36.308437" lon="127.425221"/><trkpt lat="36.30841" lon="127.425248"/><trkpt lat="36.308388" lon="127.425298"/><trkpt lat="36.308369" lon="127.425355"/><trkpt lat="36.308357" lon="127.425394"/></trkseg>
<trkseg><trkpt lat="36.309272" lon="127.425227"/><trkpt lat="36.309151" lon="127.425376"/><trkpt lat="36.309127" lon="127.425395"/><trkpt lat="36.308975" lon="127.425483"/></trkseg>
<trkseg><trkpt lat="36.309374" lon="127.425412"/><trkpt lat="36.309285" lon="127.425364"/><trkpt lat="36.309276" lon="127.425356"/><trkpt lat="36.309271" lon="127.425344"/><trkpt lat="36.30927" lon="127.425313"/><trkpt lat="36.309272" lon="127.425227"/></trkseg>
<trkseg><trkpt lat="36.309272" lon="127.425227"/><trkpt lat="36.309306" lon="127.425235"/><trkpt lat="36.309316" lon="127.425241"/><trkpt lat="36.309324" lon="127.425256"/><trkpt lat="36.309374" lon="127.425412"/></trkseg>
<trkseg><trkpt lat="36.309301" lon="127.425103"/><trkpt lat="36.309272" lon="127.425227"/></trkseg>
<trkseg><trkpt lat="36.309301" lon="127.425103"/><trkpt lat="36.309384" lon="127.425272"/><trkpt lat="36.309389" lon="127.425291"/><trkpt lat="36.309389" lon="127.425309"/><trkpt lat="36.309374" lon="127.425412"/></trkseg>
<trkseg><trkpt lat="36.309319" lon="127.425636"/><trkpt lat="36.309374" lon="127.425412"/></trkseg>
<trkseg><trkpt lat="36.309374" lon="127.425412"/><trkpt lat="36.309358" lon="127.425662"/><trkpt lat="36.309357" lon="127.425707"/><trkpt lat="36.309361" lon="127.425749"/><trkpt lat="36.309377" lon="127.425785"/><trkpt lat="36.309403" lon="127.425814"/><trkpt lat="36.30946" lon="127.425871"/><trkpt lat="36.309485" lon="127.425904"/><trkpt lat="36.309505" lon="127.425943"/><trkpt lat="36.309538" lon="127.426022"/><trkpt lat="36.309572" lon="127.426111"/></trkseg>
<trkseg><trkpt lat="36.309374" lon="127.425412"/><trkpt lat="36.309443" lon="127.425619"/><trkpt lat="36.309452" lon="127.425638"/><trkpt lat="36.309469" lon="127.425659"/><trkpt lat="36.309538" lon="127.425724"/></trkseg>
<trkseg><trkpt lat="36.309391" lon="127.426531"/><trkpt lat="36.309247" lon="127.426057"/><trkpt lat="36.309235" lon="127.42601"/><trkpt lat="36.309228" lon="127.425963"/><trkpt lat="36.309226" lon="127.425914"/><trkpt lat="36.30923" lon="127.425866"/><trkpt lat="36.309241" lon="127.425822"/><trkpt lat="36.309272" lon="127.425744"/><trkpt lat="36.309319" lon="127.425636"/></trkseg>
<trkseg><trkpt lat="36.309319" lon="127.425636"/><trkpt lat="36.309261" lon="127.425682"/><trkpt lat="36.309206" lon="127.425728"/><trkpt lat="36.309179" lon="127.425761"/><trkpt lat="36.309164" lon="127.425802"/><trkpt lat="36.309157" lon="127.425848"/><trkpt lat="36.309147" lon="127.426045"/><trkpt lat="36.309136" lon="127.426291"/><trkpt lat="36.309138" lon="127.426356"/><trkpt lat="36.309169" lon="127.426732"/></trkseg>
<trkseg><trkpt lat="36.309169" lon="127.426732"/><trkpt lat="36.309254" lon="127.426651"/><trkpt lat="36.309269" lon="127.426642"/><trkpt lat="36.309284" lon="127.42664"/><trkpt lat="36.309308" lon="127.426654"/><trkpt lat="36.309321" lon="127.426658"/><trkpt lat="36.309332" lon="127.426649"/><trkpt lat="36.309346" lon="127.426626"/><trkpt lat="36.309391" lon="127.426531"/></trkseg>
<trkseg><trkpt lat="36.309572" lon="127.426111"/><trkpt lat="36.309607" lon="127.426148"/><trkpt lat="36.309611" lon="127.426189"/><trkpt lat="36.30962" lon="127.426271"/><trkpt lat="36.309667" lon="127.426292"/><trkpt lat="36.309673" lon="127.426379"/><trkpt lat="36.309809" lon="127.426457"/></trkseg>
<trkseg><trkpt lat="36.309391" lon="127.426531"/><trkpt lat="36.309423" lon="127.426549"/><trkpt lat="36.309457" lon="127.426564"/><trkpt lat="36.309485" lon="127.426567"/><trkpt lat="36.309503" lon="127.426554"/><trkpt lat="36.309517" lon="127.426531"/><trkpt lat="36.309525" lon="127.426497"/><trkpt lat="36.309549" lon="127.426304"/><trkpt lat="36.309572" lon="127.426111"/></trkseg>
<trkseg><trkpt lat="36.309809" lon="127.426457"/><trkpt lat="36.309816" lon="127.426347"/><trkpt lat="36.30982" lon="127.426338"/><trkpt lat="36.309831" lon="127.42633"/><trkpt lat="36.309884" lon="127.426302"/></trkseg>
<trkseg><trkpt lat="36.309809" lon="127.426457"/><trkpt lat="36.309862" lon="127.426441"/><trkpt lat="36.309869" lon="127.426435"/><trkpt lat="36.309873" lon="127.426425"/><trkpt lat="36.309884" lon="127.426302"/></trkseg>
<trkseg><trkpt lat="36.309884" lon="127.426302"/><trkpt lat="36.310124" lon="127.426545"/><trkpt lat="36.310156" lon="127.426574"/><trkpt lat="36.31019" lon="127.426596"/><trkpt lat="36.310228" lon="127.426606"/><trkpt lat="36.310281" lon="127.42661"/><trkpt lat="36.310832" lon="127.426621"/></trkseg>
<trkseg><trkpt lat="36.310832" lon="127.426621"/><trkpt lat="36.31098" lon="127.42678"/><trkpt lat="36.311003" lon="127.426801"/><trkpt lat="36.311021" lon="127.426809"/><trkpt lat="36.311038" lon="127.426807"/><trkpt lat="36.31105" lon="127.426792"/><trkpt lat="36.31106" lon="127.426769"/><trkpt lat="36.311084" lon="127.426696"/></trkseg>
<trkseg><trkpt lat="36.311084" lon="127.426696"/><trkpt lat="36.311031" lon="127.426701"/><trkpt lat="36.311015" lon="127.426698"/><trkpt lat="36.311001" lon="127.42669"/><trkpt lat="36.310969" lon="127.426664"/><trkpt lat="36.310898" lon="127.426601"/><trkpt lat="36.310884" lon="127.426595"/><trkpt lat="36.310868" lon="127.426599"/><trkpt lat="36.310844" lon="127.426613"/><trkpt lat="36.310832" lon="127.426621"/></trkseg>
<trkseg><trkpt lat="36.31135" lon="127.426725"/><trkpt lat="36.31136" lon="127.426767"/><trkpt lat="36.311359" lon="127.42679"/><trkpt lat="36.311345" lon="127.426792"/><trkpt lat="36.31132" lon="127.426784"/><trkpt lat="36.311084" lon="127.426696"/></trkseg>
<trkseg><trkpt lat="36.311084" lon="127.426696"/><trkpt lat="36.311071" lon="127.426678"/><trkpt lat="36.31105" lon="127.426633"/><trkpt lat="36.311038" lon="127.426574"/><trkpt lat="36.311032" lon="127.426506"/><trkpt lat="36.311019" lon="127.426406"/><trkpt lat="36.311006" lon="127.426339"/><trkpt lat="36.310924" lon="127.426249"/><trkpt lat="36.310901" lon="127.426218"/><trkpt lat="36.31087" lon="127.426192"/><trkpt lat="36.310834" lon="127.42612"/><trkpt lat="36.310805" lon="127.426091"/><trkpt lat="36.310783" lon="127.426052"/><trkpt lat="36.310758" lon="127.425995"/><trkpt lat="36.310695" lon="127.425833"/><trkpt lat="36.310675" lon="127.425792"/><trkpt lat="36.31065" lon="127.425755"/><trkpt lat="36.31062" lon="127.425722"/><trkpt lat="36.310463" lon="127.425567"/><trkpt lat="36.310423" lon="127.425523"/><trkpt lat="36.310398" lon="127.425487"/><trkpt lat="36.31038" lon="127.425447"/><trkpt lat="36.310348" lon="127.425358"/><trkpt lat="36.310324" lon="127.425286"/></trkseg>
<trkseg><trkpt lat="36.309538" lon="127.425724"/><trkpt lat="36.309561" lon="127.425672"/><trkpt lat="36.309583" lon="127.425616"/><trkpt lat="36.309596" lon="127.425564"/><trkpt lat="36.3096" lon="127.425516"/><trkpt lat="36.3096" lon="127.425468"/><trkpt lat="36.309597" lon="127.42542"/><trkpt lat="36.309587" lon="127.425375"/><trkpt lat="36.30957" lon="127.425333"/><trkpt lat="36.309522" lon="127.425237"/><trkpt lat="36.309505" lon="127.425196"/><trkpt lat="36.309501" lon="127.425155"/><trkpt lat="36.30951" lon="127.425112"/><trkpt lat="36.309537" lon="127.42504"/><trkpt lat="36.309552" lon="127.424995"/><trkpt lat="36.309561" lon="127.424946"/><trkpt lat="36.309569" lon="127.424863"/><trkpt lat="36.309573" lon="127.424804"/></trkseg>
<trkseg><trkpt lat="36.309573" lon="127.424804"/><trkpt lat="36.309454" lon="127.42484"/><trkpt lat="36.309433" lon="127.424849"/><trkpt lat="36.309415" lon="127.424864"/><trkpt lat="36.309401" lon="127.424885"/><trkpt lat="36.309344" lon="127.425011"/><trkpt lat="36.309301" lon="127.425103"/></trkseg>
<trkseg><trkpt lat="36.309573" lon="127.424804"/><trkpt lat="36.309454" lon="127.424673"/><trkpt lat="36.309413" lon="127.424633"/><trkpt lat="36.309379" lon="127.424609"/><trkpt lat="36.309313" lon="127.424565"/><trkpt lat="36.30929" lon="127.424537"/><trkpt lat="36.309284" lon="127.424498"/><trkpt lat="36.309287" lon="127.424453"/><trkpt lat="36.309312" lon="127.424294"/><trkpt lat="36.309322" lon="127.424244"/><trkpt lat="36.309343" lon="127.424189"/><trkpt lat="36.309368" lon="127.42415"/><trkpt lat="36.309381" lon="127.424135"/></trkseg>
<trkseg><trkpt lat="36.310162" lon="127.424418"/><trkpt lat="36.310122" lon="127.424479"/><trkpt lat="36.310089" lon="127.424526"/><trkpt lat="36.31006" lon="127.424558"/><trkpt lat="36.310027" lon="127.424577"/><trkpt lat="36.309991" lon="127.424588"/><trkpt lat="36.30993" lon="127.424603"/><trkpt lat="36.309895" lon="127.424618"/><trkpt lat="36.309861" lon="127.424642"/><trkpt lat="36.309761" lon="127.424723"/><trkpt lat="36.309728" lon="127.424748"/><trkpt lat="36.309692" lon="127.424766"/><trkpt lat="36.309631" lon="127.424788"/><trkpt lat="36.309573" lon="127.424804"/></trkseg>
<trkseg><trkpt lat="36.310324" lon="127.425286"/><trkpt lat="36.31032" lon="127.425267"/><trkpt lat="36.310304" lon="127.42523"/><trkpt lat="36.310272" lon="127.425204"/><trkpt lat="36.31022" lon="127.425202"/><trkpt lat="36.310185" lon="127.4252"/><trkpt lat="36.310158" lon="127.425182"/><trkpt lat="36.310141" lon="127.425143"/><trkpt lat="36.310129" lon="127.425097"/><trkpt lat="36.310102" lon="127.424986"/><trkpt lat="36.310086" lon="127.424941"/><trkpt lat="36.310063" lon="127.424904"/><trkpt lat="36.310009" lon="127.424837"/><trkpt lat="36.309986" lon="127.424804"/><trkpt lat="36.309975" lon="127.424772"/><trkpt lat="36.309987" lon="127.424738"/><trkpt lat="36.310013" lon="127.424705"/><trkpt lat="36.310166" lon="127.424539"/><trkpt lat="36.310201" lon="127.424495"/><trkpt lat="36.310207" lon="127.424458"/><trkpt lat="36.310186" lon="127.424432"/><trkpt lat="36.310162" lon="127.424418"/></trkseg>
<trkseg><trkpt lat="36.309538" lon="127.425724"/><trkpt lat="36.30975" lon="127.425617"/><trkpt lat="36.309799" lon="127.425589"/><trkpt lat="36.309831" lon="127.425564"/><trkpt lat="36.309853" lon="127.42553"/><trkpt lat="36.309875" lon="127.425477"/><trkpt lat="36.309897" lon="127.425442"/><trkpt lat="36.309926" lon="127.425414"/><trkpt lat="36.309971" lon="127.425382"/><trkpt lat="36.310017" lon="127.425354"/><trkpt lat="36.310054" lon="127.425339"/><trkpt lat="36.310092" lon="127.425328"/><trkpt lat="36.310324" lon="127.425286"/></trkseg>
<trkseg><trkpt lat="36.310162" lon="127.424418"/><trkpt lat="36.310686" lon="127.424334"/></trkseg>
<trkseg><trkpt lat="36.310686" lon="127.424334"/><trkpt lat="36.310716" lon="127.424354"/><trkpt lat="36.310762" lon="127.424376"/><trkpt lat="36.310806" lon="127.424381"/><trkpt lat="36.310841" lon="127.424364"/><trkpt lat="36.310888" lon="127.424332"/><trkpt lat="36.311006" lon="127.424249"/><trkpt lat="36.311041" lon="127.42423"/><trkpt lat="36.311072" lon="127.424227"/><trkpt lat="36.311093" lon="127.424242"/><trkpt lat="36.311099" lon="127.424274"/><trkpt lat="36.311089" lon="127.424315"/><trkpt lat="36.311059" lon="127.424405"/><trkpt lat="36.311045" lon="127.42445"/><trkpt lat="36.311037" lon="127.424494"/><trkpt lat="36.311044" lon="127.424535"/><trkpt lat="36.311075" lon="127.4246"/><trkpt lat="36.311092" lon="127.424641"/><trkpt lat="36.3111" lon="127.424686"/><trkpt lat="36.311098" lon="127.424734"/><trkpt lat="36.311091" lon="127.424815"/><trkpt lat="36.311092" lon="127.424863"/><trkpt lat="36.311104" lon="127.424904"/><trkpt lat="36.311123" lon="127.424939"/><trkpt lat="36.311151" lon="127.424966"/><trkpt lat="36.311186" lon="127.424984"/><trkpt lat="36.311349" lon="127.425049"/><trkpt lat="36.311436" lon="127.425086"/><trkpt lat="36.311471" lon="127.425107"/><trkpt lat="36.311517" lon="127.425142"/><trkpt lat="36.311637" lon="127.42525"/></trkseg>
<trkseg><trkpt lat="36.31246" lon="127.42369"/><trkpt lat="36.312059" lon="127.423664"/><trkpt lat="36.312019" lon="127.423665"/><trkpt lat="36.311932" lon="127.423679"/><trkpt lat="36.311883" lon="127.423686"/><trkpt lat="36.311847" lon="127.423687"/><trkpt lat="36.311791" lon="127.423676"/><trkpt lat="36.311756" lon="127.423681"/><trkpt lat="36.311721" lon="127.423697"/><trkpt lat="36.311605" lon="127.423767"/><trkpt lat="36.311559" lon="127.423794"/><trkpt lat="36.311522" lon="127.423811"/><trkpt lat="36.311445" lon="127.423832"/><trkpt lat="36.311041" lon="127.423927"/><trkpt lat="36.311004" lon="127.423939"/><trkpt lat="36.310971" lon="127.423958"/><trkpt lat="36.310946" lon="127.423989"/><trkpt lat="36.310918" lon="127.42404"/><trkpt lat="36.310865" lon="127.424147"/><trkpt lat="36.310841" lon="127.424184"/><trkpt lat="36.310812" lon="127.424216"/><trkpt lat="36.310686" lon="127.424334"/></trkseg>
<trkseg><trkpt lat="36.311637" lon="127.42525"/><trkpt lat="36.311914" lon="127.425114"/></trkseg>
<trkseg><trkpt lat="36.311637" lon="127.42525"/><trkpt lat="36.311644" lon="127.42535"/><trkpt lat="36.311651" lon="127.425406"/><trkpt lat="36.311663" lon="127.425444"/><trkpt lat="36.311686" lon="127.425466"/><trkpt lat="36.311717" lon="127.425474"/><trkpt lat="36.31175" lon="127.425473"/><trkpt lat="36.311784" lon="127.42546"/><trkpt lat="36.311815" lon="127.425437"/><trkpt lat="36.311836" lon="127.425403"/><trkpt lat="36.31185" lon="127.425362"/><trkpt lat="36.3119" lon="127.425168"/><trkpt lat="36.311914" lon="127.425114"/></trkseg>
<trkseg><trkpt lat="36.311914" lon="127.425114"/><trkpt lat="36.312062" lon="127.425057"/><trkpt lat="36.312111" lon="127.425041"/><trkpt lat="36.312148" lon="127.425037"/><trkpt lat="36.312184" lon="127.425043"/><trkpt lat="36.312246" lon="127.425066"/><trkpt lat="36.312344" lon="127.425107"/><trkpt lat="36.312378" lon="127.425126"/><trkpt lat="36.312408" lon="127.425153"/><trkpt lat="36.312431" lon="127.42519"/><trkpt lat="36.312459" lon="127.425245"/><trkpt lat="36.312559" lon="127.425456"/><trkpt lat="36.312583" lon="127.425495"/><trkpt lat="36.312609" lon="127.425526"/><trkpt lat="36.312638" lon="127.425553"/><trkpt lat="36.312669" lon="127.425576"/><trkpt lat="36.312702" lon="127.425591"/><trkpt lat="36.31275" lon="127.4256"/><trkpt lat="36.312785" lon="127.425608"/><trkpt lat="36.312815" lon="127.42563"/><trkpt lat="36.31284" lon="127.425665"/><trkpt lat="36.312895" lon="127.425757"/><trkpt lat="36.313034" lon="127.425998"/><trkpt lat="36.313058" lon="127.426035"/><trkpt lat="36.313086" lon="127.426062"/><trkpt lat="36.313122" lon="127.426071"/><trkpt lat="36.313161" lon="127.426071"/><trkpt lat="36.313269" lon="127.426063"/><trkpt lat="36.313309" lon="127.426063"/><trkpt lat="36.313346" lon="127.426074"/><trkpt lat="36.313378" lon="127.426097"/><trkpt lat="36.313462" lon="127.426173"/><trkpt lat="36.313504" lon="127.426209"/><trkpt lat="36.313538" lon="127.42623"/><trkpt lat="36.313573" lon="127.426241"/><trkpt lat="36.31361" lon="127.426245"/><trkpt lat="36.313647" lon="127.426245"/><trkpt lat="36.313685" lon="127.426242"/><trkpt lat="36.313735" lon="127.426232"/><trkpt lat="36.313785" lon="127.42622"/><trkpt lat="36.313862" lon="127.426136"/></trkseg>
<trkseg><trkpt lat="36.31246" lon="127.42369"/><trkpt lat="36.312494" lon="127.423738"/><trkpt lat="36.312524" lon="127.423774"/><trkpt lat="36.312554" lon="127.423795"/><trkpt lat="36.312608" lon="127.423817"/><trkpt lat="36.312708" lon="127.423853"/><trkpt lat="36.312739" lon="127.423868"/><trkpt lat="36.312766" lon="127.423892"/><trkpt lat="36.312797" lon="127.423933"/><trkpt lat="36.312906" lon="127.4241"/></trkseg>
<trkseg><trkpt lat="36.312956" lon="127.423129"/><trkpt lat="36.312893" lon="127.423402"/><trkpt lat="36.312881" lon="127.423446"/><trkpt lat="36.312865" lon="127.423485"/><trkpt lat="36.31284" lon="127.423513"/><trkpt lat="36.312808" lon="127.423532"/><trkpt lat="36.31276" lon="127.423553"/><trkpt lat="36.312555" lon="127.423639"/></trkseg>
<trkseg><trkpt lat="36.312555" lon="127.423639"/><trkpt lat="36.31246" lon="127.42369"/></trkseg>
<trkseg><trkpt lat="36.312699" lon="127.42277"/><trkpt lat="36.312667" lon="127.423099"/><trkpt lat="36.312665" lon="127.423139"/><trkpt lat="36.312668" lon="127.423173"/><trkpt lat="36.312685" lon="127.423195"/><trkpt lat="36.312711" lon="127.423207"/><trkpt lat="36.312742" lon="127.423215"/><trkpt lat="36.312774" lon="127.423219"/><trkpt lat="36.312814" lon="127.423214"/><trkpt lat="36.31285" lon="127.4232"/><trkpt lat="36.312874" lon="127.423189"/></trkseg>
<trkseg><trkpt lat="36.313428" lon="127.422843"/><trkpt lat="36.313385" lon="127.422781"/><trkpt lat="36.313341" lon="127.422719"/><trkpt lat="36.313313" lon="127.422689"/><trkpt lat="36.313281" lon="127.422673"/><trkpt lat="36.313243" lon="127.422672"/><trkpt lat="36.313005" lon="127.422715"/><trkpt lat="36.312699" lon="127.42277"/></trkseg>
<trkseg><trkpt lat="36.313428" lon="127.422843"/><trkpt lat="36.313205" lon="127.422943"/><trkpt lat="36.313167" lon="127.422957"/><trkpt lat="36.313129" lon="127.422966"/><trkpt lat="36.313091" lon="127.422966"/><trkpt lat="36.313029" lon="127.422964"/><trkpt lat="36.312993" lon="127.422975"/><trkpt lat="36.312959" lon="127.422997"/><trkpt lat="36.31293" lon="127.423026"/><trkpt lat="36.312906" lon="127.423069"/><trkpt lat="36.312888" lon="127.42313"/><trkpt lat="36.312874" lon="127.423189"/></trkseg>
<trkseg><trkpt lat="36.313805" lon="127.422912"/><trkpt lat="36.313708" lon="127.422822"/><trkpt lat="36.313687" lon="127.422809"/><trkpt lat="36.313665" lon="127.422804"/><trkpt lat="36.313634" lon="127.422807"/><trkpt lat="36.313428" lon="127.422843"/></trkseg>
<trkseg><trkpt lat="36.313315" lon="127.423129"/><trkpt lat="36.313265" lon="127.423209"/><trkpt lat="36.313234" lon="127.423253"/><trkpt lat="36.313204" lon="127.423282"/><trkpt lat="36.313147" lon="127.423318"/><trkpt lat="36.313116" lon="127.423339"/><trkpt lat="36.313094" lon="127.423367"/><trkpt lat="36.313089" lon="127.423403"/><trkpt lat="36.313091" lon="127.423458"/><trkpt lat="36.313085" lon="127.423501"/><trkpt lat="36.313072" lon="127.423541"/><trkpt lat="36.313054" lon="127.423573"/><trkpt lat="36.313032" lon="127.423586"/><trkpt lat="36.313011" lon="127.423578"/><trkpt lat="36.312995" lon="127.423549"/><trkpt lat="36.312986" lon="127.423506"/><trkpt lat="36.312979" lon="127.423441"/><trkpt lat="36.312956" lon="127.423129"/></trkseg>
<trkseg><trkpt lat="36.312906" lon="127.4241"/><trkpt lat="36.312904" lon="127.42405"/><trkpt lat="36.312912" lon="127.423999"/><trkpt lat="36.312936" lon="127.423955"/><trkpt lat="36.312977" lon="127.423915"/><trkpt lat="36.313185" lon="127.423735"/><trkpt lat="36.313226" lon="127.423694"/><trkpt lat="36.313251" lon="127.423658"/><trkpt lat="36.313268" lon="127.423617"/><trkpt lat="36.313315" lon="127.423468"/><trkpt lat="36.313331" lon="127.423407"/><trkpt lat="36.313339" lon="127.423361"/><trkpt lat="36.313339" lon="127.423316"/><trkpt lat="36.313334" lon="127.423266"/><trkpt lat="36.313315" lon="127.423129"/></trkseg>
<trkseg><trkpt lat="36.312906" lon="127.4241"/><trkpt lat="36.313375" lon="127.42411"/><trkpt lat="36.313428" lon="127.424114"/><trkpt lat="36.313468" lon="127.424123"/><trkpt lat="36.313572" lon="127.42416"/><trkpt lat="36.313635" lon="127.424186"/><trkpt lat="36.313668" lon="127.424206"/><trkpt lat="36.313686" lon="127.424235"/><trkpt lat="36.313687" lon="127.424276"/><trkpt lat="36.31368" lon="127.42432"/><trkpt lat="36.313665" lon="127.424362"/><trkpt lat="36.313643" lon="127.424395"/><trkpt lat="36.313602" lon="127.424441"/><trkpt lat="36.313589" lon="127.424479"/><trkpt lat="36.313587" lon="127.424525"/><trkpt lat="36.313592" lon="127.424589"/><trkpt lat="36.313598" lon="127.424636"/><trkpt lat="36.31361" lon="127.424676"/><trkpt lat="36.313634" lon="127.424698"/><trkpt lat="36.313667" lon="127.424708"/><trkpt lat="36.313742" lon="127.424717"/><trkpt lat="36.313778" lon="127.424725"/><trkpt lat="36.313813" lon="127.424739"/><trkpt lat="36.313844" lon="127.424757"/><trkpt lat="36.31387" lon="127.424786"/><trkpt lat="36.313899" lon="127.424832"/><trkpt lat="36.313918" lon="127.42484"/><trkpt lat="36.313925" lon="127.424836"/></trkseg>
<trkseg><trkpt lat="36.316704" lon="127.422241"/><trkpt lat="36.316922" lon="127.422323"/><trkpt lat="36.316973" lon="127.422324"/><trkpt lat="36.317078" lon="127.422318"/><trkpt lat="36.317117" lon="127.422314"/><trkpt lat="36.317155" lon="127.422304"/><trkpt lat="36.317206" lon="127.422286"/><trkpt lat="36.317548" lon="127.422149"/></trkseg>
<trkseg><trkpt lat="36.315133" lon="127.421303"/><trkpt lat="36.315535" lon="127.422041"/><trkpt lat="36.315559" lon="127.42208"/><trkpt lat="36.315586" lon="127.422114"/><trkpt lat="36.315617" lon="127.422142"/><trkpt lat="36.31574" lon="127.422232"/><trkpt lat="36.315808" lon="127.422278"/><trkpt lat="36.315843" lon="127.422296"/><trkpt lat="36.315902" lon="127.422314"/><trkpt lat="36.315936" lon="127.422326"/><trkpt lat="36.315967" lon="127.422351"/><trkpt lat="36.315993" lon="127.422386"/><trkpt lat="36.316035" lon="127.422446"/><trkpt lat="36.316063" lon="127.422467"/><trkpt lat="36.316095" lon="127.422464"/><trkpt lat="36.316129" lon="127.422446"/><trkpt lat="36.316258" lon="127.422363"/><trkpt lat="36.316317" lon="127.422326"/><trkpt lat="36.316353" lon="127.422309"/><trkpt lat="36.31639" lon="127.422302"/><trkpt lat="36.316443" lon="127.422304"/><trkpt lat="36.316704" lon="127.422241"/></trkseg>
<trkseg><trkpt lat="36.316258" lon="127.421288"/><trkpt lat="36.316268" lon="127.42141"/><trkpt lat="36.316269" lon="127.421464"/><trkpt lat="36.316262" lon="127.421511"/><trkpt lat="36.316247" lon="127.421555"/><trkpt lat="36.316214" lon="127.421641"/><trkpt lat="36.316206" lon="127.42168"/><trkpt lat="36.316218" lon="127.421713"/><trkpt lat="36.316246" lon="127.42174"/><trkpt lat="36.316291" lon="127.421773"/><trkpt lat="36.316515" lon="127.421926"/><trkpt lat="36.316571" lon="127.421969"/><trkpt lat="36.316602" lon="127.421998"/><trkpt lat="36.316627" lon="127.422036"/><trkpt lat="36.316656" lon="127.422091"/><trkpt lat="36.316704" lon="127.422241"/></trkseg>
<trkseg><trkpt lat="36.316258" lon="127.421288"/><trkpt lat="36.316638" lon="127.421295"/><trkpt lat="36.316667" lon="127.421299"/><trkpt lat="36.3167" lon="127.421315"/><trkpt lat="36.316727" lon="127.421338"/><trkpt lat="36.316738" lon="127.42135"/></trkseg>
<trkseg><trkpt lat="36.31565" lon="127.42148"/><trkpt lat="36.315707" lon="127.4215"/><trkpt lat="36.315753" lon="127.421513"/><trkpt lat="36.31579" lon="127.421514"/><trkpt lat="36.315823" lon="127.4215"/><trkpt lat="36.315921" lon="127.421434"/><trkpt lat="36.315976" lon="127.421399"/><trkpt lat="36.316012" lon="127.421382"/><trkpt lat="36.316258" lon="127.421288"/></trkseg>
<trkseg><trkpt lat="36.31565" lon="127.42148"/><trkpt lat="36.315309" lon="127.421322"/></trkseg>
<trkseg><trkpt lat="36.315268" lon="127.420778"/><trkpt lat="36.31565" lon="127.42148"/></trkseg>
<trkseg><trkpt lat="36.315268" lon="127.420778"/><trkpt lat="36.315315" lon="127.420993"/><trkpt lat="36.31532" lon="127.421035"/><trkpt lat="36.315309" lon="127.421322"/></trkseg>
<trkseg><trkpt lat="36.315815" lon="127.419844"/><trkpt lat="36.31576" lon="127.419887"/><trkpt lat="36.31572" lon="127.419923"/><trkpt lat="36.315692" lon="127.419957"/><trkpt lat="36.315678" lon="127.419997"/><trkpt lat="36.315667" lon="127.420075"/><trkpt lat="36.315659" lon="127.420121"/><trkpt lat="36.315642" lon="127.420159"/><trkpt lat="36.315613" lon="127.420188"/><trkpt lat="36.315545" lon="127.420239"/><trkpt lat="36.315336" lon="127.420384"/><trkpt lat="36.315304" lon="127.42041"/><trkpt lat="36.31528" lon="127.420442"/><trkpt lat="36.315271" lon="127.420481"/><trkpt lat="36.31526" lon="127.420541"/><trkpt lat="36.315238" lon="127.420594"/><trkpt lat="36.31521" lon="127.420648"/><trkpt lat="36.315205" lon="127.420656"/></trkseg>
<trkseg><trkpt lat="36.315205" lon="127.420656"/><trkpt lat="36.315268" lon="127.420778"/></trkseg>
<trkseg><trkpt lat="36.315205" lon="127.420656"/><trkpt lat="36.315038" lon="127.421058"/></trkseg>
<trkseg><trkpt lat="36.315051" lon="127.4195"/><trkpt lat="36.315022" lon="127.419817"/><trkpt lat="36.31502" lon="127.419865"/><trkpt lat="36.315025" lon="127.419962"/><trkpt lat="36.315051" lon="127.420254"/><trkpt lat="36.315059" lon="127.420301"/><trkpt lat="36.315074" lon="127.420347"/><trkpt lat="36.315104" lon="127.420421"/><trkpt lat="36.315205" lon="127.420656"/></trkseg>
<trkseg><trkpt lat="36.315051" lon="127.4195"/><trkpt lat="36.315207" lon="127.419423"/><trkpt lat="36.315255" lon="127.419404"/><trkpt lat="36.315292" lon="127.419399"/><trkpt lat="36.31533" lon="127.419404"/><trkpt lat="36.315433" lon="127.419429"/><trkpt lat="36.315471" lon="127.419433"/><trkpt lat="36.315508" lon="127.419428"/><trkpt lat="36.315545" lon="127.419414"/><trkpt lat="36.315594" lon="127.419389"/><trkpt lat="36.315636" lon="127.41936"/><trkpt lat="36.315672" lon="127.419325"/><trkpt lat="36.315686" lon="127.4193"/><trkpt lat="36.315686" lon="127.419297"/></trkseg>
<trkseg><trkpt lat="36.315259" lon="127.419069"/><trkpt lat="36.31512" lon="127.419133"/><trkpt lat="36.315085" lon="127.419153"/><trkpt lat="36.315063" lon="127.419172"/><trkpt lat="36.31505" lon="127.419201"/><trkpt lat="36.315038" lon="127.419247"/><trkpt lat="36.315025" lon="127.419318"/><trkpt lat="36.315024" lon="127.419353"/><trkpt lat="36.315028" lon="127.419387"/><trkpt lat="36.315051" lon="127.4195"/></trkseg>
<trkseg><trkpt lat="36.314683" lon="127.420659"/><trkpt lat="36.314489" lon="127.420154"/><trkpt lat="36.314474" lon="127.420109"/><trkpt lat="36.314467" lon="127.420063"/><trkpt lat="36.314468" lon="127.420015"/><trkpt lat="36.314476" lon="127.419935"/><trkpt lat="36.314487" lon="127.419855"/><trkpt lat="36.314497" lon="127.419809"/><trkpt lat="36.314514" lon="127.419768"/><trkpt lat="36.314537" lon="127.419731"/><trkpt lat="36.314581" lon="127.419673"/><trkpt lat="36.314609" lon="127.419643"/><trkpt lat="36.314642" lon="127.419621"/><trkpt lat="36.314679" lon="127.419607"/><trkpt lat="36.315051" lon="127.4195"/></trkseg>
<trkseg><trkpt lat="36.314683" lon="127.420659"/><trkpt lat="36.314854" lon="127.420909"/><trkpt lat="36.314875" lon="127.420933"/><trkpt lat="36.314907" lon="127.420959"/><trkpt lat="36.315038" lon="127.421058"/></trkseg>
<trkseg><trkpt lat="36.315038" lon="127.421058"/><trkpt lat="36.314913" lon="127.421113"/><trkpt lat="36.314891" lon="127.421126"/><trkpt lat="36.314877" lon="127.42114"/><trkpt lat="36.314869" lon="127.421159"/><trkpt lat="36.314866" lon="127.42118"/><trkpt lat="36.31487" lon="127.4212"/><trkpt lat="36.314891" lon="127.421243"/><trkpt lat="36.314919" lon="127.421295"/></trkseg>
<trkseg><trkpt lat="36.315038" lon="127.421058"/><trkpt lat="36.315059" lon="127.421063"/><trkpt lat="36.315072" lon="127.421072"/><trkpt lat="36.31508" lon="127.421092"/><trkpt lat="36.315133" lon="127.421303"/></trkseg>
<trkseg><trkpt lat="36.315133" lon="127.421303"/><trkpt lat="36.315094" lon="127.421453"/></trkseg>
<trkseg><trkpt lat="36.315309" lon="127.421322"/><trkpt lat="36.315133" lon="127.421303"/></trkseg>
<trkseg><trkpt lat="36.315133" lon="127.421303"/><trkpt lat="36.315018" lon="127.42122"/><trkpt lat="36.315" lon="127.421211"/><trkpt lat="36.314988" lon="127.421211"/><trkpt lat="36.314976" lon="127.42122"/><trkpt lat="36.314958" lon="127.421242"/><trkpt lat="36.314919" lon="127.421295"/></trkseg>
<trkseg><trkpt lat="36.315094" lon="127.421453"/><trkpt lat="36.314919" lon="127.421295"/></trkseg>
<trkseg><trkpt lat="36.315094" lon="127.421453"/><trkpt lat="36.315045" lon="127.421566"/><trkpt lat="36.315021" lon="127.421612"/><trkpt lat="36.314995" lon="127.421647"/><trkpt lat="36.314965" lon="127.421676"/><trkpt lat="36.314932" lon="127.421701"/><trkpt lat="36.314896" lon="127.421716"/><trkpt lat="36.314857" lon="127.421723"/><trkpt lat="36.31479" lon="127.421727"/><trkpt lat="36.314751" lon="127.421725"/><trkpt lat="36.314713" lon="127.421715"/><trkpt lat="36.314664" lon="127.421695"/><trkpt lat="36.314542" lon="127.421644"/><trkpt lat="36.314505" lon="127.421634"/><trkpt lat="36.314466" lon="127.421634"/><trkpt lat="36.314416" lon="127.421648"/><trkpt lat="36.314352" lon="127.421673"/></trkseg>
<trkseg><trkpt lat="36.314919" lon="127.421295"/><trkpt lat="36.314284" lon="127.421184"/></trkseg>
<trkseg><trkpt lat="36.314683" lon="127.420659"/><trkpt lat="36.314577" lon="127.420693"/><trkpt lat="36.31454" lon="127.420708"/><trkpt lat="36.314509" lon="127.420727"/><trkpt lat="36.314485" lon="127.420758"/><trkpt lat="36.314457" lon="127.420809"/><trkpt lat="36.314432" lon="127.42084"/><trkpt lat="36.314373" lon="127.42089"/><trkpt lat="36.314345" lon="127.420917"/><trkpt lat="36.314321" lon="127.420951"/><trkpt lat="36.314303" lon="127.420989"/><trkpt lat="36.314292" lon="127.421032"/><trkpt lat="36.314287" lon="127.421089"/><trkpt lat="36.314284" lon="127.421181"/><trkpt lat="36.314284" lon="127.421184"/></trkseg>
<trkseg><trkpt lat="36.314284" lon="127.421184"/><trkpt lat="36.314109" lon="127.42115"/><trkpt lat="36.314083" lon="127.421142"/><trkpt lat="36.314067" lon="127.421131"/><trkpt lat="36.314049" lon="127.421108"/><trkpt lat="36.313994" lon="127.421011"/></trkseg>
<trkseg><trkpt lat="36.313994" lon="127.421011"/><trkpt lat="36.313819" lon="127.421063"/></trkseg>
<trkseg><trkpt lat="36.313994" lon="127.421011"/><trkpt lat="36.314032" lon="127.420944"/><trkpt lat="36.314058" lon="127.42089"/><trkpt lat="36.314074" lon="127.420845"/><trkpt lat="36.314078" lon="127.420799"/><trkpt lat="36.314077" lon="127.420751"/><trkpt lat="36.314073" lon="127.420704"/><trkpt lat="36.314066" lon="127.420658"/><trkpt lat="36.314051" lon="127.420619"/><trkpt lat="36.314018" lon="127.420575"/><trkpt lat="36.313997" lon="127.42054"/><trkpt lat="36.313987" lon="127.420497"/><trkpt lat="36.313978" lon="127.420403"/><trkpt lat="36.313968" lon="127.420358"/><trkpt lat="36.313953" lon="127.420314"/><trkpt lat="36.313935" lon="127.420272"/><trkpt lat="36.313914" lon="127.420231"/><trkpt lat="36.313857" lon="127.420136"/><trkpt lat="36.313832" lon="127.420099"/><trkpt lat="36.313805" lon="127.420072"/><trkpt lat="36.313774" lon="127.420068"/><trkpt lat="36.313741" lon="127.420082"/><trkpt lat="36.313671" lon="127.420125"/><trkpt lat="36.313635" lon="127.420145"/><trkpt lat="36.313598" lon="127.420157"/><trkpt lat="36.313559" lon="127.420155"/><trkpt lat="36.313521" lon="127.420144"/><trkpt lat="36.313489" lon="127.420127"/><trkpt lat="36.313475" lon="127.4201"/><trkpt lat="36.313481" lon="127.420064"/><trkpt lat="36.313497" lon="127.420024"/><trkpt lat="36.313517" lon="127.419984"/><trkpt lat="36.313543" lon="127.41995"/><trkpt lat="36.313575" lon="127.419922"/><trkpt lat="36.313622" lon="127.41989"/><trkpt lat="36.313775" lon="127.419789"/><trkpt lat="36.313808" lon="127.419762"/><trkpt lat="36.313839" lon="127.41973"/><trkpt lat="36.314065" lon="127.41947"/></trkseg>
<trkseg><trkpt lat="36.314065" lon="127.41947"/><trkpt lat="36.314078" lon="127.419634"/><trkpt lat="36.314085" lon="127.419698"/><trkpt lat="36.314095" lon="127.419744"/><trkpt lat="36.314113" lon="127.419785"/><trkpt lat="36.314139" lon="127.419821"/><trkpt lat="36.314245" lon="127.41995"/><trkpt lat="36.314281" lon="127.419998"/><trkpt lat="36.314302" lon="127.420037"/><trkpt lat="36.314322" lon="127.420089"/><trkpt lat="36.314341" lon="127.420124"/><trkpt lat="36.314367" lon="127.420154"/><trkpt lat="36.314422" lon="127.420211"/><trkpt lat="36.314448" lon="127.420247"/><trkpt lat="36.314683" lon="127.420659"/></trkseg>
<trkseg><trkpt lat="36.313827" lon="127.418818"/><trkpt lat="36.313841" lon="127.418941"/><trkpt lat="36.31385" lon="127.418983"/><trkpt lat="36.313866" lon="127.419019"/><trkpt lat="36.313951" lon="127.41917"/><trkpt lat="36.31399" lon="127.41924"/><trkpt lat="36.314006" lon="127.419276"/><trkpt lat="36.314024" lon="127.419327"/><trkpt lat="36.314065" lon="127.41947"/></trkseg>
<trkseg><trkpt lat="36.313827" lon="127.418818"/><trkpt lat="36.313837" lon="127.418801"/><trkpt lat="36.313867" lon="127.418781"/><trkpt lat="36.313909" lon="127.418779"/><trkpt lat="36.313956" lon="127.418787"/><trkpt lat="36.313978" lon="127.418781"/><trkpt lat="36.313983" lon="127.418749"/><trkpt lat="36.313979" lon="127.418703"/><trkpt lat="36.313964" lon="127.418588"/><trkpt lat="36.313963" lon="127.418543"/><trkpt lat="36.313975" lon="127.418514"/><trkpt lat="36.314004" lon="127.418503"/><trkpt lat="36.314037" lon="127.418508"/><trkpt lat="36.314069" lon="127.418531"/><trkpt lat="36.314098" lon="127.418562"/><trkpt lat="36.314192" lon="127.418677"/><trkpt lat="36.314231" lon="127.418719"/><trkpt lat="36.314263" lon="127.418742"/><trkpt lat="36.3143" lon="127.418757"/><trkpt lat="36.314365" lon="127.418775"/><trkpt lat="36.314665" lon="127.41885"/><trkpt lat="36.31481" lon="127.418887"/><trkpt lat="36.314845" lon="127.418892"/><trkpt lat="36.31487" lon="127.418884"/><trkpt lat="36.314874" lon="127.418854"/><trkpt lat="36.314867" lon="127.418813"/><trkpt lat="36.31485" lon="127.418771"/><trkpt lat="36.314827" lon="127.418732"/><trkpt lat="36.3148" lon="127.418697"/><trkpt lat="36.314771" lon="127.418667"/><trkpt lat="36.314731" lon="127.41864"/><trkpt lat="36.314707" lon="127.418621"/><trkpt lat="36.314703" lon="127.418614"/></trkseg>
<trkseg><trkpt lat="36.312525" lon="127.417428"/><trkpt lat="36.312683" lon="127.417511"/><trkpt lat="36.312718" lon="127.417534"/><trkpt lat="36.312918" lon="127.417703"/><trkpt lat="36.312982" lon="127.417762"/><trkpt lat="36.313023" lon="127.417806"/><trkpt lat="36.313231" lon="127.418067"/><trkpt lat="36.313827" lon="127.418818"/></trkseg>
<trkseg><trkpt lat="36.314425" lon="127.41744"/><trkpt lat="36.31443" lon="127.417435"/><trkpt lat="36.314376" lon="127.417448"/><trkpt lat="36.314338" lon="127.417453"/><trkpt lat="36.314302" lon="127.417445"/><trkpt lat="36.314222" lon="127.417409"/><trkpt lat="36.314186" lon="127.417411"/><trkpt lat="36.31415" lon="127.417425"/><trkpt lat="36.313968" lon="127.417527"/><trkpt lat="36.31392" lon="127.417553"/><trkpt lat="36.313883" lon="127.417567"/><trkpt lat="36.313845" lon="127.41757"/><trkpt lat="36.313806" lon="127.417563"/><trkpt lat="36.313741" lon="127.417546"/><trkpt lat="36.313691" lon="127.417527"/><trkpt lat="36.313657" lon="127.417506"/><trkpt lat="36.313631" lon="127.417476"/><trkpt lat="36.3136" lon="127.417433"/><trkpt lat="36.313572" lon="127.417415"/><trkpt lat="36.313536" lon="127.417416"/><trkpt lat="36.313498" lon="127.417425"/><trkpt lat="36.31325" lon="127.417502"/><trkpt lat="36.313199" lon="127.417515"/><trkpt lat="36.313162" lon="127.417519"/><trkpt lat="36.313131" lon="127.417513"/><trkpt lat="36.313101" lon="127.417493"/><trkpt lat="36.313073" lon="127.417481"/><trkpt lat="36.313036" lon="127.417478"/><trkpt lat="36.312944" lon="127.417482"/><trkpt lat="36.312905" lon="127.417479"/><trkpt lat="36.312853" lon="127.417467"/><trkpt lat="36.312698" lon="127.417423"/><trkpt lat="36.312646" lon="127.417411"/><trkpt lat="36.312598" lon="127.417411"/><trkpt lat="36.312554" lon="127.41742"/><trkpt lat="36.312525" lon="127.417428"/></trkseg>
<trkseg><trkpt lat="36.312525" lon="127.417428"/><trkpt lat="36.312469" lon="127.417473"/><trkpt lat="36.312447" lon="127.417485"/><trkpt lat="36.312424" lon="127.417489"/><trkpt lat="36.312384" lon="127.41749"/><trkpt lat="36.312361" lon="127.417488"/><trkpt lat="36.31234" lon="127.417479"/><trkpt lat="36.312314" lon="127.417458"/><trkpt lat="36.312182" lon="127.417316"/></trkseg>
<trkseg><trkpt lat="36.312182" lon="127.417316"/><trkpt lat="36.312525" lon="127.417428"/></trkseg>
<trkseg><trkpt lat="36.312015" lon="127.417271"/><trkpt lat="36.311826" lon="127.417665"/><trkpt lat="36.311804" lon="127.417705"/><trkpt lat="36.311778" lon="127.41774"/><trkpt lat="36.311748" lon="127.41777"/><trkpt lat="36.311647" lon="127.417849"/><trkpt lat="36.311604" lon="127.417885"/><trkpt lat="36.311576" lon="127.417915"/><trkpt lat="36.31156" lon="127.41795"/><trkpt lat="36.31156" lon="127.417989"/><trkpt lat="36.311567" lon="127.418027"/><trkpt lat="36.311584" lon="127.418055"/><trkpt lat="36.311613" lon="127.418065"/><trkpt lat="36.311675" lon="127.418062"/><trkpt lat="36.311713" lon="127.418061"/><trkpt lat="36.311753" lon="127.418068"/><trkpt lat="36.311791" lon="127.418081"/><trkpt lat="36.311826" lon="127.418098"/><trkpt lat="36.311856" lon="127.418122"/><trkpt lat="36.311874" lon="127.41816"/><trkpt lat="36.311885" lon="127.418205"/><trkpt lat="36.311924" lon="127.418412"/><trkpt lat="36.311949" lon="127.418539"/><trkpt lat="36.311961" lon="127.418584"/><trkpt lat="36.311978" lon="127.418628"/><trkpt lat="36.312007" lon="127.418683"/><trkpt lat="36.312085" lon="127.418818"/><trkpt lat="36.312106" lon="127.41886"/><trkpt lat="36.312122" lon="127.418904"/><trkpt lat="36.312136" lon="127.418967"/><trkpt lat="36.312189" lon="127.419239"/><trkpt lat="36.31221" lon="127.419336"/><trkpt lat="36.312222" lon="127.419382"/><trkpt lat="36.312243" lon="127.419434"/><trkpt lat="36.31225" lon="127.419462"/><trkpt lat="36.312231" lon="127.41948"/><trkpt lat="36.312186" lon="127.419495"/><trkpt lat="36.312069" lon="127.419527"/><trkpt lat="36.312031" lon="127.419541"/><trkpt lat="36.311992" lon="127.419566"/><trkpt lat="36.311915" lon="127.419628"/></trkseg>
<trkseg><trkpt lat="36.310468" lon="127.416413"/><trkpt lat="36.310524" lon="127.416487"/><trkpt lat="36.31056" lon="127.416526"/><trkpt lat="36.310594" lon="127.416551"/><trkpt lat="36.31069" lon="127.416608"/><trkpt lat="36.310751" lon="127.41664"/><trkpt lat="36.310788" lon="127.416655"/><trkpt lat="36.310826" lon="127.416664"/><trkpt lat="36.310863" lon="127.416669"/><trkpt lat="36.310896" lon="127.416668"/><trkpt lat="36.310921" lon="127.416656"/><trkpt lat="36.310937" lon="127.416637"/><trkpt lat="36.310962" lon="127.416627"/><trkpt lat="36.310997" lon="127.416631"/><trkpt lat="36.311048" lon="127.416644"/><trkpt lat="36.311442" lon="127.416758"/><trkpt lat="36.31148" lon="127.416772"/><trkpt lat="36.311515" lon="127.416793"/><trkpt lat="36.311546" lon="127.416822"/><trkpt lat="36.311594" lon="127.416876"/><trkpt lat="36.311826" lon="127.417143"/><trkpt lat="36.311866" lon="127.417184"/><trkpt lat="36.311899" lon="127.41721"/><trkpt lat="36.311958" lon="127.417243"/><trkpt lat="36.312015" lon="127.417271"/></trkseg>
<trkseg><trkpt lat="36.312015" lon="127.417271"/><trkpt lat="36.312182" lon="127.417316"/></trkseg>
<trkseg><trkpt lat="36.309416" lon="127.416144"/><trkpt lat="36.309667" lon="127.416056"/><trkpt lat="36.309717" lon="127.416042"/><trkpt lat="36.309754" lon="127.416039"/><trkpt lat="36.309791" lon="127.416049"/><trkpt lat="36.309841" lon="127.416073"/><trkpt lat="36.310037" lon="127.41618"/><trkpt lat="36.310468" lon="127.416413"/></trkseg>
<trkseg><trkpt lat="36.310468" lon="127.416413"/><trkpt lat="36.310096" lon="127.415995"/><trkpt lat="36.310065" lon="127.415965"/><trkpt lat="36.310032" lon="127.41594"/><trkpt lat="36.309997" lon="127.415923"/><trkpt lat="36.309913" lon="127.415884"/><trkpt lat="36.309891" lon="127.41585"/><trkpt lat="36.309893" lon="127.415812"/><trkpt lat="36.309897" lon="127.4158"/></trkseg>
<trkseg><trkpt lat="36.309897" lon="127.4158"/><trkpt lat="36.309833" lon="127.415819"/><trkpt lat="36.309796" lon="127.415835"/><trkpt lat="36.30977" lon="127.415857"/><trkpt lat="36.309738" lon="127.415895"/><trkpt lat="36.309684" lon="127.415964"/><trkpt lat="36.309658" lon="127.41599"/><trkpt lat="36.309629" lon="127.416011"/><trkpt lat="36.309416" lon="127.416144"/></trkseg>
<trkseg><trkpt lat="36.307793" lon="127.416237"/><trkpt lat="36.308001" lon="127.416271"/><trkpt lat="36.30804" lon="127.41628"/><trkpt lat="36.308105" lon="127.416302"/><trkpt lat="36.308465" lon="127.416439"/><trkpt lat="36.308542" lon="127.416467"/><trkpt lat="36.308582" lon="127.416477"/><trkpt lat="36.308621" lon="127.416481"/><trkpt lat="36.308851" lon="127.41648"/><trkpt lat="36.308918" lon="127.416477"/><trkpt lat="36.308957" lon="127.416469"/><trkpt lat="36.308993" lon="127.416452"/><trkpt lat="36.30905" lon="127.416412"/><trkpt lat="36.309416" lon="127.416144"/></trkseg>
<trkseg><trkpt lat="36.30441" lon="127.416816"/><trkpt lat="36.304445" lon="127.416497"/><trkpt lat="36.304453" lon="127.416451"/><trkpt lat="36.304468" lon="127.416407"/><trkpt lat="36.304509" lon="127.416322"/><trkpt lat="36.304554" lon="127.416242"/><trkpt lat="36.304581" lon="127.416206"/><trkpt lat="36.304612" lon="127.416176"/><trkpt lat="36.304746" lon="127.416068"/><trkpt lat="36.305216" lon="127.415688"/></trkseg>
<trkseg><trkpt lat="36.305216" lon="127.415688"/><trkpt lat="36.305211" lon="127.415637"/><trkpt lat="36.305209" lon="127.415588"/><trkpt lat="36.305217" lon="127.41556"/><trkpt lat="36.305238" lon="127.415555"/><trkpt lat="36.305266" lon="127.415559"/><trkpt lat="36.305324" lon="127.41557"/><trkpt lat="36.305349" lon="127.415569"/><trkpt lat="36.305365" lon="127.415551"/><trkpt lat="36.305374" lon="127.415522"/><trkpt lat="36.305377" lon="127.415488"/><trkpt lat="36.305373" lon="127.415452"/><trkpt lat="36.305359" lon="127.415404"/><trkpt lat="36.305315" lon="127.415287"/></trkseg>
<trkseg><trkpt lat="36.30441" lon="127.416816"/><trkpt lat="36.304418" lon="127.416885"/><trkpt lat="36.304428" lon="127.416955"/><trkpt lat="36.304437" lon="127.416993"/><trkpt lat="36.304454" lon="127.417025"/><trkpt lat="36.304479" lon="127.41705"/><trkpt lat="36.30465" lon="127.417165"/><trkpt lat="36.3047" lon="127.417196"/><trkpt lat="36.304737" lon="127.417206"/><trkpt lat="36.304776" lon="127.417201"/><trkpt lat="36.304812" lon="127.417187"/></trkseg>
<trkseg><trkpt lat="36.304812" lon="127.417187"/><trkpt lat="36.304809" lon="127.417268"/><trkpt lat="36.30481" lon="127.417316"/><trkpt lat="36.304816" lon="127.41735"/><trkpt lat="36.304834" lon="127.417375"/><trkpt lat="36.304861" lon="127.417392"/><trkpt lat="36.304902" lon="127.41741"/><trkpt lat="36.304933" lon="127.417419"/><trkpt lat="36.304964" lon="127.417419"/><trkpt lat="36.304993" lon="127.417405"/><trkpt lat="36.305021" lon="127.417385"/><trkpt lat="36.305044" lon="127.417359"/><trkpt lat="36.305062" lon="127.417327"/><trkpt lat="36.305087" lon="127.417271"/><trkpt lat="36.305117" lon="127.417196"/></trkseg>
<trkseg><trkpt lat="36.304812" lon="127.417187"/><trkpt lat="36.305117" lon="127.417196"/></trkseg>
<trkseg><trkpt lat="36.305117" lon="127.417196"/><trkpt lat="36.305166" lon="127.417137"/><trkpt lat="36.305215" lon="127.417081"/><trkpt lat="36.305247" lon="127.417054"/><trkpt lat="36.305283" lon="127.417038"/><trkpt lat="36.305322" lon="127.417031"/><trkpt lat="36.305861" lon="127.416984"/></trkseg>
<trkseg><trkpt lat="36.305117" lon="127.417196"/><trkpt lat="36.305136" lon="127.417197"/><trkpt lat="36.305175" lon="127.417184"/><trkpt lat="36.305214" lon="127.41715"/><trkpt lat="36.305243" lon="127.417117"/><trkpt lat="36.305274" lon="127.417093"/><trkpt lat="36.30531" lon="127.417086"/><trkpt lat="36.305362" lon="127.41709"/><trkpt lat="36.305626" lon="127.417128"/><trkpt lat="36.305679" lon="127.417133"/><trkpt lat="36.305718" lon="127.417131"/><trkpt lat="36.305754" lon="127.417117"/><trkpt lat="36.30579" lon="127.417094"/><trkpt lat="36.305827" lon="127.417054"/><trkpt lat="36.305852" lon="127.417007"/><trkpt lat="36.305861" lon="127.416984"/></trkseg>
<trkseg><trkpt lat="36.305861" lon="127.416984"/><trkpt lat="36.306542" lon="127.41688"/><trkpt lat="36.30658" lon="127.416871"/><trkpt lat="36.306614" lon="127.416854"/><trkpt lat="36.306647" lon="127.416818"/><trkpt lat="36.306675" lon="127.416793"/><trkpt lat="36.306708" lon="127.416777"/><trkpt lat="36.306769" lon="127.416757"/><trkpt lat="36.306803" lon="127.416742"/><trkpt lat="36.306832" lon="127.416718"/><trkpt lat="36.306872" lon="127.416667"/><trkpt lat="36.3069" lon="127.416639"/><trkpt lat="36.306965" lon="127.416597"/><trkpt lat="36.306996" lon="127.416573"/><trkpt lat="36.307022" lon="127.416538"/><trkpt lat="36.307044" lon="127.416499"/><trkpt lat="36.307101" lon="127.416389"/><trkpt lat="36.307125" lon="127.41635"/><trkpt lat="36.307152" lon="127.416316"/><trkpt lat="36.307181" lon="127.416286"/><trkpt lat="36.307211" lon="127.416263"/><trkpt lat="36.30724" lon="127.416256"/><trkpt lat="36.307289" lon="127.416268"/><trkpt lat="36.307328" lon="127.416272"/><trkpt lat="36.307421" lon="127.416273"/><trkpt lat="36.307583" lon="127.416268"/></trkseg>
<trkseg><trkpt lat="36.30765" lon="127.416468"/><trkpt lat="36.307627" lon="127.416566"/><trkpt lat="36.307616" lon="127.416624"/><trkpt lat="36.307613" lon="127.416669"/><trkpt lat="36.307622" lon="127.416713"/><trkpt lat="36.307641" lon="127.416754"/><trkpt lat="36.307726" lon="127.416905"/><trkpt lat="36.307769" lon="127.416987"/><trkpt lat="36.307785" lon="127.41703"/><trkpt lat="36.30779" lon="127.41707"/><trkpt lat="36.307792" lon="127.417139"/><trkpt lat="36.307803" lon="127.417184"/><trkpt lat="36.307822" lon="127.417243"/><trkpt lat="36.307863" lon="127.417362"/><trkpt lat="36.307873" lon="127.417407"/><trkpt lat="36.307874" lon="127.417453"/><trkpt lat="36.307865" lon="127.4175"/><trkpt lat="36.307805" lon="127.417738"/><trkpt lat="36.307786" lon="127.417817"/><trkpt lat="36.307778" lon="127.417865"/><trkpt lat="36.307779" lon="127.417912"/><trkpt lat="36.307785" lon="127.417959"/><trkpt lat="36.307795" lon="127.418006"/><trkpt lat="36.307808" lon="127.41805"/><trkpt lat="36.307825" lon="127.418087"/><trkpt lat="36.307849" lon="127.418127"/><trkpt lat="36.307855" lon="127.418168"/><trkpt lat="36.307853" lon="127.418213"/><trkpt lat="36.307832" lon="127.418373"/><trkpt lat="36.30783" lon="127.41842"/><trkpt lat="36.307836" lon="127.418465"/><trkpt lat="36.307853" lon="127.418507"/><trkpt lat="36.307882" lon="127.418561"/><trkpt lat="36.307951" lon="127.418684"/><trkpt lat="36.307972" lon="127.418738"/><trkpt lat="36.30798" lon="127.418789"/><trkpt lat="36.307976" lon="127.418813"/></trkseg>
<trkseg><trkpt lat="36.307657" lon="127.416281"/><trkpt lat="36.307619" lon="127.416396"/><trkpt lat="36.307619" lon="127.416407"/><trkpt lat="36.307624" lon="127.416421"/><trkpt lat="36.30765" lon="127.416468"/></trkseg>
<trkseg><trkpt lat="36.307583" lon="127.416268"/><trkpt lat="36.307657" lon="127.416281"/></trkseg>
<trkseg><trkpt lat="36.307657" lon="127.416281"/><trkpt lat="36.307793" lon="127.416237"/></trkseg>
<trkseg><trkpt lat="36.307793" lon="127.416237"/><trkpt lat="36.307769" lon="127.416369"/><trkpt lat="36.307762" lon="127.416393"/><trkpt lat="36.307754" lon="127.416407"/><trkpt lat="36.307743" lon="127.416417"/><trkpt lat="36.30765" lon="127.416468"/></trkseg>
<trkseg><trkpt lat="36.305641" lon="127.419276"/><trkpt lat="36.30567" lon="127.419469"/><trkpt lat="36.305681" lon="127.41953"/><trkpt lat="36.305696" lon="127.419568"/><trkpt lat="36.305722" lon="127.419589"/><trkpt lat="36.305756" lon="127.419597"/><trkpt lat="36.30582" lon="127.419602"/><trkpt lat="36.305871" lon="127.419602"/><trkpt lat="36.305909" lon="127.419596"/><trkpt lat="36.305946" lon="127.419579"/><trkpt lat="36.305982" lon="127.419557"/><trkpt lat="36.306126" lon="127.419461"/><trkpt lat="36.306161" lon="127.419443"/><trkpt lat="36.30619" lon="127.419441"/><trkpt lat="36.306209" lon="127.419466"/><trkpt lat="36.306224" lon="127.419506"/><trkpt lat="36.306236" lon="127.419551"/><trkpt lat="36.306245" lon="127.419598"/><trkpt lat="36.306247" lon="127.419645"/><trkpt lat="36.306238" lon="127.419691"/><trkpt lat="36.306223" lon="127.419735"/><trkpt lat="36.306201" lon="127.419775"/><trkpt lat="36.306175" lon="127.41981"/><trkpt lat="36.306147" lon="127.419837"/><trkpt lat="36.306114" lon="127.419846"/><trkpt lat="36.306065" lon="127.419844"/><trkpt lat="36.306029" lon="127.419854"/><trkpt lat="36.305994" lon="127.419874"/><trkpt lat="36.305856" lon="127.419978"/><trkpt lat="36.305812" lon="127.420009"/><trkpt lat="36.305785" lon="127.42002"/><trkpt lat="36.305771" lon="127.420003"/><trkpt lat="36.305767" lon="127.419966"/><trkpt lat="36.305767" lon="127.419855"/><trkpt lat="36.305764" lon="127.419808"/><trkpt lat="36.305755" lon="127.419762"/><trkpt lat="36.305739" lon="127.419719"/><trkpt lat="36.30572" lon="127.419677"/><trkpt lat="36.305696" lon="127.41964"/><trkpt lat="36.305666" lon="127.419606"/><trkpt lat="36.305634" lon="127.419576"/><trkpt lat="36.305601" lon="127.419551"/><trkpt lat="36.305564" lon="127.419537"/><trkpt lat="36.305512" lon="127.419529"/><trkpt lat="36.305313" lon="127.419514"/><trkpt lat="36.305276" lon="127.419507"/><trkpt lat="36.305245" lon="127.419491"/><trkpt lat="36.305226" lon="127.419457"/><trkpt lat="36.305215" lon="127.419412"/><trkpt lat="36.305202" lon="127.419336"/><trkpt lat="36.305186" lon="127.419231"/></trkseg>
<trkseg><trkpt lat="36.305641" lon="127.419276"/><trkpt lat="36.305986" lon="127.419278"/><trkpt lat="36.306025" lon="127.419282"/><trkpt lat="36.306063" lon="127.419292"/><trkpt lat="36.306171" lon="127.419343"/><trkpt lat="36.306207" lon="127.419358"/><trkpt lat="36.306242" lon="127.419363"/><trkpt lat="36.306276" lon="127.41935"/><trkpt lat="36.306309" lon="127.419328"/><trkpt lat="36.306358" lon="127.419293"/><trkpt lat="36.306404" lon="127.419272"/><trkpt lat="36.306442" lon="127.419266"/><trkpt lat="36.306451" lon="127.419268"/></trkseg>
<trkseg><trkpt lat="36.305186" lon="127.419231"/><trkpt lat="36.305213" lon="127.419286"/><trkpt lat="36.305243" lon="127.419341"/><trkpt lat="36.305263" lon="127.41937"/><trkpt lat="36.305286" lon="127.419389"/><trkpt lat="36.305312" lon="127.419395"/><trkpt lat="36.30534" lon="127.419391"/><trkpt lat="36.305369" lon="127.419375"/><trkpt lat="36.305464" lon="127.419307"/><trkpt lat="36.305493" lon="127.419288"/><trkpt lat="36.305523" lon="127.419276"/><trkpt lat="36.305559" lon="127.419273"/><trkpt lat="36.305641" lon="127.419276"/></trkseg>
<trkseg><trkpt lat="36.305292" lon="127.418906"/><trkpt lat="36.305254" lon="127.419204"/><trkpt lat="36.305249" lon="127.419226"/><trkpt lat="36.305238" lon="127.419239"/><trkpt lat="36.305217" lon="127.419239"/><trkpt lat="36.305186" lon="127.419231"/></trkseg>
<trkseg><trkpt lat="36.305186" lon="127.419231"/><trkpt lat="36.304507" lon="127.419219"/></trkseg>
<trkseg><trkpt lat="36.304493" lon="127.418606"/><trkpt lat="36.304408" lon="127.418937"/><trkpt lat="36.3044" lon="127.418975"/><trkpt lat="36.304399" lon="127.419012"/><trkpt lat="36.304408" lon="127.419046"/><trkpt lat="36.30443" lon="127.41909"/><trkpt lat="36.304507" lon="127.419219"/></trkseg>
<trkseg><trkpt lat="36.304348" lon="127.420673"/><trkpt lat="36.304289" lon="127.420688"/><trkpt lat="36.30425" lon="127.420701"/><trkpt lat="36.30424" lon="127.42071"/><trkpt lat="36.304252" lon="127.420723"/><trkpt lat="36.30433" lon="127.420765"/><trkpt lat="36.304363" lon="127.420788"/><trkpt lat="36.304381" lon="127.420811"/><trkpt lat="36.304391" lon="127.420841"/><trkpt lat="36.3044" lon="127.420897"/><trkpt lat="36.304416" lon="127.421025"/></trkseg>
<trkseg><trkpt lat="36.313428" lon="127.422843"/><trkpt lat="36.313468" lon="127.422959"/><trkpt lat="36.31347" lon="127.422976"/><trkpt lat="36.313465" lon="127.422989"/><trkpt lat="36.313448" lon="127.423003"/><trkpt lat="36.313315" lon="127.423129"/></trkseg>
<trkseg><trkpt lat="36.304507" lon="127.419219"/><trkpt lat="36.304465" lon="127.419253"/><trkpt lat="36.304424" lon="127.41929"/><trkpt lat="36.304396" lon="127.419326"/><trkpt lat="36.304388" lon="127.419365"/><trkpt lat="36.304391" lon="127.41944"/><trkpt lat="36.304387" lon="127.419484"/><trkpt lat="36.304378" lon="127.419553"/><trkpt lat="36.304386" lon="127.419586"/><trkpt lat="36.304414" lon="127.419618"/><trkpt lat="36.304429" lon="127.419644"/><trkpt lat="36.304425" lon="127.419679"/><trkpt lat="36.304409" lon="127.419718"/><trkpt lat="36.30436" lon="127.419815"/><trkpt lat="36.304343" lon="127.419858"/><trkpt lat="36.304331" lon="127.419904"/><trkpt lat="36.304316" lon="127.42"/><trkpt lat="36.304289" lon="127.420193"/><trkpt lat="36.304285" lon="127.420241"/><trkpt lat="36.304287" lon="127.420288"/><trkpt lat="36.304297" lon="127.420335"/><trkpt lat="36.30432" lon="127.420406"/><trkpt lat="36.304354" lon="127.420504"/></trkseg>
<trkseg><trkpt lat="36.304354" lon="127.420504"/><trkpt lat="36.304398" lon="127.42057"/><trkpt lat="36.304401" lon="127.42058"/><trkpt lat="36.304399" lon="127.42059"/><trkpt lat="36.304348" lon="127.420673"/></trkseg>
<trkseg><trkpt lat="36.31261" lon="127.422692"/><trkpt lat="36.312699" lon="127.42277"/></trkseg>
<trkseg><trkpt lat="36.31261" lon="127.422692"/><trkpt lat="36.312493" lon="127.422765"/><trkpt lat="36.312445" lon="127.42279"/><trkpt lat="36.312406" lon="127.422804"/><trkpt lat="36.312132" lon="127.422882"/><trkpt lat="36.311941" lon="127.422936"/><trkpt lat="36.311926" lon="127.422945"/><trkpt lat="36.311942" lon="127.422953"/><trkpt lat="36.311999" lon="127.42297"/><trkpt lat="36.312035" lon="127.422989"/><trkpt lat="36.312083" lon="127.423021"/><trkpt lat="36.312324" lon="127.4232"/><trkpt lat="36.312368" lon="127.423236"/><trkpt lat="36.312409" lon="127.423278"/><trkpt lat="36.312478" lon="127.423355"/><trkpt lat="36.312515" lon="127.423402"/><trkpt lat="36.312534" lon="127.42344"/><trkpt lat="36.312543" lon="127.423484"/><trkpt lat="36.312549" lon="127.423542"/><trkpt lat="36.312555" lon="127.423639"/></trkseg>
<trkseg><trkpt lat="36.304348" lon="127.420673"/><trkpt lat="36.30446" lon="127.420817"/></trkseg>
<trkseg><trkpt lat="36.30446" lon="127.420817"/><trkpt lat="36.304526" lon="127.420702"/><trkpt lat="36.304542" lon="127.42067"/><trkpt lat="36.304546" lon="127.420646"/><trkpt lat="36.304538" lon="127.420623"/><trkpt lat="36.304513" lon="127.420586"/><trkpt lat="36.304461" lon="127.420523"/><trkpt lat="36.304441" lon="127.420507"/><trkpt lat="36.304416" lon="127.420501"/><trkpt lat="36.304375" lon="127.420502"/><trkpt lat="36.304354" lon="127.420504"/></trkseg>
<trkseg><trkpt lat="36.30446" lon="127.420817"/><trkpt lat="36.304582" lon="127.420672"/><trkpt lat="36.304611" lon="127.420642"/><trkpt lat="36.304642" lon="127.420619"/><trkpt lat="36.304677" lon="127.420612"/><trkpt lat="36.304715" lon="127.420618"/><trkpt lat="36.304846" lon="127.420656"/><trkpt lat="36.305071" lon="127.420722"/><trkpt lat="36.305101" lon="127.420735"/><trkpt lat="36.305107" lon="127.420748"/><trkpt lat="36.305085" lon="127.420763"/><trkpt lat="36.305039" lon="127.420784"/><trkpt lat="36.304938" lon="127.420827"/><trkpt lat="36.304904" lon="127.420846"/><trkpt lat="36.30488" lon="127.420872"/><trkpt lat="36.304872" lon="127.420911"/><trkpt lat="36.304874" lon="127.420957"/><trkpt lat="36.304883" lon="127.421068"/><trkpt lat="36.304879" lon="127.421107"/><trkpt lat="36.304859" lon="127.42113"/><trkpt lat="36.304826" lon="127.421139"/><trkpt lat="36.304788" lon="127.421142"/><trkpt lat="36.304736" lon="127.421143"/><trkpt lat="36.304699" lon="127.421138"/><trkpt lat="36.304668" lon="127.421121"/><trkpt lat="36.304644" lon="127.421088"/><trkpt lat="36.304606" lon="127.421027"/><trkpt lat="36.304579" lon="127.421004"/><trkpt lat="36.304544" lon="127.421"/><trkpt lat="36.304497" lon="127.421007"/><trkpt lat="36.304419" lon="127.421025"/><trkpt lat="36.304416" lon="127.421025"/></trkseg>
<trkseg><trkpt lat="36.304947" lon="127.431125"/><trkpt lat="36.304894" lon="127.431029"/><trkpt lat="36.304874" lon="127.430999"/><trkpt lat="36.304856" lon="127.430981"/><trkpt lat="36.304835" lon="127.430986"/><trkpt lat="36.304807" lon="127.43101"/><trkpt lat="36.304783" lon="127.431018"/><trkpt lat="36.304758" lon="127.431009"/><trkpt lat="36.304733" lon="127.430993"/><trkpt lat="36.30471" lon="127.430972"/><trkpt lat="36.304693" lon="127.430945"/><trkpt lat="36.304682" lon="127.43091"/><trkpt lat="36.304671" lon="127.430835"/><trkpt lat="36.304661" lon="127.430751"/></trkseg>
<trkseg><trkpt lat="36.304661" lon="127.430751"/><trkpt lat="36.304659" lon="127.4307"/><trkpt lat="36.304665" lon="127.430657"/><trkpt lat="36.304686" lon="127.430641"/><trkpt lat="36.304725" lon="127.430641"/><trkpt lat="36.304747" lon="127.430628"/><trkpt lat="36.304755" lon="127.430599"/><trkpt lat="36.304753" lon="127.430559"/><trkpt lat="36.304737" lon="127.430475"/><trkpt lat="36.304728" lon="127.430417"/><trkpt lat="36.304727" lon="127.430375"/><trkpt lat="36.304733" lon="127.430286"/><trkpt lat="36.304745" lon="127.430159"/></trkseg>
<trkseg><trkpt lat="36.305904" lon="127.430931"/><trkpt lat="36.305902" lon="127.430911"/><trkpt lat="36.305902" lon="127.430847"/><trkpt lat="36.305905" lon="127.430796"/><trkpt lat="36.305893" lon="127.430775"/><trkpt lat="36.305863" lon="127.430759"/><trkpt lat="36.305816" lon="127.43074"/><trkpt lat="36.305779" lon="127.43073"/><trkpt lat="36.305742" lon="127.430725"/><trkpt lat="36.305665" lon="127.43073"/><trkpt lat="36.30563" lon="127.430724"/><trkpt lat="36.3056" lon="127.430702"/><trkpt lat="36.305572" lon="127.430671"/><trkpt lat="36.305509" lon="127.430593"/><trkpt lat="36.305482" lon="127.430567"/><trkpt lat="36.305453" lon="127.43056"/><trkpt lat="36.305423" lon="127.430574"/><trkpt lat="36.305361" lon="127.430619"/><trkpt lat="36.305328" lon="127.430636"/><trkpt lat="36.30529" lon="127.430639"/><trkpt lat="36.305238" lon="127.430632"/><trkpt lat="36.305117" lon="127.430608"/><trkpt lat="36.305064" lon="127.430595"/><trkpt lat="36.305027" lon="127.43058"/><trkpt lat="36.304995" lon="127.430558"/><trkpt lat="36.304967" lon="127.43053"/><trkpt lat="36.304944" lon="127.430493"/><trkpt lat="36.304925" lon="127.430451"/><trkpt lat="36.304804" lon="127.430144"/></trkseg>
<trkseg><trkpt lat="36.304804" lon="127.430144"/><trkpt lat="36.304745" lon="127.430159"/></trkseg>
<trkseg><trkpt lat="36.304947" lon="127.431125"/><trkpt lat="36.304926" lon="127.4313"/><trkpt lat="36.304926" lon="127.431324"/><trkpt lat="36.304934" lon="127.431338"/><trkpt lat="36.304952" lon="127.431341"/><trkpt lat="36.30498" lon="127.431337"/><trkpt lat="36.305" lon="127.431331"/><trkpt lat="36.305012" lon="127.431317"/><trkpt lat="36.305014" lon="127.431294"/><trkpt lat="36.30501" lon="127.431251"/><trkpt lat="36.305002" lon="127.431192"/></trkseg>
<trkseg><trkpt lat="36.305002" lon="127.431192"/><trkpt lat="36.304947" lon="127.431125"/></trkseg>
<trkseg><trkpt lat="36.305126" lon="127.431488"/><trkpt lat="36.305107" lon="127.431324"/><trkpt lat="36.305103" lon="127.431305"/><trkpt lat="36.305095" lon="127.431288"/><trkpt lat="36.305069" lon="127.43126"/><trkpt lat="36.305002" lon="127.431192"/></trkseg>
<trkseg><trkpt lat="36.305126" lon="127.431488"/><trkpt lat="36.305149" lon="127.431334"/><trkpt lat="36.305161" lon="127.431289"/><trkpt lat="36.305177" lon="127.431246"/><trkpt lat="36.305201" lon="127.43119"/><trkpt lat="36.305228" lon="127.431137"/><trkpt lat="36.305251" lon="127.431103"/><trkpt lat="36.305279" lon="127.431082"/><trkpt lat="36.305315" lon="127.43108"/><trkpt lat="36.305354" lon="127.431086"/><trkpt lat="36.305394" lon="127.431095"/><trkpt lat="36.305431" lon="127.431111"/><trkpt lat="36.305463" lon="127.431164"/><trkpt lat="36.305475" lon="127.431312"/><trkpt lat="36.305565" lon="127.431388"/></trkseg>
<trkseg><trkpt lat="36.305449" lon="127.431719"/><trkpt lat="36.305392" lon="127.431755"/><trkpt lat="36.305366" lon="127.431767"/><trkpt lat="36.305343" lon="127.431768"/><trkpt lat="36.305319" lon="127.431758"/><trkpt lat="36.305273" lon="127.431729"/><trkpt lat="36.305244" lon="127.431706"/><trkpt lat="36.305226" lon="127.431684"/><trkpt lat="36.305197" lon="127.431632"/><trkpt lat="36.305126" lon="127.431488"/></trkseg>
<trkseg><trkpt lat="36.30569" lon="127.431355"/><trkpt lat="36.305615" lon="127.431363"/><trkpt lat="36.305588" lon="127.431372"/><trkpt lat="36.305565" lon="127.431388"/><trkpt lat="36.305485" lon="127.431466"/><trkpt lat="36.30545" lon="127.431503"/><trkpt lat="36.305433" lon="127.431527"/><trkpt lat="36.305426" lon="127.431555"/><trkpt lat="36.305427" lon="127.431587"/><trkpt lat="36.305437" lon="127.43165"/><trkpt lat="36.305449" lon="127.431719"/></trkseg>
<trkseg><trkpt lat="36.305873" lon="127.433356"/><trkpt lat="36.305854" lon="127.433345"/><trkpt lat="36.305821" lon="127.433312"/><trkpt lat="36.305798" lon="127.433263"/><trkpt lat="36.305789" lon="127.433216"/><trkpt lat="36.305762" lon="127.433009"/><trkpt lat="36.305757" lon="127.432945"/><trkpt lat="36.305757" lon="127.432896"/><trkpt lat="36.305764" lon="127.432798"/><trkpt lat="36.305812" lon="127.432625"/><trkpt lat="36.305813" lon="127.432578"/><trkpt lat="36.305805" lon="127.432532"/><trkpt lat="36.305787" lon="127.43249"/><trkpt lat="36.305757" lon="127.432435"/><trkpt lat="36.305602" lon="127.432259"/><trkpt lat="36.305573" lon="127.432204"/><trkpt lat="36.305556" lon="127.432159"/><trkpt lat="36.305539" lon="127.432097"/><trkpt lat="36.305449" lon="127.431719"/></trkseg>
<trkseg><trkpt lat="36.305928" lon="127.431364"/><trkpt lat="36.30569" lon="127.431355"/></trkseg>
<trkseg><trkpt lat="36.305928" lon="127.431364"/><trkpt lat="36.305958" lon="127.431287"/><trkpt lat="36.305965" lon="127.431259"/><trkpt lat="36.305968" lon="127.431221"/><trkpt lat="36.305971" lon="127.431039"/><trkpt lat="36.30597" lon="127.431012"/><trkpt lat="36.305962" lon="127.430988"/><trkpt lat="36.305943" lon="127.430965"/><trkpt lat="36.305905" lon="127.430933"/><trkpt lat="36.305904" lon="127.430931"/></trkseg>
<trkseg><trkpt lat="36.306353" lon="127.43155"/><trkpt lat="36.306379" lon="127.431537"/><trkpt lat="36.306415" lon="127.431509"/><trkpt lat="36.306441" lon="127.431466"/><trkpt lat="36.306449" lon="127.431421"/><trkpt lat="36.306446" lon="127.431377"/><trkpt lat="36.306429" lon="127.431339"/><trkpt lat="36.3064" lon="127.431308"/><trkpt lat="36.30629" lon="127.431212"/><trkpt lat="36.30606" lon="127.43101"/><trkpt lat="36.306013" lon="127.430974"/><trkpt lat="36.305966" lon="127.430951"/><trkpt lat="36.305923" lon="127.430937"/><trkpt lat="36.305904" lon="127.430931"/></trkseg>
<trkseg><trkpt lat="36.306353" lon="127.43155"/><trkpt lat="36.306196" lon="127.4314"/><trkpt lat="36.306172" lon="127.431384"/><trkpt lat="36.306146" lon="127.431377"/><trkpt lat="36.306092" lon="127.431372"/><trkpt lat="36.305928" lon="127.431364"/></trkseg>
<trkseg><trkpt lat="36.306353" lon="127.431561"/><trkpt lat="36.306353" lon="127.43155"/></trkseg>
<trkseg><trkpt lat="36.306528" lon="127.431786"/><trkpt lat="36.306507" lon="127.43168"/><trkpt lat="36.306501" lon="127.431662"/><trkpt lat="36.306491" lon="127.431648"/><trkpt lat="36.30647" lon="127.431638"/><trkpt lat="36.306394" lon="127.431617"/><trkpt lat="36.306372" lon="127.431608"/><trkpt lat="36.30636" lon="127.431591"/><trkpt lat="36.306354" lon="127.431568"/><trkpt lat="36.306353" lon="127.431561"/></trkseg>
<trkseg><trkpt lat="36.307201" lon="127.430866"/><trkpt lat="36.306962" lon="127.431283"/><trkpt lat="36.306929" lon="127.431335"/><trkpt lat="36.306902" lon="127.431366"/><trkpt lat="36.306873" lon="127.431393"/><trkpt lat="36.306842" lon="127.431415"/><trkpt lat="36.306808" lon="127.431431"/><trkpt lat="36.306769" lon="127.431439"/><trkpt lat="36.306703" lon="127.431449"/><trkpt lat="36.306669" lon="127.431465"/><trkpt lat="36.306645" lon="127.431496"/><trkpt lat="36.306626" lon="127.431536"/><trkpt lat="36.306549" lon="127.431732"/><trkpt lat="36.306528" lon="127.431786"/></trkseg>
<trkseg><trkpt lat="36.307006" lon="127.432586"/><trkpt lat="36.307222" lon="127.432986"/><trkpt lat="36.307247" lon="127.433024"/><trkpt lat="36.307304" lon="127.433095"/><trkpt lat="36.307372" lon="127.433175"/><trkpt lat="36.307404" lon="127.433206"/><trkpt lat="36.307437" lon="127.433231"/><trkpt lat="36.307484" lon="127.43326"/><trkpt lat="36.30752" lon="127.433277"/><trkpt lat="36.307557" lon="127.433287"/><trkpt lat="36.307643" lon="127.433297"/><trkpt lat="36.307676" lon="127.433307"/><trkpt lat="36.307704" lon="127.433332"/><trkpt lat="36.307726" lon="127.433369"/><trkpt lat="36.307799" lon="127.433526"/><trkpt lat="36.307964" lon="127.433881"/><trkpt lat="36.307987" lon="127.43394"/><trkpt lat="36.308001" lon="127.433985"/><trkpt lat="36.308021" lon="127.434063"/><trkpt lat="36.308032" lon="127.434125"/><trkpt lat="36.308035" lon="127.434173"/><trkpt lat="36.308033" lon="127.434236"/><trkpt lat="36.308021" lon="127.434395"/><trkpt lat="36.308014" lon="127.434457"/><trkpt lat="36.308002" lon="127.434503"/><trkpt lat="36.307981" lon="127.434561"/><trkpt lat="36.307951" lon="127.434634"/><trkpt lat="36.307923" lon="127.434683"/><trkpt lat="36.307892" lon="127.43472"/><trkpt lat="36.307872" lon="127.434735"/><trkpt lat="36.30787" lon="127.434735"/></trkseg>
<trkseg><trkpt lat="36.306528" lon="127.431786"/><trkpt lat="36.306593" lon="127.431979"/><trkpt lat="36.306611" lon="127.432021"/><trkpt lat="36.306633" lon="127.432062"/><trkpt lat="36.306676" lon="127.432125"/><trkpt lat="36.307006" lon="127.432586"/></trkseg>
<trkseg><trkpt lat="36.307006" lon="127.432586"/><trkpt lat="36.307052" lon="127.432596"/><trkpt lat="36.307098" lon="127.432593"/><trkpt lat="36.307132" lon="127.432568"/><trkpt lat="36.307158" lon="127.432533"/><trkpt lat="36.307232" lon="127.432419"/><trkpt lat="36.307272" lon="127.432354"/><trkpt lat="36.307291" lon="127.432312"/><trkpt lat="36.307304" lon="127.432269"/><trkpt lat="36.307315" lon="127.432225"/><trkpt lat="36.307322" lon="127.43218"/><trkpt lat="36.307321" lon="127.432136"/><trkpt lat="36.307403" lon="127.432039"/><trkpt lat="36.307428" lon="127.432045"/><trkpt lat="36.307446" lon="127.432033"/><trkpt lat="36.307462" lon="127.431999"/><trkpt lat="36.307492" lon="127.43191"/><trkpt lat="36.307511" lon="127.431848"/><trkpt lat="36.307521" lon="127.431802"/><trkpt lat="36.307583" lon="127.431673"/><trkpt lat="36.307629" lon="127.431641"/><trkpt lat="36.307658" lon="127.431613"/><trkpt lat="36.307685" lon="127.431577"/><trkpt lat="36.307737" lon="127.4315"/><trkpt lat="36.30776" lon="127.431457"/><trkpt lat="36.307779" lon="127.4314"/><trkpt lat="36.307789" lon="127.431346"/><trkpt lat="36.307793" lon="127.431322"/></trkseg>
<trkseg><trkpt lat="36.307793" lon="127.431322"/><trkpt lat="36.30733" lon="127.431055"/><trkpt lat="36.307295" lon="127.431032"/><trkpt lat="36.307265" lon="127.431002"/><trkpt lat="36.307239" lon="127.430954"/><trkpt lat="36.307202" lon="127.430869"/><trkpt lat="36.307201" lon="127.430866"/></trkseg>
<trkseg><trkpt lat="36.30912" lon="127.431945"/><trkpt lat="36.308894" lon="127.431786"/><trkpt lat="36.308859" lon="127.431766"/><trkpt lat="36.308808" lon="127.431747"/><trkpt lat="36.30852" lon="127.431664"/><trkpt lat="36.308468" lon="127.431651"/><trkpt lat="36.308431" lon="127.431647"/><trkpt lat="36.308397" lon="127.431657"/><trkpt lat="36.308359" lon="127.431686"/><trkpt lat="36.308329" lon="127.431691"/><trkpt lat="36.308299" lon="127.43168"/><trkpt lat="36.30827" lon="127.431658"/><trkpt lat="36.308244" lon="127.431623"/><trkpt lat="36.308191" lon="127.431524"/><trkpt lat="36.308168" lon="127.431483"/><trkpt lat="36.308142" lon="127.431448"/><trkpt lat="36.308113" lon="127.431426"/><trkpt lat="36.30808" lon="127.431416"/><trkpt lat="36.308023" lon="127.431423"/><trkpt lat="36.307988" lon="127.431423"/><trkpt lat="36.307951" lon="127.431411"/><trkpt lat="36.307901" lon="127.431385"/><trkpt lat="36.307793" lon="127.431322"/></trkseg>
<trkseg><trkpt lat="36.307201" lon="127.430866"/><trkpt lat="36.307262" lon="127.430915"/><trkpt lat="36.307292" lon="127.430933"/><trkpt lat="36.307322" lon="127.430942"/><trkpt lat="36.307373" lon="127.430952"/><trkpt lat="36.307435" lon="127.430959"/><trkpt lat="36.307466" lon="127.430959"/><trkpt lat="36.307505" lon="127.43095"/><trkpt lat="36.307573" lon="127.430928"/><trkpt lat="36.307602" lon="127.430928"/><trkpt lat="36.307636" lon="127.430941"/><trkpt lat="36.30769" lon="127.430971"/></trkseg>
<trkseg><trkpt lat="36.30769" lon="127.430971"/><trkpt lat="36.307862" lon="127.430968"/><trkpt lat="36.307901" lon="127.430971"/><trkpt lat="36.30794" lon="127.430982"/><trkpt lat="36.308003" lon="127.431009"/><trkpt lat="36.30862" lon="127.431304"/><trkpt lat="36.308659" lon="127.431319"/><trkpt lat="36.308698" lon="127.43133"/><trkpt lat="36.308751" lon="127.43134"/><trkpt lat="36.309205" lon="127.431405"/></trkseg>
<trkseg><trkpt lat="36.30912" lon="127.431945"/><trkpt lat="36.309179" lon="127.431936"/><trkpt lat="36.309237" lon="127.431926"/><trkpt lat="36.309265" lon="127.431915"/><trkpt lat="36.309281" lon="127.431892"/><trkpt lat="36.309281" lon="127.431856"/><trkpt lat="36.309271" lon="127.431787"/><trkpt lat="36.309205" lon="127.431405"/></trkseg>
<trkseg><trkpt lat="36.309205" lon="127.431405"/><trkpt lat="36.309164" lon="127.43123"/><trkpt lat="36.309162" lon="127.431202"/><trkpt lat="36.309166" lon="127.431175"/><trkpt lat="36.309176" lon="127.43115"/><trkpt lat="36.309193" lon="127.431119"/><trkpt lat="36.309206" lon="127.431099"/><trkpt lat="36.309223" lon="127.431091"/><trkpt lat="36.309243" lon="127.431098"/><trkpt lat="36.309275" lon="127.431121"/><trkpt lat="36.309321" lon="127.431156"/></trkseg>
<trkseg><trkpt lat="36.309205" lon="127.431405"/><trkpt lat="36.309595" lon="127.431611"/><trkpt lat="36.309643" lon="127.431639"/><trkpt lat="36.309676" lon="127.431665"/><trkpt lat="36.309706" lon="127.431696"/><trkpt lat="36.309821" lon="127.431831"/><trkpt lat="36.309975" lon="127.432011"/><trkpt lat="36.310021" lon="127.432068"/><trkpt lat="36.310042" lon="127.432105"/><trkpt lat="36.310049" lon="127.432147"/><trkpt lat="36.310044" lon="127.432193"/><trkpt lat="36.310017" lon="127.432338"/><trkpt lat="36.309999" lon="127.432417"/><trkpt lat="36.309984" lon="127.432456"/><trkpt lat="36.309958" lon="127.432479"/><trkpt lat="36.309926" lon="127.432485"/><trkpt lat="36.309896" lon="127.432471"/><trkpt lat="36.309871" lon="127.432439"/><trkpt lat="36.309837" lon="127.432391"/><trkpt lat="36.309807" lon="127.432369"/><trkpt lat="36.309772" lon="127.432357"/><trkpt lat="36.309736" lon="127.432351"/><trkpt lat="36.309699" lon="127.432348"/><trkpt lat="36.30966" lon="127.432352"/><trkpt lat="36.309622" lon="127.432362"/><trkpt lat="36.309585" lon="127.432378"/><trkpt lat="36.309551" lon="127.43241"/><trkpt lat="36.30952" lon="127.432455"/><trkpt lat="36.309495" lon="127.432499"/></trkseg>
<trkseg><trkpt lat="36.309495" lon="127.432499"/><trkpt lat="36.309154" lon="127.432127"/><trkpt lat="36.309129" lon="127.432096"/><trkpt lat="36.309115" lon="127.432053"/><trkpt lat="36.309114" lon="127.431999"/><trkpt lat="36.30912" lon="127.431945"/></trkseg>
<trkseg><trkpt lat="36.309655" lon="127.432805"/><trkpt lat="36.309495" lon="127.432499"/></trkseg>
<trkseg><trkpt lat="36.307782" lon="127.435358"/><trkpt lat="36.307993" lon="127.43506"/><trkpt lat="36.308016" lon="127.435022"/><trkpt lat="36.308033" lon="127.434981"/><trkpt lat="36.308037" lon="127.434936"/><trkpt lat="36.308032" lon="127.43489"/><trkpt lat="36.308019" lon="127.434847"/><trkpt lat="36.307998" lon="127.434809"/><trkpt lat="36.307972" lon="127.434774"/><trkpt lat="36.307932" lon="127.434746"/><trkpt lat="36.30789" lon="127.434735"/><trkpt lat="36.30787" lon="127.434735"/></trkseg>
<trkseg><trkpt lat="36.30787" lon="127.434735"/><trkpt lat="36.307839" lon="127.434717"/><trkpt lat="36.30782" lon="127.43471"/><trkpt lat="36.307806" lon="127.434714"/><trkpt lat="36.307778" lon="127.434736"/><trkpt lat="36.307726" lon="127.434782"/><trkpt lat="36.307712" lon="127.43479"/><trkpt lat="36.307698" lon="127.434789"/><trkpt lat="36.307684" lon="127.434782"/><trkpt lat="36.307621" lon="127.434733"/></trkseg>
<trkseg><trkpt lat="36.30737" lon="127.435266"/><trkpt lat="36.3075" lon="127.435817"/><trkpt lat="36.307508" lon="127.435864"/><trkpt lat="36.30751" lon="127.435905"/><trkpt lat="36.307496" lon="127.43593"/><trkpt lat="36.307471" lon="127.435936"/><trkpt lat="36.307442" lon="127.435918"/><trkpt lat="36.307413" lon="127.435887"/><trkpt lat="36.307366" lon="127.435828"/><trkpt lat="36.30734" lon="127.43579"/><trkpt lat="36.307319" lon="127.43575"/><trkpt lat="36.307305" lon="127.435706"/><trkpt lat="36.30727" lon="127.435572"/><trkpt lat="36.307255" lon="127.43553"/><trkpt lat="36.307234" lon="127.43549"/><trkpt lat="36.307183" lon="127.435417"/><trkpt lat="36.307088" lon="127.435284"/></trkseg>
<trkseg><trkpt lat="36.307088" lon="127.435284"/><trkpt lat="36.307251" lon="127.435317"/><trkpt lat="36.307267" lon="127.435315"/><trkpt lat="36.307289" lon="127.435307"/><trkpt lat="36.30737" lon="127.435266"/></trkseg>
<trkseg><trkpt lat="36.307053" lon="127.435023"/><trkpt lat="36.307088" lon="127.435284"/></trkseg>
<trkseg><trkpt lat="36.307053" lon="127.435023"/><trkpt lat="36.307037" lon="127.435056"/><trkpt lat="36.307029" lon="127.43506"/><trkpt lat="36.30702" lon="127.435058"/><trkpt lat="36.30697" lon="127.435027"/><trkpt lat="36.306959" lon="127.435016"/><trkpt lat="36.306954" lon="127.435006"/><trkpt lat="36.306942" lon="127.434945"/></trkseg>
<trkseg><trkpt lat="36.307246" lon="127.434487"/><trkpt lat="36.307239" lon="127.434575"/><trkpt lat="36.307233" lon="127.434614"/><trkpt lat="36.307223" lon="127.434643"/><trkpt lat="36.307205" lon="127.434666"/><trkpt lat="36.307169" lon="127.434699"/><trkpt lat="36.307149" lon="127.434721"/><trkpt lat="36.307135" lon="127.434751"/><trkpt lat="36.30712" lon="127.434795"/><trkpt lat="36.307053" lon="127.435023"/></trkseg>
<trkseg><trkpt lat="36.306942" lon="127.434945"/><trkpt lat="36.306886" lon="127.434917"/><trkpt lat="36.306839" lon="127.434898"/><trkpt lat="36.3068" lon="127.43489"/><trkpt lat="36.306761" lon="127.43489"/><trkpt lat="36.30667" lon="127.4349"/><trkpt lat="36.306632" lon="127.434908"/><trkpt lat="36.306594" lon="127.43492"/><trkpt lat="36.306558" lon="127.434937"/><trkpt lat="36.306526" lon="127.434958"/><trkpt lat="36.306489" lon="127.434992"/><trkpt lat="36.306461" lon="127.43501"/><trkpt lat="36.306427" lon="127.43501"/><trkpt lat="36.306389" lon="127.434999"/><trkpt lat="36.306135" lon="127.434893"/><trkpt lat="36.306072" lon="127.434868"/><trkpt lat="36.306034" lon="127.434861"/><trkpt lat="36.305999" lon="127.434868"/><trkpt lat="36.305965" lon="127.434888"/><trkpt lat="36.305735" lon="127.434964"/></trkseg>
<trkseg><trkpt lat="36.306942" lon="127.434945"/><trkpt lat="36.30677" lon="127.434556"/></trkseg>
<trkseg><trkpt lat="36.30677" lon="127.434556"/><trkpt lat="36.306496" lon="127.434625"/><trkpt lat="36.306444" lon="127.434635"/><trkpt lat="36.306405" lon="127.434638"/><trkpt lat="36.306365" lon="127.434633"/><trkpt lat="36.306325" lon="127.434625"/><trkpt lat="36.306287" lon="127.434613"/><trkpt lat="36.306252" lon="127.434593"/><trkpt lat="36.306223" lon="127.434564"/><trkpt lat="36.306176" lon="127.434508"/><trkpt lat="36.306123" lon="127.434438"/><trkpt lat="36.3061" lon="127.434401"/><trkpt lat="36.306085" lon="127.43436"/><trkpt lat="36.306077" lon="127.434307"/><trkpt lat="36.306068" lon="127.434191"/><trkpt lat="36.306068" lon="127.434188"/></trkseg>
<trkseg><trkpt lat="36.30677" lon="127.434556"/><trkpt lat="36.30677" lon="127.434532"/><trkpt lat="36.306759" lon="127.434487"/><trkpt lat="36.30673" lon="127.434457"/><trkpt lat="36.306696" lon="127.434445"/><trkpt lat="36.30666" lon="127.434439"/><trkpt lat="36.306624" lon="127.434439"/><trkpt lat="36.306538" lon="127.434452"/><trkpt lat="36.306391" lon="127.434476"/><trkpt lat="36.306357" lon="127.434477"/><trkpt lat="36.306329" lon="127.434458"/><trkpt lat="36.30631" lon="127.43441"/><trkpt lat="36.306298" lon="127.434357"/><trkpt lat="36.306297" lon="127.434354"/></trkseg>
<trkseg><trkpt lat="36.306297" lon="127.434354"/><trkpt lat="36.306149" lon="127.434159"/><trkpt lat="36.306115" lon="127.434109"/><trkpt lat="36.306094" lon="127.434068"/><trkpt lat="36.306082" lon="127.434023"/><trkpt lat="36.306067" lon="127.433909"/><trkpt lat="36.306058" lon="127.433843"/><trkpt lat="36.306048" lon="127.433796"/><trkpt lat="36.306032" lon="127.433751"/><trkpt lat="36.305873" lon="127.433356"/></trkseg>
<trkseg><trkpt lat="36.306068" lon="127.434188"/><trkpt lat="36.306297" lon="127.434354"/></trkseg>
<trkseg><trkpt lat="36.306068" lon="127.434188"/><trkpt lat="36.305725" lon="127.434128"/></trkseg>
<trkseg><trkpt lat="36.305873" lon="127.433356"/><trkpt lat="36.305918" lon="127.433599"/><trkpt lat="36.305927" lon="127.433663"/><trkpt lat="36.305926" lon="127.433709"/><trkpt lat="36.305914" lon="127.433753"/><trkpt lat="36.305895" lon="127.433795"/><trkpt lat="36.305725" lon="127.434128"/></trkseg>
<trkseg><trkpt lat="36.305725" lon="127.434128"/><trkpt lat="36.305709" lon="127.434061"/><trkpt lat="36.305692" lon="127.434011"/><trkpt lat="36.30567" lon="127.433976"/><trkpt lat="36.305635" lon="127.433939"/><trkpt lat="36.305512" lon="127.433827"/><trkpt lat="36.305473" lon="127.433796"/><trkpt lat="36.305444" lon="127.433779"/><trkpt lat="36.305408" lon="127.433768"/><trkpt lat="36.305387" lon="127.433747"/><trkpt lat="36.305369" lon="127.4337"/><trkpt lat="36.305351" lon="127.433633"/><trkpt lat="36.30535" lon="127.43363"/></trkseg>
<trkseg><trkpt lat="36.305735" lon="127.434964"/><trkpt lat="36.30567" lon="127.434835"/><trkpt lat="36.305658" lon="127.434789"/><trkpt lat="36.305647" lon="127.434728"/><trkpt lat="36.305643" lon="127.434682"/><trkpt lat="36.305646" lon="127.434635"/><trkpt lat="36.305661" lon="127.434571"/><trkpt lat="36.305777" lon="127.434306"/><trkpt lat="36.305766" lon="127.434259"/><trkpt lat="36.305742" lon="127.434182"/><trkpt lat="36.305725" lon="127.434128"/></trkseg>
<trkseg><trkpt lat="36.30535" lon="127.43363"/><trkpt lat="36.305128" lon="127.433571"/></trkseg>
<trkseg><trkpt lat="36.30535" lon="127.43363"/><trkpt lat="36.305189" lon="127.433279"/></trkseg>
<trkseg><trkpt lat="36.305189" lon="127.433279"/><trkpt lat="36.304937" lon="127.433262"/><trkpt lat="36.304914" lon="127.433264"/><trkpt lat="36.304898" lon="127.433275"/><trkpt lat="36.304888" lon="127.433297"/><trkpt lat="36.304881" lon="127.433328"/><trkpt lat="36.304868" lon="127.4334"/><trkpt lat="36.304867" lon="127.433401"/></trkseg>
<trkseg><trkpt lat="36.305189" lon="127.433279"/><trkpt lat="36.305213" lon="127.433229"/><trkpt lat="36.305217" lon="127.433216"/><trkpt lat="36.305216" lon="127.433202"/><trkpt lat="36.30521" lon="127.433182"/><trkpt lat="36.305149" lon="127.433034"/></trkseg>
<trkseg><trkpt lat="36.304867" lon="127.433401"/><trkpt lat="36.304861" lon="127.4333"/><trkpt lat="36.304861" lon="127.433265"/><trkpt lat="36.304865" lon="127.433235"/><trkpt lat="36.304879" lon="127.433211"/><trkpt lat="36.304901" lon="127.433193"/><trkpt lat="36.305149" lon="127.433034"/></trkseg>
<trkseg><trkpt lat="36.305149" lon="127.433034"/><trkpt lat="36.305026" lon="127.432793"/></trkseg>
<trkseg><trkpt lat="36.304333" lon="127.433066"/><trkpt lat="36.304481" lon="127.432885"/><trkpt lat="36.30451" lon="127.432855"/><trkpt lat="36.304543" lon="127.432833"/><trkpt lat="36.30458" lon="127.43282"/><trkpt lat="36.304765" lon="127.432784"/><trkpt lat="36.304844" lon="127.432771"/><trkpt lat="36.304883" lon="127.43277"/><trkpt lat="36.304927" lon="127.432775"/><trkpt lat="36.305026" lon="127.432793"/></trkseg>
<trkseg><trkpt lat="36.305026" lon="127.432793"/><trkpt lat="36.304996" lon="127.432699"/><trkpt lat="36.304977" lon="127.432644"/><trkpt lat="36.304958" lon="127.432604"/><trkpt lat="36.304931" lon="127.432572"/><trkpt lat="36.304899" lon="127.432548"/><trkpt lat="36.304864" lon="127.432529"/><trkpt lat="36.304829" lon="127.432518"/><trkpt lat="36.304783" lon="127.432512"/><trkpt lat="36.304755" lon="127.432501"/><trkpt lat="36.304737" lon="127.43247"/><trkpt lat="36.304726" lon="127.432429"/><trkpt lat="36.304701" lon="127.432307"/><trkpt lat="36.304688" lon="127.432263"/><trkpt lat="36.304669" lon="127.432221"/><trkpt lat="36.304621" lon="127.432136"/><trkpt lat="36.304561" lon="127.432036"/></trkseg>
<trkseg><trkpt lat="36.305026" lon="127.432793"/><trkpt lat="36.305018" lon="127.432652"/><trkpt lat="36.305012" lon="127.432587"/><trkpt lat="36.305003" lon="127.432542"/><trkpt lat="36.304985" lon="127.432502"/><trkpt lat="36.304961" lon="127.432465"/><trkpt lat="36.304784" lon="127.432244"/><trkpt lat="36.304745" lon="127.432202"/><trkpt lat="36.304714" lon="127.43218"/><trkpt lat="36.304672" lon="127.432155"/><trkpt lat="36.304637" lon="127.432122"/><trkpt lat="36.304561" lon="127.432036"/></trkseg>
<trkseg><trkpt lat="36.304561" lon="127.432036"/><trkpt lat="36.304537" lon="127.432002"/><trkpt lat="36.304509" lon="127.431975"/><trkpt lat="36.304482" lon="127.431968"/><trkpt lat="36.304427" lon="127.43198"/><trkpt lat="36.304399" lon="127.431984"/><trkpt lat="36.304372" lon="127.431979"/><trkpt lat="36.304346" lon="127.431965"/><trkpt lat="36.304321" lon="127.431948"/><trkpt lat="36.3043" lon="127.431925"/><trkpt lat="36.304283" lon="127.431897"/><trkpt lat="36.304205" lon="127.431731"/></trkseg>
<trkseg><trkpt lat="36.304205" lon="127.431731"/><trkpt lat="36.304128" lon="127.431818"/><trkpt lat="36.304077" lon="127.431879"/><trkpt lat="36.304056" lon="127.431913"/><trkpt lat="36.304053" lon="127.431947"/><trkpt lat="36.304071" lon="127.43198"/><trkpt lat="36.304097" lon="127.432013"/><trkpt lat="36.304182" lon="127.432113"/><trkpt lat="36.304206" lon="127.432149"/><trkpt lat="36.304223" lon="127.432191"/><trkpt lat="36.304234" lon="127.432237"/><trkpt lat="36.304251" lon="127.43235"/><trkpt lat="36.304264" lon="127.432448"/><trkpt lat="36.304266" lon="127.432496"/><trkpt lat="36.30426" lon="127.432577"/><trkpt lat="36.304252" lon="127.432656"/></trkseg>
<trkseg><trkpt lat="36.304252" lon="127.432656"/><trkpt lat="36.304234" lon="127.432553"/><trkpt lat="36.304219" lon="127.432478"/><trkpt lat="36.304206" lon="127.432434"/><trkpt lat="36.304185" lon="127.432399"/><trkpt lat="36.304135" lon="127.432357"/><trkpt lat="36.304105" lon="127.432329"/><trkpt lat="36.304077" lon="127.432295"/><trkpt lat="36.303989" lon="127.432168"/><trkpt lat="36.303851" lon="127.431964"/><trkpt lat="36.303823" lon="127.431933"/><trkpt lat="36.303794" lon="127.431915"/><trkpt lat="36.303755" lon="127.431905"/><trkpt lat="36.303725" lon="127.431883"/><trkpt lat="36.303697" lon="127.431852"/><trkpt lat="36.30364" lon="127.431785"/><trkpt lat="36.303609" lon="127.431757"/><trkpt lat="36.303553" lon="127.43173"/><trkpt lat="36.303524" lon="127.431712"/><trkpt lat="36.30351" lon="127.43168"/><trkpt lat="36.303508" lon="127.431635"/><trkpt lat="36.303513" lon="127.431569"/><trkpt lat="36.303522" lon="127.431453"/><trkpt lat="36.303521" lon="127.431411"/><trkpt lat="36.303506" lon="127.431389"/><trkpt lat="36.303476" lon="127.431391"/><trkpt lat="36.303414" lon="127.431411"/><trkpt lat="36.303376" lon="127.431421"/><trkpt lat="36.303339" lon="127.431421"/><trkpt lat="36.303293" lon="127.431409"/><trkpt lat="36.303259" lon="127.43141"/><trkpt lat="36.303202" lon="127.43143"/><trkpt lat="36.303167" lon="127.431437"/><trkpt lat="36.303131" lon="127.431428"/><trkpt lat="36.303095" lon="127.43141"/><trkpt lat="36.302985" lon="127.431338"/><trkpt lat="36.302977" lon="127.431332"/></trkseg>
<trkseg><trkpt lat="36.304016" lon="127.432897"/><trkpt lat="36.304206" lon="127.432652"/><trkpt lat="36.304252" lon="127.432656"/></trkseg>
<trkseg><trkpt lat="36.303919" lon="127.432275"/><trkpt lat="36.303909" lon="127.432537"/><trkpt lat="36.303911" lon="127.432574"/><trkpt lat="36.303917" lon="127.43261"/><trkpt lat="36.303932" lon="127.432659"/><trkpt lat="36.304016" lon="127.432897"/></trkseg>
<trkseg><trkpt lat="36.303919" lon="127.432275"/><trkpt lat="36.303822" lon="127.432315"/><trkpt lat="36.303806" lon="127.432318"/><trkpt lat="36.303798" lon="127.432312"/><trkpt lat="36.303797" lon="127.432296"/><trkpt lat="36.303803" lon="127.432252"/><trkpt lat="36.303811" lon="127.432224"/><trkpt lat="36.303821" lon="127.432207"/><trkpt lat="36.30384" lon="127.432188"/><trkpt lat="36.303892" lon="127.432147"/></trkseg>
<trkseg><trkpt lat="36.303892" lon="127.432147"/><trkpt lat="36.303919" lon="127.432275"/></trkseg>
<trkseg><trkpt lat="36.303892" lon="127.432147"/><trkpt lat="36.303797" lon="127.432114"/><trkpt lat="36.303786" lon="127.432114"/><trkpt lat="36.303699" lon="127.432161"/></trkseg>
<trkseg><trkpt lat="36.303699" lon="127.432161"/><trkpt lat="36.30367" lon="127.432158"/><trkpt lat="36.303625" lon="127.43216"/><trkpt lat="36.303579" lon="127.432176"/><trkpt lat="36.303531" lon="127.432203"/><trkpt lat="36.303367" lon="127.432307"/><trkpt lat="36.30332" lon="127.432334"/><trkpt lat="36.303282" lon="127.432348"/><trkpt lat="36.303243" lon="127.432354"/><trkpt lat="36.30319" lon="127.432356"/><trkpt lat="36.30315" lon="127.432353"/><trkpt lat="36.303114" lon="127.432341"/><trkpt lat="36.303058" lon="127.432304"/><trkpt lat="36.303025" lon="127.432286"/><trkpt lat="36.302989" lon="127.432284"/><trkpt lat="36.302928" lon="127.432304"/><trkpt lat="36.302897" lon="127.432309"/><trkpt lat="36.302877" lon="127.43229"/><trkpt lat="36.302866" lon="127.43225"/><trkpt lat="36.30284" lon="127.432055"/><trkpt lat="36.302794" lon="127.43173"/><trkpt lat="36.302786" lon="127.431665"/><trkpt lat="36.302785" lon="127.431617"/><trkpt lat="36.302792" lon="127.431572"/><trkpt lat="36.302808" lon="127.43153"/><trkpt lat="36.302839" lon="127.43146"/><trkpt lat="36.302867" lon="127.431407"/><trkpt lat="36.302902" lon="127.431371"/><trkpt lat="36.302946" lon="127.431345"/><trkpt lat="36.302977" lon="127.431332"/></trkseg>
<trkseg><trkpt lat="36.303699" lon="127.432161"/><trkpt lat="36.30352" lon="127.432443"/><trkpt lat="36.303486" lon="127.432492"/><trkpt lat="36.303458" lon="127.432525"/><trkpt lat="36.303426" lon="127.432551"/><trkpt lat="36.30332" lon="127.432612"/><trkpt lat="36.303273" lon="127.432641"/><trkpt lat="36.303241" lon="127.432666"/><trkpt lat="36.303213" lon="127.4327"/><trkpt lat="36.303188" lon="127.432739"/><trkpt lat="36.303168" lon="127.432781"/><trkpt lat="36.303154" lon="127.432825"/><trkpt lat="36.303117" lon="127.432961"/><trkpt lat="36.303107" lon="127.433007"/><trkpt lat="36.303104" lon="127.433053"/><trkpt lat="36.303108" lon="127.4331"/><trkpt lat="36.303159" lon="127.433383"/></trkseg>
<trkseg><trkpt lat="36.303159" lon="127.433383"/><trkpt lat="36.303134" lon="127.433334"/><trkpt lat="36.303101" lon="127.433298"/><trkpt lat="36.303064" lon="127.433292"/><trkpt lat="36.303027" lon="127.433302"/><trkpt lat="36.302925" lon="127.433334"/><trkpt lat="36.302887" lon="127.433339"/><trkpt lat="36.30285" lon="127.433332"/><trkpt lat="36.302815" lon="127.433316"/><trkpt lat="36.302784" lon="127.433288"/><trkpt lat="36.302758" lon="127.433251"/><trkpt lat="36.302659" lon="127.433084"/><trkpt lat="36.302598" lon="127.432981"/></trkseg>
<trkseg><trkpt lat="36.301488" lon="127.431859"/><trkpt lat="36.301562" lon="127.432074"/><trkpt lat="36.301573" lon="127.43212"/><trkpt lat="36.301577" lon="127.432167"/><trkpt lat="36.301574" lon="127.432214"/><trkpt lat="36.301561" lon="127.432353"/><trkpt lat="36.301561" lon="127.432393"/><trkpt lat="36.30157" lon="127.432418"/><trkpt lat="36.301591" lon="127.432444"/><trkpt lat="36.301603" lon="127.432481"/><trkpt lat="36.301624" lon="127.432589"/><trkpt lat="36.301638" lon="127.432635"/><trkpt lat="36.30166" lon="127.432695"/><trkpt lat="36.301779" lon="127.43299"/><trkpt lat="36.301861" lon="127.433198"/><trkpt lat="36.301887" lon="127.433254"/><trkpt lat="36.301911" lon="127.433286"/><trkpt lat="36.301943" lon="127.433302"/><trkpt lat="36.301993" lon="127.43331"/><trkpt lat="36.302111" lon="127.433321"/><trkpt lat="36.302162" lon="127.433321"/><trkpt lat="36.302198" lon="127.433312"/><trkpt lat="36.302232" lon="127.43329"/><trkpt lat="36.302259" lon="127.433259"/><trkpt lat="36.30228" lon="127.43322"/><trkpt lat="36.302327" lon="127.433107"/><trkpt lat="36.302347" lon="127.43307"/><trkpt lat="36.302381" lon="127.433049"/><trkpt lat="36.302424" lon="127.433051"/><trkpt lat="36.302455" lon="127.433059"/></trkseg>
<trkseg><trkpt lat="36.302455" lon="127.433059"/><trkpt lat="36.302439" lon="127.43307"/><trkpt lat="36.302413" lon="127.433101"/><trkpt lat="36.302402" lon="127.433151"/><trkpt lat="36.302408" lon="127.433216"/><trkpt lat="36.30243" lon="127.43336"/><trkpt lat="36.302433" lon="127.433408"/><trkpt lat="36.30243" lon="127.433456"/><trkpt lat="36.302397" lon="127.433645"/><trkpt lat="36.302387" lon="127.433708"/><trkpt lat="36.302388" lon="127.433766"/><trkpt lat="36.302401" lon="127.433814"/><trkpt lat="36.302415" lon="127.433841"/><trkpt lat="36.302416" lon="127.433842"/></trkseg>
<trkseg><trkpt lat="36.302598" lon="127.432981"/><trkpt lat="36.302455" lon="127.433059"/></trkseg>
<trkseg><trkpt lat="36.302598" lon="127.432981"/><trkpt lat="36.302568" lon="127.432942"/><trkpt lat="36.302539" lon="127.432895"/><trkpt lat="36.302517" lon="127.432846"/><trkpt lat="36.302408" lon="127.432481"/><trkpt lat="36.302383" lon="127.432388"/><trkpt lat="36.302375" lon="127.432341"/><trkpt lat="36.302365" lon="127.432245"/><trkpt lat="36.302327" lon="127.431792"/></trkseg>
<trkseg><trkpt lat="36.302416" lon="127.433842"/><trkpt lat="36.302802" lon="127.433674"/><trkpt lat="36.302853" lon="127.433655"/><trkpt lat="36.302892" lon="127.433647"/><trkpt lat="36.302931" lon="127.433644"/><trkpt lat="36.302969" lon="127.433648"/><trkpt lat="36.303003" lon="127.433662"/><trkpt lat="36.303032" lon="127.43369"/><trkpt lat="36.303067" lon="127.433735"/><trkpt lat="36.303179" lon="127.433893"/></trkseg>
<trkseg><trkpt lat="36.303179" lon="127.433893"/><trkpt lat="36.303268" lon="127.433405"/></trkseg>
<trkseg><trkpt lat="36.303268" lon="127.433405"/><trkpt lat="36.303159" lon="127.433383"/></trkseg>
<trkseg><trkpt lat="36.303268" lon="127.433405"/><trkpt lat="36.303325" lon="127.433697"/><trkpt lat="36.303332" lon="127.43372"/><trkpt lat="36.303344" lon="127.433739"/><trkpt lat="36.303364" lon="127.433757"/><trkpt lat="36.303391" lon="127.433779"/></trkseg>
<trkseg><trkpt lat="36.303268" lon="127.433405"/><trkpt lat="36.303616" lon="127.433627"/></trkseg>
<trkseg><trkpt lat="36.303405" lon="127.434215"/><trkpt lat="36.303179" lon="127.433893"/></trkseg>
<trkseg><trkpt lat="36.303405" lon="127.434215"/><trkpt lat="36.303391" lon="127.433779"/></trkseg>
<trkseg><trkpt lat="36.303391" lon="127.433779"/><trkpt lat="36.303512" lon="127.433662"/><trkpt lat="36.303525" lon="127.433654"/><trkpt lat="36.30356" lon="127.433643"/><trkpt lat="36.303616" lon="127.433627"/></trkseg>
<trkseg><trkpt lat="36.303582" lon="127.434362"/><trkpt lat="36.303579" lon="127.434338"/><trkpt lat="36.303566" lon="127.434289"/><trkpt lat="36.303545" lon="127.434248"/><trkpt lat="36.303525" lon="127.434209"/><trkpt lat="36.303523" lon="127.434169"/><trkpt lat="36.303525" lon="127.434081"/><trkpt lat="36.303518" lon="127.434039"/><trkpt lat="36.3035" lon="127.433984"/><trkpt lat="36.303499" lon="127.433942"/><trkpt lat="36.30351" lon="127.433898"/><trkpt lat="36.303532" lon="127.433838"/><trkpt lat="36.303616" lon="127.433627"/></trkseg>
<trkseg><trkpt lat="36.303616" lon="127.433627"/><trkpt lat="36.303671" lon="127.433473"/><trkpt lat="36.303689" lon="127.433428"/><trkpt lat="36.303706" lon="127.4334"/><trkpt lat="36.30373" lon="127.433381"/><trkpt lat="36.303759" lon="127.433372"/><trkpt lat="36.30382" lon="127.433357"/><trkpt lat="36.303846" lon="127.433343"/><trkpt lat="36.303863" lon="127.433317"/><trkpt lat="36.303876" lon="127.433284"/><trkpt lat="36.303911" lon="127.433159"/><trkpt lat="36.303914" lon="127.433151"/></trkseg>
<trkseg><trkpt lat="36.303405" lon="127.434215"/><trkpt lat="36.303419" lon="127.434287"/><trkpt lat="36.303435" lon="127.434344"/><trkpt lat="36.303457" lon="127.434389"/><trkpt lat="36.303523" lon="127.434494"/><trkpt lat="36.303575" lon="127.434569"/><trkpt lat="36.303625" lon="127.434625"/><trkpt lat="36.303728" lon="127.434732"/><trkpt lat="36.303757" lon="127.434765"/><trkpt lat="36.303781" lon="127.4348"/><trkpt lat="36.30379" lon="127.434837"/><trkpt lat="36.303787" lon="127.434872"/><trkpt lat="36.303769" lon="127.434915"/><trkpt lat="36.303763" lon="127.434947"/><trkpt lat="36.303773" lon="127.434986"/><trkpt lat="36.303793" lon="127.435026"/><trkpt lat="36.303865" lon="127.435151"/><trkpt lat="36.30387" lon="127.43516"/></trkseg>
<trkseg><trkpt lat="36.303582" lon="127.434362"/><trkpt lat="36.303476" lon="127.434319"/><trkpt lat="36.303466" lon="127.43431"/><trkpt lat="36.303449" lon="127.434285"/><trkpt lat="36.303405" lon="127.434215"/></trkseg>
<trkseg><trkpt lat="36.303998" lon="127.435075"/><trkpt lat="36.303991" lon="127.435055"/><trkpt lat="36.303973" lon="127.43501"/><trkpt lat="36.303947" lon="127.434965"/><trkpt lat="36.303908" lon="127.434844"/><trkpt lat="36.303883" lon="127.434816"/><trkpt lat="36.303782" lon="127.434671"/><trkpt lat="36.303739" lon="127.434634"/><trkpt lat="36.303709" lon="127.434603"/><trkpt lat="36.303685" lon="127.434567"/><trkpt lat="36.303656" lon="127.434513"/><trkpt lat="36.303582" lon="127.434362"/></trkseg>
<trkseg><trkpt lat="36.303914" lon="127.433151"/><trkpt lat="36.30394" lon="127.432928"/><trkpt lat="36.303944" lon="127.43291"/><trkpt lat="36.303952" lon="127.432899"/><trkpt lat="36.303966" lon="127.432895"/><trkpt lat="36.303995" lon="127.432895"/><trkpt lat="36.304016" lon="127.432897"/></trkseg>
<trkseg><trkpt lat="36.303914" lon="127.433151"/><trkpt lat="36.304026" lon="127.433029"/><trkpt lat="36.304043" lon="127.433017"/><trkpt lat="36.304062" lon="127.433011"/><trkpt lat="36.304087" lon="127.433006"/><trkpt lat="36.304105" lon="127.433009"/><trkpt lat="36.304119" lon="127.433021"/><trkpt lat="36.304147" lon="127.433064"/><trkpt lat="36.304171" lon="127.433107"/></trkseg>
<trkseg><trkpt lat="36.304171" lon="127.433107"/><trkpt lat="36.304206" lon="127.433021"/><trkpt lat="36.304217" lon="127.433003"/><trkpt lat="36.304228" lon="127.432998"/><trkpt lat="36.304241" lon="127.433"/><trkpt lat="36.304318" lon="127.433024"/><trkpt lat="36.30433" lon="127.433034"/><trkpt lat="36.304334" lon="127.433051"/><trkpt lat="36.304333" lon="127.433066"/></trkseg>
<trkseg><trkpt lat="36.304171" lon="127.433107"/><trkpt lat="36.304207" lon="127.433165"/><trkpt lat="36.304232" lon="127.433215"/><trkpt lat="36.304248" lon="127.433262"/><trkpt lat="36.304276" lon="127.433385"/><trkpt lat="36.304291" lon="127.433444"/><trkpt lat="36.304306" lon="127.433486"/><trkpt lat="36.304329" lon="127.43352"/><trkpt lat="36.304358" lon="127.433548"/><trkpt lat="36.30441" lon="127.433593"/><trkpt lat="36.304436" lon="127.433623"/><trkpt lat="36.304452" lon="127.433661"/><trkpt lat="36.304459" lon="127.433707"/><trkpt lat="36.304475" lon="127.433951"/><trkpt lat="36.304491" lon="127.434178"/><trkpt lat="36.304499" lon="127.434243"/><trkpt lat="36.30458" lon="127.434628"/></trkseg>
<trkseg><trkpt lat="36.304867" lon="127.433401"/><trkpt lat="36.304863" lon="127.433382"/><trkpt lat="36.304844" lon="127.433343"/><trkpt lat="36.30481" lon="127.433307"/><trkpt lat="36.304774" lon="127.433289"/><trkpt lat="36.30474" lon="127.433285"/><trkpt lat="36.304707" lon="127.433298"/><trkpt lat="36.304678" lon="127.433321"/><trkpt lat="36.304659" lon="127.433351"/><trkpt lat="36.304648" lon="127.433388"/><trkpt lat="36.304638" lon="127.433383"/><trkpt lat="36.304624" lon="127.433353"/><trkpt lat="36.304567" lon="127.433211"/><trkpt lat="36.304547" lon="127.433171"/><trkpt lat="36.304521" lon="127.43314"/><trkpt lat="36.304487" lon="127.43312"/><trkpt lat="36.304432" lon="127.433098"/><trkpt lat="36.304335" lon="127.433067"/><trkpt lat="36.304333" lon="127.433066"/></trkseg>
<trkseg><trkpt lat="36.305" lon="127.433672"/><trkpt lat="36.304969" lon="127.43368"/><trkpt lat="36.304947" lon="127.433682"/><trkpt lat="36.304935" lon="127.433675"/><trkpt lat="36.304927" lon="127.433658"/><trkpt lat="36.304899" lon="127.433537"/><trkpt lat="36.304867" lon="127.433401"/></trkseg>
<trkseg><trkpt lat="36.305128" lon="127.433571"/><trkpt lat="36.304867" lon="127.433401"/></trkseg>
<trkseg><trkpt lat="36.305128" lon="127.433571"/><trkpt lat="36.305" lon="127.433672"/></trkseg>
<trkseg><trkpt lat="36.305" lon="127.433672"/><trkpt lat="36.304923" lon="127.433749"/><trkpt lat="36.30488" lon="127.433795"/><trkpt lat="36.304854" lon="127.433831"/><trkpt lat="36.304834" lon="127.433873"/><trkpt lat="36.304813" lon="127.433934"/><trkpt lat="36.30458" lon="127.434628"/></trkseg>
<trkseg><trkpt lat="36.304156" lon="127.435081"/><trkpt lat="36.304153" lon="127.434868"/><trkpt lat="36.304155" lon="127.434803"/><trkpt lat="36.304163" lon="127.434758"/><trkpt lat="36.304181" lon="127.434717"/><trkpt lat="36.304229" lon="127.434642"/><trkpt lat="36.304339" lon="127.434481"/><trkpt lat="36.304368" lon="127.434449"/><trkpt lat="36.304401" lon="127.434423"/><trkpt lat="36.304436" lon="127.434404"/><trkpt lat="36.304469" lon="127.434396"/><trkpt lat="36.304495" lon="127.434412"/><trkpt lat="36.304514" lon="127.434447"/><trkpt lat="36.304539" lon="127.434512"/><trkpt lat="36.30458" lon="127.434628"/></trkseg>
<trkseg><trkpt lat="36.30458" lon="127.434628"/><trkpt lat="36.304691" lon="127.434763"/></trkseg>
<trkseg><trkpt lat="36.304691" lon="127.434763"/><trkpt lat="36.304634" lon="127.434745"/><trkpt lat="36.304607" lon="127.434743"/><trkpt lat="36.304616" lon="127.434763"/><trkpt lat="36.30467" lon="127.434827"/><trkpt lat="36.304696" lon="127.434864"/><trkpt lat="36.304717" lon="127.434904"/><trkpt lat="36.304733" lon="127.434949"/><trkpt lat="36.304812" lon="127.435208"/><trkpt lat="36.304874" lon="127.435318"/></trkseg>
<trkseg><trkpt lat="36.304691" lon="127.434763"/><trkpt lat="36.304753" lon="127.434779"/><trkpt lat="36.304815" lon="127.434797"/><trkpt lat="36.304847" lon="127.434813"/><trkpt lat="36.304865" lon="127.43484"/><trkpt lat="36.304869" lon="127.43488"/><trkpt lat="36.304866" lon="127.434956"/><trkpt lat="36.304864" lon="127.435003"/><trkpt lat="36.304869" lon="127.435049"/><trkpt lat="36.304893" lon="127.435137"/><trkpt lat="36.304902" lon="127.435182"/><trkpt lat="36.304901" lon="127.435226"/><trkpt lat="36.304892" lon="127.435278"/><trkpt lat="36.304874" lon="127.435318"/></trkseg>
<trkseg><trkpt lat="36.304874" lon="127.435318"/><trkpt lat="36.304954" lon="127.435361"/><trkpt lat="36.304995" lon="127.435399"/><trkpt lat="36.305024" lon="127.435434"/><trkpt lat="36.305047" lon="127.435473"/><trkpt lat="36.30508" lon="127.435544"/><trkpt lat="36.305153" lon="127.435865"/><trkpt lat="36.305168" lon="127.43591"/><trkpt lat="36.305179" lon="127.435957"/><trkpt lat="36.305191" lon="127.436037"/><trkpt lat="36.305227" lon="127.436312"/></trkseg>
<trkseg><trkpt lat="36.304966" lon="127.436206"/><trkpt lat="36.304939" lon="127.436201"/><trkpt lat="36.304901" lon="127.436185"/><trkpt lat="36.304861" lon="127.43615"/><trkpt lat="36.304819" lon="127.436086"/><trkpt lat="36.304672" lon="127.435725"/><trkpt lat="36.304638" lon="127.435675"/><trkpt lat="36.304607" lon="127.435646"/><trkpt lat="36.304571" lon="127.435625"/><trkpt lat="36.304467" lon="127.435585"/><trkpt lat="36.304402" lon="127.435541"/><trkpt lat="36.304367" lon="127.435519"/><trkpt lat="36.304337" lon="127.435487"/><trkpt lat="36.304304" lon="127.435441"/><trkpt lat="36.304164" lon="127.435235"/></trkseg>
<trkseg><trkpt lat="36.305227" lon="127.436312"/><trkpt lat="36.304966" lon="127.436206"/></trkseg>
<trkseg><trkpt lat="36.304966" lon="127.436206"/><trkpt lat="36.304918" lon="127.436253"/><trkpt lat="36.304883" lon="127.436296"/><trkpt lat="36.304858" lon="127.436338"/><trkpt lat="36.304804" lon="127.436451"/><trkpt lat="36.304658" lon="127.436765"/><trkpt lat="36.304635" lon="127.436806"/><trkpt lat="36.30461" lon="127.436842"/><trkpt lat="36.30456" lon="127.436895"/><trkpt lat="36.304509" lon="127.436943"/><trkpt lat="36.304477" lon="127.436966"/><trkpt lat="36.304441" lon="127.436977"/><trkpt lat="36.304401" lon="127.436976"/><trkpt lat="36.30422" lon="127.43695"/><trkpt lat="36.304199" lon="127.436948"/></trkseg>
<trkseg><trkpt lat="36.305227" lon="127.436312"/><trkpt lat="36.305291" lon="127.436384"/><trkpt lat="36.305325" lon="127.436427"/><trkpt lat="36.305349" lon="127.436465"/><trkpt lat="36.305364" lon="127.436508"/><trkpt lat="36.305372" lon="127.436554"/><trkpt lat="36.305396" lon="127.43682"/><trkpt lat="36.305408" lon="127.436916"/><trkpt lat="36.305417" lon="127.436963"/><trkpt lat="36.305434" lon="127.437005"/><trkpt lat="36.305464" lon="127.437058"/><trkpt lat="36.3055" lon="127.437207"/><trkpt lat="36.305497" lon="127.437594"/><trkpt lat="36.305507" lon="127.437642"/><trkpt lat="36.305521" lon="127.437687"/><trkpt lat="36.305541" lon="127.437729"/><trkpt lat="36.30558" lon="127.437797"/><trkpt lat="36.305772" lon="127.437993"/><trkpt lat="36.305791" lon="127.438035"/><trkpt lat="36.305801" lon="127.43808"/><trkpt lat="36.305804" lon="127.438129"/><trkpt lat="36.305803" lon="127.438212"/><trkpt lat="36.305801" lon="127.438271"/></trkseg>
<trkseg><trkpt lat="36.30416" lon="127.436675"/><trkpt lat="36.304124" lon="127.43653"/><trkpt lat="36.304044" lon="127.436153"/><trkpt lat="36.303988" lon="127.435839"/></trkseg>
<trkseg><trkpt lat="36.303765" lon="127.435323"/><trkpt lat="36.303836" lon="127.435523"/><trkpt lat="36.303838" lon="127.435618"/><trkpt lat="36.303836" lon="127.435651"/><trkpt lat="36.303847" lon="127.435682"/><trkpt lat="36.303865" lon="127.435711"/><trkpt lat="36.303988" lon="127.435839"/></trkseg>
<trkseg><trkpt lat="36.303653" lon="127.435141"/><trkpt lat="36.303743" lon="127.435297"/><trkpt lat="36.303757" lon="127.435316"/><trkpt lat="36.303765" lon="127.435323"/></trkseg>
<trkseg><trkpt lat="36.303653" lon="127.435141"/><trkpt lat="36.303768" lon="127.435207"/><trkpt lat="36.303779" lon="127.43521"/><trkpt lat="36.303793" lon="127.435205"/><trkpt lat="36.303839" lon="127.435172"/></trkseg>
<trkseg><trkpt lat="36.303765" lon="127.435323"/><trkpt lat="36.303789" lon="127.435333"/><trkpt lat="36.303856" lon="127.435331"/><trkpt lat="36.303839" lon="127.435172"/></trkseg>
<trkseg><trkpt lat="36.30387" lon="127.43516"/><trkpt lat="36.303839" lon="127.435172"/></trkseg>
<trkseg><trkpt lat="36.30387" lon="127.43516"/><trkpt lat="36.304103" lon="127.435436"/></trkseg>
<trkseg><trkpt lat="36.303988" lon="127.435839"/><trkpt lat="36.304054" lon="127.43553"/><trkpt lat="36.304133" lon="127.435247"/><trkpt lat="36.304144" lon="127.43524"/><trkpt lat="36.304164" lon="127.435235"/></trkseg>
<trkseg><trkpt lat="36.304103" lon="127.435436"/><trkpt lat="36.304163" lon="127.43535"/><trkpt lat="36.304158" lon="127.435333"/><trkpt lat="36.304157" lon="127.435314"/><trkpt lat="36.304164" lon="127.435235"/></trkseg>
<trkseg><trkpt lat="36.304164" lon="127.435235"/><trkpt lat="36.303998" lon="127.435075"/></trkseg>
<trkseg><trkpt lat="36.304156" lon="127.435081"/><trkpt lat="36.303998" lon="127.435075"/></trkseg>
<trkseg><trkpt lat="36.304164" lon="127.435235"/><trkpt lat="36.304192" lon="127.435132"/><trkpt lat="36.304191" lon="127.435123"/><trkpt lat="36.304185" lon="127.435113"/><trkpt lat="36.304156" lon="127.435081"/></trkseg>
<trkseg><trkpt lat="36.305735" lon="127.434964"/><trkpt lat="36.305787" lon="127.435233"/><trkpt lat="36.305789" lon="127.43528"/><trkpt lat="36.305796" lon="127.435326"/><trkpt lat="36.305809" lon="127.435371"/><trkpt lat="36.305858" lon="127.435505"/><trkpt lat="36.305882" lon="127.435563"/><trkpt lat="36.305904" lon="127.435603"/><trkpt lat="36.305929" lon="127.435639"/><trkpt lat="36.306115" lon="127.435928"/><trkpt lat="36.306151" lon="127.435975"/><trkpt lat="36.306175" lon="127.436013"/><trkpt lat="36.306192" lon="127.436057"/><trkpt lat="36.306213" lon="127.436136"/><trkpt lat="36.306297" lon="127.436365"/><trkpt lat="36.306312" lon="127.436407"/><trkpt lat="36.306344" lon="127.436431"/><trkpt lat="36.306386" lon="127.436429"/><trkpt lat="36.306451" lon="127.436421"/></trkseg>
<trkseg><trkpt lat="36.307112" lon="127.436644"/><trkpt lat="36.307106" lon="127.436663"/><trkpt lat="36.307081" lon="127.436681"/><trkpt lat="36.307041" lon="127.436682"/><trkpt lat="36.306991" lon="127.436666"/><trkpt lat="36.306956" lon="127.436649"/><trkpt lat="36.306922" lon="127.436625"/><trkpt lat="36.306879" lon="127.436585"/><trkpt lat="36.306711" lon="127.436414"/><trkpt lat="36.306679" lon="127.436385"/><trkpt lat="36.306644" lon="127.436363"/><trkpt lat="36.306607" lon="127.436352"/><trkpt lat="36.306569" lon="127.436351"/><trkpt lat="36.306525" lon="127.43637"/><trkpt lat="36.30648" lon="127.4364"/><trkpt lat="36.306451" lon="127.436421"/></trkseg>
<trkseg><trkpt lat="36.306451" lon="127.436421"/><trkpt lat="36.306535" lon="127.436692"/><trkpt lat="36.306551" lon="127.436736"/><trkpt lat="36.306571" lon="127.436776"/><trkpt lat="36.306621" lon="127.436848"/><trkpt lat="36.306644" lon="127.436886"/><trkpt lat="36.306661" lon="127.436929"/><trkpt lat="36.306685" lon="127.437005"/><trkpt lat="36.306874" lon="127.437671"/><trkpt lat="36.306894" lon="127.437732"/><trkpt lat="36.306918" lon="127.437784"/><trkpt lat="36.306944" lon="127.437831"/><trkpt lat="36.306961" lon="127.437861"/></trkseg>
<trkseg><trkpt lat="36.306961" lon="127.437861"/><trkpt lat="36.307007" lon="127.437807"/><trkpt lat="36.307042" lon="127.437763"/><trkpt lat="36.307066" lon="127.437724"/><trkpt lat="36.307084" lon="127.43768"/><trkpt lat="36.307112" lon="127.437586"/><trkpt lat="36.307179" lon="127.43735"/><trkpt lat="36.307196" lon="127.437305"/><trkpt lat="36.307218" lon="127.437265"/><trkpt lat="36.307245" lon="127.437227"/><trkpt lat="36.307284" lon="127.437191"/><trkpt lat="36.307325" lon="127.437169"/><trkpt lat="36.307354" lon="127.437159"/></trkseg>
<trkseg><trkpt lat="36.306961" lon="127.437861"/><trkpt lat="36.306987" lon="127.437905"/><trkpt lat="36.307019" lon="127.437946"/><trkpt lat="36.307056" lon="127.437974"/><trkpt lat="36.307125" lon="127.438007"/><trkpt lat="36.307158" lon="127.438027"/><trkpt lat="36.307185" lon="127.438051"/><trkpt lat="36.307216" lon="127.438085"/><trkpt lat="36.307248" lon="127.438105"/><trkpt lat="36.307298" lon="127.438122"/><trkpt lat="36.3074" lon="127.43815"/><trkpt lat="36.307437" lon="127.438165"/><trkpt lat="36.307471" lon="127.438186"/><trkpt lat="36.307504" lon="127.438214"/><trkpt lat="36.307737" lon="127.438436"/><trkpt lat="36.307778" lon="127.438477"/><trkpt lat="36.307806" lon="127.438512"/><trkpt lat="36.307829" lon="127.438551"/><trkpt lat="36.307861" lon="127.438623"/><trkpt lat="36.30798" lon="127.438901"/></trkseg>
<trkseg><trkpt lat="36.30798" lon="127.438901"/><trkpt lat="36.307574" lon="127.439018"/><trkpt lat="36.307523" lon="127.439034"/><trkpt lat="36.307489" lon="127.439051"/><trkpt lat="36.307468" lon="127.439078"/><trkpt lat="36.307461" lon="127.439119"/><trkpt lat="36.307456" lon="127.439196"/><trkpt lat="36.307443" lon="127.439238"/><trkpt lat="36.307402" lon="127.439314"/><trkpt lat="36.307383" lon="127.439354"/><trkpt lat="36.307371" lon="127.439401"/><trkpt lat="36.307363" lon="127.439463"/><trkpt lat="36.307355" lon="127.439543"/></trkseg>
<trkseg><trkpt lat="36.308354" lon="127.438872"/><trkpt lat="36.308345" lon="127.438878"/><trkpt lat="36.308323" lon="127.438885"/><trkpt lat="36.308295" lon="127.438883"/><trkpt lat="36.308265" lon="127.438869"/><trkpt lat="36.308193" lon="127.438832"/><trkpt lat="36.308171" lon="127.438825"/><trkpt lat="36.30815" lon="127.438826"/><trkpt lat="36.30812" lon="127.438836"/><trkpt lat="36.30798" lon="127.438901"/></trkseg>
<trkseg><trkpt lat="36.30798" lon="127.438901"/><trkpt lat="36.308002" lon="127.438977"/><trkpt lat="36.308024" lon="127.439033"/><trkpt lat="36.308049" lon="127.439073"/><trkpt lat="36.308097" lon="127.43913"/><trkpt lat="36.308179" lon="127.439217"/><trkpt lat="36.308212" lon="127.439245"/><trkpt lat="36.308248" lon="127.439267"/><trkpt lat="36.308311" lon="127.439298"/><trkpt lat="36.308552" lon="127.439408"/><trkpt lat="36.308588" lon="127.439429"/><trkpt lat="36.308618" lon="127.439454"/><trkpt lat="36.308644" lon="127.439482"/><trkpt lat="36.30867" lon="127.439514"/><trkpt lat="36.308703" lon="127.439564"/><trkpt lat="36.308724" lon="127.439603"/><trkpt lat="36.308738" lon="127.439646"/><trkpt lat="36.308743" lon="127.439694"/><trkpt lat="36.308745" lon="127.439777"/><trkpt lat="36.308749" lon="127.439825"/><trkpt lat="36.308762" lon="127.439868"/><trkpt lat="36.308782" lon="127.439908"/><trkpt lat="36.308821" lon="127.439967"/><trkpt lat="36.308873" lon="127.440044"/></trkseg>
<trkseg><trkpt lat="36.302133" lon="127.439966"/><trkpt lat="36.301773" lon="127.440171"/><trkpt lat="36.301727" lon="127.440202"/><trkpt lat="36.301695" lon="127.44023"/><trkpt lat="36.301667" lon="127.440263"/><trkpt lat="36.301482" lon="127.440493"/><trkpt lat="36.301437" lon="127.440552"/><trkpt lat="36.301415" lon="127.440591"/><trkpt lat="36.301394" lon="127.440645"/><trkpt lat="36.301365" lon="127.44074"/></trkseg>
<trkseg><trkpt lat="36.300439" lon="127.437261"/><trkpt lat="36.300458" lon="127.437252"/><trkpt lat="36.300497" lon="127.437248"/><trkpt lat="36.30053" lon="127.437273"/><trkpt lat="36.300556" lon="127.437325"/><trkpt lat="36.300591" lon="127.437411"/><trkpt lat="36.300605" lon="127.437454"/><trkpt lat="36.300614" lon="127.437498"/><trkpt lat="36.300611" lon="127.437541"/><trkpt lat="36.300597" lon="127.437615"/><trkpt lat="36.30059" lon="127.43766"/><trkpt lat="36.300589" lon="127.437706"/><trkpt lat="36.300592" lon="127.437752"/><trkpt lat="36.300603" lon="127.43783"/><trkpt lat="36.300612" lon="127.437875"/><trkpt lat="36.300625" lon="127.437917"/><trkpt lat="36.300648" lon="127.437955"/><trkpt lat="36.300685" lon="127.438002"/><trkpt lat="36.301231" lon="127.438638"/><trkpt lat="36.301288" lon="127.438707"/><trkpt lat="36.301314" lon="127.438744"/><trkpt lat="36.301393" lon="127.438871"/><trkpt lat="36.30143" lon="127.438936"/><trkpt lat="36.301449" lon="127.438977"/><trkpt lat="36.301463" lon="127.439022"/><trkpt lat="36.30149" lon="127.439147"/><trkpt lat="36.301503" lon="127.43919"/><trkpt lat="36.301524" lon="127.439225"/><trkpt lat="36.301555" lon="127.439251"/><trkpt lat="36.301638" lon="127.439299"/><trkpt lat="36.301672" lon="127.439321"/><trkpt lat="36.301699" lon="127.439346"/><trkpt lat="36.301712" lon="127.439381"/><trkpt lat="36.30172" lon="127.439436"/><trkpt lat="36.301738" lon="127.439473"/><trkpt lat="36.301771" lon="127.43952"/><trkpt lat="36.301893" lon="127.439666"/><trkpt lat="36.301929" lon="127.439713"/><trkpt lat="36.301953" lon="127.43975"/><trkpt lat="36.30197" lon="127.439793"/><trkpt lat="36.302" lon="127.439881"/><trkpt lat="36.302024" lon="127.439916"/><trkpt lat="36.302068" lon="127.439942"/><trkpt lat="36.302131" lon="127.439965"/><trkpt lat="36.302133" lon="127.439966"/></trkseg>
<trkseg><trkpt lat="36.302163" lon="127.439935"/><trkpt lat="36.302273" lon="127.439793"/><trkpt lat="36.302302" lon="127.43976"/><trkpt lat="36.302333" lon="127.439732"/><trkpt lat="36.302368" lon="127.439712"/><trkpt lat="36.302418" lon="127.439692"/><trkpt lat="36.302609" lon="127.439625"/><trkpt lat="36.302646" lon="127.439617"/><trkpt lat="36.302682" lon="127.439622"/><trkpt lat="36.302716" lon="127.439642"/><trkpt lat="36.302761" lon="127.439679"/><trkpt lat="36.302893" lon="127.439797"/><trkpt lat="36.302927" lon="127.439821"/><trkpt lat="36.302963" lon="127.439836"/><trkpt lat="36.303001" lon="127.439838"/><trkpt lat="36.30308" lon="127.439832"/><trkpt lat="36.303119" lon="127.439832"/><trkpt lat="36.303157" lon="127.439838"/><trkpt lat="36.303194" lon="127.439854"/><trkpt lat="36.303301" lon="127.439914"/><trkpt lat="36.303336" lon="127.439928"/><trkpt lat="36.303369" lon="127.439926"/><trkpt lat="36.303404" lon="127.439894"/><trkpt lat="36.303438" lon="127.439848"/><trkpt lat="36.30346" lon="127.439815"/></trkseg>
<trkseg><trkpt lat="36.300062" lon="127.438525"/><trkpt lat="36.300136" lon="127.438325"/><trkpt lat="36.300149" lon="127.438281"/><trkpt lat="36.300157" lon="127.438233"/><trkpt lat="36.300172" lon="127.438103"/><trkpt lat="36.300177" lon="127.438021"/><trkpt lat="36.300175" lon="127.437973"/><trkpt lat="36.300167" lon="127.437926"/><trkpt lat="36.300149" lon="127.437834"/><trkpt lat="36.300148" lon="127.437789"/><trkpt lat="36.300161" lon="127.437746"/><trkpt lat="36.300189" lon="127.437692"/><trkpt lat="36.300299" lon="127.437503"/><trkpt lat="36.300439" lon="127.437261"/></trkseg>
<trkseg><trkpt lat="36.300439" lon="127.437261"/><trkpt lat="36.300456" lon="127.437181"/><trkpt lat="36.300466" lon="127.437119"/><trkpt lat="36.300468" lon="127.43707"/><trkpt lat="36.300459" lon="127.437024"/><trkpt lat="36.300437" lon="127.43695"/><trkpt lat="36.300369" lon="127.436741"/><trkpt lat="36.300359" lon="127.436696"/><trkpt lat="36.300359" lon="127.436654"/><trkpt lat="36.300372" lon="127.4366"/><trkpt lat="36.300379" lon="127.436557"/><trkpt lat="36.300378" lon="127.436509"/><trkpt lat="36.30037" lon="127.436462"/><trkpt lat="36.300356" lon="127.436418"/><trkpt lat="36.300253" lon="127.43619"/><trkpt lat="36.300163" lon="127.43599"/></trkseg>
<trkseg><trkpt lat="36.300055" lon="127.435817"/><trkpt lat="36.299999" lon="127.435632"/><trkpt lat="36.299989" lon="127.435612"/><trkpt lat="36.299967" lon="127.435584"/><trkpt lat="36.299883" lon="127.435488"/></trkseg>
<trkseg><trkpt lat="36.300163" lon="127.43599"/><trkpt lat="36.300132" lon="127.435998"/><trkpt lat="36.300121" lon="127.435994"/><trkpt lat="36.30011" lon="127.435982"/><trkpt lat="36.300083" lon="127.435937"/><trkpt lat="36.300074" lon="127.43591"/><trkpt lat="36.300055" lon="127.435817"/></trkseg>
<trkseg><trkpt lat="36.300094" lon="127.435709"/><trkpt lat="36.300065" lon="127.435705"/><trkpt lat="36.300061" lon="127.435709"/><trkpt lat="36.300059" lon="127.435719"/><trkpt lat="36.300055" lon="127.435817"/></trkseg>
<trkseg><trkpt lat="36.300163" lon="127.43599"/><trkpt lat="36.300094" lon="127.435709"/></trkseg>
<trkseg><trkpt lat="36.300094" lon="127.435709"/><trkpt lat="36.300114" lon="127.435539"/><trkpt lat="36.30012" lon="127.435511"/><trkpt lat="36.30013" lon="127.435497"/><trkpt lat="36.300146" lon="127.43549"/><trkpt lat="36.300176" lon="127.435485"/><trkpt lat="36.300266" lon="127.435477"/></trkseg>
<trkseg><trkpt lat="36.300266" lon="127.435477"/><trkpt lat="36.30027" lon="127.435416"/><trkpt lat="36.300275" lon="127.435369"/><trkpt lat="36.300286" lon="127.435335"/><trkpt lat="36.300303" lon="127.435308"/><trkpt lat="36.300324" lon="127.435284"/><trkpt lat="36.300347" lon="127.435263"/><trkpt lat="36.300406" lon="127.435221"/><trkpt lat="36.30045" lon="127.435195"/><trkpt lat="36.300477" lon="127.435184"/><trkpt lat="36.300515" lon="127.435178"/><trkpt lat="36.300643" lon="127.435172"/></trkseg>
<trkseg><trkpt lat="36.300266" lon="127.435477"/><trkpt lat="36.300317" lon="127.435456"/><trkpt lat="36.300354" lon="127.435444"/><trkpt lat="36.300375" lon="127.435444"/><trkpt lat="36.300391" lon="127.435457"/><trkpt lat="36.300403" lon="127.435481"/><trkpt lat="36.300437" lon="127.435577"/><trkpt lat="36.300451" lon="127.435611"/><trkpt lat="36.300465" lon="127.435628"/><trkpt lat="36.300482" lon="127.435626"/><trkpt lat="36.300505" lon="127.435613"/><trkpt lat="36.300558" lon="127.435573"/><trkpt lat="36.300559" lon="127.435573"/></trkseg>
<trkseg><trkpt lat="36.300559" lon="127.435573"/><trkpt lat="36.300555" lon="127.435412"/><trkpt lat="36.300558" lon="127.435387"/><trkpt lat="36.300564" lon="127.435364"/><trkpt lat="36.300643" lon="127.435172"/></trkseg>
<trkseg><trkpt lat="36.300643" lon="127.435172"/><trkpt lat="36.300657" lon="127.435171"/><trkpt lat="36.300677" lon="127.435154"/><trkpt lat="36.300681" lon="127.435112"/><trkpt lat="36.300669" lon="127.435068"/><trkpt lat="36.300648" lon="127.435031"/><trkpt lat="36.300619" lon="127.435"/><trkpt lat="36.300567" lon="127.434952"/><trkpt lat="36.30054" lon="127.434918"/><trkpt lat="36.300518" lon="127.43488"/><trkpt lat="36.3005" lon="127.434841"/><trkpt lat="36.300489" lon="127.434806"/><trkpt lat="36.300496" lon="127.434781"/><trkpt lat="36.300524" lon="127.434771"/><trkpt lat="36.30057" lon="127.434759"/><trkpt lat="36.300595" lon="127.434737"/><trkpt lat="36.300605" lon="127.434699"/><trkpt lat="36.300609" lon="127.434654"/><trkpt lat="36.300609" lon="127.434607"/><trkpt lat="36.300604" lon="127.434541"/><trkpt lat="36.300564" lon="127.434231"/><trkpt lat="36.300552" lon="127.434151"/><trkpt lat="36.300539" lon="127.434105"/><trkpt lat="36.300521" lon="127.434063"/><trkpt lat="36.3005" lon="127.434024"/><trkpt lat="36.300475" lon="127.43399"/><trkpt lat="36.300443" lon="127.433957"/><trkpt lat="36.300431" lon="127.433923"/><trkpt lat="36.300431" lon="127.433879"/><trkpt lat="36.300438" lon="127.433816"/><trkpt lat="36.300476" lon="127.433539"/><trkpt lat="36.300487" lon="127.433492"/><trkpt lat="36.300511" lon="127.433422"/><trkpt lat="36.300525" lon="127.433381"/><trkpt lat="36.30053" lon="127.433339"/><trkpt lat="36.300522" lon="127.433268"/><trkpt lat="36.300519" lon="127.433224"/><trkpt lat="36.300524" lon="127.433177"/><trkpt lat="36.300539" lon="127.433114"/><trkpt lat="36.300574" lon="127.432989"/><trkpt lat="36.300583" lon="127.432943"/><trkpt lat="36.300584" lon="127.432902"/><trkpt lat="36.300584" lon="127.432854"/><trkpt lat="36.300597" lon="127.432813"/><trkpt lat="36.300637" lon="127.432729"/><trkpt lat="36.300745" lon="127.43252"/></trkseg>
<trkseg><trkpt lat="36.300559" lon="127.435573"/><trkpt lat="36.300992" lon="127.435214"/></trkseg>
<trkseg><trkpt lat="36.301393" lon="127.435848"/><trkpt lat="36.301373" lon="127.435901"/><trkpt lat="36.301346" lon="127.435949"/><trkpt lat="36.301311" lon="127.435981"/><trkpt lat="36.30125" lon="127.436014"/><trkpt lat="36.301187" lon="127.436044"/><trkpt lat="36.301149" lon="127.436057"/><trkpt lat="36.301111" lon="127.436062"/><trkpt lat="36.301072" lon="127.43606"/><trkpt lat="36.300943" lon="127.436045"/><trkpt lat="36.300866" lon="127.436033"/><trkpt lat="36.300829" lon="127.436021"/><trkpt lat="36.300795" lon="127.435999"/><trkpt lat="36.300742" lon="127.435954"/><trkpt lat="36.30069" lon="127.435904"/><trkpt lat="36.300663" lon="127.435872"/><trkpt lat="36.300641" lon="127.435833"/><trkpt lat="36.300624" lon="127.435789"/><trkpt lat="36.300563" lon="127.435584"/><trkpt lat="36.300559" lon="127.435573"/></trkseg>
<trkseg><trkpt lat="36.300992" lon="127.435214"/><trkpt lat="36.301027" lon="127.435351"/><trkpt lat="36.301041" lon="127.435398"/><trkpt lat="36.301059" lon="127.435438"/><trkpt lat="36.301086" lon="127.435473"/><trkpt lat="36.301128" lon="127.435513"/><trkpt lat="36.301268" lon="127.435642"/><trkpt lat="36.301298" lon="127.435675"/><trkpt lat="36.301322" lon="127.435712"/><trkpt lat="36.301358" lon="127.43578"/><trkpt lat="36.301393" lon="127.435848"/></trkseg>
<trkseg><trkpt lat="36.301283" lon="127.434707"/><trkpt lat="36.301309" lon="127.434754"/><trkpt lat="36.301334" lon="127.434806"/><trkpt lat="36.301346" lon="127.434853"/><trkpt lat="36.30134" lon="127.434898"/><trkpt lat="36.301327" lon="127.434944"/><trkpt lat="36.301285" lon="127.435067"/><trkpt lat="36.301263" lon="127.435127"/><trkpt lat="36.301242" lon="127.435169"/><trkpt lat="36.301217" lon="127.435205"/><trkpt lat="36.301168" lon="127.435258"/><trkpt lat="36.301137" lon="127.435286"/><trkpt lat="36.301107" lon="127.435305"/><trkpt lat="36.301075" lon="127.4353"/><trkpt lat="36.301038" lon="127.435267"/><trkpt lat="36.300994" lon="127.435216"/><trkpt lat="36.300992" lon="127.435214"/></trkseg>
<trkseg><trkpt lat="36.300992" lon="127.435214"/><trkpt lat="36.301035" lon="127.435207"/><trkpt lat="36.301072" lon="127.435188"/><trkpt lat="36.301092" lon="127.435156"/><trkpt lat="36.301104" lon="127.435117"/><trkpt lat="36.30114" lon="127.434968"/><trkpt lat="36.301152" lon="127.434929"/><trkpt lat="36.301168" lon="127.434895"/><trkpt lat="36.301193" lon="127.434869"/><trkpt lat="36.301242" lon="127.434834"/><trkpt lat="36.30127" lon="127.434811"/><trkpt lat="36.301286" lon="127.434772"/><trkpt lat="36.301286" lon="127.434728"/><trkpt lat="36.301283" lon="127.434707"/></trkseg>
<trkseg><trkpt lat="36.301283" lon="127.434707"/><trkpt lat="36.301412" lon="127.434661"/><trkpt lat="36.301449" lon="127.43465"/><trkpt lat="36.301486" lon="127.434645"/><trkpt lat="36.301517" lon="127.434655"/><trkpt lat="36.301554" lon="127.434693"/><trkpt lat="36.301583" lon="127.43472"/><trkpt lat="36.301618" lon="127.434733"/><trkpt lat="36.301657" lon="127.434737"/><trkpt lat="36.301778" lon="127.434742"/><trkpt lat="36.301844" lon="127.434741"/><trkpt lat="36.301883" lon="127.434733"/><trkpt lat="36.301918" lon="127.434716"/><trkpt lat="36.301962" lon="127.434683"/><trkpt lat="36.302139" lon="127.434544"/><trkpt lat="36.302171" lon="127.434517"/><trkpt lat="36.302197" lon="127.434485"/><trkpt lat="36.302214" lon="127.434445"/><trkpt lat="36.302227" lon="127.4344"/><trkpt lat="36.302289" lon="127.434121"/></trkseg>
<trkseg><trkpt lat="36.302629" lon="127.434814"/><trkpt lat="36.302631" lon="127.434837"/><trkpt lat="36.302624" lon="127.434882"/><trkpt lat="36.302598" lon="127.434926"/><trkpt lat="36.302552" lon="127.434961"/><trkpt lat="36.302398" lon="127.435061"/><trkpt lat="36.302362" lon="127.435082"/><trkpt lat="36.302325" lon="127.435094"/><trkpt lat="36.302287" lon="127.435093"/><trkpt lat="36.302236" lon="127.435082"/><trkpt lat="36.302054" lon="127.43503"/><trkpt lat="36.302003" lon="127.435011"/><trkpt lat="36.301968" lon="127.43499"/><trkpt lat="36.3019" lon="127.434939"/><trkpt lat="36.301865" lon="127.434916"/><trkpt lat="36.301815" lon="127.434894"/><trkpt lat="36.301283" lon="127.434707"/></trkseg>
<trkseg><trkpt lat="36.302289" lon="127.434121"/><trkpt lat="36.302319" lon="127.434098"/><trkpt lat="36.302361" lon="127.43407"/><trkpt lat="36.302397" lon="127.434062"/><trkpt lat="36.302416" lon="127.434089"/><trkpt lat="36.302432" lon="127.43413"/><trkpt lat="36.30247" lon="127.434254"/><trkpt lat="36.302491" lon="127.434332"/><trkpt lat="36.3025" lon="127.434379"/><trkpt lat="36.302504" lon="127.434431"/><trkpt lat="36.302512" lon="127.434462"/><trkpt lat="36.302526" lon="127.43448"/><trkpt lat="36.302541" lon="127.43449"/><trkpt lat="36.30256" lon="127.434515"/><trkpt lat="36.302577" lon="127.434552"/><trkpt lat="36.302592" lon="127.434594"/><trkpt lat="36.302604" lon="127.43464"/><trkpt lat="36.302613" lon="127.434694"/><trkpt lat="36.302629" lon="127.434814"/></trkseg>
<trkseg><trkpt lat="36.302289" lon="127.434121"/><trkpt lat="36.302416" lon="127.433842"/></trkseg>
<trkseg><trkpt lat="36.302629" lon="127.434814"/><trkpt lat="36.302689" lon="127.434845"/><trkpt lat="36.302732" lon="127.434874"/><trkpt lat="36.302755" lon="127.434908"/><trkpt lat="36.302767" lon="127.43495"/><trkpt lat="36.30278" lon="127.435008"/><trkpt lat="36.302797" lon="127.435042"/><trkpt lat="36.302827" lon="127.435058"/><trkpt lat="36.302864" lon="127.435065"/><trkpt lat="36.303119" lon="127.43508"/><trkpt lat="36.303159" lon="127.435079"/><trkpt lat="36.303199" lon="127.435072"/><trkpt lat="36.303303" lon="127.435045"/><trkpt lat="36.303369" lon="127.43503"/><trkpt lat="36.303407" lon="127.435028"/><trkpt lat="36.303445" lon="127.435037"/><trkpt lat="36.303494" lon="127.435059"/><trkpt lat="36.303653" lon="127.435141"/></trkseg>
<trkseg><trkpt lat="36.301994" lon="127.437241"/><trkpt lat="36.302072" lon="127.437403"/></trkseg>
<trkseg><trkpt lat="36.301393" lon="127.435848"/><trkpt lat="36.301563" lon="127.436103"/><trkpt lat="36.301599" lon="127.436152"/><trkpt lat="36.301629" lon="127.436182"/><trkpt lat="36.301663" lon="127.436207"/><trkpt lat="36.301878" lon="127.436334"/><trkpt lat="36.301924" lon="127.436363"/><trkpt lat="36.301954" lon="127.43639"/><trkpt lat="36.301973" lon="127.436427"/><trkpt lat="36.301982" lon="127.436473"/><trkpt lat="36.30199" lon="127.436538"/><trkpt lat="36.30201" lon="127.436754"/></trkseg>
<trkseg><trkpt lat="36.30201" lon="127.436754"/><trkpt lat="36.302066" lon="127.436584"/><trkpt lat="36.302074" lon="127.436565"/><trkpt lat="36.302083" lon="127.436554"/><trkpt lat="36.302106" lon="127.436541"/><trkpt lat="36.302133" lon="127.436528"/></trkseg>
<trkseg><trkpt lat="36.301991" lon="127.436974"/><trkpt lat="36.301963" lon="127.437173"/><trkpt lat="36.301964" lon="127.437194"/><trkpt lat="36.30197" lon="127.437209"/><trkpt lat="36.301994" lon="127.437241"/></trkseg>
<trkseg><trkpt lat="36.30201" lon="127.436754"/><trkpt lat="36.301991" lon="127.436974"/></trkseg>
<trkseg><trkpt lat="36.302232" lon="127.437334"/><trkpt lat="36.30209" lon="127.437234"/><trkpt lat="36.302073" lon="127.437217"/><trkpt lat="36.302059" lon="127.437195"/><trkpt lat="36.302046" lon="127.437159"/><trkpt lat="36.301991" lon="127.436974"/></trkseg>
<trkseg><trkpt lat="36.302232" lon="127.437334"/><trkpt lat="36.301994" lon="127.437241"/></trkseg>
<trkseg><trkpt lat="36.302875" lon="127.437502"/><trkpt lat="36.302858" lon="127.437502"/><trkpt lat="36.302821" lon="127.437509"/><trkpt lat="36.302777" lon="127.43753"/><trkpt lat="36.302742" lon="127.437555"/><trkpt lat="36.302708" lon="127.437568"/><trkpt lat="36.302672" lon="127.437566"/><trkpt lat="36.302634" lon="127.437559"/><trkpt lat="36.302571" lon="127.437541"/><trkpt lat="36.302534" lon="127.437527"/><trkpt lat="36.302498" lon="127.437508"/><trkpt lat="36.302232" lon="127.437334"/></trkseg>
<trkseg><trkpt lat="36.302232" lon="127.437334"/><trkpt lat="36.302072" lon="127.437403"/></trkseg>
<trkseg><trkpt lat="36.302072" lon="127.437403"/><trkpt lat="36.302254" lon="127.437646"/><trkpt lat="36.302275" lon="127.437676"/><trkpt lat="36.302289" lon="127.437707"/><trkpt lat="36.302287" lon="127.437739"/><trkpt lat="36.302272" lon="127.437771"/><trkpt lat="36.302245" lon="127.437814"/><trkpt lat="36.302165" lon="127.437932"/></trkseg>
<trkseg><trkpt lat="36.302165" lon="127.437932"/><trkpt lat="36.302226" lon="127.437957"/><trkpt lat="36.302288" lon="127.437983"/><trkpt lat="36.302322" lon="127.438002"/><trkpt lat="36.30235" lon="127.438028"/><trkpt lat="36.302368" lon="127.438064"/><trkpt lat="36.302405" lon="127.438167"/><trkpt lat="36.302453" lon="127.438288"/><trkpt lat="36.302479" lon="127.438346"/><trkpt lat="36.302502" lon="127.438382"/><trkpt lat="36.302532" lon="127.438402"/><trkpt lat="36.30257" lon="127.43841"/><trkpt lat="36.302664" lon="127.438417"/><trkpt lat="36.302703" lon="127.438423"/><trkpt lat="36.302742" lon="127.438434"/><trkpt lat="36.302778" lon="127.438455"/><trkpt lat="36.302965" lon="127.438587"/><trkpt lat="36.30314" lon="127.438712"/><trkpt lat="36.303173" lon="127.438738"/><trkpt lat="36.3032" lon="127.438771"/><trkpt lat="36.303213" lon="127.438821"/><trkpt lat="36.303217" lon="127.438876"/><trkpt lat="36.303218" lon="127.438912"/></trkseg>
<trkseg><trkpt lat="36.302781" lon="127.438189"/><trkpt lat="36.302857" lon="127.438137"/><trkpt lat="36.30287" lon="127.438124"/><trkpt lat="36.302878" lon="127.438107"/><trkpt lat="36.302879" lon="127.438087"/><trkpt lat="36.302871" lon="127.438012"/><trkpt lat="36.302869" lon="127.437974"/><trkpt lat="36.302872" lon="127.437953"/><trkpt lat="36.302881" lon="127.437931"/><trkpt lat="36.30291" lon="127.437884"/></trkseg>
<trkseg><trkpt lat="36.302374" lon="127.438094"/><trkpt lat="36.302386" lon="127.438085"/><trkpt lat="36.302415" lon="127.438082"/><trkpt lat="36.302446" lon="127.438097"/><trkpt lat="36.302501" lon="127.438154"/><trkpt lat="36.302602" lon="127.438263"/><trkpt lat="36.302626" lon="127.438282"/><trkpt lat="36.302649" lon="127.438288"/><trkpt lat="36.302674" lon="127.438278"/><trkpt lat="36.302708" lon="127.438252"/><trkpt lat="36.302781" lon="127.438189"/></trkseg>
<trkseg><trkpt lat="36.302781" lon="127.438189"/><trkpt lat="36.302756" lon="127.438144"/><trkpt lat="36.302725" lon="127.438101"/><trkpt lat="36.302689" lon="127.438072"/><trkpt lat="36.302639" lon="127.438054"/><trkpt lat="36.302511" lon="127.438015"/><trkpt lat="36.302475" lon="127.437998"/><trkpt lat="36.302444" lon="127.437976"/><trkpt lat="36.302406" lon="127.437944"/><trkpt lat="36.302373" lon="127.43793"/><trkpt lat="36.302335" lon="127.437926"/><trkpt lat="36.302281" lon="127.437927"/><trkpt lat="36.302165" lon="127.437932"/></trkseg>
<trkseg><trkpt lat="36.296183" lon="127.440261"/><trkpt lat="36.29586" lon="127.440171"/></trkseg>
<trkseg><trkpt lat="36.298417" lon="127.440745"/><trkpt lat="36.297675" lon="127.440299"/><trkpt lat="36.297626" lon="127.440273"/><trkpt lat="36.297575" lon="127.440253"/><trkpt lat="36.297094" lon="127.440092"/><trkpt lat="36.297042" lon="127.440077"/><trkpt lat="36.297003" lon="127.440072"/><trkpt lat="36.296964" lon="127.440077"/><trkpt lat="36.296925" lon="127.440089"/><trkpt lat="36.29646" lon="127.440257"/><trkpt lat="36.296395" lon="127.440278"/><trkpt lat="36.296356" lon="127.440284"/><trkpt lat="36.296316" lon="127.440282"/><trkpt lat="36.296183" lon="127.440261"/></trkseg>
<trkseg><trkpt lat="36.29586" lon="127.440171"/><trkpt lat="36.295491" lon="127.440126"/></trkseg>
<trkseg><trkpt lat="36.295491" lon="127.440126"/><trkpt lat="36.295444" lon="127.440243"/><trkpt lat="36.295433" lon="127.440263"/><trkpt lat="36.29542" lon="127.440278"/><trkpt lat="36.295398" lon="127.440293"/><trkpt lat="36.295345" lon="127.440324"/><trkpt lat="36.295316" lon="127.440337"/><trkpt lat="36.295295" lon="127.440339"/><trkpt lat="36.29527" lon="127.440333"/><trkpt lat="36.295246" lon="127.440326"/></trkseg>
<trkseg><trkpt lat="36.295491" lon="127.440126"/><trkpt lat="36.295476" lon="127.440087"/><trkpt lat="36.295458" lon="127.44005"/><trkpt lat="36.295437" lon="127.440029"/><trkpt lat="36.295414" lon="127.440024"/><trkpt lat="36.295389" lon="127.440025"/><trkpt lat="36.295365" lon="127.440033"/><trkpt lat="36.295342" lon="127.440049"/><trkpt lat="36.295291" lon="127.440096"/><trkpt lat="36.295265" lon="127.440125"/><trkpt lat="36.295252" lon="127.440151"/><trkpt lat="36.295247" lon="127.440181"/><trkpt lat="36.295246" lon="127.440214"/><trkpt lat="36.295246" lon="127.440326"/></trkseg>
<trkseg><trkpt lat="36.295246" lon="127.440326"/><trkpt lat="36.295115" lon="127.440774"/></trkseg>
<trkseg><trkpt lat="36.29364" lon="127.439783"/><trkpt lat="36.293666" lon="127.439797"/><trkpt lat="36.293706" lon="127.439808"/><trkpt lat="36.293753" lon="127.439802"/><trkpt lat="36.293863" lon="127.439748"/><trkpt lat="36.293913" lon="127.439726"/><trkpt lat="36.29395" lon="127.43972"/><trkpt lat="36.293987" lon="127.439724"/><trkpt lat="36.294036" lon="127.439737"/><trkpt lat="36.294073" lon="127.43975"/><trkpt lat="36.294107" lon="127.439769"/><trkpt lat="36.29414" lon="127.439797"/><trkpt lat="36.294306" lon="127.439964"/><trkpt lat="36.294607" lon="127.440266"/><trkpt lat="36.29465" lon="127.440304"/><trkpt lat="36.294684" lon="127.440328"/><trkpt lat="36.294847" lon="127.440427"/><trkpt lat="36.294892" lon="127.440459"/><trkpt lat="36.294921" lon="127.440489"/><trkpt lat="36.294956" lon="127.440537"/><trkpt lat="36.295115" lon="127.440774"/></trkseg>
<trkseg><trkpt lat="36.295115" lon="127.440774"/><trkpt lat="36.295052" lon="127.440657"/><trkpt lat="36.295034" lon="127.440613"/><trkpt lat="36.295023" lon="127.440567"/><trkpt lat="36.295008" lon="127.440453"/><trkpt lat="36.295" lon="127.440404"/><trkpt lat="36.294987" lon="127.440359"/><trkpt lat="36.294948" lon="127.440272"/><trkpt lat="36.294664" lon="127.439685"/><trkpt lat="36.294634" lon="127.43963"/><trkpt lat="36.294592" lon="127.439565"/><trkpt lat="36.294326" lon="127.439167"/><trkpt lat="36.29429" lon="127.439117"/><trkpt lat="36.294261" lon="127.439085"/><trkpt lat="36.294209" lon="127.439038"/><trkpt lat="36.294126" lon="127.438963"/><trkpt lat="36.294095" lon="127.438927"/><trkpt lat="36.294068" lon="127.438877"/><trkpt lat="36.294052" lon="127.438834"/><trkpt lat="36.294049" lon="127.438824"/></trkseg>
<trkseg><trkpt lat="36.294049" lon="127.438824"/><trkpt lat="36.293939" lon="127.438764"/><trkpt lat="36.293902" lon="127.438741"/><trkpt lat="36.293868" lon="127.438714"/><trkpt lat="36.293814" lon="127.438665"/><trkpt lat="36.293593" lon="127.43845"/><trkpt lat="36.293551" lon="127.438412"/><trkpt lat="36.293518" lon="127.438392"/><trkpt lat="36.293485" lon="127.438387"/><trkpt lat="36.293442" lon="127.438386"/><trkpt lat="36.293411" lon="127.438368"/><trkpt lat="36.293382" lon="127.43834"/><trkpt lat="36.293335" lon="127.438285"/><trkpt lat="36.29329" lon="127.438227"/><trkpt lat="36.293267" lon="127.438189"/><trkpt lat="36.293248" lon="127.438146"/><trkpt lat="36.29319" lon="127.437999"/><trkpt lat="36.293171" lon="127.437957"/><trkpt lat="36.293146" lon="127.437919"/><trkpt lat="36.293108" lon="127.437874"/><trkpt lat="36.292927" lon="127.437678"/><trkpt lat="36.292879" lon="127.437622"/><trkpt lat="36.292852" lon="127.437585"/><trkpt lat="36.292807" lon="127.437509"/><trkpt lat="36.292758" lon="127.437422"/></trkseg>
<trkseg><trkpt lat="36.294049" lon="127.438824"/><trkpt lat="36.293989" lon="127.43888"/><trkpt lat="36.293954" lon="127.438919"/><trkpt lat="36.293929" lon="127.438959"/><trkpt lat="36.293901" lon="127.439015"/><trkpt lat="36.293876" lon="127.439072"/><trkpt lat="36.293863" lon="127.439117"/><trkpt lat="36.29386" lon="127.439164"/><trkpt lat="36.29386" lon="127.439244"/><trkpt lat="36.293854" lon="127.439289"/><trkpt lat="36.293837" lon="127.439329"/><trkpt lat="36.293805" lon="127.439379"/><trkpt lat="36.293728" lon="127.439489"/><trkpt lat="36.293706" lon="127.439529"/><trkpt lat="36.293691" lon="127.439571"/><trkpt lat="36.293678" lon="127.439616"/><trkpt lat="36.29364" lon="127.439783"/></trkseg>
<trkseg><trkpt lat="36.290922" lon="127.439053"/><trkpt lat="36.290911" lon="127.439226"/><trkpt lat="36.290911" lon="127.439271"/><trkpt lat="36.290916" lon="127.439312"/><trkpt lat="36.290926" lon="127.439363"/><trkpt lat="36.29092" lon="127.439406"/><trkpt lat="36.290895" lon="127.439498"/><trkpt lat="36.290856" lon="127.439622"/><trkpt lat="36.290839" lon="127.439665"/><trkpt lat="36.290815" lon="127.439699"/><trkpt lat="36.290781" lon="127.439722"/><trkpt lat="36.290718" lon="127.439752"/><trkpt lat="36.29059" lon="127.439806"/><trkpt lat="36.290554" lon="127.439816"/><trkpt lat="36.290522" lon="127.439808"/><trkpt lat="36.290496" lon="127.439781"/><trkpt lat="36.290455" lon="127.439723"/><trkpt lat="36.290426" lon="127.439693"/><trkpt lat="36.290392" lon="127.439669"/><trkpt lat="36.29022" lon="127.439578"/><trkpt lat="36.290085" lon="127.439509"/><trkpt lat="36.290047" lon="127.439493"/><trkpt lat="36.290009" lon="127.439486"/><trkpt lat="36.28997" lon="127.439488"/><trkpt lat="36.289811" lon="127.439517"/><trkpt lat="36.289625" lon="127.439552"/><trkpt lat="36.289586" lon="127.439564"/><trkpt lat="36.289549" lon="127.439581"/><trkpt lat="36.289355" lon="127.439691"/><trkpt lat="36.289296" lon="127.439727"/><trkpt lat="36.289264" lon="127.439753"/><trkpt lat="36.28924" lon="127.439788"/><trkpt lat="36.289222" lon="127.439831"/><trkpt lat="36.289181" lon="127.439952"/><trkpt lat="36.289164" lon="127.439996"/><trkpt lat="36.289143" lon="127.440037"/><trkpt lat="36.289119" lon="127.440074"/><trkpt lat="36.289025" lon="127.440209"/><trkpt lat="36.289003" lon="127.440248"/><trkpt lat="36.288985" lon="127.44029"/><trkpt lat="36.288964" lon="127.440368"/><trkpt lat="36.288893" lon="127.440669"/><trkpt lat="36.288884" lon="127.440716"/><trkpt lat="36.288882" lon="127.440763"/><trkpt lat="36.288889" lon="127.440837"/><trkpt lat="36.288892" lon="127.440881"/><trkpt lat="36.288886" lon="127.440926"/><trkpt lat="36.288872" lon="127.440971"/><trkpt lat="36.28879" lon="127.441177"/><trkpt lat="36.288691" lon="127.441428"/><trkpt lat="36.288677" lon="127.441473"/><trkpt lat="36.28867" lon="127.441517"/><trkpt lat="36.288677" lon="127.441572"/><trkpt lat="36.288678" lon="127.441611"/><trkpt lat="36.288664" lon="127.441649"/><trkpt lat="36.28864" lon="127.441685"/><trkpt lat="36.288593" lon="127.441744"/><trkpt lat="36.288411" lon="127.441967"/><trkpt lat="36.288387" lon="127.442003"/><trkpt lat="36.288372" lon="127.442041"/><trkpt lat="36.288376" lon="127.442082"/><trkpt lat="36.288389" lon="127.442125"/><trkpt lat="36.288428" lon="127.442228"/><trkpt lat="36.28844" lon="127.442274"/><trkpt lat="36.288447" lon="127.442322"/><trkpt lat="36.28846" lon="127.442437"/><trkpt lat="36.288467" lon="127.442485"/><trkpt lat="36.288481" lon="127.442529"/><trkpt lat="36.2885" lon="127.442571"/><trkpt lat="36.288584" lon="127.442737"/><trkpt lat="36.288603" lon="127.442779"/><trkpt lat="36.288617" lon="127.442823"/><trkpt lat="36.288624" lon="127.442869"/><trkpt lat="36.288628" lon="127.442932"/><trkpt lat="36.288628" lon="127.442979"/><trkpt lat="36.28862" lon="127.443024"/><trkpt lat="36.288604" lon="127.443066"/><trkpt lat="36.288569" lon="127.443134"/><trkpt lat="36.288532" lon="127.4432"/><trkpt lat="36.288506" lon="127.443235"/><trkpt lat="36.288475" lon="127.443263"/><trkpt lat="36.288441" lon="127.443284"/><trkpt lat="36.288405" lon="127.4433"/><trkpt lat="36.288368" lon="127.443302"/><trkpt lat="36.288331" lon="127.443295"/><trkpt lat="36.288229" lon="127.443267"/><trkpt lat="36.288191" lon="127.44326"/><trkpt lat="36.288153" lon="127.443262"/><trkpt lat="36.288104" lon="127.443275"/><trkpt lat="36.287989" lon="127.443315"/><trkpt lat="36.28798" lon="127.443318"/></trkseg>
<trkseg><trkpt lat="36.290922" lon="127.439053"/><trkpt lat="36.290954" lon="127.439037"/><trkpt lat="36.291001" lon="127.439018"/><trkpt lat="36.291043" lon="127.439016"/><trkpt lat="36.29107" lon="127.43904"/><trkpt lat="36.291094" lon="127.439075"/><trkpt lat="36.291219" lon="127.439284"/><trkpt lat="36.291239" lon="127.439324"/><trkpt lat="36.291254" lon="127.439364"/><trkpt lat="36.291257" lon="127.439418"/><trkpt lat="36.291262" lon="127.439452"/><trkpt lat="36.291283" lon="127.43947"/><trkpt lat="36.29132" lon="127.439464"/><trkpt lat="36.29135" lon="127.439463"/><trkpt lat="36.291383" lon="127.439478"/><trkpt lat="36.291427" lon="127.439511"/><trkpt lat="36.291504" lon="127.439576"/><trkpt lat="36.291557" lon="127.439625"/><trkpt lat="36.291769" lon="127.439856"/><trkpt lat="36.292044" lon="127.440154"/><trkpt lat="36.292082" lon="127.440198"/><trkpt lat="36.292102" lon="127.440234"/><trkpt lat="36.292103" lon="127.440272"/><trkpt lat="36.292091" lon="127.440312"/><trkpt lat="36.292059" lon="127.440383"/><trkpt lat="36.291965" lon="127.440579"/><trkpt lat="36.29195" lon="127.44062"/><trkpt lat="36.291946" lon="127.440658"/><trkpt lat="36.291961" lon="127.440693"/><trkpt lat="36.291988" lon="127.440741"/><trkpt lat="36.291998" lon="127.440784"/><trkpt lat="36.292006" lon="127.440858"/><trkpt lat="36.292018" lon="127.440892"/><trkpt lat="36.292044" lon="127.440908"/><trkpt lat="36.292101" lon="127.440918"/><trkpt lat="36.292135" lon="127.440928"/><trkpt lat="36.292162" lon="127.440951"/><trkpt lat="36.292185" lon="127.440987"/><trkpt lat="36.292215" lon="127.441052"/><trkpt lat="36.292253" lon="127.441142"/></trkseg>
<trkseg><trkpt lat="36.292253" lon="127.441142"/><trkpt lat="36.292254" lon="127.44106"/><trkpt lat="36.292257" lon="127.440978"/><trkpt lat="36.292263" lon="127.440931"/><trkpt lat="36.292279" lon="127.440892"/><trkpt lat="36.292305" lon="127.440859"/><trkpt lat="36.292358" lon="127.44081"/><trkpt lat="36.292628" lon="127.440573"/><trkpt lat="36.292669" lon="127.440533"/><trkpt lat="36.292698" lon="127.4405"/><trkpt lat="36.292724" lon="127.440463"/><trkpt lat="36.292886" lon="127.440202"/><trkpt lat="36.292928" lon="127.440138"/><trkpt lat="36.292955" lon="127.440104"/><trkpt lat="36.292987" lon="127.440081"/><trkpt lat="36.293023" lon="127.440066"/><trkpt lat="36.29315" lon="127.440027"/><trkpt lat="36.293212" lon="127.440006"/><trkpt lat="36.293247" lon="127.439988"/><trkpt lat="36.293276" lon="127.43996"/><trkpt lat="36.293301" lon="127.439924"/><trkpt lat="36.293347" lon="127.439846"/><trkpt lat="36.293371" lon="127.439812"/><trkpt lat="36.2934" lon="127.439794"/><trkpt lat="36.293433" lon="127.439795"/><trkpt lat="36.293504" lon="127.439812"/><trkpt lat="36.293547" lon="127.439813"/><trkpt lat="36.293595" lon="127.4398"/><trkpt lat="36.29364" lon="127.439783"/></trkseg>
<trkseg><trkpt lat="36.306247" lon="127.440992"/><trkpt lat="36.305787" lon="127.441236"/><trkpt lat="36.305737" lon="127.441258"/><trkpt lat="36.305291" lon="127.441426"/><trkpt lat="36.305086" lon="127.441502"/><trkpt lat="36.305036" lon="127.441524"/><trkpt lat="36.305005" lon="127.441549"/><trkpt lat="36.304981" lon="127.44158"/><trkpt lat="36.304962" lon="127.441615"/><trkpt lat="36.304953" lon="127.441652"/><trkpt lat="36.304962" lon="127.441692"/><trkpt lat="36.304981" lon="127.441732"/><trkpt lat="36.305088" lon="127.441919"/><trkpt lat="36.305164" lon="127.442052"/></trkseg>
<trkseg><trkpt lat="36.305164" lon="127.442052"/><trkpt lat="36.304783" lon="127.441954"/><trkpt lat="36.304718" lon="127.441936"/><trkpt lat="36.304683" lon="127.441919"/><trkpt lat="36.304656" lon="127.441889"/><trkpt lat="36.304635" lon="127.441849"/><trkpt lat="36.304555" lon="127.441656"/><trkpt lat="36.304511" lon="127.441553"/><trkpt lat="36.304489" lon="127.44151"/><trkpt lat="36.304415" lon="127.441391"/><trkpt lat="36.304355" lon="127.441302"/><trkpt lat="36.304327" lon="127.441267"/><trkpt lat="36.304295" lon="127.441242"/><trkpt lat="36.304259" lon="127.441223"/><trkpt lat="36.304084" lon="127.441152"/><trkpt lat="36.303845" lon="127.441054"/><trkpt lat="36.303809" lon="127.441035"/><trkpt lat="36.303775" lon="127.441011"/><trkpt lat="36.303732" lon="127.440972"/><trkpt lat="36.303659" lon="127.440901"/><trkpt lat="36.303626" lon="127.440876"/><trkpt lat="36.303592" lon="127.440862"/><trkpt lat="36.303554" lon="127.440863"/><trkpt lat="36.30349" lon="127.440875"/><trkpt lat="36.303413" lon="127.440894"/><trkpt lat="36.303378" lon="127.440906"/><trkpt lat="36.30335" lon="127.440924"/><trkpt lat="36.303331" lon="127.44095"/><trkpt lat="36.303303" lon="127.440972"/><trkpt lat="36.303257" lon="127.440994"/><trkpt lat="36.303194" lon="127.441018"/><trkpt lat="36.303156" lon="127.441029"/><trkpt lat="36.303116" lon="127.441035"/><trkpt lat="36.303049" lon="127.441037"/><trkpt lat="36.303009" lon="127.441033"/><trkpt lat="36.302974" lon="127.441021"/><trkpt lat="36.302941" lon="127.441001"/><trkpt lat="36.302913" lon="127.440972"/><trkpt lat="36.302889" lon="127.440934"/><trkpt lat="36.302777" lon="127.440708"/><trkpt lat="36.302713" lon="127.440582"/><trkpt lat="36.30269" lon="127.440543"/><trkpt lat="36.302662" lon="127.440508"/><trkpt lat="36.302621" lon="127.440466"/><trkpt lat="36.302526" lon="127.440375"/><trkpt lat="36.302497" lon="127.440341"/><trkpt lat="36.302475" lon="127.440303"/><trkpt lat="36.302424" lon="127.440191"/><trkpt lat="36.302389" lon="127.440104"/><trkpt lat="36.302375" lon="127.44006"/><trkpt lat="36.302362" lon="127.439988"/><trkpt lat="36.302355" lon="127.439959"/><trkpt lat="36.30234" lon="127.43996"/><trkpt lat="36.302304" lon="127.440004"/><trkpt lat="36.302277" lon="127.440017"/><trkpt lat="36.302243" lon="127.440002"/><trkpt lat="36.302201" lon="127.43997"/><trkpt lat="36.302163" lon="127.439935"/></trkseg>
<trkseg><trkpt lat="36.296756" lon="127.441189"/><trkpt lat="36.296808" lon="127.441135"/><trkpt lat="36.296843" lon="127.441088"/><trkpt lat="36.296865" lon="127.441045"/><trkpt lat="36.296889" lon="127.440985"/><trkpt lat="36.29691" lon="127.440923"/><trkpt lat="36.296923" lon="127.440877"/><trkpt lat="36.296925" lon="127.440832"/><trkpt lat="36.296919" lon="127.440791"/><trkpt lat="36.296903" lon="127.440752"/><trkpt lat="36.296878" lon="127.440716"/><trkpt lat="36.296824" lon="127.440648"/><trkpt lat="36.296795" lon="127.440617"/><trkpt lat="36.296765" lon="127.440594"/><trkpt lat="36.296732" lon="127.440587"/><trkpt lat="36.296696" lon="127.440593"/><trkpt lat="36.296609" lon="127.440622"/><trkpt lat="36.296571" lon="127.440632"/><trkpt lat="36.296533" lon="127.440635"/><trkpt lat="36.296495" lon="127.440628"/><trkpt lat="36.296457" lon="127.440617"/><trkpt lat="36.296419" lon="127.440603"/><trkpt lat="36.296383" lon="127.440583"/><trkpt lat="36.29635" lon="127.440559"/><trkpt lat="36.296319" lon="127.44053"/><trkpt lat="36.296295" lon="127.440494"/><trkpt lat="36.296268" lon="127.44044"/><trkpt lat="36.296183" lon="127.440261"/></trkseg>
<trkseg><trkpt lat="36.295115" lon="127.440774"/><trkpt lat="36.29516" lon="127.440787"/><trkpt lat="36.295207" lon="127.440806"/><trkpt lat="36.295243" lon="127.440831"/><trkpt lat="36.295287" lon="127.440877"/><trkpt lat="36.295316" lon="127.440899"/><trkpt lat="36.295353" lon="127.440913"/><trkpt lat="36.295417" lon="127.440928"/><trkpt lat="36.295862" lon="127.441019"/><trkpt lat="36.295914" lon="127.441028"/><trkpt lat="36.295966" lon="127.441031"/><trkpt lat="36.29616" lon="127.441034"/><trkpt lat="36.296212" lon="127.441039"/><trkpt lat="36.29625" lon="127.441048"/><trkpt lat="36.296462" lon="127.441122"/></trkseg>
<trkseg><trkpt lat="36.29364" lon="127.439783"/><trkpt lat="36.293603" lon="127.43997"/><trkpt lat="36.293592" lon="127.440015"/><trkpt lat="36.293576" lon="127.440058"/><trkpt lat="36.29354" lon="127.440127"/><trkpt lat="36.29352" lon="127.440169"/><trkpt lat="36.293508" lon="127.440212"/><trkpt lat="36.293505" lon="127.440256"/><trkpt lat="36.293508" lon="127.440302"/><trkpt lat="36.293514" lon="127.440346"/><trkpt lat="36.293527" lon="127.440388"/><trkpt lat="36.293555" lon="127.440439"/><trkpt lat="36.293573" lon="127.440479"/><trkpt lat="36.293581" lon="127.440524"/><trkpt lat="36.293582" lon="127.440572"/><trkpt lat="36.293584" lon="127.440669"/><trkpt lat="36.293591" lon="127.440717"/><trkpt lat="36.293613" lon="127.440809"/><trkpt lat="36.293694" lon="127.4411"/><trkpt lat="36.29371" lon="127.441145"/><trkpt lat="36.293756" lon="127.441245"/><trkpt lat="36.29398" lon="127.441712"/><trkpt lat="36.293997" lon="127.441756"/><trkpt lat="36.294015" lon="127.441817"/><trkpt lat="36.294108" lon="127.442175"/><trkpt lat="36.294127" lon="127.442253"/><trkpt lat="36.294133" lon="127.442298"/><trkpt lat="36.294128" lon="127.442338"/><trkpt lat="36.294096" lon="127.442397"/><trkpt lat="36.294081" lon="127.442434"/><trkpt lat="36.294078" lon="127.442477"/><trkpt lat="36.294084" lon="127.442521"/><trkpt lat="36.294104" lon="127.442629"/><trkpt lat="36.294109" lon="127.442674"/><trkpt lat="36.294105" lon="127.442718"/><trkpt lat="36.294089" lon="127.442761"/><trkpt lat="36.294047" lon="127.442844"/><trkpt lat="36.293886" lon="127.443147"/><trkpt lat="36.293867" lon="127.443189"/><trkpt lat="36.293855" lon="127.443234"/><trkpt lat="36.293851" lon="127.443282"/><trkpt lat="36.293853" lon="127.443415"/><trkpt lat="36.293853" lon="127.44348"/><trkpt lat="36.293848" lon="127.443527"/><trkpt lat="36.293832" lon="127.443567"/><trkpt lat="36.293796" lon="127.443628"/><trkpt lat="36.293782" lon="127.443667"/><trkpt lat="36.29378" lon="127.443711"/><trkpt lat="36.293787" lon="127.443787"/><trkpt lat="36.293797" lon="127.443865"/><trkpt lat="36.293808" lon="127.44391"/><trkpt lat="36.293823" lon="127.443954"/><trkpt lat="36.293841" lon="127.443997"/><trkpt lat="36.293862" lon="127.444038"/><trkpt lat="36.293889" lon="127.444075"/><trkpt lat="36.293938" lon="127.444133"/><trkpt lat="36.293988" lon="127.444187"/><trkpt lat="36.294018" lon="127.444211"/><trkpt lat="36.294046" lon="127.444214"/><trkpt lat="36.294073" lon="127.44419"/><trkpt lat="36.294099" lon="127.444155"/><trkpt lat="36.29422" lon="127.443976"/><trkpt lat="36.294349" lon="127.443786"/></trkseg>
<trkseg><trkpt lat="36.284395" lon="127.416722"/><trkpt lat="36.284107" lon="127.416837"/><trkpt lat="36.284069" lon="127.41685"/><trkpt lat="36.28403" lon="127.416858"/><trkpt lat="36.28395" lon="127.416865"/><trkpt lat="36.283789" lon="127.416876"/><trkpt lat="36.28375" lon="127.416874"/><trkpt lat="36.283711" lon="127.416865"/><trkpt lat="36.283662" lon="127.416843"/><trkpt lat="36.283206" lon="127.416612"/></trkseg>
<trkseg><trkpt lat="36.28258" lon="127.41616"/><trkpt lat="36.282643" lon="127.416167"/><trkpt lat="36.28269" lon="127.416181"/><trkpt lat="36.282726" lon="127.416207"/><trkpt lat="36.282787" lon="127.41627"/><trkpt lat="36.283051" lon="127.416555"/><trkpt lat="36.283083" lon="127.416584"/><trkpt lat="36.283127" lon="127.416605"/><trkpt lat="36.283174" lon="127.416612"/><trkpt lat="36.283206" lon="127.416612"/></trkseg>
<trkseg><trkpt lat="36.282495" lon="127.415562"/><trkpt lat="36.282608" lon="127.415963"/><trkpt lat="36.282615" lon="127.415998"/><trkpt lat="36.282617" lon="127.416033"/><trkpt lat="36.282608" lon="127.416072"/><trkpt lat="36.28259" lon="127.416131"/><trkpt lat="36.28258" lon="127.41616"/></trkseg>
<trkseg><trkpt lat="36.283206" lon="127.416612"/><trkpt lat="36.283067" lon="127.41627"/><trkpt lat="36.283041" lon="127.416213"/><trkpt lat="36.283016" lon="127.416175"/><trkpt lat="36.282979" lon="127.416129"/><trkpt lat="36.282686" lon="127.415799"/><trkpt lat="36.282649" lon="127.415753"/><trkpt lat="36.282626" lon="127.415716"/><trkpt lat="36.282596" lon="127.415654"/><trkpt lat="36.282567" lon="127.415615"/><trkpt lat="36.282526" lon="127.415582"/><trkpt lat="36.282495" lon="127.415562"/></trkseg>
<trkseg><trkpt lat="36.28258" lon="127.41616"/><trkpt lat="36.282525" lon="127.416196"/><trkpt lat="36.28248" lon="127.416219"/><trkpt lat="36.28244" lon="127.416229"/><trkpt lat="36.282362" lon="127.416238"/><trkpt lat="36.282324" lon="127.416247"/><trkpt lat="36.282288" lon="127.416264"/><trkpt lat="36.282242" lon="127.416293"/><trkpt lat="36.282058" lon="127.416418"/><trkpt lat="36.282012" lon="127.416446"/><trkpt lat="36.281976" lon="127.416459"/><trkpt lat="36.281938" lon="127.41646"/><trkpt lat="36.281899" lon="127.416453"/><trkpt lat="36.281637" lon="127.41639"/><trkpt lat="36.281545" lon="127.41637"/><trkpt lat="36.281506" lon="127.416366"/><trkpt lat="36.2814" lon="127.416361"/><trkpt lat="36.281321" lon="127.416361"/><trkpt lat="36.281281" lon="127.416363"/><trkpt lat="36.281244" lon="127.416371"/><trkpt lat="36.281105" lon="127.416411"/><trkpt lat="36.281043" lon="127.416428"/><trkpt lat="36.281005" lon="127.416432"/><trkpt lat="36.280967" lon="127.416428"/><trkpt lat="36.280916" lon="127.416415"/><trkpt lat="36.280713" lon="127.416353"/><trkpt lat="36.280675" lon="127.416345"/><trkpt lat="36.280637" lon="127.416344"/><trkpt lat="36.2806" lon="127.416354"/><trkpt lat="36.280567" lon="127.416375"/><trkpt lat="36.280538" lon="127.416406"/><trkpt lat="36.280493" lon="127.416464"/><trkpt lat="36.280441" lon="127.416537"/><trkpt lat="36.280418" lon="127.416575"/><trkpt lat="36.2804" lon="127.416618"/><trkpt lat="36.280356" lon="127.416751"/><trkpt lat="36.280339" lon="127.416794"/><trkpt lat="36.280318" lon="127.416834"/><trkpt lat="36.280292" lon="127.416871"/><trkpt lat="36.280124" lon="127.417062"/><trkpt lat="36.280084" lon="127.417103"/><trkpt lat="36.280051" lon="127.417124"/><trkpt lat="36.280015" lon="127.417126"/><trkpt lat="36.279977" lon="127.417119"/><trkpt lat="36.279758" lon="127.417056"/><trkpt lat="36.279694" lon="127.417041"/><trkpt lat="36.279655" lon="127.417038"/><trkpt lat="36.279603" lon="127.417043"/><trkpt lat="36.279409" lon="127.417079"/><trkpt lat="36.279359" lon="127.417093"/><trkpt lat="36.279324" lon="127.417111"/><trkpt lat="36.279293" lon="127.41714"/><trkpt lat="36.279158" lon="127.417297"/><trkpt lat="36.279024" lon="127.417456"/><trkpt lat="36.278998" lon="127.417492"/><trkpt lat="36.278976" lon="127.417533"/><trkpt lat="36.278936" lon="127.417618"/><trkpt lat="36.278751" lon="127.418036"/><trkpt lat="36.278725" lon="127.418089"/><trkpt lat="36.278703" lon="127.418119"/><trkpt lat="36.278668" lon="127.418132"/><trkpt lat="36.278635" lon="127.418145"/><trkpt lat="36.278601" lon="127.418166"/><trkpt lat="36.27857" lon="127.418194"/><trkpt lat="36.278544" lon="127.418229"/><trkpt lat="36.27852" lon="127.418267"/><trkpt lat="36.2785" lon="127.418309"/><trkpt lat="36.278471" lon="127.418383"/><trkpt lat="36.278277" lon="127.418892"/><trkpt lat="36.278257" lon="127.418953"/><trkpt lat="36.278246" lon="127.419"/><trkpt lat="36.27823" lon="127.419098"/><trkpt lat="36.278022" lon="127.420594"/></trkseg>
<trkseg><trkpt lat="36.283549" lon="127.424915"/><trkpt lat="36.283708" lon="127.424922"/><trkpt lat="36.28374" lon="127.424951"/><trkpt lat="36.283763" lon="127.424982"/><trkpt lat="36.283767" lon="127.42502"/><trkpt lat="36.283757" lon="127.425064"/><trkpt lat="36.283731" lon="127.425139"/><trkpt lat="36.283658" lon="127.425284"/><trkpt lat="36.283646" lon="127.425328"/><trkpt lat="36.283644" lon="127.42537"/><trkpt lat="36.283661" lon="127.425407"/><trkpt lat="36.283715" lon="127.425464"/><trkpt lat="36.283764" lon="127.42552"/><trkpt lat="36.283788" lon="127.425556"/><trkpt lat="36.283798" lon="127.425598"/><trkpt lat="36.283798" lon="127.425644"/><trkpt lat="36.283784" lon="127.425804"/><trkpt lat="36.283731" lon="127.426011"/><trkpt lat="36.283722" lon="127.426056"/><trkpt lat="36.283704" lon="127.426095"/><trkpt lat="36.283675" lon="127.426127"/><trkpt lat="36.283625" lon="127.426219"/><trkpt lat="36.283739" lon="127.426241"/><trkpt lat="36.283776" lon="127.426234"/><trkpt lat="36.283808" lon="127.426243"/><trkpt lat="36.283835" lon="127.426271"/><trkpt lat="36.283868" lon="127.426321"/><trkpt lat="36.283985" lon="127.426519"/><trkpt lat="36.284005" lon="127.42656"/><trkpt lat="36.28402" lon="127.426607"/><trkpt lat="36.284048" lon="127.426741"/><trkpt lat="36.284296" lon="127.426642"/><trkpt lat="36.284334" lon="127.426629"/><trkpt lat="36.284399" lon="127.426615"/><trkpt lat="36.284831" lon="127.426536"/><trkpt lat="36.284883" lon="127.426521"/><trkpt lat="36.285043" lon="127.426452"/><trkpt lat="36.285178" lon="127.426391"/><trkpt lat="36.285212" lon="127.426371"/><trkpt lat="36.285237" lon="127.426341"/><trkpt lat="36.285254" lon="127.426299"/><trkpt lat="36.28528" lon="127.426207"/><trkpt lat="36.285296" lon="127.426165"/><trkpt lat="36.285322" lon="127.426134"/><trkpt lat="36.285355" lon="127.426112"/><trkpt lat="36.285403" lon="127.426087"/><trkpt lat="36.285513" lon="127.426033"/><trkpt lat="36.285548" lon="127.426011"/><trkpt lat="36.28558" lon="127.425983"/><trkpt lat="36.285618" lon="127.425937"/><trkpt lat="36.285702" lon="127.42583"/><trkpt lat="36.285734" lon="127.425801"/><trkpt lat="36.285769" lon="127.425784"/><trkpt lat="36.285807" lon="127.425772"/><trkpt lat="36.285941" lon="127.425743"/><trkpt lat="36.28595" lon="127.425741"/></trkseg>
<trkseg><trkpt lat="36.285607" lon="127.418117"/><trkpt lat="36.285549" lon="127.418042"/><trkpt lat="36.285513" lon="127.418003"/><trkpt lat="36.28548" lon="127.417982"/><trkpt lat="36.285435" lon="127.417965"/><trkpt lat="36.285405" lon="127.41794"/><trkpt lat="36.285379" lon="127.417905"/><trkpt lat="36.285265" lon="127.41772"/><trkpt lat="36.285077" lon="127.417415"/><trkpt lat="36.285051" lon="127.417378"/><trkpt lat="36.285021" lon="127.417345"/><trkpt lat="36.284977" lon="127.417307"/><trkpt lat="36.284901" lon="127.41724"/><trkpt lat="36.284873" lon="127.417207"/><trkpt lat="36.284853" lon="127.417166"/><trkpt lat="36.284832" lon="127.417105"/><trkpt lat="36.284756" lon="127.416855"/><trkpt lat="36.28474" lon="127.416812"/><trkpt lat="36.284718" lon="127.416777"/><trkpt lat="36.284686" lon="127.41676"/><trkpt lat="36.284648" lon="127.416751"/><trkpt lat="36.284497" lon="127.416734"/><trkpt lat="36.284395" lon="127.416722"/></trkseg>
<trkseg><trkpt lat="36.284395" lon="127.416722"/><trkpt lat="36.284425" lon="127.416785"/><trkpt lat="36.284438" lon="127.416834"/><trkpt lat="36.28443" lon="127.416871"/><trkpt lat="36.2844" lon="127.416913"/><trkpt lat="36.28438" lon="127.416946"/><trkpt lat="36.28437" lon="127.416986"/><trkpt lat="36.28437" lon="127.417033"/><trkpt lat="36.284377" lon="127.417129"/><trkpt lat="36.284377" lon="127.417175"/><trkpt lat="36.284368" lon="127.417212"/><trkpt lat="36.284345" lon="127.417235"/><trkpt lat="36.284302" lon="127.417266"/><trkpt lat="36.284295" lon="127.417297"/><trkpt lat="36.284303" lon="127.417338"/><trkpt lat="36.28435" lon="127.417474"/><trkpt lat="36.284369" lon="127.417536"/><trkpt lat="36.284378" lon="127.417583"/><trkpt lat="36.284377" lon="127.417631"/><trkpt lat="36.284369" lon="127.417696"/><trkpt lat="36.284353" lon="127.41781"/><trkpt lat="36.284352" lon="127.417859"/><trkpt lat="36.28436" lon="127.417922"/><trkpt lat="36.284381" lon="127.418049"/><trkpt lat="36.284386" lon="127.418098"/><trkpt lat="36.284388" lon="127.418181"/><trkpt lat="36.284386" lon="127.41848"/><trkpt lat="36.284389" lon="127.418546"/><trkpt lat="36.284398" lon="127.418592"/><trkpt lat="36.284416" lon="127.418634"/><trkpt lat="36.284455" lon="127.418718"/><trkpt lat="36.284469" lon="127.418763"/><trkpt lat="36.284484" lon="127.418842"/><trkpt lat="36.28454" lon="127.419181"/><trkpt lat="36.284548" lon="127.419245"/><trkpt lat="36.284548" lon="127.419292"/><trkpt lat="36.284537" lon="127.419337"/><trkpt lat="36.28452" lon="127.41938"/><trkpt lat="36.284361" lon="127.419739"/><trkpt lat="36.284324" lon="127.419826"/><trkpt lat="36.284309" lon="127.419871"/><trkpt lat="36.284299" lon="127.419917"/><trkpt lat="36.284285" lon="127.420011"/><trkpt lat="36.28428" lon="127.420074"/><trkpt lat="36.284281" lon="127.42012"/><trkpt lat="36.284291" lon="127.420174"/><trkpt lat="36.284289" lon="127.420212"/><trkpt lat="36.28427" lon="127.420248"/><trkpt lat="36.284243" lon="127.420283"/><trkpt lat="36.284048" lon="127.420514"/><trkpt lat="36.284001" lon="127.420573"/><trkpt lat="36.283976" lon="127.420612"/><trkpt lat="36.283916" lon="127.420721"/><trkpt lat="36.283748" lon="127.42104"/><trkpt lat="36.283724" lon="127.421079"/><trkpt lat="36.283697" lon="127.421113"/><trkpt lat="36.283664" lon="127.421136"/><trkpt lat="36.283614" lon="127.421159"/><trkpt lat="36.28333" lon="127.421272"/><trkpt lat="36.283279" lon="127.421289"/><trkpt lat="36.283241" lon="127.421292"/><trkpt lat="36.283207" lon="127.421279"/><trkpt lat="36.283131" lon="127.42127"/><trkpt lat="36.283097" lon="127.421248"/><trkpt lat="36.28302" lon="127.421245"/><trkpt lat="36.282988" lon="127.421251"/><trkpt lat="36.282958" lon="127.42127"/><trkpt lat="36.282778" lon="127.421471"/><trkpt lat="36.282749" lon="127.421535"/><trkpt lat="36.282663" lon="127.421701"/><trkpt lat="36.282558" lon="127.421923"/></trkseg>
<trkseg><trkpt lat="36.284105" lon="127.424975"/><trkpt lat="36.284226" lon="127.42497"/><trkpt lat="36.284281" lon="127.424971"/><trkpt lat="36.284318" lon="127.424979"/><trkpt lat="36.284349" lon="127.425"/><trkpt lat="36.284393" lon="127.425052"/><trkpt lat="36.284421" lon="127.42508"/><trkpt lat="36.284455" lon="127.4251"/><trkpt lat="36.284516" lon="127.425127"/><trkpt lat="36.28455" lon="127.425149"/><trkpt lat="36.284605" lon="127.425194"/><trkpt lat="36.28485" lon="127.425418"/><trkpt lat="36.284893" lon="127.425455"/><trkpt lat="36.284925" lon="127.425476"/><trkpt lat="36.284958" lon="127.425482"/><trkpt lat="36.284991" lon="127.425466"/><trkpt lat="36.285037" lon="127.425433"/><trkpt lat="36.28523" lon="127.425282"/><trkpt lat="36.285273" lon="127.425244"/><trkpt lat="36.285299" lon="127.425211"/><trkpt lat="36.285313" lon="127.425168"/><trkpt lat="36.28532" lon="127.42512"/><trkpt lat="36.285333" lon="127.425022"/><trkpt lat="36.285344" lon="127.424975"/><trkpt lat="36.285363" lon="127.424937"/><trkpt lat="36.28539" lon="127.424905"/><trkpt lat="36.28542" lon="127.424878"/><trkpt lat="36.285451" lon="127.42486"/><trkpt lat="36.285483" lon="127.424864"/><trkpt lat="36.285516" lon="127.424885"/><trkpt lat="36.285581" lon="127.424941"/><trkpt lat="36.285625" lon="127.424978"/><trkpt lat="36.28567" lon="127.425001"/><trkpt lat="36.285726" lon="127.425021"/><trkpt lat="36.285743" lon="127.425026"/></trkseg>
<trkseg><trkpt lat="36.284787" lon="127.428072"/><trkpt lat="36.284671" lon="127.428351"/><trkpt lat="36.284656" lon="127.428396"/><trkpt lat="36.284644" lon="127.428456"/><trkpt lat="36.284628" lon="127.42858"/><trkpt lat="36.284625" lon="127.428626"/><trkpt lat="36.284628" lon="127.428674"/><trkpt lat="36.284639" lon="127.42877"/><trkpt lat="36.284662" lon="127.428962"/><trkpt lat="36.284662" lon="127.429006"/><trkpt lat="36.28465" lon="127.429041"/><trkpt lat="36.284622" lon="127.429065"/><trkpt lat="36.284575" lon="127.429091"/><trkpt lat="36.284452" lon="127.429151"/><trkpt lat="36.284404" lon="127.429178"/><trkpt lat="36.284373" lon="127.429203"/><trkpt lat="36.284347" lon="127.429238"/><trkpt lat="36.284325" lon="127.429278"/><trkpt lat="36.284299" lon="127.429335"/><trkpt lat="36.284284" lon="127.42938"/><trkpt lat="36.284271" lon="127.429442"/><trkpt lat="36.284238" lon="127.429633"/><trkpt lat="36.284227" lon="127.429679"/><trkpt lat="36.284212" lon="127.429723"/><trkpt lat="36.28419" lon="127.429763"/><trkpt lat="36.284054" lon="127.429967"/><trkpt lat="36.283951" lon="127.43012"/></trkseg>
<trkseg><trkpt lat="36.283803" lon="127.427353"/><trkpt lat="36.28416" lon="127.427203"/><trkpt lat="36.284193" lon="127.427179"/><trkpt lat="36.284227" lon="127.427161"/><trkpt lat="36.284262" lon="127.427162"/><trkpt lat="36.284298" lon="127.427177"/><trkpt lat="36.284456" lon="127.42727"/><trkpt lat="36.284542" lon="127.427318"/><trkpt lat="36.284579" lon="127.427336"/><trkpt lat="36.284618" lon="127.427348"/><trkpt lat="36.284797" lon="127.427435"/><trkpt lat="36.28485" lon="127.427448"/><trkpt lat="36.284886" lon="127.427463"/><trkpt lat="36.284916" lon="127.427489"/><trkpt lat="36.28494" lon="127.427525"/><trkpt lat="36.284962" lon="127.427564"/><trkpt lat="36.28498" lon="127.427603"/><trkpt lat="36.284991" lon="127.427642"/><trkpt lat="36.284983" lon="127.427677"/><trkpt lat="36.28496" lon="127.42771"/><trkpt lat="36.28487" lon="127.427858"/><trkpt lat="36.284851" lon="127.427899"/><trkpt lat="36.284826" lon="127.427962"/><trkpt lat="36.284787" lon="127.428072"/></trkseg>
<trkseg><trkpt lat="36.283951" lon="127.43012"/><trkpt lat="36.283883" lon="127.430325"/><trkpt lat="36.283871" lon="127.43037"/><trkpt lat="36.283863" lon="127.430416"/><trkpt lat="36.283861" lon="127.43048"/><trkpt lat="36.283867" lon="127.430708"/><trkpt lat="36.283865" lon="127.430756"/><trkpt lat="36.283857" lon="127.430801"/><trkpt lat="36.28384" lon="127.430839"/><trkpt lat="36.2838" lon="127.430897"/><trkpt lat="36.283769" lon="127.430945"/><trkpt lat="36.283755" lon="127.430985"/><trkpt lat="36.283752" lon="127.431032"/><trkpt lat="36.283754" lon="127.431097"/><trkpt lat="36.283796" lon="127.431844"/><trkpt lat="36.283807" lon="127.43206"/><trkpt lat="36.283813" lon="127.432099"/><trkpt lat="36.283827" lon="127.432113"/><trkpt lat="36.283852" lon="127.432099"/><trkpt lat="36.283893" lon="127.432068"/><trkpt lat="36.283928" lon="127.432051"/><trkpt lat="36.284016" lon="127.432022"/><trkpt lat="36.284051" lon="127.432008"/><trkpt lat="36.28408" lon="127.431986"/><trkpt lat="36.284099" lon="127.431952"/><trkpt lat="36.284122" lon="127.431883"/><trkpt lat="36.284138" lon="127.431844"/><trkpt lat="36.284162" lon="127.431813"/><trkpt lat="36.284195" lon="127.43179"/><trkpt lat="36.284251" lon="127.431753"/><trkpt lat="36.284284" lon="127.431724"/><trkpt lat="36.284356" lon="127.431649"/><trkpt lat="36.284435" lon="127.43156"/><trkpt lat="36.284462" lon="127.431523"/><trkpt lat="36.284481" lon="127.431483"/><trkpt lat="36.284499" lon="127.431422"/><trkpt lat="36.284556" lon="127.431171"/></trkseg>
<trkseg><trkpt lat="36.284556" lon="127.431171"/><trkpt lat="36.284437" lon="127.431096"/><trkpt lat="36.284391" lon="127.431063"/><trkpt lat="36.28436" lon="127.431034"/><trkpt lat="36.284324" lon="127.430988"/><trkpt lat="36.284284" lon="127.430925"/><trkpt lat="36.284262" lon="127.430884"/><trkpt lat="36.284239" lon="127.430825"/><trkpt lat="36.284085" lon="127.430384"/><trkpt lat="36.284057" lon="127.430309"/><trkpt lat="36.284038" lon="127.430266"/><trkpt lat="36.284013" lon="127.430221"/><trkpt lat="36.283951" lon="127.43012"/></trkseg>
<trkseg><trkpt lat="36.287165" lon="127.390413"/><trkpt lat="36.287007" lon="127.390271"/><trkpt lat="36.28698" lon="127.390242"/><trkpt lat="36.286961" lon="127.390211"/><trkpt lat="36.286958" lon="127.39018"/><trkpt lat="36.28697" lon="127.390147"/><trkpt lat="36.286993" lon="127.390115"/><trkpt lat="36.287079" lon="127.390024"/><trkpt lat="36.287118" lon="127.389977"/><trkpt lat="36.287144" lon="127.389929"/><trkpt lat="36.287159" lon="127.389889"/><trkpt lat="36.287162" lon="127.389879"/></trkseg>
<trkseg><trkpt lat="36.287162" lon="127.389879"/><trkpt lat="36.287275" lon="127.390364"/></trkseg>
<trkseg><trkpt lat="36.288559" lon="127.390133"/><trkpt lat="36.288574" lon="127.390116"/><trkpt lat="36.288607" lon="127.390091"/><trkpt lat="36.288649" lon="127.390076"/><trkpt lat="36.288673" lon="127.390053"/><trkpt lat="36.288712" lon="127.389995"/><trkpt lat="36.288736" lon="127.389961"/><trkpt lat="36.288765" lon="127.389936"/><trkpt lat="36.288797" lon="127.389926"/><trkpt lat="36.28883" lon="127.38993"/><trkpt lat="36.288861" lon="127.389949"/><trkpt lat="36.288914" lon="127.389986"/><trkpt lat="36.28895" lon="127.39"/><trkpt lat="36.289012" lon="127.390016"/><trkpt lat="36.289062" lon="127.390025"/><trkpt lat="36.289098" lon="127.390024"/><trkpt lat="36.289132" lon="127.39001"/><trkpt lat="36.289163" lon="127.389983"/><trkpt lat="36.28921" lon="127.389932"/><trkpt lat="36.289272" lon="127.389862"/></trkseg>
<trkseg><trkpt lat="36.289272" lon="127.389862"/><trkpt lat="36.28931" lon="127.389745"/><trkpt lat="36.289323" lon="127.389693"/><trkpt lat="36.289329" lon="127.389647"/><trkpt lat="36.289328" lon="127.3896"/><trkpt lat="36.289302" lon="127.38945"/><trkpt lat="36.289304" lon="127.389404"/><trkpt lat="36.28931" lon="127.389357"/><trkpt lat="36.289325" lon="127.389264"/><trkpt lat="36.289339" lon="127.389204"/><trkpt lat="36.289356" lon="127.389161"/><trkpt lat="36.289389" lon="127.389113"/><trkpt lat="36.289435" lon="127.389058"/><trkpt lat="36.289437" lon="127.389055"/></trkseg>
<trkseg><trkpt lat="36.288609" lon="127.39292"/><trkpt lat="36.28888" lon="127.392184"/><trkpt lat="36.288905" lon="127.392126"/><trkpt lat="36.288935" lon="127.392071"/><trkpt lat="36.289113" lon="127.391763"/><trkpt lat="36.28914" lon="127.391708"/><trkpt lat="36.289161" lon="127.391651"/><trkpt lat="36.289199" lon="127.391535"/><trkpt lat="36.289219" lon="127.391493"/><trkpt lat="36.289242" lon="127.391453"/><trkpt lat="36.289343" lon="127.391298"/><trkpt lat="36.289376" lon="127.391246"/><trkpt lat="36.289395" lon="127.391206"/><trkpt lat="36.289404" lon="127.391164"/><trkpt lat="36.289398" lon="127.39112"/><trkpt lat="36.289376" lon="127.391028"/><trkpt lat="36.28937" lon="127.390983"/><trkpt lat="36.289377" lon="127.390942"/><trkpt lat="36.289394" lon="127.390903"/><trkpt lat="36.289427" lon="127.390838"/><trkpt lat="36.28944" lon="127.390795"/><trkpt lat="36.289446" lon="127.390747"/><trkpt lat="36.289447" lon="127.390698"/><trkpt lat="36.289441" lon="127.390651"/><trkpt lat="36.289425" lon="127.390607"/><trkpt lat="36.289358" lon="127.390482"/><trkpt lat="36.28933" lon="127.390425"/><trkpt lat="36.289316" lon="127.390381"/><trkpt lat="36.289308" lon="127.390334"/><trkpt lat="36.289288" lon="127.390073"/><trkpt lat="36.289272" lon="127.389862"/></trkseg>
<trkseg><trkpt lat="36.288609" lon="127.39292"/><trkpt lat="36.288332" lon="127.392761"/><trkpt lat="36.288295" lon="127.392744"/><trkpt lat="36.288222" lon="127.392705"/><trkpt lat="36.287636" lon="127.392394"/><trkpt lat="36.287611" lon="127.392359"/><trkpt lat="36.287596" lon="127.392317"/><trkpt lat="36.287591" lon="127.392271"/><trkpt lat="36.287584" lon="127.39209"/><trkpt lat="36.287567" lon="127.391614"/></trkseg>
<trkseg><trkpt lat="36.289286" lon="127.393278"/><trkpt lat="36.28922" lon="127.39322"/><trkpt lat="36.289179" lon="127.39319"/><trkpt lat="36.289142" lon="127.393172"/><trkpt lat="36.288935" lon="127.393097"/><trkpt lat="36.288844" lon="127.393063"/><trkpt lat="36.288807" lon="127.393045"/><trkpt lat="36.28876" lon="127.393018"/><trkpt lat="36.288609" lon="127.39292"/></trkseg>
<trkseg><trkpt lat="36.286472" lon="127.403966"/><trkpt lat="36.286681" lon="127.404546"/><trkpt lat="36.286696" lon="127.404608"/><trkpt lat="36.286701" lon="127.404656"/><trkpt lat="36.286699" lon="127.404704"/><trkpt lat="36.286662" lon="127.40495"/><trkpt lat="36.286608" lon="127.405222"/><trkpt lat="36.286603" lon="127.405271"/><trkpt lat="36.286603" lon="127.40532"/><trkpt lat="36.286607" lon="127.405386"/><trkpt lat="36.286658" lon="127.405629"/><trkpt lat="36.28666" lon="127.405693"/><trkpt lat="36.286654" lon="127.405739"/><trkpt lat="36.286639" lon="127.405783"/><trkpt lat="36.286526" lon="127.406118"/><trkpt lat="36.28651" lon="127.406161"/><trkpt lat="36.286498" lon="127.406214"/><trkpt lat="36.286487" lon="127.406294"/><trkpt lat="36.286483" lon="127.406334"/></trkseg>
<trkseg><trkpt lat="36.289582" lon="127.405844"/><trkpt lat="36.289309" lon="127.405924"/><trkpt lat="36.289271" lon="127.405938"/><trkpt lat="36.289234" lon="127.405956"/><trkpt lat="36.289186" lon="127.405985"/><trkpt lat="36.288877" lon="127.406185"/><trkpt lat="36.288817" lon="127.406221"/><trkpt lat="36.28878" lon="127.406237"/><trkpt lat="36.288742" lon="127.406241"/><trkpt lat="36.288703" lon="127.406239"/><trkpt lat="36.288665" lon="127.406234"/><trkpt lat="36.288626" lon="127.406224"/><trkpt lat="36.288588" lon="127.406207"/><trkpt lat="36.288241" lon="127.406023"/><trkpt lat="36.288191" lon="127.406"/><trkpt lat="36.288152" lon="127.405988"/><trkpt lat="36.288113" lon="127.405982"/><trkpt lat="36.287885" lon="127.405971"/><trkpt lat="36.287832" lon="127.405971"/><trkpt lat="36.287793" lon="127.405977"/><trkpt lat="36.287742" lon="127.405994"/><trkpt lat="36.287578" lon="127.406064"/><trkpt lat="36.287237" lon="127.406211"/><trkpt lat="36.287187" lon="127.406228"/><trkpt lat="36.287149" lon="127.406232"/><trkpt lat="36.287111" lon="127.406222"/><trkpt lat="36.287064" lon="127.406202"/><trkpt lat="36.287033" lon="127.406195"/><trkpt lat="36.287012" lon="127.406214"/><trkpt lat="36.287001" lon="127.406251"/><trkpt lat="36.286998" lon="127.406295"/><trkpt lat="36.287007" lon="127.406336"/><trkpt lat="36.28703" lon="127.406371"/><trkpt lat="36.286848" lon="127.406476"/><trkpt lat="36.286809" lon="127.406485"/><trkpt lat="36.28677" lon="127.40649"/><trkpt lat="36.286733" lon="127.406489"/><trkpt lat="36.286699" lon="127.406476"/><trkpt lat="36.286541" lon="127.406404"/><trkpt lat="36.286509" lon="127.406374"/><trkpt lat="36.286487" lon="127.406342"/><trkpt lat="36.286483" lon="127.406334"/></trkseg>
<trkseg><trkpt lat="36.284932" lon="127.408572"/><trkpt lat="36.285388" lon="127.408857"/><trkpt lat="36.285566" lon="127.409125"/><trkpt lat="36.285595" lon="127.409159"/><trkpt lat="36.28563" lon="127.409209"/><trkpt lat="36.286036" lon="127.409894"/></trkseg>
<trkseg><trkpt lat="36.285834" lon="127.410135"/><trkpt lat="36.286036" lon="127.409894"/></trkseg>
<trkseg><trkpt lat="36.28982" lon="127.410235"/><trkpt lat="36.290072" lon="127.410505"/><trkpt lat="36.290108" lon="127.410553"/><trkpt lat="36.290224" lon="127.410734"/><trkpt lat="36.290339" lon="127.410916"/><trkpt lat="36.290366" lon="127.41095"/><trkpt lat="36.290397" lon="127.410972"/><trkpt lat="36.290433" lon="127.410979"/><trkpt lat="36.290497" lon="127.41098"/><trkpt lat="36.290627" lon="127.410976"/><trkpt lat="36.290664" lon="127.41097"/><trkpt lat="36.290699" lon="127.410955"/><trkpt lat="36.290732" lon="127.410932"/><trkpt lat="36.290808" lon="127.410874"/><trkpt lat="36.290844" lon="127.410855"/><trkpt lat="36.290892" lon="127.410849"/><trkpt lat="36.290935" lon="127.41085"/><trkpt lat="36.290954" lon="127.410852"/></trkseg>
<trkseg><trkpt lat="36.291759" lon="127.408019"/><trkpt lat="36.291743" lon="127.408009"/><trkpt lat="36.291706" lon="127.407999"/><trkpt lat="36.291668" lon="127.408006"/><trkpt lat="36.291625" lon="127.408026"/><trkpt lat="36.291587" lon="127.408033"/><trkpt lat="36.291523" lon="127.408036"/><trkpt lat="36.291485" lon="127.408044"/><trkpt lat="36.291434" lon="127.408074"/><trkpt lat="36.291401" lon="127.408091"/><trkpt lat="36.291364" lon="127.408101"/><trkpt lat="36.29129" lon="127.408118"/><trkpt lat="36.291258" lon="127.408135"/><trkpt lat="36.291234" lon="127.408161"/><trkpt lat="36.291204" lon="127.408201"/><trkpt lat="36.291175" lon="127.408222"/><trkpt lat="36.291118" lon="127.408244"/><trkpt lat="36.291088" lon="127.408264"/><trkpt lat="36.291046" lon="127.408311"/><trkpt lat="36.291017" lon="127.408336"/><trkpt lat="36.290981" lon="127.408355"/><trkpt lat="36.290905" lon="127.408383"/><trkpt lat="36.290855" lon="127.408404"/><trkpt lat="36.290821" lon="127.408426"/><trkpt lat="36.290796" lon="127.40846"/><trkpt lat="36.290774" lon="127.4085"/><trkpt lat="36.290655" lon="127.408757"/><trkpt lat="36.290501" lon="127.409084"/><trkpt lat="36.290476" lon="127.409141"/><trkpt lat="36.290463" lon="127.409187"/><trkpt lat="36.290457" lon="127.409235"/><trkpt lat="36.290431" lon="127.409595"/><trkpt lat="36.290415" lon="127.409824"/><trkpt lat="36.290409" lon="127.409872"/><trkpt lat="36.290395" lon="127.409915"/><trkpt lat="36.290372" lon="127.409953"/><trkpt lat="36.290346" lon="127.409989"/><trkpt lat="36.290299" lon="127.410046"/><trkpt lat="36.290268" lon="127.410076"/><trkpt lat="36.290234" lon="127.410098"/><trkpt lat="36.290184" lon="127.410118"/><trkpt lat="36.28982" lon="127.410235"/></trkseg>
<trkseg><trkpt lat="36.289582" lon="127.405844"/><trkpt lat="36.289596" lon="127.405895"/><trkpt lat="36.289615" lon="127.405948"/><trkpt lat="36.289641" lon="127.405995"/><trkpt lat="36.289816" lon="127.406224"/><trkpt lat="36.289873" lon="127.406294"/><trkpt lat="36.289904" lon="127.406323"/><trkpt lat="36.289936" lon="127.406343"/><trkpt lat="36.290003" lon="127.406377"/><trkpt lat="36.290032" lon="127.406403"/><trkpt lat="36.290056" lon="127.40644"/><trkpt lat="36.290089" lon="127.40651"/><trkpt lat="36.290229" lon="127.406813"/><trkpt lat="36.290253" lon="127.406869"/><trkpt lat="36.290266" lon="127.406908"/><trkpt lat="36.290264" lon="127.406941"/><trkpt lat="36.290248" lon="127.406969"/><trkpt lat="36.290237" lon="127.407004"/><trkpt lat="36.290222" lon="127.407057"/><trkpt lat="36.290199" lon="127.40711"/><trkpt lat="36.290184" lon="127.40715"/><trkpt lat="36.29018" lon="127.407193"/><trkpt lat="36.290182" lon="127.407239"/><trkpt lat="36.290187" lon="127.407316"/><trkpt lat="36.290186" lon="127.407362"/><trkpt lat="36.290177" lon="127.407409"/><trkpt lat="36.290157" lon="127.407471"/><trkpt lat="36.290014" lon="127.407886"/><trkpt lat="36.289992" lon="127.407946"/><trkpt lat="36.289971" lon="127.407985"/><trkpt lat="36.289942" lon="127.40801"/><trkpt lat="36.289905" lon="127.408023"/><trkpt lat="36.289852" lon="127.408036"/><trkpt lat="36.289691" lon="127.408068"/></trkseg>
<trkseg><trkpt lat="36.290984" lon="127.405593"/><trkpt lat="36.290758" lon="127.405715"/><trkpt lat="36.290722" lon="127.405729"/><trkpt lat="36.290684" lon="127.405733"/><trkpt lat="36.290645" lon="127.405731"/><trkpt lat="36.290447" lon="127.405701"/><trkpt lat="36.290394" lon="127.405696"/><trkpt lat="36.290354" lon="127.405698"/><trkpt lat="36.290074" lon="127.40575"/><trkpt lat="36.289582" lon="127.405844"/></trkseg>
<trkseg><trkpt lat="36.290984" lon="127.405593"/><trkpt lat="36.290977" lon="127.405571"/><trkpt lat="36.290954" lon="127.405525"/><trkpt lat="36.29092" lon="127.405485"/><trkpt lat="36.290866" lon="127.405443"/><trkpt lat="36.290841" lon="127.405418"/><trkpt lat="36.290833" lon="127.405388"/><trkpt lat="36.290845" lon="127.405352"/><trkpt lat="36.290866" lon="127.405313"/><trkpt lat="36.290977" lon="127.405129"/><trkpt lat="36.291015" lon="127.405062"/><trkpt lat="36.291032" lon="127.40502"/><trkpt lat="36.291041" lon="127.404973"/><trkpt lat="36.29105" lon="127.404875"/><trkpt lat="36.291059" lon="127.404709"/><trkpt lat="36.291058" lon="127.40466"/><trkpt lat="36.291051" lon="127.404613"/><trkpt lat="36.291003" lon="127.40441"/><trkpt lat="36.290989" lon="127.404348"/><trkpt lat="36.290985" lon="127.404302"/><trkpt lat="36.290994" lon="127.404251"/><trkpt lat="36.291011" lon="127.404195"/><trkpt lat="36.291029" lon="127.404144"/></trkseg>
<trkseg><trkpt lat="36.292644" lon="127.404209"/><trkpt lat="36.292451" lon="127.404145"/><trkpt lat="36.292412" lon="127.404138"/><trkpt lat="36.292373" lon="127.404138"/><trkpt lat="36.292295" lon="127.404152"/><trkpt lat="36.292255" lon="127.404158"/><trkpt lat="36.292215" lon="127.404158"/><trkpt lat="36.292123" lon="127.404142"/><trkpt lat="36.29207" lon="127.404136"/><trkpt lat="36.292032" lon="127.40414"/><trkpt lat="36.291997" lon="127.404155"/><trkpt lat="36.291913" lon="127.404197"/><trkpt lat="36.291877" lon="127.404211"/><trkpt lat="36.291838" lon="127.40422"/><trkpt lat="36.291709" lon="127.404239"/><trkpt lat="36.291645" lon="127.404247"/><trkpt lat="36.291606" lon="127.404246"/><trkpt lat="36.291567" lon="127.404239"/><trkpt lat="36.291489" lon="127.404215"/><trkpt lat="36.291229" lon="127.40413"/><trkpt lat="36.29119" lon="127.404121"/><trkpt lat="36.291151" lon="127.40412"/><trkpt lat="36.291088" lon="127.40413"/><trkpt lat="36.291029" lon="127.404144"/></trkseg>
<trkseg><trkpt lat="36.291029" lon="127.404144"/><trkpt lat="36.29102" lon="127.404132"/><trkpt lat="36.291005" lon="127.404092"/><trkpt lat="36.290994" lon="127.404033"/><trkpt lat="36.290989" lon="127.403948"/><trkpt lat="36.290988" lon="127.403868"/><trkpt lat="36.290993" lon="127.403819"/><trkpt lat="36.291007" lon="127.403739"/><trkpt lat="36.29118" lon="127.402858"/><trkpt lat="36.291204" lon="127.402763"/><trkpt lat="36.291238" lon="127.402654"/><trkpt lat="36.291255" lon="127.402613"/><trkpt lat="36.291277" lon="127.402585"/><trkpt lat="36.291306" lon="127.402581"/><trkpt lat="36.291361" lon="127.402585"/><trkpt lat="36.291389" lon="127.402568"/><trkpt lat="36.291412" lon="127.402534"/><trkpt lat="36.291439" lon="127.402478"/><trkpt lat="36.291622" lon="127.402092"/><trkpt lat="36.291641" lon="127.402049"/><trkpt lat="36.291654" lon="127.402003"/><trkpt lat="36.291661" lon="127.401956"/><trkpt lat="36.291685" lon="127.401677"/><trkpt lat="36.291738" lon="127.401053"/><trkpt lat="36.291743" lon="127.400972"/><trkpt lat="36.291741" lon="127.400924"/><trkpt lat="36.291729" lon="127.400879"/><trkpt lat="36.291706" lon="127.40082"/><trkpt lat="36.291619" lon="127.400617"/><trkpt lat="36.291604" lon="127.400572"/><trkpt lat="36.291542" lon="127.400324"/><trkpt lat="36.291525" lon="127.400247"/><trkpt lat="36.291518" lon="127.400203"/><trkpt lat="36.291522" lon="127.400165"/><trkpt lat="36.291545" lon="127.400137"/><trkpt lat="36.291584" lon="127.400108"/><trkpt lat="36.291602" lon="127.400083"/><trkpt lat="36.291595" lon="127.400052"/><trkpt lat="36.291574" lon="127.400017"/><trkpt lat="36.291421" lon="127.399807"/><trkpt lat="36.29136" lon="127.39972"/><trkpt lat="36.29134" lon="127.399681"/><trkpt lat="36.29133" lon="127.399637"/><trkpt lat="36.291329" lon="127.39959"/><trkpt lat="36.291333" lon="127.399493"/><trkpt lat="36.291332" lon="127.399446"/><trkpt lat="36.29132" lon="127.399404"/><trkpt lat="36.291297" lon="127.399367"/><trkpt lat="36.291258" lon="127.399322"/><trkpt lat="36.290914" lon="127.398945"/><trkpt lat="36.290743" lon="127.398757"/><trkpt lat="36.290711" lon="127.398728"/><trkpt lat="36.290677" lon="127.39871"/><trkpt lat="36.290619" lon="127.398695"/><trkpt lat="36.290588" lon="127.398678"/><trkpt lat="36.290564" lon="127.398645"/><trkpt lat="36.290534" lon="127.398593"/><trkpt lat="36.290381" lon="127.398285"/><trkpt lat="36.29036" lon="127.398247"/><trkpt lat="36.290338" lon="127.398221"/><trkpt lat="36.290313" lon="127.398224"/><trkpt lat="36.290286" lon="127.398251"/><trkpt lat="36.290231" lon="127.398323"/><trkpt lat="36.290084" lon="127.398522"/><trkpt lat="36.290055" lon="127.398555"/><trkpt lat="36.290024" lon="127.398576"/><trkpt lat="36.289989" lon="127.398576"/><trkpt lat="36.289951" lon="127.398564"/><trkpt lat="36.289887" lon="127.398538"/><trkpt lat="36.289851" lon="127.398519"/><trkpt lat="36.28982" lon="127.398496"/><trkpt lat="36.289802" lon="127.398463"/><trkpt lat="36.289785" lon="127.398414"/><trkpt lat="36.289761" lon="127.398379"/><trkpt lat="36.289732" lon="127.398349"/><trkpt lat="36.289657" lon="127.398282"/><trkpt lat="36.289506" lon="127.39815"/><trkpt lat="36.289478" lon="127.398119"/><trkpt lat="36.289459" lon="127.398082"/><trkpt lat="36.28945" lon="127.398037"/><trkpt lat="36.289442" lon="127.397956"/><trkpt lat="36.289432" lon="127.39791"/><trkpt lat="36.289416" lon="127.397867"/><trkpt lat="36.289387" lon="127.397797"/><trkpt lat="36.289376" lon="127.397755"/><trkpt lat="36.289377" lon="127.39771"/><trkpt lat="36.289385" lon="127.397661"/><trkpt lat="36.289417" lon="127.397534"/><trkpt lat="36.289419" lon="127.397524"/></trkseg>
<trkseg><trkpt lat="36.291924" lon="127.40668"/><trkpt lat="36.291666" lon="127.406298"/><trkpt lat="36.291643" lon="127.406259"/><trkpt lat="36.291625" lon="127.406216"/><trkpt lat="36.291614" lon="127.406171"/><trkpt lat="36.2916" lon="127.406092"/><trkpt lat="36.291574" lon="127.405918"/><trkpt lat="36.291563" lon="127.405874"/><trkpt lat="36.291546" lon="127.405839"/><trkpt lat="36.291518" lon="127.405822"/><trkpt lat="36.291484" lon="127.405812"/><trkpt lat="36.29141" lon="127.405796"/><trkpt lat="36.291359" lon="127.405776"/><trkpt lat="36.290984" lon="127.405593"/></trkseg>
<trkseg><trkpt lat="36.291924" lon="127.40668"/><trkpt lat="36.291905" lon="127.406579"/><trkpt lat="36.291893" lon="127.406503"/><trkpt lat="36.29189" lon="127.406456"/><trkpt lat="36.291897" lon="127.40641"/><trkpt lat="36.291912" lon="127.406364"/><trkpt lat="36.291929" lon="127.40632"/><trkpt lat="36.291949" lon="127.406278"/><trkpt lat="36.291975" lon="127.406242"/><trkpt lat="36.292007" lon="127.406214"/><trkpt lat="36.292244" lon="127.406058"/><trkpt lat="36.292326" lon="127.406001"/><trkpt lat="36.292357" lon="127.405972"/><trkpt lat="36.292382" lon="127.405939"/><trkpt lat="36.292403" lon="127.405901"/><trkpt lat="36.292421" lon="127.405861"/><trkpt lat="36.292437" lon="127.405815"/><trkpt lat="36.292469" lon="127.405705"/><trkpt lat="36.292483" lon="127.405643"/><trkpt lat="36.292484" lon="127.405598"/><trkpt lat="36.292469" lon="127.405559"/><trkpt lat="36.292446" lon="127.405523"/><trkpt lat="36.292367" lon="127.405414"/><trkpt lat="36.292344" lon="127.405377"/><trkpt lat="36.292328" lon="127.405336"/><trkpt lat="36.29232" lon="127.405291"/><trkpt lat="36.292316" lon="127.405245"/><trkpt lat="36.292314" lon="127.405182"/><trkpt lat="36.292316" lon="127.405136"/><trkpt lat="36.292327" lon="127.405092"/><trkpt lat="36.292351" lon="127.405035"/><trkpt lat="36.292455" lon="127.404825"/><trkpt lat="36.292481" lon="127.404769"/><trkpt lat="36.292495" lon="127.404726"/><trkpt lat="36.292499" lon="127.404686"/><trkpt lat="36.292502" lon="127.404636"/><trkpt lat="36.292516" lon="127.404595"/><trkpt lat="36.292552" lon="127.404527"/><trkpt lat="36.292571" lon="127.404485"/><trkpt lat="36.292586" lon="127.40444"/><trkpt lat="36.29261" lon="127.404346"/><trkpt lat="36.292644" lon="127.404209"/></trkseg>
<trkseg><trkpt lat="36.292644" lon="127.404209"/><trkpt lat="36.292669" lon="127.404157"/><trkpt lat="36.2927" lon="127.404105"/><trkpt lat="36.292731" lon="127.404071"/><trkpt lat="36.292786" lon="127.404031"/><trkpt lat="36.292817" lon="127.404006"/><trkpt lat="36.292843" lon="127.403975"/><trkpt lat="36.292861" lon="127.403935"/><trkpt lat="36.292876" lon="127.403892"/><trkpt lat="36.292889" lon="127.403847"/><trkpt lat="36.292897" lon="127.403802"/><trkpt lat="36.2929" lon="127.403733"/><trkpt lat="36.292908" lon="127.40369"/><trkpt lat="36.292924" lon="127.403647"/><trkpt lat="36.292962" lon="127.403563"/><trkpt lat="36.292997" lon="127.403496"/><trkpt lat="36.293022" lon="127.403458"/><trkpt lat="36.293088" lon="127.403379"/><trkpt lat="36.29336" lon="127.403066"/><trkpt lat="36.293386" lon="127.40303"/><trkpt lat="36.29341" lon="127.40299"/><trkpt lat="36.293558" lon="127.402697"/></trkseg>
<trkseg><trkpt lat="36.293926" lon="127.400703"/><trkpt lat="36.293717" lon="127.401353"/><trkpt lat="36.293695" lon="127.401413"/><trkpt lat="36.293669" lon="127.401469"/><trkpt lat="36.293619" lon="127.401563"/><trkpt lat="36.293603" lon="127.401605"/><trkpt lat="36.293595" lon="127.401651"/><trkpt lat="36.293588" lon="127.401749"/><trkpt lat="36.293585" lon="127.401848"/><trkpt lat="36.293587" lon="127.401896"/><trkpt lat="36.293596" lon="127.401942"/><trkpt lat="36.293615" lon="127.402"/><trkpt lat="36.293662" lon="127.40213"/><trkpt lat="36.293673" lon="127.402174"/><trkpt lat="36.293679" lon="127.402222"/><trkpt lat="36.29368" lon="127.402288"/><trkpt lat="36.293678" lon="127.402353"/><trkpt lat="36.293672" lon="127.402399"/><trkpt lat="36.293655" lon="127.402437"/><trkpt lat="36.293612" lon="127.402491"/><trkpt lat="36.293589" lon="127.402525"/><trkpt lat="36.293574" lon="127.402574"/><trkpt lat="36.293565" lon="127.402636"/><trkpt lat="36.293558" lon="127.402697"/></trkseg>
<trkseg><trkpt lat="36.293754" lon="127.399623"/><trkpt lat="36.293798" lon="127.399655"/><trkpt lat="36.293839" lon="127.399691"/><trkpt lat="36.29386" lon="127.399727"/><trkpt lat="36.293859" lon="127.399763"/><trkpt lat="36.293849" lon="127.399818"/><trkpt lat="36.293844" lon="127.399865"/><trkpt lat="36.293845" lon="127.399964"/><trkpt lat="36.293852" lon="127.400114"/><trkpt lat="36.293859" lon="127.40018"/><trkpt lat="36.293871" lon="127.400243"/><trkpt lat="36.293921" lon="127.400445"/><trkpt lat="36.293934" lon="127.400508"/><trkpt lat="36.293937" lon="127.400557"/><trkpt lat="36.293934" lon="127.400621"/><trkpt lat="36.293926" lon="127.400703"/></trkseg>
<trkseg><trkpt lat="36.294278" lon="127.400855"/><trkpt lat="36.294227" lon="127.400843"/><trkpt lat="36.294198" lon="127.400831"/><trkpt lat="36.294179" lon="127.400814"/><trkpt lat="36.294147" lon="127.400766"/><trkpt lat="36.2941" lon="127.40069"/><trkpt lat="36.294083" lon="127.400669"/><trkpt lat="36.294064" lon="127.400658"/><trkpt lat="36.294041" lon="127.40066"/><trkpt lat="36.294009" lon="127.40067"/><trkpt lat="36.293926" lon="127.400703"/></trkseg>
<trkseg><trkpt lat="36.293558" lon="127.402697"/><trkpt lat="36.293864" lon="127.402237"/><trkpt lat="36.293908" lon="127.402175"/><trkpt lat="36.293936" lon="127.402144"/><trkpt lat="36.293969" lon="127.402126"/><trkpt lat="36.294007" lon="127.402118"/><trkpt lat="36.294151" lon="127.402109"/><trkpt lat="36.294229" lon="127.402101"/><trkpt lat="36.294266" lon="127.40209"/><trkpt lat="36.294298" lon="127.402069"/><trkpt lat="36.294327" lon="127.402041"/><trkpt lat="36.294353" lon="127.40201"/><trkpt lat="36.29437" lon="127.401973"/><trkpt lat="36.294377" lon="127.401925"/><trkpt lat="36.294379" lon="127.401863"/><trkpt lat="36.294378" lon="127.401785"/></trkseg>
<trkseg><trkpt lat="36.292948" lon="127.408467"/><trkpt lat="36.292882" lon="127.408178"/><trkpt lat="36.292868" lon="127.408132"/><trkpt lat="36.29285" lon="127.408089"/><trkpt lat="36.292823" lon="127.408034"/><trkpt lat="36.292793" lon="127.407981"/><trkpt lat="36.292767" lon="127.407945"/><trkpt lat="36.292726" lon="127.407903"/><trkpt lat="36.292662" lon="127.407843"/><trkpt lat="36.292633" lon="127.407809"/><trkpt lat="36.292609" lon="127.407771"/><trkpt lat="36.292487" lon="127.407516"/><trkpt lat="36.292217" lon="127.406949"/><trkpt lat="36.292195" lon="127.406908"/><trkpt lat="36.292169" lon="127.406873"/><trkpt lat="36.292138" lon="127.406843"/><trkpt lat="36.291924" lon="127.40668"/></trkseg>
<trkseg><trkpt lat="36.291759" lon="127.408019"/><trkpt lat="36.291874" lon="127.407865"/><trkpt lat="36.291898" lon="127.407828"/><trkpt lat="36.291917" lon="127.407788"/><trkpt lat="36.291937" lon="127.407714"/><trkpt lat="36.291956" lon="127.407677"/><trkpt lat="36.291989" lon="127.407636"/><trkpt lat="36.29201" lon="127.407605"/><trkpt lat="36.292019" lon="127.407572"/><trkpt lat="36.29201" lon="127.407534"/><trkpt lat="36.291985" lon="127.407469"/><trkpt lat="36.291977" lon="127.407431"/><trkpt lat="36.291984" lon="127.407399"/><trkpt lat="36.292007" lon="127.407359"/><trkpt lat="36.29202" lon="127.40732"/><trkpt lat="36.292026" lon="127.407273"/><trkpt lat="36.29203" lon="127.407208"/><trkpt lat="36.292032" lon="127.407093"/><trkpt lat="36.292029" lon="127.407044"/><trkpt lat="36.292017" lon="127.406966"/><trkpt lat="36.292007" lon="127.40692"/><trkpt lat="36.291993" lon="127.406877"/><trkpt lat="36.291972" lon="127.406841"/><trkpt lat="36.291947" lon="127.406808"/><trkpt lat="36.291926" lon="127.406764"/><trkpt lat="36.291921" lon="127.406715"/><trkpt lat="36.291923" lon="127.406682"/><trkpt lat="36.291924" lon="127.40668"/></trkseg>
<trkseg><trkpt lat="36.290954" lon="127.410852"/><trkpt lat="36.291053" lon="127.410716"/><trkpt lat="36.291081" lon="127.410681"/><trkpt lat="36.291109" lon="127.410654"/><trkpt lat="36.29114" lon="127.410644"/><trkpt lat="36.291172" lon="127.410653"/><trkpt lat="36.291215" lon="127.410669"/><trkpt lat="36.291246" lon="127.410667"/><trkpt lat="36.291274" lon="127.410645"/><trkpt lat="36.29132" lon="127.410592"/><trkpt lat="36.291349" lon="127.410562"/><trkpt lat="36.29138" lon="127.410538"/><trkpt lat="36.291426" lon="127.410515"/><trkpt lat="36.291456" lon="127.410491"/><trkpt lat="36.291483" lon="127.410459"/><trkpt lat="36.291533" lon="127.410389"/><trkpt lat="36.29156" lon="127.410357"/><trkpt lat="36.291591" lon="127.410333"/><trkpt lat="36.29164" lon="127.410313"/><trkpt lat="36.291676" lon="127.410296"/><trkpt lat="36.291707" lon="127.410269"/><trkpt lat="36.291744" lon="127.410224"/><trkpt lat="36.291954" lon="127.409948"/><trkpt lat="36.291989" lon="127.409899"/><trkpt lat="36.292012" lon="127.40986"/><trkpt lat="36.292029" lon="127.409818"/><trkpt lat="36.292041" lon="127.409774"/><trkpt lat="36.292055" lon="127.409713"/><trkpt lat="36.292062" lon="127.409666"/><trkpt lat="36.292065" lon="127.409583"/><trkpt lat="36.292066" lon="127.409299"/><trkpt lat="36.292061" lon="127.409253"/><trkpt lat="36.292045" lon="127.409214"/><trkpt lat="36.292018" lon="127.409184"/><trkpt lat="36.291971" lon="127.409139"/><trkpt lat="36.29196" lon="127.409107"/><trkpt lat="36.291967" lon="127.409069"/><trkpt lat="36.291983" lon="127.409027"/><trkpt lat="36.292033" lon="127.408913"/><trkpt lat="36.29205" lon="127.40887"/><trkpt lat="36.292063" lon="127.408824"/><trkpt lat="36.292074" lon="127.408761"/><trkpt lat="36.292088" lon="127.408667"/><trkpt lat="36.292092" lon="127.40862"/><trkpt lat="36.292089" lon="127.408573"/><trkpt lat="36.292078" lon="127.408528"/><trkpt lat="36.291998" lon="127.408304"/><trkpt lat="36.291928" lon="127.40811"/><trkpt lat="36.291905" lon="127.408054"/><trkpt lat="36.291882" lon="127.408022"/><trkpt lat="36.291841" lon="127.408011"/><trkpt lat="36.291793" lon="127.408014"/><trkpt lat="36.291759" lon="127.408019"/></trkseg>
<trkseg><trkpt lat="36.290954" lon="127.410852"/><trkpt lat="36.290978" lon="127.410898"/><trkpt lat="36.291009" lon="127.410937"/><trkpt lat="36.291044" lon="127.410946"/><trkpt lat="36.29108" lon="127.410934"/><trkpt lat="36.291142" lon="127.410908"/><trkpt lat="36.291179" lon="127.410903"/><trkpt lat="36.291214" lon="127.410917"/><trkpt lat="36.291259" lon="127.41095"/><trkpt lat="36.291361" lon="127.411033"/><trkpt lat="36.291396" lon="127.411056"/><trkpt lat="36.291434" lon="127.411072"/><trkpt lat="36.291499" lon="127.411093"/><trkpt lat="36.292011" lon="127.411241"/><trkpt lat="36.292048" lon="127.411255"/><trkpt lat="36.292082" lon="127.411278"/><trkpt lat="36.29211" lon="127.411311"/><trkpt lat="36.292152" lon="127.411373"/><trkpt lat="36.292228" lon="127.411487"/><trkpt lat="36.292255" lon="127.411521"/><trkpt lat="36.292286" lon="127.411546"/><trkpt lat="36.292322" lon="127.411561"/><trkpt lat="36.292385" lon="127.411578"/><trkpt lat="36.292423" lon="127.411592"/><trkpt lat="36.292459" lon="127.411611"/><trkpt lat="36.292717" lon="127.411772"/><trkpt lat="36.292763" lon="127.411804"/><trkpt lat="36.292794" lon="127.411832"/><trkpt lat="36.29286" lon="127.411902"/><trkpt lat="36.29289" lon="127.411927"/><trkpt lat="36.292924" lon="127.411945"/><trkpt lat="36.292961" lon="127.411954"/><trkpt lat="36.293103" lon="127.411974"/><trkpt lat="36.293167" lon="127.411985"/><trkpt lat="36.293203" lon="127.411998"/><trkpt lat="36.293233" lon="127.412023"/><trkpt lat="36.29326" lon="127.412059"/><trkpt lat="36.293373" lon="127.412245"/><trkpt lat="36.293503" lon="127.412457"/><trkpt lat="36.293565" lon="127.412543"/><trkpt lat="36.293988" lon="127.413112"/><trkpt lat="36.294025" lon="127.413158"/><trkpt lat="36.294055" lon="127.41319"/><trkpt lat="36.294121" lon="127.413249"/><trkpt lat="36.294252" lon="127.413364"/><trkpt lat="36.294283" lon="127.413395"/><trkpt lat="36.29431" lon="127.413431"/><trkpt lat="36.294333" lon="127.41347"/><trkpt lat="36.294495" lon="127.413768"/><trkpt lat="36.29453" lon="127.413836"/><trkpt lat="36.294544" lon="127.413879"/><trkpt lat="36.294548" lon="127.413931"/><trkpt lat="36.294543" lon="127.413995"/><trkpt lat="36.294535" lon="127.414055"/></trkseg>
<trkseg><trkpt lat="36.29438" lon="127.405584"/><trkpt lat="36.294301" lon="127.405695"/><trkpt lat="36.294276" lon="127.405736"/><trkpt lat="36.294258" lon="127.405779"/><trkpt lat="36.294238" lon="127.405839"/><trkpt lat="36.294153" lon="127.406129"/><trkpt lat="36.294141" lon="127.406176"/><trkpt lat="36.294134" lon="127.406223"/><trkpt lat="36.294133" lon="127.406272"/><trkpt lat="36.294141" lon="127.406488"/><trkpt lat="36.294149" lon="127.406687"/><trkpt lat="36.294147" lon="127.406734"/><trkpt lat="36.294137" lon="127.406775"/><trkpt lat="36.294113" lon="127.406804"/><trkpt lat="36.294071" lon="127.406836"/><trkpt lat="36.294044" lon="127.406864"/><trkpt lat="36.29403" lon="127.406902"/><trkpt lat="36.29401" lon="127.40697"/><trkpt lat="36.293989" lon="127.407009"/><trkpt lat="36.293935" lon="127.407079"/><trkpt lat="36.29391" lon="127.407115"/><trkpt lat="36.29389" lon="127.407153"/><trkpt lat="36.293882" lon="127.407196"/><trkpt lat="36.293876" lon="127.407256"/><trkpt lat="36.293867" lon="127.407298"/><trkpt lat="36.293848" lon="127.407333"/><trkpt lat="36.29381" lon="127.407387"/><trkpt lat="36.293795" lon="127.407428"/><trkpt lat="36.293778" lon="127.407521"/><trkpt lat="36.293768" lon="127.407564"/><trkpt lat="36.29375" lon="127.407597"/><trkpt lat="36.2937" lon="127.407629"/><trkpt lat="36.29367" lon="127.407655"/><trkpt lat="36.293631" lon="127.407699"/><trkpt lat="36.29355" lon="127.407806"/><trkpt lat="36.293521" lon="127.407839"/><trkpt lat="36.293489" lon="127.407867"/><trkpt lat="36.293442" lon="127.407899"/><trkpt lat="36.293335" lon="127.407965"/><trkpt lat="36.293303" lon="127.407992"/><trkpt lat="36.293278" lon="127.408026"/><trkpt lat="36.293259" lon="127.408068"/><trkpt lat="36.293203" lon="127.408216"/><trkpt lat="36.29318" lon="127.408274"/><trkpt lat="36.293158" lon="127.408314"/><trkpt lat="36.293132" lon="127.408349"/><trkpt lat="36.293103" lon="127.408382"/><trkpt lat="36.293072" lon="127.408411"/><trkpt lat="36.293028" lon="127.408435"/><trkpt lat="36.29298" lon="127.408455"/><trkpt lat="36.292948" lon="127.408467"/></trkseg>
<trkseg><trkpt lat="36.294662" lon="127.409666"/><trkpt lat="36.294393" lon="127.409477"/><trkpt lat="36.294349" lon="127.409442"/><trkpt lat="36.29432" lon="127.409411"/><trkpt lat="36.2943" lon="127.40937"/><trkpt lat="36.294266" lon="127.409281"/><trkpt lat="36.294245" lon="127.409239"/><trkpt lat="36.294219" lon="127.409202"/><trkpt lat="36.294133" lon="127.409099"/><trkpt lat="36.294094" lon="127.409057"/><trkpt lat="36.294063" lon="127.409035"/><trkpt lat="36.294031" lon="127.409034"/><trkpt lat="36.293996" lon="127.409049"/><trkpt lat="36.293903" lon="127.409112"/><trkpt lat="36.293857" lon="127.409142"/><trkpt lat="36.293823" lon="127.409157"/><trkpt lat="36.293791" lon="127.409155"/><trkpt lat="36.293762" lon="127.40913"/><trkpt lat="36.293726" lon="127.409084"/><trkpt lat="36.293665" lon="127.408995"/><trkpt lat="36.293643" lon="127.408955"/><trkpt lat="36.293622" lon="127.408905"/><trkpt lat="36.293606" lon="127.40888"/><trkpt lat="36.293579" lon="127.408878"/><trkpt lat="36.293522" lon="127.408899"/><trkpt lat="36.293486" lon="127.408911"/><trkpt lat="36.293449" lon="127.408913"/><trkpt lat="36.293411" lon="127.408906"/><trkpt lat="36.293374" lon="127.408894"/><trkpt lat="36.293338" lon="127.408876"/><trkpt lat="36.293292" lon="127.408844"/><trkpt lat="36.293039" lon="127.408636"/><trkpt lat="36.292997" lon="127.408598"/><trkpt lat="36.292968" lon="127.408554"/><trkpt lat="36.292953" lon="127.408504"/><trkpt lat="36.292948" lon="127.408467"/></trkseg>
<trkseg><trkpt lat="36.29499" lon="127.40862"/><trkpt lat="36.294957" lon="127.408616"/><trkpt lat="36.294912" lon="127.408599"/><trkpt lat="36.294878" lon="127.408565"/><trkpt lat="36.294858" lon="127.408525"/><trkpt lat="36.294843" lon="127.408483"/><trkpt lat="36.294839" lon="127.40844"/><trkpt lat="36.294849" lon="127.408395"/><trkpt lat="36.294875" lon="127.40832"/><trkpt lat="36.29493" lon="127.408169"/><trkpt lat="36.294942" lon="127.408123"/><trkpt lat="36.294944" lon="127.408079"/><trkpt lat="36.294933" lon="127.408034"/><trkpt lat="36.2949" lon="127.407945"/><trkpt lat="36.294759" lon="127.40759"/><trkpt lat="36.294745" lon="127.407546"/><trkpt lat="36.29474" lon="127.4075"/><trkpt lat="36.294745" lon="127.407454"/><trkpt lat="36.294761" lon="127.407376"/><trkpt lat="36.294799" lon="127.407205"/><trkpt lat="36.294806" lon="127.407158"/><trkpt lat="36.294808" lon="127.407109"/><trkpt lat="36.294805" lon="127.40701"/><trkpt lat="36.294787" lon="127.406531"/><trkpt lat="36.294783" lon="127.406482"/><trkpt lat="36.294774" lon="127.406436"/><trkpt lat="36.294759" lon="127.406393"/><trkpt lat="36.294697" lon="127.406252"/><trkpt lat="36.294661" lon="127.406167"/><trkpt lat="36.294646" lon="127.406123"/><trkpt lat="36.294633" lon="127.406061"/><trkpt lat="36.294615" lon="127.405967"/><trkpt lat="36.294603" lon="127.405922"/><trkpt lat="36.294584" lon="127.405883"/><trkpt lat="36.29455" lon="127.405836"/><trkpt lat="36.294487" lon="127.405758"/><trkpt lat="36.294465" lon="127.405722"/><trkpt lat="36.294455" lon="127.405681"/><trkpt lat="36.294455" lon="127.405624"/><trkpt lat="36.294464" lon="127.40553"/><trkpt lat="36.294464" lon="127.405527"/></trkseg>
<trkseg><trkpt lat="36.294817" lon="127.405119"/><trkpt lat="36.294827" lon="127.405192"/><trkpt lat="36.294842" lon="127.405244"/><trkpt lat="36.294868" lon="127.405276"/><trkpt lat="36.294914" lon="127.405303"/><trkpt lat="36.294947" lon="127.405326"/><trkpt lat="36.294976" lon="127.405358"/><trkpt lat="36.295002" lon="127.405395"/><trkpt lat="36.295084" lon="127.405526"/><trkpt lat="36.29511" lon="127.405562"/><trkpt lat="36.295139" lon="127.405592"/><trkpt lat="36.295174" lon="127.405609"/><trkpt lat="36.295212" lon="127.405618"/><trkpt lat="36.295251" lon="127.405621"/><trkpt lat="36.29529" lon="127.405616"/><trkpt lat="36.295418" lon="127.405584"/><trkpt lat="36.295481" lon="127.405564"/><trkpt lat="36.295518" lon="127.405549"/><trkpt lat="36.295616" lon="127.405499"/><trkpt lat="36.295811" lon="127.405395"/><trkpt lat="36.295844" lon="127.405385"/><trkpt lat="36.295869" lon="127.405395"/><trkpt lat="36.295883" lon="127.405429"/><trkpt lat="36.295896" lon="127.40549"/><trkpt lat="36.295907" lon="127.405554"/><trkpt lat="36.29591" lon="127.4056"/><trkpt lat="36.295905" lon="127.405639"/><trkpt lat="36.295879" lon="127.405674"/><trkpt lat="36.295864" lon="127.405699"/><trkpt lat="36.29587" lon="127.405731"/><trkpt lat="36.295899" lon="127.405792"/><trkpt lat="36.295917" lon="127.405832"/><trkpt lat="36.295925" lon="127.405873"/><trkpt lat="36.29592" lon="127.405919"/><trkpt lat="36.29591" lon="127.405965"/><trkpt lat="36.295846" lon="127.406197"/><trkpt lat="36.295831" lon="127.406259"/><trkpt lat="36.295824" lon="127.406306"/><trkpt lat="36.295822" lon="127.406353"/><trkpt lat="36.295823" lon="127.406431"/><trkpt lat="36.295818" lon="127.406477"/><trkpt lat="36.295806" lon="127.406517"/><trkpt lat="36.29578" lon="127.406582"/><trkpt lat="36.295772" lon="127.406623"/><trkpt lat="36.295774" lon="127.406668"/><trkpt lat="36.295779" lon="127.406744"/><trkpt lat="36.295772" lon="127.406785"/><trkpt lat="36.295754" lon="127.40682"/><trkpt lat="36.295719" lon="127.40688"/><trkpt lat="36.295702" lon="127.406923"/><trkpt lat="36.29568" lon="127.407001"/><trkpt lat="36.295596" lon="127.407332"/><trkpt lat="36.295586" lon="127.407378"/><trkpt lat="36.295583" lon="127.407423"/><trkpt lat="36.295594" lon="127.407462"/><trkpt lat="36.295639" lon="127.40753"/><trkpt lat="36.295659" lon="127.407566"/><trkpt lat="36.295667" lon="127.407605"/><trkpt lat="36.295663" lon="127.407647"/><trkpt lat="36.295653" lon="127.407689"/><trkpt lat="36.295635" lon="127.407727"/><trkpt lat="36.295607" lon="127.407762"/><trkpt lat="36.295554" lon="127.407813"/><trkpt lat="36.295425" lon="127.407936"/><trkpt lat="36.295396" lon="127.407969"/><trkpt lat="36.295373" lon="127.408007"/><trkpt lat="36.295339" lon="127.408089"/><trkpt lat="36.295322" lon="127.40813"/><trkpt lat="36.295299" lon="127.408166"/><trkpt lat="36.295271" lon="127.408198"/><trkpt lat="36.295179" lon="127.408284"/><trkpt lat="36.29515" lon="127.408316"/><trkpt lat="36.295125" lon="127.408354"/><trkpt lat="36.295096" lon="127.408408"/><trkpt lat="36.29499" lon="127.40862"/></trkseg>
<trkseg><trkpt lat="36.29499" lon="127.40862"/><trkpt lat="36.294962" lon="127.408863"/><trkpt lat="36.294954" lon="127.40891"/><trkpt lat="36.294942" lon="127.408956"/><trkpt lat="36.294918" lon="127.409012"/><trkpt lat="36.29486" lon="127.409136"/><trkpt lat="36.294845" lon="127.409179"/><trkpt lat="36.294835" lon="127.409227"/><trkpt lat="36.294827" lon="127.409292"/><trkpt lat="36.29481" lon="127.409439"/><trkpt lat="36.2948" lon="127.409486"/><trkpt lat="36.294782" lon="127.409525"/><trkpt lat="36.294757" lon="127.40956"/><trkpt lat="36.294709" lon="127.409615"/><trkpt lat="36.294662" lon="127.409666"/></trkseg>
<trkseg><trkpt lat="36.294742" lon="127.409767"/><trkpt lat="36.294822" lon="127.409692"/><trkpt lat="36.294869" lon="127.409651"/><trkpt lat="36.294903" lon="127.409629"/><trkpt lat="36.29494" lon="127.409616"/><trkpt lat="36.294993" lon="127.409606"/><trkpt lat="36.295417" lon="127.409539"/><trkpt lat="36.295456" lon="127.409529"/><trkpt lat="36.295491" lon="127.409513"/><trkpt lat="36.29552" lon="127.409485"/><trkpt lat="36.295579" lon="127.409399"/><trkpt lat="36.295606" lon="127.409364"/><trkpt lat="36.295636" lon="127.409334"/><trkpt lat="36.295681" lon="127.409301"/><trkpt lat="36.295786" lon="127.409235"/><trkpt lat="36.29582" lon="127.409219"/><trkpt lat="36.295855" lon="127.409216"/><trkpt lat="36.295888" lon="127.409229"/><trkpt lat="36.295943" lon="127.40926"/><trkpt lat="36.295978" lon="127.409276"/><trkpt lat="36.296014" lon="127.409284"/><trkpt lat="36.296052" lon="127.409287"/><trkpt lat="36.296089" lon="127.409285"/><trkpt lat="36.296124" lon="127.409277"/><trkpt lat="36.296157" lon="127.409255"/><trkpt lat="36.296208" lon="127.40921"/><trkpt lat="36.29624" lon="127.40919"/><trkpt lat="36.296272" lon="127.409187"/><trkpt lat="36.296328" lon="127.409206"/><trkpt lat="36.296363" lon="127.409214"/><trkpt lat="36.296401" lon="127.40921"/><trkpt lat="36.296451" lon="127.409193"/><trkpt lat="36.296605" lon="127.409131"/><trkpt lat="36.296642" lon="127.409119"/><trkpt lat="36.29668" lon="127.409116"/><trkpt lat="36.296714" lon="127.409127"/><trkpt lat="36.296782" lon="127.409168"/><trkpt lat="36.296816" lon="127.409186"/><trkpt lat="36.296854" lon="127.409197"/><trkpt lat="36.296894" lon="127.409201"/><trkpt lat="36.297474" lon="127.409211"/><trkpt lat="36.297567" lon="127.40921"/><trkpt lat="36.297605" lon="127.409205"/><trkpt lat="36.297656" lon="127.409188"/><trkpt lat="36.297692" lon="127.40919"/><trkpt lat="36.297729" lon="127.409201"/><trkpt lat="36.297806" lon="127.409229"/><trkpt lat="36.297843" lon="127.409233"/><trkpt lat="36.297878" lon="127.409222"/><trkpt lat="36.297919" lon="127.409194"/><trkpt lat="36.297985" lon="127.409141"/><trkpt lat="36.297987" lon="127.40914"/></trkseg>
<trkseg><trkpt lat="36.294742" lon="127.409767"/><trkpt lat="36.294662" lon="127.409666"/></trkseg>
<trkseg><trkpt lat="36.295638" lon="127.41217"/><trkpt lat="36.29552" lon="127.412107"/><trkpt lat="36.295475" lon="127.412077"/><trkpt lat="36.295442" lon="127.412049"/><trkpt lat="36.295305" lon="127.411914"/><trkpt lat="36.295254" lon="127.411861"/><trkpt lat="36.295226" lon="127.411827"/><trkpt lat="36.295202" lon="127.411788"/><trkpt lat="36.295159" lon="127.411703"/><trkpt lat="36.295133" lon="127.411645"/><trkpt lat="36.295118" lon="127.4116"/><trkpt lat="36.295099" lon="127.411522"/><trkpt lat="36.295032" lon="127.411189"/><trkpt lat="36.295017" lon="127.411126"/><trkpt lat="36.294998" lon="127.411066"/><trkpt lat="36.294975" lon="127.411008"/><trkpt lat="36.294955" lon="127.410967"/><trkpt lat="36.29493" lon="127.41093"/><trkpt lat="36.294877" lon="127.41086"/><trkpt lat="36.294856" lon="127.410821"/><trkpt lat="36.294846" lon="127.410777"/><trkpt lat="36.294842" lon="127.410728"/><trkpt lat="36.29483" lon="127.410415"/><trkpt lat="36.294825" lon="127.41035"/><trkpt lat="36.294816" lon="127.410304"/><trkpt lat="36.2948" lon="127.410261"/><trkpt lat="36.294739" lon="127.410122"/><trkpt lat="36.294725" lon="127.410079"/><trkpt lat="36.294719" lon="127.410034"/><trkpt lat="36.29472" lon="127.409988"/><trkpt lat="36.294741" lon="127.409778"/><trkpt lat="36.294742" lon="127.409767"/></trkseg>
<trkseg><trkpt lat="36.294535" lon="127.414055"/><trkpt lat="36.294578" lon="127.414069"/><trkpt lat="36.294615" lon="127.414066"/><trkpt lat="36.294633" lon="127.414036"/><trkpt lat="36.294642" lon="127.413964"/><trkpt lat="36.294649" lon="127.413919"/><trkpt lat="36.294663" lon="127.413876"/><trkpt lat="36.294683" lon="127.413834"/><trkpt lat="36.294767" lon="127.413684"/><trkpt lat="36.294811" lon="127.413602"/><trkpt lat="36.29483" lon="127.413559"/><trkpt lat="36.294844" lon="127.413514"/><trkpt lat="36.294871" lon="127.413392"/><trkpt lat="36.294887" lon="127.413332"/><trkpt lat="36.294904" lon="127.413294"/><trkpt lat="36.294932" lon="127.413263"/><trkpt lat="36.294978" lon="127.413231"/><trkpt lat="36.295256" lon="127.41306"/><trkpt lat="36.295303" lon="127.413027"/><trkpt lat="36.295334" lon="127.412998"/><trkpt lat="36.295357" lon="127.412961"/><trkpt lat="36.295382" lon="127.412903"/><trkpt lat="36.295459" lon="127.412709"/><trkpt lat="36.295485" lon="127.412653"/><trkpt lat="36.295509" lon="127.412619"/><trkpt lat="36.295537" lon="127.412598"/><trkpt lat="36.295568" lon="127.412589"/><trkpt lat="36.295602" lon="127.412597"/><trkpt lat="36.29565" lon="127.412614"/><trkpt lat="36.295688" lon="127.412618"/><trkpt lat="36.295727" lon="127.412615"/><trkpt lat="36.295858" lon="127.412595"/></trkseg>
<trkseg><trkpt lat="36.294535" lon="127.414055"/><trkpt lat="36.294567" lon="127.414409"/><trkpt lat="36.294576" lon="127.414471"/><trkpt lat="36.294588" lon="127.414513"/><trkpt lat="36.294623" lon="127.414567"/><trkpt lat="36.294644" lon="127.414604"/><trkpt lat="36.294661" lon="127.414647"/><trkpt lat="36.294712" lon="127.414797"/><trkpt lat="36.29473" lon="127.414838"/><trkpt lat="36.294752" lon="127.414868"/><trkpt lat="36.29478" lon="127.414877"/><trkpt lat="36.294811" lon="127.414869"/><trkpt lat="36.29484" lon="127.414841"/><trkpt lat="36.294866" lon="127.414804"/><trkpt lat="36.295007" lon="127.414577"/><trkpt lat="36.29532" lon="127.414076"/></trkseg>
<trkseg><trkpt lat="36.29532" lon="127.414076"/><trkpt lat="36.295322" lon="127.413876"/><trkpt lat="36.295326" lon="127.413831"/><trkpt lat="36.295339" lon="127.413797"/><trkpt lat="36.295369" lon="127.413781"/><trkpt lat="36.295406" lon="127.413776"/><trkpt lat="36.295568" lon="127.413771"/><trkpt lat="36.29573" lon="127.413765"/><trkpt lat="36.29577" lon="127.413758"/><trkpt lat="36.295811" lon="127.413731"/><trkpt lat="36.295839" lon="127.413695"/><trkpt lat="36.295849" lon="127.413677"/></trkseg>
<trkseg><trkpt lat="36.295858" lon="127.412595"/><trkpt lat="36.295846" lon="127.412614"/><trkpt lat="36.295827" lon="127.412662"/><trkpt lat="36.295819" lon="127.412721"/><trkpt lat="36.295822" lon="127.412805"/><trkpt lat="36.295827" lon="127.41287"/><trkpt lat="36.295836" lon="127.412918"/><trkpt lat="36.295858" lon="127.412985"/><trkpt lat="36.295867" lon="127.413023"/><trkpt lat="36.29586" lon="127.413059"/><trkpt lat="36.295841" lon="127.413095"/><trkpt lat="36.295795" lon="127.413166"/><trkpt lat="36.29578" lon="127.413204"/><trkpt lat="36.29578" lon="127.413248"/><trkpt lat="36.295789" lon="127.413293"/><trkpt lat="36.295831" lon="127.413448"/><trkpt lat="36.29585" lon="127.413526"/><trkpt lat="36.295858" lon="127.413585"/><trkpt lat="36.295856" lon="127.413641"/><trkpt lat="36.29585" lon="127.413674"/><trkpt lat="36.295849" lon="127.413677"/></trkseg>
<trkseg><trkpt lat="36.296673" lon="127.412244"/><trkpt lat="36.29666" lon="127.412242"/><trkpt lat="36.296638" lon="127.412257"/><trkpt lat="36.296623" lon="127.4123"/><trkpt lat="36.296617" lon="127.412348"/><trkpt lat="36.296608" lon="127.41239"/><trkpt lat="36.29659" lon="127.412419"/><trkpt lat="36.296565" lon="127.412433"/><trkpt lat="36.296535" lon="127.412428"/><trkpt lat="36.296503" lon="127.412407"/><trkpt lat="36.296437" lon="127.412354"/><trkpt lat="36.296403" lon="127.412332"/><trkpt lat="36.296368" lon="127.41232"/><trkpt lat="36.296332" lon="127.41232"/><trkpt lat="36.296297" lon="127.41233"/><trkpt lat="36.296264" lon="127.412347"/><trkpt lat="36.296235" lon="127.41237"/><trkpt lat="36.296218" lon="127.412402"/><trkpt lat="36.296214" lon="127.412443"/><trkpt lat="36.296212" lon="127.412523"/><trkpt lat="36.296199" lon="127.412541"/><trkpt lat="36.296171" lon="127.412536"/><trkpt lat="36.296112" lon="127.412515"/><trkpt lat="36.296077" lon="127.412514"/><trkpt lat="36.296049" lon="127.412531"/><trkpt lat="36.296024" lon="127.41257"/><trkpt lat="36.296003" lon="127.412587"/><trkpt lat="36.295976" lon="127.412582"/><trkpt lat="36.295929" lon="127.412566"/><trkpt lat="36.29589" lon="127.412567"/><trkpt lat="36.295863" lon="127.412586"/><trkpt lat="36.295858" lon="127.412595"/></trkseg>
<trkseg><trkpt lat="36.295858" lon="127.412595"/><trkpt lat="36.295638" lon="127.41217"/></trkseg>
<trkseg><trkpt lat="36.295638" lon="127.41217"/><trkpt lat="36.295637" lon="127.412153"/><trkpt lat="36.295651" lon="127.412117"/><trkpt lat="36.295683" lon="127.41208"/><trkpt lat="36.295719" lon="127.412057"/><trkpt lat="36.295755" lon="127.412043"/><trkpt lat="36.295817" lon="127.412041"/><trkpt lat="36.295854" lon="127.412038"/><trkpt lat="36.29589" lon="127.412023"/><trkpt lat="36.295926" lon="127.412002"/><trkpt lat="36.296055" lon="127.411914"/><trkpt lat="36.296091" lon="127.411893"/><trkpt lat="36.296127" lon="127.411881"/><trkpt lat="36.296161" lon="127.41188"/><trkpt lat="36.296192" lon="127.41189"/><trkpt lat="36.296216" lon="127.411915"/><trkpt lat="36.296237" lon="127.411945"/><trkpt lat="36.296265" lon="127.411958"/><trkpt lat="36.296296" lon="127.411949"/><trkpt lat="36.296328" lon="127.411926"/><trkpt lat="36.296468" lon="127.411793"/><trkpt lat="36.296547" lon="127.411717"/></trkseg>
<trkseg><trkpt lat="36.296547" lon="127.411717"/><trkpt lat="36.296629" lon="127.411813"/><trkpt lat="36.296653" lon="127.411846"/><trkpt lat="36.296665" lon="127.411875"/><trkpt lat="36.296669" lon="127.411908"/><trkpt lat="36.296671" lon="127.412105"/><trkpt lat="36.296673" lon="127.412244"/></trkseg>
<trkseg><trkpt lat="36.296547" lon="127.411717"/><trkpt lat="36.296836" lon="127.411509"/><trkpt lat="36.296869" lon="127.411488"/><trkpt lat="36.2969" lon="127.411478"/><trkpt lat="36.296924" lon="127.411492"/><trkpt lat="36.296949" lon="127.411536"/><trkpt lat="36.296971" lon="127.41157"/><trkpt lat="36.297001" lon="127.411595"/><trkpt lat="36.297036" lon="127.411614"/><trkpt lat="36.297095" lon="127.411645"/><trkpt lat="36.297126" lon="127.411668"/><trkpt lat="36.297149" lon="127.411702"/><trkpt lat="36.297171" lon="127.411753"/><trkpt lat="36.297189" lon="127.411776"/><trkpt lat="36.297215" lon="127.411769"/><trkpt lat="36.297254" lon="127.411741"/><trkpt lat="36.297284" lon="127.411731"/><trkpt lat="36.297311" lon="127.411745"/><trkpt lat="36.297349" lon="127.411774"/><trkpt lat="36.297382" lon="127.41178"/><trkpt lat="36.297419" lon="127.411772"/><trkpt lat="36.297481" lon="127.411754"/><trkpt lat="36.297514" lon="127.411756"/><trkpt lat="36.297539" lon="127.41178"/><trkpt lat="36.297559" lon="127.411817"/><trkpt lat="36.297575" lon="127.411859"/><trkpt lat="36.297584" lon="127.411903"/><trkpt lat="36.297586" lon="127.41195"/><trkpt lat="36.297584" lon="127.412044"/><trkpt lat="36.297586" lon="127.412094"/><trkpt lat="36.297598" lon="127.412153"/><trkpt lat="36.297613" lon="127.412203"/><trkpt lat="36.297621" lon="127.412225"/></trkseg>
<trkseg><trkpt lat="36.297621" lon="127.412225"/><trkpt lat="36.297558" lon="127.412251"/><trkpt lat="36.297509" lon="127.412265"/><trkpt lat="36.29747" lon="127.412265"/><trkpt lat="36.297419" lon="127.412253"/><trkpt lat="36.297241" lon="127.412201"/><trkpt lat="36.29719" lon="127.41219"/><trkpt lat="36.297151" lon="127.412188"/><trkpt lat="36.297085" lon="127.412194"/><trkpt lat="36.296673" lon="127.412244"/></trkseg>
<trkseg><trkpt lat="36.298744" lon="127.412389"/><trkpt lat="36.298509" lon="127.411984"/><trkpt lat="36.298485" lon="127.411946"/><trkpt lat="36.298456" lon="127.411917"/><trkpt lat="36.298421" lon="127.411903"/><trkpt lat="36.298383" lon="127.411898"/><trkpt lat="36.298345" lon="127.411901"/><trkpt lat="36.29831" lon="127.411916"/><trkpt lat="36.298277" lon="127.41194"/><trkpt lat="36.298148" lon="127.412051"/><trkpt lat="36.298104" lon="127.412084"/><trkpt lat="36.298056" lon="127.412112"/><trkpt lat="36.297882" lon="127.412197"/><trkpt lat="36.297825" lon="127.41223"/><trkpt lat="36.297795" lon="127.412255"/><trkpt lat="36.297771" lon="127.412263"/><trkpt lat="36.297735" lon="127.412259"/><trkpt lat="36.297669" lon="127.41224"/><trkpt lat="36.297621" lon="127.412225"/></trkseg>
<trkseg><trkpt lat="36.300826" lon="127.414403"/><trkpt lat="36.300855" lon="127.414418"/><trkpt lat="36.300888" lon="127.414449"/><trkpt lat="36.300902" lon="127.414492"/><trkpt lat="36.300902" lon="127.414535"/><trkpt lat="36.300897" lon="127.41461"/><trkpt lat="36.300891" lon="127.414654"/><trkpt lat="36.300878" lon="127.414695"/><trkpt lat="36.300857" lon="127.414732"/><trkpt lat="36.300831" lon="127.414764"/><trkpt lat="36.3008" lon="127.41479"/><trkpt lat="36.300766" lon="127.414806"/><trkpt lat="36.300691" lon="127.41483"/><trkpt lat="36.300582" lon="127.414864"/></trkseg>
<trkseg><trkpt lat="36.300905" lon="127.414036"/><trkpt lat="36.300855" lon="127.414122"/><trkpt lat="36.300844" lon="127.414151"/><trkpt lat="36.30084" lon="127.414175"/><trkpt lat="36.300826" lon="127.414403"/></trkseg>
<trkseg><trkpt lat="36.300096" lon="127.413597"/><trkpt lat="36.300122" lon="127.413673"/><trkpt lat="36.300147" lon="127.413727"/><trkpt lat="36.300175" lon="127.413764"/><trkpt lat="36.30033" lon="127.413923"/><trkpt lat="36.300383" lon="127.413973"/><trkpt lat="36.300416" lon="127.413998"/><trkpt lat="36.300452" lon="127.41401"/><trkpt lat="36.300491" lon="127.414013"/><trkpt lat="36.300677" lon="127.414003"/><trkpt lat="36.300783" lon="127.413999"/><trkpt lat="36.300832" lon="127.414006"/><trkpt lat="36.300876" lon="127.414022"/><trkpt lat="36.300905" lon="127.414036"/></trkseg>
<trkseg><trkpt lat="36.300905" lon="127.414036"/><trkpt lat="36.300967" lon="127.414054"/><trkpt lat="36.301016" lon="127.414072"/><trkpt lat="36.301053" lon="127.414091"/><trkpt lat="36.301085" lon="127.414119"/><trkpt lat="36.301126" lon="127.414163"/><trkpt lat="36.301215" lon="127.414264"/><trkpt lat="36.301245" lon="127.414294"/><trkpt lat="36.301278" lon="127.414312"/><trkpt lat="36.301313" lon="127.414312"/><trkpt lat="36.30135" lon="127.4143"/><trkpt lat="36.301501" lon="127.414238"/><trkpt lat="36.301678" lon="127.414166"/><trkpt lat="36.301729" lon="127.41415"/><trkpt lat="36.301793" lon="127.414139"/><trkpt lat="36.301831" lon="127.414136"/><trkpt lat="36.301866" lon="127.414138"/><trkpt lat="36.301896" lon="127.414154"/><trkpt lat="36.301918" lon="127.414186"/><trkpt lat="36.301937" lon="127.414226"/><trkpt lat="36.301959" lon="127.414283"/><trkpt lat="36.301971" lon="127.414328"/><trkpt lat="36.301975" lon="127.414376"/><trkpt lat="36.301977" lon="127.414475"/><trkpt lat="36.301978" lon="127.414521"/><trkpt lat="36.301986" lon="127.414559"/><trkpt lat="36.302008" lon="127.414578"/><trkpt lat="36.302041" lon="127.414581"/><trkpt lat="36.302159" lon="127.414568"/><trkpt lat="36.302213" lon="127.414563"/><trkpt lat="36.302263" lon="127.414569"/><trkpt lat="36.302306" lon="127.414584"/><trkpt lat="36.302324" lon="127.414593"/></trkseg>
<trkseg><trkpt lat="36.302338" lon="127.410786"/><trkpt lat="36.30232" lon="127.41079"/><trkpt lat="36.30228" lon="127.410808"/><trkpt lat="36.302241" lon="127.410843"/><trkpt lat="36.302215" lon="127.410881"/><trkpt lat="36.302196" lon="127.410918"/><trkpt lat="36.302184" lon="127.410955"/><trkpt lat="36.302186" lon="127.410988"/><trkpt lat="36.302195" lon="127.41103"/><trkpt lat="36.302186" lon="127.411066"/><trkpt lat="36.302167" lon="127.411102"/><trkpt lat="36.302112" lon="127.41119"/><trkpt lat="36.302091" lon="127.411229"/><trkpt lat="36.302078" lon="127.41127"/><trkpt lat="36.30207" lon="127.411339"/><trkpt lat="36.302063" lon="127.411383"/><trkpt lat="36.302049" lon="127.411427"/><trkpt lat="36.302003" lon="127.411544"/><trkpt lat="36.30198" lon="127.411603"/><trkpt lat="36.301968" lon="127.411649"/><trkpt lat="36.301962" lon="127.411696"/><trkpt lat="36.301954" lon="127.411776"/><trkpt lat="36.301943" lon="127.41182"/><trkpt lat="36.301923" lon="127.411858"/><trkpt lat="36.301874" lon="127.411931"/><trkpt lat="36.301843" lon="127.41198"/><trkpt lat="36.301823" lon="127.412021"/><trkpt lat="36.301808" lon="127.412066"/><trkpt lat="36.301746" lon="127.412318"/><trkpt lat="36.301692" lon="127.412538"/><trkpt lat="36.301677" lon="127.41258"/><trkpt lat="36.301654" lon="127.412612"/><trkpt lat="36.301616" lon="127.412638"/><trkpt lat="36.301587" lon="127.412662"/><trkpt lat="36.301552" lon="127.412707"/><trkpt lat="36.301524" lon="127.41274"/><trkpt lat="36.301491" lon="127.412767"/><trkpt lat="36.301432" lon="127.412807"/><trkpt lat="36.301396" lon="127.412827"/><trkpt lat="36.30135" lon="127.412847"/><trkpt lat="36.300959" lon="127.413314"/><trkpt lat="36.300941" lon="127.413351"/><trkpt lat="36.300896" lon="127.413613"/><trkpt lat="36.300894" lon="127.413658"/><trkpt lat="36.300898" lon="127.413705"/><trkpt lat="36.300905" lon="127.414036"/></trkseg>
<trkseg><trkpt lat="36.302594" lon="127.410235"/><trkpt lat="36.302329" lon="127.410234"/><trkpt lat="36.302277" lon="127.410231"/><trkpt lat="36.30224" lon="127.410222"/><trkpt lat="36.302205" lon="127.410201"/><trkpt lat="36.302139" lon="127.410147"/><trkpt lat="36.302108" lon="127.410121"/><trkpt lat="36.302076" lon="127.410106"/><trkpt lat="36.302048" lon="127.410114"/><trkpt lat="36.302001" lon="127.410153"/><trkpt lat="36.30197" lon="127.410165"/><trkpt lat="36.301935" lon="127.410159"/><trkpt lat="36.301885" lon="127.410139"/><trkpt lat="36.301557" lon="127.409983"/><trkpt lat="36.301481" lon="127.409951"/><trkpt lat="36.301417" lon="127.409932"/><trkpt lat="36.301211" lon="127.409882"/><trkpt lat="36.301146" lon="127.40987"/><trkpt lat="36.301106" lon="127.409869"/><trkpt lat="36.301026" lon="127.409877"/><trkpt lat="36.300613" lon="127.409933"/><trkpt lat="36.300559" lon="127.409936"/><trkpt lat="36.300321" lon="127.409923"/><trkpt lat="36.300255" lon="127.409917"/><trkpt lat="36.300217" lon="127.409908"/><trkpt lat="36.300181" lon="127.40989"/><trkpt lat="36.300135" lon="127.40986"/><trkpt lat="36.300054" lon="127.409806"/><trkpt lat="36.300018" lon="127.409788"/><trkpt lat="36.29997" lon="127.409775"/><trkpt lat="36.299934" lon="127.409762"/><trkpt lat="36.299895" lon="127.409727"/><trkpt lat="36.299864" lon="127.409686"/><trkpt lat="36.299851" lon="127.409668"/></trkseg>
<trkseg><trkpt lat="36.302594" lon="127.410235"/><trkpt lat="36.302572" lon="127.410281"/><trkpt lat="36.302545" lon="127.410324"/><trkpt lat="36.302519" lon="127.410346"/><trkpt lat="36.30249" lon="127.410338"/><trkpt lat="36.302457" lon="127.410322"/><trkpt lat="36.302446" lon="127.410338"/><trkpt lat="36.302445" lon="127.410376"/><trkpt lat="36.302448" lon="127.41047"/><trkpt lat="36.302443" lon="127.410516"/><trkpt lat="36.30243" lon="127.41056"/><trkpt lat="36.302397" lon="127.410645"/><trkpt lat="36.302338" lon="127.410786"/></trkseg>
<trkseg><trkpt lat="36.301953" lon="127.408413"/><trkpt lat="36.302082" lon="127.408685"/><trkpt lat="36.302105" lon="127.408727"/><trkpt lat="36.302131" lon="127.408763"/><trkpt lat="36.302191" lon="127.408826"/><trkpt lat="36.30222" lon="127.408857"/><trkpt lat="36.302243" lon="127.408893"/><trkpt lat="36.302272" lon="127.408951"/><trkpt lat="36.302298" lon="127.408972"/><trkpt lat="36.302327" lon="127.408977"/><trkpt lat="36.302359" lon="127.408959"/><trkpt lat="36.302384" lon="127.408953"/><trkpt lat="36.302414" lon="127.408969"/><trkpt lat="36.302444" lon="127.408995"/><trkpt lat="36.302473" lon="127.409025"/><trkpt lat="36.302495" lon="127.409058"/><trkpt lat="36.302503" lon="127.409094"/><trkpt lat="36.302509" lon="127.409132"/><trkpt lat="36.302523" lon="127.409174"/><trkpt lat="36.30256" lon="127.409259"/><trkpt lat="36.302577" lon="127.409302"/><trkpt lat="36.302589" lon="127.409347"/><trkpt lat="36.302594" lon="127.409395"/><trkpt lat="36.302594" lon="127.409442"/><trkpt lat="36.302587" lon="127.409484"/><trkpt lat="36.302566" lon="127.409514"/><trkpt lat="36.302531" lon="127.409544"/><trkpt lat="36.302515" lon="127.409574"/><trkpt lat="36.302515" lon="127.409615"/><trkpt lat="36.302524" lon="127.409661"/><trkpt lat="36.302585" lon="127.409917"/><trkpt lat="36.302598" lon="127.409981"/><trkpt lat="36.302603" lon="127.410029"/><trkpt lat="36.302604" lon="127.410076"/><trkpt lat="36.302594" lon="127.410235"/></trkseg>
<trkseg><trkpt lat="36.302594" lon="127.410235"/><trkpt lat="36.302804" lon="127.41027"/><trkpt lat="36.302855" lon="127.410275"/><trkpt lat="36.302888" lon="127.41027"/><trkpt lat="36.302912" lon="127.41026"/><trkpt lat="36.302923" lon="127.410245"/><trkpt lat="36.302926" lon="127.410216"/><trkpt lat="36.302942" lon="127.410194"/><trkpt lat="36.302973" lon="127.410178"/><trkpt lat="36.30301" lon="127.410167"/><trkpt lat="36.303259" lon="127.410114"/><trkpt lat="36.303311" lon="127.410106"/><trkpt lat="36.30335" lon="127.410106"/><trkpt lat="36.303402" lon="127.410117"/><trkpt lat="36.303774" lon="127.410228"/></trkseg>
<trkseg><trkpt lat="36.302338" lon="127.410786"/><trkpt lat="36.302416" lon="127.410803"/><trkpt lat="36.302464" lon="127.410809"/><trkpt lat="36.302504" lon="127.410806"/><trkpt lat="36.302597" lon="127.41079"/><trkpt lat="36.302796" lon="127.410754"/><trkpt lat="36.302836" lon="127.410751"/><trkpt lat="36.302875" lon="127.410753"/><trkpt lat="36.302953" lon="127.41077"/><trkpt lat="36.303003" lon="127.41078"/><trkpt lat="36.303037" lon="127.410778"/><trkpt lat="36.303066" lon="127.410759"/><trkpt lat="36.303098" lon="127.410713"/><trkpt lat="36.303125" lon="127.410681"/><trkpt lat="36.303158" lon="127.410655"/><trkpt lat="36.303206" lon="127.410625"/><trkpt lat="36.303424" lon="127.410499"/><trkpt lat="36.303459" lon="127.410476"/><trkpt lat="36.303491" lon="127.410449"/><trkpt lat="36.303523" lon="127.410408"/><trkpt lat="36.303549" lon="127.410378"/><trkpt lat="36.303582" lon="127.410351"/><trkpt lat="36.303629" lon="127.410319"/><trkpt lat="36.303774" lon="127.410228"/></trkseg>
<trkseg><trkpt lat="36.303774" lon="127.410228"/><trkpt lat="36.304158" lon="127.410087"/><trkpt lat="36.304195" lon="127.41007"/><trkpt lat="36.304227" lon="127.410047"/><trkpt lat="36.304263" lon="127.410017"/><trkpt lat="36.304296" lon="127.410004"/><trkpt lat="36.304334" lon="127.410002"/><trkpt lat="36.304401" lon="127.410007"/><trkpt lat="36.304616" lon="127.410029"/><trkpt lat="36.304655" lon="127.410028"/><trkpt lat="36.304692" lon="127.410017"/><trkpt lat="36.304725" lon="127.409993"/><trkpt lat="36.304768" lon="127.409954"/><trkpt lat="36.305104" lon="127.409623"/><trkpt lat="36.305147" lon="127.409584"/><trkpt lat="36.305181" lon="127.409558"/><trkpt lat="36.305574" lon="127.409319"/></trkseg>
<trkseg><trkpt lat="36.305574" lon="127.409319"/><trkpt lat="36.305578" lon="127.409341"/><trkpt lat="36.305595" lon="127.409383"/><trkpt lat="36.305628" lon="127.409418"/><trkpt lat="36.305662" lon="127.409432"/><trkpt lat="36.305693" lon="127.409435"/><trkpt lat="36.305728" lon="127.409433"/><trkpt lat="36.305767" lon="127.409456"/><trkpt lat="36.3058" lon="127.409471"/><trkpt lat="36.305839" lon="127.409476"/><trkpt lat="36.305906" lon="127.409477"/><trkpt lat="36.306123" lon="127.409472"/><trkpt lat="36.306163" lon="127.409476"/><trkpt lat="36.306201" lon="127.409486"/><trkpt lat="36.306277" lon="127.409515"/><trkpt lat="36.306721" lon="127.409689"/><trkpt lat="36.306772" lon="127.409706"/><trkpt lat="36.306811" lon="127.409714"/><trkpt lat="36.30689" lon="127.409719"/><trkpt lat="36.307023" lon="127.409723"/></trkseg>
<trkseg><trkpt lat="36.305574" lon="127.409319"/><trkpt lat="36.305609" lon="127.40913"/><trkpt lat="36.305617" lon="127.409103"/><trkpt lat="36.305627" lon="127.409093"/><trkpt lat="36.305643" lon="127.409095"/><trkpt lat="36.305674" lon="127.409107"/><trkpt lat="36.305751" lon="127.409143"/></trkseg>
<trkseg><trkpt lat="36.305751" lon="127.409143"/><trkpt lat="36.30597" lon="127.409172"/><trkpt lat="36.306008" lon="127.409173"/><trkpt lat="36.306044" lon="127.409165"/><trkpt lat="36.306079" lon="127.409148"/><trkpt lat="36.306137" lon="127.409117"/><trkpt lat="36.306173" lon="127.409105"/><trkpt lat="36.306211" lon="127.409102"/><trkpt lat="36.306303" lon="127.409108"/><trkpt lat="36.306368" lon="127.409115"/><trkpt lat="36.306405" lon="127.409122"/><trkpt lat="36.306433" lon="127.409137"/><trkpt lat="36.306448" lon="127.409161"/><trkpt lat="36.306454" lon="127.409197"/><trkpt lat="36.306469" lon="127.409226"/><trkpt lat="36.306493" lon="127.409244"/><trkpt lat="36.306526" lon="127.409248"/><trkpt lat="36.306563" lon="127.409239"/><trkpt lat="36.306601" lon="127.409224"/><trkpt lat="36.306636" lon="127.409201"/><trkpt lat="36.306667" lon="127.409171"/><trkpt lat="36.306859" lon="127.408942"/><trkpt lat="36.306917" lon="127.408875"/><trkpt lat="36.306948" lon="127.408846"/><trkpt lat="36.306982" lon="127.408827"/><trkpt lat="36.307019" lon="127.408815"/><trkpt lat="36.307106" lon="127.408794"/><trkpt lat="36.307142" lon="127.408779"/><trkpt lat="36.307171" lon="127.408756"/><trkpt lat="36.307197" lon="127.408727"/><trkpt lat="36.307222" lon="127.408686"/><trkpt lat="36.307241" lon="127.408632"/><trkpt lat="36.307253" lon="127.408579"/></trkseg>
<trkseg><trkpt lat="36.305751" lon="127.409143"/><trkpt lat="36.305832" lon="127.409106"/><trkpt lat="36.305889" lon="127.409076"/><trkpt lat="36.305922" lon="127.40905"/><trkpt lat="36.305961" lon="127.409008"/><trkpt lat="36.306101" lon="127.408836"/><trkpt lat="36.306137" lon="127.408788"/><trkpt lat="36.30616" lon="127.408749"/><trkpt lat="36.306221" lon="127.408624"/><trkpt lat="36.306249" lon="127.408576"/><trkpt lat="36.306283" lon="127.408537"/><trkpt lat="36.306308" lon="127.408521"/><trkpt lat="36.30631" lon="127.408521"/></trkseg>
<trkseg><trkpt lat="36.30631" lon="127.408521"/><trkpt lat="36.306271" lon="127.408001"/><trkpt lat="36.306269" lon="127.407938"/><trkpt lat="36.306274" lon="127.407892"/><trkpt lat="36.30629" lon="127.40785"/><trkpt lat="36.306324" lon="127.407783"/><trkpt lat="36.30634" lon="127.40774"/><trkpt lat="36.306376" lon="127.407604"/><trkpt lat="36.306393" lon="127.407547"/><trkpt lat="36.306413" lon="127.407513"/><trkpt lat="36.306444" lon="127.407491"/><trkpt lat="36.306505" lon="127.407468"/><trkpt lat="36.306541" lon="127.40745"/><trkpt lat="36.306573" lon="127.407423"/><trkpt lat="36.306621" lon="127.407367"/><trkpt lat="36.306741" lon="127.407213"/><trkpt lat="36.306765" lon="127.407176"/><trkpt lat="36.306781" lon="127.407139"/><trkpt lat="36.306797" lon="127.407094"/><trkpt lat="36.306824" lon="127.40707"/><trkpt lat="36.306859" lon="127.407051"/><trkpt lat="36.306921" lon="127.407023"/><trkpt lat="36.306957" lon="127.407001"/><trkpt lat="36.307025" lon="127.406949"/><trkpt lat="36.307313" lon="127.406711"/></trkseg>
<trkseg><trkpt lat="36.307111" lon="127.408147"/><trkpt lat="36.307086" lon="127.408125"/><trkpt lat="36.307047" lon="127.4081"/><trkpt lat="36.307004" lon="127.40809"/><trkpt lat="36.306955" lon="127.408095"/><trkpt lat="36.306917" lon="127.40809"/><trkpt lat="36.306854" lon="127.408068"/><trkpt lat="36.306818" lon="127.408057"/><trkpt lat="36.306785" lon="127.408058"/><trkpt lat="36.306759" lon="127.408081"/><trkpt lat="36.306737" lon="127.408117"/><trkpt lat="36.30668" lon="127.408223"/><trkpt lat="36.306657" lon="127.40826"/><trkpt lat="36.306629" lon="127.408289"/><trkpt lat="36.306595" lon="127.408309"/><trkpt lat="36.306469" lon="127.408357"/><trkpt lat="36.306419" lon="127.408377"/><trkpt lat="36.306385" lon="127.408399"/><trkpt lat="36.306354" lon="127.40844"/><trkpt lat="36.306327" lon="127.408488"/><trkpt lat="36.30631" lon="127.408521"/></trkseg>
<trkseg><trkpt lat="36.307296" lon="127.40856"/><trkpt lat="36.307225" lon="127.408532"/><trkpt lat="36.307202" lon="127.40852"/><trkpt lat="36.307182" lon="127.408502"/><trkpt lat="36.307167" lon="127.408478"/><trkpt lat="36.307149" lon="127.408443"/><trkpt lat="36.307138" lon="127.408415"/><trkpt lat="36.307131" lon="127.408385"/><trkpt lat="36.307125" lon="127.408334"/><trkpt lat="36.307111" lon="127.408147"/></trkseg>
<trkseg><trkpt lat="36.307372" lon="127.408498"/><trkpt lat="36.307289" lon="127.40826"/><trkpt lat="36.307273" lon="127.408224"/><trkpt lat="36.307257" lon="127.408204"/><trkpt lat="36.307237" lon="127.408192"/><trkpt lat="36.307198" lon="127.408177"/><trkpt lat="36.307111" lon="127.408147"/></trkseg>
<trkseg><trkpt lat="36.307296" lon="127.40856"/><trkpt lat="36.307372" lon="127.408498"/></trkseg>
<trkseg><trkpt lat="36.307528" lon="127.408547"/><trkpt lat="36.307372" lon="127.408498"/></trkseg>
<trkseg><trkpt lat="36.307253" lon="127.408579"/><trkpt lat="36.307338" lon="127.40867"/><trkpt lat="36.307349" lon="127.408677"/><trkpt lat="36.307362" lon="127.40868"/><trkpt lat="36.307454" lon="127.408673"/></trkseg>
<trkseg><trkpt lat="36.307528" lon="127.408547"/><trkpt lat="36.307454" lon="127.408673"/></trkseg>
<trkseg><trkpt lat="36.307454" lon="127.408673"/><trkpt lat="36.307607" lon="127.408609"/></trkseg>
<trkseg><trkpt lat="36.307607" lon="127.408609"/><trkpt lat="36.307528" lon="127.408547"/></trkseg>
<trkseg><trkpt lat="36.308182" lon="127.407918"/><trkpt lat="36.308108" lon="127.407956"/><trkpt lat="36.308065" lon="127.407981"/><trkpt lat="36.308034" lon="127.408007"/><trkpt lat="36.308008" lon="127.408042"/><trkpt lat="36.307962" lon="127.40812"/><trkpt lat="36.307812" lon="127.408389"/><trkpt lat="36.307788" lon="127.408427"/><trkpt lat="36.307761" lon="127.408461"/><trkpt lat="36.307721" lon="127.408502"/><trkpt lat="36.307607" lon="127.408609"/></trkseg>
<trkseg><trkpt lat="36.307253" lon="127.408579"/><trkpt lat="36.307432" lon="127.40885"/><trkpt lat="36.307453" lon="127.408888"/><trkpt lat="36.307469" lon="127.408928"/><trkpt lat="36.307486" lon="127.40898"/><trkpt lat="36.307508" lon="127.409013"/><trkpt lat="36.30754" lon="127.409054"/><trkpt lat="36.307554" lon="127.409094"/><trkpt lat="36.307564" lon="127.409149"/><trkpt lat="36.307574" lon="127.409242"/><trkpt lat="36.307574" lon="127.409245"/></trkseg>
<trkseg><trkpt lat="36.307253" lon="127.408579"/><trkpt lat="36.307296" lon="127.40856"/></trkseg>
<trkseg><trkpt lat="36.307574" lon="127.409245"/><trkpt lat="36.307546" lon="127.409262"/><trkpt lat="36.307503" lon="127.409282"/><trkpt lat="36.307461" lon="127.409287"/><trkpt lat="36.307429" lon="127.409278"/><trkpt lat="36.3074" lon="127.409282"/><trkpt lat="36.307365" lon="127.409312"/><trkpt lat="36.307315" lon="127.409347"/><trkpt lat="36.307287" lon="127.40937"/><trkpt lat="36.307266" lon="127.409407"/><trkpt lat="36.307242" lon="127.409462"/><trkpt lat="36.30722" lon="127.409497"/><trkpt lat="36.30719" lon="127.409516"/><trkpt lat="36.307133" lon="127.409537"/><trkpt lat="36.307103" lon="127.409559"/><trkpt lat="36.307078" lon="127.409595"/><trkpt lat="36.307053" lon="127.40965"/><trkpt lat="36.307023" lon="127.409723"/></trkseg>
<trkseg><trkpt lat="36.307574" lon="127.409245"/><trkpt lat="36.307564" lon="127.409256"/><trkpt lat="36.307551" lon="127.409289"/><trkpt lat="36.307553" lon="127.409342"/><trkpt lat="36.30758" lon="127.409437"/><trkpt lat="36.307596" lon="127.409499"/><trkpt lat="36.307604" lon="127.409546"/><trkpt lat="36.307625" lon="127.409739"/><trkpt lat="36.307633" lon="127.409786"/><trkpt lat="36.307645" lon="127.409832"/><trkpt lat="36.30768" lon="127.409916"/><trkpt lat="36.307694" lon="127.409955"/><trkpt lat="36.307693" lon="127.409991"/><trkpt lat="36.307672" lon="127.410021"/><trkpt lat="36.307641" lon="127.410051"/><trkpt lat="36.30755" lon="127.410125"/><trkpt lat="36.307543" lon="127.410132"/></trkseg>
<trkseg><trkpt lat="36.307023" lon="127.409723"/><trkpt lat="36.307309" lon="127.409778"/><trkpt lat="36.307347" lon="127.409788"/><trkpt lat="36.30738" lon="127.409806"/><trkpt lat="36.307405" lon="127.409838"/><trkpt lat="36.307427" lon="127.409877"/><trkpt lat="36.307502" lon="127.410043"/><trkpt lat="36.307543" lon="127.410132"/></trkseg>
<trkseg><trkpt lat="36.307543" lon="127.410132"/><trkpt lat="36.307611" lon="127.41037"/><trkpt lat="36.307621" lon="127.410391"/><trkpt lat="36.307635" lon="127.410406"/><trkpt lat="36.307654" lon="127.410423"/><trkpt lat="36.307651" lon="127.41044"/><trkpt lat="36.307635" lon="127.410464"/><trkpt lat="36.307609" lon="127.410498"/></trkseg>
<trkseg><trkpt lat="36.30385" lon="127.406847"/><trkpt lat="36.30361" lon="127.407025"/><trkpt lat="36.303565" lon="127.407058"/><trkpt lat="36.303529" lon="127.407077"/><trkpt lat="36.303465" lon="127.407101"/><trkpt lat="36.302928" lon="127.407255"/><trkpt lat="36.302851" lon="127.407282"/><trkpt lat="36.302815" lon="127.407302"/><trkpt lat="36.302784" lon="127.407331"/><trkpt lat="36.302756" lon="127.407364"/><trkpt lat="36.302616" lon="127.407579"/><trkpt lat="36.302569" lon="127.407635"/><trkpt lat="36.302538" lon="127.407663"/><trkpt lat="36.3025" lon="127.40769"/><trkpt lat="36.302475" lon="127.407718"/><trkpt lat="36.302453" lon="127.407755"/><trkpt lat="36.302409" lon="127.407852"/><trkpt lat="36.302386" lon="127.40791"/><trkpt lat="36.302373" lon="127.407955"/><trkpt lat="36.302365" lon="127.408003"/><trkpt lat="36.302347" lon="127.40815"/><trkpt lat="36.302338" lon="127.408195"/><trkpt lat="36.302322" lon="127.408227"/><trkpt lat="36.302293" lon="127.408239"/><trkpt lat="36.302257" lon="127.40824"/><trkpt lat="36.302194" lon="127.408239"/><trkpt lat="36.302158" lon="127.408248"/><trkpt lat="36.302124" lon="127.408268"/><trkpt lat="36.302059" lon="127.40832"/><trkpt lat="36.301953" lon="127.408413"/></trkseg>
<trkseg><trkpt lat="36.302535" lon="127.403245"/><trkpt lat="36.302195" lon="127.403601"/><trkpt lat="36.302167" lon="127.403636"/><trkpt lat="36.302148" lon="127.403675"/><trkpt lat="36.302138" lon="127.403719"/><trkpt lat="36.30213" lon="127.403782"/><trkpt lat="36.302123" lon="127.403876"/><trkpt lat="36.302126" lon="127.40392"/><trkpt lat="36.302141" lon="127.40396"/><trkpt lat="36.302167" lon="127.403994"/><trkpt lat="36.302216" lon="127.404049"/><trkpt lat="36.302267" lon="127.404101"/><trkpt lat="36.3023" lon="127.404128"/><trkpt lat="36.302335" lon="127.404148"/><trkpt lat="36.302473" lon="127.404203"/><trkpt lat="36.302534" lon="127.404228"/><trkpt lat="36.302565" lon="127.404247"/><trkpt lat="36.302582" lon="127.404276"/><trkpt lat="36.302583" lon="127.404318"/><trkpt lat="36.302574" lon="127.404395"/><trkpt lat="36.302573" lon="127.404441"/><trkpt lat="36.302584" lon="127.404481"/><trkpt lat="36.302606" lon="127.404517"/><trkpt lat="36.302656" lon="127.404587"/><trkpt lat="36.30268" lon="127.404625"/><trkpt lat="36.302715" lon="127.404695"/><trkpt lat="36.302855" lon="127.404997"/><trkpt lat="36.302893" lon="127.405084"/><trkpt lat="36.302909" lon="127.405128"/><trkpt lat="36.302919" lon="127.405175"/><trkpt lat="36.302932" lon="127.405272"/><trkpt lat="36.302993" lon="127.405775"/><trkpt lat="36.303005" lon="127.405838"/><trkpt lat="36.303019" lon="127.405883"/><trkpt lat="36.303037" lon="127.405927"/><trkpt lat="36.3032" lon="127.406267"/><trkpt lat="36.303321" lon="127.406523"/><trkpt lat="36.303343" lon="127.406563"/><trkpt lat="36.303369" lon="127.406596"/><trkpt lat="36.303401" lon="127.406617"/><trkpt lat="36.30345" lon="127.406635"/><trkpt lat="36.303536" lon="127.406664"/><trkpt lat="36.303568" lon="127.406683"/><trkpt lat="36.303592" lon="127.406715"/><trkpt lat="36.303624" lon="127.406801"/><trkpt lat="36.303642" lon="127.406839"/><trkpt lat="36.303669" lon="127.406858"/><trkpt lat="36.303705" lon="127.406862"/><trkpt lat="36.303766" lon="127.406857"/><trkpt lat="36.30385" lon="127.406847"/></trkseg>
<trkseg><trkpt lat="36.30385" lon="127.406847"/><trkpt lat="36.303897" lon="127.406788"/><trkpt lat="36.303934" lon="127.406745"/><trkpt lat="36.303967" lon="127.406718"/><trkpt lat="36.304003" lon="127.406704"/><trkpt lat="36.304054" lon="127.406693"/><trkpt lat="36.304143" lon="127.406674"/><trkpt lat="36.304179" lon="127.40666"/><trkpt lat="36.304213" lon="127.406637"/><trkpt lat="36.304245" lon="127.406608"/><trkpt lat="36.304351" lon="127.406507"/><trkpt lat="36.304384" lon="127.406481"/><trkpt lat="36.304419" lon="127.406462"/><trkpt lat="36.304456" lon="127.406454"/><trkpt lat="36.304572" lon="127.406446"/><trkpt lat="36.304636" lon="127.406439"/><trkpt lat="36.304674" lon="127.406429"/><trkpt lat="36.304711" lon="127.406413"/><trkpt lat="36.304919" lon="127.406298"/><trkpt lat="36.30537" lon="127.40605"/><trkpt lat="36.30543" lon="127.406014"/><trkpt lat="36.305464" lon="127.40599"/><trkpt lat="36.305494" lon="127.405958"/><trkpt lat="36.30556" lon="127.405874"/><trkpt lat="36.305689" lon="127.405703"/><trkpt lat="36.305718" lon="127.405669"/><trkpt lat="36.30575" lon="127.405642"/><trkpt lat="36.305785" lon="127.405622"/><trkpt lat="36.306021" lon="127.405526"/></trkseg>
<trkseg><trkpt lat="36.301953" lon="127.408413"/><trkpt lat="36.301713" lon="127.408415"/><trkpt lat="36.301673" lon="127.40842"/><trkpt lat="36.301636" lon="127.408431"/><trkpt lat="36.301601" lon="127.408446"/><trkpt lat="36.301568" lon="127.408468"/><trkpt lat="36.301537" lon="127.408496"/><trkpt lat="36.301459" lon="127.408576"/><trkpt lat="36.301428" lon="127.408602"/><trkpt lat="36.301395" lon="127.408618"/><trkpt lat="36.301347" lon="127.408624"/><trkpt lat="36.301314" lon="127.408635"/><trkpt lat="36.301273" lon="127.408653"/><trkpt lat="36.301238" lon="127.408656"/><trkpt lat="36.301191" lon="127.408649"/><trkpt lat="36.301161" lon="127.408653"/><trkpt lat="36.301125" lon="127.408666"/><trkpt lat="36.301091" lon="127.408661"/><trkpt lat="36.300993" lon="127.408628"/><trkpt lat="36.300956" lon="127.408617"/><trkpt lat="36.300917" lon="127.408613"/><trkpt lat="36.300836" lon="127.408617"/><trkpt lat="36.300203" lon="127.408672"/></trkseg>
<trkseg><trkpt lat="36.30103" lon="127.404651"/><trkpt lat="36.301012" lon="127.40503"/><trkpt lat="36.301012" lon="127.405079"/><trkpt lat="36.301017" lon="127.405126"/><trkpt lat="36.301029" lon="127.405172"/><trkpt lat="36.301044" lon="127.405217"/><trkpt lat="36.301062" lon="127.40526"/><trkpt lat="36.301085" lon="127.405298"/><trkpt lat="36.301115" lon="127.40533"/><trkpt lat="36.301159" lon="127.40537"/><trkpt lat="36.301279" lon="127.405474"/><trkpt lat="36.301302" lon="127.405499"/><trkpt lat="36.301306" lon="127.405518"/><trkpt lat="36.301288" lon="127.405536"/><trkpt lat="36.301284" lon="127.405561"/><trkpt lat="36.301294" lon="127.405599"/><trkpt lat="36.301315" lon="127.405654"/><trkpt lat="36.30136" lon="127.40577"/><trkpt lat="36.301372" lon="127.405813"/><trkpt lat="36.301372" lon="127.405858"/><trkpt lat="36.301363" lon="127.405903"/><trkpt lat="36.301342" lon="127.405995"/><trkpt lat="36.301339" lon="127.406042"/><trkpt lat="36.301344" lon="127.40609"/><trkpt lat="36.301361" lon="127.406187"/><trkpt lat="36.301426" lon="127.406511"/><trkpt lat="36.301433" lon="127.40656"/><trkpt lat="36.301435" lon="127.406609"/><trkpt lat="36.301429" lon="127.406657"/><trkpt lat="36.301342" lon="127.407094"/><trkpt lat="36.301328" lon="127.407175"/><trkpt lat="36.301325" lon="127.407224"/><trkpt lat="36.301326" lon="127.407273"/><trkpt lat="36.301336" lon="127.407387"/><trkpt lat="36.301345" lon="127.407468"/><trkpt lat="36.301354" lon="127.407516"/><trkpt lat="36.301369" lon="127.407575"/><trkpt lat="36.301393" lon="127.407648"/><trkpt lat="36.301411" lon="127.407688"/><trkpt lat="36.301436" lon="127.407722"/><trkpt lat="36.301477" lon="127.407763"/><trkpt lat="36.301502" lon="127.407798"/><trkpt lat="36.301538" lon="127.407883"/><trkpt lat="36.301559" lon="127.407924"/><trkpt lat="36.301584" lon="127.407961"/><trkpt lat="36.301763" lon="127.408181"/><trkpt lat="36.301953" lon="127.408413"/></trkseg>
<trkseg><trkpt lat="36.299826" lon="127.408919"/><trkpt lat="36.299709" lon="127.408921"/></trkseg>
<trkseg><trkpt lat="36.299826" lon="127.408919"/><trkpt lat="36.299839" lon="127.409086"/></trkseg>
<trkseg><trkpt lat="36.299806" lon="127.408764"/><trkpt lat="36.299826" lon="127.408919"/></trkseg>
<trkseg><trkpt lat="36.29988" lon="127.408411"/><trkpt lat="36.299802" lon="127.408552"/><trkpt lat="36.299794" lon="127.408572"/><trkpt lat="36.299791" lon="127.408593"/><trkpt lat="36.299792" lon="127.408622"/><trkpt lat="36.299806" lon="127.408764"/></trkseg>
<trkseg><trkpt lat="36.300021" lon="127.408437"/><trkpt lat="36.299806" lon="127.408764"/></trkseg>
<trkseg><trkpt lat="36.299806" lon="127.408764"/><trkpt lat="36.300075" lon="127.408667"/><trkpt lat="36.300106" lon="127.40866"/><trkpt lat="36.300131" lon="127.40866"/><trkpt lat="36.300203" lon="127.408672"/></trkseg>
<trkseg><trkpt lat="36.299721" lon="127.40791"/><trkpt lat="36.300126" lon="127.407761"/></trkseg>
<trkseg><trkpt lat="36.300034" lon="127.40748"/><trkpt lat="36.299746" lon="127.407302"/></trkseg>
<trkseg><trkpt lat="36.300126" lon="127.407761"/><trkpt lat="36.300034" lon="127.40748"/></trkseg>
<trkseg><trkpt lat="36.300203" lon="127.408672"/><trkpt lat="36.300107" lon="127.408572"/><trkpt lat="36.300097" lon="127.408556"/><trkpt lat="36.30009" lon="127.408538"/><trkpt lat="36.300083" lon="127.408499"/><trkpt lat="36.300126" lon="127.407761"/></trkseg>
<trkseg><trkpt lat="36.300034" lon="127.40748"/><trkpt lat="36.300106" lon="127.407065"/><trkpt lat="36.300119" lon="127.407004"/><trkpt lat="36.300134" lon="127.406965"/><trkpt lat="36.30016" lon="127.40694"/><trkpt lat="36.300206" lon="127.406917"/><trkpt lat="36.300235" lon="127.406892"/><trkpt lat="36.300256" lon="127.406855"/><trkpt lat="36.300273" lon="127.406811"/><trkpt lat="36.300287" lon="127.406765"/><trkpt lat="36.300296" lon="127.406719"/><trkpt lat="36.300294" lon="127.406673"/><trkpt lat="36.300283" lon="127.406627"/><trkpt lat="36.300217" lon="127.406428"/><trkpt lat="36.300167" lon="127.406275"/></trkseg>
<trkseg><trkpt lat="36.299803" lon="127.403427"/><trkpt lat="36.299769" lon="127.403433"/><trkpt lat="36.299725" lon="127.403455"/><trkpt lat="36.299691" lon="127.403491"/><trkpt lat="36.299659" lon="127.403541"/><trkpt lat="36.29963" lon="127.403592"/><trkpt lat="36.299613" lon="127.403633"/><trkpt lat="36.299606" lon="127.403678"/><trkpt lat="36.299608" lon="127.403726"/><trkpt lat="36.299631" lon="127.403922"/><trkpt lat="36.299655" lon="127.404136"/><trkpt lat="36.299659" lon="127.404185"/><trkpt lat="36.299658" lon="127.404232"/><trkpt lat="36.299655" lon="127.404299"/><trkpt lat="36.299664" lon="127.404333"/><trkpt lat="36.299689" lon="127.404361"/><trkpt lat="36.299738" lon="127.404404"/><trkpt lat="36.299761" lon="127.404434"/><trkpt lat="36.299771" lon="127.404477"/><trkpt lat="36.299774" lon="127.404525"/><trkpt lat="36.29977" lon="127.404726"/><trkpt lat="36.299769" lon="127.404826"/><trkpt lat="36.299774" lon="127.404874"/><trkpt lat="36.299787" lon="127.404921"/><trkpt lat="36.299815" lon="127.404995"/><trkpt lat="36.299853" lon="127.405084"/><trkpt lat="36.299875" lon="127.405125"/><trkpt lat="36.2999" lon="127.405162"/><trkpt lat="36.300072" lon="127.405365"/><trkpt lat="36.300128" lon="127.405434"/><trkpt lat="36.300153" lon="127.405471"/><trkpt lat="36.300171" lon="127.40551"/><trkpt lat="36.300185" lon="127.405552"/><trkpt lat="36.300193" lon="127.405597"/><trkpt lat="36.300194" lon="127.405646"/><trkpt lat="36.300186" lon="127.405845"/><trkpt lat="36.300167" lon="127.406275"/></trkseg>
<trkseg><trkpt lat="36.300167" lon="127.406275"/><trkpt lat="36.299682" lon="127.406419"/><trkpt lat="36.299645" lon="127.406433"/><trkpt lat="36.29961" lon="127.406463"/><trkpt lat="36.299591" lon="127.406509"/><trkpt lat="36.29958" lon="127.40656"/></trkseg>
<trkseg><trkpt lat="36.299803" lon="127.403427"/><trkpt lat="36.29974" lon="127.4034"/><trkpt lat="36.29969" lon="127.403383"/><trkpt lat="36.29965" lon="127.403376"/><trkpt lat="36.299613" lon="127.403381"/><trkpt lat="36.299551" lon="127.403399"/><trkpt lat="36.299465" lon="127.40343"/><trkpt lat="36.29943" lon="127.403447"/><trkpt lat="36.299401" lon="127.403473"/><trkpt lat="36.299363" lon="127.403531"/><trkpt lat="36.299337" lon="127.403565"/><trkpt lat="36.299307" lon="127.403597"/><trkpt lat="36.29902" lon="127.403859"/><trkpt lat="36.298957" lon="127.403918"/><trkpt lat="36.298927" lon="127.40395"/><trkpt lat="36.298902" lon="127.403987"/><trkpt lat="36.298854" lon="127.404065"/><trkpt lat="36.298708" lon="127.404318"/></trkseg>
<trkseg><trkpt lat="36.298708" lon="127.404318"/><trkpt lat="36.298555" lon="127.404547"/><trkpt lat="36.298525" lon="127.404596"/><trkpt lat="36.298508" lon="127.404636"/><trkpt lat="36.298498" lon="127.40468"/><trkpt lat="36.298487" lon="127.404754"/><trkpt lat="36.298484" lon="127.404799"/><trkpt lat="36.298486" lon="127.404843"/><trkpt lat="36.298499" lon="127.404891"/><trkpt lat="36.298524" lon="127.40496"/><trkpt lat="36.298487" lon="127.404959"/><trkpt lat="36.298449" lon="127.404928"/><trkpt lat="36.298423" lon="127.404896"/><trkpt lat="36.298406" lon="127.404857"/><trkpt lat="36.298371" lon="127.404762"/><trkpt lat="36.298354" lon="127.404723"/><trkpt lat="36.298332" lon="127.404687"/><trkpt lat="36.298297" lon="127.404644"/><trkpt lat="36.29811" lon="127.404441"/></trkseg>
<trkseg><trkpt lat="36.29811" lon="127.404441"/><trkpt lat="36.298151" lon="127.404392"/><trkpt lat="36.298187" lon="127.40436"/><trkpt lat="36.298224" lon="127.404344"/><trkpt lat="36.298285" lon="127.404332"/><trkpt lat="36.29857" lon="127.404282"/><trkpt lat="36.298609" lon="127.40428"/><trkpt lat="36.298654" lon="127.404289"/><trkpt lat="36.298692" lon="127.404308"/><trkpt lat="36.298708" lon="127.404318"/></trkseg>
<trkseg><trkpt lat="36.29766" lon="127.399345"/><trkpt lat="36.297674" lon="127.39942"/><trkpt lat="36.297683" lon="127.39948"/><trkpt lat="36.297683" lon="127.399526"/><trkpt lat="36.297669" lon="127.399564"/><trkpt lat="36.297647" lon="127.399597"/><trkpt lat="36.297606" lon="127.399654"/><trkpt lat="36.297585" lon="127.399693"/><trkpt lat="36.297551" lon="127.399781"/><trkpt lat="36.297485" lon="127.399976"/><trkpt lat="36.297474" lon="127.400021"/><trkpt lat="36.297469" lon="127.400068"/><trkpt lat="36.297471" lon="127.400132"/><trkpt lat="36.297489" lon="127.400376"/><trkpt lat="36.297492" lon="127.400456"/><trkpt lat="36.29749" lon="127.400504"/><trkpt lat="36.297476" lon="127.400595"/><trkpt lat="36.297471" lon="127.40064"/><trkpt lat="36.297471" lon="127.400686"/><trkpt lat="36.297479" lon="127.400734"/><trkpt lat="36.297504" lon="127.400846"/><trkpt lat="36.297511" lon="127.400893"/><trkpt lat="36.297507" lon="127.400939"/><trkpt lat="36.297495" lon="127.400984"/><trkpt lat="36.297457" lon="127.401089"/><trkpt lat="36.297427" lon="127.401161"/><trkpt lat="36.297405" lon="127.401199"/><trkpt lat="36.29736" lon="127.401247"/><trkpt lat="36.297337" lon="127.401278"/><trkpt lat="36.297326" lon="127.40132"/><trkpt lat="36.297321" lon="127.401367"/><trkpt lat="36.297319" lon="127.401448"/><trkpt lat="36.297319" lon="127.401531"/><trkpt lat="36.297323" lon="127.401579"/><trkpt lat="36.297344" lon="127.40172"/><trkpt lat="36.297362" lon="127.40183"/><trkpt lat="36.297373" lon="127.401875"/><trkpt lat="36.29739" lon="127.401919"/><trkpt lat="36.297433" lon="127.402002"/><trkpt lat="36.297453" lon="127.402044"/><trkpt lat="36.297464" lon="127.402088"/><trkpt lat="36.297464" lon="127.402133"/><trkpt lat="36.297459" lon="127.402178"/><trkpt lat="36.297448" lon="127.402224"/><trkpt lat="36.297426" lon="127.402283"/><trkpt lat="36.297358" lon="127.402444"/><trkpt lat="36.297341" lon="127.402489"/><trkpt lat="36.297329" lon="127.402535"/><trkpt lat="36.297319" lon="127.4026"/><trkpt lat="36.297303" lon="127.402764"/><trkpt lat="36.297299" lon="127.40283"/><trkpt lat="36.297301" lon="127.402879"/><trkpt lat="36.297308" lon="127.402926"/><trkpt lat="36.297352" lon="127.40313"/><trkpt lat="36.297394" lon="127.403317"/><trkpt lat="36.297408" lon="127.403361"/><trkpt lat="36.297428" lon="127.403403"/><trkpt lat="36.297522" lon="127.403561"/><trkpt lat="36.297618" lon="127.403718"/><trkpt lat="36.297644" lon="127.403753"/><trkpt lat="36.297676" lon="127.40378"/><trkpt lat="36.297735" lon="127.403815"/><trkpt lat="36.29777" lon="127.403837"/><trkpt lat="36.2978" lon="127.403865"/><trkpt lat="36.297825" lon="127.403902"/><trkpt lat="36.297855" lon="127.403956"/><trkpt lat="36.29811" lon="127.404441"/></trkseg>
<trkseg><trkpt lat="36.29669" lon="127.398982"/><trkpt lat="36.296767" lon="127.39905"/><trkpt lat="36.296805" lon="127.399079"/><trkpt lat="36.29684" lon="127.399097"/><trkpt lat="36.296918" lon="127.399122"/><trkpt lat="36.29766" lon="127.399345"/></trkseg>
<trkseg><trkpt lat="36.298875" lon="127.398673"/><trkpt lat="36.29886" lon="127.398688"/><trkpt lat="36.29882" lon="127.398709"/><trkpt lat="36.298771" lon="127.398716"/><trkpt lat="36.29873" lon="127.398711"/><trkpt lat="36.298692" lon="127.398702"/><trkpt lat="36.298654" lon="127.398688"/><trkpt lat="36.298609" lon="127.398659"/><trkpt lat="36.298541" lon="127.398613"/><trkpt lat="36.298506" lon="127.398597"/><trkpt lat="36.298468" lon="127.398591"/><trkpt lat="36.298429" lon="127.398591"/><trkpt lat="36.298282" lon="127.398598"/><trkpt lat="36.298216" lon="127.398605"/><trkpt lat="36.298179" lon="127.398615"/><trkpt lat="36.298143" lon="127.398633"/><trkpt lat="36.298004" lon="127.398717"/><trkpt lat="36.297947" lon="127.398755"/><trkpt lat="36.297915" lon="127.398782"/><trkpt lat="36.297854" lon="127.398844"/><trkpt lat="36.297815" lon="127.398887"/><trkpt lat="36.297792" lon="127.398925"/><trkpt lat="36.297777" lon="127.398978"/><trkpt lat="36.297769" lon="127.399032"/><trkpt lat="36.297766" lon="127.399069"/></trkseg>
<trkseg><trkpt lat="36.297766" lon="127.399069"/><trkpt lat="36.297731" lon="127.399124"/><trkpt lat="36.297723" lon="127.399145"/><trkpt lat="36.29772" lon="127.399166"/><trkpt lat="36.297722" lon="127.399198"/><trkpt lat="36.297738" lon="127.399309"/><trkpt lat="36.297738" lon="127.39933"/><trkpt lat="36.297732" lon="127.399344"/><trkpt lat="36.297717" lon="127.399348"/><trkpt lat="36.297661" lon="127.399345"/><trkpt lat="36.29766" lon="127.399345"/></trkseg>
<trkseg><trkpt lat="36.29766" lon="127.399345"/><trkpt lat="36.297712" lon="127.39938"/><trkpt lat="36.297736" lon="127.399392"/><trkpt lat="36.297752" lon="127.399394"/><trkpt lat="36.297766" lon="127.399385"/><trkpt lat="36.297783" lon="127.399363"/><trkpt lat="36.297902" lon="127.399199"/></trkseg>
<trkseg><trkpt lat="36.297766" lon="127.399069"/><trkpt lat="36.297902" lon="127.399199"/></trkseg>
<trkseg><trkpt lat="36.297902" lon="127.399199"/><trkpt lat="36.297906" lon="127.39918"/><trkpt lat="36.297922" lon="127.399147"/><trkpt lat="36.297956" lon="127.399129"/><trkpt lat="36.297994" lon="127.399131"/><trkpt lat="36.29803" lon="127.399141"/><trkpt lat="36.298066" lon="127.399156"/><trkpt lat="36.298101" lon="127.399179"/><trkpt lat="36.298169" lon="127.399234"/><trkpt lat="36.298234" lon="127.399291"/><trkpt lat="36.298259" lon="127.399321"/><trkpt lat="36.298269" lon="127.399355"/><trkpt lat="36.298258" lon="127.399394"/><trkpt lat="36.298231" lon="127.399448"/><trkpt lat="36.298164" lon="127.399572"/><trkpt lat="36.298146" lon="127.399613"/><trkpt lat="36.298138" lon="127.399653"/><trkpt lat="36.298149" lon="127.399691"/><trkpt lat="36.298171" lon="127.399729"/><trkpt lat="36.298229" lon="127.399818"/><trkpt lat="36.298252" lon="127.399858"/><trkpt lat="36.298285" lon="127.39993"/><trkpt lat="36.298489" lon="127.400416"/><trkpt lat="36.298518" lon="127.400491"/><trkpt lat="36.29853" lon="127.400537"/><trkpt lat="36.29855" lon="127.400649"/><trkpt lat="36.298565" lon="127.400761"/><trkpt lat="36.298566" lon="127.400807"/><trkpt lat="36.298557" lon="127.400851"/><trkpt lat="36.298529" lon="127.40092"/><trkpt lat="36.298515" lon="127.400963"/><trkpt lat="36.298508" lon="127.401009"/><trkpt lat="36.2985" lon="127.401104"/><trkpt lat="36.2985" lon="127.401151"/><trkpt lat="36.298506" lon="127.401198"/><trkpt lat="36.298517" lon="127.401244"/><trkpt lat="36.29861" lon="127.401566"/><trkpt lat="36.29863" lon="127.401624"/><trkpt lat="36.298648" lon="127.401663"/><trkpt lat="36.298671" lon="127.401698"/><trkpt lat="36.298684" lon="127.401739"/><trkpt lat="36.298693" lon="127.401801"/><trkpt lat="36.298714" lon="127.402049"/><trkpt lat="36.298724" lon="127.402149"/><trkpt lat="36.298732" lon="127.402197"/><trkpt lat="36.298746" lon="127.40224"/><trkpt lat="36.298764" lon="127.40228"/><trkpt lat="36.298786" lon="127.402313"/><trkpt lat="36.298816" lon="127.402332"/><trkpt lat="36.298853" lon="127.402339"/><trkpt lat="36.299053" lon="127.402342"/><trkpt lat="36.299118" lon="127.402346"/><trkpt lat="36.299155" lon="127.402354"/><trkpt lat="36.299188" lon="127.402375"/><trkpt lat="36.299218" lon="127.402406"/><trkpt lat="36.299273" lon="127.402477"/><trkpt lat="36.299311" lon="127.402523"/><trkpt lat="36.299342" lon="127.402552"/><trkpt lat="36.299377" lon="127.402572"/><trkpt lat="36.299426" lon="127.402592"/><trkpt lat="36.299539" lon="127.402635"/><trkpt lat="36.299575" lon="127.402654"/><trkpt lat="36.29961" lon="127.402678"/><trkpt lat="36.299821" lon="127.402846"/><trkpt lat="36.299899" lon="127.402906"/><trkpt lat="36.299935" lon="127.402926"/><trkpt lat="36.299982" lon="127.402941"/><trkpt lat="36.300064" lon="127.402961"/></trkseg>
<trkseg><trkpt lat="36.30103" lon="127.404651"/><trkpt lat="36.30085" lon="127.404612"/><trkpt lat="36.300813" lon="127.404602"/><trkpt lat="36.300779" lon="127.404586"/><trkpt lat="36.300752" lon="127.404557"/><trkpt lat="36.300732" lon="127.404517"/><trkpt lat="36.300671" lon="127.404372"/><trkpt lat="36.300651" lon="127.40433"/><trkpt lat="36.300627" lon="127.404294"/><trkpt lat="36.300598" lon="127.404263"/><trkpt lat="36.300513" lon="127.404189"/><trkpt lat="36.30047" lon="127.404155"/><trkpt lat="36.300436" lon="127.404133"/><trkpt lat="36.300401" lon="127.404119"/><trkpt lat="36.300366" lon="127.404114"/><trkpt lat="36.300333" lon="127.404123"/><trkpt lat="36.300304" lon="127.404148"/><trkpt lat="36.300248" lon="127.404207"/><trkpt lat="36.300216" lon="127.404223"/><trkpt lat="36.300183" lon="127.40422"/><trkpt lat="36.300154" lon="127.404199"/><trkpt lat="36.300134" lon="127.404162"/><trkpt lat="36.300107" lon="127.404089"/><trkpt lat="36.300061" lon="127.403954"/><trkpt lat="36.300044" lon="127.403912"/><trkpt lat="36.300021" lon="127.403875"/><trkpt lat="36.299991" lon="127.403843"/><trkpt lat="36.299958" lon="127.403816"/><trkpt lat="36.299924" lon="127.403794"/><trkpt lat="36.299893" lon="127.403781"/><trkpt lat="36.299868" lon="127.403772"/><trkpt lat="36.299852" lon="127.403743"/><trkpt lat="36.299842" lon="127.403701"/><trkpt lat="36.299811" lon="127.403487"/><trkpt lat="36.299803" lon="127.403427"/></trkseg>
<trkseg><trkpt lat="36.300064" lon="127.402961"/><trkpt lat="36.30003" lon="127.403065"/><trkpt lat="36.300017" lon="127.403093"/><trkpt lat="36.3" lon="127.403116"/><trkpt lat="36.299977" lon="127.403133"/><trkpt lat="36.299937" lon="127.403158"/><trkpt lat="36.299917" lon="127.403179"/><trkpt lat="36.299901" lon="127.403205"/><trkpt lat="36.299873" lon="127.403265"/><trkpt lat="36.299803" lon="127.403427"/></trkseg>
<trkseg><trkpt lat="36.301234" lon="127.403726"/><trkpt lat="36.301116" lon="127.403628"/><trkpt lat="36.301083" lon="127.403604"/><trkpt lat="36.301048" lon="127.403585"/><trkpt lat="36.300998" lon="127.40357"/><trkpt lat="36.300817" lon="127.403528"/><trkpt lat="36.300754" lon="127.40351"/><trkpt lat="36.300719" lon="127.403494"/><trkpt lat="36.300668" lon="127.403466"/><trkpt lat="36.300632" lon="127.403455"/><trkpt lat="36.300602" lon="127.403434"/><trkpt lat="36.300572" lon="127.403405"/><trkpt lat="36.300512" lon="127.403343"/><trkpt lat="36.300479" lon="127.403316"/><trkpt lat="36.300434" lon="127.403287"/><trkpt lat="36.30027" lon="127.40319"/><trkpt lat="36.300236" lon="127.403166"/><trkpt lat="36.300205" lon="127.403137"/><trkpt lat="36.300147" lon="127.403067"/><trkpt lat="36.300064" lon="127.402961"/></trkseg>
<trkseg><trkpt lat="36.301234" lon="127.403726"/><trkpt lat="36.301214" lon="127.403795"/><trkpt lat="36.301202" lon="127.403853"/><trkpt lat="36.301201" lon="127.403904"/><trkpt lat="36.301206" lon="127.403953"/><trkpt lat="36.301223" lon="127.404067"/><trkpt lat="36.301226" lon="127.404116"/><trkpt lat="36.30122" lon="127.404161"/><trkpt lat="36.301208" lon="127.404203"/><trkpt lat="36.301192" lon="127.404245"/><trkpt lat="36.301173" lon="127.404283"/><trkpt lat="36.301147" lon="127.404318"/><trkpt lat="36.301077" lon="127.404391"/><trkpt lat="36.301049" lon="127.404423"/><trkpt lat="36.301028" lon="127.404459"/><trkpt lat="36.30102" lon="127.404504"/><trkpt lat="36.301022" lon="127.404567"/><trkpt lat="36.30103" lon="127.404651"/></trkseg>
<trkseg><trkpt lat="36.301684" lon="127.403472"/><trkpt lat="36.301442" lon="127.403609"/><trkpt lat="36.301417" lon="127.403629"/><trkpt lat="36.301397" lon="127.403654"/><trkpt lat="36.301369" lon="127.403699"/><trkpt lat="36.301346" lon="127.403715"/><trkpt lat="36.301314" lon="127.403722"/><trkpt lat="36.301261" lon="127.403725"/><trkpt lat="36.301234" lon="127.403726"/></trkseg>
<trkseg><trkpt lat="36.30197" lon="127.403218"/><trkpt lat="36.301945" lon="127.403193"/><trkpt lat="36.301918" lon="127.403171"/><trkpt lat="36.301894" lon="127.403164"/><trkpt lat="36.301871" lon="127.40317"/><trkpt lat="36.301827" lon="127.403193"/><trkpt lat="36.301806" lon="127.403209"/><trkpt lat="36.30179" lon="127.40323"/><trkpt lat="36.301764" lon="127.403284"/><trkpt lat="36.301684" lon="127.403472"/></trkseg>
<trkseg><trkpt lat="36.30197" lon="127.403218"/><trkpt lat="36.301684" lon="127.403472"/></trkseg>
<trkseg><trkpt lat="36.302158" lon="127.403133"/><trkpt lat="36.30197" lon="127.403218"/></trkseg>
<trkseg><trkpt lat="36.302158" lon="127.403133"/><trkpt lat="36.302142" lon="127.402956"/><trkpt lat="36.302134" lon="127.402914"/><trkpt lat="36.302122" lon="127.402886"/><trkpt lat="36.3021" lon="127.402853"/><trkpt lat="36.301955" lon="127.402663"/></trkseg>
<trkseg><trkpt lat="36.302535" lon="127.403245"/><trkpt lat="36.302158" lon="127.403133"/></trkseg>
<trkseg><trkpt lat="36.300195" lon="127.402848"/><trkpt lat="36.30024" lon="127.402759"/><trkpt lat="36.300269" lon="127.402711"/><trkpt lat="36.300305" lon="127.402663"/><trkpt lat="36.300716" lon="127.402193"/></trkseg>
<trkseg><trkpt lat="36.300716" lon="127.402193"/><trkpt lat="36.300735" lon="127.402251"/><trkpt lat="36.300751" lon="127.402312"/><trkpt lat="36.300755" lon="127.402362"/><trkpt lat="36.300744" lon="127.402403"/><trkpt lat="36.300725" lon="127.402443"/><trkpt lat="36.300703" lon="127.40248"/><trkpt lat="36.300678" lon="127.402514"/><trkpt lat="36.300645" lon="127.402543"/><trkpt lat="36.300587" lon="127.402585"/><trkpt lat="36.300195" lon="127.402848"/></trkseg>
<trkseg><trkpt lat="36.300064" lon="127.402961"/><trkpt lat="36.300467" lon="127.402965"/><trkpt lat="36.300521" lon="127.402961"/><trkpt lat="36.301211" lon="127.402881"/><trkpt lat="36.301278" lon="127.402877"/><trkpt lat="36.301318" lon="127.40288"/><trkpt lat="36.301394" lon="127.402891"/><trkpt lat="36.301428" lon="127.402888"/><trkpt lat="36.301454" lon="127.402866"/><trkpt lat="36.301472" lon="127.402826"/><trkpt lat="36.301493" lon="127.402765"/><trkpt lat="36.301543" lon="127.402609"/><trkpt lat="36.30156" lon="127.402572"/><trkpt lat="36.301583" lon="127.402558"/><trkpt lat="36.301612" lon="127.40257"/><trkpt lat="36.301669" lon="127.402603"/><trkpt lat="36.301707" lon="127.402616"/><trkpt lat="36.301824" lon="127.40264"/><trkpt lat="36.301955" lon="127.402663"/></trkseg>
<trkseg><trkpt lat="36.300195" lon="127.402848"/><trkpt lat="36.300064" lon="127.402961"/></trkseg>
<trkseg><trkpt lat="36.300919" lon="127.401146"/><trkpt lat="36.300945" lon="127.401214"/><trkpt lat="36.300959" lon="127.401269"/><trkpt lat="36.300954" lon="127.401315"/><trkpt lat="36.30093" lon="127.401387"/><trkpt lat="36.300922" lon="127.401434"/><trkpt lat="36.300918" lon="127.4015"/><trkpt lat="36.300918" lon="127.401683"/><trkpt lat="36.300916" lon="127.401733"/><trkpt lat="36.300908" lon="127.401779"/><trkpt lat="36.30089" lon="127.401819"/><trkpt lat="36.300867" lon="127.401857"/><trkpt lat="36.300803" lon="127.401957"/><trkpt lat="36.300783" lon="127.401998"/><trkpt lat="36.300747" lon="127.402098"/><trkpt lat="36.300716" lon="127.402193"/></trkseg>
<trkseg><trkpt lat="36.303063" lon="127.403034"/><trkpt lat="36.303046" lon="127.403133"/><trkpt lat="36.303033" lon="127.403189"/><trkpt lat="36.303018" lon="127.403221"/><trkpt lat="36.302992" lon="127.403231"/><trkpt lat="36.302957" lon="127.403222"/><trkpt lat="36.30288" lon="127.403193"/><trkpt lat="36.302842" lon="127.403184"/><trkpt lat="36.302803" lon="127.403185"/><trkpt lat="36.302752" lon="127.403194"/><trkpt lat="36.302535" lon="127.403245"/></trkseg>
<trkseg><trkpt lat="36.301955" lon="127.402663"/><trkpt lat="36.30202" lon="127.402677"/><trkpt lat="36.302069" lon="127.402677"/><trkpt lat="36.302106" lon="127.402661"/><trkpt lat="36.302153" lon="127.40263"/><trkpt lat="36.302257" lon="127.402557"/><trkpt lat="36.302293" lon="127.402537"/><trkpt lat="36.30233" lon="127.402525"/><trkpt lat="36.302369" lon="127.40252"/><trkpt lat="36.302618" lon="127.402509"/><trkpt lat="36.302696" lon="127.402503"/><trkpt lat="36.302733" lon="127.402492"/><trkpt lat="36.302765" lon="127.402468"/><trkpt lat="36.302801" lon="127.402429"/><trkpt lat="36.30286" lon="127.402358"/><trkpt lat="36.302862" lon="127.402356"/></trkseg>
<trkseg><trkpt lat="36.302862" lon="127.402356"/><trkpt lat="36.303099" lon="127.402476"/><trkpt lat="36.303137" lon="127.40249"/><trkpt lat="36.303175" lon="127.402495"/><trkpt lat="36.303215" lon="127.402493"/><trkpt lat="36.303322" lon="127.402484"/><trkpt lat="36.303361" lon="127.402486"/><trkpt lat="36.303398" lon="127.402495"/><trkpt lat="36.303572" lon="127.402553"/></trkseg>
<trkseg><trkpt lat="36.302614" lon="127.401494"/><trkpt lat="36.30282" lon="127.402075"/><trkpt lat="36.302838" lon="127.402137"/><trkpt lat="36.302846" lon="127.402183"/><trkpt lat="36.302856" lon="127.402279"/><trkpt lat="36.302862" lon="127.402356"/></trkseg>
<trkseg><trkpt lat="36.302862" lon="127.402356"/><trkpt lat="36.302876" lon="127.402413"/><trkpt lat="36.302895" lon="127.40247"/><trkpt lat="36.302918" lon="127.402508"/><trkpt lat="36.302951" lon="127.402526"/><trkpt lat="36.303" lon="127.402545"/><trkpt lat="36.303029" lon="127.402567"/><trkpt lat="36.303054" lon="127.402595"/><trkpt lat="36.303069" lon="127.402627"/><trkpt lat="36.303067" lon="127.402669"/><trkpt lat="36.30305" lon="127.402746"/><trkpt lat="36.303046" lon="127.402793"/><trkpt lat="36.303047" lon="127.402841"/><trkpt lat="36.303063" lon="127.403034"/></trkseg>
<trkseg><trkpt lat="36.303572" lon="127.402553"/><trkpt lat="36.303612" lon="127.402611"/><trkpt lat="36.303641" lon="127.40266"/><trkpt lat="36.303659" lon="127.402705"/><trkpt lat="36.303668" lon="127.40275"/><trkpt lat="36.303671" lon="127.402795"/><trkpt lat="36.303667" lon="127.402835"/><trkpt lat="36.303647" lon="127.402864"/><trkpt lat="36.303614" lon="127.402883"/><trkpt lat="36.303564" lon="127.402905"/><trkpt lat="36.30328" lon="127.403017"/><trkpt lat="36.303229" lon="127.403035"/><trkpt lat="36.30319" lon="127.403043"/><trkpt lat="36.303143" lon="127.403042"/><trkpt lat="36.303063" lon="127.403034"/></trkseg>
<trkseg><trkpt lat="36.303572" lon="127.402553"/><trkpt lat="36.303758" lon="127.402475"/></trkseg>
<trkseg><trkpt lat="36.305731" lon="127.403969"/><trkpt lat="36.305711" lon="127.403911"/><trkpt lat="36.305685" lon="127.403859"/><trkpt lat="36.305658" lon="127.403837"/><trkpt lat="36.305634" lon="127.403842"/><trkpt lat="36.305614" lon="127.403872"/><trkpt lat="36.305595" lon="127.403928"/><trkpt lat="36.305555" lon="127.404064"/><trkpt lat="36.305537" lon="127.404105"/><trkpt lat="36.305512" lon="127.40414"/><trkpt lat="36.305473" lon="127.40418"/><trkpt lat="36.305422" lon="127.404227"/><trkpt lat="36.30539" lon="127.404252"/><trkpt lat="36.305356" lon="127.404268"/><trkpt lat="36.305318" lon="127.404273"/><trkpt lat="36.305253" lon="127.404273"/><trkpt lat="36.305149" lon="127.404267"/><trkpt lat="36.305111" lon="127.404261"/><trkpt lat="36.305073" lon="127.404248"/><trkpt lat="36.304988" lon="127.404206"/><trkpt lat="36.304942" lon="127.404179"/><trkpt lat="36.30491" lon="127.404154"/><trkpt lat="36.304884" lon="127.404119"/><trkpt lat="36.304861" lon="127.404079"/><trkpt lat="36.304636" lon="127.403645"/><trkpt lat="36.304592" lon="127.403563"/><trkpt lat="36.304542" lon="127.403487"/><trkpt lat="36.304343" lon="127.403207"/><trkpt lat="36.30431" lon="127.403156"/><trkpt lat="36.304291" lon="127.403117"/><trkpt lat="36.304263" lon="127.403051"/><trkpt lat="36.304238" lon="127.40302"/><trkpt lat="36.304189" lon="127.402974"/><trkpt lat="36.30417" lon="127.402938"/><trkpt lat="36.304156" lon="127.402897"/><trkpt lat="36.304132" lon="127.402825"/><trkpt lat="36.304114" lon="127.402787"/><trkpt lat="36.304087" lon="127.402754"/><trkpt lat="36.304055" lon="127.402727"/><trkpt lat="36.304023" lon="127.402703"/><trkpt lat="36.303991" lon="127.402684"/><trkpt lat="36.303962" lon="127.40268"/><trkpt lat="36.303939" lon="127.4027"/><trkpt lat="36.303909" lon="127.402731"/><trkpt lat="36.303885" lon="127.402731"/><trkpt lat="36.303861" lon="127.402713"/><trkpt lat="36.30384" lon="127.402678"/><trkpt lat="36.303809" lon="127.402605"/><trkpt lat="36.303758" lon="127.402475"/></trkseg>
<trkseg><trkpt lat="36.303758" lon="127.402475"/><trkpt lat="36.303787" lon="127.402468"/><trkpt lat="36.303827" lon="127.402449"/><trkpt lat="36.303863" lon="127.402412"/><trkpt lat="36.303916" lon="127.402319"/><trkpt lat="36.303947" lon="127.402266"/><trkpt lat="36.303974" lon="127.402232"/><trkpt lat="36.304005" lon="127.402205"/><trkpt lat="36.304069" lon="127.402152"/><trkpt lat="36.304097" lon="127.402122"/><trkpt lat="36.304119" lon="127.402084"/><trkpt lat="36.304136" lon="127.402043"/><trkpt lat="36.304149" lon="127.401999"/><trkpt lat="36.304155" lon="127.401952"/><trkpt lat="36.304161" lon="127.401888"/><trkpt lat="36.304175" lon="127.401846"/><trkpt lat="36.304197" lon="127.401807"/><trkpt lat="36.304265" lon="127.401708"/><trkpt lat="36.304287" lon="127.401672"/><trkpt lat="36.304299" lon="127.401638"/><trkpt lat="36.304291" lon="127.401609"/><trkpt lat="36.304263" lon="127.401573"/><trkpt lat="36.304256" lon="127.401545"/><trkpt lat="36.304269" lon="127.401515"/><trkpt lat="36.304291" lon="127.401483"/><trkpt lat="36.304318" lon="127.401454"/><trkpt lat="36.304351" lon="127.401428"/><trkpt lat="36.304423" lon="127.401386"/><trkpt lat="36.304521" lon="127.401335"/><trkpt lat="36.304558" lon="127.401322"/><trkpt lat="36.304596" lon="127.401318"/><trkpt lat="36.304634" lon="127.401323"/><trkpt lat="36.304711" lon="127.401337"/><trkpt lat="36.304748" lon="127.401339"/><trkpt lat="36.304783" lon="127.401328"/><trkpt lat="36.304816" lon="127.401306"/><trkpt lat="36.304845" lon="127.401278"/><trkpt lat="36.304876" lon="127.401233"/><trkpt lat="36.304901" lon="127.40121"/><trkpt lat="36.304936" lon="127.401204"/><trkpt lat="36.304974" lon="127.401207"/><trkpt lat="36.305214" lon="127.401241"/><trkpt lat="36.30528" lon="127.401247"/><trkpt lat="36.305319" lon="127.401245"/><trkpt lat="36.305382" lon="127.401235"/><trkpt lat="36.305442" lon="127.401222"/></trkseg>
<trkseg><trkpt lat="36.302614" lon="127.401494"/><trkpt lat="36.302517" lon="127.4014"/><trkpt lat="36.302505" lon="127.401386"/><trkpt lat="36.302504" lon="127.401376"/><trkpt lat="36.302515" lon="127.401363"/><trkpt lat="36.302573" lon="127.40132"/></trkseg>
<trkseg><trkpt lat="36.302573" lon="127.40132"/><trkpt lat="36.302589" lon="127.401316"/><trkpt lat="36.302599" lon="127.401317"/><trkpt lat="36.302603" lon="127.401329"/><trkpt lat="36.302614" lon="127.401494"/></trkseg>
<trkseg><trkpt lat="36.302587" lon="127.400908"/><trkpt lat="36.302647" lon="127.401023"/><trkpt lat="36.302655" lon="127.401046"/><trkpt lat="36.302655" lon="127.40107"/><trkpt lat="36.302647" lon="127.401103"/><trkpt lat="36.302573" lon="127.40132"/></trkseg>
<trkseg><trkpt lat="36.302115" lon="127.400366"/><trkpt lat="36.302587" lon="127.400908"/></trkseg>
<trkseg><trkpt lat="36.302405" lon="127.400107"/><trkpt lat="36.302368" lon="127.400345"/><trkpt lat="36.302362" lon="127.400408"/><trkpt lat="36.302365" lon="127.400453"/><trkpt lat="36.302379" lon="127.400492"/><trkpt lat="36.302402" lon="127.400524"/><trkpt lat="36.302432" lon="127.400541"/><trkpt lat="36.302468" lon="127.40054"/><trkpt lat="36.302532" lon="127.400525"/><trkpt lat="36.302568" lon="127.40052"/><trkpt lat="36.302596" lon="127.400526"/><trkpt lat="36.30261" lon="127.400558"/><trkpt lat="36.302615" lon="127.400602"/><trkpt lat="36.30262" lon="127.400803"/><trkpt lat="36.302617" lon="127.400858"/><trkpt lat="36.302606" lon="127.4009"/><trkpt lat="36.30259" lon="127.40091"/><trkpt lat="36.302587" lon="127.400908"/></trkseg>
<trkseg><trkpt lat="36.302405" lon="127.400107"/><trkpt lat="36.302244" lon="127.400197"/><trkpt lat="36.302227" lon="127.400212"/><trkpt lat="36.302206" lon="127.400237"/><trkpt lat="36.302115" lon="127.400366"/></trkseg>
<trkseg><trkpt lat="36.302755" lon="127.399525"/><trkpt lat="36.302649" lon="127.399764"/><trkpt lat="36.302628" lon="127.399799"/><trkpt lat="36.302589" lon="127.399846"/><trkpt lat="36.302568" lon="127.399874"/><trkpt lat="36.302555" lon="127.39991"/><trkpt lat="36.302542" lon="127.399962"/><trkpt lat="36.302523" lon="127.399993"/><trkpt lat="36.302498" lon="127.400021"/><trkpt lat="36.302405" lon="127.400107"/></trkseg>
<trkseg><trkpt lat="36.302755" lon="127.399525"/><trkpt lat="36.302626" lon="127.399416"/><trkpt lat="36.302599" lon="127.399398"/><trkpt lat="36.30257" lon="127.399386"/><trkpt lat="36.302498" lon="127.399371"/><trkpt lat="36.302457" lon="127.399361"/><trkpt lat="36.302428" lon="127.399349"/><trkpt lat="36.30239" lon="127.399328"/><trkpt lat="36.302279" lon="127.399257"/></trkseg>
<trkseg><trkpt lat="36.303749" lon="127.39896"/><trkpt lat="36.303707" lon="127.398936"/><trkpt lat="36.303632" lon="127.398895"/><trkpt lat="36.303596" lon="127.398882"/><trkpt lat="36.303563" lon="127.398882"/><trkpt lat="36.303534" lon="127.398898"/><trkpt lat="36.303508" lon="127.398923"/><trkpt lat="36.303487" lon="127.398961"/><trkpt lat="36.303438" lon="127.399092"/><trkpt lat="36.303415" lon="127.39915"/><trkpt lat="36.303394" lon="127.39919"/><trkpt lat="36.30336" lon="127.399238"/><trkpt lat="36.303184" lon="127.399455"/><trkpt lat="36.303154" lon="127.399487"/><trkpt lat="36.303123" lon="127.399515"/><trkpt lat="36.303031" lon="127.399579"/><trkpt lat="36.302974" lon="127.399615"/><trkpt lat="36.302939" lon="127.399629"/><trkpt lat="36.302904" lon="127.399626"/><trkpt lat="36.30287" lon="127.399608"/><trkpt lat="36.302797" lon="127.399557"/><trkpt lat="36.302755" lon="127.399525"/></trkseg>
<trkseg><trkpt lat="36.303414" lon="127.397337"/><trkpt lat="36.303506" lon="127.39764"/><trkpt lat="36.303517" lon="127.397687"/><trkpt lat="36.303523" lon="127.397732"/><trkpt lat="36.303524" lon="127.397803"/><trkpt lat="36.303528" lon="127.397839"/><trkpt lat="36.303548" lon="127.397867"/><trkpt lat="36.303559" lon="127.397896"/><trkpt lat="36.303563" lon="127.397939"/><trkpt lat="36.303563" lon="127.398069"/><trkpt lat="36.303564" lon="127.398118"/><trkpt lat="36.303572" lon="127.398162"/><trkpt lat="36.303584" lon="127.398211"/><trkpt lat="36.303583" lon="127.398245"/><trkpt lat="36.30358" lon="127.398292"/><trkpt lat="36.303589" lon="127.398335"/><trkpt lat="36.303619" lon="127.398422"/><trkpt lat="36.303638" lon="127.398481"/><trkpt lat="36.303647" lon="127.398527"/><trkpt lat="36.303649" lon="127.398621"/><trkpt lat="36.303653" lon="127.398667"/><trkpt lat="36.303665" lon="127.398709"/><trkpt lat="36.303699" lon="127.398774"/><trkpt lat="36.303717" lon="127.398816"/><trkpt lat="36.303732" lon="127.39887"/><trkpt lat="36.303749" lon="127.39896"/></trkseg>
<trkseg><trkpt lat="36.303749" lon="127.39896"/><trkpt lat="36.303745" lon="127.39888"/><trkpt lat="36.303744" lon="127.398818"/><trkpt lat="36.303753" lon="127.398773"/><trkpt lat="36.303775" lon="127.398736"/><trkpt lat="36.303813" lon="127.398691"/><trkpt lat="36.303905" lon="127.398593"/><trkpt lat="36.303934" lon="127.398558"/><trkpt lat="36.303958" lon="127.39852"/><trkpt lat="36.303979" lon="127.398479"/><trkpt lat="36.303998" lon="127.398437"/><trkpt lat="36.304012" lon="127.398392"/><trkpt lat="36.30402" lon="127.398344"/><trkpt lat="36.304036" lon="127.398162"/><trkpt lat="36.304044" lon="127.398081"/><trkpt lat="36.304054" lon="127.398035"/><trkpt lat="36.304074" lon="127.397996"/><trkpt lat="36.30413" lon="127.397929"/><trkpt lat="36.304157" lon="127.397895"/><trkpt lat="36.304176" lon="127.397854"/><trkpt lat="36.304189" lon="127.397808"/><trkpt lat="36.304244" lon="127.397534"/><trkpt lat="36.304258" lon="127.397472"/><trkpt lat="36.304272" lon="127.397431"/><trkpt lat="36.304293" lon="127.397407"/><trkpt lat="36.30433" lon="127.397396"/><trkpt lat="36.304364" lon="127.397385"/><trkpt lat="36.30445" lon="127.397342"/><trkpt lat="36.304499" lon="127.397318"/><trkpt lat="36.304536" lon="127.39731"/><trkpt lat="36.304595" lon="127.397308"/><trkpt lat="36.30463" lon="127.397299"/><trkpt lat="36.304666" lon="127.397281"/><trkpt lat="36.304782" lon="127.397208"/><trkpt lat="36.304827" lon="127.397177"/><trkpt lat="36.304856" lon="127.397151"/><trkpt lat="36.304875" lon="127.397117"/><trkpt lat="36.304882" lon="127.397074"/><trkpt lat="36.304883" lon="127.397026"/><trkpt lat="36.304881" lon="127.39688"/><trkpt lat="36.304883" lon="127.396837"/><trkpt lat="36.304893" lon="127.396811"/><trkpt lat="36.304917" lon="127.396813"/><trkpt lat="36.304948" lon="127.396831"/><trkpt lat="36.305063" lon="127.396912"/><trkpt lat="36.305201" lon="127.39701"/><trkpt lat="36.305232" lon="127.397039"/><trkpt lat="36.30526" lon="127.397074"/><trkpt lat="36.305341" lon="127.397205"/><trkpt lat="36.305388" lon="127.397286"/><trkpt lat="36.305415" lon="127.397343"/><trkpt lat="36.305602" lon="127.397822"/><trkpt lat="36.305624" lon="127.397882"/><trkpt lat="36.305635" lon="127.397928"/><trkpt lat="36.305636" lon="127.397976"/><trkpt lat="36.30563" lon="127.398037"/><trkpt lat="36.305618" lon="127.398114"/></trkseg>
<trkseg><trkpt lat="36.30421" lon="127.399176"/><trkpt lat="36.303749" lon="127.39896"/></trkseg>
<trkseg><trkpt lat="36.305374" lon="127.398278"/><trkpt lat="36.304779" lon="127.398852"/><trkpt lat="36.304736" lon="127.39889"/><trkpt lat="36.304701" lon="127.398914"/><trkpt lat="36.304456" lon="127.399046"/><trkpt lat="36.30421" lon="127.399176"/></trkseg>
<trkseg><trkpt lat="36.302115" lon="127.400366"/><trkpt lat="36.301973" lon="127.400008"/><trkpt lat="36.301958" lon="127.399964"/><trkpt lat="36.301953" lon="127.39992"/><trkpt lat="36.301963" lon="127.399877"/><trkpt lat="36.301988" lon="127.399821"/><trkpt lat="36.302098" lon="127.399609"/><trkpt lat="36.302279" lon="127.399257"/></trkseg>
<trkseg><trkpt lat="36.302279" lon="127.399257"/><trkpt lat="36.302262" lon="127.399253"/><trkpt lat="36.302227" lon="127.399238"/><trkpt lat="36.302196" lon="127.39921"/><trkpt lat="36.30218" lon="127.399175"/><trkpt lat="36.30216" lon="127.399149"/><trkpt lat="36.302126" lon="127.399136"/><trkpt lat="36.302061" lon="127.399125"/><trkpt lat="36.301913" lon="127.399106"/><trkpt lat="36.301875" lon="127.399106"/><trkpt lat="36.301839" lon="127.399117"/><trkpt lat="36.301808" lon="127.399142"/><trkpt lat="36.301759" lon="127.399195"/><trkpt lat="36.301575" lon="127.399405"/><trkpt lat="36.301544" lon="127.399436"/><trkpt lat="36.301512" lon="127.39946"/><trkpt lat="36.301465" lon="127.399486"/><trkpt lat="36.301286" lon="127.399576"/></trkseg>
<trkseg><trkpt lat="36.301248" lon="127.399712"/><trkpt lat="36.301857" lon="127.400143"/><trkpt lat="36.301901" lon="127.400179"/><trkpt lat="36.30193" lon="127.400212"/><trkpt lat="36.301964" lon="127.400261"/><trkpt lat="36.302006" lon="127.400324"/><trkpt lat="36.302041" lon="127.400356"/><trkpt lat="36.302083" lon="127.400369"/><trkpt lat="36.302113" lon="127.400367"/><trkpt lat="36.302115" lon="127.400366"/></trkseg>
<trkseg><trkpt lat="36.301156" lon="127.399819"/><trkpt lat="36.30117" lon="127.399983"/><trkpt lat="36.301173" lon="127.400031"/><trkpt lat="36.301172" lon="127.400079"/><trkpt lat="36.301162" lon="127.400125"/><trkpt lat="36.30114" lon="127.400184"/><trkpt lat="36.301076" lon="127.40033"/><trkpt lat="36.30106" lon="127.400374"/><trkpt lat="36.301051" lon="127.400419"/><trkpt lat="36.30105" lon="127.400468"/><trkpt lat="36.301063" lon="127.400602"/><trkpt lat="36.301063" lon="127.400605"/></trkseg>
<trkseg><trkpt lat="36.300866" lon="127.400056"/><trkpt lat="36.300945" lon="127.399924"/><trkpt lat="36.300964" lon="127.399897"/><trkpt lat="36.300981" lon="127.399884"/><trkpt lat="36.301" lon="127.399884"/><trkpt lat="36.301043" lon="127.399899"/><trkpt lat="36.301064" lon="127.399903"/><trkpt lat="36.301083" lon="127.399898"/><trkpt lat="36.301101" lon="127.399883"/><trkpt lat="36.301152" lon="127.399823"/><trkpt lat="36.301156" lon="127.399819"/></trkseg>
<trkseg><trkpt lat="36.300866" lon="127.400056"/><trkpt lat="36.300729" lon="127.399843"/><trkpt lat="36.300708" lon="127.399803"/><trkpt lat="36.30069" lon="127.39976"/><trkpt lat="36.300602" lon="127.399508"/><trkpt lat="36.300577" lon="127.399432"/><trkpt lat="36.300565" lon="127.399373"/><trkpt lat="36.300563" lon="127.39932"/><trkpt lat="36.300565" lon="127.39929"/><trkpt lat="36.300566" lon="127.399288"/></trkseg>
<trkseg><trkpt lat="36.301" lon="127.399438"/><trkpt lat="36.300809" lon="127.399305"/><trkpt lat="36.300789" lon="127.399295"/><trkpt lat="36.300767" lon="127.399289"/><trkpt lat="36.300648" lon="127.39928"/></trkseg>
<trkseg><trkpt lat="36.300566" lon="127.399288"/><trkpt lat="36.300648" lon="127.39928"/></trkseg>
<trkseg><trkpt lat="36.300648" lon="127.39928"/><trkpt lat="36.300434" lon="127.399069"/></trkseg>
<trkseg><trkpt lat="36.300566" lon="127.399288"/><trkpt lat="36.300444" lon="127.399168"/><trkpt lat="36.300431" lon="127.399152"/><trkpt lat="36.300427" lon="127.399137"/><trkpt lat="36.300427" lon="127.39912"/><trkpt lat="36.300434" lon="127.399069"/></trkseg>
<trkseg><trkpt lat="36.299795" lon="127.399075"/><trkpt lat="36.299801" lon="127.399093"/><trkpt lat="36.299828" lon="127.399123"/><trkpt lat="36.299869" lon="127.399148"/><trkpt lat="36.299918" lon="127.39917"/><trkpt lat="36.299952" lon="127.39919"/><trkpt lat="36.300024" lon="127.399249"/><trkpt lat="36.300055" lon="127.399272"/><trkpt lat="36.30009" lon="127.399289"/><trkpt lat="36.300128" lon="127.399299"/><trkpt lat="36.300244" lon="127.39932"/><trkpt lat="36.300296" lon="127.399327"/><trkpt lat="36.300334" lon="127.399328"/><trkpt lat="36.300386" lon="127.399322"/><trkpt lat="36.300566" lon="127.399288"/></trkseg>
<trkseg><trkpt lat="36.301" lon="127.399438"/><trkpt lat="36.301079" lon="127.399599"/><trkpt lat="36.301095" lon="127.399626"/><trkpt lat="36.301109" lon="127.399643"/><trkpt lat="36.301127" lon="127.399654"/><trkpt lat="36.301248" lon="127.399712"/></trkseg>
<trkseg><trkpt lat="36.301286" lon="127.399576"/><trkpt lat="36.301" lon="127.399438"/></trkseg>
<trkseg><trkpt lat="36.301286" lon="127.399576"/><trkpt lat="36.301286" lon="127.399554"/><trkpt lat="36.30128" lon="127.399524"/><trkpt lat="36.301264" lon="127.3995"/><trkpt lat="36.301174" lon="127.399416"/><trkpt lat="36.30115" lon="127.399396"/><trkpt lat="36.301131" lon="127.399387"/><trkpt lat="36.301111" lon="127.399389"/><trkpt lat="36.301084" lon="127.399399"/><trkpt lat="36.301" lon="127.399438"/></trkseg>
<trkseg><trkpt lat="36.301248" lon="127.399712"/><trkpt lat="36.301286" lon="127.399576"/></trkseg>
<trkseg><trkpt lat="36.301156" lon="127.399819"/><trkpt lat="36.301248" lon="127.399712"/></trkseg>
<trkseg><trkpt lat="36.300316" lon="127.398813"/><trkpt lat="36.300218" lon="127.398773"/><trkpt lat="36.300201" lon="127.398763"/><trkpt lat="36.300042" lon="127.398601"/></trkseg>
<trkseg><trkpt lat="36.300434" lon="127.399069"/><trkpt lat="36.300316" lon="127.398813"/></trkseg>
<trkseg><trkpt lat="36.300316" lon="127.398813"/><trkpt lat="36.30032" lon="127.398752"/><trkpt lat="36.300325" lon="127.398707"/><trkpt lat="36.300336" lon="127.398675"/><trkpt lat="36.300353" lon="127.398653"/><trkpt lat="36.300389" lon="127.398619"/><trkpt lat="36.300408" lon="127.398594"/><trkpt lat="36.300443" lon="127.398535"/><trkpt lat="36.300562" lon="127.398311"/></trkseg>
<trkseg><trkpt lat="36.300042" lon="127.398601"/><trkpt lat="36.300166" lon="127.398425"/><trkpt lat="36.300192" lon="127.398396"/><trkpt lat="36.300222" lon="127.398375"/><trkpt lat="36.300256" lon="127.39836"/><trkpt lat="36.300386" lon="127.398314"/><trkpt lat="36.300459" lon="127.398292"/><trkpt lat="36.300504" lon="127.398293"/><trkpt lat="36.300545" lon="127.398304"/><trkpt lat="36.300562" lon="127.398311"/></trkseg>
<trkseg><trkpt lat="36.300562" lon="127.398311"/><trkpt lat="36.300631" lon="127.398191"/><trkpt lat="36.300652" lon="127.398148"/><trkpt lat="36.300667" lon="127.398105"/><trkpt lat="36.300671" lon="127.398059"/><trkpt lat="36.300672" lon="127.397964"/><trkpt lat="36.300675" lon="127.397917"/><trkpt lat="36.300683" lon="127.397871"/><trkpt lat="36.300704" lon="127.397779"/><trkpt lat="36.30072" lon="127.397721"/><trkpt lat="36.300738" lon="127.39768"/><trkpt lat="36.300764" lon="127.397646"/><trkpt lat="36.300828" lon="127.397585"/><trkpt lat="36.300868" lon="127.397543"/><trkpt lat="36.300891" lon="127.397506"/><trkpt lat="36.300912" lon="127.397454"/><trkpt lat="36.300928" lon="127.397417"/><trkpt lat="36.300955" lon="127.397391"/><trkpt lat="36.300989" lon="127.397375"/><trkpt lat="36.301053" lon="127.397355"/><trkpt lat="36.301299" lon="127.397285"/><trkpt lat="36.301335" lon="127.397271"/><trkpt lat="36.301368" lon="127.397248"/><trkpt lat="36.301395" lon="127.397215"/><trkpt lat="36.301444" lon="127.39714"/><trkpt lat="36.301475" lon="127.397088"/><trkpt lat="36.301495" lon="127.397046"/><trkpt lat="36.301509" lon="127.397"/><trkpt lat="36.301528" lon="127.396903"/><trkpt lat="36.301579" lon="127.396627"/></trkseg>
<trkseg><trkpt lat="36.301533" lon="127.396346"/><trkpt lat="36.301506" lon="127.396459"/><trkpt lat="36.301504" lon="127.396476"/><trkpt lat="36.301507" lon="127.396492"/><trkpt lat="36.301517" lon="127.396513"/><trkpt lat="36.301579" lon="127.396627"/></trkseg>
<trkseg><trkpt lat="36.301679" lon="127.396462"/><trkpt lat="36.301533" lon="127.396346"/></trkseg>
<trkseg><trkpt lat="36.301579" lon="127.396627"/><trkpt lat="36.301679" lon="127.396462"/></trkseg>
<trkseg><trkpt lat="36.301679" lon="127.396462"/><trkpt lat="36.301731" lon="127.396427"/><trkpt lat="36.301748" lon="127.396419"/><trkpt lat="36.301765" lon="127.396417"/><trkpt lat="36.30179" lon="127.396419"/><trkpt lat="36.301984" lon="127.396447"/></trkseg>
<trkseg><trkpt lat="36.301533" lon="127.396346"/><trkpt lat="36.301707" lon="127.395762"/><trkpt lat="36.301723" lon="127.3957"/><trkpt lat="36.30173" lon="127.395652"/><trkpt lat="36.301734" lon="127.395571"/><trkpt lat="36.301741" lon="127.395358"/></trkseg>
<trkseg><trkpt lat="36.301112" lon="127.395239"/><trkpt lat="36.301102" lon="127.39529"/><trkpt lat="36.3011" lon="127.395345"/><trkpt lat="36.301111" lon="127.39539"/><trkpt lat="36.301132" lon="127.395417"/><trkpt lat="36.301164" lon="127.395433"/><trkpt lat="36.301201" lon="127.395438"/><trkpt lat="36.301237" lon="127.395434"/><trkpt lat="36.301272" lon="127.395417"/><trkpt lat="36.301338" lon="127.39537"/><trkpt lat="36.301372" lon="127.395348"/><trkpt lat="36.301409" lon="127.395332"/><trkpt lat="36.301448" lon="127.395322"/><trkpt lat="36.301528" lon="127.395307"/><trkpt lat="36.301568" lon="127.395302"/><trkpt lat="36.301606" lon="127.395305"/><trkpt lat="36.301649" lon="127.395318"/><trkpt lat="36.301739" lon="127.395357"/><trkpt lat="36.301741" lon="127.395358"/></trkseg>
<trkseg><trkpt lat="36.301741" lon="127.395358"/><trkpt lat="36.301748" lon="127.395367"/><trkpt lat="36.301771" lon="127.395356"/><trkpt lat="36.301801" lon="127.395322"/><trkpt lat="36.301827" lon="127.395284"/><trkpt lat="36.301858" lon="127.395233"/><trkpt lat="36.301877" lon="127.395194"/><trkpt lat="36.301887" lon="127.395152"/><trkpt lat="36.301887" lon="127.395078"/><trkpt lat="36.301888" lon="127.395035"/><trkpt lat="36.301901" lon="127.395002"/><trkpt lat="36.301928" lon="127.39498"/><trkpt lat="36.301992" lon="127.394938"/><trkpt lat="36.302018" lon="127.394907"/><trkpt lat="36.302036" lon="127.394871"/><trkpt lat="36.302043" lon="127.394842"/><trkpt lat="36.30203" lon="127.394833"/><trkpt lat="36.302" lon="127.394842"/><trkpt lat="36.301915" lon="127.39488"/><trkpt lat="36.301804" lon="127.394934"/><trkpt lat="36.30177" lon="127.394955"/><trkpt lat="36.301741" lon="127.394983"/><trkpt lat="36.301719" lon="127.395019"/><trkpt lat="36.301684" lon="127.395081"/><trkpt lat="36.30166" lon="127.395109"/><trkpt lat="36.301625" lon="127.39512"/><trkpt lat="36.301587" lon="127.395122"/><trkpt lat="36.30152" lon="127.395116"/><trkpt lat="36.30148" lon="127.395108"/><trkpt lat="36.301445" lon="127.395093"/><trkpt lat="36.301391" lon="127.395063"/><trkpt lat="36.301359" lon="127.39506"/><trkpt lat="36.301325" lon="127.395074"/><trkpt lat="36.301291" lon="127.395097"/><trkpt lat="36.301112" lon="127.395239"/></trkseg>
<trkseg><trkpt lat="36.301112" lon="127.395239"/><trkpt lat="36.301044" lon="127.395371"/><trkpt lat="36.301037" lon="127.39538"/><trkpt lat="36.301029" lon="127.395382"/><trkpt lat="36.301019" lon="127.395377"/><trkpt lat="36.300982" lon="127.395348"/></trkseg>
<trkseg><trkpt lat="36.299765" lon="127.395979"/><trkpt lat="36.299775" lon="127.395963"/><trkpt lat="36.29979" lon="127.395922"/><trkpt lat="36.299798" lon="127.395863"/><trkpt lat="36.299791" lon="127.395747"/><trkpt lat="36.299789" lon="127.395682"/><trkpt lat="36.299794" lon="127.395634"/><trkpt lat="36.299807" lon="127.39557"/><trkpt lat="36.299839" lon="127.395426"/><trkpt lat="36.299844" lon="127.395377"/><trkpt lat="36.299845" lon="127.395328"/><trkpt lat="36.29983" lon="127.394861"/><trkpt lat="36.299828" lon="127.394795"/><trkpt lat="36.299831" lon="127.394748"/><trkpt lat="36.299844" lon="127.394707"/><trkpt lat="36.299869" lon="127.394673"/><trkpt lat="36.299922" lon="127.394623"/><trkpt lat="36.300073" lon="127.394485"/><trkpt lat="36.300106" lon="127.394458"/><trkpt lat="36.30014" lon="127.394438"/><trkpt lat="36.300178" lon="127.394432"/><trkpt lat="36.30023" lon="127.394434"/><trkpt lat="36.300417" lon="127.394451"/><trkpt lat="36.300455" lon="127.394451"/><trkpt lat="36.300489" lon="127.394441"/><trkpt lat="36.300515" lon="127.394413"/><trkpt lat="36.300536" lon="127.394375"/><trkpt lat="36.300576" lon="127.394292"/><trkpt lat="36.3006" lon="127.394235"/><trkpt lat="36.300614" lon="127.39419"/><trkpt lat="36.300629" lon="127.394127"/><trkpt lat="36.30075" lon="127.393574"/></trkseg>
<trkseg><trkpt lat="36.299765" lon="127.395979"/><trkpt lat="36.299921" lon="127.395954"/><trkpt lat="36.299959" lon="127.395945"/><trkpt lat="36.299996" lon="127.395931"/><trkpt lat="36.300045" lon="127.395906"/><trkpt lat="36.300116" lon="127.395864"/><trkpt lat="36.30015" lon="127.395839"/><trkpt lat="36.300179" lon="127.395808"/><trkpt lat="36.300198" lon="127.39577"/><trkpt lat="36.300218" lon="127.395718"/><trkpt lat="36.300242" lon="127.395697"/><trkpt lat="36.300283" lon="127.395703"/><trkpt lat="36.300323" lon="127.395719"/><trkpt lat="36.300341" lon="127.395728"/></trkseg>
<trkseg><trkpt lat="36.299432" lon="127.397611"/><trkpt lat="36.299579" lon="127.397114"/><trkpt lat="36.299594" lon="127.39707"/><trkpt lat="36.299614" lon="127.397033"/><trkpt lat="36.299641" lon="127.397012"/><trkpt lat="36.299681" lon="127.396991"/><trkpt lat="36.299699" lon="127.396962"/><trkpt lat="36.29971" lon="127.396924"/><trkpt lat="36.299714" lon="127.396878"/><trkpt lat="36.299716" lon="127.396799"/><trkpt lat="36.299714" lon="127.396736"/><trkpt lat="36.299708" lon="127.396689"/><trkpt lat="36.299698" lon="127.396645"/><trkpt lat="36.299672" lon="127.396541"/><trkpt lat="36.299666" lon="127.396495"/><trkpt lat="36.299666" lon="127.396448"/><trkpt lat="36.299673" lon="127.396352"/><trkpt lat="36.299694" lon="127.396095"/></trkseg>
<trkseg><trkpt lat="36.299407" lon="127.396042"/><trkpt lat="36.299402" lon="127.396052"/><trkpt lat="36.299401" lon="127.396075"/><trkpt lat="36.299412" lon="127.3961"/><trkpt lat="36.299446" lon="127.396137"/><trkpt lat="36.29947" lon="127.396157"/><trkpt lat="36.299488" lon="127.396166"/><trkpt lat="36.299509" lon="127.396165"/><trkpt lat="36.299551" lon="127.396151"/><trkpt lat="36.299694" lon="127.396095"/></trkseg>
<trkseg><trkpt lat="36.299694" lon="127.396095"/><trkpt lat="36.299765" lon="127.395979"/></trkseg>
<trkseg><trkpt lat="36.300042" lon="127.398601"/><trkpt lat="36.299873" lon="127.39847"/><trkpt lat="36.299841" lon="127.398442"/><trkpt lat="36.299813" lon="127.398411"/><trkpt lat="36.299795" lon="127.398372"/><trkpt lat="36.299785" lon="127.398326"/><trkpt lat="36.299769" lon="127.39823"/><trkpt lat="36.299759" lon="127.398183"/><trkpt lat="36.299743" lon="127.398139"/><trkpt lat="36.299714" lon="127.398085"/><trkpt lat="36.299432" lon="127.397611"/></trkseg>
<trkseg><trkpt lat="36.299432" lon="127.397611"/><trkpt lat="36.299272" lon="127.397459"/><trkpt lat="36.299239" lon="127.397433"/><trkpt lat="36.299202" lon="127.397411"/><trkpt lat="36.299102" lon="127.397363"/><trkpt lat="36.298912" lon="127.397274"/><trkpt lat="36.298877" lon="127.397252"/><trkpt lat="36.298848" lon="127.397223"/><trkpt lat="36.298827" lon="127.397183"/><trkpt lat="36.298797" lon="127.397109"/><trkpt lat="36.298568" lon="127.396509"/><trkpt lat="36.298488" lon="127.396299"/><trkpt lat="36.298477" lon="127.396254"/><trkpt lat="36.298477" lon="127.39621"/><trkpt lat="36.298488" lon="127.396167"/><trkpt lat="36.298504" lon="127.396126"/><trkpt lat="36.298528" lon="127.396092"/><trkpt lat="36.298558" lon="127.396062"/><trkpt lat="36.298591" lon="127.396038"/><trkpt lat="36.298628" lon="127.396018"/><trkpt lat="36.298798" lon="127.395949"/><trkpt lat="36.298896" lon="127.39591"/></trkseg>
<trkseg><trkpt lat="36.299578" lon="127.398805"/><trkpt lat="36.299663" lon="127.398718"/><trkpt lat="36.299688" lon="127.398698"/><trkpt lat="36.299714" lon="127.398685"/><trkpt lat="36.299762" lon="127.39867"/><trkpt lat="36.300042" lon="127.398601"/></trkseg>
<trkseg><trkpt lat="36.299578" lon="127.398805"/><trkpt lat="36.299483" lon="127.39868"/><trkpt lat="36.299452" lon="127.398646"/><trkpt lat="36.299428" lon="127.398631"/><trkpt lat="36.299401" lon="127.398634"/><trkpt lat="36.299372" lon="127.398645"/><trkpt lat="36.299126" lon="127.398769"/></trkseg>
<trkseg><trkpt lat="36.299344" lon="127.399168"/><trkpt lat="36.299348" lon="127.39918"/><trkpt lat="36.299358" lon="127.399195"/><trkpt lat="36.299375" lon="127.399188"/><trkpt lat="36.299411" lon="127.399121"/><trkpt lat="36.299432" lon="127.399081"/><trkpt lat="36.299452" lon="127.399057"/><trkpt lat="36.299473" lon="127.399038"/><trkpt lat="36.299527" lon="127.398998"/><trkpt lat="36.299546" lon="127.398975"/><trkpt lat="36.299563" lon="127.398948"/><trkpt lat="36.299582" lon="127.398909"/><trkpt lat="36.29959" lon="127.39887"/><trkpt lat="36.299585" lon="127.398831"/><trkpt lat="36.299578" lon="127.398805"/></trkseg>
<trkseg><trkpt lat="36.310153" lon="127.414914"/><trkpt lat="36.310136" lon="127.414913"/><trkpt lat="36.310105" lon="127.414898"/><trkpt lat="36.310077" lon="127.414858"/><trkpt lat="36.310064" lon="127.41481"/><trkpt lat="36.310023" lon="127.414583"/><trkpt lat="36.310009" lon="127.41452"/><trkpt lat="36.309991" lon="127.414477"/><trkpt lat="36.309967" lon="127.414439"/><trkpt lat="36.309804" lon="127.41424"/><trkpt lat="36.309729" lon="127.414146"/><trkpt lat="36.309703" lon="127.414108"/><trkpt lat="36.309674" lon="127.414055"/><trkpt lat="36.309572" lon="127.413829"/><trkpt lat="36.309538" lon="127.413747"/><trkpt lat="36.309525" lon="127.413706"/><trkpt lat="36.309517" lon="127.413661"/><trkpt lat="36.309515" lon="127.413613"/><trkpt lat="36.309512" lon="127.413517"/><trkpt lat="36.309507" lon="127.413471"/><trkpt lat="36.309491" lon="127.41343"/><trkpt lat="36.309468" lon="127.413394"/><trkpt lat="36.309338" lon="127.413232"/><trkpt lat="36.309292" lon="127.413175"/></trkseg>
<trkseg><trkpt lat="36.30954" lon="127.413014"/><trkpt lat="36.309554" lon="127.413065"/><trkpt lat="36.309576" lon="127.413114"/><trkpt lat="36.309607" lon="127.41315"/><trkpt lat="36.309664" lon="127.413189"/><trkpt lat="36.309792" lon="127.41327"/><trkpt lat="36.309824" lon="127.413296"/><trkpt lat="36.309852" lon="127.413329"/><trkpt lat="36.309876" lon="127.413367"/><trkpt lat="36.310117" lon="127.413803"/><trkpt lat="36.310231" lon="127.414006"/><trkpt lat="36.310256" lon="127.414044"/><trkpt lat="36.310286" lon="127.414074"/><trkpt lat="36.310331" lon="127.414108"/><trkpt lat="36.310533" lon="127.414238"/><trkpt lat="36.310887" lon="127.41447"/></trkseg>
<trkseg><trkpt lat="36.310887" lon="127.41447"/><trkpt lat="36.310645" lon="127.414713"/><trkpt lat="36.310612" lon="127.41474"/><trkpt lat="36.310566" lon="127.414772"/><trkpt lat="36.310495" lon="127.414816"/><trkpt lat="36.310459" lon="127.414833"/><trkpt lat="36.310424" lon="127.41484"/><trkpt lat="36.310377" lon="127.414835"/><trkpt lat="36.310341" lon="127.414835"/><trkpt lat="36.310304" lon="127.414845"/><trkpt lat="36.310232" lon="127.414876"/><trkpt lat="36.310153" lon="127.414914"/></trkseg>
<trkseg><trkpt lat="36.311793" lon="127.413492"/><trkpt lat="36.311749" lon="127.413433"/><trkpt lat="36.311694" lon="127.413362"/><trkpt lat="36.311665" lon="127.413333"/><trkpt lat="36.311632" lon="127.413317"/><trkpt lat="36.311594" lon="127.413317"/><trkpt lat="36.311528" lon="127.413326"/><trkpt lat="36.311462" lon="127.41334"/><trkpt lat="36.311426" lon="127.413353"/><trkpt lat="36.311397" lon="127.413377"/><trkpt lat="36.311377" lon="127.413413"/><trkpt lat="36.311345" lon="127.413498"/><trkpt lat="36.311328" lon="127.413536"/><trkpt lat="36.311306" lon="127.413564"/><trkpt lat="36.311276" lon="127.413575"/><trkpt lat="36.311231" lon="127.413581"/><trkpt lat="36.311203" lon="127.413598"/><trkpt lat="36.311183" lon="127.413626"/><trkpt lat="36.311172" lon="127.413663"/><trkpt lat="36.311172" lon="127.413708"/><trkpt lat="36.311183" lon="127.413787"/><trkpt lat="36.311206" lon="127.41393"/><trkpt lat="36.311209" lon="127.413977"/><trkpt lat="36.311203" lon="127.414021"/><trkpt lat="36.311186" lon="127.414062"/><trkpt lat="36.311163" lon="127.414101"/><trkpt lat="36.311036" lon="127.414299"/></trkseg>
<trkseg><trkpt lat="36.312532" lon="127.414124"/><trkpt lat="36.312467" lon="127.41421"/><trkpt lat="36.312427" lon="127.414259"/><trkpt lat="36.312397" lon="127.414285"/><trkpt lat="36.312362" lon="127.414303"/><trkpt lat="36.312311" lon="127.41432"/><trkpt lat="36.312" lon="127.414409"/><trkpt lat="36.311845" lon="127.414454"/><trkpt lat="36.311806" lon="127.41446"/><trkpt lat="36.311772" lon="127.414457"/><trkpt lat="36.311739" lon="127.414448"/><trkpt lat="36.311708" lon="127.414426"/><trkpt lat="36.311679" lon="127.414395"/><trkpt lat="36.311588" lon="127.414279"/><trkpt lat="36.311545" lon="127.414219"/><trkpt lat="36.311525" lon="127.414181"/><trkpt lat="36.311518" lon="127.414138"/><trkpt lat="36.311521" lon="127.414075"/><trkpt lat="36.31152" lon="127.41403"/><trkpt lat="36.311507" lon="127.413994"/><trkpt lat="36.311481" lon="127.413979"/><trkpt lat="36.311446" lon="127.413983"/><trkpt lat="36.311409" lon="127.413997"/><trkpt lat="36.311359" lon="127.41402"/><trkpt lat="36.311323" lon="127.414041"/><trkpt lat="36.311289" lon="127.414068"/><trkpt lat="36.311085" lon="127.414261"/></trkseg>
<trkseg><trkpt lat="36.311085" lon="127.414261"/><trkpt lat="36.310937" lon="127.414376"/><trkpt lat="36.310927" lon="127.41439"/><trkpt lat="36.31091" lon="127.414422"/><trkpt lat="36.310887" lon="127.41447"/></trkseg>
<trkseg><trkpt lat="36.308949" lon="127.412834"/><trkpt lat="36.308987" lon="127.413127"/><trkpt lat="36.308987" lon="127.413159"/><trkpt lat="36.30898" lon="127.413235"/><trkpt lat="36.308965" lon="127.413375"/></trkseg>
<trkseg><trkpt lat="36.309257" lon="127.413754"/><trkpt lat="36.309249" lon="127.413257"/><trkpt lat="36.309253" lon="127.413218"/><trkpt lat="36.309268" lon="127.413186"/><trkpt lat="36.309286" lon="127.413175"/><trkpt lat="36.309292" lon="127.413175"/></trkseg>
<trkseg><trkpt lat="36.309181" lon="127.413144"/><trkpt lat="36.308949" lon="127.412834"/></trkseg>
<trkseg><trkpt lat="36.309499" lon="127.413032"/><trkpt lat="36.309249" lon="127.413068"/><trkpt lat="36.30923" lon="127.413074"/><trkpt lat="36.309213" lon="127.413088"/><trkpt lat="36.309198" lon="127.413112"/><trkpt lat="36.309181" lon="127.413144"/></trkseg>
<trkseg><trkpt lat="36.309292" lon="127.413175"/><trkpt lat="36.309181" lon="127.413144"/></trkseg>
<trkseg><trkpt lat="36.309499" lon="127.413032"/><trkpt lat="36.309428" lon="127.413174"/><trkpt lat="36.309414" lon="127.413195"/><trkpt lat="36.309403" lon="127.4132"/><trkpt lat="36.30939" lon="127.413192"/><trkpt lat="36.309367" lon="127.413171"/><trkpt lat="36.309352" lon="127.413162"/><trkpt lat="36.309333" lon="127.413161"/><trkpt lat="36.309292" lon="127.413175"/></trkseg>
<trkseg><trkpt lat="36.30954" lon="127.413014"/><trkpt lat="36.309499" lon="127.413032"/></trkseg>
<trkseg><trkpt lat="36.309557" lon="127.412493"/><trkpt lat="36.309487" lon="127.412674"/><trkpt lat="36.309475" lon="127.412715"/><trkpt lat="36.309472" lon="127.412745"/><trkpt lat="36.309477" lon="127.412776"/><trkpt lat="36.309515" lon="127.412923"/><trkpt lat="36.30954" lon="127.413014"/></trkseg>
<trkseg><trkpt lat="36.308949" lon="127.412834"/><trkpt lat="36.308844" lon="127.412568"/><trkpt lat="36.308823" lon="127.412508"/><trkpt lat="36.308813" lon="127.412461"/><trkpt lat="36.308809" lon="127.412414"/><trkpt lat="36.308807" lon="127.412336"/><trkpt lat="36.30881" lon="127.412291"/><trkpt lat="36.308821" lon="127.412255"/><trkpt lat="36.308847" lon="127.412234"/><trkpt lat="36.308878" lon="127.41223"/><trkpt lat="36.308906" lon="127.412248"/><trkpt lat="36.30894" lon="127.412297"/><trkpt lat="36.308977" lon="127.412335"/><trkpt lat="36.309013" lon="127.412356"/><trkpt lat="36.30903" lon="127.412362"/></trkseg>
<trkseg><trkpt lat="36.307598" lon="127.413124"/><trkpt lat="36.307488" lon="127.41312"/><trkpt lat="36.30746" lon="127.413152"/><trkpt lat="36.307435" lon="127.413189"/><trkpt lat="36.307406" lon="127.413258"/><trkpt lat="36.307399" lon="127.413402"/><trkpt lat="36.307405" lon="127.413449"/><trkpt lat="36.30744" lon="127.413643"/><trkpt lat="36.30748" lon="127.413853"/><trkpt lat="36.307493" lon="127.413899"/><trkpt lat="36.307511" lon="127.413943"/><trkpt lat="36.307567" lon="127.414056"/><trkpt lat="36.307594" lon="127.414112"/><trkpt lat="36.307608" lon="127.414153"/><trkpt lat="36.307608" lon="127.414192"/><trkpt lat="36.307589" lon="127.414228"/><trkpt lat="36.307563" lon="127.414263"/><trkpt lat="36.307507" lon="127.414333"/><trkpt lat="36.307485" lon="127.414371"/><trkpt lat="36.307475" lon="127.414414"/><trkpt lat="36.307476" lon="127.414462"/><trkpt lat="36.30749" lon="127.414611"/><trkpt lat="36.307496" lon="127.414678"/><trkpt lat="36.307494" lon="127.414727"/><trkpt lat="36.307485" lon="127.414767"/><trkpt lat="36.30747" lon="127.414803"/><trkpt lat="36.307444" lon="127.414834"/><trkpt lat="36.307403" lon="127.414863"/><trkpt lat="36.307332" lon="127.414904"/><trkpt lat="36.30733" lon="127.414905"/></trkseg>
<trkseg><trkpt lat="36.293946" lon="127.383956"/><trkpt lat="36.293922" lon="127.384007"/><trkpt lat="36.293901" lon="127.384063"/><trkpt lat="36.293896" lon="127.384114"/><trkpt lat="36.293905" lon="127.38416"/><trkpt lat="36.293924" lon="127.384232"/><trkpt lat="36.293923" lon="127.384258"/><trkpt lat="36.293901" lon="127.384259"/><trkpt lat="36.293855" lon="127.384239"/><trkpt lat="36.293488" lon="127.384056"/><trkpt lat="36.293452" lon="127.384041"/><trkpt lat="36.293423" lon="127.384036"/><trkpt lat="36.293409" lon="127.384056"/><trkpt lat="36.293403" lon="127.384106"/><trkpt lat="36.293395" lon="127.384147"/><trkpt lat="36.293375" lon="127.384184"/><trkpt lat="36.293346" lon="127.384214"/><trkpt lat="36.293312" lon="127.38424"/><trkpt lat="36.293242" lon="127.384283"/><trkpt lat="36.293205" lon="127.384299"/><trkpt lat="36.293167" lon="127.384308"/><trkpt lat="36.293089" lon="127.384309"/><trkpt lat="36.293051" lon="127.384311"/><trkpt lat="36.293014" lon="127.384321"/><trkpt lat="36.292981" lon="127.38434"/><trkpt lat="36.292949" lon="127.384363"/><trkpt lat="36.292921" lon="127.384389"/><trkpt lat="36.292898" lon="127.384418"/><trkpt lat="36.292883" lon="127.384451"/><trkpt lat="36.292859" lon="127.384477"/><trkpt lat="36.292828" lon="127.3845"/><trkpt lat="36.292758" lon="127.38454"/><trkpt lat="36.292686" lon="127.384577"/><trkpt lat="36.292639" lon="127.384597"/><trkpt lat="36.292604" lon="127.384607"/><trkpt lat="36.292573" lon="127.384605"/><trkpt lat="36.292546" lon="127.384579"/><trkpt lat="36.292509" lon="127.384517"/><trkpt lat="36.292488" lon="127.384486"/><trkpt lat="36.292468" lon="127.38448"/><trkpt lat="36.292449" lon="127.384505"/><trkpt lat="36.292431" lon="127.384544"/><trkpt lat="36.292403" lon="127.384618"/><trkpt lat="36.292391" lon="127.384664"/><trkpt lat="36.292386" lon="127.384712"/><trkpt lat="36.292386" lon="127.384795"/><trkpt lat="36.292406" lon="127.385491"/><trkpt lat="36.292407" lon="127.385573"/><trkpt lat="36.292402" lon="127.38562"/><trkpt lat="36.292386" lon="127.38566"/><trkpt lat="36.292361" lon="127.385696"/><trkpt lat="36.292229" lon="127.385845"/><trkpt lat="36.292153" lon="127.38593"/></trkseg>
<trkseg><trkpt lat="36.292153" lon="127.38593"/><trkpt lat="36.292146" lon="127.385992"/><trkpt lat="36.292136" lon="127.386056"/><trkpt lat="36.292121" lon="127.386104"/><trkpt lat="36.292096" lon="127.386133"/><trkpt lat="36.292063" lon="127.386152"/><trkpt lat="36.291989" lon="127.386186"/><trkpt lat="36.291955" lon="127.386205"/><trkpt lat="36.291929" lon="127.386231"/><trkpt lat="36.291917" lon="127.386269"/><trkpt lat="36.291918" lon="127.386314"/><trkpt lat="36.291932" lon="127.386356"/><trkpt lat="36.291951" lon="127.386397"/><trkpt lat="36.292051" lon="127.386587"/><trkpt lat="36.292083" lon="127.386637"/><trkpt lat="36.292111" lon="127.386671"/><trkpt lat="36.292212" lon="127.386774"/><trkpt lat="36.292262" lon="127.386826"/><trkpt lat="36.292286" lon="127.38686"/><trkpt lat="36.292297" lon="127.386895"/><trkpt lat="36.292292" lon="127.386928"/><trkpt lat="36.292268" lon="127.386953"/><trkpt lat="36.292233" lon="127.386971"/><trkpt lat="36.292067" lon="127.387038"/><trkpt lat="36.291992" lon="127.38707"/><trkpt lat="36.291959" lon="127.387092"/><trkpt lat="36.291934" lon="127.387125"/><trkpt lat="36.291916" lon="127.387167"/><trkpt lat="36.291886" lon="127.387258"/><trkpt lat="36.291868" lon="127.387321"/><trkpt lat="36.291859" lon="127.387368"/><trkpt lat="36.291858" lon="127.387415"/><trkpt lat="36.291864" lon="127.387495"/><trkpt lat="36.291879" lon="127.387671"/><trkpt lat="36.29188" lon="127.387717"/><trkpt lat="36.291872" lon="127.387761"/><trkpt lat="36.291853" lon="127.387803"/><trkpt lat="36.29182" lon="127.387857"/><trkpt lat="36.291744" lon="127.387973"/></trkseg>
<trkseg><trkpt lat="36.292153" lon="127.38593"/><trkpt lat="36.291045" lon="127.385817"/><trkpt lat="36.290967" lon="127.385803"/><trkpt lat="36.290751" lon="127.385747"/><trkpt lat="36.2907" lon="127.385731"/><trkpt lat="36.290664" lon="127.385715"/><trkpt lat="36.290617" lon="127.385685"/><trkpt lat="36.290443" lon="127.385561"/><trkpt lat="36.2904" lon="127.385524"/><trkpt lat="36.290371" lon="127.385491"/><trkpt lat="36.290346" lon="127.385453"/><trkpt lat="36.290274" lon="127.385333"/><trkpt lat="36.290241" lon="127.385283"/><trkpt lat="36.290212" lon="127.385253"/><trkpt lat="36.29018" lon="127.385236"/><trkpt lat="36.290124" lon="127.385211"/><trkpt lat="36.290095" lon="127.385185"/><trkpt lat="36.290072" lon="127.38515"/><trkpt lat="36.290036" lon="127.385084"/><trkpt lat="36.290004" lon="127.385015"/><trkpt lat="36.289989" lon="127.384971"/><trkpt lat="36.289977" lon="127.384908"/><trkpt lat="36.289923" lon="127.384538"/><trkpt lat="36.289912" lon="127.384474"/><trkpt lat="36.289902" lon="127.384428"/><trkpt lat="36.289866" lon="127.384307"/><trkpt lat="36.289828" lon="127.384188"/><trkpt lat="36.289786" lon="127.384086"/><trkpt lat="36.289555" lon="127.383552"/><trkpt lat="36.289535" lon="127.383511"/><trkpt lat="36.28951" lon="127.383473"/><trkpt lat="36.28947" lon="127.383429"/><trkpt lat="36.289395" lon="127.383359"/><trkpt lat="36.28934" lon="127.383312"/><trkpt lat="36.289305" lon="127.38329"/><trkpt lat="36.289255" lon="127.383271"/><trkpt lat="36.289047" lon="127.383213"/><trkpt lat="36.288837" lon="127.383129"/><trkpt lat="36.288781" lon="127.383118"/><trkpt lat="36.288746" lon="127.383129"/><trkpt lat="36.28871" lon="127.383148"/><trkpt lat="36.288577" lon="127.383251"/><trkpt lat="36.28847" lon="127.383249"/><trkpt lat="36.28841" lon="127.383241"/><trkpt lat="36.288352" lon="127.383267"/><trkpt lat="36.288324" lon="127.383297"/><trkpt lat="36.288251" lon="127.383353"/><trkpt lat="36.288216" lon="127.383389"/></trkseg>
<trkseg><trkpt lat="36.28821" lon="127.383438"/><trkpt lat="36.288164" lon="127.383311"/><trkpt lat="36.288133" lon="127.383283"/><trkpt lat="36.288085" lon="127.383255"/><trkpt lat="36.28781" lon="127.383137"/><trkpt lat="36.287771" lon="127.383098"/><trkpt lat="36.287734" lon="127.383058"/><trkpt lat="36.287615" lon="127.382904"/><trkpt lat="36.28756" lon="127.382874"/><trkpt lat="36.287516" lon="127.382837"/><trkpt lat="36.287459" lon="127.382781"/><trkpt lat="36.287373" lon="127.382692"/></trkseg>
<trkseg><trkpt lat="36.28875" lon="127.384674"/><trkpt lat="36.288705" lon="127.384585"/><trkpt lat="36.288683" lon="127.384532"/><trkpt lat="36.288667" lon="127.384469"/><trkpt lat="36.288613" lon="127.384084"/><trkpt lat="36.288593" lon="127.383989"/><trkpt lat="36.288578" lon="127.383944"/><trkpt lat="36.288556" lon="127.383905"/><trkpt lat="36.288346" lon="127.383669"/><trkpt lat="36.28821" lon="127.383438"/></trkseg>
<trkseg><trkpt lat="36.288123" lon="127.383436"/><trkpt lat="36.287551" lon="127.383651"/><trkpt lat="36.287499" lon="127.383667"/><trkpt lat="36.28746" lon="127.383673"/><trkpt lat="36.287383" lon="127.383674"/><trkpt lat="36.287346" lon="127.383681"/><trkpt lat="36.287296" lon="127.383713"/><trkpt lat="36.287264" lon="127.383728"/><trkpt lat="36.287203" lon="127.383732"/><trkpt lat="36.287171" lon="127.383738"/><trkpt lat="36.287153" lon="127.383761"/><trkpt lat="36.287146" lon="127.383808"/><trkpt lat="36.287144" lon="127.383889"/><trkpt lat="36.287145" lon="127.38393"/></trkseg>
<trkseg><trkpt lat="36.287178" lon="127.382842"/><trkpt lat="36.287189" lon="127.382854"/><trkpt lat="36.287214" lon="127.382886"/><trkpt lat="36.287242" lon="127.382938"/><trkpt lat="36.287275" lon="127.383031"/><trkpt lat="36.287354" lon="127.383273"/><trkpt lat="36.287376" lon="127.383331"/><trkpt lat="36.287397" lon="127.383369"/><trkpt lat="36.287426" lon="127.383395"/><trkpt lat="36.287458" lon="127.383415"/><trkpt lat="36.287493" lon="127.383429"/><trkpt lat="36.287531" lon="127.383434"/><trkpt lat="36.287584" lon="127.383428"/><trkpt lat="36.28781" lon="127.383387"/><trkpt lat="36.287863" lon="127.383381"/><trkpt lat="36.287903" lon="127.383383"/><trkpt lat="36.287968" lon="127.383397"/><trkpt lat="36.288123" lon="127.383436"/></trkseg>
<trkseg><trkpt lat="36.28821" lon="127.383438"/><trkpt lat="36.288123" lon="127.383436"/></trkseg>
<trkseg><trkpt lat="36.287178" lon="127.382842"/><trkpt lat="36.287358" lon="127.382705"/></trkseg>
<trkseg><trkpt lat="36.286967" lon="127.382249"/><trkpt lat="36.286924" lon="127.382363"/><trkpt lat="36.286922" lon="127.382421"/><trkpt lat="36.286925" lon="127.382465"/><trkpt lat="36.286939" lon="127.382506"/><trkpt lat="36.286961" lon="127.382544"/><trkpt lat="36.287002" lon="127.382605"/><trkpt lat="36.287029" lon="127.382639"/><trkpt lat="36.287058" lon="127.382667"/><trkpt lat="36.287093" lon="127.382682"/><trkpt lat="36.287143" lon="127.382694"/><trkpt lat="36.287358" lon="127.382705"/></trkseg>
<trkseg><trkpt lat="36.287358" lon="127.382705"/><trkpt lat="36.287369" lon="127.382702"/><trkpt lat="36.287372" lon="127.382683"/><trkpt lat="36.287354" lon="127.382648"/><trkpt lat="36.287237" lon="127.382503"/><trkpt lat="36.28719" lon="127.382451"/><trkpt lat="36.28716" lon="127.382425"/><trkpt lat="36.287126" lon="127.382409"/><trkpt lat="36.287054" lon="127.382388"/><trkpt lat="36.287019" lon="127.382376"/><trkpt lat="36.286989" lon="127.382351"/><trkpt lat="36.286973" lon="127.382303"/><trkpt lat="36.286967" lon="127.382249"/></trkseg>
<trkseg><trkpt lat="36.286967" lon="127.382249"/><trkpt lat="36.286946" lon="127.382217"/><trkpt lat="36.28692" lon="127.382166"/><trkpt lat="36.286903" lon="127.38211"/><trkpt lat="36.286844" lon="127.381789"/><trkpt lat="36.286791" lon="127.3815"/><trkpt lat="36.286786" lon="127.381452"/><trkpt lat="36.286788" lon="127.381405"/><trkpt lat="36.286802" lon="127.381346"/><trkpt lat="36.28681" lon="127.381302"/><trkpt lat="36.286806" lon="127.381261"/><trkpt lat="36.28679" lon="127.381206"/><trkpt lat="36.286785" lon="127.381164"/><trkpt lat="36.28679" lon="127.381119"/><trkpt lat="36.286808" lon="127.381043"/><trkpt lat="36.286833" lon="127.380952"/><trkpt lat="36.286847" lon="127.380909"/><trkpt lat="36.286868" lon="127.380875"/><trkpt lat="36.286898" lon="127.380853"/><trkpt lat="36.286934" lon="127.380839"/><trkpt lat="36.287095" lon="127.380755"/><trkpt lat="36.287145" lon="127.380737"/><trkpt lat="36.28718" lon="127.380717"/><trkpt lat="36.287247" lon="127.380666"/><trkpt lat="36.287355" lon="127.380576"/><trkpt lat="36.287392" lon="127.380553"/><trkpt lat="36.287437" lon="127.380544"/><trkpt lat="36.287474" lon="127.380551"/><trkpt lat="36.28749" lon="127.380557"/></trkseg>
<trkseg><trkpt lat="36.285946" lon="127.381704"/><trkpt lat="36.286076" lon="127.382126"/><trkpt lat="36.286092" lon="127.382171"/><trkpt lat="36.286113" lon="127.382213"/><trkpt lat="36.286137" lon="127.382253"/><trkpt lat="36.286188" lon="127.38233"/><trkpt lat="36.286216" lon="127.382365"/><trkpt lat="36.286247" lon="127.382391"/><trkpt lat="36.286317" lon="127.382425"/><trkpt lat="36.286382" lon="127.382444"/><trkpt lat="36.286488" lon="127.382469"/><trkpt lat="36.286528" lon="127.382474"/><trkpt lat="36.286607" lon="127.382471"/><trkpt lat="36.286646" lon="127.382472"/><trkpt lat="36.286683" lon="127.382482"/><trkpt lat="36.286731" lon="127.382509"/><trkpt lat="36.286918" lon="127.382634"/></trkseg>
<trkseg><trkpt lat="36.286502" lon="127.382921"/><trkpt lat="36.286751" lon="127.382662"/><trkpt lat="36.286775" lon="127.382642"/><trkpt lat="36.2868" lon="127.382629"/><trkpt lat="36.28683" lon="127.382626"/><trkpt lat="36.286881" lon="127.38263"/><trkpt lat="36.286918" lon="127.382634"/></trkseg>
<trkseg><trkpt lat="36.286918" lon="127.382634"/><trkpt lat="36.287178" lon="127.382842"/></trkseg>
<trkseg><trkpt lat="36.286502" lon="127.382921"/><trkpt lat="36.286355" lon="127.383277"/><trkpt lat="36.286341" lon="127.383323"/><trkpt lat="36.286317" lon="127.383417"/><trkpt lat="36.286267" lon="127.383639"/><trkpt lat="36.286259" lon="127.383688"/><trkpt lat="36.286254" lon="127.383754"/><trkpt lat="36.286244" lon="127.383919"/><trkpt lat="36.286238" lon="127.383967"/><trkpt lat="36.286219" lon="127.384063"/><trkpt lat="36.286114" lon="127.384524"/><trkpt lat="36.286106" lon="127.384572"/><trkpt lat="36.286103" lon="127.384619"/><trkpt lat="36.286104" lon="127.3847"/><trkpt lat="36.286114" lon="127.384924"/><trkpt lat="36.28611" lon="127.384972"/><trkpt lat="36.286088" lon="127.385022"/><trkpt lat="36.286061" lon="127.38506"/><trkpt lat="36.286047" lon="127.385076"/></trkseg>
<trkseg><trkpt lat="36.285294" lon="127.382688"/><trkpt lat="36.286008" lon="127.383015"/><trkpt lat="36.286058" lon="127.383036"/><trkpt lat="36.286096" lon="127.383046"/><trkpt lat="36.286159" lon="127.383054"/><trkpt lat="36.28621" lon="127.383056"/><trkpt lat="36.286247" lon="127.383051"/><trkpt lat="36.286284" lon="127.383036"/><trkpt lat="36.286502" lon="127.382921"/></trkseg>
<trkseg><trkpt lat="36.284974" lon="127.384966"/><trkpt lat="36.28517" lon="127.384858"/><trkpt lat="36.285198" lon="127.384873"/><trkpt lat="36.285215" lon="127.38491"/><trkpt lat="36.285234" lon="127.384971"/><trkpt lat="36.285278" lon="127.385329"/><trkpt lat="36.285294" lon="127.385374"/><trkpt lat="36.285315" lon="127.385409"/><trkpt lat="36.285345" lon="127.385426"/><trkpt lat="36.285381" lon="127.385431"/><trkpt lat="36.285415" lon="127.385426"/><trkpt lat="36.285442" lon="127.385404"/><trkpt lat="36.285478" lon="127.385342"/><trkpt lat="36.2855" lon="127.38531"/><trkpt lat="36.285524" lon="127.385299"/><trkpt lat="36.285554" lon="127.385315"/><trkpt lat="36.285585" lon="127.385342"/><trkpt lat="36.285639" lon="127.385391"/><trkpt lat="36.285673" lon="127.385412"/><trkpt lat="36.285708" lon="127.385415"/><trkpt lat="36.285744" lon="127.385403"/><trkpt lat="36.285793" lon="127.385379"/><trkpt lat="36.285842" lon="127.385352"/><trkpt lat="36.285876" lon="127.385329"/><trkpt lat="36.285906" lon="127.385298"/><trkpt lat="36.285933" lon="127.385261"/><trkpt lat="36.286047" lon="127.385076"/></trkseg>
<trkseg><trkpt lat="36.286047" lon="127.385076"/><trkpt lat="36.28607" lon="127.385124"/><trkpt lat="36.286098" lon="127.385171"/><trkpt lat="36.286131" lon="127.385196"/><trkpt lat="36.286168" lon="127.3852"/><trkpt lat="36.286228" lon="127.3852"/><trkpt lat="36.286251" lon="127.385211"/><trkpt lat="36.286253" lon="127.385243"/><trkpt lat="36.28624" lon="127.3853"/><trkpt lat="36.286217" lon="127.385389"/><trkpt lat="36.286214" lon="127.385423"/><trkpt lat="36.28623" lon="127.385436"/><trkpt lat="36.286262" lon="127.385433"/><trkpt lat="36.286335" lon="127.385419"/><trkpt lat="36.286369" lon="127.385424"/><trkpt lat="36.286397" lon="127.385448"/><trkpt lat="36.286437" lon="127.385506"/><trkpt lat="36.286464" lon="127.385533"/><trkpt lat="36.286491" lon="127.385542"/><trkpt lat="36.286518" lon="127.385532"/><trkpt lat="36.286545" lon="127.385502"/><trkpt lat="36.286589" lon="127.385441"/><trkpt lat="36.286618" lon="127.385411"/><trkpt lat="36.286687" lon="127.385355"/><trkpt lat="36.286727" lon="127.385325"/></trkseg>
<trkseg><trkpt lat="36.286897" lon="127.384967"/><trkpt lat="36.286791" lon="127.385041"/><trkpt lat="36.286773" lon="127.385058"/><trkpt lat="36.286755" lon="127.385087"/><trkpt lat="36.286732" lon="127.385135"/><trkpt lat="36.286715" lon="127.385176"/><trkpt lat="36.28671" lon="127.385201"/><trkpt lat="36.286711" lon="127.385227"/><trkpt lat="36.286717" lon="127.38527"/><trkpt lat="36.286727" lon="127.385325"/></trkseg>
<trkseg><trkpt lat="36.286897" lon="127.384967"/><trkpt lat="36.286804" lon="127.384826"/><trkpt lat="36.286792" lon="127.384803"/><trkpt lat="36.286786" lon="127.384778"/><trkpt lat="36.286787" lon="127.38475"/><trkpt lat="36.286805" lon="127.384654"/><trkpt lat="36.286817" lon="127.384605"/><trkpt lat="36.286833" lon="127.384577"/><trkpt lat="36.28685" lon="127.384563"/><trkpt lat="36.286859" lon="127.38456"/></trkseg>
<trkseg><trkpt lat="36.286859" lon="127.38456"/><trkpt lat="36.286945" lon="127.384523"/><trkpt lat="36.286961" lon="127.384513"/><trkpt lat="36.286975" lon="127.384498"/><trkpt lat="36.286989" lon="127.384473"/><trkpt lat="36.287028" lon="127.384395"/><trkpt lat="36.287041" lon="127.384379"/><trkpt lat="36.287056" lon="127.384367"/><trkpt lat="36.287111" lon="127.384335"/></trkseg>
<trkseg><trkpt lat="36.287145" lon="127.38393"/><trkpt lat="36.287098" lon="127.383935"/><trkpt lat="36.287016" lon="127.383945"/><trkpt lat="36.286979" lon="127.383955"/><trkpt lat="36.286946" lon="127.383974"/><trkpt lat="36.286916" lon="127.383999"/><trkpt lat="36.286888" lon="127.384028"/><trkpt lat="36.286866" lon="127.384062"/><trkpt lat="36.28685" lon="127.384103"/><trkpt lat="36.286833" lon="127.38416"/><trkpt lat="36.286823" lon="127.384204"/><trkpt lat="36.286818" lon="127.384251"/><trkpt lat="36.286816" lon="127.384314"/><trkpt lat="36.286818" lon="127.38441"/><trkpt lat="36.286825" lon="127.384466"/><trkpt lat="36.286843" lon="127.384523"/><trkpt lat="36.286859" lon="127.38456"/></trkseg>
<trkseg><trkpt lat="36.287145" lon="127.38393"/><trkpt lat="36.287104" lon="127.384051"/><trkpt lat="36.287099" lon="127.384075"/><trkpt lat="36.287098" lon="127.384099"/><trkpt lat="36.287111" lon="127.384335"/></trkseg>
<trkseg><trkpt lat="36.287111" lon="127.384335"/><trkpt lat="36.287105" lon="127.384644"/><trkpt lat="36.287102" lon="127.384687"/><trkpt lat="36.287093" lon="127.384727"/><trkpt lat="36.287075" lon="127.38476"/><trkpt lat="36.287052" lon="127.384791"/><trkpt lat="36.286897" lon="127.384967"/></trkseg>
<trkseg><trkpt lat="36.286727" lon="127.385325"/><trkpt lat="36.28669" lon="127.385569"/><trkpt lat="36.286684" lon="127.385634"/><trkpt lat="36.286686" lon="127.385682"/><trkpt lat="36.286693" lon="127.385747"/><trkpt lat="36.286781" lon="127.386342"/><trkpt lat="36.286792" lon="127.386439"/><trkpt lat="36.286793" lon="127.386488"/><trkpt lat="36.286787" lon="127.386601"/><trkpt lat="36.286761" lon="127.386973"/><trkpt lat="36.286761" lon="127.387022"/><trkpt lat="36.286765" lon="127.387119"/><trkpt lat="36.286779" lon="127.387332"/><trkpt lat="36.286778" lon="127.387381"/><trkpt lat="36.286771" lon="127.387426"/><trkpt lat="36.286755" lon="127.387466"/><trkpt lat="36.286737" lon="127.387532"/><trkpt lat="36.286938" lon="127.387904"/><trkpt lat="36.28698" lon="127.387968"/><trkpt lat="36.287007" lon="127.387999"/><trkpt lat="36.287041" lon="127.388013"/><trkpt lat="36.287079" lon="127.388012"/><trkpt lat="36.287147" lon="127.388"/><trkpt lat="36.287267" lon="127.387975"/></trkseg>
<trkseg><trkpt lat="36.287162" lon="127.389879"/><trkpt lat="36.287376" lon="127.389857"/><trkpt lat="36.287415" lon="127.38985"/><trkpt lat="36.287451" lon="127.389835"/><trkpt lat="36.287481" lon="127.389807"/><trkpt lat="36.287507" lon="127.389773"/><trkpt lat="36.287549" lon="127.38971"/><trkpt lat="36.287571" lon="127.38967"/><trkpt lat="36.287589" lon="127.389627"/><trkpt lat="36.287611" lon="127.389551"/><trkpt lat="36.287701" lon="127.389212"/><trkpt lat="36.287714" lon="127.389149"/><trkpt lat="36.287723" lon="127.389084"/><trkpt lat="36.287733" lon="127.388952"/><trkpt lat="36.287734" lon="127.388903"/><trkpt lat="36.287729" lon="127.388855"/><trkpt lat="36.287713" lon="127.388777"/><trkpt lat="36.287684" lon="127.38867"/><trkpt lat="36.287668" lon="127.388627"/><trkpt lat="36.287645" lon="127.388589"/><trkpt lat="36.287617" lon="127.388556"/><trkpt lat="36.287438" lon="127.388383"/><trkpt lat="36.287377" lon="127.388322"/><trkpt lat="36.287349" lon="127.388288"/><trkpt lat="36.28733" lon="127.388247"/><trkpt lat="36.287316" lon="127.388201"/><trkpt lat="36.287269" lon="127.387987"/><trkpt lat="36.287267" lon="127.387975"/></trkseg>
<trkseg><trkpt lat="36.287267" lon="127.387975"/><trkpt lat="36.287279" lon="127.387872"/><trkpt lat="36.287288" lon="127.387813"/><trkpt lat="36.287301" lon="127.387767"/><trkpt lat="36.287321" lon="127.387725"/><trkpt lat="36.287353" lon="127.387672"/><trkpt lat="36.28738" lon="127.387635"/><trkpt lat="36.28741" lon="127.387604"/><trkpt lat="36.287445" lon="127.387586"/><trkpt lat="36.287483" lon="127.387575"/><trkpt lat="36.287522" lon="127.38757"/><trkpt lat="36.287558" lon="127.387576"/><trkpt lat="36.287592" lon="127.387595"/><trkpt lat="36.287689" lon="127.387674"/><trkpt lat="36.287755" lon="127.387724"/><trkpt lat="36.28779" lon="127.387742"/><trkpt lat="36.287826" lon="127.387755"/><trkpt lat="36.287952" lon="127.387786"/><trkpt lat="36.287987" lon="127.387799"/><trkpt lat="36.288017" lon="127.387822"/><trkpt lat="36.28804" lon="127.387859"/><trkpt lat="36.288072" lon="127.38793"/><trkpt lat="36.28822" lon="127.388279"/><trkpt lat="36.288243" lon="127.388338"/><trkpt lat="36.288257" lon="127.388384"/><trkpt lat="36.288275" lon="127.388464"/><trkpt lat="36.28842" lon="127.389172"/><trkpt lat="36.28846" lon="127.389365"/><trkpt lat="36.288474" lon="127.38941"/><trkpt lat="36.288495" lon="127.38945"/><trkpt lat="36.288531" lon="127.389497"/><trkpt lat="36.288649" lon="127.38963"/><trkpt lat="36.28869" lon="127.389672"/><trkpt lat="36.288723" lon="127.389696"/><trkpt lat="36.288761" lon="127.389712"/><trkpt lat="36.288983" lon="127.389777"/><trkpt lat="36.289272" lon="127.389862"/></trkseg>
<trkseg><trkpt lat="36.283105" lon="127.407971"/><trkpt lat="36.283171" lon="127.407826"/><trkpt lat="36.283192" lon="127.407785"/><trkpt lat="36.283216" lon="127.407751"/><trkpt lat="36.283242" lon="127.407733"/><trkpt lat="36.283281" lon="127.407713"/><trkpt lat="36.283313" lon="127.407688"/><trkpt lat="36.283407" lon="127.407599"/><trkpt lat="36.283449" lon="127.40756"/><trkpt lat="36.283482" lon="127.407536"/><trkpt lat="36.283516" lon="127.407519"/><trkpt lat="36.283575" lon="127.407496"/><trkpt lat="36.283611" lon="127.407487"/><trkpt lat="36.28365" lon="127.407484"/><trkpt lat="36.28373" lon="127.407486"/><trkpt lat="36.283863" lon="127.407492"/><trkpt lat="36.283903" lon="127.40749"/><trkpt lat="36.283938" lon="127.407479"/><trkpt lat="36.283968" lon="127.407461"/><trkpt lat="36.28399" lon="127.407434"/><trkpt lat="36.283996" lon="127.407394"/><trkpt lat="36.283992" lon="127.407347"/><trkpt lat="36.283981" lon="127.407302"/><trkpt lat="36.283962" lon="127.407263"/><trkpt lat="36.283931" lon="127.407235"/><trkpt lat="36.283873" lon="127.407196"/><trkpt lat="36.283777" lon="127.407136"/><trkpt lat="36.283745" lon="127.40711"/><trkpt lat="36.283721" lon="127.407077"/><trkpt lat="36.283709" lon="127.407037"/><trkpt lat="36.283706" lon="127.406994"/><trkpt lat="36.283713" lon="127.40695"/><trkpt lat="36.283729" lon="127.406906"/><trkpt lat="36.283801" lon="127.406747"/><trkpt lat="36.283835" lon="127.406676"/><trkpt lat="36.283858" lon="127.40664"/><trkpt lat="36.283888" lon="127.406615"/><trkpt lat="36.283923" lon="127.406598"/><trkpt lat="36.283983" lon="127.406573"/><trkpt lat="36.284012" lon="127.406548"/><trkpt lat="36.284035" lon="127.406511"/><trkpt lat="36.284054" lon="127.406469"/><trkpt lat="36.284112" lon="127.40632"/></trkseg>
<trkseg><trkpt lat="36.283105" lon="127.407971"/><trkpt lat="36.283106" lon="127.407916"/><trkpt lat="36.283103" lon="127.407857"/><trkpt lat="36.283091" lon="127.407807"/><trkpt lat="36.28307" lon="127.407768"/><trkpt lat="36.282951" lon="127.407597"/><trkpt lat="36.282892" lon="127.40751"/><trkpt lat="36.28287" lon="127.407471"/><trkpt lat="36.282853" lon="127.407429"/><trkpt lat="36.282833" lon="127.407354"/><trkpt lat="36.282819" lon="127.40731"/><trkpt lat="36.2828" lon="127.407273"/><trkpt lat="36.282776" lon="127.40724"/><trkpt lat="36.28275" lon="127.407212"/><trkpt lat="36.282717" lon="127.407189"/><trkpt lat="36.282679" lon="127.407172"/><trkpt lat="36.282486" lon="127.407101"/><trkpt lat="36.282436" lon="127.407079"/><trkpt lat="36.282401" lon="127.407056"/><trkpt lat="36.282358" lon="127.407019"/><trkpt lat="36.282295" lon="127.40696"/><trkpt lat="36.28227" lon="127.406928"/><trkpt lat="36.282259" lon="127.406891"/><trkpt lat="36.282265" lon="127.406848"/><trkpt lat="36.282278" lon="127.406801"/><trkpt lat="36.282308" lon="127.406709"/><trkpt lat="36.282316" lon="127.406668"/><trkpt lat="36.282308" lon="127.40664"/><trkpt lat="36.282281" lon="127.406628"/><trkpt lat="36.282245" lon="127.406622"/><trkpt lat="36.282114" lon="127.406613"/><trkpt lat="36.282075" lon="127.406613"/><trkpt lat="36.282038" lon="127.406619"/><trkpt lat="36.282003" lon="127.406629"/><trkpt lat="36.281976" lon="127.406645"/><trkpt lat="36.28195" lon="127.406652"/><trkpt lat="36.281915" lon="127.406631"/><trkpt lat="36.281889" lon="127.406601"/><trkpt lat="36.281883" lon="127.406593"/></trkseg>
<trkseg><trkpt lat="36.283161" lon="127.408689"/><trkpt lat="36.283081" lon="127.408455"/><trkpt lat="36.28307" lon="127.408413"/><trkpt lat="36.283065" lon="127.40837"/><trkpt lat="36.283059" lon="127.408267"/><trkpt lat="36.283058" lon="127.408193"/><trkpt lat="36.283062" lon="127.40815"/><trkpt lat="36.28307" lon="127.408108"/><trkpt lat="36.283105" lon="127.407971"/></trkseg>
<trkseg><trkpt lat="36.282697" lon="127.409589"/><trkpt lat="36.282715" lon="127.409536"/><trkpt lat="36.282739" lon="127.409483"/><trkpt lat="36.282767" lon="127.409442"/><trkpt lat="36.282807" lon="127.409399"/><trkpt lat="36.283008" lon="127.409191"/><trkpt lat="36.283047" lon="127.409147"/><trkpt lat="36.283072" lon="127.409109"/><trkpt lat="36.283109" lon="127.40904"/><trkpt lat="36.283129" lon="127.408997"/><trkpt lat="36.283144" lon="127.408952"/><trkpt lat="36.283152" lon="127.408905"/><trkpt lat="36.283157" lon="127.408816"/><trkpt lat="36.283161" lon="127.408689"/></trkseg>
<trkseg><trkpt lat="36.282697" lon="127.409589"/><trkpt lat="36.282776" lon="127.409613"/><trkpt lat="36.282823" lon="127.409623"/><trkpt lat="36.282859" lon="127.40962"/><trkpt lat="36.282892" lon="127.4096"/><trkpt lat="36.282924" lon="127.409571"/><trkpt lat="36.283111" lon="127.40938"/><trkpt lat="36.283151" lon="127.409336"/><trkpt lat="36.283175" lon="127.409299"/><trkpt lat="36.283191" lon="127.409255"/><trkpt lat="36.283205" lon="127.409192"/><trkpt lat="36.283245" lon="127.40898"/><trkpt lat="36.283251" lon="127.408932"/><trkpt lat="36.283248" lon="127.408886"/><trkpt lat="36.283234" lon="127.408843"/><trkpt lat="36.283213" lon="127.408795"/><trkpt lat="36.283162" lon="127.408691"/><trkpt lat="36.283161" lon="127.408689"/></trkseg>
<trkseg><trkpt lat="36.281887" lon="127.41339"/><trkpt lat="36.281966" lon="127.413354"/><trkpt lat="36.282024" lon="127.413327"/><trkpt lat="36.282058" lon="127.413305"/><trkpt lat="36.282087" lon="127.413276"/><trkpt lat="36.282109" lon="127.413237"/><trkpt lat="36.28214" lon="127.413165"/><trkpt lat="36.282168" lon="127.413091"/><trkpt lat="36.282183" lon="127.413046"/><trkpt lat="36.28219" lon="127.412999"/><trkpt lat="36.282193" lon="127.41295"/><trkpt lat="36.282196" lon="127.412607"/><trkpt lat="36.282198" lon="127.41251"/><trkpt lat="36.282203" lon="127.412462"/><trkpt lat="36.282215" lon="127.412416"/><trkpt lat="36.282304" lon="127.41218"/><trkpt lat="36.282339" lon="127.412092"/><trkpt lat="36.282367" lon="127.412036"/><trkpt lat="36.282609" lon="127.411615"/><trkpt lat="36.282646" lon="127.411545"/><trkpt lat="36.282664" lon="127.411502"/><trkpt lat="36.282675" lon="127.41146"/><trkpt lat="36.282682" lon="127.411415"/><trkpt lat="36.282682" lon="127.411371"/><trkpt lat="36.282676" lon="127.411327"/><trkpt lat="36.282665" lon="127.411285"/><trkpt lat="36.282647" lon="127.411251"/><trkpt lat="36.282616" lon="127.411216"/><trkpt lat="36.282606" lon="127.411187"/><trkpt lat="36.282613" lon="127.41115"/><trkpt lat="36.282638" lon="127.411082"/><trkpt lat="36.28265" lon="127.411039"/><trkpt lat="36.282654" lon="127.410991"/><trkpt lat="36.282653" lon="127.410942"/><trkpt lat="36.282625" lon="127.410595"/><trkpt lat="36.28262" lon="127.410513"/><trkpt lat="36.282622" lon="127.410466"/><trkpt lat="36.282636" lon="127.410423"/><trkpt lat="36.282658" lon="127.410384"/><trkpt lat="36.282727" lon="127.410282"/><trkpt lat="36.282748" lon="127.410243"/><trkpt lat="36.282759" lon="127.410201"/><trkpt lat="36.282757" lon="127.410156"/><trkpt lat="36.282749" lon="127.41011"/><trkpt lat="36.282702" lon="127.409891"/><trkpt lat="36.282691" lon="127.409828"/><trkpt lat="36.282686" lon="127.40978"/><trkpt lat="36.282687" lon="127.40973"/><trkpt lat="36.282697" lon="127.409589"/></trkseg>
<trkseg><trkpt lat="36.280884" lon="127.406794"/><trkpt lat="36.280877" lon="127.406814"/><trkpt lat="36.280877" lon="127.40686"/><trkpt lat="36.28089" lon="127.406915"/><trkpt lat="36.280907" lon="127.406959"/><trkpt lat="36.280956" lon="127.407055"/><trkpt lat="36.281" lon="127.407135"/><trkpt lat="36.281024" lon="127.407172"/><trkpt lat="36.281062" lon="127.407216"/><trkpt lat="36.281131" lon="127.407288"/><trkpt lat="36.281154" lon="127.40732"/><trkpt lat="36.281164" lon="127.407356"/><trkpt lat="36.281157" lon="127.407398"/><trkpt lat="36.281137" lon="127.407472"/><trkpt lat="36.281134" lon="127.407518"/><trkpt lat="36.281138" lon="127.407567"/><trkpt lat="36.281161" lon="127.407713"/><trkpt lat="36.281171" lon="127.407778"/><trkpt lat="36.281174" lon="127.407827"/><trkpt lat="36.28117" lon="127.407875"/><trkpt lat="36.281162" lon="127.407924"/><trkpt lat="36.281151" lon="127.407971"/><trkpt lat="36.281136" lon="127.408014"/><trkpt lat="36.281114" lon="127.408047"/><trkpt lat="36.281078" lon="127.408083"/><trkpt lat="36.281055" lon="127.408115"/><trkpt lat="36.281036" lon="127.408157"/><trkpt lat="36.281022" lon="127.408201"/><trkpt lat="36.281011" lon="127.408245"/><trkpt lat="36.281007" lon="127.408285"/><trkpt lat="36.281016" lon="127.408314"/><trkpt lat="36.281028" lon="127.408339"/><trkpt lat="36.281028" lon="127.408397"/><trkpt lat="36.281032" lon="127.408439"/><trkpt lat="36.281043" lon="127.408483"/><trkpt lat="36.281067" lon="127.408557"/><trkpt lat="36.281095" lon="127.408627"/><trkpt lat="36.281114" lon="127.408663"/><trkpt lat="36.281143" lon="127.408709"/><trkpt lat="36.281151" lon="127.408751"/><trkpt lat="36.281156" lon="127.408815"/><trkpt lat="36.281166" lon="127.409112"/><trkpt lat="36.281172" lon="127.409212"/><trkpt lat="36.281178" lon="127.409261"/><trkpt lat="36.281194" lon="127.409337"/><trkpt lat="36.281201" lon="127.409379"/><trkpt lat="36.281198" lon="127.409414"/><trkpt lat="36.281176" lon="127.409435"/><trkpt lat="36.281142" lon="127.409449"/><trkpt lat="36.281026" lon="127.40948"/><trkpt lat="36.280963" lon="127.409499"/><trkpt lat="36.280931" lon="127.409515"/><trkpt lat="36.280911" lon="127.409542"/><trkpt lat="36.280905" lon="127.409582"/><trkpt lat="36.280901" lon="127.409639"/><trkpt lat="36.28089" lon="127.409675"/><trkpt lat="36.280862" lon="127.409711"/><trkpt lat="36.280842" lon="127.409746"/><trkpt lat="36.280825" lon="127.409788"/><trkpt lat="36.280802" lon="127.409862"/><trkpt lat="36.280792" lon="127.409907"/><trkpt lat="36.280787" lon="127.409951"/><trkpt lat="36.280795" lon="127.409992"/><trkpt lat="36.280816" lon="127.410043"/><trkpt lat="36.280821" lon="127.410083"/><trkpt lat="36.280809" lon="127.410124"/><trkpt lat="36.280784" lon="127.410181"/><trkpt lat="36.280558" lon="127.410633"/><trkpt lat="36.28054" lon="127.410676"/><trkpt lat="36.280529" lon="127.41072"/><trkpt lat="36.280532" lon="127.410764"/><trkpt lat="36.280546" lon="127.410824"/><trkpt lat="36.280583" lon="127.41096"/><trkpt lat="36.28059" lon="127.411005"/><trkpt lat="36.28059" lon="127.411049"/><trkpt lat="36.280581" lon="127.411122"/><trkpt lat="36.28058" lon="127.411168"/><trkpt lat="36.280585" lon="127.411216"/><trkpt lat="36.280592" lon="127.411263"/><trkpt lat="36.280603" lon="127.411309"/><trkpt lat="36.280619" lon="127.411354"/><trkpt lat="36.28065" lon="127.411427"/><trkpt lat="36.280752" lon="127.411659"/><trkpt lat="36.280768" lon="127.411704"/><trkpt lat="36.280778" lon="127.41175"/><trkpt lat="36.280783" lon="127.411798"/><trkpt lat="36.280782" lon="127.411846"/><trkpt lat="36.280774" lon="127.411893"/><trkpt lat="36.28076" lon="127.411939"/><trkpt lat="36.280553" lon="127.412513"/></trkseg>
<trkseg><trkpt lat="36.278666" lon="127.410993"/><trkpt lat="36.278653" lon="127.410954"/><trkpt lat="36.278671" lon="127.410931"/><trkpt lat="36.278704" lon="127.410923"/><trkpt lat="36.278743" lon="127.410928"/><trkpt lat="36.279104" lon="127.411046"/><trkpt lat="36.279131" lon="127.41104"/><trkpt lat="36.279141" lon="127.41101"/><trkpt lat="36.279147" lon="127.410956"/><trkpt lat="36.27883" lon="127.410442"/><trkpt lat="36.278806" lon="127.410351"/><trkpt lat="36.278803" lon="127.410315"/><trkpt lat="36.27882" lon="127.410298"/><trkpt lat="36.278851" lon="127.410295"/><trkpt lat="36.278927" lon="127.410299"/><trkpt lat="36.27902" lon="127.410323"/><trkpt lat="36.279051" lon="127.410312"/><trkpt lat="36.279071" lon="127.410283"/><trkpt lat="36.279099" lon="127.4102"/><trkpt lat="36.279096" lon="127.410155"/><trkpt lat="36.279085" lon="127.41011"/><trkpt lat="36.278979" lon="127.409893"/><trkpt lat="36.278944" lon="127.409701"/><trkpt lat="36.278962" lon="127.409418"/><trkpt lat="36.27896" lon="127.409369"/><trkpt lat="36.278953" lon="127.409323"/><trkpt lat="36.278961" lon="127.409223"/><trkpt lat="36.278965" lon="127.409178"/><trkpt lat="36.278978" lon="127.409103"/><trkpt lat="36.278992" lon="127.409043"/><trkpt lat="36.279007" lon="127.408999"/><trkpt lat="36.279032" lon="127.408942"/><trkpt lat="36.279177" lon="127.40869"/><trkpt lat="36.279201" lon="127.408632"/><trkpt lat="36.279215" lon="127.408587"/><trkpt lat="36.279225" lon="127.408523"/><trkpt lat="36.27927" lon="127.407995"/><trkpt lat="36.279277" lon="127.407914"/><trkpt lat="36.279277" lon="127.407866"/><trkpt lat="36.279255" lon="127.40766"/><trkpt lat="36.279248" lon="127.407593"/><trkpt lat="36.279236" lon="127.407537"/><trkpt lat="36.279219" lon="127.407498"/><trkpt lat="36.279208" lon="127.40749"/></trkseg>
<trkseg><trkpt lat="36.279834" lon="127.413145"/><trkpt lat="36.279743" lon="127.413298"/><trkpt lat="36.279723" lon="127.413339"/><trkpt lat="36.27971" lon="127.413384"/><trkpt lat="36.279689" lon="127.413496"/><trkpt lat="36.27968" lon="127.413536"/><trkpt lat="36.279376" lon="127.413584"/><trkpt lat="36.279349" lon="127.413594"/><trkpt lat="36.279315" lon="127.413593"/><trkpt lat="36.279279" lon="127.413586"/><trkpt lat="36.279245" lon="127.413572"/><trkpt lat="36.279218" lon="127.413545"/><trkpt lat="36.279196" lon="127.413506"/><trkpt lat="36.279147" lon="127.4133"/><trkpt lat="36.279116" lon="127.413229"/><trkpt lat="36.279094" lon="127.413189"/><trkpt lat="36.279067" lon="127.413155"/><trkpt lat="36.279035" lon="127.413127"/><trkpt lat="36.278806" lon="127.412963"/><trkpt lat="36.278728" lon="127.412902"/><trkpt lat="36.278697" lon="127.412873"/><trkpt lat="36.278669" lon="127.412841"/><trkpt lat="36.278617" lon="127.412771"/><trkpt lat="36.278595" lon="127.412733"/><trkpt lat="36.278576" lon="127.412691"/><trkpt lat="36.27855" lon="127.412599"/><trkpt lat="36.278441" lon="127.412389"/><trkpt lat="36.278432" lon="127.412342"/><trkpt lat="36.27843" lon="127.412294"/><trkpt lat="36.278433" lon="127.412229"/><trkpt lat="36.278476" lon="127.411966"/><trkpt lat="36.278485" lon="127.411902"/><trkpt lat="36.278497" lon="127.411837"/><trkpt lat="36.278666" lon="127.410993"/></trkseg>
<trkseg><trkpt lat="36.278666" lon="127.410993"/><trkpt lat="36.278742" lon="127.411462"/><trkpt lat="36.278749" lon="127.41151"/><trkpt lat="36.27876" lon="127.411556"/><trkpt lat="36.278782" lon="127.411594"/><trkpt lat="36.278808" lon="127.411629"/><trkpt lat="36.278997" lon="127.411857"/><trkpt lat="36.279062" lon="127.411938"/><trkpt lat="36.279087" lon="127.411975"/><trkpt lat="36.279147" lon="127.412079"/><trkpt lat="36.279189" lon="127.412158"/><trkpt lat="36.279207" lon="127.412199"/><trkpt lat="36.279218" lon="127.412244"/><trkpt lat="36.279229" lon="127.412323"/><trkpt lat="36.279242" lon="127.412367"/><trkpt lat="36.279264" lon="127.412404"/><trkpt lat="36.279318" lon="127.412475"/><trkpt lat="36.279398" lon="127.412575"/></trkseg>
<trkseg><trkpt lat="36.279398" lon="127.412575"/><trkpt lat="36.279634" lon="127.41268"/><trkpt lat="36.279743" lon="127.412811"/><trkpt lat="36.27975" lon="127.412857"/><trkpt lat="36.279721" lon="127.413034"/><trkpt lat="36.279718" lon="127.413078"/><trkpt lat="36.279731" lon="127.413112"/><trkpt lat="36.279771" lon="127.413131"/><trkpt lat="36.279814" lon="127.413141"/><trkpt lat="36.279834" lon="127.413145"/></trkseg>
<trkseg><trkpt lat="36.280044" lon="127.413529"/><trkpt lat="36.280033" lon="127.413217"/><trkpt lat="36.280024" lon="127.413187"/><trkpt lat="36.28001" lon="127.413162"/><trkpt lat="36.27999" lon="127.413142"/><trkpt lat="36.279874" lon="127.413118"/><trkpt lat="36.27985" lon="127.413131"/><trkpt lat="36.279834" lon="127.413145"/></trkseg>
<trkseg><trkpt lat="36.280553" lon="127.412513"/><trkpt lat="36.280222" lon="127.412596"/><trkpt lat="36.280169" lon="127.412606"/><trkpt lat="36.280116" lon="127.412609"/><trkpt lat="36.28005" lon="127.412608"/><trkpt lat="36.280011" lon="127.412604"/><trkpt lat="36.279973" lon="127.412594"/><trkpt lat="36.27981" lon="127.412534"/><trkpt lat="36.27976" lon="127.412516"/><trkpt lat="36.279722" lon="127.412508"/><trkpt lat="36.279683" lon="127.412506"/><trkpt lat="36.279631" lon="127.41251"/><trkpt lat="36.279499" lon="127.412525"/><trkpt lat="36.279451" lon="127.412538"/><trkpt lat="36.279412" lon="127.412558"/><trkpt lat="36.279399" lon="127.412573"/><trkpt lat="36.279398" lon="127.412575"/></trkseg>
<trkseg><trkpt lat="36.281887" lon="127.41339"/><trkpt lat="36.28188" lon="127.413371"/><trkpt lat="36.281855" lon="127.413331"/><trkpt lat="36.281816" lon="127.41329"/><trkpt lat="36.281722" lon="127.413219"/><trkpt lat="36.281689" lon="127.41319"/><trkpt lat="36.281661" lon="127.413157"/><trkpt lat="36.281626" lon="127.413106"/><trkpt lat="36.281512" lon="127.412922"/><trkpt lat="36.281486" lon="127.412885"/><trkpt lat="36.281458" lon="127.412852"/><trkpt lat="36.281424" lon="127.412829"/><trkpt lat="36.281376" lon="127.412805"/><trkpt lat="36.281151" lon="127.412706"/><trkpt lat="36.281102" lon="127.412682"/><trkpt lat="36.28107" lon="127.412657"/><trkpt lat="36.281046" lon="127.412624"/><trkpt lat="36.281003" lon="127.41255"/><trkpt lat="36.28098" lon="127.41252"/><trkpt lat="36.28095" lon="127.412509"/><trkpt lat="36.280915" lon="127.412513"/><trkpt lat="36.280802" lon="127.412547"/><trkpt lat="36.280752" lon="127.412561"/><trkpt lat="36.280714" lon="127.412566"/><trkpt lat="36.280676" lon="127.41256"/><trkpt lat="36.280613" lon="127.412538"/><trkpt lat="36.280553" lon="127.412513"/></trkseg>
<trkseg><trkpt lat="36.282297" lon="127.414396"/><trkpt lat="36.281887" lon="127.41339"/></trkseg>
<trkseg><trkpt lat="36.282297" lon="127.414396"/><trkpt lat="36.282545" lon="127.41425"/><trkpt lat="36.282591" lon="127.41422"/><trkpt lat="36.282623" lon="127.414194"/><trkpt lat="36.28265" lon="127.414161"/><trkpt lat="36.282682" lon="127.414112"/><trkpt lat="36.282754" lon="127.413999"/><trkpt lat="36.28278" lon="127.413965"/><trkpt lat="36.28281" lon="127.413939"/><trkpt lat="36.282845" lon="127.413918"/><trkpt lat="36.282953" lon="127.413866"/><trkpt lat="36.283" lon="127.413841"/><trkpt lat="36.283032" lon="127.413817"/><trkpt lat="36.283061" lon="127.413788"/><trkpt lat="36.283107" lon="127.413735"/><trkpt lat="36.283137" lon="127.41371"/><trkpt lat="36.283172" lon="127.413694"/><trkpt lat="36.283257" lon="127.413664"/><trkpt lat="36.283291" lon="127.413648"/><trkpt lat="36.283323" lon="127.413622"/><trkpt lat="36.283352" lon="127.413592"/><trkpt lat="36.28338" lon="127.413557"/><trkpt lat="36.283505" lon="127.413365"/><trkpt lat="36.283556" lon="127.413289"/><trkpt lat="36.283583" lon="127.413254"/><trkpt lat="36.283614" lon="127.413225"/><trkpt lat="36.283668" lon="127.413184"/><trkpt lat="36.283697" lon="127.413157"/><trkpt lat="36.283717" lon="127.413121"/><trkpt lat="36.283731" lon="127.413077"/><trkpt lat="36.283755" lon="127.412985"/><trkpt lat="36.283772" lon="127.412942"/><trkpt lat="36.283815" lon="127.412861"/><trkpt lat="36.283975" lon="127.412583"/><trkpt lat="36.283999" lon="127.412545"/><trkpt lat="36.284027" lon="127.412513"/><trkpt lat="36.284057" lon="127.412488"/><trkpt lat="36.284124" lon="127.412446"/><trkpt lat="36.284158" lon="127.412428"/><trkpt lat="36.284196" lon="127.412414"/><trkpt lat="36.284518" lon="127.412329"/></trkseg>
<trkseg><trkpt lat="36.286472" lon="127.403966"/><trkpt lat="36.286488" lon="127.403935"/><trkpt lat="36.286505" lon="127.403886"/><trkpt lat="36.286511" lon="127.403829"/><trkpt lat="36.286504" lon="127.403781"/><trkpt lat="36.286494" lon="127.403735"/><trkpt lat="36.286477" lon="127.403693"/><trkpt lat="36.286455" lon="127.403657"/><trkpt lat="36.286432" lon="127.403627"/><trkpt lat="36.286408" lon="127.403613"/><trkpt lat="36.286383" lon="127.403622"/><trkpt lat="36.286347" lon="127.403644"/><trkpt lat="36.286312" lon="127.403648"/><trkpt lat="36.286275" lon="127.403643"/><trkpt lat="36.286238" lon="127.403631"/><trkpt lat="36.286203" lon="127.403611"/><trkpt lat="36.286147" lon="127.403569"/><trkpt lat="36.286114" lon="127.403546"/><trkpt lat="36.286078" lon="127.403533"/><trkpt lat="36.28604" lon="127.403533"/><trkpt lat="36.285932" lon="127.403552"/><trkpt lat="36.285879" lon="127.40356"/><trkpt lat="36.285843" lon="127.40356"/><trkpt lat="36.285816" lon="127.403543"/><trkpt lat="36.2858" lon="127.403508"/><trkpt lat="36.285781" lon="127.403451"/><trkpt lat="36.285764" lon="127.403412"/><trkpt lat="36.285737" lon="127.403385"/><trkpt lat="36.285706" lon="127.403368"/><trkpt lat="36.285674" lon="127.403368"/><trkpt lat="36.28564" lon="127.403387"/><trkpt lat="36.285607" lon="127.403414"/><trkpt lat="36.285487" lon="127.403525"/><trkpt lat="36.285444" lon="127.403562"/><trkpt lat="36.28541" lon="127.403582"/><trkpt lat="36.285374" lon="127.403584"/><trkpt lat="36.285337" lon="127.403573"/><trkpt lat="36.285224" lon="127.403521"/><trkpt lat="36.285189" lon="127.403509"/><trkpt lat="36.285159" lon="127.403512"/><trkpt lat="36.285141" lon="127.403538"/><trkpt lat="36.285129" lon="127.403578"/><trkpt lat="36.285106" lon="127.403668"/><trkpt lat="36.285091" lon="127.40371"/><trkpt lat="36.285067" lon="127.403749"/><trkpt lat="36.285039" lon="127.403783"/><trkpt lat="36.28501" lon="127.403811"/><trkpt lat="36.284981" lon="127.403824"/><trkpt lat="36.284952" lon="127.40381"/><trkpt lat="36.284893" lon="127.40375"/><trkpt lat="36.284863" lon="127.403723"/><trkpt lat="36.28483" lon="127.403709"/><trkpt lat="36.284794" lon="127.403712"/><trkpt lat="36.284757" lon="127.403723"/><trkpt lat="36.284631" lon="127.403768"/><trkpt lat="36.284594" lon="127.403778"/><trkpt lat="36.284557" lon="127.40378"/><trkpt lat="36.28452" lon="127.403768"/><trkpt lat="36.28446" lon="127.403733"/><trkpt lat="36.284422" lon="127.403714"/><trkpt lat="36.284385" lon="127.403702"/><trkpt lat="36.284312" lon="127.40369"/><trkpt lat="36.284283" lon="127.403678"/><trkpt lat="36.284268" lon="127.40365"/><trkpt lat="36.284266" lon="127.403609"/><trkpt lat="36.284271" lon="127.403565"/><trkpt lat="36.284284" lon="127.403518"/><trkpt lat="36.284307" lon="127.403457"/><trkpt lat="36.28441" lon="127.403188"/><trkpt lat="36.284425" lon="127.403142"/><trkpt lat="36.284435" lon="127.403096"/><trkpt lat="36.284458" lon="127.40292"/><trkpt lat="36.284471" lon="127.402824"/><trkpt lat="36.28448" lon="127.402778"/><trkpt lat="36.284497" lon="127.402717"/><trkpt lat="36.284578" lon="127.402462"/><trkpt lat="36.284604" lon="127.40237"/><trkpt lat="36.284624" lon="127.402274"/><trkpt lat="36.284742" lon="127.401666"/><trkpt lat="36.284754" lon="127.401621"/><trkpt lat="36.284772" lon="127.40158"/><trkpt lat="36.284801" lon="127.401533"/><trkpt lat="36.284816" lon="127.401495"/><trkpt lat="36.284824" lon="127.401439"/><trkpt lat="36.284831" lon="127.401397"/><trkpt lat="36.28485" lon="127.40136"/><trkpt lat="36.284876" lon="127.401325"/><trkpt lat="36.284962" lon="127.401224"/><trkpt lat="36.285007" lon="127.40117"/><trkpt lat="36.285028" lon="127.401139"/><trkpt lat="36.285034" lon="127.401112"/><trkpt lat="36.28503" lon="127.401077"/><trkpt lat="36.28504" lon="127.401039"/><trkpt lat="36.285069" lon="127.400968"/><trkpt lat="36.285209" lon="127.400662"/><trkpt lat="36.28524" lon="127.400588"/><trkpt lat="36.285254" lon="127.400542"/><trkpt lat="36.28526" lon="127.400497"/><trkpt lat="36.28526" lon="127.400452"/><trkpt lat="36.285256" lon="127.400409"/><trkpt lat="36.285244" lon="127.400373"/><trkpt lat="36.285219" lon="127.400349"/><trkpt lat="36.285179" lon="127.400324"/><trkpt lat="36.285157" lon="127.4003"/><trkpt lat="36.285152" lon="127.400264"/><trkpt lat="36.285157" lon="127.400219"/><trkpt lat="36.285168" lon="127.400141"/><trkpt lat="36.285169" lon="127.400094"/><trkpt lat="36.285161" lon="127.400049"/><trkpt lat="36.285124" lon="127.399912"/><trkpt lat="36.285096" lon="127.399823"/><trkpt lat="36.285077" lon="127.399781"/><trkpt lat="36.285044" lon="127.39973"/><trkpt lat="36.284892" lon="127.39952"/><trkpt lat="36.284857" lon="127.399469"/><trkpt lat="36.284833" lon="127.399429"/><trkpt lat="36.284776" lon="127.399318"/><trkpt lat="36.284684" lon="127.399136"/><trkpt lat="36.28466" lon="127.399097"/><trkpt lat="36.284633" lon="127.399063"/><trkpt lat="36.284599" lon="127.399037"/><trkpt lat="36.284381" lon="127.398905"/><trkpt lat="36.284103" lon="127.398736"/><trkpt lat="36.284065" lon="127.398719"/><trkpt lat="36.284" lon="127.398697"/><trkpt lat="36.283763" lon="127.398629"/><trkpt lat="36.283697" lon="127.398609"/><trkpt lat="36.283661" lon="127.39859"/><trkpt lat="36.283636" lon="127.398562"/><trkpt lat="36.283621" lon="127.398527"/><trkpt lat="36.283618" lon="127.398491"/><trkpt lat="36.283633" lon="127.398455"/><trkpt lat="36.283659" lon="127.398421"/><trkpt lat="36.283777" lon="127.39829"/><trkpt lat="36.283814" lon="127.398244"/><trkpt lat="36.283837" lon="127.398205"/><trkpt lat="36.283877" lon="127.398118"/><trkpt lat="36.283983" lon="127.397866"/><trkpt lat="36.284004" lon="127.397824"/><trkpt lat="36.284037" lon="127.397771"/><trkpt lat="36.28409" lon="127.397696"/><trkpt lat="36.284119" lon="127.397663"/><trkpt lat="36.28415" lon="127.39764"/><trkpt lat="36.284183" lon="127.397626"/><trkpt lat="36.284218" lon="127.397621"/><trkpt lat="36.284256" lon="127.397626"/><trkpt lat="36.284382" lon="127.397663"/><trkpt lat="36.284433" lon="127.397675"/><trkpt lat="36.28447" lon="127.397677"/><trkpt lat="36.284508" lon="127.397667"/><trkpt lat="36.284581" lon="127.397632"/><trkpt lat="36.284751" lon="127.397541"/><trkpt lat="36.284786" lon="127.397518"/><trkpt lat="36.284852" lon="127.397466"/><trkpt lat="36.284883" lon="127.397437"/><trkpt lat="36.28491" lon="127.397402"/><trkpt lat="36.284984" lon="127.397288"/><trkpt lat="36.285018" lon="127.39724"/><trkpt lat="36.285048" lon="127.39721"/><trkpt lat="36.285082" lon="127.397187"/><trkpt lat="36.285292" lon="127.39708"/><trkpt lat="36.285414" lon="127.397015"/><trkpt lat="36.285448" lon="127.396991"/><trkpt lat="36.285532" lon="127.396914"/><trkpt lat="36.285574" lon="127.396878"/><trkpt lat="36.285608" lon="127.396859"/><trkpt lat="36.285678" lon="127.39684"/><trkpt lat="36.285712" lon="127.396827"/><trkpt lat="36.285745" lon="127.396803"/><trkpt lat="36.285786" lon="127.396763"/><trkpt lat="36.285938" lon="127.396601"/><trkpt lat="36.285964" lon="127.396567"/><trkpt lat="36.285979" lon="127.396527"/><trkpt lat="36.285983" lon="127.39648"/><trkpt lat="36.28598" lon="127.396415"/><trkpt lat="36.285921" lon="127.395516"/><trkpt lat="36.285903" lon="127.39525"/><trkpt lat="36.285902" lon="127.395201"/><trkpt lat="36.285907" lon="127.395154"/><trkpt lat="36.285922" lon="127.395111"/><trkpt lat="36.285951" lon="127.395057"/><trkpt lat="36.286043" lon="127.394897"/><trkpt lat="36.286067" lon="127.394859"/><trkpt lat="36.286094" lon="127.39483"/><trkpt lat="36.286126" lon="127.394818"/><trkpt lat="36.286175" lon="127.394821"/><trkpt lat="36.286212" lon="127.39482"/><trkpt lat="36.286247" lon="127.394806"/><trkpt lat="36.286277" lon="127.39478"/><trkpt lat="36.286295" lon="127.394743"/><trkpt lat="36.286317" lon="127.394675"/><trkpt lat="36.286333" lon="127.394639"/><trkpt lat="36.286359" lon="127.394617"/><trkpt lat="36.286393" lon="127.394608"/><trkpt lat="36.286431" lon="127.394603"/><trkpt lat="36.286696" lon="127.39459"/><trkpt lat="36.286963" lon="127.394578"/><trkpt lat="36.287003" lon="127.394579"/><trkpt lat="36.287041" lon="127.394585"/><trkpt lat="36.287182" lon="127.39462"/><trkpt lat="36.287246" lon="127.394639"/><trkpt lat="36.287282" lon="127.394655"/><trkpt lat="36.287337" lon="127.394687"/><trkpt lat="36.28737" lon="127.394701"/><trkpt lat="36.287402" lon="127.394701"/><trkpt lat="36.287434" lon="127.394681"/><trkpt lat="36.287466" lon="127.394653"/><trkpt lat="36.28768" lon="127.394446"/><trkpt lat="36.287721" lon="127.394404"/><trkpt lat="36.287749" lon="127.394369"/><trkpt lat="36.287811" lon="127.394265"/><trkpt lat="36.287835" lon="127.394227"/><trkpt lat="36.287863" lon="127.394195"/><trkpt lat="36.287896" lon="127.394168"/><trkpt lat="36.28812" lon="127.394022"/><trkpt lat="36.288167" lon="127.393991"/><trkpt lat="36.288199" lon="127.393963"/><trkpt lat="36.288224" lon="127.393929"/><trkpt lat="36.288251" lon="127.393875"/><trkpt lat="36.288337" lon="127.393676"/><trkpt lat="36.288353" lon="127.393633"/><trkpt lat="36.288363" lon="127.393589"/><trkpt lat="36.288363" lon="127.393541"/><trkpt lat="36.288353" lon="127.39346"/><trkpt lat="36.288347" lon="127.393396"/><trkpt lat="36.288352" lon="127.393351"/><trkpt lat="36.288369" lon="127.393314"/><trkpt lat="36.288397" lon="127.393293"/><trkpt lat="36.288444" lon="127.393286"/><trkpt lat="36.288477" lon="127.393274"/><trkpt lat="36.288509" lon="127.393255"/><trkpt lat="36.288538" lon="127.393228"/><trkpt lat="36.288564" lon="127.393191"/><trkpt lat="36.288588" lon="127.39315"/><trkpt lat="36.288607" lon="127.393108"/><trkpt lat="36.288619" lon="127.393061"/><trkpt lat="36.288618" lon="127.393"/><trkpt lat="36.288609" lon="127.392923"/><trkpt lat="36.288609" lon="127.39292"/></trkseg>
<trkseg><trkpt lat="36.284155" lon="127.405817"/><trkpt lat="36.284382" lon="127.405742"/><trkpt lat="36.284418" lon="127.405726"/><trkpt lat="36.284451" lon="127.405701"/><trkpt lat="36.284482" lon="127.40567"/><trkpt lat="36.284651" lon="127.405481"/><trkpt lat="36.284692" lon="127.405439"/><trkpt lat="36.284725" lon="127.405413"/><trkpt lat="36.28477" lon="127.405382"/><trkpt lat="36.285027" lon="127.405222"/><trkpt lat="36.285089" lon="127.405192"/><trkpt lat="36.28565" lon="127.404961"/><trkpt lat="36.285791" lon="127.404902"/><trkpt lat="36.285827" lon="127.404882"/><trkpt lat="36.285854" lon="127.404855"/><trkpt lat="36.285874" lon="127.404823"/><trkpt lat="36.285888" lon="127.404783"/><trkpt lat="36.285894" lon="127.404735"/><trkpt lat="36.285899" lon="127.404602"/><trkpt lat="36.285903" lon="127.404535"/><trkpt lat="36.28591" lon="127.404489"/><trkpt lat="36.285927" lon="127.40445"/><trkpt lat="36.285951" lon="127.40442"/><trkpt lat="36.28598" lon="127.404397"/><trkpt lat="36.286014" lon="127.404387"/><trkpt lat="36.286075" lon="127.404387"/><trkpt lat="36.28611" lon="127.404377"/><trkpt lat="36.286142" lon="127.404354"/><trkpt lat="36.286182" lon="127.404314"/><trkpt lat="36.286331" lon="127.404152"/><trkpt lat="36.286372" lon="127.404112"/><trkpt lat="36.286404" lon="127.404089"/><trkpt lat="36.286444" lon="127.404076"/><trkpt lat="36.286468" lon="127.404056"/><trkpt lat="36.286476" lon="127.404015"/><trkpt lat="36.286473" lon="127.403976"/><trkpt lat="36.286472" lon="127.403966"/></trkseg>
<trkseg><trkpt lat="36.286483" lon="127.406334"/><trkpt lat="36.286405" lon="127.406303"/><trkpt lat="36.286333" lon="127.406278"/><trkpt lat="36.286297" lon="127.406271"/><trkpt lat="36.286262" lon="127.406277"/><trkpt lat="36.28623" lon="127.406299"/><trkpt lat="36.286178" lon="127.406347"/><trkpt lat="36.28598" lon="127.406539"/><trkpt lat="36.285947" lon="127.406566"/><trkpt lat="36.285913" lon="127.406587"/><trkpt lat="36.285875" lon="127.4066"/><trkpt lat="36.285799" lon="127.406622"/><trkpt lat="36.285764" lon="127.406637"/><trkpt lat="36.28573" lon="127.406658"/><trkpt lat="36.285699" lon="127.406662"/><trkpt lat="36.285665" lon="127.406651"/><trkpt lat="36.285633" lon="127.40663"/><trkpt lat="36.285614" lon="127.406599"/><trkpt lat="36.285609" lon="127.406556"/><trkpt lat="36.285612" lon="127.406477"/><trkpt lat="36.28561" lon="127.40643"/><trkpt lat="36.285598" lon="127.406388"/><trkpt lat="36.285579" lon="127.40635"/><trkpt lat="36.285556" lon="127.406315"/><trkpt lat="36.285528" lon="127.406283"/><trkpt lat="36.285486" lon="127.406246"/><trkpt lat="36.28533" lon="127.406126"/><trkpt lat="36.285296" lon="127.406103"/><trkpt lat="36.285263" lon="127.406089"/><trkpt lat="36.285233" lon="127.406092"/><trkpt lat="36.285183" lon="127.406117"/><trkpt lat="36.285146" lon="127.406128"/><trkpt lat="36.285081" lon="127.406137"/><trkpt lat="36.284922" lon="127.406153"/><trkpt lat="36.28487" lon="127.406161"/><trkpt lat="36.284831" lon="127.406173"/><trkpt lat="36.284758" lon="127.406211"/><trkpt lat="36.284722" lon="127.406226"/><trkpt lat="36.284688" lon="127.406225"/><trkpt lat="36.284655" lon="127.406204"/><trkpt lat="36.284624" lon="127.406175"/><trkpt lat="36.284551" lon="127.406101"/><trkpt lat="36.28452" lon="127.406077"/><trkpt lat="36.284491" lon="127.406072"/><trkpt lat="36.284461" lon="127.406098"/><trkpt lat="36.284428" lon="127.406142"/><trkpt lat="36.284398" lon="127.406186"/></trkseg>
<trkseg><trkpt lat="36.280372" lon="127.401227"/><trkpt lat="36.280982" lon="127.401797"/><trkpt lat="36.281033" lon="127.401849"/><trkpt lat="36.281061" lon="127.401885"/><trkpt lat="36.28152" lon="127.402526"/><trkpt lat="36.28167" lon="127.402741"/><trkpt lat="36.281698" lon="127.402776"/><trkpt lat="36.281728" lon="127.402807"/><trkpt lat="36.281796" lon="127.402895"/><trkpt lat="36.281906" lon="127.40301"/><trkpt lat="36.281937" lon="127.403038"/><trkpt lat="36.281963" lon="127.403073"/><trkpt lat="36.281992" lon="127.403126"/><trkpt lat="36.282059" lon="127.403263"/><trkpt lat="36.282082" lon="127.403321"/><trkpt lat="36.282096" lon="127.403367"/><trkpt lat="36.282117" lon="127.403531"/><trkpt lat="36.282236" lon="127.403908"/><trkpt lat="36.282248" lon="127.403954"/><trkpt lat="36.282266" lon="127.403994"/><trkpt lat="36.282294" lon="127.404027"/><trkpt lat="36.282338" lon="127.404062"/><trkpt lat="36.282505" lon="127.404205"/><trkpt lat="36.283292" lon="127.404693"/><trkpt lat="36.283337" lon="127.404729"/><trkpt lat="36.283367" lon="127.404762"/><trkpt lat="36.283413" lon="127.404822"/><trkpt lat="36.284056" lon="127.405669"/><trkpt lat="36.284242" lon="127.406047"/><trkpt lat="36.284523" lon="127.406353"/><trkpt lat="36.284563" lon="127.406397"/><trkpt lat="36.284669" lon="127.406495"/><trkpt lat="36.284903" lon="127.406692"/><trkpt lat="36.284932" lon="127.406725"/><trkpt lat="36.284959" lon="127.406761"/><trkpt lat="36.285015" lon="127.406853"/><trkpt lat="36.285049" lon="127.406995"/><trkpt lat="36.285069" lon="127.407038"/><trkpt lat="36.28509" lon="127.407098"/><trkpt lat="36.285117" lon="127.407191"/><trkpt lat="36.285127" lon="127.407237"/><trkpt lat="36.285127" lon="127.407285"/><trkpt lat="36.285149" lon="127.40753"/><trkpt lat="36.285134" lon="127.407593"/><trkpt lat="36.285118" lon="127.407637"/><trkpt lat="36.285093" lon="127.407674"/><trkpt lat="36.285055" lon="127.407718"/><trkpt lat="36.284748" lon="127.407978"/><trkpt lat="36.284709" lon="127.408022"/><trkpt lat="36.284686" lon="127.408058"/><trkpt lat="36.284676" lon="127.408099"/><trkpt lat="36.284678" lon="127.408145"/><trkpt lat="36.284684" lon="127.408266"/><trkpt lat="36.284701" lon="127.408308"/><trkpt lat="36.284726" lon="127.408347"/><trkpt lat="36.284797" lon="127.408446"/><trkpt lat="36.284843" lon="127.408505"/><trkpt lat="36.284873" lon="127.408535"/><trkpt lat="36.284932" lon="127.408572"/></trkseg>
<trkseg><trkpt lat="36.284518" lon="127.412329"/><trkpt lat="36.28452" lon="127.412208"/><trkpt lat="36.284519" lon="127.412138"/><trkpt lat="36.284514" lon="127.412092"/><trkpt lat="36.2845" lon="127.41205"/><trkpt lat="36.284479" lon="127.412011"/><trkpt lat="36.284425" lon="127.411921"/><trkpt lat="36.284404" lon="127.411881"/><trkpt lat="36.284388" lon="127.411837"/><trkpt lat="36.284377" lon="127.411791"/><trkpt lat="36.284343" lon="127.411617"/><trkpt lat="36.284331" lon="127.411572"/><trkpt lat="36.284313" lon="127.411536"/><trkpt lat="36.284284" lon="127.411515"/><trkpt lat="36.284248" lon="127.411501"/><trkpt lat="36.284176" lon="127.411478"/><trkpt lat="36.28415" lon="127.41146"/><trkpt lat="36.284142" lon="127.411431"/><trkpt lat="36.284152" lon="127.411369"/><trkpt lat="36.284146" lon="127.411341"/><trkpt lat="36.28412" lon="127.411321"/><trkpt lat="36.284106" lon="127.411305"/><trkpt lat="36.284114" lon="127.41128"/><trkpt lat="36.284149" lon="127.411228"/><trkpt lat="36.284172" lon="127.411192"/><trkpt lat="36.284187" lon="127.411155"/><trkpt lat="36.284195" lon="127.411116"/><trkpt lat="36.284196" lon="127.411074"/><trkpt lat="36.284202" lon="127.411049"/><trkpt lat="36.284234" lon="127.411018"/><trkpt lat="36.284262" lon="127.41099"/><trkpt lat="36.284296" lon="127.410944"/><trkpt lat="36.284371" lon="127.410834"/><trkpt lat="36.284398" lon="127.4108"/><trkpt lat="36.284427" lon="127.410773"/><trkpt lat="36.284461" lon="127.410752"/><trkpt lat="36.284543" lon="127.410713"/><trkpt lat="36.284577" lon="127.410693"/><trkpt lat="36.284609" lon="127.410666"/><trkpt lat="36.284637" lon="127.410633"/><trkpt lat="36.2848" lon="127.410418"/><trkpt lat="36.284835" lon="127.410369"/><trkpt lat="36.284858" lon="127.410329"/><trkpt lat="36.284927" lon="127.410189"/><trkpt lat="36.284959" lon="127.410118"/><trkpt lat="36.284974" lon="127.410074"/><trkpt lat="36.284982" lon="127.410028"/><trkpt lat="36.284993" lon="127.409899"/><trkpt lat="36.285" lon="127.409836"/><trkpt lat="36.285009" lon="127.409789"/><trkpt lat="36.285034" lon="127.409714"/><trkpt lat="36.285048" lon="127.409669"/><trkpt lat="36.285056" lon="127.409622"/><trkpt lat="36.285058" lon="127.409557"/><trkpt lat="36.285058" lon="127.409327"/><trkpt lat="36.285056" lon="127.409262"/><trkpt lat="36.28505" lon="127.409214"/><trkpt lat="36.285038" lon="127.409171"/><trkpt lat="36.285005" lon="127.409087"/><trkpt lat="36.284992" lon="127.409042"/><trkpt lat="36.28498" lon="127.408978"/><trkpt lat="36.284932" lon="127.408572"/></trkseg>
<trkseg><trkpt lat="36.284518" lon="127.412329"/><trkpt lat="36.284714" lon="127.412162"/><trkpt lat="36.284745" lon="127.412133"/><trkpt lat="36.284804" lon="127.412065"/><trkpt lat="36.285145" lon="127.411643"/><trkpt lat="36.28518" lon="127.411594"/><trkpt lat="36.2852" lon="127.411554"/><trkpt lat="36.285213" lon="127.411512"/><trkpt lat="36.285236" lon="127.411429"/><trkpt lat="36.285251" lon="127.411399"/><trkpt lat="36.285279" lon="127.411374"/><trkpt lat="36.285302" lon="127.411344"/><trkpt lat="36.285324" lon="127.411308"/><trkpt lat="36.285359" lon="127.411243"/><trkpt lat="36.285376" lon="127.411202"/><trkpt lat="36.285387" lon="127.41116"/><trkpt lat="36.285397" lon="127.411085"/><trkpt lat="36.285404" lon="127.411041"/><trkpt lat="36.285418" lon="127.410996"/><trkpt lat="36.285441" lon="127.410938"/><trkpt lat="36.28546" lon="127.410898"/><trkpt lat="36.28548" lon="127.410868"/><trkpt lat="36.285501" lon="127.41084"/><trkpt lat="36.285507" lon="127.410803"/><trkpt lat="36.285507" lon="127.410759"/><trkpt lat="36.285504" lon="127.410599"/><trkpt lat="36.285507" lon="127.410554"/><trkpt lat="36.285518" lon="127.410521"/><trkpt lat="36.285546" lon="127.410505"/><trkpt lat="36.285582" lon="127.410501"/><trkpt lat="36.285661" lon="127.410497"/><trkpt lat="36.285697" lon="127.410491"/><trkpt lat="36.285726" lon="127.410471"/><trkpt lat="36.285746" lon="127.410433"/><trkpt lat="36.285761" lon="127.410389"/><trkpt lat="36.285834" lon="127.410135"/></trkseg>
<trkseg><trkpt lat="36.282495" lon="127.415562"/><trkpt lat="36.282354" lon="127.415303"/><trkpt lat="36.282334" lon="127.41526"/><trkpt lat="36.282241" lon="127.415022"/><trkpt lat="36.282166" lon="127.414827"/><trkpt lat="36.282153" lon="127.414782"/><trkpt lat="36.282151" lon="127.414738"/><trkpt lat="36.282163" lon="127.414695"/><trkpt lat="36.282187" lon="127.414638"/><trkpt lat="36.282297" lon="127.414396"/></trkseg>
<trkseg><trkpt lat="36.285607" lon="127.418117"/><trkpt lat="36.285611" lon="127.417993"/><trkpt lat="36.285616" lon="127.417938"/><trkpt lat="36.285626" lon="127.417892"/><trkpt lat="36.285644" lon="127.417848"/><trkpt lat="36.285664" lon="127.417805"/><trkpt lat="36.285687" lon="127.417767"/><trkpt lat="36.285714" lon="127.41774"/><trkpt lat="36.28575" lon="127.417734"/><trkpt lat="36.285832" lon="127.417681"/><trkpt lat="36.285917" lon="127.417552"/><trkpt lat="36.285964" lon="127.417442"/><trkpt lat="36.285977" lon="127.417397"/><trkpt lat="36.285992" lon="127.417317"/><trkpt lat="36.286016" lon="127.41719"/><trkpt lat="36.286027" lon="127.417143"/><trkpt lat="36.286043" lon="127.417099"/><trkpt lat="36.28607" lon="127.417044"/><trkpt lat="36.286116" lon="127.416965"/><trkpt lat="36.286151" lon="127.416915"/><trkpt lat="36.286325" lon="127.416706"/><trkpt lat="36.286759" lon="127.416185"/><trkpt lat="36.286786" lon="127.416149"/><trkpt lat="36.286808" lon="127.416111"/><trkpt lat="36.286817" lon="127.416072"/><trkpt lat="36.286825" lon="127.416007"/><trkpt lat="36.286842" lon="127.415967"/><trkpt lat="36.286873" lon="127.415916"/><trkpt lat="36.286988" lon="127.415756"/><trkpt lat="36.287013" lon="127.415718"/><trkpt lat="36.287034" lon="127.415677"/><trkpt lat="36.287056" lon="127.415617"/><trkpt lat="36.28712" lon="127.415399"/><trkpt lat="36.287141" lon="127.415338"/><trkpt lat="36.287159" lon="127.415295"/><trkpt lat="36.287189" lon="127.415243"/><trkpt lat="36.287251" lon="127.41514"/><trkpt lat="36.28727" lon="127.415101"/><trkpt lat="36.287279" lon="127.41506"/><trkpt lat="36.287279" lon="127.415004"/><trkpt lat="36.28728" lon="127.414962"/><trkpt lat="36.287292" lon="127.414918"/><trkpt lat="36.28731" lon="127.414876"/><trkpt lat="36.287364" lon="127.414763"/><trkpt lat="36.287382" lon="127.41472"/><trkpt lat="36.287391" lon="127.414675"/><trkpt lat="36.28739" lon="127.414628"/><trkpt lat="36.28738" lon="127.414549"/><trkpt lat="36.28734" lon="127.414277"/><trkpt lat="36.287335" lon="127.414213"/><trkpt lat="36.287337" lon="127.414166"/><trkpt lat="36.287347" lon="127.41412"/><trkpt lat="36.28746" lon="127.413768"/><trkpt lat="36.287484" lon="127.413692"/><trkpt lat="36.287494" lon="127.413645"/><trkpt lat="36.287496" lon="127.413598"/><trkpt lat="36.287491" lon="127.41355"/><trkpt lat="36.287436" lon="127.413213"/><trkpt lat="36.287418" lon="127.413118"/><trkpt lat="36.287405" lon="127.413072"/><trkpt lat="36.287339" lon="127.41286"/><trkpt lat="36.287313" lon="127.412768"/><trkpt lat="36.287306" lon="127.412723"/><trkpt lat="36.287308" lon="127.412678"/><trkpt lat="36.287322" lon="127.412637"/><trkpt lat="36.28735" lon="127.412574"/><trkpt lat="36.28735" lon="127.412535"/><trkpt lat="36.287336" lon="127.412494"/><trkpt lat="36.287282" lon="127.412384"/><trkpt lat="36.287257" lon="127.412328"/><trkpt lat="36.287242" lon="127.412283"/><trkpt lat="36.287209" lon="127.412143"/><trkpt lat="36.287148" lon="127.411861"/><trkpt lat="36.287135" lon="127.411816"/><trkpt lat="36.287117" lon="127.411773"/><trkpt lat="36.287087" lon="127.411718"/><trkpt lat="36.287033" lon="127.411623"/><trkpt lat="36.287014" lon="127.411582"/><trkpt lat="36.287004" lon="127.411538"/><trkpt lat="36.287006" lon="127.411493"/><trkpt lat="36.287015" lon="127.411414"/><trkpt lat="36.287016" lon="127.411367"/><trkpt lat="36.28701" lon="127.411321"/><trkpt lat="36.286996" lon="127.411259"/><trkpt lat="36.286924" lon="127.411"/><trkpt lat="36.286909" lon="127.410955"/><trkpt lat="36.28689" lon="127.410914"/><trkpt lat="36.286865" lon="127.410877"/><trkpt lat="36.286772" lon="127.410759"/><trkpt lat="36.286724" lon="127.410702"/><trkpt lat="36.286692" lon="127.410672"/><trkpt lat="36.286659" lon="127.410651"/><trkpt lat="36.2866" lon="127.410624"/><trkpt lat="36.286563" lon="127.410612"/><trkpt lat="36.286525" lon="127.410607"/><trkpt lat="36.286485" lon="127.410609"/><trkpt lat="36.286445" lon="127.410616"/><trkpt lat="36.286409" lon="127.410632"/><trkpt lat="36.286374" lon="127.410654"/><trkpt lat="36.286192" lon="127.410789"/><trkpt lat="36.286135" lon="127.410829"/><trkpt lat="36.2861" lon="127.410847"/><trkpt lat="36.286064" lon="127.41085"/><trkpt lat="36.286032" lon="127.410834"/><trkpt lat="36.286004" lon="127.410803"/><trkpt lat="36.285971" lon="127.410754"/><trkpt lat="36.285907" lon="127.410652"/><trkpt lat="36.285885" lon="127.410612"/><trkpt lat="36.28587" lon="127.41057"/><trkpt lat="36.285862" lon="127.410523"/><trkpt lat="36.285845" lon="127.410297"/><trkpt lat="36.285834" lon="127.410135"/></trkseg>
<trkseg><trkpt lat="36.286036" lon="127.409894"/><trkpt lat="36.286079" lon="127.409957"/><trkpt lat="36.286112" lon="127.410001"/><trkpt lat="36.286149" lon="127.410027"/><trkpt lat="36.2862" lon="127.410041"/><trkpt lat="36.286282" lon="127.410038"/><trkpt lat="36.286335" lon="127.410044"/><trkpt lat="36.286374" lon="127.410042"/><trkpt lat="36.286802" lon="127.409966"/><trkpt lat="36.286894" lon="127.409954"/><trkpt lat="36.286934" lon="127.409953"/><trkpt lat="36.286987" lon="127.409958"/><trkpt lat="36.287469" lon="127.410124"/><trkpt lat="36.287548" lon="127.410138"/><trkpt lat="36.287587" lon="127.410149"/><trkpt lat="36.287839" lon="127.410254"/><trkpt lat="36.288077" lon="127.410356"/><trkpt lat="36.288126" lon="127.410381"/><trkpt lat="36.28856" lon="127.410582"/><trkpt lat="36.288642" lon="127.410637"/><trkpt lat="36.288678" lon="127.410657"/><trkpt lat="36.288936" lon="127.410786"/><trkpt lat="36.289124" lon="127.410862"/><trkpt lat="36.289163" lon="127.410871"/><trkpt lat="36.2892" lon="127.410874"/><trkpt lat="36.289237" lon="127.41087"/><trkpt lat="36.289274" lon="127.410855"/><trkpt lat="36.289322" lon="127.410826"/><trkpt lat="36.28947" lon="127.410655"/><trkpt lat="36.289518" lon="127.410628"/><trkpt lat="36.289554" lon="127.410615"/><trkpt lat="36.289591" lon="127.410617"/><trkpt lat="36.289642" lon="127.410631"/><trkpt lat="36.289782" lon="127.41068"/><trkpt lat="36.289818" lon="127.410698"/><trkpt lat="36.289852" lon="127.410724"/><trkpt lat="36.289906" lon="127.410774"/><trkpt lat="36.289934" lon="127.410806"/><trkpt lat="36.289952" lon="127.410842"/><trkpt lat="36.289953" lon="127.410884"/><trkpt lat="36.289945" lon="127.410929"/><trkpt lat="36.289932" lon="127.410973"/><trkpt lat="36.289917" lon="127.411015"/><trkpt lat="36.289881" lon="127.411242"/><trkpt lat="36.289888" lon="127.411285"/><trkpt lat="36.289903" lon="127.411327"/><trkpt lat="36.289924" lon="127.411367"/><trkpt lat="36.289994" lon="127.411483"/><trkpt lat="36.290014" lon="127.411523"/><trkpt lat="36.290025" lon="127.411565"/><trkpt lat="36.290025" lon="127.411607"/><trkpt lat="36.290017" lon="127.411648"/><trkpt lat="36.289996" lon="127.411685"/><trkpt lat="36.289967" lon="127.411717"/><trkpt lat="36.289891" lon="127.411788"/><trkpt lat="36.289862" lon="127.411819"/><trkpt lat="36.289843" lon="127.411854"/><trkpt lat="36.289843" lon="127.411896"/><trkpt lat="36.289853" lon="127.411941"/><trkpt lat="36.289881" lon="127.412034"/><trkpt lat="36.289903" lon="127.412094"/><trkpt lat="36.289924" lon="127.412136"/><trkpt lat="36.289963" lon="127.412202"/><trkpt lat="36.289981" lon="127.412244"/><trkpt lat="36.289993" lon="127.412289"/><trkpt lat="36.290008" lon="127.412368"/><trkpt lat="36.290053" lon="127.412624"/><trkpt lat="36.290062" lon="127.412687"/><trkpt lat="36.290062" lon="127.412734"/><trkpt lat="36.290054" lon="127.412778"/><trkpt lat="36.290036" lon="127.41285"/><trkpt lat="36.290033" lon="127.412891"/><trkpt lat="36.290044" lon="127.412927"/><trkpt lat="36.290066" lon="127.412976"/><trkpt lat="36.290079" lon="127.413018"/><trkpt lat="36.290087" lon="127.413065"/><trkpt lat="36.290099" lon="127.413192"/><trkpt lat="36.290103" lon="127.413256"/><trkpt lat="36.290101" lon="127.413304"/><trkpt lat="36.290095" lon="127.413352"/><trkpt lat="36.290035" lon="127.41367"/><trkpt lat="36.290024" lon="127.413734"/><trkpt lat="36.29002" lon="127.413781"/><trkpt lat="36.290025" lon="127.413826"/><trkpt lat="36.290038" lon="127.413867"/><trkpt lat="36.290058" lon="127.413905"/><trkpt lat="36.290085" lon="127.413941"/><trkpt lat="36.290127" lon="127.413984"/><trkpt lat="36.290232" lon="127.414088"/><trkpt lat="36.290262" lon="127.414122"/><trkpt lat="36.290287" lon="127.41416"/><trkpt lat="36.290402" lon="127.414364"/><trkpt lat="36.290502" lon="127.414542"/><trkpt lat="36.290523" lon="127.414583"/><trkpt lat="36.290537" lon="127.414625"/><trkpt lat="36.290536" lon="127.414667"/><trkpt lat="36.290522" lon="127.41471"/><trkpt lat="36.290497" lon="127.414768"/><trkpt lat="36.290359" lon="127.415074"/><trkpt lat="36.290334" lon="127.415132"/><trkpt lat="36.29032" lon="127.415177"/><trkpt lat="36.290317" lon="127.415223"/><trkpt lat="36.290321" lon="127.41527"/><trkpt lat="36.290353" lon="127.415462"/><trkpt lat="36.290367" lon="127.415557"/><trkpt lat="36.29037" lon="127.415606"/><trkpt lat="36.290367" lon="127.415688"/><trkpt lat="36.290314" lon="127.416432"/><trkpt lat="36.290293" lon="127.416729"/><trkpt lat="36.290295" lon="127.416777"/><trkpt lat="36.290305" lon="127.416822"/><trkpt lat="36.290322" lon="127.416865"/><trkpt lat="36.290388" lon="127.417005"/><trkpt lat="36.290462" lon="127.417158"/><trkpt lat="36.290484" lon="127.417196"/><trkpt lat="36.290512" lon="127.417224"/><trkpt lat="36.290547" lon="127.417242"/><trkpt lat="36.290612" lon="127.417262"/><trkpt lat="36.290781" lon="127.417307"/><trkpt lat="36.29082" lon="127.417313"/><trkpt lat="36.290859" lon="127.417309"/><trkpt lat="36.290923" lon="127.41729"/><trkpt lat="36.290961" lon="127.41728"/><trkpt lat="36.290997" lon="127.417282"/><trkpt lat="36.29114" lon="127.41725"/></trkseg>
<trkseg><trkpt lat="36.291909" lon="127.415517"/><trkpt lat="36.291769" lon="127.415314"/><trkpt lat="36.29174" lon="127.415281"/><trkpt lat="36.291708" lon="127.415256"/><trkpt lat="36.291672" lon="127.415241"/><trkpt lat="36.29161" lon="127.41522"/><trkpt lat="36.29158" lon="127.415196"/><trkpt lat="36.291557" lon="127.41516"/><trkpt lat="36.291531" lon="127.415103"/><trkpt lat="36.291488" lon="127.415"/><trkpt lat="36.291472" lon="127.414956"/><trkpt lat="36.291462" lon="127.414911"/><trkpt lat="36.291465" lon="127.414865"/><trkpt lat="36.291474" lon="127.414818"/><trkpt lat="36.291498" lon="127.414707"/><trkpt lat="36.291504" lon="127.414659"/><trkpt lat="36.291504" lon="127.414593"/><trkpt lat="36.291497" lon="127.414426"/><trkpt lat="36.291497" lon="127.414376"/><trkpt lat="36.291501" lon="127.414327"/><trkpt lat="36.291511" lon="127.41428"/><trkpt lat="36.291583" lon="127.414013"/><trkpt lat="36.291635" lon="127.413825"/><trkpt lat="36.291645" lon="127.413778"/><trkpt lat="36.291647" lon="127.413733"/><trkpt lat="36.291634" lon="127.413691"/><trkpt lat="36.291606" lon="127.413637"/><trkpt lat="36.291453" lon="127.41342"/><trkpt lat="36.291486" lon="127.413269"/><trkpt lat="36.291517" lon="127.413253"/><trkpt lat="36.291533" lon="127.413227"/><trkpt lat="36.291538" lon="127.413189"/><trkpt lat="36.291527" lon="127.413113"/><trkpt lat="36.291525" lon="127.413071"/><trkpt lat="36.291541" lon="127.413041"/><trkpt lat="36.291571" lon="127.41302"/><trkpt lat="36.291628" lon="127.412986"/><trkpt lat="36.291653" lon="127.412956"/><trkpt lat="36.291666" lon="127.412915"/><trkpt lat="36.291677" lon="127.412854"/><trkpt lat="36.291704" lon="127.412663"/><trkpt lat="36.29171" lon="127.412599"/><trkpt lat="36.291709" lon="127.412551"/><trkpt lat="36.291699" lon="127.412452"/><trkpt lat="36.291684" lon="127.412337"/><trkpt lat="36.291674" lon="127.412292"/><trkpt lat="36.291658" lon="127.412258"/><trkpt lat="36.291637" lon="127.412242"/><trkpt lat="36.291619" lon="127.412242"/><trkpt lat="36.291605" lon="127.412251"/><trkpt lat="36.291587" lon="127.412245"/><trkpt lat="36.291562" lon="127.412219"/><trkpt lat="36.291498" lon="127.412139"/><trkpt lat="36.29147" lon="127.412111"/><trkpt lat="36.291444" lon="127.412101"/><trkpt lat="36.291425" lon="127.412113"/><trkpt lat="36.291409" lon="127.412153"/><trkpt lat="36.291397" lon="127.412177"/><trkpt lat="36.291373" lon="127.412177"/><trkpt lat="36.291343" lon="127.412162"/><trkpt lat="36.291311" lon="127.41214"/><trkpt lat="36.29128" lon="127.412113"/><trkpt lat="36.291252" lon="127.412078"/><trkpt lat="36.291117" lon="127.41187"/><trkpt lat="36.290848" lon="127.411457"/><trkpt lat="36.290808" lon="127.411392"/><trkpt lat="36.290788" lon="127.411351"/><trkpt lat="36.290779" lon="127.411306"/><trkpt lat="36.290779" lon="127.411257"/><trkpt lat="36.290786" lon="127.411141"/><trkpt lat="36.290794" lon="127.411059"/><trkpt lat="36.290803" lon="127.411013"/><trkpt lat="36.290821" lon="127.410976"/><trkpt lat="36.290849" lon="127.410944"/><trkpt lat="36.290901" lon="127.410896"/><trkpt lat="36.290954" lon="127.410852"/></trkseg>
<trkseg><trkpt lat="36.291909" lon="127.415517"/><trkpt lat="36.292162" lon="127.415288"/><trkpt lat="36.292206" lon="127.415254"/><trkpt lat="36.292243" lon="127.415234"/><trkpt lat="36.292281" lon="127.415218"/><trkpt lat="36.292319" lon="127.415206"/><trkpt lat="36.292356" lon="127.415204"/><trkpt lat="36.29239" lon="127.415218"/><trkpt lat="36.292423" lon="127.415241"/><trkpt lat="36.292488" lon="127.415289"/><trkpt lat="36.29252" lon="127.415303"/><trkpt lat="36.292551" lon="127.415296"/><trkpt lat="36.292581" lon="127.415271"/><trkpt lat="36.29262" lon="127.415228"/><trkpt lat="36.292886" lon="127.414926"/><trkpt lat="36.292926" lon="127.414883"/><trkpt lat="36.292955" lon="127.414858"/><trkpt lat="36.292985" lon="127.414853"/><trkpt lat="36.293016" lon="127.41487"/><trkpt lat="36.293046" lon="127.414897"/><trkpt lat="36.293138" lon="127.414989"/><trkpt lat="36.29317" lon="127.415016"/><trkpt lat="36.293204" lon="127.415035"/><trkpt lat="36.293238" lon="127.415041"/><trkpt lat="36.29327" lon="127.415038"/><trkpt lat="36.293293" lon="127.415018"/><trkpt lat="36.293303" lon="127.414979"/><trkpt lat="36.293309" lon="127.414916"/><trkpt lat="36.29333" lon="127.414572"/><trkpt lat="36.293337" lon="127.414491"/><trkpt lat="36.293347" lon="127.414445"/><trkpt lat="36.293367" lon="127.414386"/><trkpt lat="36.29343" lon="127.414228"/><trkpt lat="36.293451" lon="127.41417"/><trkpt lat="36.29346" lon="127.414126"/><trkpt lat="36.29346" lon="127.414072"/><trkpt lat="36.293464" lon="127.414035"/><trkpt lat="36.293481" lon="127.414002"/><trkpt lat="36.293511" lon="127.413958"/><trkpt lat="36.293531" lon="127.413918"/><trkpt lat="36.293584" lon="127.41379"/><trkpt lat="36.293604" lon="127.413752"/><trkpt lat="36.293628" lon="127.413723"/><trkpt lat="36.29366" lon="127.413714"/><trkpt lat="36.293696" lon="127.413715"/><trkpt lat="36.293733" lon="127.413723"/><trkpt lat="36.293769" lon="127.413738"/><trkpt lat="36.293804" lon="127.413761"/><trkpt lat="36.293871" lon="127.413814"/><trkpt lat="36.293914" lon="127.413853"/><trkpt lat="36.293941" lon="127.413887"/><trkpt lat="36.293962" lon="127.413925"/><trkpt lat="36.294013" lon="127.414036"/><trkpt lat="36.294037" lon="127.414093"/><trkpt lat="36.294051" lon="127.414138"/><trkpt lat="36.294068" lon="127.414215"/><trkpt lat="36.2941" lon="127.41439"/><trkpt lat="36.294111" lon="127.414434"/><trkpt lat="36.294126" lon="127.41447"/><trkpt lat="36.294153" lon="127.414486"/><trkpt lat="36.294189" lon="127.414486"/><trkpt lat="36.294268" lon="127.414478"/><trkpt lat="36.294304" lon="127.414484"/><trkpt lat="36.294334" lon="127.414508"/><trkpt lat="36.29436" lon="127.414541"/><trkpt lat="36.29441" lon="127.414612"/><trkpt lat="36.294431" lon="127.414637"/><trkpt lat="36.294447" lon="127.414638"/><trkpt lat="36.294454" lon="127.414606"/><trkpt lat="36.29446" lon="127.414545"/><trkpt lat="36.294474" lon="127.414313"/><trkpt lat="36.29448" lon="127.414265"/><trkpt lat="36.294493" lon="127.414204"/><trkpt lat="36.294535" lon="127.414055"/></trkseg>
<trkseg><trkpt lat="36.297555" lon="127.417111"/><trkpt lat="36.297576" lon="127.416867"/><trkpt lat="36.297585" lon="127.416805"/><trkpt lat="36.297599" lon="127.416763"/><trkpt lat="36.297622" lon="127.416731"/><trkpt lat="36.297656" lon="127.41669"/><trkpt lat="36.297684" lon="127.416641"/><trkpt lat="36.297705" lon="127.416608"/><trkpt lat="36.297734" lon="127.41659"/><trkpt lat="36.297794" lon="127.416579"/><trkpt lat="36.29783" lon="127.416564"/><trkpt lat="36.297877" lon="127.416537"/><trkpt lat="36.297934" lon="127.416499"/><trkpt lat="36.297965" lon="127.416473"/><trkpt lat="36.29799" lon="127.41644"/><trkpt lat="36.298005" lon="127.416402"/><trkpt lat="36.298013" lon="127.41636"/><trkpt lat="36.298014" lon="127.416314"/><trkpt lat="36.298008" lon="127.416265"/><trkpt lat="36.297979" lon="127.416103"/><trkpt lat="36.297972" lon="127.416054"/><trkpt lat="36.297971" lon="127.416006"/><trkpt lat="36.297977" lon="127.415957"/><trkpt lat="36.298026" lon="127.415681"/><trkpt lat="36.298153" lon="127.414983"/><trkpt lat="36.298162" lon="127.414918"/><trkpt lat="36.298166" lon="127.414869"/><trkpt lat="36.298164" lon="127.41482"/><trkpt lat="36.298148" lon="127.414624"/><trkpt lat="36.298143" lon="127.414543"/><trkpt lat="36.298144" lon="127.414495"/><trkpt lat="36.298153" lon="127.41445"/><trkpt lat="36.29817" lon="127.414406"/><trkpt lat="36.298415" lon="127.413878"/><trkpt lat="36.298508" lon="127.413678"/><trkpt lat="36.298524" lon="127.413634"/><trkpt lat="36.298532" lon="127.413589"/><trkpt lat="36.298529" lon="127.413541"/><trkpt lat="36.298516" lon="127.413444"/><trkpt lat="36.298512" lon="127.413397"/><trkpt lat="36.298516" lon="127.413354"/><trkpt lat="36.298535" lon="127.413319"/><trkpt lat="36.298561" lon="127.413288"/><trkpt lat="36.298641" lon="127.413207"/><trkpt lat="36.298668" lon="127.413175"/><trkpt lat="36.298688" lon="127.413138"/><trkpt lat="36.2987" lon="127.413093"/><trkpt lat="36.298721" lon="127.412948"/><trkpt lat="36.298729" lon="127.412901"/><trkpt lat="36.298743" lon="127.412861"/><trkpt lat="36.298774" lon="127.412847"/><trkpt lat="36.29881" lon="127.412863"/><trkpt lat="36.298834" lon="127.412884"/></trkseg>
<trkseg><trkpt lat="36.295849" lon="127.413677"/><trkpt lat="36.295859" lon="127.413696"/><trkpt lat="36.295874" lon="127.413745"/><trkpt lat="36.295883" lon="127.413806"/><trkpt lat="36.295888" lon="127.414022"/><trkpt lat="36.295891" lon="127.414102"/><trkpt lat="36.295898" lon="127.414146"/><trkpt lat="36.295914" lon="127.414179"/><trkpt lat="36.295949" lon="127.414208"/><trkpt lat="36.295967" lon="127.414237"/><trkpt lat="36.29597" lon="127.414278"/><trkpt lat="36.295964" lon="127.414342"/><trkpt lat="36.295951" lon="127.414424"/><trkpt lat="36.295941" lon="127.414471"/><trkpt lat="36.295923" lon="127.414513"/><trkpt lat="36.2959" lon="127.414552"/><trkpt lat="36.295678" lon="127.414876"/><trkpt lat="36.295656" lon="127.414915"/><trkpt lat="36.295639" lon="127.414958"/><trkpt lat="36.295632" lon="127.415004"/><trkpt lat="36.295631" lon="127.41505"/><trkpt lat="36.29564" lon="127.415094"/><trkpt lat="36.29566" lon="127.415134"/><trkpt lat="36.295694" lon="127.415186"/><trkpt lat="36.295886" lon="127.415465"/><trkpt lat="36.295907" lon="127.415503"/><trkpt lat="36.295915" lon="127.415538"/><trkpt lat="36.295902" lon="127.415569"/><trkpt lat="36.295871" lon="127.415611"/><trkpt lat="36.295853" lon="127.415648"/><trkpt lat="36.295842" lon="127.415692"/><trkpt lat="36.295833" lon="127.415787"/><trkpt lat="36.295818" lon="127.41598"/><trkpt lat="36.295811" lon="127.416027"/><trkpt lat="36.295801" lon="127.416072"/><trkpt lat="36.295783" lon="127.416131"/><trkpt lat="36.295767" lon="127.416172"/><trkpt lat="36.295744" lon="127.41621"/><trkpt lat="36.295694" lon="127.41628"/><trkpt lat="36.295679" lon="127.41632"/><trkpt lat="36.295671" lon="127.416365"/><trkpt lat="36.29567" lon="127.41641"/><trkpt lat="36.295677" lon="127.416454"/><trkpt lat="36.295696" lon="127.416496"/><trkpt lat="36.295777" lon="127.416627"/><trkpt lat="36.295808" lon="127.41668"/><trkpt lat="36.295827" lon="127.416722"/><trkpt lat="36.295836" lon="127.416766"/><trkpt lat="36.29584" lon="127.416843"/><trkpt lat="36.295845" lon="127.416887"/><trkpt lat="36.295861" lon="127.416926"/><trkpt lat="36.295885" lon="127.416961"/><trkpt lat="36.29595" lon="127.417036"/><trkpt lat="36.295975" lon="127.41707"/><trkpt lat="36.295993" lon="127.417106"/><trkpt lat="36.295998" lon="127.417148"/><trkpt lat="36.295998" lon="127.417207"/><trkpt lat="36.296002" lon="127.417254"/><trkpt lat="36.296017" lon="127.417317"/><trkpt lat="36.29617" lon="127.41785"/><trkpt lat="36.296186" lon="127.417913"/><trkpt lat="36.296195" lon="127.417961"/><trkpt lat="36.296199" lon="127.418015"/><trkpt lat="36.296202" lon="127.41814"/></trkseg>
<trkseg><trkpt lat="36.300826" lon="127.414403"/><trkpt lat="36.300785" lon="127.414444"/><trkpt lat="36.300745" lon="127.414482"/><trkpt lat="36.300717" lon="127.414519"/><trkpt lat="36.300689" lon="127.414568"/><trkpt lat="36.300661" lon="127.414602"/><trkpt lat="36.30059" lon="127.414676"/><trkpt lat="36.300563" lon="127.41471"/><trkpt lat="36.300544" lon="127.41475"/><trkpt lat="36.300523" lon="127.414824"/><trkpt lat="36.30051" lon="127.414867"/><trkpt lat="36.300489" lon="127.414907"/><trkpt lat="36.300463" lon="127.414943"/><trkpt lat="36.30026" lon="127.41518"/><trkpt lat="36.300194" lon="127.415261"/><trkpt lat="36.300169" lon="127.415298"/><trkpt lat="36.30014" lon="127.415352"/><trkpt lat="36.300114" lon="127.41541"/><trkpt lat="36.3001" lon="127.415454"/><trkpt lat="36.300092" lon="127.4155"/><trkpt lat="36.300077" lon="127.415588"/><trkpt lat="36.300066" lon="127.415624"/><trkpt lat="36.300047" lon="127.415643"/><trkpt lat="36.300014" lon="127.415669"/><trkpt lat="36.299988" lon="127.415701"/><trkpt lat="36.299936" lon="127.415776"/><trkpt lat="36.299894" lon="127.415841"/><trkpt lat="36.299872" lon="127.415883"/><trkpt lat="36.299855" lon="127.415927"/><trkpt lat="36.299841" lon="127.415972"/><trkpt lat="36.299833" lon="127.416019"/><trkpt lat="36.299832" lon="127.416067"/><trkpt lat="36.299847" lon="127.416305"/><trkpt lat="36.299854" lon="127.416406"/></trkseg>
<trkseg><trkpt lat="36.310153" lon="127.414914"/><trkpt lat="36.310005" lon="127.415207"/><trkpt lat="36.309986" lon="127.415248"/><trkpt lat="36.309974" lon="127.41529"/><trkpt lat="36.309977" lon="127.415328"/><trkpt lat="36.309987" lon="127.415382"/><trkpt lat="36.309986" lon="127.415441"/><trkpt lat="36.309988" lon="127.415484"/><trkpt lat="36.31" lon="127.41552"/><trkpt lat="36.310023" lon="127.415561"/><trkpt lat="36.310029" lon="127.415593"/><trkpt lat="36.310015" lon="127.415629"/><trkpt lat="36.309993" lon="127.415665"/><trkpt lat="36.309903" lon="127.415791"/><trkpt lat="36.309897" lon="127.4158"/></trkseg>
<trkseg><trkpt lat="36.30733" lon="127.414905"/><trkpt lat="36.307203" lon="127.414936"/><trkpt lat="36.307166" lon="127.41495"/><trkpt lat="36.30713" lon="127.41497"/><trkpt lat="36.307085" lon="127.415004"/><trkpt lat="36.306628" lon="127.415381"/><trkpt lat="36.306461" lon="127.415521"/><trkpt lat="36.306427" lon="127.415546"/><trkpt lat="36.306394" lon="127.415563"/><trkpt lat="36.306361" lon="127.41556"/><trkpt lat="36.306328" lon="127.415541"/><trkpt lat="36.306262" lon="127.415494"/><trkpt lat="36.306229" lon="127.415473"/><trkpt lat="36.306193" lon="127.415464"/><trkpt lat="36.306155" lon="127.415469"/><trkpt lat="36.306091" lon="127.415489"/><trkpt lat="36.305857" lon="127.41557"/><trkpt lat="36.305818" lon="127.415579"/><trkpt lat="36.30578" lon="127.41558"/><trkpt lat="36.305743" lon="127.415569"/><trkpt lat="36.30567" lon="127.415541"/><trkpt lat="36.305634" lon="127.415531"/><trkpt lat="36.305596" lon="127.415532"/><trkpt lat="36.305558" lon="127.415544"/><trkpt lat="36.305368" lon="127.415624"/><trkpt lat="36.305216" lon="127.415688"/></trkseg>
<trkseg><trkpt lat="36.30733" lon="127.414905"/><trkpt lat="36.307209" lon="127.415126"/><trkpt lat="36.307189" lon="127.415168"/><trkpt lat="36.307176" lon="127.41521"/><trkpt lat="36.307177" lon="127.415253"/><trkpt lat="36.307189" lon="127.415297"/><trkpt lat="36.307213" lon="127.415369"/><trkpt lat="36.30722" lon="127.415408"/><trkpt lat="36.30721" lon="127.415441"/><trkpt lat="36.307187" lon="127.415481"/><trkpt lat="36.30718" lon="127.415523"/><trkpt lat="36.30718" lon="127.415571"/><trkpt lat="36.30719" lon="127.415704"/><trkpt lat="36.307199" lon="127.415786"/><trkpt lat="36.307209" lon="127.415831"/><trkpt lat="36.307229" lon="127.415868"/><trkpt lat="36.307274" lon="127.415922"/><trkpt lat="36.307295" lon="127.415961"/><trkpt lat="36.30732" lon="127.416036"/><trkpt lat="36.307337" lon="127.416077"/><trkpt lat="36.307361" lon="127.416104"/><trkpt lat="36.307393" lon="127.416114"/><trkpt lat="36.307452" lon="127.416121"/><trkpt lat="36.307486" lon="127.416132"/><trkpt lat="36.307516" lon="127.416159"/><trkpt lat="36.307547" lon="127.416205"/><trkpt lat="36.307583" lon="127.416268"/></trkseg>
<trkseg><trkpt lat="36.307018" lon="127.425796"/><trkpt lat="36.306882" lon="127.425988"/><trkpt lat="36.306855" lon="127.426021"/><trkpt lat="36.306824" lon="127.426049"/><trkpt lat="36.306791" lon="127.42607"/><trkpt lat="36.306696" lon="127.426118"/><trkpt lat="36.306662" lon="127.426138"/><trkpt lat="36.306634" lon="127.426167"/><trkpt lat="36.306612" lon="127.426205"/><trkpt lat="36.306574" lon="127.426289"/><trkpt lat="36.306552" lon="127.426328"/><trkpt lat="36.306525" lon="127.426362"/><trkpt lat="36.306454" lon="127.426432"/><trkpt lat="36.306448" lon="127.426438"/></trkseg>
</trk>
</gpx>
