<?xml version="1.0" encoding="UTF-8"?>
<gpx version="1.1" creator="letnaturechoose" xmlns="http://www.topografix.com/GPX/1/1">
<metadata><name>광교산 등산로</name></metadata>
<trk><name>광교산</name>
<trkseg><trkpt lat="37.300106" lon="127.023138"/><trkpt lat="37.300477" lon="127.023409"/><trkpt lat="37.300642" lon="127.024055"/><trkpt lat="37.301137" lon="127.024456"/><trkpt lat="37.301465" lon="127.02457"/><trkpt lat="37.30193" lon="127.024509"/><trkpt lat="37.302229" lon="127.024142"/><trkpt lat="37.303085" lon="127.023935"/><trkpt lat="37.304315" lon="127.023982"/><trkpt lat="37.304736" lon="127.024097"/><trkpt lat="37.30547" lon="127.023385"/><trkpt lat="37.305843" lon="127.024022"/><trkpt lat="37.306387" lon="127.024534"/><trkpt lat="37.30714" lon="127.023822"/><trkpt lat="37.307708" lon="127.023569"/><trkpt lat="37.308873" lon="127.022777"/><trkpt lat="37.309451" lon="127.022536"/><trkpt lat="37.310644" lon="127.021205"/><trkpt lat="37.310864" lon="127.02047"/><trkpt lat="37.31136" lon="127.01962"/><trkpt lat="37.312094" lon="127.018885"/><trkpt lat="37.313521" lon="127.017506"/><trkpt lat="37.313915" lon="127.017147"/><trkpt lat="37.31441" lon="127.01646"/><trkpt lat="37.314539" lon="127.016386"/><trkpt lat="37.31464" lon="127.016289"/><trkpt lat="37.314771" lon="127.015882"/><trkpt lat="37.314955" lon="127.015436"/><trkpt lat="37.315115" lon="127.015098"/><trkpt lat="37.315262" lon="127.014768"/><trkpt lat="37.315442" lon="127.01447"/><trkpt lat="37.315665" lon="127.014132"/><trkpt lat="37.3158" lon="127.01382"/><trkpt lat="37.316022" lon="127.013578"/><trkpt lat="37.316193" lon="127.013337"/><trkpt lat="37.316146" lon="127.013058"/><trkpt lat="37.316184" lon="127.012775"/><trkpt lat="37.316319" lon="127.012625"/><trkpt lat="37.316505" lon="127.012567"/><trkpt lat="37.316838" lon="127.012524"/><trkpt lat="37.317293" lon="127.012369"/><trkpt lat="37.317593" lon="127.012295"/><trkpt lat="37.317882" lon="127.011986"/><trkpt lat="37.318061" lon="127.011698"/><trkpt lat="37.318382" lon="127.011313"/><trkpt lat="37.318605" lon="127.011162"/><trkpt lat="37.318877" lon="127.01103"/><trkpt lat="37.319008" lon="127.010832"/><trkpt lat="37.319303" lon="127.010626"/><trkpt lat="37.319558" lon="127.010486"/><trkpt lat="37.319914" lon="127.010502"/><trkpt lat="37.320202" lon="127.010413"/><trkpt lat="37.320465" lon="127.010217"/><trkpt lat="37.320712" lon="127.010133"/><trkpt lat="37.320925" lon="127.009966"/><trkpt lat="37.32118" lon="127.009684"/><trkpt lat="37.321471" lon="127.009578"/><trkpt lat="37.321749" lon="127.009497"/><trkpt lat="37.321821" lon="127.009135"/><trkpt lat="37.322" lon="127.008924"/><trkpt lat="37.322218" lon="127.008815"/><trkpt lat="37.322447" lon="127.008602"/><trkpt lat="37.322673" lon="127.008609"/><trkpt lat="37.322811" lon="127.008666"/><trkpt lat="37.32301" lon="127.008654"/><trkpt lat="37.323257" lon="127.008623"/><trkpt lat="37.323369" lon="127.008708"/><trkpt lat="37.323497" lon="127.008779"/><trkpt lat="37.323619" lon="127.008701"/><trkpt lat="37.323764" lon="127.008614"/><trkpt lat="37.323827" lon="127.008521"/><trkpt lat="37.323941" lon="127.008256"/><trkpt lat="37.324077" lon="127.007989"/><trkpt lat="37.324166" lon="127.007897"/><trkpt lat="37.324268" lon="127.00772"/><trkpt lat="37.32438" lon="127.007645"/><trkpt lat="37.324345" lon="127.007447"/><trkpt lat="37.324252" lon="127.007242"/><trkpt lat="37.324206" lon="127.007084"/><trkpt lat="37.324136" lon="127.006552"/><trkpt lat="37.324061" lon="127.005882"/><trkpt lat="37.32411" lon="127.005378"/><trkpt lat="37.324366" lon="127.005104"/><trkpt lat="37.324737" lon="127.004736"/><trkpt lat="37.324931" lon="127.004468"/><trkpt lat="37.325159" lon="127.004354"/><trkpt lat="37.325349" lon="127.004347"/><trkpt lat="37.325399" lon="127.004327"/></trkseg>
<trkseg><trkpt lat="37.309637" lon="127.028104"/><trkpt lat="37.310252" lon="127.02837"/><trkpt lat="37.310645" lon="127.028703"/><trkpt lat="37.310909" lon="127.028787"/><trkpt lat="37.311131" lon="127.02871"/><trkpt lat="37.311203" lon="127.028958"/><trkpt lat="37.311441" lon="127.029254"/><trkpt lat="37.311864" lon="127.029651"/><trkpt lat="37.312262" lon="127.029937"/><trkpt lat="37.31283" lon="127.030741"/><trkpt lat="37.313382" lon="127.031021"/><trkpt lat="37.313865" lon="127.031446"/><trkpt lat="37.314252" lon="127.031692"/><trkpt lat="37.314602" lon="127.032018"/><trkpt lat="37.314804" lon="127.032304"/><trkpt lat="37.314978" lon="127.03261"/><trkpt lat="37.315126" lon="127.033039"/><trkpt lat="37.315441" lon="127.033414"/><trkpt lat="37.315811" lon="127.03395"/><trkpt lat="37.316035" lon="127.034252"/><trkpt lat="37.316354" lon="127.034667"/><trkpt lat="37.31679" lon="127.035206"/><trkpt lat="37.317006" lon="127.035302"/></trkseg>
<trkseg><trkpt lat="37.312086" lon="127.021901"/><trkpt lat="37.311426" lon="127.021438"/><trkpt lat="37.31092" lon="127.022095"/><trkpt lat="37.310291" lon="127.022921"/><trkpt lat="37.310057" lon="127.023148"/><trkpt lat="37.309909" lon="127.023185"/><trkpt lat="37.309798" lon="127.023168"/><trkpt lat="37.309649" lon="127.023211"/><trkpt lat="37.309554" lon="127.023341"/><trkpt lat="37.309496" lon="127.023506"/><trkpt lat="37.309404" lon="127.02362"/><trkpt lat="37.309263" lon="127.023609"/><trkpt lat="37.3091" lon="127.02361"/><trkpt lat="37.308952" lon="127.02366"/><trkpt lat="37.308796" lon="127.023648"/><trkpt lat="37.308679" lon="127.023624"/><trkpt lat="37.308513" lon="127.023627"/><trkpt lat="37.308396" lon="127.023637"/><trkpt lat="37.308176" lon="127.02373"/><trkpt lat="37.308055" lon="127.023812"/><trkpt lat="37.307972" lon="127.02396"/><trkpt lat="37.307888" lon="127.024033"/><trkpt lat="37.307756" lon="127.02406"/><trkpt lat="37.30758" lon="127.024119"/><trkpt lat="37.307449" lon="127.02414"/><trkpt lat="37.307367" lon="127.024196"/><trkpt lat="37.307295" lon="127.024297"/><trkpt lat="37.307252" lon="127.024423"/><trkpt lat="37.307135" lon="127.024504"/><trkpt lat="37.307079" lon="127.024636"/><trkpt lat="37.307038" lon="127.024773"/><trkpt lat="37.307007" lon="127.024967"/><trkpt lat="37.306993" lon="127.025085"/><trkpt lat="37.306941" lon="127.025334"/><trkpt lat="37.306826" lon="127.025561"/><trkpt lat="37.306867" lon="127.025804"/><trkpt lat="37.30681" lon="127.025936"/><trkpt lat="37.306794" lon="127.026047"/><trkpt lat="37.306691" lon="127.026181"/><trkpt lat="37.306559" lon="127.026268"/><trkpt lat="37.306431" lon="127.026358"/><trkpt lat="37.306307" lon="127.026502"/><trkpt lat="37.305982" lon="127.026951"/><trkpt lat="37.305789" lon="127.027354"/><trkpt lat="37.305646" lon="127.027748"/><trkpt lat="37.305381" lon="127.028061"/><trkpt lat="37.305009" lon="127.028132"/><trkpt lat="37.304702" lon="127.027989"/><trkpt lat="37.30458" lon="127.027604"/><trkpt lat="37.304409" lon="127.027362"/><trkpt lat="37.304115" lon="127.027684"/><trkpt lat="37.303758" lon="127.028204"/><trkpt lat="37.303321" lon="127.028051"/><trkpt lat="37.30305" lon="127.028105"/><trkpt lat="37.302836" lon="127.028042"/><trkpt lat="37.302592" lon="127.028141"/><trkpt lat="37.302213" lon="127.028463"/><trkpt lat="37.30231" lon="127.02866"/><trkpt lat="37.302495" lon="127.028818"/><trkpt lat="37.302382" lon="127.030633"/><trkpt lat="37.302335" lon="127.031829"/></trkseg>
<trkseg><trkpt lat="37.314393" lon="127.000877"/><trkpt lat="37.314615" lon="127.001105"/><trkpt lat="37.314862" lon="127.00152"/><trkpt lat="37.315165" lon="127.00201"/><trkpt lat="37.315555" lon="127.002283"/><trkpt lat="37.315871" lon="127.002393"/><trkpt lat="37.316108" lon="127.002602"/><trkpt lat="37.316151" lon="127.002623"/></trkseg>
<trkseg><trkpt lat="37.316151" lon="127.002623"/><trkpt lat="37.316211" lon="127.00279"/><trkpt lat="37.316283" lon="127.002993"/><trkpt lat="37.316342" lon="127.003467"/><trkpt lat="37.316526" lon="127.003636"/><trkpt lat="37.316538" lon="127.003929"/><trkpt lat="37.316569" lon="127.00449"/><trkpt lat="37.316607" lon="127.004865"/><trkpt lat="37.316713" lon="127.005085"/><trkpt lat="37.316898" lon="127.005159"/><trkpt lat="37.317161" lon="127.005449"/><trkpt lat="37.31742" lon="127.005903"/><trkpt lat="37.31749" lon="127.006137"/><trkpt lat="37.317643" lon="127.006354"/><trkpt lat="37.317952" lon="127.006509"/><trkpt lat="37.318202" lon="127.00671"/><trkpt lat="37.318508" lon="127.006901"/><trkpt lat="37.31876" lon="127.006915"/><trkpt lat="37.318929" lon="127.007025"/><trkpt lat="37.319112" lon="127.007288"/><trkpt lat="37.319258" lon="127.00735"/><trkpt lat="37.319548" lon="127.007494"/><trkpt lat="37.319785" lon="127.00753"/><trkpt lat="37.320075" lon="127.007556"/><trkpt lat="37.320294" lon="127.007544"/><trkpt lat="37.320551" lon="127.007539"/><trkpt lat="37.320837" lon="127.007274"/><trkpt lat="37.320938" lon="127.007206"/><trkpt lat="37.321264" lon="127.007229"/><trkpt lat="37.321451" lon="127.007302"/><trkpt lat="37.321616" lon="127.007277"/><trkpt lat="37.321869" lon="127.007387"/><trkpt lat="37.322051" lon="127.007457"/><trkpt lat="37.322299" lon="127.007515"/><trkpt lat="37.322547" lon="127.007617"/><trkpt lat="37.322853" lon="127.007861"/><trkpt lat="37.322922" lon="127.00766"/></trkseg>
<trkseg><trkpt lat="37.316151" lon="127.002623"/><trkpt lat="37.316374" lon="127.002684"/><trkpt lat="37.31662" lon="127.002643"/><trkpt lat="37.31677" lon="127.002782"/><trkpt lat="37.317174" lon="127.002691"/><trkpt lat="37.317374" lon="127.002645"/><trkpt lat="37.317642" lon="127.00263"/><trkpt lat="37.317906" lon="127.002714"/><trkpt lat="37.318079" lon="127.002873"/><trkpt lat="37.318313" lon="127.003262"/><trkpt lat="37.318469" lon="127.003332"/><trkpt lat="37.318647" lon="127.003308"/><trkpt lat="37.318982" lon="127.003443"/><trkpt lat="37.319474" lon="127.003606"/><trkpt lat="37.319659" lon="127.003565"/><trkpt lat="37.319819" lon="127.003546"/><trkpt lat="37.320108" lon="127.003714"/><trkpt lat="37.320342" lon="127.003786"/><trkpt lat="37.320606" lon="127.003819"/><trkpt lat="37.320781" lon="127.0039"/><trkpt lat="37.321009" lon="127.003677"/><trkpt lat="37.321201" lon="127.003587"/><trkpt lat="37.321347" lon="127.003514"/><trkpt lat="37.321554" lon="127.003431"/><trkpt lat="37.321649" lon="127.00331"/><trkpt lat="37.32183" lon="127.003236"/><trkpt lat="37.322227" lon="127.003253"/><trkpt lat="37.322483" lon="127.003305"/><trkpt lat="37.322788" lon="127.003259"/><trkpt lat="37.322916" lon="127.003276"/><trkpt lat="37.323208" lon="127.003329"/><trkpt lat="37.323427" lon="127.003277"/><trkpt lat="37.323582" lon="127.003277"/><trkpt lat="37.32374" lon="127.003433"/><trkpt lat="37.323942" lon="127.003512"/><trkpt lat="37.324229" lon="127.003565"/><trkpt lat="37.324639" lon="127.003404"/><trkpt lat="37.324764" lon="127.003398"/><trkpt lat="37.325019" lon="127.003688"/><trkpt lat="37.325183" lon="127.003871"/><trkpt lat="37.325272" lon="127.004116"/><trkpt lat="37.325399" lon="127.004327"/></trkseg>
<trkseg><trkpt lat="37.317006" lon="127.035302"/><trkpt lat="37.31678" lon="127.035743"/><trkpt lat="37.316351" lon="127.03611"/><trkpt lat="37.315972" lon="127.036459"/><trkpt lat="37.315428" lon="127.036475"/><trkpt lat="37.315382" lon="127.036515"/></trkseg>
<trkseg><trkpt lat="37.325399" lon="127.004327"/><trkpt lat="37.325569" lon="127.004082"/><trkpt lat="37.325701" lon="127.0039"/><trkpt lat="37.325865" lon="127.003607"/><trkpt lat="37.325921" lon="127.003501"/><trkpt lat="37.326174" lon="127.003219"/><trkpt lat="37.32631" lon="127.003007"/><trkpt lat="37.32639" lon="127.002684"/><trkpt lat="37.326558" lon="127.002425"/><trkpt lat="37.326859" lon="127.002365"/><trkpt lat="37.327277" lon="127.002555"/><trkpt lat="37.327474" lon="127.002645"/><trkpt lat="37.327643" lon="127.002693"/><trkpt lat="37.327793" lon="127.002651"/><trkpt lat="37.327971" lon="127.002621"/><trkpt lat="37.328139" lon="127.002674"/><trkpt lat="37.328264" lon="127.002719"/><trkpt lat="37.328413" lon="127.002702"/><trkpt lat="37.328553" lon="127.002697"/><trkpt lat="37.328795" lon="127.002712"/><trkpt lat="37.329048" lon="127.002828"/><trkpt lat="37.329451" lon="127.003175"/><trkpt lat="37.329724" lon="127.003509"/><trkpt lat="37.330101" lon="127.004122"/><trkpt lat="37.330237" lon="127.004337"/><trkpt lat="37.33042" lon="127.004555"/><trkpt lat="37.33065" lon="127.004747"/><trkpt lat="37.330781" lon="127.005018"/><trkpt lat="37.331072" lon="127.00536"/><trkpt lat="37.331358" lon="127.005603"/><trkpt lat="37.331621" lon="127.005696"/><trkpt lat="37.331875" lon="127.006081"/><trkpt lat="37.332116" lon="127.006379"/><trkpt lat="37.332292" lon="127.006469"/><trkpt lat="37.332574" lon="127.006367"/><trkpt lat="37.332716" lon="127.006365"/><trkpt lat="37.333075" lon="127.006397"/><trkpt lat="37.33346" lon="127.006533"/><trkpt lat="37.333831" lon="127.006686"/><trkpt lat="37.334385" lon="127.006991"/><trkpt lat="37.334854" lon="127.007046"/><trkpt lat="37.335257" lon="127.006921"/><trkpt lat="37.335544" lon="127.006857"/><trkpt lat="37.335701" lon="127.006868"/><trkpt lat="37.33584" lon="127.006739"/><trkpt lat="37.33613" lon="127.006633"/><trkpt lat="37.336445" lon="127.006603"/><trkpt lat="37.33666" lon="127.00652"/><trkpt lat="37.336882" lon="127.006434"/><trkpt lat="37.337058" lon="127.006237"/><trkpt lat="37.33714" lon="127.006171"/><trkpt lat="37.33743" lon="127.006212"/><trkpt lat="37.337622" lon="127.00628"/><trkpt lat="37.337833" lon="127.006227"/><trkpt lat="37.337982" lon="127.006096"/></trkseg>
<trkseg><trkpt lat="37.334578" lon="127.01798"/><trkpt lat="37.335018" lon="127.018455"/><trkpt lat="37.335179" lon="127.018635"/></trkseg>
<trkseg><trkpt lat="37.335179" lon="127.018635"/><trkpt lat="37.335559" lon="127.019117"/><trkpt lat="37.336076" lon="127.019369"/><trkpt lat="37.336545" lon="127.019701"/><trkpt lat="37.336631" lon="127.02012"/><trkpt lat="37.336836" lon="127.020787"/><trkpt lat="37.337216" lon="127.02117"/></trkseg>
<trkseg><trkpt lat="37.337216" lon="127.02117"/><trkpt lat="37.337004" lon="127.021799"/><trkpt lat="37.336682" lon="127.022023"/><trkpt lat="37.336611" lon="127.022488"/><trkpt lat="37.336747" lon="127.023017"/><trkpt lat="37.33646" lon="127.023465"/><trkpt lat="37.336181" lon="127.024065"/><trkpt lat="37.336174" lon="127.024924"/><trkpt lat="37.33641" lon="127.025659"/><trkpt lat="37.336767" lon="127.026053"/><trkpt lat="37.33696" lon="127.026421"/><trkpt lat="37.336746" lon="127.026788"/><trkpt lat="37.336367" lon="127.026707"/><trkpt lat="37.336073" lon="127.026698"/><trkpt lat="37.33583" lon="127.026331"/><trkpt lat="37.335609" lon="127.026089"/><trkpt lat="37.335115" lon="127.02599"/><trkpt lat="37.334922" lon="127.025605"/><trkpt lat="37.334786" lon="127.025067"/><trkpt lat="37.334658" lon="127.024449"/><trkpt lat="37.334486" lon="127.023974"/><trkpt lat="37.334208" lon="127.023213"/><trkpt lat="37.334293" lon="127.022595"/><trkpt lat="37.33453" lon="127.022183"/><trkpt lat="37.334594" lon="127.021682"/><trkpt lat="37.334751" lon="127.021162"/><trkpt lat="37.334587" lon="127.020428"/><trkpt lat="37.334566" lon="127.019936"/><trkpt lat="37.334666" lon="127.019405"/><trkpt lat="37.334587" lon="127.018997"/><trkpt lat="37.33473" lon="127.018529"/><trkpt lat="37.335179" lon="127.018635"/></trkseg>
<trkseg><trkpt lat="37.337216" lon="127.02117"/><trkpt lat="37.337778" lon="127.021372"/><trkpt lat="37.337945" lon="127.021339"/></trkseg>
<trkseg><trkpt lat="37.337991" lon="127.021414"/><trkpt lat="37.337945" lon="127.021339"/></trkseg>
<trkseg><trkpt lat="37.338834" lon="127.008828"/><trkpt lat="37.33856" lon="127.009408"/><trkpt lat="37.338411" lon="127.009558"/><trkpt lat="37.3383" lon="127.009724"/><trkpt lat="37.338189" lon="127.009981"/><trkpt lat="37.337994" lon="127.01023"/><trkpt lat="37.337796" lon="127.010314"/><trkpt lat="37.337542" lon="127.010585"/><trkpt lat="37.337372" lon="127.010714"/><trkpt lat="37.337211" lon="127.010689"/><trkpt lat="37.336974" lon="127.010609"/><trkpt lat="37.336823" lon="127.01067"/><trkpt lat="37.336648" lon="127.01084"/><trkpt lat="37.336182" lon="127.011025"/><trkpt lat="37.335833" lon="127.011107"/><trkpt lat="37.335551" lon="127.011202"/><trkpt lat="37.335378" lon="127.011324"/><trkpt lat="37.335221" lon="127.011581"/><trkpt lat="37.334959" lon="127.011813"/><trkpt lat="37.334727" lon="127.012037"/><trkpt lat="37.334512" lon="127.012383"/><trkpt lat="37.334246" lon="127.01275"/><trkpt lat="37.334084" lon="127.012868"/><trkpt lat="37.333965" lon="127.012876"/><trkpt lat="37.333891" lon="127.012654"/><trkpt lat="37.333629" lon="127.012226"/><trkpt lat="37.333405" lon="127.012238"/><trkpt lat="37.333069" lon="127.012459"/><trkpt lat="37.332789" lon="127.01272"/><trkpt lat="37.332524" lon="127.013009"/><trkpt lat="37.332407" lon="127.013072"/><trkpt lat="37.332107" lon="127.01306"/><trkpt lat="37.331866" lon="127.013131"/><trkpt lat="37.331714" lon="127.013192"/><trkpt lat="37.331559" lon="127.013176"/><trkpt lat="37.331095" lon="127.013182"/><trkpt lat="37.330892" lon="127.013221"/><trkpt lat="37.330669" lon="127.013297"/><trkpt lat="37.330501" lon="127.01349"/><trkpt lat="37.330267" lon="127.013605"/><trkpt lat="37.330104" lon="127.013711"/><trkpt lat="37.329985" lon="127.013807"/><trkpt lat="37.329878" lon="127.013994"/><trkpt lat="37.329762" lon="127.014304"/><trkpt lat="37.329782" lon="127.014487"/></trkseg>
<trkseg><trkpt lat="37.341162" lon="127.015183"/><trkpt lat="37.340854" lon="127.015131"/><trkpt lat="37.340644" lon="127.015057"/><trkpt lat="37.340517" lon="127.014977"/><trkpt lat="37.340362" lon="127.014915"/><trkpt lat="37.340164" lon="127.014911"/><trkpt lat="37.339912" lon="127.015012"/><trkpt lat="37.339788" lon="127.015112"/><trkpt lat="37.33955" lon="127.015256"/><trkpt lat="37.339269" lon="127.015435"/><trkpt lat="37.338957" lon="127.015601"/><trkpt lat="37.338468" lon="127.01598"/><trkpt lat="37.338163" lon="127.016217"/><trkpt lat="37.337867" lon="127.016237"/><trkpt lat="37.337486" lon="127.016371"/><trkpt lat="37.337128" lon="127.016478"/><trkpt lat="37.336696" lon="127.016565"/><trkpt lat="37.336401" lon="127.016684"/><trkpt lat="37.336094" lon="127.016684"/><trkpt lat="37.335627" lon="127.016657"/><trkpt lat="37.335041" lon="127.016864"/><trkpt lat="37.334772" lon="127.017233"/><trkpt lat="37.334592" lon="127.017391"/></trkseg>
<trkseg><trkpt lat="37.342868" lon="127.011031"/><trkpt lat="37.34283" lon="127.011333"/><trkpt lat="37.342555" lon="127.011663"/><trkpt lat="37.342127" lon="127.012172"/><trkpt lat="37.341864" lon="127.012252"/><trkpt lat="37.341647" lon="127.012354"/><trkpt lat="37.341537" lon="127.012535"/><trkpt lat="37.341548" lon="127.012829"/><trkpt lat="37.341548" lon="127.013271"/><trkpt lat="37.341597" lon="127.013423"/><trkpt lat="37.341615" lon="127.013681"/><trkpt lat="37.341646" lon="127.013913"/><trkpt lat="37.341617" lon="127.014225"/><trkpt lat="37.341392" lon="127.014442"/><trkpt lat="37.341247" lon="127.014605"/><trkpt lat="37.341287" lon="127.01478"/><trkpt lat="37.341183" lon="127.015102"/><trkpt lat="37.341162" lon="127.015183"/></trkseg>
<trkseg><trkpt lat="37.347788" lon="127.013105"/><trkpt lat="37.347696" lon="127.013705"/><trkpt lat="37.347684" lon="127.013851"/><trkpt lat="37.347577" lon="127.014056"/><trkpt lat="37.347501" lon="127.014213"/><trkpt lat="37.347532" lon="127.014387"/><trkpt lat="37.347647" lon="127.014548"/><trkpt lat="37.347759" lon="127.01467"/><trkpt lat="37.348001" lon="127.01492"/><trkpt lat="37.348132" lon="127.015155"/><trkpt lat="37.348147" lon="127.015309"/><trkpt lat="37.34802" lon="127.015332"/><trkpt lat="37.347501" lon="127.015047"/><trkpt lat="37.347182" lon="127.014961"/><trkpt lat="37.346678" lon="127.014826"/><trkpt lat="37.346319" lon="127.014845"/><trkpt lat="37.346038" lon="127.014748"/><trkpt lat="37.345625" lon="127.014588"/><trkpt lat="37.34543" lon="127.014369"/><trkpt lat="37.345241" lon="127.014178"/><trkpt lat="37.344893" lon="127.014176"/><trkpt lat="37.344454" lon="127.014262"/><trkpt lat="37.344161" lon="127.014448"/><trkpt lat="37.343968" lon="127.014754"/><trkpt lat="37.343739" lon="127.01503"/><trkpt lat="37.343451" lon="127.015251"/><trkpt lat="37.343148" lon="127.015265"/><trkpt lat="37.342778" lon="127.015239"/><trkpt lat="37.342466" lon="127.015268"/><trkpt lat="37.342085" lon="127.015211"/><trkpt lat="37.341876" lon="127.015119"/><trkpt lat="37.341753" lon="127.015003"/><trkpt lat="37.341348" lon="127.015125"/><trkpt lat="37.341162" lon="127.015183"/></trkseg>
<trkseg><trkpt lat="37.317558" lon="127.041"/><trkpt lat="37.317108" lon="127.041107"/><trkpt lat="37.316743" lon="127.041044"/><trkpt lat="37.316421" lon="127.040838"/><trkpt lat="37.315978" lon="127.040865"/><trkpt lat="37.315549" lon="127.040667"/><trkpt lat="37.314962" lon="127.040703"/><trkpt lat="37.314497" lon="127.040828"/><trkpt lat="37.313918" lon="127.040675"/><trkpt lat="37.313439" lon="127.040165"/><trkpt lat="37.313039" lon="127.039815"/><trkpt lat="37.312631" lon="127.039591"/><trkpt lat="37.312452" lon="127.039439"/></trkseg>
<trkseg><trkpt lat="37.319156" lon="127.051505"/><trkpt lat="37.319507" lon="127.051854"/><trkpt lat="37.319864" lon="127.05224"/><trkpt lat="37.320021" lon="127.052481"/><trkpt lat="37.320443" lon="127.052652"/><trkpt lat="37.320836" lon="127.052688"/><trkpt lat="37.321122" lon="127.052849"/><trkpt lat="37.321394" lon="127.053091"/></trkseg>
<trkseg><trkpt lat="37.319502" lon="127.045765"/><trkpt lat="37.319329" lon="127.04605"/><trkpt lat="37.31934" lon="127.046455"/><trkpt lat="37.31962" lon="127.047069"/><trkpt lat="37.319773" lon="127.047511"/><trkpt lat="37.319866" lon="127.047843"/><trkpt lat="37.320102" lon="127.048255"/></trkseg>
<trkseg><trkpt lat="37.319502" lon="127.045765"/><trkpt lat="37.319856" lon="127.046341"/><trkpt lat="37.320138" lon="127.046625"/><trkpt lat="37.320438" lon="127.046652"/><trkpt lat="37.320639" lon="127.04684"/><trkpt lat="37.320689" lon="127.047163"/><trkpt lat="37.321076" lon="127.046695"/><trkpt lat="37.321576" lon="127.04633"/><trkpt lat="37.321933" lon="127.046187"/><trkpt lat="37.321976" lon="127.046483"/><trkpt lat="37.322155" lon="127.046886"/><trkpt lat="37.322598" lon="127.047101"/><trkpt lat="37.322827" lon="127.047298"/><trkpt lat="37.323299" lon="127.047728"/><trkpt lat="37.323613" lon="127.047931"/><trkpt lat="37.323856" lon="127.048302"/><trkpt lat="37.323935" lon="127.048902"/><trkpt lat="37.323906" lon="127.049027"/></trkseg>
<trkseg><trkpt lat="37.320018" lon="127.042165"/><trkpt lat="37.319582" lon="127.04281"/><trkpt lat="37.319417" lon="127.043445"/><trkpt lat="37.319448" lon="127.043951"/><trkpt lat="37.319417" lon="127.044359"/><trkpt lat="37.31923" lon="127.044762"/><trkpt lat="37.319302" lon="127.045174"/><trkpt lat="37.319502" lon="127.045765"/></trkseg>
<trkseg><trkpt lat="37.320018" lon="127.042165"/><trkpt lat="37.320161" lon="127.042649"/><trkpt lat="37.320311" lon="127.042962"/></trkseg>
<trkseg><trkpt lat="37.320311" lon="127.042962"/><trkpt lat="37.320218" lon="127.043768"/><trkpt lat="37.320132" lon="127.043956"/><trkpt lat="37.319982" lon="127.04384"/><trkpt lat="37.319989" lon="127.044117"/><trkpt lat="37.319896" lon="127.044493"/><trkpt lat="37.319874" lon="127.045228"/><trkpt lat="37.319988" lon="127.045667"/><trkpt lat="37.319859" lon="127.045881"/><trkpt lat="37.319502" lon="127.045765"/></trkseg>
<trkseg><trkpt lat="37.320311" lon="127.042962"/><trkpt lat="37.32064" lon="127.043052"/><trkpt lat="37.320991" lon="127.043025"/><trkpt lat="37.321373" lon="127.042965"/></trkseg>
<trkseg><trkpt lat="37.320698" lon="127.042219"/><trkpt lat="37.320018" lon="127.042165"/></trkseg>
<trkseg><trkpt lat="37.320698" lon="127.042219"/><trkpt lat="37.32039" lon="127.042855"/><trkpt lat="37.320311" lon="127.042962"/></trkseg>
<trkseg><trkpt lat="37.321487" lon="127.039763"/><trkpt lat="37.321335" lon="127.040608"/><trkpt lat="37.321156" lon="127.041154"/><trkpt lat="37.32107" lon="127.041781"/><trkpt lat="37.320819" lon="127.042103"/><trkpt lat="37.320698" lon="127.042219"/></trkseg>
<trkseg><trkpt lat="37.321373" lon="127.042965"/><trkpt lat="37.320841" lon="127.042372"/><trkpt lat="37.320698" lon="127.042219"/></trkseg>
<trkseg><trkpt lat="37.321373" lon="127.042965"/><trkpt lat="37.322013" lon="127.042945"/><trkpt lat="37.322686" lon="127.042883"/></trkseg>
<trkseg><trkpt lat="37.321394" lon="127.053091"/><trkpt lat="37.321186" lon="127.053548"/><trkpt lat="37.321297" lon="127.053967"/><trkpt lat="37.321628" lon="127.054353"/><trkpt lat="37.321999" lon="127.05461"/><trkpt lat="37.322416" lon="127.054713"/></trkseg>
<trkseg><trkpt lat="37.32173" lon="127.052545"/><trkpt lat="37.321394" lon="127.053091"/></trkseg>
<trkseg><trkpt lat="37.32173" lon="127.052545"/><trkpt lat="37.321887" lon="127.053342"/><trkpt lat="37.32201" lon="127.053775"/><trkpt lat="37.322288" lon="127.054301"/><trkpt lat="37.322416" lon="127.054713"/></trkseg>
<trkseg><trkpt lat="37.321744" lon="127.084914"/><trkpt lat="37.322048" lon="127.08494"/><trkpt lat="37.322335" lon="127.084636"/><trkpt lat="37.322671" lon="127.084278"/></trkseg>
<trkseg><trkpt lat="37.322416" lon="127.054713"/><trkpt lat="37.322614" lon="127.054971"/><trkpt lat="37.323196" lon="127.055389"/><trkpt lat="37.323853" lon="127.055645"/></trkseg>
<trkseg><trkpt lat="37.322603" lon="127.083395"/><trkpt lat="37.322671" lon="127.084278"/></trkseg>
<trkseg><trkpt lat="37.322686" lon="127.042883"/><trkpt lat="37.323187" lon="127.04262"/><trkpt lat="37.32361" lon="127.042441"/><trkpt lat="37.32401" lon="127.042253"/><trkpt lat="37.324461" lon="127.042343"/><trkpt lat="37.324768" lon="127.042495"/></trkseg>
<trkseg><trkpt lat="37.322671" lon="127.084278"/><trkpt lat="37.322706" lon="127.084887"/><trkpt lat="37.322563" lon="127.085299"/><trkpt lat="37.322361" lon="127.085635"/><trkpt lat="37.322327" lon="127.085675"/></trkseg>
<trkseg><trkpt lat="37.322671" lon="127.084278"/><trkpt lat="37.322993" lon="127.084001"/><trkpt lat="37.323212" lon="127.083827"/></trkseg>
<trkseg><trkpt lat="37.322906" lon="127.085237"/><trkpt lat="37.323149" lon="127.085721"/><trkpt lat="37.323442" lon="127.085838"/><trkpt lat="37.32365" lon="127.085596"/><trkpt lat="37.323965" lon="127.085561"/></trkseg>
<trkseg><trkpt lat="37.323087" lon="127.044259"/><trkpt lat="37.322922" lon="127.044044"/><trkpt lat="37.322737" lon="127.043372"/><trkpt lat="37.322686" lon="127.042883"/></trkseg>
<trkseg><trkpt lat="37.323906" lon="127.049027"/><trkpt lat="37.323284" lon="127.049466"/><trkpt lat="37.322976" lon="127.049618"/><trkpt lat="37.322654" lon="127.049868"/><trkpt lat="37.322339" lon="127.050791"/><trkpt lat="37.321945" lon="127.051704"/><trkpt lat="37.32173" lon="127.052545"/></trkseg>
<trkseg><trkpt lat="37.323965" lon="127.085561"/><trkpt lat="37.323971" lon="127.085937"/></trkseg>
<trkseg><trkpt lat="37.323971" lon="127.085937"/><trkpt lat="37.324107" lon="127.086017"/></trkseg>
<trkseg><trkpt lat="37.323976" lon="127.083997"/><trkpt lat="37.324087" lon="127.084531"/><trkpt lat="37.324337" lon="127.084558"/><trkpt lat="37.324294" lon="127.084925"/><trkpt lat="37.323965" lon="127.085561"/></trkseg>
<trkseg><trkpt lat="37.324107" lon="127.086017"/><trkpt lat="37.323807" lon="127.086304"/><trkpt lat="37.323475" lon="127.086583"/><trkpt lat="37.323174" lon="127.086648"/><trkpt lat="37.323048" lon="127.086428"/><trkpt lat="37.323378" lon="127.08616"/><trkpt lat="37.32365" lon="127.085874"/><trkpt lat="37.323871" lon="127.085937"/><trkpt lat="37.323971" lon="127.085937"/></trkseg>
<trkseg><trkpt lat="37.324107" lon="127.086017"/><trkpt lat="37.324565" lon="127.086"/><trkpt lat="37.324851" lon="127.085965"/><trkpt lat="37.324966" lon="127.085958"/><trkpt lat="37.325128" lon="127.085889"/><trkpt lat="37.325322" lon="127.08582"/></trkseg>
<trkseg><trkpt lat="37.324299" lon="127.052901"/><trkpt lat="37.32402" lon="127.052946"/><trkpt lat="37.32412" lon="127.053394"/><trkpt lat="37.324392" lon="127.053654"/></trkseg>
<trkseg><trkpt lat="37.324299" lon="127.052901"/><trkpt lat="37.324421" lon="127.052409"/><trkpt lat="37.324635" lon="127.052167"/><trkpt lat="37.324829" lon="127.052114"/></trkseg>
<trkseg><trkpt lat="37.324608" lon="127.048549"/><trkpt lat="37.323906" lon="127.049027"/></trkseg>
<trkseg><trkpt lat="37.324608" lon="127.048549"/><trkpt lat="37.324479" lon="127.049087"/><trkpt lat="37.324465" lon="127.049561"/><trkpt lat="37.324644" lon="127.050099"/><trkpt lat="37.324658" lon="127.050412"/></trkseg>
<trkseg><trkpt lat="37.324658" lon="127.050412"/><trkpt lat="37.324636" lon="127.05103"/><trkpt lat="37.324736" lon="127.051567"/><trkpt lat="37.324829" lon="127.052114"/></trkseg>
<trkseg><trkpt lat="37.324658" lon="127.050412"/><trkpt lat="37.324908" lon="127.050475"/><trkpt lat="37.325158" lon="127.050636"/><trkpt lat="37.325358" lon="127.051048"/><trkpt lat="37.325437" lon="127.051487"/><trkpt lat="37.325422" lon="127.052016"/><trkpt lat="37.325658" lon="127.052517"/><trkpt lat="37.325969" lon="127.052652"/><trkpt lat="37.326297" lon="127.052374"/><trkpt lat="37.326681" lon="127.051962"/><trkpt lat="37.326559" lon="127.051585"/><trkpt lat="37.326739" lon="127.051094"/><trkpt lat="37.32719" lon="127.050333"/><trkpt lat="37.327411" lon="127.050091"/><trkpt lat="37.327798" lon="127.049922"/><trkpt lat="37.327897" lon="127.049799"/></trkseg>
<trkseg><trkpt lat="37.324689" lon="127.044277"/><trkpt lat="37.324341" lon="127.045108"/><trkpt lat="37.324131" lon="127.04511"/><trkpt lat="37.323866" lon="127.045146"/><trkpt lat="37.323415" lon="127.04511"/></trkseg>
<trkseg><trkpt lat="37.324768" lon="127.042495"/><trkpt lat="37.325176" lon="127.042406"/><trkpt lat="37.325469" lon="127.042603"/></trkseg>
<trkseg><trkpt lat="37.324829" lon="127.052114"/><trkpt lat="37.324871" lon="127.052893"/><trkpt lat="37.324735" lon="127.053126"/><trkpt lat="37.324385" lon="127.052946"/><trkpt lat="37.324299" lon="127.052901"/></trkseg>
<trkseg><trkpt lat="37.324867" lon="127.087542"/><trkpt lat="37.325179" lon="127.087684"/><trkpt lat="37.325082" lon="127.088051"/><trkpt lat="37.324949" lon="127.088374"/><trkpt lat="37.324736" lon="127.088435"/><trkpt lat="37.32472" lon="127.088376"/></trkseg>
<trkseg><trkpt lat="37.325124" lon="127.056124"/><trkpt lat="37.325434" lon="127.056272"/></trkseg>
<trkseg><trkpt lat="37.325152" lon="127.083802"/><trkpt lat="37.325303" lon="127.084496"/><trkpt lat="37.325436" lon="127.084764"/></trkseg>
<trkseg><trkpt lat="37.325395" lon="127.059371"/><trkpt lat="37.325501" lon="127.059381"/></trkseg>
<trkseg><trkpt lat="37.325395" lon="127.059371"/><trkpt lat="37.325605" lon="127.058969"/><trkpt lat="37.325695" lon="127.058542"/><trkpt lat="37.325167" lon="127.05827"/><trkpt lat="37.324876" lon="127.058034"/><trkpt lat="37.3241" lon="127.057575"/><trkpt lat="37.324154" lon="127.057058"/><trkpt lat="37.324358" lon="127.056671"/><trkpt lat="37.325359" lon="127.056429"/><trkpt lat="37.325845" lon="127.056555"/><trkpt lat="37.325879" lon="127.056419"/></trkseg>
<trkseg><trkpt lat="37.3254" lon="127.037815"/><trkpt lat="37.325957" lon="127.037776"/><trkpt lat="37.326322" lon="127.037857"/><trkpt lat="37.326636" lon="127.037893"/><trkpt lat="37.326958" lon="127.037956"/><trkpt lat="37.327223" lon="127.038467"/><trkpt lat="37.327401" lon="127.038682"/></trkseg>
<trkseg><trkpt lat="37.325434" lon="127.056272"/><trkpt lat="37.325761" lon="127.056387"/><trkpt lat="37.325879" lon="127.056419"/></trkseg>
<trkseg><trkpt lat="37.325469" lon="127.042603"/><trkpt lat="37.325118" lon="127.043221"/><trkpt lat="37.324739" lon="127.044045"/><trkpt lat="37.324689" lon="127.044277"/></trkseg>
<trkseg><trkpt lat="37.325469" lon="127.042603"/><trkpt lat="37.325569" lon="127.042594"/></trkseg>
<trkseg><trkpt lat="37.325501" lon="127.059381"/><trkpt lat="37.325735" lon="127.059683"/></trkseg>
<trkseg><trkpt lat="37.325501" lon="127.059381"/><trkpt lat="37.325745" lon="127.059371"/><trkpt lat="37.325875" lon="127.059358"/></trkseg>
<trkseg><trkpt lat="37.32556" lon="127.055757"/><trkpt lat="37.325434" lon="127.056272"/></trkseg>
<trkseg><trkpt lat="37.325569" lon="127.042594"/><trkpt lat="37.326091" lon="127.041896"/><trkpt lat="37.326535" lon="127.041484"/><trkpt lat="37.326986" lon="127.041037"/></trkseg>
<trkseg><trkpt lat="37.325569" lon="127.060832"/><trkpt lat="37.325534" lon="127.060271"/><trkpt lat="37.325482" lon="127.059885"/><trkpt lat="37.325395" lon="127.059371"/></trkseg>
<trkseg><trkpt lat="37.325869" lon="127.042783"/><trkpt lat="37.325569" lon="127.042594"/></trkseg>
<trkseg><trkpt lat="37.325869" lon="127.042783"/><trkpt lat="37.325662" lon="127.043338"/><trkpt lat="37.324989" lon="127.044116"/><trkpt lat="37.324689" lon="127.044277"/></trkseg>
<trkseg><trkpt lat="37.325879" lon="127.056419"/><trkpt lat="37.326382" lon="127.056409"/><trkpt lat="37.327008" lon="127.056815"/><trkpt lat="37.327359" lon="127.057083"/><trkpt lat="37.327798" lon="127.056893"/><trkpt lat="37.328234" lon="127.056914"/><trkpt lat="37.328779" lon="127.05702"/><trkpt lat="37.329333" lon="127.056757"/><trkpt lat="37.32945" lon="127.056117"/><trkpt lat="37.329103" lon="127.055625"/><trkpt lat="37.328898" lon="127.055025"/><trkpt lat="37.328797" lon="127.054069"/><trkpt lat="37.328907" lon="127.05346"/><trkpt lat="37.328647" lon="127.05282"/><trkpt lat="37.328714" lon="127.052263"/><trkpt lat="37.328606" lon="127.05156"/><trkpt lat="37.32817" lon="127.050835"/><trkpt lat="37.327971" lon="127.050129"/><trkpt lat="37.327897" lon="127.049799"/></trkseg>
<trkseg><trkpt lat="37.326221" lon="127.039478"/><trkpt lat="37.325928" lon="127.039621"/><trkpt lat="37.325734" lon="127.040033"/><trkpt lat="37.325656" lon="127.040508"/><trkpt lat="37.325462" lon="127.040812"/><trkpt lat="37.325118" lon="127.041175"/><trkpt lat="37.324919" lon="127.041627"/><trkpt lat="37.324775" lon="127.042066"/><trkpt lat="37.324768" lon="127.042495"/></trkseg>
<trkseg><trkpt lat="37.326221" lon="127.039478"/><trkpt lat="37.32655" lon="127.039908"/><trkpt lat="37.326728" lon="127.04058"/><trkpt lat="37.326764" lon="127.040714"/></trkseg>
<trkseg><trkpt lat="37.326365" lon="127.08601"/><trkpt lat="37.326406" lon="127.085548"/><trkpt lat="37.326725" lon="127.085461"/><trkpt lat="37.326954" lon="127.085188"/><trkpt lat="37.327291" lon="127.084778"/><trkpt lat="37.327436" lon="127.084619"/></trkseg>
<trkseg><trkpt lat="37.326581" lon="127.08154"/><trkpt lat="37.326914" lon="127.081713"/><trkpt lat="37.327193" lon="127.081516"/><trkpt lat="37.327672" lon="127.081373"/><trkpt lat="37.32773" lon="127.081362"/></trkseg>
<trkseg><trkpt lat="37.326764" lon="127.040714"/><trkpt lat="37.326986" lon="127.041037"/></trkseg>
<trkseg><trkpt lat="37.326986" lon="127.041037"/><trkpt lat="37.3271" lon="127.041503"/><trkpt lat="37.327127" lon="127.041621"/></trkseg>
<trkseg><trkpt lat="37.327127" lon="127.041621"/><trkpt lat="37.326478" lon="127.041977"/><trkpt lat="37.326027" lon="127.042693"/><trkpt lat="37.325869" lon="127.042783"/></trkseg>
<trkseg><trkpt lat="37.327127" lon="127.041621"/><trkpt lat="37.327515" lon="127.041816"/><trkpt lat="37.327643" lon="127.042748"/><trkpt lat="37.3278" lon="127.043214"/><trkpt lat="37.327864" lon="127.043697"/><trkpt lat="37.32791" lon="127.044388"/><trkpt lat="37.328183" lon="127.044534"/></trkseg>
<trkseg><trkpt lat="37.327401" lon="127.038682"/><trkpt lat="37.327315" lon="127.03938"/><trkpt lat="37.327093" lon="127.039891"/><trkpt lat="37.326836" lon="127.040571"/><trkpt lat="37.326764" lon="127.040714"/></trkseg>
<trkseg><trkpt lat="37.327436" lon="127.084619"/><trkpt lat="37.328028" lon="127.084499"/><trkpt lat="37.328307" lon="127.084392"/><trkpt lat="37.328693" lon="127.083891"/><trkpt lat="37.329351" lon="127.082792"/><trkpt lat="37.329695" lon="127.082489"/><trkpt lat="37.330024" lon="127.082585"/><trkpt lat="37.330282" lon="127.082478"/><trkpt lat="37.330625" lon="127.082268"/><trkpt lat="37.330769" lon="127.081995"/></trkseg>
<trkseg><trkpt lat="37.327575" lon="127.084291"/><trkpt lat="37.328235" lon="127.084034"/><trkpt lat="37.328751" lon="127.083443"/><trkpt lat="37.329087" lon="127.082763"/><trkpt lat="37.329259" lon="127.082477"/></trkseg>
<trkseg><trkpt lat="37.327634" lon="127.07996"/><trkpt lat="37.328174" lon="127.079753"/><trkpt lat="37.328682" lon="127.079332"/><trkpt lat="37.329018" lon="127.079261"/><trkpt lat="37.329233" lon="127.07876"/><trkpt lat="37.329484" lon="127.078608"/></trkseg>
<trkseg><trkpt lat="37.327781" lon="127.046052"/><trkpt lat="37.327363" lon="127.04633"/><trkpt lat="37.326841" lon="127.046554"/><trkpt lat="37.326519" lon="127.046938"/><trkpt lat="37.326132" lon="127.047126"/><trkpt lat="37.325403" lon="127.047386"/><trkpt lat="37.324816" lon="127.048066"/><trkpt lat="37.324608" lon="127.048549"/></trkseg>
<trkseg><trkpt lat="37.327781" lon="127.046052"/><trkpt lat="37.327929" lon="127.045768"/><trkpt lat="37.328152" lon="127.045358"/><trkpt lat="37.328163" lon="127.045039"/><trkpt lat="37.328183" lon="127.044534"/></trkseg>
<trkseg><trkpt lat="37.327897" lon="127.049799"/><trkpt lat="37.327992" lon="127.049388"/><trkpt lat="37.327978" lon="127.048949"/><trkpt lat="37.327814" lon="127.048636"/><trkpt lat="37.327628" lon="127.048313"/><trkpt lat="37.327471" lon="127.047973"/><trkpt lat="37.327521" lon="127.047633"/><trkpt lat="37.327578" lon="127.047418"/><trkpt lat="37.327721" lon="127.047122"/><trkpt lat="37.327771" lon="127.046898"/><trkpt lat="37.32782" lon="127.04656"/><trkpt lat="37.327781" lon="127.046052"/></trkseg>
<trkseg><trkpt lat="37.327897" lon="127.049799"/><trkpt lat="37.328734" lon="127.05012"/><trkpt lat="37.329353" lon="127.050198"/><trkpt lat="37.329838" lon="127.049901"/><trkpt lat="37.330437" lon="127.049855"/><trkpt lat="37.330703" lon="127.049736"/><trkpt lat="37.330907" lon="127.049323"/><trkpt lat="37.331059" lon="127.049304"/><trkpt lat="37.331194" lon="127.049351"/><trkpt lat="37.331326" lon="127.049402"/><trkpt lat="37.331459" lon="127.04948"/><trkpt lat="37.331579" lon="127.049561"/><trkpt lat="37.331695" lon="127.049648"/><trkpt lat="37.331829" lon="127.049724"/><trkpt lat="37.331958" lon="127.049805"/><trkpt lat="37.332065" lon="127.04991"/><trkpt lat="37.33208" lon="127.050083"/><trkpt lat="37.332113" lon="127.050249"/><trkpt lat="37.332233" lon="127.050361"/><trkpt lat="37.332352" lon="127.050476"/><trkpt lat="37.332436" lon="127.050627"/><trkpt lat="37.332515" lon="127.050787"/><trkpt lat="37.332595" lon="127.050949"/><trkpt lat="37.33271" lon="127.051077"/><trkpt lat="37.332797" lon="127.051239"/><trkpt lat="37.332864" lon="127.05141"/><trkpt lat="37.332986" lon="127.051516"/><trkpt lat="37.333081" lon="127.051554"/></trkseg>
<trkseg><trkpt lat="37.32787" lon="127.082395"/><trkpt lat="37.328272" lon="127.082637"/><trkpt lat="37.32863" lon="127.08285"/><trkpt lat="37.328648" lon="127.082803"/><trkpt lat="37.328665" lon="127.082762"/><trkpt lat="37.3287" lon="127.082728"/><trkpt lat="37.32872" lon="127.082705"/><trkpt lat="37.328739" lon="127.082668"/><trkpt lat="37.328761" lon="127.082608"/><trkpt lat="37.328766" lon="127.082594"/></trkseg>
<trkseg><trkpt lat="37.328183" lon="127.044534"/><trkpt lat="37.328633" lon="127.044353"/><trkpt lat="37.328829" lon="127.044056"/><trkpt lat="37.329149" lon="127.043927"/><trkpt lat="37.329418" lon="127.043772"/><trkpt lat="37.329831" lon="127.043759"/><trkpt lat="37.330374" lon="127.043454"/><trkpt lat="37.330746" lon="127.043695"/><trkpt lat="37.331214" lon="127.044109"/><trkpt lat="37.33164" lon="127.044885"/><trkpt lat="37.331896" lon="127.045579"/><trkpt lat="37.332404" lon="127.04638"/><trkpt lat="37.332957" lon="127.047162"/><trkpt lat="37.332996" lon="127.047361"/><trkpt lat="37.332937" lon="127.047548"/><trkpt lat="37.332897" lon="127.047767"/><trkpt lat="37.332821" lon="127.047957"/><trkpt lat="37.332759" lon="127.048167"/><trkpt lat="37.332722" lon="127.048374"/><trkpt lat="37.332793" lon="127.048571"/><trkpt lat="37.332805" lon="127.048773"/><trkpt lat="37.332817" lon="127.048984"/><trkpt lat="37.332853" lon="127.049215"/><trkpt lat="37.332984" lon="127.049368"/><trkpt lat="37.33315" lon="127.049376"/><trkpt lat="37.333313" lon="127.049304"/><trkpt lat="37.333486" lon="127.049282"/><trkpt lat="37.33365" lon="127.049343"/><trkpt lat="37.333813" lon="127.049389"/><trkpt lat="37.333834" lon="127.049408"/></trkseg>
<trkseg><trkpt lat="37.328183" lon="127.044534"/><trkpt lat="37.328211" lon="127.044004"/><trkpt lat="37.328379" lon="127.043476"/><trkpt lat="37.328481" lon="127.043104"/><trkpt lat="37.328657" lon="127.042865"/><trkpt lat="37.328758" lon="127.042728"/><trkpt lat="37.328859" lon="127.042419"/><trkpt lat="37.328875" lon="127.042082"/><trkpt lat="37.328965" lon="127.04174"/><trkpt lat="37.329024" lon="127.041285"/></trkseg>
<trkseg><trkpt lat="37.328766" lon="127.082594"/><trkpt lat="37.32903" lon="127.082575"/><trkpt lat="37.329259" lon="127.082477"/></trkseg>
<trkseg><trkpt lat="37.329024" lon="127.041285"/><trkpt lat="37.328616" lon="127.041288"/><trkpt lat="37.328252" lon="127.041163"/><trkpt lat="37.327787" lon="127.041046"/><trkpt lat="37.327422" lon="127.041422"/><trkpt lat="37.327127" lon="127.041621"/></trkseg>
<trkseg><trkpt lat="37.329024" lon="127.041285"/><trkpt lat="37.32902" lon="127.041065"/><trkpt lat="37.328942" lon="127.040704"/><trkpt lat="37.328841" lon="127.040347"/><trkpt lat="37.328841" lon="127.040092"/><trkpt lat="37.328779" lon="127.039882"/><trkpt lat="37.328697" lon="127.039608"/><trkpt lat="37.328716" lon="127.039246"/><trkpt lat="37.328732" lon="127.038968"/><trkpt lat="37.328619" lon="127.038713"/><trkpt lat="37.328566" lon="127.038567"/><trkpt lat="37.32857" lon="127.038437"/><trkpt lat="37.328612" lon="127.038176"/><trkpt lat="37.328654" lon="127.037958"/><trkpt lat="37.328702" lon="127.037736"/><trkpt lat="37.328673" lon="127.037683"/></trkseg>
<trkseg><trkpt lat="37.329259" lon="127.082477"/><trkpt lat="37.329731" lon="127.082164"/></trkseg>
<trkseg><trkpt lat="37.329484" lon="127.078608"/><trkpt lat="37.329756" lon="127.07825"/><trkpt lat="37.329749" lon="127.077811"/><trkpt lat="37.329743" lon="127.077591"/><trkpt lat="37.329701" lon="127.077284"/><trkpt lat="37.329599" lon="127.077121"/></trkseg>
<trkseg><trkpt lat="37.329484" lon="127.078608"/><trkpt lat="37.329891" lon="127.078975"/><trkpt lat="37.330377" lon="127.07954"/><trkpt lat="37.330627" lon="127.079791"/></trkseg>
<trkseg><trkpt lat="37.329599" lon="127.077121"/><trkpt lat="37.329184" lon="127.076933"/><trkpt lat="37.32881" lon="127.076762"/><trkpt lat="37.328705" lon="127.07704"/></trkseg>
<trkseg><trkpt lat="37.329712" lon="127.084722"/><trkpt lat="37.329383" lon="127.085303"/><trkpt lat="37.32886" lon="127.086055"/><trkpt lat="37.328652" lon="127.087094"/><trkpt lat="37.328615" lon="127.087748"/><trkpt lat="37.328658" lon="127.088195"/><trkpt lat="37.3285" lon="127.088652"/><trkpt lat="37.32845" lon="127.088894"/></trkseg>
<trkseg><trkpt lat="37.329784" lon="127.08448"/><trkpt lat="37.329712" lon="127.084722"/></trkseg>
<trkseg><trkpt lat="37.329784" lon="127.08448"/><trkpt lat="37.330119" lon="127.08483"/><trkpt lat="37.330187" lon="127.085239"/><trkpt lat="37.329976" lon="127.085009"/><trkpt lat="37.329712" lon="127.084722"/></trkseg>
<trkseg><trkpt lat="37.329914" lon="127.071037"/><trkpt lat="37.329986" lon="127.071037"/></trkseg>
<trkseg><trkpt lat="37.329957" lon="127.071547"/><trkpt lat="37.330293" lon="127.071583"/><trkpt lat="37.330421" lon="127.071754"/></trkseg>
<trkseg><trkpt lat="37.329957" lon="127.071547"/><trkpt lat="37.329999" lon="127.071798"/><trkpt lat="37.330336" lon="127.071807"/><trkpt lat="37.330421" lon="127.071754"/></trkseg>
<trkseg><trkpt lat="37.329986" lon="127.071037"/><trkpt lat="37.32995" lon="127.071458"/><trkpt lat="37.329957" lon="127.071547"/></trkseg>
<trkseg><trkpt lat="37.329986" lon="127.071037"/><trkpt lat="37.330207" lon="127.071032"/><trkpt lat="37.330472" lon="127.071252"/></trkseg>
<trkseg><trkpt lat="37.330214" lon="127.076012"/><trkpt lat="37.329967" lon="127.076449"/><trkpt lat="37.32966" lon="127.077094"/><trkpt lat="37.329599" lon="127.077121"/></trkseg>
<trkseg><trkpt lat="37.330214" lon="127.076012"/><trkpt lat="37.330278" lon="127.076294"/><trkpt lat="37.330257" lon="127.076563"/><trkpt lat="37.330396" lon="127.076711"/></trkseg>
<trkseg><trkpt lat="37.330251" lon="127.069989"/><trkpt lat="37.330533" lon="127.070182"/><trkpt lat="37.330708" lon="127.070716"/><trkpt lat="37.330944" lon="127.070975"/><trkpt lat="37.331064" lon="127.071305"/></trkseg>
<trkseg><trkpt lat="37.330284" lon="127.080251"/><trkpt lat="37.330473" lon="127.080782"/><trkpt lat="37.330808" lon="127.081445"/></trkseg>
<trkseg><trkpt lat="37.330396" lon="127.076711"/><trkpt lat="37.330085" lon="127.07702"/><trkpt lat="37.330079" lon="127.077436"/><trkpt lat="37.330197" lon="127.077779"/><trkpt lat="37.330417" lon="127.078034"/><trkpt lat="37.330577" lon="127.078202"/><trkpt lat="37.330743" lon="127.07835"/><trkpt lat="37.330877" lon="127.078518"/><trkpt lat="37.331114" lon="127.078351"/><trkpt lat="37.331467" lon="127.0787"/><trkpt lat="37.331644" lon="127.078835"/><trkpt lat="37.331934" lon="127.078862"/></trkseg>
<trkseg><trkpt lat="37.330396" lon="127.076711"/><trkpt lat="37.330798" lon="127.077168"/><trkpt lat="37.331093" lon="127.077242"/><trkpt lat="37.331302" lon="127.077578"/><trkpt lat="37.331452" lon="127.077693"/><trkpt lat="37.331725" lon="127.077948"/><trkpt lat="37.332101" lon="127.078029"/></trkseg>
<trkseg><trkpt lat="37.330421" lon="127.071754"/><trkpt lat="37.330779" lon="127.071665"/></trkseg>
<trkseg><trkpt lat="37.330426" lon="127.075596"/><trkpt lat="37.330214" lon="127.076012"/></trkseg>
<trkseg><trkpt lat="37.330426" lon="127.075596"/><trkpt lat="37.33074" lon="127.075751"/></trkseg>
<trkseg><trkpt lat="37.330472" lon="127.071252"/><trkpt lat="37.330708" lon="127.07162"/><trkpt lat="37.330779" lon="127.071665"/></trkseg>
<trkseg><trkpt lat="37.330472" lon="127.071252"/><trkpt lat="37.330972" lon="127.071297"/><trkpt lat="37.331064" lon="127.071305"/></trkseg>
<trkseg><trkpt lat="37.33074" lon="127.075751"/><trkpt lat="37.330863" lon="127.076248"/><trkpt lat="37.331335" lon="127.076739"/><trkpt lat="37.331608" lon="127.077109"/><trkpt lat="37.331919" lon="127.077532"/><trkpt lat="37.332214" lon="127.077848"/></trkseg>
<trkseg><trkpt lat="37.33074" lon="127.075751"/><trkpt lat="37.33111" lon="127.076107"/><trkpt lat="37.331394" lon="127.07639"/><trkpt lat="37.331673" lon="127.076726"/><trkpt lat="37.331823" lon="127.076921"/><trkpt lat="37.332091" lon="127.077042"/><trkpt lat="37.332364" lon="127.07715"/></trkseg>
<trkseg><trkpt lat="37.330769" lon="127.081995"/><trkpt lat="37.330908" lon="127.082296"/></trkseg>
<trkseg><trkpt lat="37.330779" lon="127.071665"/><trkpt lat="37.331029" lon="127.071683"/></trkseg>
<trkseg><trkpt lat="37.330804" lon="127.080221"/><trkpt lat="37.330924" lon="127.080496"/><trkpt lat="37.331195" lon="127.080675"/></trkseg>
<trkseg><trkpt lat="37.330808" lon="127.081445"/><trkpt lat="37.330769" lon="127.081995"/></trkseg>
<trkseg><trkpt lat="37.330908" lon="127.082296"/><trkpt lat="37.330822" lon="127.082726"/><trkpt lat="37.330764" lon="127.083191"/><trkpt lat="37.330371" lon="127.083585"/><trkpt lat="37.330092" lon="127.083746"/><trkpt lat="37.329784" lon="127.08448"/></trkseg>
<trkseg><trkpt lat="37.330908" lon="127.082296"/><trkpt lat="37.331376" lon="127.082188"/><trkpt lat="37.331409" lon="127.082314"/></trkseg>
<trkseg><trkpt lat="37.331029" lon="127.071683"/><trkpt lat="37.33109" lon="127.07174"/></trkseg>
<trkseg><trkpt lat="37.331064" lon="127.071305"/><trkpt lat="37.331029" lon="127.071683"/></trkseg>
<trkseg><trkpt lat="37.33109" lon="127.07174"/><trkpt lat="37.331152" lon="127.072248"/><trkpt lat="37.331191" lon="127.072794"/><trkpt lat="37.331193" lon="127.073223"/></trkseg>
<trkseg><trkpt lat="37.33109" lon="127.07174"/><trkpt lat="37.331544" lon="127.072032"/><trkpt lat="37.331809" lon="127.072266"/><trkpt lat="37.332037" lon="127.072651"/><trkpt lat="37.33218" lon="127.073027"/></trkseg>
<trkseg><trkpt lat="37.3311" lon="127.068127"/><trkpt lat="37.33107" lon="127.068339"/><trkpt lat="37.330988" lon="127.068432"/><trkpt lat="37.330902" lon="127.068609"/><trkpt lat="37.330962" lon="127.068735"/><trkpt lat="37.331031" lon="127.068822"/><trkpt lat="37.331138" lon="127.068968"/><trkpt lat="37.331241" lon="127.069029"/><trkpt lat="37.331363" lon="127.069059"/><trkpt lat="37.3315" lon="127.069041"/><trkpt lat="37.331595" lon="127.069068"/><trkpt lat="37.331699" lon="127.069062"/><trkpt lat="37.331843" lon="127.06904"/><trkpt lat="37.331975" lon="127.069123"/><trkpt lat="37.332072" lon="127.069188"/><trkpt lat="37.332205" lon="127.069275"/><trkpt lat="37.332307" lon="127.069301"/><trkpt lat="37.332422" lon="127.069338"/><trkpt lat="37.332519" lon="127.069292"/><trkpt lat="37.332621" lon="127.069266"/><trkpt lat="37.332721" lon="127.069335"/><trkpt lat="37.332812" lon="127.069341"/><trkpt lat="37.332925" lon="127.069374"/><trkpt lat="37.333122" lon="127.069615"/><trkpt lat="37.3332" lon="127.069681"/><trkpt lat="37.333235" lon="127.06987"/><trkpt lat="37.333221" lon="127.069984"/><trkpt lat="37.333224" lon="127.070132"/><trkpt lat="37.333267" lon="127.070278"/><trkpt lat="37.333336" lon="127.070406"/><trkpt lat="37.333447" lon="127.07046"/><trkpt lat="37.333602" lon="127.07054"/><trkpt lat="37.333709" lon="127.070651"/><trkpt lat="37.333801" lon="127.070777"/><trkpt lat="37.333842" lon="127.07092"/><trkpt lat="37.3339" lon="127.071214"/><trkpt lat="37.333919" lon="127.071404"/><trkpt lat="37.333919" lon="127.071577"/><trkpt lat="37.333943" lon="127.071703"/><trkpt lat="37.334014" lon="127.071794"/><trkpt lat="37.334045" lon="127.071895"/><trkpt lat="37.334008" lon="127.07208"/><trkpt lat="37.333972" lon="127.072229"/><trkpt lat="37.333887" lon="127.072502"/><trkpt lat="37.333908" lon="127.072657"/><trkpt lat="37.333893" lon="127.072879"/><trkpt lat="37.333911" lon="127.072999"/><trkpt lat="37.333921" lon="127.073135"/><trkpt lat="37.333952" lon="127.073178"/></trkseg>
<trkseg><trkpt lat="37.331193" lon="127.073223"/><trkpt lat="37.331264" lon="127.073573"/><trkpt lat="37.331199" lon="127.073906"/><trkpt lat="37.331228" lon="127.073994"/></trkseg>
<trkseg><trkpt lat="37.331195" lon="127.080675"/><trkpt lat="37.331059" lon="127.081132"/><trkpt lat="37.33093" lon="127.0814"/><trkpt lat="37.330808" lon="127.081445"/></trkseg>
<trkseg><trkpt lat="37.331228" lon="127.073994"/><trkpt lat="37.331075" lon="127.074409"/><trkpt lat="37.330856" lon="127.074531"/><trkpt lat="37.330695" lon="127.074772"/><trkpt lat="37.330426" lon="127.075596"/></trkseg>
<trkseg><trkpt lat="37.331222" lon="127.080283"/><trkpt lat="37.331195" lon="127.080675"/></trkseg>
<trkseg><trkpt lat="37.331409" lon="127.082314"/><trkpt lat="37.331673" lon="127.082476"/><trkpt lat="37.332117" lon="127.082431"/><trkpt lat="37.332245" lon="127.082432"/></trkseg>
<trkseg><trkpt lat="37.331603" lon="127.080478"/><trkpt lat="37.331388" lon="127.080765"/><trkpt lat="37.331316" lon="127.081186"/><trkpt lat="37.33118" lon="127.081678"/><trkpt lat="37.330908" lon="127.082296"/></trkseg>
<trkseg><trkpt lat="37.331603" lon="127.080478"/><trkpt lat="37.331703" lon="127.081007"/><trkpt lat="37.331802" lon="127.081652"/><trkpt lat="37.331845" lon="127.082073"/><trkpt lat="37.33158" lon="127.082207"/><trkpt lat="37.331409" lon="127.082314"/></trkseg>
<trkseg><trkpt lat="37.331634" lon="127.080201"/><trkpt lat="37.331603" lon="127.080478"/></trkseg>
<trkseg><trkpt lat="37.331832" lon="127.080062"/><trkpt lat="37.331911" lon="127.080353"/></trkseg>
<trkseg><trkpt lat="37.331829" lon="127.074299"/><trkpt lat="37.331464" lon="127.074092"/><trkpt lat="37.331228" lon="127.073994"/></trkseg>
<trkseg><trkpt lat="37.331829" lon="127.074299"/><trkpt lat="37.332208" lon="127.074734"/><trkpt lat="37.332307" lon="127.075249"/><trkpt lat="37.332472" lon="127.075535"/><trkpt lat="37.332779" lon="127.075725"/><trkpt lat="37.332991" lon="127.076056"/><trkpt lat="37.332928" lon="127.076149"/><trkpt lat="37.332746" lon="127.076357"/><trkpt lat="37.332595" lon="127.076666"/><trkpt lat="37.332418" lon="127.077076"/><trkpt lat="37.332364" lon="127.07715"/></trkseg>
<trkseg><trkpt lat="37.331911" lon="127.080353"/><trkpt lat="37.331603" lon="127.080478"/></trkseg>
<trkseg><trkpt lat="37.331911" lon="127.080353"/><trkpt lat="37.332209" lon="127.080649"/><trkpt lat="37.332568" lon="127.08125"/><trkpt lat="37.332676" lon="127.081319"/></trkseg>
<trkseg><trkpt lat="37.331934" lon="127.078862"/><trkpt lat="37.332043" lon="127.079224"/></trkseg>
<trkseg><trkpt lat="37.332101" lon="127.078029"/><trkpt lat="37.331961" lon="127.078475"/><trkpt lat="37.331934" lon="127.078862"/></trkseg>
<trkseg><trkpt lat="37.33218" lon="127.073027"/><trkpt lat="37.331779" lon="127.072982"/><trkpt lat="37.331379" lon="127.073152"/><trkpt lat="37.331193" lon="127.073223"/></trkseg>
<trkseg><trkpt lat="37.33218" lon="127.073027"/><trkpt lat="37.332459" lon="127.073448"/><trkpt lat="37.332845" lon="127.073852"/><trkpt lat="37.333267" lon="127.074164"/></trkseg>
<trkseg><trkpt lat="37.332214" lon="127.077848"/><trkpt lat="37.332101" lon="127.078029"/></trkseg>
<trkseg><trkpt lat="37.332245" lon="127.082432"/><trkpt lat="37.332045" lon="127.083094"/><trkpt lat="37.331744" lon="127.083694"/><trkpt lat="37.331414" lon="127.084303"/><trkpt lat="37.331134" lon="127.084638"/><trkpt lat="37.331114" lon="127.084813"/></trkseg>
<trkseg><trkpt lat="37.332364" lon="127.07715"/><trkpt lat="37.332385" lon="127.077418"/><trkpt lat="37.332214" lon="127.077848"/></trkseg>
<trkseg><trkpt lat="37.332489" lon="127.082154"/><trkpt lat="37.332288" lon="127.082315"/><trkpt lat="37.332245" lon="127.082432"/></trkseg>
<trkseg><trkpt lat="37.332489" lon="127.082154"/><trkpt lat="37.332775" lon="127.082441"/><trkpt lat="37.332889" lon="127.08297"/><trkpt lat="37.332971" lon="127.083113"/></trkseg>
<trkseg><trkpt lat="37.332737" lon="127.089775"/><trkpt lat="37.332461" lon="127.090314"/><trkpt lat="37.332311" lon="127.090914"/><trkpt lat="37.332053" lon="127.091352"/><trkpt lat="37.331745" lon="127.091423"/><trkpt lat="37.331545" lon="127.09136"/><trkpt lat="37.331455" lon="127.091425"/></trkseg>
<trkseg><trkpt lat="37.332971" lon="127.083113"/><trkpt lat="37.333121" lon="127.083299"/></trkseg>
<trkseg><trkpt lat="37.333076" lon="127.086574"/><trkpt lat="37.333494" lon="127.08641"/><trkpt lat="37.333845" lon="127.08633"/><trkpt lat="37.334352" lon="127.086214"/><trkpt lat="37.33446" lon="127.086169"/></trkseg>
<trkseg><trkpt lat="37.333152" lon="127.083872"/><trkpt lat="37.332895" lon="127.084107"/><trkpt lat="37.33253" lon="127.08442"/><trkpt lat="37.332294" lon="127.084904"/><trkpt lat="37.331978" lon="127.08553"/><trkpt lat="37.331621" lon="127.085888"/><trkpt lat="37.331205" lon="127.086613"/><trkpt lat="37.331005" lon="127.087294"/><trkpt lat="37.330882" lon="127.088144"/><trkpt lat="37.330753" lon="127.088753"/><trkpt lat="37.330624" lon="127.089317"/><trkpt lat="37.330423" lon="127.089536"/><trkpt lat="37.330188" lon="127.08955"/><trkpt lat="37.329801" lon="127.08971"/></trkseg>
<trkseg><trkpt lat="37.333267" lon="127.074164"/><trkpt lat="37.33293" lon="127.074058"/><trkpt lat="37.332537" lon="127.074067"/><trkpt lat="37.332122" lon="127.074138"/><trkpt lat="37.331907" lon="127.07429"/><trkpt lat="37.331829" lon="127.074299"/></trkseg>
<trkseg><trkpt lat="37.333633" lon="127.074527"/><trkpt lat="37.333938" lon="127.074964"/><trkpt lat="37.333759" lon="127.075295"/><trkpt lat="37.333752" lon="127.075689"/><trkpt lat="37.333623" lon="127.076101"/><trkpt lat="37.333587" lon="127.076513"/><trkpt lat="37.333422" lon="127.076907"/><trkpt lat="37.333372" lon="127.077507"/><trkpt lat="37.33335" lon="127.077972"/><trkpt lat="37.333171" lon="127.078375"/><trkpt lat="37.333163" lon="127.078886"/><trkpt lat="37.333227" lon="127.079235"/><trkpt lat="37.333134" lon="127.079952"/><trkpt lat="37.332876" lon="127.080668"/><trkpt lat="37.332682" lon="127.081304"/><trkpt lat="37.332676" lon="127.081319"/></trkseg>
<trkseg><trkpt lat="37.3333" lon="127.082335"/><trkpt lat="37.333103" lon="127.082639"/><trkpt lat="37.333039" lon="127.082871"/><trkpt lat="37.332971" lon="127.083113"/></trkseg>
<trkseg><trkpt lat="37.333567" lon="127.085277"/><trkpt lat="37.333995" lon="127.085613"/><trkpt lat="37.334281" lon="127.085954"/><trkpt lat="37.33446" lon="127.086169"/></trkseg>
<trkseg><trkpt lat="37.33446" lon="127.086169"/><trkpt lat="37.334681" lon="127.086151"/><trkpt lat="37.334953" lon="127.086017"/><trkpt lat="37.335039" lon="127.085982"/></trkseg>
<trkseg><trkpt lat="37.335521" lon="127.039878"/><trkpt lat="37.335378" lon="127.039578"/><trkpt lat="37.335252" lon="127.03906"/><trkpt lat="37.335217" lon="127.038522"/><trkpt lat="37.335431" lon="127.037895"/><trkpt lat="37.335746" lon="127.037564"/><trkpt lat="37.33604" lon="127.037287"/><trkpt lat="37.336362" lon="127.036893"/><trkpt lat="37.336569" lon="127.036284"/><trkpt lat="37.336791" lon="127.036544"/><trkpt lat="37.336855" lon="127.036624"/></trkseg>
<trkseg><trkpt lat="37.33577" lon="127.061611"/><trkpt lat="37.337234" lon="127.063029"/><trkpt lat="37.337965" lon="127.06393"/><trkpt lat="37.338455" lon="127.064312"/><trkpt lat="37.337438" lon="127.064869"/><trkpt lat="37.336843" lon="127.067276"/><trkpt lat="37.336824" lon="127.067418"/></trkseg>
<trkseg><trkpt lat="37.336609" lon="127.049553"/><trkpt lat="37.336263" lon="127.049347"/><trkpt lat="37.335417" lon="127.049276"/><trkpt lat="37.334852" lon="127.049214"/><trkpt lat="37.334542" lon="127.049625"/><trkpt lat="37.334139" lon="127.049793"/><trkpt lat="37.333907" lon="127.049642"/></trkseg>
<trkseg><trkpt lat="37.336855" lon="127.036624"/><trkpt lat="37.337234" lon="127.036983"/><trkpt lat="37.33737" lon="127.03752"/><trkpt lat="37.337365" lon="127.037901"/><trkpt lat="37.337399" lon="127.037987"/></trkseg>
<trkseg><trkpt lat="37.336855" lon="127.036624"/><trkpt lat="37.337141" lon="127.036069"/><trkpt lat="37.337385" lon="127.035469"/><trkpt lat="37.337578" lon="127.034645"/><trkpt lat="37.337414" lon="127.033857"/><trkpt lat="37.337249" lon="127.03348"/><trkpt lat="37.337328" lon="127.033059"/><trkpt lat="37.337142" lon="127.032423"/><trkpt lat="37.337031" lon="127.032101"/></trkseg>
<trkseg><trkpt lat="37.337031" lon="127.032101"/><trkpt lat="37.336687" lon="127.032331"/><trkpt lat="37.336504" lon="127.032328"/></trkseg>
<trkseg><trkpt lat="37.337176" lon="127.038333"/><trkpt lat="37.337479" lon="127.038533"/><trkpt lat="37.337668" lon="127.038468"/><trkpt lat="37.337884" lon="127.038631"/></trkseg>
<trkseg><trkpt lat="37.337522" lon="127.031765"/><trkpt lat="37.337238" lon="127.031856"/><trkpt lat="37.337031" lon="127.032101"/></trkseg>
<trkseg><trkpt lat="37.339447" lon="127.059725"/><trkpt lat="37.339178" lon="127.059497"/><trkpt lat="37.33915" lon="127.059409"/></trkseg>
<trkseg><trkpt lat="37.339893" lon="127.061522"/><trkpt lat="37.3395" lon="127.061381"/><trkpt lat="37.339524" lon="127.060884"/><trkpt lat="37.339747" lon="127.060677"/><trkpt lat="37.339491" lon="127.060318"/><trkpt lat="37.339299" lon="127.059944"/><trkpt lat="37.339447" lon="127.059725"/></trkseg>
<trkseg><trkpt lat="37.339917" lon="127.087908"/><trkpt lat="37.339344" lon="127.088078"/><trkpt lat="37.339051" lon="127.088919"/><trkpt lat="37.339" lon="127.08986"/><trkpt lat="37.3391" lon="127.090442"/><trkpt lat="37.339149" lon="127.090917"/><trkpt lat="37.339102" lon="127.091276"/></trkseg>
<trkseg><trkpt lat="37.339917" lon="127.087908"/><trkpt lat="37.339509" lon="127.088553"/><trkpt lat="37.339401" lon="127.08943"/><trkpt lat="37.339429" lon="127.090416"/><trkpt lat="37.339449" lon="127.090905"/><trkpt lat="37.33945" lon="127.090937"/></trkseg>
<trkseg><trkpt lat="37.340694" lon="127.088027"/><trkpt lat="37.340067" lon="127.087917"/><trkpt lat="37.339917" lon="127.087908"/></trkseg>
<trkseg><trkpt lat="37.341056" lon="127.055747"/><trkpt lat="37.340632" lon="127.055728"/><trkpt lat="37.340103" lon="127.055719"/></trkseg>
<trkseg><trkpt lat="37.341623" lon="127.049491"/><trkpt lat="37.341387" lon="127.049741"/><trkpt lat="37.340559" lon="127.050064"/><trkpt lat="37.340073" lon="127.05018"/><trkpt lat="37.339565" lon="127.050251"/><trkpt lat="37.339293" lon="127.050394"/><trkpt lat="37.338886" lon="127.050582"/><trkpt lat="37.338392" lon="127.050868"/><trkpt lat="37.338006" lon="127.051047"/><trkpt lat="37.337527" lon="127.051038"/><trkpt lat="37.337212" lon="127.051324"/><trkpt lat="37.336847" lon="127.051629"/><trkpt lat="37.336897" lon="127.052193"/><trkpt lat="37.337025" lon="127.052659"/><trkpt lat="37.337018" lon="127.053134"/><trkpt lat="37.33676" lon="127.053223"/><trkpt lat="37.33691" lon="127.053608"/><trkpt lat="37.336803" lon="127.054074"/><trkpt lat="37.336667" lon="127.054576"/><trkpt lat="37.336869" lon="127.054703"/><trkpt lat="37.337106" lon="127.054623"/><trkpt lat="37.337063" lon="127.054819"/><trkpt lat="37.337168" lon="127.05516"/><trkpt lat="37.336891" lon="127.055719"/><trkpt lat="37.336873" lon="127.056161"/></trkseg>
<trkseg><trkpt lat="37.342098" lon="127.045387"/><trkpt lat="37.342567" lon="127.044767"/><trkpt lat="37.342783" lon="127.04454"/><trkpt lat="37.343749" lon="127.043534"/><trkpt lat="37.343571" lon="127.044106"/><trkpt lat="37.343512" lon="127.044432"/><trkpt lat="37.34367" lon="127.04493"/><trkpt lat="37.343665" lon="127.045453"/><trkpt lat="37.343618" lon="127.046287"/><trkpt lat="37.343609" lon="127.047762"/><trkpt lat="37.34368" lon="127.048719"/><trkpt lat="37.343506" lon="127.049494"/><trkpt lat="37.343569" lon="127.050446"/><trkpt lat="37.343848" lon="127.051186"/><trkpt lat="37.343982" lon="127.051791"/><trkpt lat="37.344177" lon="127.052052"/><trkpt lat="37.344108" lon="127.052301"/><trkpt lat="37.344236" lon="127.05272"/></trkseg>
<trkseg><trkpt lat="37.34313" lon="127.058588"/><trkpt lat="37.343019" lon="127.058606"/><trkpt lat="37.342862" lon="127.058598"/><trkpt lat="37.342677" lon="127.058628"/><trkpt lat="37.342601" lon="127.058789"/><trkpt lat="37.34252" lon="127.058973"/><trkpt lat="37.342414" lon="127.059124"/><trkpt lat="37.342275" lon="127.059192"/><trkpt lat="37.342078" lon="127.059317"/><trkpt lat="37.341988" lon="127.059494"/><trkpt lat="37.341726" lon="127.059638"/><trkpt lat="37.34129" lon="127.059548"/><trkpt lat="37.340961" lon="127.059542"/><trkpt lat="37.340677" lon="127.059259"/></trkseg>
<trkseg><trkpt lat="37.344217" lon="127.076641"/><trkpt lat="37.343458" lon="127.076726"/><trkpt lat="37.342224" lon="127.078517"/><trkpt lat="37.341458" lon="127.080185"/><trkpt lat="37.340914" lon="127.081637"/><trkpt lat="37.339926" lon="127.08318"/><trkpt lat="37.339136" lon="127.084261"/></trkseg>
<trkseg><trkpt lat="37.344611" lon="127.036158"/><trkpt lat="37.344425" lon="127.036168"/><trkpt lat="37.344318" lon="127.03604"/><trkpt lat="37.344193" lon="127.035967"/><trkpt lat="37.344038" lon="127.035925"/><trkpt lat="37.343873" lon="127.035902"/><trkpt lat="37.343465" lon="127.035893"/><trkpt lat="37.343122" lon="127.03592"/><trkpt lat="37.342829" lon="127.03566"/><trkpt lat="37.342278" lon="127.035391"/><trkpt lat="37.34132" lon="127.035408"/><trkpt lat="37.340883" lon="127.035328"/><trkpt lat="37.340569" lon="127.035542"/><trkpt lat="37.340554" lon="127.035937"/><trkpt lat="37.340833" lon="127.03625"/><trkpt lat="37.341441" lon="127.036743"/></trkseg>
<trkseg><trkpt lat="37.345954" lon="127.059783"/><trkpt lat="37.346074" lon="127.059837"/><trkpt lat="37.346222" lon="127.059896"/><trkpt lat="37.346385" lon="127.059959"/><trkpt lat="37.346557" lon="127.060024"/><trkpt lat="37.346732" lon="127.060086"/><trkpt lat="37.347013" lon="127.060211"/><trkpt lat="37.347184" lon="127.060288"/><trkpt lat="37.347359" lon="127.06037"/><trkpt lat="37.347537" lon="127.060431"/><trkpt lat="37.347711" lon="127.060477"/><trkpt lat="37.347887" lon="127.06052"/><trkpt lat="37.348045" lon="127.060601"/><trkpt lat="37.348161" lon="127.060766"/><trkpt lat="37.348261" lon="127.060898"/><trkpt lat="37.348372" lon="127.060999"/><trkpt lat="37.348527" lon="127.061058"/><trkpt lat="37.348684" lon="127.061067"/><trkpt lat="37.348825" lon="127.061085"/><trkpt lat="37.348953" lon="127.061179"/><trkpt lat="37.349084" lon="127.061112"/><trkpt lat="37.349219" lon="127.061063"/><trkpt lat="37.349342" lon="127.0611"/><trkpt lat="37.34948" lon="127.061104"/><trkpt lat="37.349603" lon="127.061173"/><trkpt lat="37.34971" lon="127.061265"/><trkpt lat="37.349805" lon="127.061379"/><trkpt lat="37.349872" lon="127.061498"/><trkpt lat="37.34994" lon="127.061605"/><trkpt lat="37.35002" lon="127.061704"/><trkpt lat="37.350074" lon="127.061839"/><trkpt lat="37.35016" lon="127.061845"/><trkpt lat="37.350242" lon="127.061797"/><trkpt lat="37.350357" lon="127.0618"/><trkpt lat="37.35044" lon="127.061856"/><trkpt lat="37.350528" lon="127.061914"/><trkpt lat="37.350605" lon="127.06204"/><trkpt lat="37.350655" lon="127.062079"/></trkseg>
<trkseg><trkpt lat="37.35027" lon="127.044409"/><trkpt lat="37.349911" lon="127.044607"/><trkpt lat="37.349118" lon="127.044251"/><trkpt lat="37.348342" lon="127.043906"/><trkpt lat="37.347482" lon="127.044073"/><trkpt lat="37.34683" lon="127.044626"/><trkpt lat="37.346805" lon="127.045369"/><trkpt lat="37.346782" lon="127.045538"/></trkseg>
<trkseg><trkpt lat="37.350637" lon="127.045089"/><trkpt lat="37.35027" lon="127.044409"/></trkseg>
<trkseg><trkpt lat="37.353631" lon="127.046056"/><trkpt lat="37.353473" lon="127.045841"/><trkpt lat="37.35301" lon="127.045651"/><trkpt lat="37.352933" lon="127.045253"/><trkpt lat="37.352749" lon="127.04515"/><trkpt lat="37.35204" lon="127.044399"/><trkpt lat="37.350788" lon="127.043656"/><trkpt lat="37.350412" lon="127.043865"/><trkpt lat="37.35027" lon="127.044409"/></trkseg>
<trkseg><trkpt lat="37.315382" lon="127.036515"/><trkpt lat="37.315114" lon="127.036844"/><trkpt lat="37.314978" lon="127.037497"/><trkpt lat="37.315085" lon="127.03833"/><trkpt lat="37.315306" lon="127.038832"/><trkpt lat="37.315478" lon="127.039244"/><trkpt lat="37.31557" lon="127.039691"/><trkpt lat="37.315942" lon="127.039915"/><trkpt lat="37.3165" lon="127.040238"/><trkpt lat="37.317329" lon="127.040847"/><trkpt lat="37.317558" lon="127.041"/></trkseg>
<trkseg><trkpt lat="37.317006" lon="127.035302"/><trkpt lat="37.317463" lon="127.035475"/><trkpt lat="37.31776" lon="127.035502"/><trkpt lat="37.318153" lon="127.035196"/><trkpt lat="37.318545" lon="127.035203"/><trkpt lat="37.319161" lon="127.035496"/><trkpt lat="37.319771" lon="127.035609"/><trkpt lat="37.3201" lon="127.035736"/><trkpt lat="37.320382" lon="127.035968"/><trkpt lat="37.32078" lon="127.036088"/><trkpt lat="37.32121" lon="127.036368"/><trkpt lat="37.321661" lon="127.036634"/><trkpt lat="37.322107" lon="127.036966"/><trkpt lat="37.322531" lon="127.037425"/><trkpt lat="37.322445" lon="127.038126"/><trkpt lat="37.322669" lon="127.038316"/><trkpt lat="37.322794" lon="127.038058"/><trkpt lat="37.323255" lon="127.038032"/><trkpt lat="37.323911" lon="127.03846"/><trkpt lat="37.324221" lon="127.038827"/><trkpt lat="37.324225" lon="127.038959"/></trkseg>
<trkseg><trkpt lat="37.318072" lon="127.02083"/><trkpt lat="37.318933" lon="127.021826"/><trkpt lat="37.319667" lon="127.022762"/><trkpt lat="37.320317" lon="127.024367"/><trkpt lat="37.320453" lon="127.024511"/><trkpt lat="37.320959" lon="127.025014"/><trkpt lat="37.321454" lon="127.025926"/><trkpt lat="37.322068" lon="127.026354"/><trkpt lat="37.323036" lon="127.026949"/><trkpt lat="37.323676" lon="127.027196"/><trkpt lat="37.32408" lon="127.026875"/><trkpt lat="37.32464" lon="127.026965"/><trkpt lat="37.325201" lon="127.027072"/><trkpt lat="37.32592" lon="127.027402"/><trkpt lat="37.326681" lon="127.027768"/><trkpt lat="37.327161" lon="127.027934"/><trkpt lat="37.327574" lon="127.027906"/><trkpt lat="37.328038" lon="127.028095"/><trkpt lat="37.328383" lon="127.02815"/><trkpt lat="37.328383" lon="127.02857"/><trkpt lat="37.328541" lon="127.028812"/><trkpt lat="37.328691" lon="127.029296"/><trkpt lat="37.328877" lon="127.029565"/><trkpt lat="37.32907" lon="127.029959"/><trkpt lat="37.329813" lon="127.030479"/><trkpt lat="37.330063" lon="127.031052"/><trkpt lat="37.330228" lon="127.031966"/><trkpt lat="37.330131" lon="127.032692"/><trkpt lat="37.329917" lon="127.033034"/><trkpt lat="37.32982" lon="127.033595"/><trkpt lat="37.329744" lon="127.034376"/><trkpt lat="37.330041" lon="127.034402"/><trkpt lat="37.330463" lon="127.034142"/><trkpt lat="37.330942" lon="127.034169"/><trkpt lat="37.331193" lon="127.034375"/><trkpt lat="37.331278" lon="127.034868"/><trkpt lat="37.331315" lon="127.035487"/><trkpt lat="37.331406" lon="127.035875"/><trkpt lat="37.33144" lon="127.036028"/></trkseg>
<trkseg><trkpt lat="37.327401" lon="127.038682"/><trkpt lat="37.327647" lon="127.03826"/><trkpt lat="37.32763" lon="127.037965"/><trkpt lat="37.327521" lon="127.037722"/><trkpt lat="37.327513" lon="127.037598"/></trkseg>
<trkseg><trkpt lat="37.337945" lon="127.021339"/><trkpt lat="37.338277" lon="127.021302"/><trkpt lat="37.338594" lon="127.021435"/><trkpt lat="37.338907" lon="127.021431"/><trkpt lat="37.339154" lon="127.021526"/><trkpt lat="37.339609" lon="127.021549"/><trkpt lat="37.33994" lon="127.021542"/><trkpt lat="37.34025" lon="127.021497"/><trkpt lat="37.340643" lon="127.021581"/><trkpt lat="37.341085" lon="127.021697"/><trkpt lat="37.341285" lon="127.021988"/><trkpt lat="37.341524" lon="127.022243"/><trkpt lat="37.341765" lon="127.022474"/><trkpt lat="37.341956" lon="127.022701"/><trkpt lat="37.342185" lon="127.022753"/><trkpt lat="37.342646" lon="127.022757"/><trkpt lat="37.342945" lon="127.023227"/><trkpt lat="37.343203" lon="127.023454"/><trkpt lat="37.343479" lon="127.023518"/><trkpt lat="37.34381" lon="127.023614"/><trkpt lat="37.343928" lon="127.023885"/><trkpt lat="37.343985" lon="127.024283"/><trkpt lat="37.344322" lon="127.024622"/><trkpt lat="37.345076" lon="127.024742"/><trkpt lat="37.345654" lon="127.024686"/><trkpt lat="37.34589" lon="127.024439"/><trkpt lat="37.34596" lon="127.024117"/><trkpt lat="37.346173" lon="127.024033"/><trkpt lat="37.346281" lon="127.023698"/><trkpt lat="37.346618" lon="127.023559"/><trkpt lat="37.347108" lon="127.023531"/><trkpt lat="37.347547" lon="127.023559"/><trkpt lat="37.348046" lon="127.02401"/><trkpt lat="37.348569" lon="127.024521"/><trkpt lat="37.348678" lon="127.024566"/></trkseg>
<trkseg><trkpt lat="37.337991" lon="127.021414"/><trkpt lat="37.338084" lon="127.021695"/><trkpt lat="37.33817" lon="127.02198"/><trkpt lat="37.338197" lon="127.022118"/><trkpt lat="37.338231" lon="127.022316"/><trkpt lat="37.338352" lon="127.022492"/><trkpt lat="37.338394" lon="127.022739"/><trkpt lat="37.338378" lon="127.023068"/><trkpt lat="37.338338" lon="127.023358"/><trkpt lat="37.338425" lon="127.023653"/><trkpt lat="37.338478" lon="127.023958"/><trkpt lat="37.338638" lon="127.024234"/><trkpt lat="37.338745" lon="127.024633"/><trkpt lat="37.338731" lon="127.024984"/><trkpt lat="37.338725" lon="127.025144"/><trkpt lat="37.338716" lon="127.025436"/><trkpt lat="37.338817" lon="127.025812"/><trkpt lat="37.338917" lon="127.026215"/><trkpt lat="37.338788" lon="127.026716"/><trkpt lat="37.338488" lon="127.027352"/><trkpt lat="37.338538" lon="127.027791"/><trkpt lat="37.338552" lon="127.028418"/><trkpt lat="37.338544" lon="127.028839"/><trkpt lat="37.33843" lon="127.029135"/><trkpt lat="37.33828" lon="127.029475"/><trkpt lat="37.338272" lon="127.029923"/><trkpt lat="37.338136" lon="127.030666"/><trkpt lat="37.338193" lon="127.031087"/><trkpt lat="37.338329" lon="127.031435"/><trkpt lat="37.338333" lon="127.031607"/></trkseg>
<trkseg><trkpt lat="37.345735" lon="127.031214"/><trkpt lat="37.345662" lon="127.031078"/><trkpt lat="37.345444" lon="127.030585"/><trkpt lat="37.345284" lon="127.030161"/><trkpt lat="37.345178" lon="127.029786"/><trkpt lat="37.345091" lon="127.029514"/><trkpt lat="37.344994" lon="127.02931"/><trkpt lat="37.344837" lon="127.029179"/><trkpt lat="37.344643" lon="127.029018"/><trkpt lat="37.344438" lon="127.028681"/><trkpt lat="37.344297" lon="127.028466"/><trkpt lat="37.344011" lon="127.028164"/><trkpt lat="37.343902" lon="127.027999"/><trkpt lat="37.343847" lon="127.027861"/><trkpt lat="37.343748" lon="127.02747"/><trkpt lat="37.343415" lon="127.027262"/><trkpt lat="37.343214" lon="127.027126"/><trkpt lat="37.343038" lon="127.026964"/><trkpt lat="37.342829" lon="127.026909"/><trkpt lat="37.342612" lon="127.026928"/><trkpt lat="37.342486" lon="127.02685"/><trkpt lat="37.342302" lon="127.026618"/><trkpt lat="37.342199" lon="127.026511"/><trkpt lat="37.34197" lon="127.026442"/><trkpt lat="37.341728" lon="127.026417"/><trkpt lat="37.341571" lon="127.026292"/><trkpt lat="37.341467" lon="127.025912"/><trkpt lat="37.341279" lon="127.025592"/><trkpt lat="37.340984" lon="127.025351"/><trkpt lat="37.340774" lon="127.025113"/><trkpt lat="37.340589" lon="127.024656"/><trkpt lat="37.34047" lon="127.024515"/><trkpt lat="37.340277" lon="127.024363"/><trkpt lat="37.340015" lon="127.024037"/><trkpt lat="37.339816" lon="127.023763"/><trkpt lat="37.339731" lon="127.0235"/><trkpt lat="37.339659" lon="127.023136"/><trkpt lat="37.339572" lon="127.022855"/><trkpt lat="37.339383" lon="127.022612"/><trkpt lat="37.339002" lon="127.022294"/><trkpt lat="37.338894" lon="127.022187"/><trkpt lat="37.338742" lon="127.02211"/><trkpt lat="37.338653" lon="127.022011"/><trkpt lat="37.338414" lon="127.021624"/><trkpt lat="37.338151" lon="127.021552"/><trkpt lat="37.337991" lon="127.021414"/></trkseg>
<trkseg><trkpt lat="37.317558" lon="127.041"/><trkpt lat="37.317902" lon="127.040991"/><trkpt lat="37.318638" lon="127.041412"/><trkpt lat="37.319515" lon="127.041617"/></trkseg>
<trkseg><trkpt lat="37.336811" lon="127.03163"/><trkpt lat="37.336777" lon="127.031454"/><trkpt lat="37.336718" lon="127.031234"/><trkpt lat="37.336735" lon="127.03081"/><trkpt lat="37.336481" lon="127.030435"/><trkpt lat="37.336334" lon="127.030082"/><trkpt lat="37.336041" lon="127.029608"/><trkpt lat="37.335809" lon="127.029594"/><trkpt lat="37.335482" lon="127.029438"/><trkpt lat="37.3352" lon="127.029353"/><trkpt lat="37.334675" lon="127.02931"/><trkpt lat="37.334364" lon="127.029056"/><trkpt lat="37.334246" lon="127.028405"/><trkpt lat="37.333997" lon="127.028009"/><trkpt lat="37.333591" lon="127.027924"/><trkpt lat="37.333393" lon="127.028023"/><trkpt lat="37.333218" lon="127.027995"/><trkpt lat="37.333055" lon="127.027867"/><trkpt lat="37.332857" lon="127.027896"/><trkpt lat="37.332716" lon="127.027825"/><trkpt lat="37.332518" lon="127.027811"/><trkpt lat="37.332276" lon="127.027443"/><trkpt lat="37.331869" lon="127.027153"/><trkpt lat="37.331536" lon="127.027146"/><trkpt lat="37.331265" lon="127.027301"/><trkpt lat="37.330834" lon="127.027355"/><trkpt lat="37.330622" lon="127.027032"/><trkpt lat="37.330193" lon="127.026799"/><trkpt lat="37.32986" lon="127.026679"/><trkpt lat="37.32947" lon="127.026339"/><trkpt lat="37.329329" lon="127.026198"/></trkseg>
<trkseg><trkpt lat="37.34493" lon="127.061894"/><trkpt lat="37.34499" lon="127.061737"/><trkpt lat="37.345081" lon="127.061588"/><trkpt lat="37.345227" lon="127.061541"/><trkpt lat="37.345361" lon="127.061513"/><trkpt lat="37.345487" lon="127.061478"/><trkpt lat="37.34558" lon="127.061359"/><trkpt lat="37.345697" lon="127.061242"/><trkpt lat="37.345841" lon="127.061222"/><trkpt lat="37.34598" lon="127.061314"/><trkpt lat="37.346152" lon="127.061447"/><trkpt lat="37.346269" lon="127.061644"/><trkpt lat="37.346237" lon="127.061816"/><trkpt lat="37.346233" lon="127.062017"/><trkpt lat="37.346344" lon="127.062145"/><trkpt lat="37.346496" lon="127.062224"/><trkpt lat="37.346617" lon="127.062338"/><trkpt lat="37.346712" lon="127.062275"/><trkpt lat="37.346704" lon="127.062096"/><trkpt lat="37.346695" lon="127.061898"/><trkpt lat="37.34675" lon="127.061738"/><trkpt lat="37.346765" lon="127.062021"/><trkpt lat="37.346829" lon="127.062197"/><trkpt lat="37.346943" lon="127.062415"/><trkpt lat="37.347018" lon="127.062586"/><trkpt lat="37.347122" lon="127.06275"/><trkpt lat="37.347268" lon="127.062837"/><trkpt lat="37.347427" lon="127.063021"/><trkpt lat="37.347564" lon="127.063165"/><trkpt lat="37.347713" lon="127.063095"/><trkpt lat="37.347865" lon="127.062982"/><trkpt lat="37.348062" lon="127.062938"/><trkpt lat="37.348202" lon="127.062971"/><trkpt lat="37.348363" lon="127.063021"/><trkpt lat="37.348767" lon="127.063243"/><trkpt lat="37.348899" lon="127.063254"/><trkpt lat="37.34905" lon="127.063316"/><trkpt lat="37.349146" lon="127.06345"/><trkpt lat="37.349259" lon="127.063573"/><trkpt lat="37.349349" lon="127.063707"/><trkpt lat="37.349423" lon="127.063892"/><trkpt lat="37.349507" lon="127.064062"/><trkpt lat="37.349549" lon="127.06413"/></trkseg>
<trkseg><trkpt lat="37.349445" lon="127.06533"/><trkpt lat="37.349486" lon="127.06546"/><trkpt lat="37.349857" lon="127.065838"/><trkpt lat="37.350031" lon="127.066348"/><trkpt lat="37.350438" lon="127.066728"/><trkpt lat="37.350904" lon="127.066728"/><trkpt lat="37.351509" lon="127.066641"/><trkpt lat="37.352137" lon="127.066802"/><trkpt lat="37.35216" lon="127.067079"/></trkseg>
<trkseg><trkpt lat="37.324225" lon="127.038959"/><trkpt lat="37.32419" lon="127.03901"/><trkpt lat="37.324161" lon="127.039045"/><trkpt lat="37.32411" lon="127.039097"/><trkpt lat="37.323867" lon="127.039328"/><trkpt lat="37.323622" lon="127.039504"/><trkpt lat="37.323563" lon="127.039544"/><trkpt lat="37.323526" lon="127.039564"/><trkpt lat="37.323437" lon="127.0396"/><trkpt lat="37.32332" lon="127.03964"/><trkpt lat="37.323281" lon="127.039649"/><trkpt lat="37.323241" lon="127.03965"/><trkpt lat="37.323149" lon="127.039642"/><trkpt lat="37.322925" lon="127.039619"/><trkpt lat="37.322872" lon="127.039618"/><trkpt lat="37.322834" lon="127.039625"/><trkpt lat="37.322757" lon="127.039652"/><trkpt lat="37.322631" lon="127.039702"/><trkpt lat="37.322596" lon="127.039712"/><trkpt lat="37.322566" lon="127.03971"/><trkpt lat="37.32254" lon="127.039686"/><trkpt lat="37.322513" lon="127.039668"/><trkpt lat="37.322477" lon="127.039658"/><trkpt lat="37.322399" lon="127.039647"/><trkpt lat="37.321881" lon="127.039588"/><trkpt lat="37.321842" lon="127.039587"/><trkpt lat="37.321804" lon="127.039593"/><trkpt lat="37.321767" lon="127.039608"/><trkpt lat="37.321595" lon="127.039703"/><trkpt lat="37.321487" lon="127.039763"/></trkseg>
<trkseg><trkpt lat="37.336607" lon="127.049553"/><trkpt lat="37.33665" lon="127.049575"/><trkpt lat="37.336698" lon="127.04959"/><trkpt lat="37.336738" lon="127.049588"/><trkpt lat="37.336772" lon="127.049575"/><trkpt lat="37.336803" lon="127.049549"/><trkpt lat="37.336832" lon="127.049515"/><trkpt lat="37.336896" lon="127.049429"/><trkpt lat="37.336939" lon="127.049367"/><trkpt lat="37.336959" lon="127.049329"/><trkpt lat="37.336971" lon="127.04928"/><trkpt lat="37.336983" lon="127.049239"/><trkpt lat="37.337037" lon="127.049111"/><trkpt lat="37.337054" lon="127.049068"/><trkpt lat="37.337064" lon="127.049024"/><trkpt lat="37.337062" lon="127.048977"/><trkpt lat="37.337049" lon="127.048913"/><trkpt lat="37.337025" lon="127.048812"/><trkpt lat="37.337023" lon="127.048787"/><trkpt lat="37.337031" lon="127.048786"/><trkpt lat="37.337045" lon="127.048781"/><trkpt lat="37.337063" lon="127.048755"/><trkpt lat="37.337087" lon="127.048705"/><trkpt lat="37.337104" lon="127.048663"/><trkpt lat="37.337117" lon="127.04862"/><trkpt lat="37.337123" lon="127.04857"/><trkpt lat="37.337125" lon="127.048503"/><trkpt lat="37.337127" lon="127.048406"/><trkpt lat="37.337133" lon="127.048368"/><trkpt lat="37.337153" lon="127.048345"/><trkpt lat="37.337172" lon="127.048316"/><trkpt lat="37.337191" lon="127.048276"/><trkpt lat="37.337205" lon="127.048232"/><trkpt lat="37.337211" lon="127.04819"/><trkpt lat="37.337215" lon="127.048146"/><trkpt lat="37.337224" lon="127.048136"/><trkpt lat="37.337236" lon="127.04813"/><trkpt lat="37.337245" lon="127.048103"/><trkpt lat="37.337256" lon="127.048013"/><trkpt lat="37.337263" lon="127.047966"/><trkpt lat="37.337274" lon="127.047923"/><trkpt lat="37.337298" lon="127.04788"/><trkpt lat="37.337309" lon="127.047849"/><trkpt lat="37.337314" lon="127.0478"/><trkpt lat="37.337326" lon="127.047759"/><trkpt lat="37.337352" lon="127.047689"/><trkpt lat="37.337376" lon="127.047632"/><trkpt lat="37.337478" lon="127.047433"/><trkpt lat="37.337509" lon="127.047378"/><trkpt lat="37.337535" lon="127.047341"/><trkpt lat="37.337566" lon="127.047312"/><trkpt lat="37.337644" lon="127.047256"/><trkpt lat="37.337676" lon="127.04723"/><trkpt lat="37.337702" lon="127.047199"/><trkpt lat="37.337719" lon="127.047157"/><trkpt lat="37.337737" lon="127.047078"/><trkpt lat="37.337749" lon="127.04703"/><trkpt lat="37.337767" lon="127.046987"/><trkpt lat="37.337789" lon="127.046948"/><trkpt lat="37.337813" lon="127.046911"/><trkpt lat="37.337839" lon="127.046878"/><trkpt lat="37.337871" lon="127.046851"/><trkpt lat="37.337907" lon="127.046829"/><trkpt lat="37.338055" lon="127.046753"/><trkpt lat="37.338093" lon="127.046737"/><trkpt lat="37.338131" lon="127.046729"/><trkpt lat="37.33817" lon="127.046731"/><trkpt lat="37.338223" lon="127.046739"/><trkpt lat="37.338342" lon="127.04676"/><trkpt lat="37.338381" lon="127.046761"/><trkpt lat="37.338419" lon="127.046751"/><trkpt lat="37.338456" lon="127.046732"/><trkpt lat="37.338721" lon="127.046562"/><trkpt lat="37.338781" lon="127.046525"/><trkpt lat="37.338818" lon="127.04651"/><trkpt lat="37.338855" lon="127.046509"/><trkpt lat="37.338894" lon="127.046519"/><trkpt lat="37.339279" lon="127.046672"/><trkpt lat="37.339343" lon="127.0467"/><trkpt lat="37.339379" lon="127.046721"/><trkpt lat="37.339412" lon="127.046745"/><trkpt lat="37.339518" lon="127.046835"/><trkpt lat="37.33955" lon="127.046857"/><trkpt lat="37.339585" lon="127.046868"/><trkpt lat="37.339622" lon="127.046865"/><trkpt lat="37.339736" lon="127.046833"/><trkpt lat="37.339787" lon="127.046821"/><trkpt lat="37.339824" lon="127.046821"/><trkpt lat="37.339858" lon="127.046834"/><trkpt lat="37.339926" lon="127.046875"/><trkpt lat="37.339961" lon="127.04689"/><trkpt lat="37.339997" lon="127.046899"/><trkpt lat="37.340034" lon="127.046904"/><trkpt lat="37.340071" lon="127.046905"/><trkpt lat="37.340109" lon="127.046898"/><trkpt lat="37.340173" lon="127.046873"/><trkpt lat="37.340272" lon="127.046828"/><trkpt lat="37.340306" lon="127.046807"/><trkpt lat="37.340332" lon="127.046777"/><trkpt lat="37.340358" lon="127.046726"/><trkpt lat="37.340384" lon="127.046694"/><trkpt lat="37.340417" lon="127.04667"/><trkpt lat="37.340734" lon="127.046493"/><trkpt lat="37.340893" lon="127.046404"/><trkpt lat="37.340926" lon="127.04638"/><trkpt lat="37.340952" lon="127.046349"/><trkpt lat="37.340978" lon="127.0463"/><trkpt lat="37.341001" lon="127.04627"/><trkpt lat="37.341038" lon="127.046243"/><trkpt lat="37.341065" lon="127.046218"/><trkpt lat="37.341087" lon="127.046184"/><trkpt lat="37.341105" lon="127.046144"/><trkpt lat="37.341119" lon="127.046102"/><trkpt lat="37.341125" lon="127.046057"/><trkpt lat="37.341125" lon="127.046009"/><trkpt lat="37.341122" lon="127.045913"/><trkpt lat="37.341128" lon="127.045867"/><trkpt lat="37.341141" lon="127.045823"/><trkpt lat="37.34116" lon="127.045784"/><trkpt lat="37.341189" lon="127.045751"/><trkpt lat="37.341278" lon="127.045676"/><trkpt lat="37.341322" lon="127.045637"/><trkpt lat="37.341351" lon="127.045603"/><trkpt lat="37.341384" lon="127.045551"/><trkpt lat="37.341431" lon="127.04547"/><trkpt lat="37.341457" lon="127.045434"/><trkpt lat="37.341485" lon="127.045411"/><trkpt lat="37.341516" lon="127.045397"/><trkpt lat="37.34155" lon="127.045395"/><trkpt lat="37.3416" lon="127.045408"/><trkpt lat="37.341663" lon="127.045427"/><trkpt lat="37.341701" lon="127.045434"/><trkpt lat="37.341778" lon="127.045433"/><trkpt lat="37.341815" lon="127.045435"/><trkpt lat="37.341859" lon="127.04545"/><trkpt lat="37.341892" lon="127.045458"/><trkpt lat="37.341927" lon="127.045453"/><trkpt lat="37.341964" lon="127.045441"/><trkpt lat="37.342098" lon="127.045387"/></trkseg>
<trkseg><trkpt lat="37.355071" lon="127.034581"/><trkpt lat="37.355044" lon="127.034632"/><trkpt lat="37.355018" lon="127.034686"/><trkpt lat="37.355004" lon="127.034735"/><trkpt lat="37.355006" lon="127.034808"/><trkpt lat="37.355005" lon="127.034852"/><trkpt lat="37.354992" lon="127.034923"/><trkpt lat="37.354987" lon="127.034964"/><trkpt lat="37.354995" lon="127.035006"/><trkpt lat="37.355013" lon="127.035046"/><trkpt lat="37.35514" lon="127.035258"/><trkpt lat="37.355179" lon="127.035326"/><trkpt lat="37.355199" lon="127.035368"/><trkpt lat="37.355212" lon="127.035412"/><trkpt lat="37.355219" lon="127.035458"/><trkpt lat="37.355216" lon="127.035505"/><trkpt lat="37.355207" lon="127.035552"/><trkpt lat="37.355185" lon="127.035646"/><trkpt lat="37.355179" lon="127.035693"/><trkpt lat="37.355184" lon="127.035738"/><trkpt lat="37.355198" lon="127.035781"/><trkpt lat="37.355247" lon="127.035895"/><trkpt lat="37.355276" lon="127.035967"/><trkpt lat="37.355289" lon="127.036011"/><trkpt lat="37.355292" lon="127.036057"/><trkpt lat="37.355286" lon="127.036106"/><trkpt lat="37.355267" lon="127.036221"/><trkpt lat="37.355262" lon="127.03627"/><trkpt lat="37.355265" lon="127.036319"/><trkpt lat="37.355274" lon="127.036366"/><trkpt lat="37.355299" lon="127.036478"/><trkpt lat="37.355304" lon="127.036525"/><trkpt lat="37.355299" lon="127.036572"/><trkpt lat="37.355286" lon="127.036617"/><trkpt lat="37.355268" lon="127.036656"/><trkpt lat="37.355238" lon="127.036701"/><trkpt lat="37.35522" lon="127.036741"/><trkpt lat="37.355207" lon="127.036787"/><trkpt lat="37.355191" lon="127.036867"/><trkpt lat="37.355184" lon="127.036916"/><trkpt lat="37.355183" lon="127.036965"/><trkpt lat="37.355189" lon="127.037014"/><trkpt lat="37.35522" lon="127.037179"/><trkpt lat="37.355236" lon="127.037278"/><trkpt lat="37.35524" lon="127.037327"/><trkpt lat="37.35524" lon="127.037442"/><trkpt lat="37.355238" lon="127.037622"/><trkpt lat="37.355241" lon="127.037671"/><trkpt lat="37.355251" lon="127.037716"/><trkpt lat="37.355269" lon="127.037757"/><trkpt lat="37.355298" lon="127.037808"/><trkpt lat="37.355322" lon="127.037845"/><trkpt lat="37.355348" lon="127.037877"/><trkpt lat="37.355393" lon="127.037908"/><trkpt lat="37.355419" lon="127.03793"/><trkpt lat="37.355459" lon="127.037979"/><trkpt lat="37.355491" lon="127.038006"/><trkpt lat="37.355536" lon="127.038038"/><trkpt lat="37.355665" lon="127.038121"/><trkpt lat="37.355698" lon="127.038147"/><trkpt lat="37.355727" lon="127.038179"/><trkpt lat="37.355771" lon="127.038237"/><trkpt lat="37.355799" lon="127.038264"/><trkpt lat="37.355832" lon="127.038285"/><trkpt lat="37.355868" lon="127.038335"/><trkpt lat="37.355888" lon="127.038357"/><trkpt lat="37.355902" lon="127.03838"/><trkpt lat="37.355911" lon="127.038416"/><trkpt lat="37.355924" lon="127.038458"/><trkpt lat="37.355964" lon="127.038561"/><trkpt lat="37.35599" lon="127.038618"/><trkpt lat="37.356014" lon="127.038654"/><trkpt lat="37.356045" lon="127.038679"/><trkpt lat="37.356091" lon="127.038703"/><trkpt lat="37.356152" lon="127.038729"/><trkpt lat="37.356189" lon="127.038739"/><trkpt lat="37.356227" lon="127.038739"/><trkpt lat="37.356266" lon="127.038729"/><trkpt lat="37.356303" lon="127.038711"/><trkpt lat="37.356337" lon="127.038686"/><trkpt lat="37.356403" lon="127.038629"/><trkpt lat="37.356434" lon="127.038597"/><trkpt lat="37.35646" lon="127.03856"/><trkpt lat="37.356489" lon="127.038504"/><trkpt lat="37.356539" lon="127.038404"/><trkpt lat="37.356565" lon="127.038367"/><trkpt lat="37.356596" lon="127.038339"/><trkpt lat="37.356643" lon="127.038308"/><trkpt lat="37.356924" lon="127.038144"/><trkpt lat="37.35697" lon="127.038113"/><trkpt lat="37.356999" lon="127.038081"/><trkpt lat="37.357022" lon="127.038041"/><trkpt lat="37.357146" lon="127.037758"/><trkpt lat="37.357181" lon="127.037671"/><trkpt lat="37.357194" lon="127.037633"/><trkpt lat="37.357199" lon="127.037601"/><trkpt lat="37.357217" lon="127.037574"/><trkpt lat="37.357254" lon="127.037534"/><trkpt lat="37.357435" lon="127.037357"/><trkpt lat="37.357594" lon="127.0372"/><trkpt lat="37.357637" lon="127.037161"/><trkpt lat="37.357671" lon="127.037139"/><trkpt lat="37.357708" lon="127.03713"/><trkpt lat="37.357746" lon="127.037128"/><trkpt lat="37.357942" lon="127.037131"/><trkpt lat="37.357994" lon="127.03713"/><trkpt lat="37.358033" lon="127.037124"/><trkpt lat="37.358124" lon="127.037101"/><trkpt lat="37.35828" lon="127.037059"/><trkpt lat="37.358318" lon="127.037053"/><trkpt lat="37.358357" lon="127.037057"/><trkpt lat="37.358395" lon="127.037069"/><trkpt lat="37.358625" lon="127.037161"/></trkseg>
<trkseg><trkpt lat="37.358606" lon="127.036878"/><trkpt lat="37.358419" lon="127.036721"/><trkpt lat="37.358388" lon="127.036692"/><trkpt lat="37.358363" lon="127.03666"/><trkpt lat="37.358349" lon="127.036619"/><trkpt lat="37.358342" lon="127.036555"/><trkpt lat="37.358335" lon="127.036506"/><trkpt lat="37.358317" lon="127.036444"/><trkpt lat="37.358263" lon="127.036293"/><trkpt lat="37.358245" lon="127.03625"/><trkpt lat="37.358222" lon="127.036212"/><trkpt lat="37.358191" lon="127.036185"/><trkpt lat="37.358143" lon="127.036157"/><trkpt lat="37.357683" lon="127.035918"/><trkpt lat="37.357484" lon="127.035813"/><trkpt lat="37.357449" lon="127.03579"/><trkpt lat="37.357418" lon="127.035761"/><trkpt lat="37.357388" lon="127.035729"/><trkpt lat="37.357362" lon="127.035695"/><trkpt lat="37.357343" lon="127.035657"/><trkpt lat="37.357335" lon="127.035612"/><trkpt lat="37.357334" lon="127.035531"/><trkpt lat="37.357332" lon="127.035487"/><trkpt lat="37.357321" lon="127.035454"/><trkpt lat="37.357293" lon="127.035442"/><trkpt lat="37.357243" lon="127.035444"/><trkpt lat="37.357177" lon="127.03545"/><trkpt lat="37.357142" lon="127.035445"/><trkpt lat="37.357118" lon="127.035425"/><trkpt lat="37.357088" lon="127.035391"/><trkpt lat="37.357052" lon="127.035365"/><trkpt lat="37.357023" lon="127.035335"/><trkpt lat="37.356987" lon="127.035288"/><trkpt lat="37.356884" lon="127.035135"/><trkpt lat="37.356857" lon="127.0351"/><trkpt lat="37.356828" lon="127.035073"/><trkpt lat="37.356795" lon="127.035065"/><trkpt lat="37.356733" lon="127.035077"/><trkpt lat="37.356695" lon="127.035083"/><trkpt lat="37.356658" lon="127.035076"/><trkpt lat="37.356597" lon="127.035049"/><trkpt lat="37.356561" lon="127.035044"/><trkpt lat="37.356524" lon="127.035052"/><trkpt lat="37.356449" lon="127.035077"/><trkpt lat="37.356409" lon="127.035082"/><trkpt lat="37.356303" lon="127.035081"/><trkpt lat="37.356251" lon="127.035075"/><trkpt lat="37.356214" lon="127.035062"/><trkpt lat="37.356159" lon="127.035028"/><trkpt lat="37.356125" lon="127.035011"/><trkpt lat="37.35609" lon="127.035005"/><trkpt lat="37.356016" lon="127.03501"/><trkpt lat="37.355978" lon="127.035005"/><trkpt lat="37.355927" lon="127.034986"/><trkpt lat="37.355837" lon="127.034948"/><trkpt lat="37.355798" lon="127.034937"/><trkpt lat="37.355762" lon="127.034933"/><trkpt lat="37.355702" lon="127.03493"/><trkpt lat="37.35567" lon="127.03492"/><trkpt lat="37.355641" lon="127.034892"/><trkpt lat="37.355615" lon="127.034855"/><trkpt lat="37.355558" lon="127.034762"/><trkpt lat="37.355533" lon="127.03473"/><trkpt lat="37.355504" lon="127.034716"/><trkpt lat="37.355472" lon="127.034723"/><trkpt lat="37.355426" lon="127.034739"/><trkpt lat="37.355389" lon="127.034742"/><trkpt lat="37.355325" lon="127.034737"/><trkpt lat="37.355222" lon="127.034721"/><trkpt lat="37.355184" lon="127.034713"/><trkpt lat="37.355149" lon="127.034698"/><trkpt lat="37.355116" lon="127.03466"/><trkpt lat="37.355088" lon="127.034613"/><trkpt lat="37.355071" lon="127.034581"/></trkseg>
<trkseg><trkpt lat="37.355096" lon="127.041092"/><trkpt lat="37.35496" lon="127.040805"/><trkpt lat="37.354899" lon="127.040432"/><trkpt lat="37.35488" lon="127.040392"/><trkpt lat="37.354843" lon="127.040332"/><trkpt lat="37.354826" lon="127.040292"/><trkpt lat="37.354818" lon="127.040245"/><trkpt lat="37.354808" lon="127.040146"/><trkpt lat="37.354801" lon="127.040097"/><trkpt lat="37.35479" lon="127.040055"/><trkpt lat="37.354769" lon="127.039989"/><trkpt lat="37.354764" lon="127.039941"/><trkpt lat="37.354764" lon="127.039875"/><trkpt lat="37.354781" lon="127.039441"/><trkpt lat="37.354791" lon="127.03919"/><trkpt lat="37.354789" lon="127.039141"/><trkpt lat="37.354779" lon="127.039096"/><trkpt lat="37.354764" lon="127.039054"/><trkpt lat="37.354741" lon="127.038999"/><trkpt lat="37.35472" lon="127.038961"/><trkpt lat="37.354695" lon="127.038926"/><trkpt lat="37.354617" lon="127.038845"/><trkpt lat="37.35458" lon="127.038803"/><trkpt lat="37.354554" lon="127.038767"/><trkpt lat="37.354531" lon="127.038727"/><trkpt lat="37.354426" lon="127.038433"/><trkpt lat="37.354411" lon="127.03837"/><trkpt lat="37.354396" lon="127.038325"/><trkpt lat="37.354359" lon="127.038241"/><trkpt lat="37.35435" lon="127.038113"/><trkpt lat="37.354327" lon="127.038074"/><trkpt lat="37.354302" lon="127.038039"/><trkpt lat="37.354237" lon="127.037962"/><trkpt lat="37.354189" lon="127.03791"/><trkpt lat="37.354158" lon="127.037883"/><trkpt lat="37.354125" lon="127.03786"/><trkpt lat="37.354045" lon="127.037811"/><trkpt lat="37.353998" lon="127.037788"/><trkpt lat="37.35396" lon="127.037778"/><trkpt lat="37.353907" lon="127.037771"/><trkpt lat="37.353814" lon="127.037763"/><trkpt lat="37.353776" lon="127.037754"/><trkpt lat="37.353742" lon="127.037733"/><trkpt lat="37.353711" lon="127.037703"/><trkpt lat="37.353572" lon="127.037543"/><trkpt lat="37.353432" lon="127.037384"/><trkpt lat="37.353401" lon="127.037353"/><trkpt lat="37.353356" lon="127.037317"/><trkpt lat="37.353292" lon="127.037266"/><trkpt lat="37.353268" lon="127.03724"/><trkpt lat="37.353259" lon="127.037203"/><trkpt lat="37.353247" lon="127.037172"/><trkpt lat="37.353225" lon="127.03714"/><trkpt lat="37.353178" lon="127.037087"/><trkpt lat="37.353127" lon="127.037036"/><trkpt lat="37.353082" lon="127.036999"/><trkpt lat="37.352952" lon="127.036909"/><trkpt lat="37.352909" lon="127.036876"/><trkpt lat="37.352885" lon="127.036851"/><trkpt lat="37.352877" lon="127.036823"/><trkpt lat="37.352864" lon="127.036805"/><trkpt lat="37.352835" lon="127.036789"/><trkpt lat="37.352713" lon="127.036742"/><trkpt lat="37.352663" lon="127.036721"/><trkpt lat="37.352628" lon="127.0367"/><trkpt lat="37.352585" lon="127.036665"/><trkpt lat="37.352406" lon="127.0365"/><trkpt lat="37.352376" lon="127.036469"/><trkpt lat="37.352349" lon="127.036433"/><trkpt lat="37.352309" lon="127.036367"/><trkpt lat="37.352162" lon="127.03611"/><trkpt lat="37.352137" lon="127.036072"/><trkpt lat="37.352109" lon="127.036038"/><trkpt lat="37.351968" lon="127.035891"/><trkpt lat="37.351929" lon="127.035848"/><trkpt lat="37.351904" lon="127.035814"/><trkpt lat="37.351887" lon="127.035773"/><trkpt lat="37.351878" lon="127.035727"/><trkpt lat="37.35187" lon="127.035664"/><trkpt lat="37.351868" lon="127.035617"/><trkpt lat="37.35187" lon="127.035574"/><trkpt lat="37.351875" lon="127.035524"/><trkpt lat="37.351869" lon="127.035481"/><trkpt lat="37.351846" lon="127.035407"/><trkpt lat="37.351833" lon="127.035362"/><trkpt lat="37.351828" lon="127.035314"/><trkpt lat="37.351829" lon="127.035265"/><trkpt lat="37.351839" lon="127.0351"/><trkpt lat="37.35184" lon="127.035051"/><trkpt lat="37.351835" lon="127.035003"/><trkpt lat="37.351822" lon="127.034956"/><trkpt lat="37.351791" lon="127.034866"/><trkpt lat="37.351779" lon="127.034825"/><trkpt lat="37.351777" lon="127.034791"/><trkpt lat="37.351776" lon="127.034766"/><trkpt lat="37.351767" lon="127.034728"/><trkpt lat="37.351759" lon="127.034658"/><trkpt lat="37.351748" lon="127.034617"/><trkpt lat="37.351719" lon="127.034553"/><trkpt lat="37.351705" lon="127.034511"/><trkpt lat="37.351697" lon="127.034463"/><trkpt lat="37.351689" lon="127.034365"/><trkpt lat="37.351679" lon="127.034216"/><trkpt lat="37.351673" lon="127.034169"/><trkpt lat="37.351659" lon="127.034129"/><trkpt lat="37.351632" lon="127.034099"/><trkpt lat="37.351576" lon="127.034061"/><trkpt lat="37.351546" lon="127.034038"/><trkpt lat="37.351528" lon="127.034008"/><trkpt lat="37.351521" lon="127.033975"/><trkpt lat="37.351506" lon="127.033936"/><trkpt lat="37.351484" lon="127.033896"/><trkpt lat="37.35136" lon="127.033699"/><trkpt lat="37.351313" lon="127.033621"/><trkpt lat="37.351295" lon="127.033581"/><trkpt lat="37.351287" lon="127.033532"/><trkpt lat="37.351276" lon="127.033496"/><trkpt lat="37.351254" lon="127.03346"/><trkpt lat="37.351108" lon="127.033359"/><trkpt lat="37.351046" lon="127.033229"/><trkpt lat="37.351029" lon="127.033196"/><trkpt lat="37.351003" lon="127.033162"/><trkpt lat="37.351" lon="127.033139"/><trkpt lat="37.351025" lon="127.033106"/><trkpt lat="37.351046" lon="127.033074"/><trkpt lat="37.351057" lon="127.033032"/><trkpt lat="37.351055" lon="127.03299"/><trkpt lat="37.351043" lon="127.032934"/><trkpt lat="37.35104" lon="127.032894"/><trkpt lat="37.351048" lon="127.032829"/><trkpt lat="37.351046" lon="127.032783"/><trkpt lat="37.351036" lon="127.032719"/><trkpt lat="37.351017" lon="127.032624"/><trkpt lat="37.351001" lon="127.032565"/><trkpt lat="37.350986" lon="127.032528"/><trkpt lat="37.35097" lon="127.032492"/><trkpt lat="37.35097" lon="127.032457"/><trkpt lat="37.350956" lon="127.032388"/><trkpt lat="37.350948" lon="127.032345"/><trkpt lat="37.350949" lon="127.032305"/><trkpt lat="37.350943" lon="127.032265"/><trkpt lat="37.350926" lon="127.032224"/><trkpt lat="37.350889" lon="127.032156"/><trkpt lat="37.350734" lon="127.031846"/><trkpt lat="37.350703" lon="127.031784"/><trkpt lat="37.350695" lon="127.031755"/><trkpt lat="37.350679" lon="127.031733"/><trkpt lat="37.350661" lon="127.031706"/><trkpt lat="37.350649" lon="127.031664"/><trkpt lat="37.350641" lon="127.031618"/><trkpt lat="37.350614" lon="127.031437"/><trkpt lat="37.350602" lon="127.031376"/><trkpt lat="37.350589" lon="127.031339"/><trkpt lat="37.350578" lon="127.031312"/><trkpt lat="37.350583" lon="127.031292"/><trkpt lat="37.350583" lon="127.031268"/><trkpt lat="37.350569" lon="127.031235"/><trkpt lat="37.350542" lon="127.031183"/><trkpt lat="37.35053" lon="127.031139"/><trkpt lat="37.350524" lon="127.031091"/><trkpt lat="37.350521" lon="127.031011"/><trkpt lat="37.350522" lon="127.030968"/><trkpt lat="37.350525" lon="127.030938"/><trkpt lat="37.350516" lon="127.030912"/><trkpt lat="37.350477" lon="127.030861"/><trkpt lat="37.350456" lon="127.030822"/><trkpt lat="37.35044" lon="127.030777"/><trkpt lat="37.350318" lon="127.030182"/><trkpt lat="37.3503" lon="127.030137"/><trkpt lat="37.350269" lon="127.030083"/><trkpt lat="37.350198" lon="127.029966"/><trkpt lat="37.350182" lon="127.029931"/><trkpt lat="37.350182" lon="127.029903"/><trkpt lat="37.350179" lon="127.02987"/><trkpt lat="37.350155" lon="127.029801"/><trkpt lat="37.350142" lon="127.029756"/><trkpt lat="37.350136" lon="127.029709"/><trkpt lat="37.350139" lon="127.029643"/><trkpt lat="37.350148" lon="127.029544"/><trkpt lat="37.350148" lon="127.029498"/><trkpt lat="37.350149" lon="127.02943"/><trkpt lat="37.350171" lon="127.029384"/><trkpt lat="37.350183" lon="127.029347"/><trkpt lat="37.350188" lon="127.0293"/><trkpt lat="37.35019" lon="127.029251"/><trkpt lat="37.350188" lon="127.029201"/><trkpt lat="37.350179" lon="127.029155"/><trkpt lat="37.35016" lon="127.029113"/><trkpt lat="37.3501" lon="127.029007"/><trkpt lat="37.350071" lon="127.028953"/><trkpt lat="37.350054" lon="127.028912"/><trkpt lat="37.350042" lon="127.028854"/><trkpt lat="37.350028" lon="127.028816"/><trkpt lat="37.350002" lon="127.028788"/><trkpt lat="37.349959" lon="127.028756"/><trkpt lat="37.3499" lon="127.02868"/><trkpt lat="37.349868" lon="127.028653"/><trkpt lat="37.34984" lon="127.028619"/><trkpt lat="37.349816" lon="127.02858"/><trkpt lat="37.349664" lon="127.028393"/><trkpt lat="37.349644" lon="127.02835"/><trkpt lat="37.349629" lon="127.028305"/><trkpt lat="37.349622" lon="127.028257"/><trkpt lat="37.349616" lon="127.028175"/><trkpt lat="37.349617" lon="127.028128"/><trkpt lat="37.349625" lon="127.028086"/><trkpt lat="37.349648" lon="127.028055"/><trkpt lat="37.34968" lon="127.02803"/><trkpt lat="37.349844" lon="127.027978"/><trkpt lat="37.349882" lon="127.02794"/><trkpt lat="37.34991" lon="127.027896"/><trkpt lat="37.34992" lon="127.027873"/></trkseg>
<trkseg><trkpt lat="37.338333" lon="127.031607"/><trkpt lat="37.338438" lon="127.031698"/><trkpt lat="37.338471" lon="127.031722"/><trkpt lat="37.338505" lon="127.031739"/><trkpt lat="37.338558" lon="127.03176"/><trkpt lat="37.338587" lon="127.031786"/><trkpt lat="37.338612" lon="127.031822"/><trkpt lat="37.33865" lon="127.031889"/><trkpt lat="37.338675" lon="127.031926"/><trkpt lat="37.338705" lon="127.031953"/><trkpt lat="37.338741" lon="127.031968"/><trkpt lat="37.338815" lon="127.03199"/><trkpt lat="37.338848" lon="127.032006"/><trkpt lat="37.338868" lon="127.03203"/><trkpt lat="37.338895" lon="127.032083"/><trkpt lat="37.338894" lon="127.032106"/><trkpt lat="37.338884" lon="127.032146"/><trkpt lat="37.338885" lon="127.032188"/><trkpt lat="37.338893" lon="127.032235"/><trkpt lat="37.338903" lon="127.032281"/><trkpt lat="37.338918" lon="127.032325"/><trkpt lat="37.338947" lon="127.032387"/><trkpt lat="37.338959" lon="127.03243"/><trkpt lat="37.338963" lon="127.032477"/><trkpt lat="37.338961" lon="127.032524"/><trkpt lat="37.338952" lon="127.032572"/><trkpt lat="37.338939" lon="127.032618"/><trkpt lat="37.338892" lon="127.032756"/><trkpt lat="37.338879" lon="127.032802"/><trkpt lat="37.338872" lon="127.032849"/><trkpt lat="37.338877" lon="127.032894"/><trkpt lat="37.338894" lon="127.03297"/><trkpt lat="37.338903" lon="127.033016"/><trkpt lat="37.338907" lon="127.033062"/><trkpt lat="37.338907" lon="127.033141"/><trkpt lat="37.338902" lon="127.033204"/><trkpt lat="37.338894" lon="127.03325"/><trkpt lat="37.338878" lon="127.033312"/><trkpt lat="37.338838" lon="127.03345"/><trkpt lat="37.338823" lon="127.033494"/><trkpt lat="37.338803" lon="127.033533"/><trkpt lat="37.338776" lon="127.033562"/><trkpt lat="37.338728" lon="127.03361"/><trkpt lat="37.338707" lon="127.033645"/><trkpt lat="37.338692" lon="127.033686"/><trkpt lat="37.338684" lon="127.033729"/><trkpt lat="37.338681" lon="127.033774"/><trkpt lat="37.338683" lon="127.033819"/><trkpt lat="37.33869" lon="127.033863"/><trkpt lat="37.338712" lon="127.033933"/><trkpt lat="37.338718" lon="127.033975"/><trkpt lat="37.338715" lon="127.03403"/><trkpt lat="37.338714" lon="127.034069"/><trkpt lat="37.338725" lon="127.034104"/><trkpt lat="37.338746" lon="127.034145"/><trkpt lat="37.338749" lon="127.034182"/><trkpt lat="37.338738" lon="127.034224"/><trkpt lat="37.338701" lon="127.034328"/><trkpt lat="37.338688" lon="127.034374"/><trkpt lat="37.338684" lon="127.03442"/><trkpt lat="37.338689" lon="127.034516"/><trkpt lat="37.33869" lon="127.034562"/><trkpt lat="37.338681" lon="127.034605"/><trkpt lat="37.338665" lon="127.034644"/><trkpt lat="37.338643" lon="127.034678"/><trkpt lat="37.338596" lon="127.034724"/><trkpt lat="37.33857" lon="127.034752"/><trkpt lat="37.338553" lon="127.034789"/><trkpt lat="37.338551" lon="127.034832"/><trkpt lat="37.338564" lon="127.034873"/><trkpt lat="37.338599" lon="127.034941"/><trkpt lat="37.338614" lon="127.034983"/><trkpt lat="37.338621" lon="127.035026"/><trkpt lat="37.338623" lon="127.035071"/><trkpt lat="37.338618" lon="127.03512"/><trkpt lat="37.338573" lon="127.035345"/><trkpt lat="37.338509" lon="127.035667"/><trkpt lat="37.338503" lon="127.035716"/><trkpt lat="37.338505" lon="127.035763"/><trkpt lat="37.338516" lon="127.03581"/><trkpt lat="37.338537" lon="127.035885"/><trkpt lat="37.338539" lon="127.035926"/><trkpt lat="37.338522" lon="127.035962"/><trkpt lat="37.338494" lon="127.035995"/><trkpt lat="37.338419" lon="127.036068"/><trkpt lat="37.338354" lon="127.036127"/><trkpt lat="37.338322" lon="127.03615"/><trkpt lat="37.338283" lon="127.036162"/><trkpt lat="37.338261" lon="127.036176"/><trkpt lat="37.338242" lon="127.036229"/><trkpt lat="37.338231" lon="127.036251"/><trkpt lat="37.338212" lon="127.036278"/><trkpt lat="37.338187" lon="127.036327"/><trkpt lat="37.338138" lon="127.03644"/><trkpt lat="37.338122" lon="127.036483"/><trkpt lat="37.338112" lon="127.036528"/><trkpt lat="37.33811" lon="127.036576"/><trkpt lat="37.338112" lon="127.036705"/><trkpt lat="37.338109" lon="127.036752"/><trkpt lat="37.338099" lon="127.036798"/><trkpt lat="37.338076" lon="127.036856"/><trkpt lat="37.338016" lon="127.036985"/><trkpt lat="37.337981" lon="127.037054"/><trkpt lat="37.337957" lon="127.037091"/><trkpt lat="37.337915" lon="127.037144"/><trkpt lat="37.337893" lon="127.037178"/><trkpt lat="37.337876" lon="127.03722"/><trkpt lat="37.337851" lon="127.037311"/><trkpt lat="37.337836" lon="127.037355"/><trkpt lat="37.337816" lon="127.037398"/><trkpt lat="37.337687" lon="127.037611"/><trkpt lat="37.337548" lon="127.037836"/><trkpt lat="37.33752" lon="127.037872"/><trkpt lat="37.337469" lon="127.037923"/><trkpt lat="37.337399" lon="127.037987"/></trkseg>
<trkseg><trkpt lat="37.346782" lon="127.045538"/><trkpt lat="37.346664" lon="127.045473"/><trkpt lat="37.34662" lon="127.045436"/><trkpt lat="37.346589" lon="127.045405"/><trkpt lat="37.346535" lon="127.045333"/><trkpt lat="37.346327" lon="127.045035"/><trkpt lat="37.346295" lon="127.044984"/><trkpt lat="37.346278" lon="127.044942"/><trkpt lat="37.346268" lon="127.044895"/><trkpt lat="37.346259" lon="127.04483"/><trkpt lat="37.346234" lon="127.044618"/><trkpt lat="37.346226" lon="127.044569"/><trkpt lat="37.346214" lon="127.044525"/><trkpt lat="37.346186" lon="127.04444"/><trkpt lat="37.346175" lon="127.044397"/><trkpt lat="37.346171" lon="127.044352"/><trkpt lat="37.346167" lon="127.044266"/><trkpt lat="37.346158" lon="127.044224"/><trkpt lat="37.34616" lon="127.044191"/><trkpt lat="37.346172" lon="127.044158"/><trkpt lat="37.346195" lon="127.044123"/><trkpt lat="37.346199" lon="127.044086"/><trkpt lat="37.346204" lon="127.04405"/><trkpt lat="37.346215" lon="127.043982"/><trkpt lat="37.346214" lon="127.043941"/><trkpt lat="37.346209" lon="127.043888"/><trkpt lat="37.346214" lon="127.043842"/><trkpt lat="37.346237" lon="127.043748"/><trkpt lat="37.346246" lon="127.043701"/><trkpt lat="37.346248" lon="127.043652"/><trkpt lat="37.346247" lon="127.043603"/><trkpt lat="37.346242" lon="127.043521"/><trkpt lat="37.346234" lon="127.043474"/><trkpt lat="37.346221" lon="127.043432"/><trkpt lat="37.346197" lon="127.043368"/><trkpt lat="37.346195" lon="127.043327"/><trkpt lat="37.346205" lon="127.043284"/><trkpt lat="37.346225" lon="127.043225"/><trkpt lat="37.346272" lon="127.043091"/><trkpt lat="37.346283" lon="127.043046"/><trkpt lat="37.346285" lon="127.042999"/><trkpt lat="37.346279" lon="127.04295"/><trkpt lat="37.34625" lon="127.042784"/><trkpt lat="37.346235" lon="127.042686"/><trkpt lat="37.34623" lon="127.04264"/><trkpt lat="37.346235" lon="127.04259"/><trkpt lat="37.346232" lon="127.042554"/><trkpt lat="37.346219" lon="127.042514"/><trkpt lat="37.346161" lon="127.042387"/><trkpt lat="37.346145" lon="127.042345"/><trkpt lat="37.346137" lon="127.042302"/><trkpt lat="37.346143" lon="127.042262"/><trkpt lat="37.346159" lon="127.042193"/><trkpt lat="37.346158" lon="127.042146"/><trkpt lat="37.346147" lon="127.042082"/><trkpt lat="37.346114" lon="127.041937"/><trkpt lat="37.346097" lon="127.041875"/><trkpt lat="37.346079" lon="127.041833"/><trkpt lat="37.346052" lon="127.041799"/><trkpt lat="37.345998" lon="127.04175"/><trkpt lat="37.345967" lon="127.041719"/><trkpt lat="37.345944" lon="127.041683"/><trkpt lat="37.345929" lon="127.041641"/><trkpt lat="37.345915" lon="127.041579"/><trkpt lat="37.345881" lon="127.041423"/><trkpt lat="37.345866" lon="127.041378"/><trkpt lat="37.345828" lon="127.041292"/><trkpt lat="37.345677" lon="127.040983"/><trkpt lat="37.345653" lon="127.040926"/><trkpt lat="37.345643" lon="127.040883"/><trkpt lat="37.345646" lon="127.040838"/><trkpt lat="37.345655" lon="127.040777"/><trkpt lat="37.34565" lon="127.040732"/><trkpt lat="37.345637" lon="127.040686"/><trkpt lat="37.345605" lon="127.040593"/><trkpt lat="37.345596" lon="127.040546"/><trkpt lat="37.345594" lon="127.040499"/><trkpt lat="37.345599" lon="127.04046"/><trkpt lat="37.345612" lon="127.040428"/><trkpt lat="37.345609" lon="127.04041"/><trkpt lat="37.345619" lon="127.040398"/><trkpt lat="37.345621" lon="127.040385"/><trkpt lat="37.345601" lon="127.040365"/><trkpt lat="37.345541" lon="127.040315"/><trkpt lat="37.345518" lon="127.040286"/><trkpt lat="37.345514" lon="127.040255"/><trkpt lat="37.34552" lon="127.040208"/><trkpt lat="37.345519" lon="127.040155"/><trkpt lat="37.345526" lon="127.040123"/><trkpt lat="37.345543" lon="127.040085"/><trkpt lat="37.345547" lon="127.040031"/><trkpt lat="37.345553" lon="127.039985"/><trkpt lat="37.345578" lon="127.039875"/><trkpt lat="37.345582" lon="127.039831"/><trkpt lat="37.345571" lon="127.039794"/><trkpt lat="37.345549" lon="127.039762"/><trkpt lat="37.345508" lon="127.039708"/><trkpt lat="37.345488" lon="127.039669"/><trkpt lat="37.345464" lon="127.039614"/><trkpt lat="37.345438" lon="127.039582"/><trkpt lat="37.345406" lon="127.039555"/><trkpt lat="37.345358" lon="127.039516"/><trkpt lat="37.345344" lon="127.039497"/><trkpt lat="37.345354" lon="127.039483"/><trkpt lat="37.345357" lon="127.03947"/><trkpt lat="37.345341" lon="127.03944"/><trkpt lat="37.345334" lon="127.039409"/><trkpt lat="37.345346" lon="127.039339"/><trkpt lat="37.34535" lon="127.039296"/><trkpt lat="37.34534" lon="127.039253"/><trkpt lat="37.345316" lon="127.039182"/><trkpt lat="37.345316" lon="127.039137"/><trkpt lat="37.345327" lon="127.039092"/><trkpt lat="37.34537" lon="127.038968"/><trkpt lat="37.345388" lon="127.038906"/><trkpt lat="37.345393" lon="127.038861"/><trkpt lat="37.345384" lon="127.038819"/><trkpt lat="37.345365" lon="127.038758"/><trkpt lat="37.345367" lon="127.038729"/><trkpt lat="37.345368" lon="127.038689"/><trkpt lat="37.34537" lon="127.038659"/><trkpt lat="37.345378" lon="127.038614"/><trkpt lat="37.345377" lon="127.038568"/><trkpt lat="37.345372" lon="127.038522"/><trkpt lat="37.345362" lon="127.038483"/><trkpt lat="37.345348" lon="127.038457"/><trkpt lat="37.345345" lon="127.038425"/><trkpt lat="37.345367" lon="127.038339"/><trkpt lat="37.345374" lon="127.038295"/><trkpt lat="37.345365" lon="127.038254"/><trkpt lat="37.345343" lon="127.038218"/><trkpt lat="37.345249" lon="127.0381"/><trkpt lat="37.345202" lon="127.038041"/><trkpt lat="37.345179" lon="127.038003"/><trkpt lat="37.345166" lon="127.037962"/><trkpt lat="37.345163" lon="127.037905"/><trkpt lat="37.345158" lon="127.037866"/><trkpt lat="37.345139" lon="127.037837"/><trkpt lat="37.345108" lon="127.037817"/><trkpt lat="37.345051" lon="127.037788"/><trkpt lat="37.345024" lon="127.037762"/><trkpt lat="37.345011" lon="127.037723"/><trkpt lat="37.345002" lon="127.037645"/><trkpt lat="37.344995" lon="127.037599"/><trkpt lat="37.344977" lon="127.03756"/><trkpt lat="37.344951" lon="127.037526"/><trkpt lat="37.344861" lon="127.037432"/><trkpt lat="37.344822" lon="127.037388"/><trkpt lat="37.344797" lon="127.037354"/><trkpt lat="37.344779" lon="127.037317"/><trkpt lat="37.344771" lon="127.03728"/><trkpt lat="37.344778" lon="127.037238"/><trkpt lat="37.344775" lon="127.03721"/><trkpt lat="37.344752" lon="127.037184"/><trkpt lat="37.344716" lon="127.037147"/><trkpt lat="37.344697" lon="127.03711"/><trkpt lat="37.344681" lon="127.037033"/><trkpt lat="37.344669" lon="127.036987"/><trkpt lat="37.344652" lon="127.036944"/><trkpt lat="37.344625" lon="127.0369"/><trkpt lat="37.344588" lon="127.036863"/><trkpt lat="37.344559" lon="127.036847"/><trkpt lat="37.344552" lon="127.036846"/></trkseg>
<trkseg><trkpt lat="37.361014" lon="127.031751"/><trkpt lat="37.361172" lon="127.031307"/><trkpt lat="37.361195" lon="127.031247"/><trkpt lat="37.361217" lon="127.031205"/><trkpt lat="37.361251" lon="127.031154"/><trkpt lat="37.361397" lon="127.030959"/><trkpt lat="37.36145" lon="127.030884"/><trkpt lat="37.361633" lon="127.030579"/><trkpt lat="37.361679" lon="127.030499"/><trkpt lat="37.361699" lon="127.030456"/><trkpt lat="37.361726" lon="127.030383"/><trkpt lat="37.361768" lon="127.030264"/><trkpt lat="37.361786" lon="127.030222"/><trkpt lat="37.36181" lon="127.030185"/><trkpt lat="37.361844" lon="127.030139"/><trkpt lat="37.361859" lon="127.030098"/><trkpt lat="37.361866" lon="127.030052"/><trkpt lat="37.361874" lon="127.029956"/><trkpt lat="37.361877" lon="127.029859"/><trkpt lat="37.361873" lon="127.029811"/><trkpt lat="37.361862" lon="127.029763"/><trkpt lat="37.3618" lon="127.029542"/><trkpt lat="37.361742" lon="127.029337"/><trkpt lat="37.361732" lon="127.02929"/><trkpt lat="37.361732" lon="127.029244"/><trkpt lat="37.361744" lon="127.029202"/><trkpt lat="37.361764" lon="127.029165"/><trkpt lat="37.361792" lon="127.029133"/><trkpt lat="37.361856" lon="127.029076"/><trkpt lat="37.361883" lon="127.029045"/><trkpt lat="37.361899" lon="127.029006"/><trkpt lat="37.361904" lon="127.028961"/><trkpt lat="37.361903" lon="127.028915"/><trkpt lat="37.361894" lon="127.02887"/><trkpt lat="37.361876" lon="127.028827"/><trkpt lat="37.361855" lon="127.028786"/><trkpt lat="37.361816" lon="127.028721"/><trkpt lat="37.36179" lon="127.028688"/><trkpt lat="37.361758" lon="127.028667"/><trkpt lat="37.361721" lon="127.028655"/><trkpt lat="37.361658" lon="127.028641"/><trkpt lat="37.361623" lon="127.02863"/><trkpt lat="37.361599" lon="127.028611"/><trkpt lat="37.361593" lon="127.028576"/><trkpt lat="37.361597" lon="127.028504"/><trkpt lat="37.361591" lon="127.028463"/><trkpt lat="37.361575" lon="127.028415"/><trkpt lat="37.361575" lon="127.028383"/><trkpt lat="37.361594" lon="127.028351"/><trkpt lat="37.361632" lon="127.02831"/><trkpt lat="37.361724" lon="127.028218"/><trkpt lat="37.361751" lon="127.028185"/><trkpt lat="37.361768" lon="127.02815"/><trkpt lat="37.361769" lon="127.028095"/><trkpt lat="37.361771" lon="127.028054"/><trkpt lat="37.361786" lon="127.02802"/><trkpt lat="37.361811" lon="127.027996"/><trkpt lat="37.361846" lon="127.02797"/><trkpt lat="37.361864" lon="127.027937"/><trkpt lat="37.361872" lon="127.027893"/><trkpt lat="37.361884" lon="127.027798"/><trkpt lat="37.361883" lon="127.027772"/><trkpt lat="37.361865" lon="127.027729"/><trkpt lat="37.361853" lon="127.027694"/><trkpt lat="37.361853" lon="127.027651"/><trkpt lat="37.361866" lon="127.027574"/><trkpt lat="37.361872" lon="127.027529"/><trkpt lat="37.361869" lon="127.027487"/><trkpt lat="37.361854" lon="127.02744"/><trkpt lat="37.361852" lon="127.027408"/><trkpt lat="37.361862" lon="127.027377"/><trkpt lat="37.361867" lon="127.027337"/><trkpt lat="37.361872" lon="127.027264"/><trkpt lat="37.361882" lon="127.027216"/><trkpt lat="37.361882" lon="127.027192"/><trkpt lat="37.361873" lon="127.027175"/><trkpt lat="37.36188" lon="127.027157"/><trkpt lat="37.361906" lon="127.027136"/><trkpt lat="37.361983" lon="127.027081"/><trkpt lat="37.362009" lon="127.027054"/><trkpt lat="37.36202" lon="127.027021"/><trkpt lat="37.362029" lon="127.026985"/><trkpt lat="37.362049" lon="127.026947"/><trkpt lat="37.362111" lon="127.026862"/><trkpt lat="37.362136" lon="127.026824"/><trkpt lat="37.362154" lon="127.026784"/><trkpt lat="37.362161" lon="127.026739"/><trkpt lat="37.362166" lon="127.026679"/><trkpt lat="37.36218" lon="127.026642"/><trkpt lat="37.362208" lon="127.026617"/><trkpt lat="37.362241" lon="127.026596"/><trkpt lat="37.362322" lon="127.02655"/><trkpt lat="37.36235" lon="127.026528"/><trkpt lat="37.36236" lon="127.026499"/><trkpt lat="37.362349" lon="127.026463"/><trkpt lat="37.362308" lon="127.026381"/><trkpt lat="37.362292" lon="127.026336"/><trkpt lat="37.362286" lon="127.02629"/><trkpt lat="37.362285" lon="127.026226"/><trkpt lat="37.362288" lon="127.026113"/><trkpt lat="37.362283" lon="127.026069"/><trkpt lat="37.362269" lon="127.026035"/><trkpt lat="37.362243" lon="127.026013"/><trkpt lat="37.362203" lon="127.025986"/><trkpt lat="37.362201" lon="127.025962"/><trkpt lat="37.362198" lon="127.025937"/><trkpt lat="37.362181" lon="127.025894"/><trkpt lat="37.362171" lon="127.025851"/><trkpt lat="37.362168" lon="127.025802"/><trkpt lat="37.362165" lon="127.025717"/><trkpt lat="37.362159" lon="127.025668"/><trkpt lat="37.362149" lon="127.025622"/><trkpt lat="37.362125" lon="127.02553"/><trkpt lat="37.36212" lon="127.025486"/><trkpt lat="37.362129" lon="127.025444"/><trkpt lat="37.362161" lon="127.025377"/><trkpt lat="37.362171" lon="127.025334"/><trkpt lat="37.362168" lon="127.025288"/><trkpt lat="37.362152" lon="127.025193"/><trkpt lat="37.362149" lon="127.025147"/><trkpt lat="37.362156" lon="127.025105"/><trkpt lat="37.362176" lon="127.025053"/><trkpt lat="37.362189" lon="127.025013"/><trkpt lat="37.362194" lon="127.024965"/><trkpt lat="37.362195" lon="127.024915"/><trkpt lat="37.362193" lon="127.024865"/><trkpt lat="37.362188" lon="127.024816"/><trkpt lat="37.362176" lon="127.024771"/><trkpt lat="37.362158" lon="127.024718"/><trkpt lat="37.362161" lon="127.02468"/><trkpt lat="37.362191" lon="127.024615"/><trkpt lat="37.362207" lon="127.024572"/><trkpt lat="37.362218" lon="127.024528"/><trkpt lat="37.362234" lon="127.024452"/><trkpt lat="37.362249" lon="127.024412"/><trkpt lat="37.362272" lon="127.024382"/><trkpt lat="37.362309" lon="127.024344"/><trkpt lat="37.362334" lon="127.024312"/><trkpt lat="37.362355" lon="127.02427"/><trkpt lat="37.362386" lon="127.024198"/><trkpt lat="37.362407" lon="127.024159"/><trkpt lat="37.36244" lon="127.024122"/><trkpt lat="37.362456" lon="127.024094"/><trkpt lat="37.362462" lon="127.024047"/><trkpt lat="37.362474" lon="127.023989"/><trkpt lat="37.362491" lon="127.02393"/><trkpt lat="37.362506" lon="127.023888"/><trkpt lat="37.362527" lon="127.023852"/><trkpt lat="37.362557" lon="127.023827"/><trkpt lat="37.36263" lon="127.023791"/><trkpt lat="37.362666" lon="127.023772"/><trkpt lat="37.362701" lon="127.023746"/><trkpt lat="37.3628" lon="127.023659"/><trkpt lat="37.362844" lon="127.023623"/><trkpt lat="37.362878" lon="127.023609"/><trkpt lat="37.362914" lon="127.023614"/><trkpt lat="37.362964" lon="127.023636"/><trkpt lat="37.363101" lon="127.02371"/><trkpt lat="37.363151" lon="127.023734"/><trkpt lat="37.363189" lon="127.023747"/><trkpt lat="37.363384" lon="127.023789"/><trkpt lat="37.363554" lon="127.023823"/><trkpt lat="37.363594" lon="127.023826"/><trkpt lat="37.36363" lon="127.023821"/><trkpt lat="37.363667" lon="127.023811"/><trkpt lat="37.3637" lon="127.023796"/><trkpt lat="37.363725" lon="127.023771"/><trkpt lat="37.36374" lon="127.023735"/><trkpt lat="37.363745" lon="127.023695"/><trkpt lat="37.363733" lon="127.023658"/><trkpt lat="37.363708" lon="127.023623"/><trkpt lat="37.363669" lon="127.023579"/><trkpt lat="37.363394" lon="127.02329"/><trkpt lat="37.363352" lon="127.023249"/><trkpt lat="37.363319" lon="127.023221"/><trkpt lat="37.363272" lon="127.023189"/><trkpt lat="37.363078" lon="127.023073"/><trkpt lat="37.363031" lon="127.023043"/><trkpt lat="37.363003" lon="127.023015"/><trkpt lat="37.362989" lon="127.022977"/><trkpt lat="37.362987" lon="127.022931"/><trkpt lat="37.362987" lon="127.02285"/><trkpt lat="37.362982" lon="127.022803"/><trkpt lat="37.362969" lon="127.022764"/><trkpt lat="37.362943" lon="127.022699"/><trkpt lat="37.362935" lon="127.022653"/><trkpt lat="37.362932" lon="127.022588"/><trkpt lat="37.362928" lon="127.022458"/><trkpt lat="37.362922" lon="127.022411"/><trkpt lat="37.362909" lon="127.022372"/><trkpt lat="37.36289" lon="127.022329"/><trkpt lat="37.36289" lon="127.022302"/><trkpt lat="37.362909" lon="127.02227"/><trkpt lat="37.362906" lon="127.022245"/><trkpt lat="37.362884" lon="127.022217"/><trkpt lat="37.362794" lon="127.022125"/><trkpt lat="37.362768" lon="127.022092"/><trkpt lat="37.362752" lon="127.022054"/><trkpt lat="37.362744" lon="127.02198"/><trkpt lat="37.362737" lon="127.021938"/><trkpt lat="37.36272" lon="127.021906"/><trkpt lat="37.362691" lon="127.021862"/><trkpt lat="37.362671" lon="127.021821"/><trkpt lat="37.362647" lon="127.021763"/><trkpt lat="37.362632" lon="127.021719"/><trkpt lat="37.362624" lon="127.021674"/><trkpt lat="37.362624" lon="127.021599"/><trkpt lat="37.362612" lon="127.02156"/><trkpt lat="37.362588" lon="127.021524"/><trkpt lat="37.362546" lon="127.021466"/><trkpt lat="37.362522" lon="127.021426"/><trkpt lat="37.362494" lon="127.021405"/><trkpt lat="37.362458" lon="127.021391"/><trkpt lat="37.362301" lon="127.021348"/><trkpt lat="37.362263" lon="127.021335"/><trkpt lat="37.362227" lon="127.021317"/><trkpt lat="37.362195" lon="127.021291"/><trkpt lat="37.362137" lon="127.021228"/><trkpt lat="37.362097" lon="127.021187"/><trkpt lat="37.362065" lon="127.021163"/><trkpt lat="37.36203" lon="127.021145"/><trkpt lat="37.361962" lon="127.021115"/><trkpt lat="37.361937" lon="127.021095"/><trkpt lat="37.361918" lon="127.021065"/><trkpt lat="37.361893" lon="127.021042"/><trkpt lat="37.361846" lon="127.021004"/><trkpt lat="37.361828" lon="127.020971"/><trkpt lat="37.361808" lon="127.020925"/><trkpt lat="37.361775" lon="127.020896"/><trkpt lat="37.361768" lon="127.02088"/><trkpt lat="37.361781" lon="127.020855"/><trkpt lat="37.361779" lon="127.020828"/><trkpt lat="37.361759" lon="127.020807"/><trkpt lat="37.361711" lon="127.020777"/><trkpt lat="37.361686" lon="127.020743"/><trkpt lat="37.36166" lon="127.020686"/><trkpt lat="37.361584" lon="127.020489"/><trkpt lat="37.361559" lon="127.020432"/><trkpt lat="37.361535" lon="127.020394"/><trkpt lat="37.361506" lon="127.020366"/><trkpt lat="37.361456" lon="127.020323"/><trkpt lat="37.361433" lon="127.020288"/><trkpt lat="37.361415" lon="127.020245"/><trkpt lat="37.361385" lon="127.020155"/><trkpt lat="37.361368" lon="127.020113"/><trkpt lat="37.361343" lon="127.020081"/><trkpt lat="37.36131" lon="127.020061"/><trkpt lat="37.361273" lon="127.020046"/><trkpt lat="37.361031" lon="127.019964"/><trkpt lat="37.36098" lon="127.019945"/><trkpt lat="37.360944" lon="127.019926"/><trkpt lat="37.360875" lon="127.01988"/><trkpt lat="37.360831" lon="127.019846"/><trkpt lat="37.360801" lon="127.019818"/><trkpt lat="37.360781" lon="127.019786"/><trkpt lat="37.360774" lon="127.019745"/><trkpt lat="37.360771" lon="127.019689"/><trkpt lat="37.360757" lon="127.019656"/><trkpt lat="37.360731" lon="127.01962"/><trkpt lat="37.360724" lon="127.019592"/><trkpt lat="37.360736" lon="127.019548"/><trkpt lat="37.360738" lon="127.019513"/><trkpt lat="37.360729" lon="127.019476"/><trkpt lat="37.36071" lon="127.019436"/><trkpt lat="37.360649" lon="127.019333"/><trkpt lat="37.360631" lon="127.019295"/><trkpt lat="37.360625" lon="127.019258"/><trkpt lat="37.360627" lon="127.019215"/><trkpt lat="37.360619" lon="127.019178"/><trkpt lat="37.360599" lon="127.019139"/><trkpt lat="37.360538" lon="127.019051"/><trkpt lat="37.360514" lon="127.019014"/><trkpt lat="37.360496" lon="127.018976"/><trkpt lat="37.360493" lon="127.018938"/><trkpt lat="37.3605" lon="127.018888"/><trkpt lat="37.3605" lon="127.018847"/><trkpt lat="37.360486" lon="127.018774"/><trkpt lat="37.360479" lon="127.018731"/><trkpt lat="37.360481" lon="127.018686"/><trkpt lat="37.360502" lon="127.018597"/><trkpt lat="37.360511" lon="127.018554"/><trkpt lat="37.360508" lon="127.018512"/><trkpt lat="37.360492" lon="127.018474"/><trkpt lat="37.360467" lon="127.018443"/><trkpt lat="37.360434" lon="127.018424"/><trkpt lat="37.360373" lon="127.018402"/><trkpt lat="37.36034" lon="127.018387"/><trkpt lat="37.360315" lon="127.018365"/><trkpt lat="37.3603" lon="127.018316"/><trkpt lat="37.360286" lon="127.018278"/><trkpt lat="37.360261" lon="127.018245"/><trkpt lat="37.360231" lon="127.018216"/><trkpt lat="37.360199" lon="127.01819"/><trkpt lat="37.360165" lon="127.018168"/><trkpt lat="37.36013" lon="127.018156"/><trkpt lat="37.360055" lon="127.018147"/><trkpt lat="37.360018" lon="127.018136"/><trkpt lat="37.359969" lon="127.018112"/><trkpt lat="37.359689" lon="127.017959"/><trkpt lat="37.35963" lon="127.017924"/><trkpt lat="37.359599" lon="127.017899"/><trkpt lat="37.359576" lon="127.017863"/><trkpt lat="37.359562" lon="127.017818"/><trkpt lat="37.359529" lon="127.017692"/><trkpt lat="37.359513" lon="127.017646"/><trkpt lat="37.35948" lon="127.017575"/><trkpt lat="37.359357" lon="127.017337"/><trkpt lat="37.359326" lon="127.017284"/><trkpt lat="37.359299" lon="127.017248"/><trkpt lat="37.359258" lon="127.017204"/><trkpt lat="37.359173" lon="127.01712"/><trkpt lat="37.35913" lon="127.017082"/><trkpt lat="37.359095" lon="127.017061"/><trkpt lat="37.359045" lon="127.017045"/><trkpt lat="37.359008" lon="127.01703"/><trkpt lat="37.358975" lon="127.017007"/><trkpt lat="37.358924" lon="127.016962"/><trkpt lat="37.358891" lon="127.016939"/><trkpt lat="37.358856" lon="127.016927"/><trkpt lat="37.35882" lon="127.016922"/><trkpt lat="37.358784" lon="127.016921"/><trkpt lat="37.35875" lon="127.016927"/><trkpt lat="37.358707" lon="127.016945"/><trkpt lat="37.358672" lon="127.016946"/><trkpt lat="37.358635" lon="127.016937"/><trkpt lat="37.358597" lon="127.016923"/><trkpt lat="37.358524" lon="127.016885"/><trkpt lat="37.358343" lon="127.016782"/><trkpt lat="37.358296" lon="127.01675"/><trkpt lat="37.35816" lon="127.016645"/><trkpt lat="37.358116" lon="127.016608"/><trkpt lat="37.358087" lon="127.016576"/><trkpt lat="37.358061" lon="127.016538"/><trkpt lat="37.357981" lon="127.016403"/><trkpt lat="37.357955" lon="127.016365"/><trkpt lat="37.357927" lon="127.01633"/><trkpt lat="37.357895" lon="127.016299"/><trkpt lat="37.357862" lon="127.016271"/><trkpt lat="37.357827" lon="127.016248"/><trkpt lat="37.357791" lon="127.016235"/><trkpt lat="37.35774" lon="127.016224"/><trkpt lat="37.357651" lon="127.016212"/><trkpt lat="37.357614" lon="127.016211"/><trkpt lat="37.357565" lon="127.016222"/><trkpt lat="37.357535" lon="127.01622"/><trkpt lat="37.357503" lon="127.016203"/><trkpt lat="37.357423" lon="127.016151"/><trkpt lat="37.357388" lon="127.016132"/><trkpt lat="37.35735" lon="127.016118"/><trkpt lat="37.357145" lon="127.016059"/><trkpt lat="37.357093" lon="127.016048"/><trkpt lat="37.357055" lon="127.016047"/><trkpt lat="37.357017" lon="127.016055"/><trkpt lat="37.356954" lon="127.016074"/><trkpt lat="37.356905" lon="127.016093"/><trkpt lat="37.35687" lon="127.016112"/><trkpt lat="37.35681" lon="127.016169"/><trkpt lat="37.356779" lon="127.016192"/><trkpt lat="37.356742" lon="127.016203"/><trkpt lat="37.35669" lon="127.016207"/><trkpt lat="37.356342" lon="127.01621"/><trkpt lat="37.356289" lon="127.016213"/><trkpt lat="37.356251" lon="127.016221"/><trkpt lat="37.356218" lon="127.016241"/><trkpt lat="37.356164" lon="127.016283"/><trkpt lat="37.356128" lon="127.0163"/><trkpt lat="37.356003" lon="127.016344"/><trkpt lat="37.355953" lon="127.016362"/><trkpt lat="37.355919" lon="127.016381"/><trkpt lat="37.355885" lon="127.016414"/><trkpt lat="37.355857" lon="127.016436"/><trkpt lat="37.355822" lon="127.016451"/><trkpt lat="37.355784" lon="127.01646"/><trkpt lat="37.355653" lon="127.016486"/><trkpt lat="37.355616" lon="127.016497"/><trkpt lat="37.355583" lon="127.016518"/><trkpt lat="37.355556" lon="127.01655"/><trkpt lat="37.355522" lon="127.016599"/><trkpt lat="37.355451" lon="127.016714"/><trkpt lat="37.355431" lon="127.016754"/><trkpt lat="37.355419" lon="127.016793"/><trkpt lat="37.355406" lon="127.016855"/><trkpt lat="37.355385" lon="127.016893"/><trkpt lat="37.355358" lon="127.01692"/><trkpt lat="37.355326" lon="127.016931"/><trkpt lat="37.355282" lon="127.016936"/><trkpt lat="37.35525" lon="127.016945"/><trkpt lat="37.355219" lon="127.016957"/><trkpt lat="37.355184" lon="127.016955"/><trkpt lat="37.355124" lon="127.016939"/><trkpt lat="37.355088" lon="127.016936"/><trkpt lat="37.355054" lon="127.016951"/><trkpt lat="37.355009" lon="127.016979"/><trkpt lat="37.354973" lon="127.016996"/><trkpt lat="37.354923" lon="127.01701"/><trkpt lat="37.354809" lon="127.017035"/><trkpt lat="37.354772" lon="127.017046"/><trkpt lat="37.354736" lon="127.017064"/><trkpt lat="37.354691" lon="127.017096"/><trkpt lat="37.354625" lon="127.017145"/><trkpt lat="37.354591" lon="127.017166"/><trkpt lat="37.354554" lon="127.017178"/><trkpt lat="37.354502" lon="127.017184"/><trkpt lat="37.354265" lon="127.017192"/></trkseg>
<trkseg><trkpt lat="37.332043" lon="127.079224"/><trkpt lat="37.332059" lon="127.079181"/><trkpt lat="37.332091" lon="127.079111"/><trkpt lat="37.332105" lon="127.079069"/><trkpt lat="37.33211" lon="127.079027"/><trkpt lat="37.332111" lon="127.078972"/><trkpt lat="37.332122" lon="127.078932"/><trkpt lat="37.332155" lon="127.078851"/><trkpt lat="37.332167" lon="127.078808"/><trkpt lat="37.332172" lon="127.078759"/><trkpt lat="37.332174" lon="127.078626"/><trkpt lat="37.332175" lon="127.078324"/><trkpt lat="37.332179" lon="127.078277"/><trkpt lat="37.332192" lon="127.078234"/><trkpt lat="37.332214" lon="127.078199"/><trkpt lat="37.332258" lon="127.078144"/><trkpt lat="37.332282" lon="127.078109"/><trkpt lat="37.332298" lon="127.078071"/><trkpt lat="37.332312" lon="127.078017"/><trkpt lat="37.332327" lon="127.077981"/><trkpt lat="37.332354" lon="127.07795"/><trkpt lat="37.332408" lon="127.077906"/><trkpt lat="37.332437" lon="127.077874"/><trkpt lat="37.332463" lon="127.077836"/><trkpt lat="37.332569" lon="127.077663"/><trkpt lat="37.332608" lon="127.077595"/><trkpt lat="37.332626" lon="127.077552"/><trkpt lat="37.332636" lon="127.077507"/><trkpt lat="37.332644" lon="127.077443"/><trkpt lat="37.332656" lon="127.077332"/><trkpt lat="37.332665" lon="127.077288"/><trkpt lat="37.332685" lon="127.077249"/><trkpt lat="37.332712" lon="127.077215"/><trkpt lat="37.332761" lon="127.077159"/><trkpt lat="37.332786" lon="127.077122"/><trkpt lat="37.332807" lon="127.07708"/><trkpt lat="37.332849" lon="127.076976"/><trkpt lat="37.332872" lon="127.076916"/><trkpt lat="37.332885" lon="127.076869"/><trkpt lat="37.332899" lon="127.076804"/><trkpt lat="37.332912" lon="127.076722"/><trkpt lat="37.332917" lon="127.076672"/><trkpt lat="37.332917" lon="127.076624"/><trkpt lat="37.332908" lon="127.076513"/><trkpt lat="37.332908" lon="127.076466"/><trkpt lat="37.332916" lon="127.07642"/><trkpt lat="37.332943" lon="127.07633"/><trkpt lat="37.332988" lon="127.076195"/><trkpt lat="37.333006" lon="127.076153"/><trkpt lat="37.333029" lon="127.076113"/><trkpt lat="37.333145" lon="127.075948"/><trkpt lat="37.333197" lon="127.075871"/><trkpt lat="37.333218" lon="127.07583"/><trkpt lat="37.333232" lon="127.075784"/><trkpt lat="37.33326" lon="127.075638"/><trkpt lat="37.333274" lon="127.075575"/><trkpt lat="37.333289" lon="127.075532"/><trkpt lat="37.333314" lon="127.075499"/><trkpt lat="37.333347" lon="127.075475"/><trkpt lat="37.333406" lon="127.075436"/><trkpt lat="37.333435" lon="127.075406"/><trkpt lat="37.333455" lon="127.07537"/><trkpt lat="37.333472" lon="127.07533"/><trkpt lat="37.333483" lon="127.075286"/><trkpt lat="37.333489" lon="127.075238"/><trkpt lat="37.333499" lon="127.07509"/><trkpt lat="37.333506" lon="127.075026"/><trkpt lat="37.333516" lon="127.074981"/><trkpt lat="37.333542" lon="127.074896"/><trkpt lat="37.333548" lon="127.074852"/><trkpt lat="37.333548" lon="127.074791"/><trkpt lat="37.333554" lon="127.074746"/><trkpt lat="37.333568" lon="127.074702"/><trkpt lat="37.333624" lon="127.074556"/><trkpt lat="37.333633" lon="127.074527"/></trkseg>
<trkseg><trkpt lat="37.328766" lon="127.082594"/><trkpt lat="37.328836" lon="127.082391"/><trkpt lat="37.328859" lon="127.082331"/><trkpt lat="37.32888" lon="127.082289"/><trkpt lat="37.328978" lon="127.082129"/><trkpt lat="37.329009" lon="127.082075"/><trkpt lat="37.329028" lon="127.082033"/><trkpt lat="37.329038" lon="127.081989"/><trkpt lat="37.329045" lon="127.081913"/><trkpt lat="37.329055" lon="127.08187"/><trkpt lat="37.329072" lon="127.081831"/><trkpt lat="37.329118" lon="127.081741"/><trkpt lat="37.329132" lon="127.081699"/><trkpt lat="37.329152" lon="127.081626"/><trkpt lat="37.329172" lon="127.081587"/><trkpt lat="37.329222" lon="127.081514"/><trkpt lat="37.329242" lon="127.081474"/><trkpt lat="37.329253" lon="127.081429"/><trkpt lat="37.329273" lon="127.081302"/><trkpt lat="37.329281" lon="127.081261"/><trkpt lat="37.329291" lon="127.081233"/><trkpt lat="37.329308" lon="127.081222"/><trkpt lat="37.329326" lon="127.081198"/><trkpt lat="37.329376" lon="127.081092"/><trkpt lat="37.329403" lon="127.08104"/><trkpt lat="37.329426" lon="127.081011"/><trkpt lat="37.329454" lon="127.080997"/><trkpt lat="37.329477" lon="127.080978"/><trkpt lat="37.329491" lon="127.080941"/><trkpt lat="37.329507" lon="127.080866"/><trkpt lat="37.329526" lon="127.080815"/><trkpt lat="37.329554" lon="127.080773"/><trkpt lat="37.329579" lon="127.080745"/><trkpt lat="37.329586" lon="127.080739"/></trkseg>
<trkseg><trkpt lat="37.329586" lon="127.080739"/><trkpt lat="37.329292" lon="127.080738"/><trkpt lat="37.329253" lon="127.080734"/><trkpt lat="37.329216" lon="127.080723"/><trkpt lat="37.329157" lon="127.080693"/><trkpt lat="37.329121" lon="127.080681"/><trkpt lat="37.329084" lon="127.08068"/><trkpt lat="37.328971" lon="127.080693"/><trkpt lat="37.328933" lon="127.080694"/><trkpt lat="37.328894" lon="127.08069"/><trkpt lat="37.328817" lon="127.080673"/><trkpt lat="37.328651" lon="127.080633"/><trkpt lat="37.328614" lon="127.08063"/><trkpt lat="37.328581" lon="127.080639"/><trkpt lat="37.328543" lon="127.080666"/><trkpt lat="37.328514" lon="127.080685"/><trkpt lat="37.32848" lon="127.080691"/><trkpt lat="37.328444" lon="127.080691"/><trkpt lat="37.328382" lon="127.080688"/><trkpt lat="37.328348" lon="127.080694"/><trkpt lat="37.328316" lon="127.080712"/><trkpt lat="37.328275" lon="127.080739"/><trkpt lat="37.328241" lon="127.080746"/><trkpt lat="37.328203" lon="127.080741"/><trkpt lat="37.328151" lon="127.080727"/><trkpt lat="37.327994" lon="127.080681"/><trkpt lat="37.327941" lon="127.08067"/><trkpt lat="37.327889" lon="127.080667"/><trkpt lat="37.327452" lon="127.08068"/></trkseg>
<trkseg><trkpt lat="37.335129" lon="127.092529"/><trkpt lat="37.335143" lon="127.092519"/><trkpt lat="37.33516" lon="127.092499"/><trkpt lat="37.335148" lon="127.092477"/><trkpt lat="37.335116" lon="127.092462"/><trkpt lat="37.334965" lon="127.092413"/><trkpt lat="37.334916" lon="127.092393"/><trkpt lat="37.33488" lon="127.092373"/><trkpt lat="37.334648" lon="127.092204"/><trkpt lat="37.334463" lon="127.092068"/><trkpt lat="37.33442" lon="127.092031"/><trkpt lat="37.334393" lon="127.091997"/><trkpt lat="37.334374" lon="127.091958"/><trkpt lat="37.334334" lon="127.091859"/><trkpt lat="37.334316" lon="127.091818"/><trkpt lat="37.334294" lon="127.091782"/><trkpt lat="37.334265" lon="127.091738"/><trkpt lat="37.334256" lon="127.091697"/><trkpt lat="37.334251" lon="127.091619"/><trkpt lat="37.334242" lon="127.091573"/><trkpt lat="37.334223" lon="127.091515"/><trkpt lat="37.334174" lon="127.091384"/><trkpt lat="37.334161" lon="127.091339"/><trkpt lat="37.334155" lon="127.091293"/><trkpt lat="37.334153" lon="127.091244"/><trkpt lat="37.334156" lon="127.091096"/><trkpt lat="37.334154" lon="127.091049"/><trkpt lat="37.334144" lon="127.091005"/><trkpt lat="37.334123" lon="127.090965"/><trkpt lat="37.334091" lon="127.090915"/><trkpt lat="37.334032" lon="127.090828"/><trkpt lat="37.33401" lon="127.090788"/><trkpt lat="37.333973" lon="127.0907"/><trkpt lat="37.333916" lon="127.090552"/><trkpt lat="37.333895" lon="127.090512"/><trkpt lat="37.333867" lon="127.09048"/><trkpt lat="37.333823" lon="127.090446"/><trkpt lat="37.333732" lon="127.090383"/><trkpt lat="37.333704" lon="127.090358"/><trkpt lat="37.333673" lon="127.090329"/><trkpt lat="37.333641" lon="127.090322"/><trkpt lat="37.33358" lon="127.090319"/><trkpt lat="37.333544" lon="127.09031"/><trkpt lat="37.333508" lon="127.090293"/><trkpt lat="37.333391" lon="127.090221"/><trkpt lat="37.333322" lon="127.090175"/><trkpt lat="37.333291" lon="127.090149"/><trkpt lat="37.333268" lon="127.090115"/><trkpt lat="37.333255" lon="127.090071"/><trkpt lat="37.333233" lon="127.089979"/><trkpt lat="37.333214" lon="127.089943"/><trkpt lat="37.333185" lon="127.089917"/><trkpt lat="37.33315" lon="127.0899"/><trkpt lat="37.333071" lon="127.089875"/><trkpt lat="37.332781" lon="127.089794"/><trkpt lat="37.332744" lon="127.089779"/><trkpt lat="37.332737" lon="127.089775"/></trkseg>
<trkseg><trkpt lat="37.319518" lon="127.075627"/><trkpt lat="37.319236" lon="127.075602"/><trkpt lat="37.319293" lon="127.075503"/><trkpt lat="37.319346" lon="127.075501"/><trkpt lat="37.319382" lon="127.07549"/><trkpt lat="37.319415" lon="127.075472"/><trkpt lat="37.319444" lon="127.075448"/><trkpt lat="37.319462" lon="127.075411"/><trkpt lat="37.31947" lon="127.075365"/><trkpt lat="37.31948" lon="127.075248"/><trkpt lat="37.319489" lon="127.075166"/><trkpt lat="37.319499" lon="127.075122"/><trkpt lat="37.319513" lon="127.075079"/><trkpt lat="37.319508" lon="127.075047"/><trkpt lat="37.319496" lon="127.074997"/><trkpt lat="37.319503" lon="127.074964"/><trkpt lat="37.319508" lon="127.074898"/><trkpt lat="37.319514" lon="127.074855"/><trkpt lat="37.319529" lon="127.074815"/><trkpt lat="37.319552" lon="127.074777"/><trkpt lat="37.319604" lon="127.074706"/><trkpt lat="37.319641" lon="127.074663"/><trkpt lat="37.319672" lon="127.074637"/><trkpt lat="37.319708" lon="127.074623"/><trkpt lat="37.319759" lon="127.074614"/><trkpt lat="37.319864" lon="127.074599"/><trkpt lat="37.319902" lon="127.074589"/><trkpt lat="37.319963" lon="127.074562"/><trkpt lat="37.320047" lon="127.074523"/><trkpt lat="37.320083" lon="127.074512"/><trkpt lat="37.320123" lon="127.07451"/><trkpt lat="37.320203" lon="127.074518"/><trkpt lat="37.320243" lon="127.07452"/><trkpt lat="37.320281" lon="127.074515"/><trkpt lat="37.320316" lon="127.074497"/><trkpt lat="37.320361" lon="127.074463"/><trkpt lat="37.320517" lon="127.074331"/><trkpt lat="37.320573" lon="127.074287"/><trkpt lat="37.320609" lon="127.074266"/><trkpt lat="37.320921" lon="127.074121"/><trkpt lat="37.321121" lon="127.074029"/><trkpt lat="37.321156" lon="127.074008"/><trkpt lat="37.321187" lon="127.073983"/><trkpt lat="37.321215" lon="127.073954"/><trkpt lat="37.321241" lon="127.073921"/><trkpt lat="37.321263" lon="127.073883"/><trkpt lat="37.321296" lon="127.073817"/><trkpt lat="37.321323" lon="127.073788"/><trkpt lat="37.321377" lon="127.073756"/><trkpt lat="37.321403" lon="127.073737"/><trkpt lat="37.321417" lon="127.073712"/><trkpt lat="37.321434" lon="127.073682"/><trkpt lat="37.321459" lon="127.073652"/><trkpt lat="37.321488" lon="127.073628"/><trkpt lat="37.321539" lon="127.073602"/><trkpt lat="37.32156" lon="127.073584"/><trkpt lat="37.321569" lon="127.073553"/><trkpt lat="37.321584" lon="127.073516"/><trkpt lat="37.321622" lon="127.07345"/><trkpt lat="37.321679" lon="127.073357"/><trkpt lat="37.3217" lon="127.073315"/><trkpt lat="37.321713" lon="127.073271"/><trkpt lat="37.321716" lon="127.073224"/><trkpt lat="37.321713" lon="127.073126"/><trkpt lat="37.321714" lon="127.073077"/><trkpt lat="37.321719" lon="127.073029"/><trkpt lat="37.321731" lon="127.072983"/><trkpt lat="37.321778" lon="127.072846"/><trkpt lat="37.321798" lon="127.072785"/><trkpt lat="37.32181" lon="127.072739"/><trkpt lat="37.321817" lon="127.072689"/><trkpt lat="37.321821" lon="127.072622"/><trkpt lat="37.321829" lon="127.072469"/><trkpt lat="37.321835" lon="127.07242"/><trkpt lat="37.321848" lon="127.072375"/><trkpt lat="37.321866" lon="127.072336"/><trkpt lat="37.32189" lon="127.072302"/><trkpt lat="37.321932" lon="127.072262"/><trkpt lat="37.321945" lon="127.072233"/><trkpt lat="37.321941" lon="127.072195"/><trkpt lat="37.321927" lon="127.072123"/><trkpt lat="37.32193" lon="127.072078"/><trkpt lat="37.321942" lon="127.072032"/><trkpt lat="37.321975" lon="127.07194"/><trkpt lat="37.322017" lon="127.071834"/><trkpt lat="37.322036" lon="127.071792"/><trkpt lat="37.32206" lon="127.071756"/><trkpt lat="37.322098" lon="127.071706"/><trkpt lat="37.322112" lon="127.071665"/><trkpt lat="37.322128" lon="127.071587"/><trkpt lat="37.322142" lon="127.071541"/><trkpt lat="37.322177" lon="127.071453"/><trkpt lat="37.322306" lon="127.071147"/><trkpt lat="37.322322" lon="127.071102"/><trkpt lat="37.322335" lon="127.071057"/><trkpt lat="37.322348" lon="127.070982"/><trkpt lat="37.322362" lon="127.070941"/><trkpt lat="37.322396" lon="127.0709"/><trkpt lat="37.322435" lon="127.070871"/><trkpt lat="37.322453" lon="127.070859"/></trkseg>
<trkseg><trkpt lat="37.322453" lon="127.070859"/><trkpt lat="37.322439" lon="127.070846"/><trkpt lat="37.322405" lon="127.070823"/><trkpt lat="37.322358" lon="127.070806"/><trkpt lat="37.32229" lon="127.070799"/><trkpt lat="37.322253" lon="127.070788"/><trkpt lat="37.322218" lon="127.070768"/><trkpt lat="37.32213" lon="127.0707"/><trkpt lat="37.322088" lon="127.070663"/><trkpt lat="37.322062" lon="127.070628"/><trkpt lat="37.322042" lon="127.070586"/><trkpt lat="37.321985" lon="127.070435"/><trkpt lat="37.321966" lon="127.070391"/><trkpt lat="37.321943" lon="127.07035"/><trkpt lat="37.321908" lon="127.070301"/><trkpt lat="37.321828" lon="127.070191"/><trkpt lat="37.321809" lon="127.070153"/><trkpt lat="37.3218" lon="127.070098"/><trkpt lat="37.321793" lon="127.070053"/><trkpt lat="37.321773" lon="127.069976"/><trkpt lat="37.321746" lon="127.069883"/><trkpt lat="37.321725" lon="127.069823"/><trkpt lat="37.321705" lon="127.069785"/><trkpt lat="37.32168" lon="127.069762"/><trkpt lat="37.32154" lon="127.069714"/><trkpt lat="37.3214" lon="127.069825"/><trkpt lat="37.321272" lon="127.0699"/><trkpt lat="37.32124" lon="127.069928"/><trkpt lat="37.321206" lon="127.069949"/><trkpt lat="37.320777" lon="127.070223"/><trkpt lat="37.320716" lon="127.070301"/><trkpt lat="37.320586" lon="127.07044"/><trkpt lat="37.320862" lon="127.070972"/></trkseg>
<trkseg><trkpt lat="37.313002" lon="127.033764"/><trkpt lat="37.312936" lon="127.033705"/><trkpt lat="37.312896" lon="127.033673"/><trkpt lat="37.31286" lon="127.033655"/><trkpt lat="37.31281" lon="127.033638"/><trkpt lat="37.312711" lon="127.033605"/><trkpt lat="37.312675" lon="127.033588"/><trkpt lat="37.312643" lon="127.033564"/><trkpt lat="37.312601" lon="127.033526"/><trkpt lat="37.312499" lon="127.033428"/><trkpt lat="37.312466" lon="127.033402"/><trkpt lat="37.31242" lon="127.033373"/><trkpt lat="37.312325" lon="127.03332"/><trkpt lat="37.312277" lon="127.033297"/><trkpt lat="37.312199" lon="127.033269"/><trkpt lat="37.31157" lon="127.033072"/><trkpt lat="37.311505" lon="127.033055"/><trkpt lat="37.311465" lon="127.033051"/><trkpt lat="37.3114" lon="127.033053"/><trkpt lat="37.311111" lon="127.033071"/><trkpt lat="37.311072" lon="127.03307"/><trkpt lat="37.311034" lon="127.033062"/><trkpt lat="37.310998" lon="127.033045"/><trkpt lat="37.31082" lon="127.032934"/><trkpt lat="37.310619" lon="127.032806"/><trkpt lat="37.310586" lon="127.03278"/><trkpt lat="37.310556" lon="127.032749"/><trkpt lat="37.310481" lon="127.032657"/><trkpt lat="37.310451" lon="127.032627"/><trkpt lat="37.310417" lon="127.032605"/><trkpt lat="37.310366" lon="127.032586"/><trkpt lat="37.310132" lon="127.032518"/><trkpt lat="37.310067" lon="127.032502"/><trkpt lat="37.310028" lon="127.0325"/><trkpt lat="37.309991" lon="127.032508"/><trkpt lat="37.309931" lon="127.032533"/><trkpt lat="37.309833" lon="127.032578"/><trkpt lat="37.309796" lon="127.032591"/><trkpt lat="37.309758" lon="127.032597"/><trkpt lat="37.309722" lon="127.032597"/><trkpt lat="37.309693" lon="127.032584"/><trkpt lat="37.309659" lon="127.032561"/><trkpt lat="37.309624" lon="127.032559"/><trkpt lat="37.309586" lon="127.032563"/><trkpt lat="37.308952" lon="127.032681"/><trkpt lat="37.308886" lon="127.032695"/><trkpt lat="37.308834" lon="127.032711"/><trkpt lat="37.308501" lon="127.03284"/><trkpt lat="37.308425" lon="127.032872"/><trkpt lat="37.308376" lon="127.032899"/><trkpt lat="37.308088" lon="127.033087"/><trkpt lat="37.308028" lon="127.033124"/><trkpt lat="37.307991" lon="127.03314"/><trkpt lat="37.307954" lon="127.033143"/><trkpt lat="37.307916" lon="127.033134"/><trkpt lat="37.307763" lon="127.03308"/><trkpt lat="37.30752" lon="127.032994"/><trkpt lat="37.307482" lon="127.032983"/><trkpt lat="37.307443" lon="127.03298"/><trkpt lat="37.307404" lon="127.032985"/><trkpt lat="37.307352" lon="127.032999"/><trkpt lat="37.307314" lon="127.033013"/><trkpt lat="37.307278" lon="127.033032"/><trkpt lat="37.307187" lon="127.033097"/><trkpt lat="37.307141" lon="127.033127"/><trkpt lat="37.307104" lon="127.033144"/><trkpt lat="37.307053" lon="127.033159"/><trkpt lat="37.306791" lon="127.033221"/><trkpt lat="37.306725" lon="127.033233"/><trkpt lat="37.306686" lon="127.033234"/><trkpt lat="37.306636" lon="127.033227"/><trkpt lat="37.306522" lon="127.033204"/><trkpt lat="37.306483" lon="127.033201"/><trkpt lat="37.306147" lon="127.033215"/><trkpt lat="37.306052" lon="127.033217"/><trkpt lat="37.306012" lon="127.033215"/><trkpt lat="37.305959" lon="127.033206"/><trkpt lat="37.305786" lon="127.03317"/><trkpt lat="37.305746" lon="127.033163"/><trkpt lat="37.305707" lon="127.033163"/><trkpt lat="37.30567" lon="127.033173"/><trkpt lat="37.30556" lon="127.033223"/><trkpt lat="37.305511" lon="127.033244"/><trkpt lat="37.305473" lon="127.033256"/><trkpt lat="37.305183" lon="127.033312"/><trkpt lat="37.304971" lon="127.033353"/><trkpt lat="37.304933" lon="127.033356"/><trkpt lat="37.304899" lon="127.033348"/><trkpt lat="37.304874" lon="127.033323"/><trkpt lat="37.304835" lon="127.033267"/><trkpt lat="37.304807" lon="127.033242"/><trkpt lat="37.30477" lon="127.033228"/><trkpt lat="37.30469" lon="127.033215"/><trkpt lat="37.304448" lon="127.033183"/><trkpt lat="37.304396" lon="127.033171"/><trkpt lat="37.304219" lon="127.033107"/><trkpt lat="37.304017" lon="127.033032"/><trkpt lat="37.30398" lon="127.033024"/><trkpt lat="37.303942" lon="127.033026"/><trkpt lat="37.303903" lon="127.033038"/><trkpt lat="37.303775" lon="127.03309"/><trkpt lat="37.303699" lon="127.033118"/><trkpt lat="37.303661" lon="127.033125"/><trkpt lat="37.303626" lon="127.033119"/><trkpt lat="37.30357" lon="127.033098"/><trkpt lat="37.303532" lon="127.033098"/><trkpt lat="37.303479" lon="127.033107"/><trkpt lat="37.303174" lon="127.033184"/><trkpt lat="37.303109" lon="127.033199"/><trkpt lat="37.303071" lon="127.0332"/><trkpt lat="37.303037" lon="127.033187"/><trkpt lat="37.302985" lon="127.033145"/><trkpt lat="37.302953" lon="127.033121"/><trkpt lat="37.302918" lon="127.033103"/><trkpt lat="37.302833" lon="127.033072"/><trkpt lat="37.302799" lon="127.033057"/><trkpt lat="37.302769" lon="127.033035"/><trkpt lat="37.302749" lon="127.033002"/><trkpt lat="37.302727" lon="127.03295"/><trkpt lat="37.302706" lon="127.032915"/><trkpt lat="37.302676" lon="127.032884"/><trkpt lat="37.302632" lon="127.032848"/><trkpt lat="37.302542" lon="127.032776"/><trkpt lat="37.302511" lon="127.032747"/><trkpt lat="37.302486" lon="127.032713"/><trkpt lat="37.302468" lon="127.032676"/><trkpt lat="37.302458" lon="127.032645"/><trkpt lat="37.302452" lon="127.03262"/><trkpt lat="37.302426" lon="127.032608"/><trkpt lat="37.302317" lon="127.032574"/><trkpt lat="37.302283" lon="127.032561"/><trkpt lat="37.302259" lon="127.032545"/><trkpt lat="37.302247" lon="127.032526"/><trkpt lat="37.302222" lon="127.032513"/><trkpt lat="37.302189" lon="127.032514"/><trkpt lat="37.302131" lon="127.03253"/><trkpt lat="37.302102" lon="127.032536"/><trkpt lat="37.302089" lon="127.032526"/><trkpt lat="37.302098" lon="127.032497"/><trkpt lat="37.302119" lon="127.032464"/><trkpt lat="37.302151" lon="127.032436"/><trkpt lat="37.302209" lon="127.032394"/><trkpt lat="37.302236" lon="127.032364"/><trkpt lat="37.302245" lon="127.032318"/><trkpt lat="37.302242" lon="127.032254"/><trkpt lat="37.302235" lon="127.032192"/></trkseg>
<trkseg><trkpt lat="37.311224" lon="127.061938"/><trkpt lat="37.311313" lon="127.061772"/><trkpt lat="37.311331" lon="127.061731"/><trkpt lat="37.311343" lon="127.061691"/><trkpt lat="37.311348" lon="127.061652"/><trkpt lat="37.311365" lon="127.061619"/><trkpt lat="37.311391" lon="127.061587"/><trkpt lat="37.311482" lon="127.061494"/><trkpt lat="37.31152" lon="127.061451"/><trkpt lat="37.311543" lon="127.061416"/><trkpt lat="37.311553" lon="127.061374"/><trkpt lat="37.311553" lon="127.061326"/><trkpt lat="37.311547" lon="127.061278"/><trkpt lat="37.311539" lon="127.061234"/><trkpt lat="37.311526" lon="127.061194"/><trkpt lat="37.311533" lon="127.061168"/><trkpt lat="37.311558" lon="127.061141"/><trkpt lat="37.311646" lon="127.061068"/><trkpt lat="37.311702" lon="127.06102"/><trkpt lat="37.311731" lon="127.060986"/><trkpt lat="37.311752" lon="127.060946"/><trkpt lat="37.311781" lon="127.060872"/><trkpt lat="37.311878" lon="127.060598"/><trkpt lat="37.311892" lon="127.060552"/><trkpt lat="37.311902" lon="127.060506"/><trkpt lat="37.311905" lon="127.060432"/><trkpt lat="37.311908" lon="127.060389"/><trkpt lat="37.311921" lon="127.060349"/><trkpt lat="37.311942" lon="127.060312"/><trkpt lat="37.311982" lon="127.060252"/><trkpt lat="37.312002" lon="127.060215"/><trkpt lat="37.312013" lon="127.060172"/><trkpt lat="37.312015" lon="127.060125"/><trkpt lat="37.312012" lon="127.060011"/><trkpt lat="37.312007" lon="127.059897"/><trkpt lat="37.312001" lon="127.05985"/><trkpt lat="37.311989" lon="127.059805"/><trkpt lat="37.311972" lon="127.059763"/><trkpt lat="37.311923" lon="127.059654"/><trkpt lat="37.311914" lon="127.059618"/><trkpt lat="37.311914" lon="127.059589"/><trkpt lat="37.311909" lon="127.059556"/><trkpt lat="37.311913" lon="127.059526"/><trkpt lat="37.311929" lon="127.059498"/><trkpt lat="37.311957" lon="127.05947"/><trkpt lat="37.312002" lon="127.059436"/><trkpt lat="37.312176" lon="127.059319"/><trkpt lat="37.312212" lon="127.059299"/><trkpt lat="37.312249" lon="127.059286"/><trkpt lat="37.312287" lon="127.059278"/><trkpt lat="37.312429" lon="127.059257"/><trkpt lat="37.312466" lon="127.059247"/><trkpt lat="37.312498" lon="127.05923"/><trkpt lat="37.312521" lon="127.059198"/><trkpt lat="37.312551" lon="127.059131"/><trkpt lat="37.31257" lon="127.059094"/><trkpt lat="37.312592" lon="127.059069"/><trkpt lat="37.312628" lon="127.059042"/><trkpt lat="37.312667" lon="127.059004"/><trkpt lat="37.312746" lon="127.058919"/><trkpt lat="37.312792" lon="127.058865"/><trkpt lat="37.312814" lon="127.058834"/><trkpt lat="37.312824" lon="127.058805"/><trkpt lat="37.312829" lon="127.058775"/><trkpt lat="37.312848" lon="127.058745"/><trkpt lat="37.312899" lon="127.058681"/><trkpt lat="37.312923" lon="127.058645"/><trkpt lat="37.312944" lon="127.058596"/><trkpt lat="37.312963" lon="127.058559"/><trkpt lat="37.312989" lon="127.058522"/><trkpt lat="37.313028" lon="127.058476"/><trkpt lat="37.313158" lon="127.058331"/><trkpt lat="37.313191" lon="127.058301"/><trkpt lat="37.313225" lon="127.058277"/><trkpt lat="37.313394" lon="127.058181"/><trkpt lat="37.313458" lon="127.058141"/><trkpt lat="37.313477" lon="127.058122"/><trkpt lat="37.313483" lon="127.058104"/><trkpt lat="37.313503" lon="127.058094"/><trkpt lat="37.313547" lon="127.058084"/><trkpt lat="37.313647" lon="127.058064"/><trkpt lat="37.313683" lon="127.05805"/><trkpt lat="37.313718" lon="127.058027"/><trkpt lat="37.313785" lon="127.057972"/><trkpt lat="37.31382" lon="127.057948"/><trkpt lat="37.313869" lon="127.057924"/><trkpt lat="37.313981" lon="127.057875"/><trkpt lat="37.314044" lon="127.057852"/><trkpt lat="37.314083" lon="127.057843"/><trkpt lat="37.314122" lon="127.05784"/><trkpt lat="37.314255" lon="127.05784"/><trkpt lat="37.314292" lon="127.057835"/><trkpt lat="37.314322" lon="127.057819"/><trkpt lat="37.314342" lon="127.057792"/><trkpt lat="37.314347" lon="127.057748"/><trkpt lat="37.314356" lon="127.057708"/><trkpt lat="37.314376" lon="127.057667"/><trkpt lat="37.3144" lon="127.057629"/><trkpt lat="37.314431" lon="127.057601"/><trkpt lat="37.314466" lon="127.057584"/><trkpt lat="37.314528" lon="127.057563"/><trkpt lat="37.314681" lon="127.05752"/><trkpt lat="37.314718" lon="127.057514"/><trkpt lat="37.314756" lon="127.057518"/><trkpt lat="37.314794" lon="127.05753"/><trkpt lat="37.315148" lon="127.05768"/><trkpt lat="37.315324" lon="127.057754"/><trkpt lat="37.315362" lon="127.057765"/><trkpt lat="37.315397" lon="127.057762"/><trkpt lat="37.315431" lon="127.057743"/><trkpt lat="37.315485" lon="127.0577"/><trkpt lat="37.315527" lon="127.057661"/><trkpt lat="37.315555" lon="127.057629"/><trkpt lat="37.315575" lon="127.05759"/><trkpt lat="37.31559" lon="127.057546"/><trkpt lat="37.3156" lon="127.0575"/><trkpt lat="37.315604" lon="127.057455"/><trkpt lat="37.315596" lon="127.057412"/><trkpt lat="37.315575" lon="127.057356"/><trkpt lat="37.315568" lon="127.057313"/><trkpt lat="37.315574" lon="127.057268"/><trkpt lat="37.31559" lon="127.057205"/><trkpt lat="37.315625" lon="127.057081"/><trkpt lat="37.315632" lon="127.057041"/><trkpt lat="37.315625" lon="127.057012"/><trkpt lat="37.315603" lon="127.056992"/><trkpt lat="37.315598" lon="127.05697"/><trkpt lat="37.315601" lon="127.056922"/><trkpt lat="37.315597" lon="127.056841"/><trkpt lat="37.31559" lon="127.056774"/><trkpt lat="37.315578" lon="127.056711"/><trkpt lat="37.315537" lon="127.056522"/><trkpt lat="37.315527" lon="127.05646"/><trkpt lat="37.315526" lon="127.056412"/><trkpt lat="37.315532" lon="127.056346"/><trkpt lat="37.315568" lon="127.056069"/><trkpt lat="37.315574" lon="127.056004"/><trkpt lat="37.315572" lon="127.055957"/><trkpt lat="37.315563" lon="127.055914"/><trkpt lat="37.315541" lon="127.055843"/><trkpt lat="37.315534" lon="127.055797"/><trkpt lat="37.315532" lon="127.055731"/><trkpt lat="37.315533" lon="127.055647"/><trkpt lat="37.315538" lon="127.055581"/><trkpt lat="37.315546" lon="127.055533"/><trkpt lat="37.315582" lon="127.055389"/><trkpt lat="37.315605" lon="127.055314"/><trkpt lat="37.315622" lon="127.055279"/><trkpt lat="37.315637" lon="127.055257"/><trkpt lat="37.315635" lon="127.055235"/><trkpt lat="37.315604" lon="127.055193"/><trkpt lat="37.315594" lon="127.055166"/><trkpt lat="37.315604" lon="127.055138"/><trkpt lat="37.315628" lon="127.055097"/><trkpt lat="37.315649" lon="127.055029"/><trkpt lat="37.315666" lon="127.05499"/><trkpt lat="37.315694" lon="127.054957"/><trkpt lat="37.315768" lon="127.054888"/><trkpt lat="37.315796" lon="127.054859"/><trkpt lat="37.315814" lon="127.054828"/><trkpt lat="37.315819" lon="127.054783"/><trkpt lat="37.315827" lon="127.054739"/><trkpt lat="37.315852" lon="127.054644"/><trkpt lat="37.315885" lon="127.054532"/><trkpt lat="37.315901" lon="127.054486"/><trkpt lat="37.315928" lon="127.05443"/><trkpt lat="37.316023" lon="127.054253"/><trkpt lat="37.31605" lon="127.054201"/><trkpt lat="37.316062" lon="127.054164"/><trkpt lat="37.316063" lon="127.054135"/><trkpt lat="37.316067" lon="127.054114"/><trkpt lat="37.316096" lon="127.054087"/><trkpt lat="37.316118" lon="127.054052"/><trkpt lat="37.316143" lon="127.053994"/><trkpt lat="37.316165" lon="127.053934"/><trkpt lat="37.316174" lon="127.053888"/><trkpt lat="37.316169" lon="127.053844"/><trkpt lat="37.316152" lon="127.053801"/><trkpt lat="37.316109" lon="127.053715"/><trkpt lat="37.316082" lon="127.053657"/><trkpt lat="37.316068" lon="127.053612"/><trkpt lat="37.316059" lon="127.053565"/><trkpt lat="37.316053" lon="127.053518"/><trkpt lat="37.316052" lon="127.053471"/><trkpt lat="37.316058" lon="127.053424"/><trkpt lat="37.316077" lon="127.053346"/><trkpt lat="37.316127" lon="127.05316"/><trkpt lat="37.316136" lon="127.053114"/><trkpt lat="37.316138" lon="127.053066"/><trkpt lat="37.316131" lon="127.053018"/><trkpt lat="37.316109" lon="127.052921"/><trkpt lat="37.31608" lon="127.052808"/><trkpt lat="37.316065" lon="127.052762"/><trkpt lat="37.316045" lon="127.05272"/><trkpt lat="37.315955" lon="127.052559"/><trkpt lat="37.31591" lon="127.052479"/><trkpt lat="37.315891" lon="127.052437"/><trkpt lat="37.315875" lon="127.052391"/><trkpt lat="37.315855" lon="127.052311"/><trkpt lat="37.315846" lon="127.052262"/><trkpt lat="37.315839" lon="127.052195"/><trkpt lat="37.315832" lon="127.052094"/><trkpt lat="37.31583" lon="127.052027"/><trkpt lat="37.315832" lon="127.051977"/><trkpt lat="37.31584" lon="127.05193"/><trkpt lat="37.315874" lon="127.051806"/><trkpt lat="37.315883" lon="127.05176"/><trkpt lat="37.315885" lon="127.051714"/><trkpt lat="37.315875" lon="127.051667"/><trkpt lat="37.315851" lon="127.051589"/><trkpt lat="37.31577" lon="127.05134"/><trkpt lat="37.315757" lon="127.051293"/><trkpt lat="37.315752" lon="127.051246"/><trkpt lat="37.315755" lon="127.051197"/><trkpt lat="37.315767" lon="127.051115"/><trkpt lat="37.315818" lon="127.050788"/><trkpt lat="37.315822" lon="127.050739"/><trkpt lat="37.31582" lon="127.05069"/><trkpt lat="37.315812" lon="127.050641"/><trkpt lat="37.315753" lon="127.050364"/><trkpt lat="37.315742" lon="127.050299"/><trkpt lat="37.315736" lon="127.050249"/><trkpt lat="37.315727" lon="127.05005"/><trkpt lat="37.315725" lon="127.049967"/><trkpt lat="37.315728" lon="127.049918"/><trkpt lat="37.315737" lon="127.04987"/><trkpt lat="37.315754" lon="127.049806"/><trkpt lat="37.315824" lon="127.049567"/><trkpt lat="37.315835" lon="127.049519"/><trkpt lat="37.315842" lon="127.049471"/><trkpt lat="37.315862" lon="127.049291"/><trkpt lat="37.315872" lon="127.04921"/><trkpt lat="37.315882" lon="127.049165"/><trkpt lat="37.315902" lon="127.049125"/><trkpt lat="37.315947" lon="127.049065"/><trkpt lat="37.315969" lon="127.049024"/><trkpt lat="37.315984" lon="127.04898"/><trkpt lat="37.315993" lon="127.048937"/><trkpt lat="37.315997" lon="127.048897"/><trkpt lat="37.316013" lon="127.048866"/><trkpt lat="37.316037" lon="127.048838"/><trkpt lat="37.316067" lon="127.048813"/><trkpt lat="37.316114" lon="127.048784"/><trkpt lat="37.3162" lon="127.048741"/><trkpt lat="37.316238" lon="127.048728"/><trkpt lat="37.316275" lon="127.048719"/><trkpt lat="37.316403" lon="127.048696"/><trkpt lat="37.316441" lon="127.048686"/><trkpt lat="37.316477" lon="127.048669"/><trkpt lat="37.31651" lon="127.048646"/><trkpt lat="37.316542" lon="127.048619"/><trkpt lat="37.316567" lon="127.048586"/><trkpt lat="37.316581" lon="127.048544"/><trkpt lat="37.316592" lon="127.048481"/><trkpt lat="37.316613" lon="127.048335"/><trkpt lat="37.316624" lon="127.048289"/><trkpt lat="37.316642" lon="127.048246"/><trkpt lat="37.316694" lon="127.048152"/><trkpt lat="37.316808" lon="127.047951"/><trkpt lat="37.316826" lon="127.04791"/><trkpt lat="37.316832" lon="127.047868"/><trkpt lat="37.316825" lon="127.047822"/><trkpt lat="37.316812" lon="127.047776"/><trkpt lat="37.316688" lon="127.047388"/><trkpt lat="37.31667" lon="127.047326"/><trkpt lat="37.316661" lon="127.047278"/><trkpt lat="37.316659" lon="127.047231"/><trkpt lat="37.316662" lon="127.047184"/><trkpt lat="37.316668" lon="127.047137"/><trkpt lat="37.316682" lon="127.047094"/><trkpt lat="37.316705" lon="127.047055"/><trkpt lat="37.316931" lon="127.046749"/><trkpt lat="37.316984" lon="127.046675"/><trkpt lat="37.317006" lon="127.046638"/><trkpt lat="37.317018" lon="127.046599"/><trkpt lat="37.317028" lon="127.046538"/><trkpt lat="37.317047" lon="127.046482"/><trkpt lat="37.317057" lon="127.04642"/><trkpt lat="37.317075" lon="127.046274"/><trkpt lat="37.317085" lon="127.046226"/><trkpt lat="37.317103" lon="127.046163"/><trkpt lat="37.317165" lon="127.045977"/><trkpt lat="37.317188" lon="127.045918"/><trkpt lat="37.31721" lon="127.045879"/><trkpt lat="37.31724" lon="127.04585"/><trkpt lat="37.317275" lon="127.045826"/><trkpt lat="37.317481" lon="127.045703"/><trkpt lat="37.318076" lon="127.045347"/><trkpt lat="37.318135" lon="127.045309"/><trkpt lat="37.318166" lon="127.045282"/><trkpt lat="37.318188" lon="127.045245"/><trkpt lat="37.318202" lon="127.045201"/><trkpt lat="37.318238" lon="127.045041"/><trkpt lat="37.318279" lon="127.044849"/><trkpt lat="37.318287" lon="127.044801"/><trkpt lat="37.318291" lon="127.044752"/><trkpt lat="37.318295" lon="127.044622"/><trkpt lat="37.3183" lon="127.044559"/><trkpt lat="37.318308" lon="127.044518"/><trkpt lat="37.318321" lon="127.044475"/><trkpt lat="37.318319" lon="127.044437"/><trkpt lat="37.318318" lon="127.044402"/><trkpt lat="37.318325" lon="127.044363"/><trkpt lat="37.318338" lon="127.044322"/><trkpt lat="37.318357" lon="127.044282"/><trkpt lat="37.318377" lon="127.044246"/><trkpt lat="37.318403" lon="127.044212"/><trkpt lat="37.318416" lon="127.044189"/><trkpt lat="37.318422" lon="127.044145"/><trkpt lat="37.318434" lon="127.044102"/><trkpt lat="37.318451" lon="127.044058"/><trkpt lat="37.318477" lon="127.044001"/><trkpt lat="37.318498" lon="127.043964"/><trkpt lat="37.318522" lon="127.043933"/><trkpt lat="37.318531" lon="127.043904"/><trkpt lat="37.318542" lon="127.043866"/><trkpt lat="37.318578" lon="127.04378"/><trkpt lat="37.318786" lon="127.043308"/><trkpt lat="37.318809" lon="127.043247"/><trkpt lat="37.318827" lon="127.043184"/><trkpt lat="37.318928" lon="127.042781"/><trkpt lat="37.31895" lon="127.042705"/><trkpt lat="37.318966" lon="127.042667"/><trkpt lat="37.318981" lon="127.042639"/><trkpt lat="37.31898" lon="127.042599"/><trkpt lat="37.318983" lon="127.042556"/><trkpt lat="37.31899" lon="127.042509"/><trkpt lat="37.319001" lon="127.042462"/><trkpt lat="37.319016" lon="127.042421"/><trkpt lat="37.319038" lon="127.042394"/><trkpt lat="37.319064" lon="127.04237"/><trkpt lat="37.319067" lon="127.042342"/><trkpt lat="37.319081" lon="127.042316"/><trkpt lat="37.319091" lon="127.042272"/><trkpt lat="37.3191" lon="127.042235"/><trkpt lat="37.31912" lon="127.042201"/><trkpt lat="37.319161" lon="127.042151"/><trkpt lat="37.319179" lon="127.042122"/><trkpt lat="37.319189" lon="127.042088"/><trkpt lat="37.319206" lon="127.042053"/><trkpt lat="37.319228" lon="127.042016"/><trkpt lat="37.319253" lon="127.041982"/><trkpt lat="37.319281" lon="127.041953"/><trkpt lat="37.319319" lon="127.041923"/><trkpt lat="37.319334" lon="127.0419"/><trkpt lat="37.319343" lon="127.041864"/><trkpt lat="37.319358" lon="127.041832"/><trkpt lat="37.319381" lon="127.041799"/><trkpt lat="37.319411" lon="127.041767"/><trkpt lat="37.319452" lon="127.041728"/><trkpt lat="37.319515" lon="127.04164"/><trkpt lat="37.319515" lon="127.041617"/></trkseg>
<trkseg><trkpt lat="37.340694" lon="127.088027"/><trkpt lat="37.340714" lon="127.088"/><trkpt lat="37.340747" lon="127.087966"/><trkpt lat="37.340771" lon="127.087928"/><trkpt lat="37.34082" lon="127.087833"/><trkpt lat="37.340841" lon="127.0878"/><trkpt lat="37.340862" lon="127.087786"/><trkpt lat="37.340899" lon="127.087779"/><trkpt lat="37.34093" lon="127.087762"/><trkpt lat="37.340962" lon="127.087739"/><trkpt lat="37.340992" lon="127.087711"/><trkpt lat="37.341015" lon="127.087679"/><trkpt lat="37.341041" lon="127.087635"/><trkpt lat="37.341064" lon="127.087615"/><trkpt lat="37.341089" lon="127.087605"/><trkpt lat="37.34112" lon="127.087586"/><trkpt lat="37.341182" lon="127.087534"/><trkpt lat="37.341222" lon="127.087503"/><trkpt lat="37.341253" lon="127.087482"/><trkpt lat="37.341262" lon="127.087455"/><trkpt lat="37.341265" lon="127.087402"/><trkpt lat="37.341275" lon="127.087358"/><trkpt lat="37.341287" lon="127.087313"/><trkpt lat="37.341303" lon="127.087269"/><trkpt lat="37.341324" lon="127.08723"/><trkpt lat="37.341379" lon="127.087164"/><trkpt lat="37.341401" lon="127.087132"/><trkpt lat="37.341414" lon="127.087096"/><trkpt lat="37.341423" lon="127.087075"/><trkpt lat="37.341432" lon="127.087052"/><trkpt lat="37.341446" lon="127.087022"/><trkpt lat="37.341469" lon="127.08699"/><trkpt lat="37.341497" lon="127.086962"/><trkpt lat="37.341528" lon="127.086944"/><trkpt lat="37.341573" lon="127.086928"/><trkpt lat="37.341603" lon="127.086902"/><trkpt lat="37.341663" lon="127.08684"/><trkpt lat="37.341693" lon="127.086812"/><trkpt lat="37.341726" lon="127.086798"/><trkpt lat="37.341761" lon="127.086798"/><trkpt lat="37.341819" lon="127.086803"/><trkpt lat="37.34185" lon="127.086792"/><trkpt lat="37.341877" lon="127.086764"/><trkpt lat="37.341927" lon="127.086693"/><trkpt lat="37.341955" lon="127.086662"/><trkpt lat="37.341987" lon="127.086635"/><trkpt lat="37.342089" lon="127.086566"/><trkpt lat="37.342121" lon="127.086541"/><trkpt lat="37.342149" lon="127.086512"/><trkpt lat="37.342188" lon="127.086459"/><trkpt lat="37.342218" lon="127.086431"/><trkpt lat="37.342253" lon="127.086408"/><trkpt lat="37.342463" lon="127.086295"/><trkpt lat="37.342535" lon="127.086254"/><trkpt lat="37.342566" lon="127.086228"/><trkpt lat="37.342585" lon="127.086196"/><trkpt lat="37.342604" lon="127.086149"/><trkpt lat="37.342625" lon="127.086109"/><trkpt lat="37.342659" lon="127.08606"/><trkpt lat="37.342833" lon="127.08583"/><trkpt lat="37.342885" lon="127.085757"/><trkpt lat="37.342906" lon="127.085717"/><trkpt lat="37.342918" lon="127.08567"/><trkpt lat="37.342925" lon="127.085621"/><trkpt lat="37.342935" lon="127.085504"/><trkpt lat="37.342936" lon="127.085453"/><trkpt lat="37.342933" lon="127.085404"/><trkpt lat="37.342922" lon="127.085304"/><trkpt lat="37.34291" lon="127.085222"/><trkpt lat="37.3429" lon="127.085174"/><trkpt lat="37.342882" lon="127.085112"/><trkpt lat="37.342808" lon="127.084918"/><trkpt lat="37.342782" lon="127.084843"/><trkpt lat="37.342771" lon="127.084797"/><trkpt lat="37.342772" lon="127.084751"/><trkpt lat="37.342781" lon="127.084705"/><trkpt lat="37.342832" lon="127.084532"/><trkpt lat="37.342857" lon="127.084441"/><trkpt lat="37.342864" lon="127.0844"/><trkpt lat="37.342864" lon="127.084352"/><trkpt lat="37.342874" lon="127.084299"/><trkpt lat="37.342882" lon="127.084255"/><trkpt lat="37.342881" lon="127.08421"/><trkpt lat="37.342875" lon="127.084133"/><trkpt lat="37.342876" lon="127.084088"/><trkpt lat="37.342887" lon="127.084043"/><trkpt lat="37.342912" lon="127.083984"/><trkpt lat="37.34302" lon="127.083753"/><trkpt lat="37.343048" lon="127.083697"/><trkpt lat="37.343072" lon="127.083657"/><trkpt lat="37.3431" lon="127.083624"/><trkpt lat="37.34318" lon="127.083544"/><trkpt lat="37.343208" lon="127.083512"/><trkpt lat="37.343231" lon="127.083475"/><trkpt lat="37.343255" lon="127.083418"/><trkpt lat="37.343311" lon="127.083271"/><trkpt lat="37.34333" lon="127.083212"/><trkpt lat="37.343338" lon="127.083165"/><trkpt lat="37.343339" lon="127.083116"/><trkpt lat="37.343334" lon="127.083032"/><trkpt lat="37.343308" lon="127.082631"/><trkpt lat="37.343308" lon="127.082581"/><trkpt lat="37.343312" lon="127.082534"/><trkpt lat="37.343331" lon="127.082474"/><trkpt lat="37.343343" lon="127.082428"/><trkpt lat="37.34335" lon="127.082379"/><trkpt lat="37.343367" lon="127.082196"/><trkpt lat="37.343373" lon="127.082147"/><trkpt lat="37.343385" lon="127.0821"/><trkpt lat="37.343404" lon="127.082056"/><trkpt lat="37.343501" lon="127.081874"/><trkpt lat="37.343599" lon="127.081693"/><trkpt lat="37.343624" lon="127.081654"/><trkpt lat="37.343654" lon="127.081623"/><trkpt lat="37.343688" lon="127.081596"/><trkpt lat="37.34378" lon="127.081531"/><trkpt lat="37.343809" lon="127.081501"/><trkpt lat="37.343829" lon="127.081463"/><trkpt lat="37.343841" lon="127.081418"/><trkpt lat="37.343867" lon="127.081274"/><trkpt lat="37.343877" lon="127.081227"/><trkpt lat="37.343892" lon="127.081181"/><trkpt lat="37.343918" lon="127.081124"/><trkpt lat="37.344117" lon="127.080714"/><trkpt lat="37.344142" lon="127.080656"/><trkpt lat="37.344157" lon="127.08061"/><trkpt lat="37.344211" lon="127.080422"/><trkpt lat="37.344227" lon="127.080377"/><trkpt lat="37.344248" lon="127.080336"/><trkpt lat="37.344292" lon="127.080273"/><trkpt lat="37.344589" lon="127.07988"/><trkpt lat="37.344624" lon="127.07983"/><trkpt lat="37.344645" lon="127.079788"/><trkpt lat="37.34466" lon="127.079742"/><trkpt lat="37.344719" lon="127.079499"/><trkpt lat="37.34476" lon="127.079338"/><trkpt lat="37.344775" lon="127.079293"/><trkpt lat="37.344819" lon="127.079196"/><trkpt lat="37.344844" lon="127.079141"/><trkpt lat="37.344858" lon="127.079099"/><trkpt lat="37.344871" lon="127.07901"/><trkpt lat="37.34488" lon="127.078969"/><trkpt lat="37.344905" lon="127.078916"/><trkpt lat="37.344918" lon="127.078879"/><trkpt lat="37.344911" lon="127.078839"/><trkpt lat="37.344892" lon="127.078797"/><trkpt lat="37.344786" lon="127.078601"/><trkpt lat="37.34472" lon="127.078475"/><trkpt lat="37.3447" lon="127.078431"/><trkpt lat="37.344688" lon="127.078386"/><trkpt lat="37.34468" lon="127.078339"/><trkpt lat="37.34466" lon="127.078163"/><trkpt lat="37.344651" lon="127.078117"/><trkpt lat="37.344635" lon="127.078076"/><trkpt lat="37.34461" lon="127.07804"/><trkpt lat="37.344561" lon="127.077985"/><trkpt lat="37.34441" lon="127.077825"/><trkpt lat="37.344383" lon="127.077791"/><trkpt lat="37.344363" lon="127.077751"/><trkpt lat="37.344352" lon="127.077705"/><trkpt lat="37.344339" lon="127.077608"/><trkpt lat="37.344314" lon="127.077394"/><trkpt lat="37.344312" lon="127.077344"/><trkpt lat="37.344314" lon="127.077277"/><trkpt lat="37.34432" lon="127.077142"/><trkpt lat="37.344319" lon="127.077092"/><trkpt lat="37.344311" lon="127.077044"/><trkpt lat="37.344284" lon="127.076931"/><trkpt lat="37.344226" lon="127.076706"/><trkpt lat="37.344218" lon="127.076657"/><trkpt lat="37.344217" lon="127.076641"/></trkseg>
<trkseg><trkpt lat="37.313785" lon="127.067452"/><trkpt lat="37.313552" lon="127.067267"/><trkpt lat="37.313487" lon="127.067029"/><trkpt lat="37.313463" lon="127.066951"/><trkpt lat="37.313445" lon="127.066906"/><trkpt lat="37.313415" lon="127.066852"/><trkpt lat="37.31329" lon="127.066655"/><trkpt lat="37.313259" lon="127.066602"/><trkpt lat="37.31324" lon="127.06656"/><trkpt lat="37.313231" lon="127.066522"/><trkpt lat="37.313231" lon="127.066485"/><trkpt lat="37.313244" lon="127.066456"/><trkpt lat="37.313276" lon="127.066407"/><trkpt lat="37.313288" lon="127.066367"/><trkpt lat="37.313294" lon="127.066324"/><trkpt lat="37.313293" lon="127.06628"/><trkpt lat="37.313283" lon="127.066236"/><trkpt lat="37.313263" lon="127.066163"/><trkpt lat="37.313257" lon="127.066117"/><trkpt lat="37.313258" lon="127.066068"/><trkpt lat="37.313271" lon="127.065951"/><trkpt lat="37.313277" lon="127.065885"/><trkpt lat="37.313274" lon="127.06584"/><trkpt lat="37.313258" lon="127.065804"/><trkpt lat="37.31323" lon="127.065775"/><trkpt lat="37.313153" lon="127.065716"/><trkpt lat="37.313085" lon="127.065668"/><trkpt lat="37.313049" lon="127.065648"/><trkpt lat="37.312807" lon="127.065542"/><trkpt lat="37.31273" lon="127.065511"/><trkpt lat="37.312691" lon="127.065501"/><trkpt lat="37.312638" lon="127.065495"/><trkpt lat="37.312503" lon="127.065487"/><trkpt lat="37.31245" lon="127.065482"/><trkpt lat="37.312411" lon="127.065471"/><trkpt lat="37.312375" lon="127.065453"/><trkpt lat="37.312231" lon="127.065366"/><trkpt lat="37.312099" lon="127.065286"/><trkpt lat="37.312067" lon="127.065262"/><trkpt lat="37.312044" lon="127.065232"/><trkpt lat="37.312033" lon="127.065181"/><trkpt lat="37.312023" lon="127.065136"/><trkpt lat="37.312" lon="127.065059"/><trkpt lat="37.311932" lon="127.06486"/><trkpt lat="37.311909" lon="127.0648"/><trkpt lat="37.311763" lon="127.064482"/><trkpt lat="37.311663" lon="127.064266"/><trkpt lat="37.31165" lon="127.064226"/><trkpt lat="37.311648" lon="127.064193"/><trkpt lat="37.311658" lon="127.064159"/><trkpt lat="37.311656" lon="127.064115"/><trkpt lat="37.311664" lon="127.064081"/><trkpt lat="37.311681" lon="127.064047"/><trkpt lat="37.311706" lon="127.064014"/><trkpt lat="37.311738" lon="127.063984"/><trkpt lat="37.311804" lon="127.063929"/><trkpt lat="37.31183" lon="127.063901"/><trkpt lat="37.311838" lon="127.063869"/><trkpt lat="37.311825" lon="127.063833"/><trkpt lat="37.311792" lon="127.063765"/><trkpt lat="37.311781" lon="127.063723"/><trkpt lat="37.311766" lon="127.063652"/><trkpt lat="37.31175" lon="127.063616"/><trkpt lat="37.311724" lon="127.063586"/><trkpt lat="37.311677" lon="127.063538"/><trkpt lat="37.311653" lon="127.063501"/><trkpt lat="37.311632" lon="127.06346"/><trkpt lat="37.311585" lon="127.063362"/><trkpt lat="37.311564" lon="127.063307"/><trkpt lat="37.311557" lon="127.063272"/><trkpt lat="37.311563" lon="127.063238"/><trkpt lat="37.311558" lon="127.063204"/><trkpt lat="37.311562" lon="127.063166"/><trkpt lat="37.311582" lon="127.063091"/><trkpt lat="37.311592" lon="127.063044"/><trkpt lat="37.311595" lon="127.062996"/><trkpt lat="37.311593" lon="127.062898"/><trkpt lat="37.311589" lon="127.062833"/><trkpt lat="37.311581" lon="127.062786"/><trkpt lat="37.311565" lon="127.062743"/><trkpt lat="37.311545" lon="127.062702"/><trkpt lat="37.311522" lon="127.062664"/><trkpt lat="37.311494" lon="127.062633"/><trkpt lat="37.31146" lon="127.06261"/><trkpt lat="37.311388" lon="127.062568"/><trkpt lat="37.311358" lon="127.062542"/><trkpt lat="37.311338" lon="127.062511"/><trkpt lat="37.311317" lon="127.062473"/><trkpt lat="37.311298" lon="127.062446"/><trkpt lat="37.311294" lon="127.062409"/><trkpt lat="37.311291" lon="127.062316"/><trkpt lat="37.311286" lon="127.062273"/><trkpt lat="37.31127" lon="127.062243"/><trkpt lat="37.311267" lon="127.062155"/><trkpt lat="37.311271" lon="127.062118"/><trkpt lat="37.311263" lon="127.062072"/><trkpt lat="37.311225" lon="127.061941"/><trkpt lat="37.311224" lon="127.061938"/></trkseg>
<trkseg><trkpt lat="37.322453" lon="127.070859"/><trkpt lat="37.322481" lon="127.070851"/><trkpt lat="37.322514" lon="127.070828"/><trkpt lat="37.322531" lon="127.070784"/><trkpt lat="37.322535" lon="127.070688"/><trkpt lat="37.322541" lon="127.07064"/><trkpt lat="37.322558" lon="127.070579"/><trkpt lat="37.322656" lon="127.070292"/><trkpt lat="37.322679" lon="127.070234"/><trkpt lat="37.322702" lon="127.070197"/><trkpt lat="37.32273" lon="127.070166"/><trkpt lat="37.32279" lon="127.07011"/><trkpt lat="37.322817" lon="127.07008"/><trkpt lat="37.322836" lon="127.070043"/><trkpt lat="37.322845" lon="127.069998"/><trkpt lat="37.322851" lon="127.069882"/><trkpt lat="37.322855" lon="127.069833"/><trkpt lat="37.322864" lon="127.069787"/><trkpt lat="37.322881" lon="127.069751"/><trkpt lat="37.322908" lon="127.069729"/><trkpt lat="37.322949" lon="127.069717"/><trkpt lat="37.322978" lon="127.069706"/><trkpt lat="37.322998" lon="127.069679"/><trkpt lat="37.323009" lon="127.069637"/><trkpt lat="37.323024" lon="127.069559"/><trkpt lat="37.32304" lon="127.069518"/><trkpt lat="37.323066" lon="127.069492"/><trkpt lat="37.323116" lon="127.069455"/><trkpt lat="37.323143" lon="127.069425"/><trkpt lat="37.323175" lon="127.069383"/><trkpt lat="37.323203" lon="127.069365"/><trkpt lat="37.323216" lon="127.06935"/><trkpt lat="37.32322" lon="127.069309"/><trkpt lat="37.323231" lon="127.069277"/><trkpt lat="37.323248" lon="127.069237"/><trkpt lat="37.323245" lon="127.069198"/><trkpt lat="37.323242" lon="127.069152"/><trkpt lat="37.323244" lon="127.069086"/><trkpt lat="37.32325" lon="127.068951"/><trkpt lat="37.323257" lon="127.068867"/><trkpt lat="37.323267" lon="127.068819"/><trkpt lat="37.323288" lon="127.068758"/><trkpt lat="37.323394" lon="127.068503"/><trkpt lat="37.323443" lon="127.068383"/><trkpt lat="37.323459" lon="127.068337"/><trkpt lat="37.32347" lon="127.06829"/><trkpt lat="37.323485" lon="127.068194"/><trkpt lat="37.323495" lon="127.068148"/><trkpt lat="37.32351" lon="127.06811"/><trkpt lat="37.323535" lon="127.068054"/><trkpt lat="37.323539" lon="127.068014"/><trkpt lat="37.323549" lon="127.067984"/><trkpt lat="37.323579" lon="127.06794"/><trkpt lat="37.323598" lon="127.067902"/><trkpt lat="37.323608" lon="127.067855"/><trkpt lat="37.323615" lon="127.067789"/><trkpt lat="37.323633" lon="127.067551"/><trkpt lat="37.323639" lon="127.067504"/><trkpt lat="37.323651" lon="127.067464"/><trkpt lat="37.323675" lon="127.067443"/><trkpt lat="37.323718" lon="127.067431"/><trkpt lat="37.323749" lon="127.067417"/><trkpt lat="37.323771" lon="127.067388"/><trkpt lat="37.323787" lon="127.067349"/><trkpt lat="37.323801" lon="127.067307"/><trkpt lat="37.323811" lon="127.067263"/><trkpt lat="37.323815" lon="127.067216"/><trkpt lat="37.323815" lon="127.067152"/><trkpt lat="37.323812" lon="127.067073"/><trkpt lat="37.323807" lon="127.067026"/><trkpt lat="37.323795" lon="127.066979"/><trkpt lat="37.323761" lon="127.066873"/><trkpt lat="37.323748" lon="127.066827"/><trkpt lat="37.323743" lon="127.066781"/><trkpt lat="37.323745" lon="127.066734"/><trkpt lat="37.323765" lon="127.066575"/><trkpt lat="37.323768" lon="127.066527"/><trkpt lat="37.323766" lon="127.066481"/><trkpt lat="37.32375" lon="127.066409"/><trkpt lat="37.323743" lon="127.066367"/><trkpt lat="37.323746" lon="127.066328"/><trkpt lat="37.323766" lon="127.066277"/><trkpt lat="37.323778" lon="127.066234"/><trkpt lat="37.323786" lon="127.066169"/><trkpt lat="37.323804" lon="127.065885"/><trkpt lat="37.323843" lon="127.06525"/><trkpt lat="37.32385" lon="127.065184"/><trkpt lat="37.323859" lon="127.065136"/><trkpt lat="37.323886" lon="127.065043"/><trkpt lat="37.323926" lon="127.064921"/><trkpt lat="37.323943" lon="127.064878"/><trkpt lat="37.323966" lon="127.06484"/><trkpt lat="37.323997" lon="127.06481"/><trkpt lat="37.3241" lon="127.064733"/><trkpt lat="37.324144" lon="127.064696"/><trkpt lat="37.32417" lon="127.064663"/><trkpt lat="37.324184" lon="127.064623"/><trkpt lat="37.324195" lon="127.064562"/><trkpt lat="37.324211" lon="127.064451"/><trkpt lat="37.324221" lon="127.064406"/><trkpt lat="37.324237" lon="127.064365"/><trkpt lat="37.324272" lon="127.064301"/><trkpt lat="37.324292" lon="127.064263"/><trkpt lat="37.324306" lon="127.064221"/><trkpt lat="37.324313" lon="127.064174"/><trkpt lat="37.324315" lon="127.064091"/><trkpt lat="37.32432" lon="127.063842"/><trkpt lat="37.324324" lon="127.063794"/><trkpt lat="37.324335" lon="127.063749"/><trkpt lat="37.324355" lon="127.06371"/><trkpt lat="37.324378" lon="127.063674"/><trkpt lat="37.324403" lon="127.063643"/><trkpt lat="37.32443" lon="127.063615"/><trkpt lat="37.324444" lon="127.06358"/><trkpt lat="37.324451" lon="127.063536"/><trkpt lat="37.324453" lon="127.063489"/><trkpt lat="37.324447" lon="127.063441"/><trkpt lat="37.324419" lon="127.063313"/><trkpt lat="37.324407" lon="127.06325"/><trkpt lat="37.324405" lon="127.063204"/><trkpt lat="37.324411" lon="127.063161"/><trkpt lat="37.324424" lon="127.063124"/><trkpt lat="37.324451" lon="127.063083"/><trkpt lat="37.324469" lon="127.063042"/><trkpt lat="37.324498" lon="127.062971"/><trkpt lat="37.324521" lon="127.062934"/><trkpt lat="37.324549" lon="127.062904"/><trkpt lat="37.324598" lon="127.062856"/><trkpt lat="37.324625" lon="127.062823"/><trkpt lat="37.324647" lon="127.062783"/><trkpt lat="37.324692" lon="127.062682"/><trkpt lat="37.324713" lon="127.062641"/><trkpt lat="37.324739" lon="127.062607"/><trkpt lat="37.324772" lon="127.062581"/><trkpt lat="37.324844" lon="127.062538"/><trkpt lat="37.325171" lon="127.062349"/><trkpt lat="37.325205" lon="127.062325"/><trkpt lat="37.325234" lon="127.062295"/><trkpt lat="37.325257" lon="127.062258"/><trkpt lat="37.325296" lon="127.062176"/><trkpt lat="37.325319" lon="127.06212"/><trkpt lat="37.325331" lon="127.062077"/><trkpt lat="37.325335" lon="127.062028"/><trkpt lat="37.32533" lon="127.061912"/><trkpt lat="37.325329" lon="127.061861"/><trkpt lat="37.325333" lon="127.061811"/><trkpt lat="37.325343" lon="127.061745"/><trkpt lat="37.325354" lon="127.061698"/><trkpt lat="37.325367" lon="127.061658"/><trkpt lat="37.32539" lon="127.061636"/><trkpt lat="37.325422" lon="127.061635"/><trkpt lat="37.325468" lon="127.061636"/><trkpt lat="37.325498" lon="127.06162"/><trkpt lat="37.325523" lon="127.061591"/><trkpt lat="37.325543" lon="127.061554"/><trkpt lat="37.325557" lon="127.061514"/><trkpt lat="37.325559" lon="127.061468"/><trkpt lat="37.325554" lon="127.061419"/><trkpt lat="37.325544" lon="127.061354"/><trkpt lat="37.325532" lon="127.061308"/><trkpt lat="37.325513" lon="127.061267"/><trkpt lat="37.325471" lon="127.061212"/><trkpt lat="37.325453" lon="127.061185"/><trkpt lat="37.325458" lon="127.061163"/><trkpt lat="37.325481" lon="127.061127"/><trkpt lat="37.325492" lon="127.061087"/><trkpt lat="37.325504" lon="127.06101"/><trkpt lat="37.325512" lon="127.060966"/><trkpt lat="37.325527" lon="127.060933"/><trkpt lat="37.325564" lon="127.060872"/><trkpt lat="37.32558" lon="127.060856"/><trkpt lat="37.325601" lon="127.060841"/><trkpt lat="37.325614" lon="127.060807"/><trkpt lat="37.325582" lon="127.060632"/><trkpt lat="37.325594" lon="127.060492"/><trkpt lat="37.325605" lon="127.060453"/><trkpt lat="37.325667" lon="127.060364"/><trkpt lat="37.325835" lon="127.060174"/><trkpt lat="37.325833" lon="127.060062"/><trkpt lat="37.325823" lon="127.059931"/><trkpt lat="37.325817" lon="127.059883"/><trkpt lat="37.325803" lon="127.059838"/><trkpt lat="37.325774" lon="127.059767"/><trkpt lat="37.325759" lon="127.059728"/><trkpt lat="37.325757" lon="127.059696"/><trkpt lat="37.325773" lon="127.059676"/><trkpt lat="37.3258" lon="127.05965"/><trkpt lat="37.325807" lon="127.059611"/><trkpt lat="37.325816" lon="127.059574"/><trkpt lat="37.325849" lon="127.059492"/><trkpt lat="37.325865" lon="127.05945"/><trkpt lat="37.325873" lon="127.059404"/><trkpt lat="37.325875" lon="127.059358"/></trkseg>
<trkseg><trkpt lat="37.303674" lon="127.074009"/><trkpt lat="37.303632" lon="127.073978"/><trkpt lat="37.303589" lon="127.073942"/><trkpt lat="37.303559" lon="127.073905"/><trkpt lat="37.303546" lon="127.073865"/><trkpt lat="37.303539" lon="127.073821"/><trkpt lat="37.303538" lon="127.073776"/><trkpt lat="37.303547" lon="127.07373"/><trkpt lat="37.303561" lon="127.073685"/><trkpt lat="37.30358" lon="127.073643"/><trkpt lat="37.303605" lon="127.07361"/><trkpt lat="37.303648" lon="127.073578"/><trkpt lat="37.303679" lon="127.07355"/><trkpt lat="37.303717" lon="127.073505"/><trkpt lat="37.303771" lon="127.073433"/><trkpt lat="37.303795" lon="127.073395"/><trkpt lat="37.303814" lon="127.073353"/><trkpt lat="37.303825" lon="127.073307"/><trkpt lat="37.303843" lon="127.073212"/><trkpt lat="37.303856" lon="127.073167"/><trkpt lat="37.303876" lon="127.073127"/><trkpt lat="37.303903" lon="127.073092"/><trkpt lat="37.304003" lon="127.072982"/><trkpt lat="37.304029" lon="127.072947"/><trkpt lat="37.304045" lon="127.072907"/><trkpt lat="37.304051" lon="127.07286"/><trkpt lat="37.30405" lon="127.072761"/><trkpt lat="37.304044" lon="127.07256"/><trkpt lat="37.304047" lon="127.07251"/><trkpt lat="37.304057" lon="127.072465"/><trkpt lat="37.304072" lon="127.072423"/><trkpt lat="37.30409" lon="127.072384"/><trkpt lat="37.304111" lon="127.072349"/><trkpt lat="37.304146" lon="127.072311"/><trkpt lat="37.304163" lon="127.07228"/><trkpt lat="37.304176" lon="127.072229"/><trkpt lat="37.304197" lon="127.072172"/><trkpt lat="37.304275" lon="127.071982"/><trkpt lat="37.304297" lon="127.071922"/><trkpt lat="37.304309" lon="127.071875"/><trkpt lat="37.304367" lon="127.0716"/><trkpt lat="37.304476" lon="127.071081"/><trkpt lat="37.304488" lon="127.071016"/><trkpt lat="37.304492" lon="127.070968"/><trkpt lat="37.304486" lon="127.070924"/><trkpt lat="37.304464" lon="127.070853"/><trkpt lat="37.304454" lon="127.070812"/><trkpt lat="37.304456" lon="127.070774"/><trkpt lat="37.304464" lon="127.070722"/><trkpt lat="37.304465" lon="127.070627"/><trkpt lat="37.304468" lon="127.070579"/><trkpt lat="37.304478" lon="127.070533"/><trkpt lat="37.304501" lon="127.070457"/><trkpt lat="37.304572" lon="127.070247"/><trkpt lat="37.304583" lon="127.070201"/><trkpt lat="37.304588" lon="127.070152"/><trkpt lat="37.304591" lon="127.070054"/><trkpt lat="37.304594" lon="127.06979"/><trkpt lat="37.304591" lon="127.069741"/><trkpt lat="37.304583" lon="127.069694"/><trkpt lat="37.304567" lon="127.069631"/><trkpt lat="37.304541" lon="127.06954"/><trkpt lat="37.304534" lon="127.069498"/><trkpt lat="37.30454" lon="127.069463"/><trkpt lat="37.304563" lon="127.069427"/><trkpt lat="37.304571" lon="127.069392"/><trkpt lat="37.304568" lon="127.069351"/><trkpt lat="37.304557" lon="127.069307"/><trkpt lat="37.30454" lon="127.069268"/><trkpt lat="37.304515" lon="127.069234"/><trkpt lat="37.304471" lon="127.069179"/><trkpt lat="37.304448" lon="127.069142"/><trkpt lat="37.304429" lon="127.069098"/><trkpt lat="37.304394" lon="127.069008"/><trkpt lat="37.304374" lon="127.06897"/><trkpt lat="37.304345" lon="127.068935"/><trkpt lat="37.304328" lon="127.068894"/><trkpt lat="37.304308" lon="127.068866"/><trkpt lat="37.304272" lon="127.068832"/><trkpt lat="37.304254" lon="127.068799"/><trkpt lat="37.304249" lon="127.068757"/><trkpt lat="37.304252" lon="127.068693"/><trkpt lat="37.304269" lon="127.068514"/><trkpt lat="37.304278" lon="127.06845"/><trkpt lat="37.304289" lon="127.068405"/><trkpt lat="37.304317" lon="127.068335"/><trkpt lat="37.304342" lon="127.068281"/><trkpt lat="37.304366" lon="127.068245"/><trkpt lat="37.304395" lon="127.068212"/><trkpt lat="37.304508" lon="127.068101"/><trkpt lat="37.304551" lon="127.068064"/><trkpt lat="37.304584" lon="127.068042"/><trkpt lat="37.304621" lon="127.068031"/><trkpt lat="37.304673" lon="127.068025"/><trkpt lat="37.304805" lon="127.068015"/><trkpt lat="37.304844" lon="127.068008"/><trkpt lat="37.304881" lon="127.067995"/><trkpt lat="37.304916" lon="127.067975"/><trkpt lat="37.305034" lon="127.067903"/><trkpt lat="37.30507" lon="127.067885"/><trkpt lat="37.305107" lon="127.067876"/><trkpt lat="37.305145" lon="127.067877"/><trkpt lat="37.305416" lon="127.067933"/><trkpt lat="37.305493" lon="127.067954"/><trkpt lat="37.305878" lon="127.068108"/><trkpt lat="37.306084" lon="127.068191"/><trkpt lat="37.306123" lon="127.068202"/><trkpt lat="37.306174" lon="127.06821"/><trkpt lat="37.306226" lon="127.068215"/><trkpt lat="37.306263" lon="127.068213"/><trkpt lat="37.306297" lon="127.068199"/><trkpt lat="37.306325" lon="127.068171"/><trkpt lat="37.30637" lon="127.068112"/><trkpt lat="37.306474" lon="127.067964"/><trkpt lat="37.306502" lon="127.067931"/><trkpt lat="37.306533" lon="127.067905"/><trkpt lat="37.30657" lon="127.067888"/><trkpt lat="37.306609" lon="127.067876"/><trkpt lat="37.306648" lon="127.067868"/><trkpt lat="37.306688" lon="127.067866"/><trkpt lat="37.306727" lon="127.067872"/><trkpt lat="37.307024" lon="127.06795"/><trkpt lat="37.307101" lon="127.067968"/><trkpt lat="37.307136" lon="127.067972"/><trkpt lat="37.307163" lon="127.067962"/><trkpt lat="37.307181" lon="127.067944"/><trkpt lat="37.30721" lon="127.067938"/><trkpt lat="37.307241" lon="127.067929"/><trkpt lat="37.307287" lon="127.067904"/><trkpt lat="37.307629" lon="127.0677"/><trkpt lat="37.307762" lon="127.06762"/><trkpt lat="37.307799" lon="127.067603"/><trkpt lat="37.307836" lon="127.067597"/><trkpt lat="37.307874" lon="127.067604"/><trkpt lat="37.307938" lon="127.067627"/><trkpt lat="37.308259" lon="127.067751"/><trkpt lat="37.308425" lon="127.067815"/><trkpt lat="37.308461" lon="127.067834"/><trkpt lat="37.30849" lon="127.067861"/><trkpt lat="37.30851" lon="127.067898"/><trkpt lat="37.308549" lon="127.067997"/><trkpt lat="37.308573" lon="127.068053"/><trkpt lat="37.308597" lon="127.068093"/><trkpt lat="37.308719" lon="127.068267"/><trkpt lat="37.308771" lon="127.068343"/><trkpt lat="37.308794" lon="127.068383"/><trkpt lat="37.30881" lon="127.068425"/><trkpt lat="37.30883" lon="127.068498"/><trkpt lat="37.308845" lon="127.068537"/><trkpt lat="37.308869" lon="127.068563"/><trkpt lat="37.308901" lon="127.068578"/><trkpt lat="37.308935" lon="127.068584"/><trkpt lat="37.308971" lon="127.068578"/><trkpt lat="37.309008" lon="127.06856"/><trkpt lat="37.309056" lon="127.068531"/><trkpt lat="37.309091" lon="127.068507"/><trkpt lat="37.309123" lon="127.068477"/><trkpt lat="37.30915" lon="127.068441"/><trkpt lat="37.309192" lon="127.068375"/><trkpt lat="37.309292" lon="127.068216"/><trkpt lat="37.309319" lon="127.068183"/><trkpt lat="37.309351" lon="127.068163"/><trkpt lat="37.309387" lon="127.068161"/><trkpt lat="37.309479" lon="127.068174"/><trkpt lat="37.309518" lon="127.068178"/><trkpt lat="37.309557" lon="127.068174"/><trkpt lat="37.309595" lon="127.068163"/><trkpt lat="37.309758" lon="127.068089"/><trkpt lat="37.309871" lon="127.06804"/><trkpt lat="37.309909" lon="127.068028"/><trkpt lat="37.309956" lon="127.068022"/><trkpt lat="37.309988" lon="127.068014"/><trkpt lat="37.31002" lon="127.067995"/><trkpt lat="37.310051" lon="127.067971"/><trkpt lat="37.310122" lon="127.067902"/><trkpt lat="37.310606" lon="127.067396"/><trkpt lat="37.310731" lon="127.067268"/><trkpt lat="37.310757" lon="127.067235"/><trkpt lat="37.31077" lon="127.067203"/><trkpt lat="37.310758" lon="127.06717"/><trkpt lat="37.310733" lon="127.067138"/><trkpt lat="37.310631" lon="127.067028"/><trkpt lat="37.310318" lon="127.06669"/><trkpt lat="37.310269" lon="127.066634"/><trkpt lat="37.310243" lon="127.066597"/><trkpt lat="37.310224" lon="127.066558"/><trkpt lat="37.31021" lon="127.066515"/><trkpt lat="37.310203" lon="127.06647"/><trkpt lat="37.310203" lon="127.066421"/><trkpt lat="37.310213" lon="127.066255"/><trkpt lat="37.310224" lon="127.066106"/><trkpt lat="37.31023" lon="127.066058"/><trkpt lat="37.310243" lon="127.066014"/><trkpt lat="37.310264" lon="127.065975"/><trkpt lat="37.310298" lon="127.065926"/><trkpt lat="37.310343" lon="127.065867"/><trkpt lat="37.310373" lon="127.065836"/><trkpt lat="37.310407" lon="127.065812"/><trkpt lat="37.310455" lon="127.065784"/><trkpt lat="37.310577" lon="127.065718"/><trkpt lat="37.310613" lon="127.065694"/><trkpt lat="37.31068" lon="127.065638"/><trkpt lat="37.311154" lon="127.065219"/><trkpt lat="37.311287" lon="127.065102"/><trkpt lat="37.311318" lon="127.065071"/><trkpt lat="37.311343" lon="127.065034"/><trkpt lat="37.311359" lon="127.064993"/><trkpt lat="37.311369" lon="127.064948"/><trkpt lat="37.311371" lon="127.064899"/><trkpt lat="37.311367" lon="127.064833"/><trkpt lat="37.31135" lon="127.064634"/><trkpt lat="37.311342" lon="127.064587"/><trkpt lat="37.311325" lon="127.064547"/><trkpt lat="37.311299" lon="127.064514"/><trkpt lat="37.311254" lon="127.064462"/><trkpt lat="37.311225" lon="127.064404"/><trkpt lat="37.311208" lon="127.06438"/><trkpt lat="37.31119" lon="127.064341"/><trkpt lat="37.311174" lon="127.064313"/><trkpt lat="37.311155" lon="127.064288"/><trkpt lat="37.311138" lon="127.064253"/><trkpt lat="37.311123" lon="127.064211"/><trkpt lat="37.311113" lon="127.064166"/><trkpt lat="37.311106" lon="127.064116"/><trkpt lat="37.311061" lon="127.063633"/><trkpt lat="37.311056" lon="127.063566"/><trkpt lat="37.311056" lon="127.063517"/><trkpt lat="37.311062" lon="127.063468"/><trkpt lat="37.311075" lon="127.063404"/><trkpt lat="37.311107" lon="127.063261"/><trkpt lat="37.311112" lon="127.063216"/><trkpt lat="37.311103" lon="127.063179"/><trkpt lat="37.311081" lon="127.06315"/><trkpt lat="37.311046" lon="127.063111"/><trkpt lat="37.311023" lon="127.063072"/><trkpt lat="37.310999" lon="127.063014"/><trkpt lat="37.310904" lon="127.062755"/><trkpt lat="37.310883" lon="127.062694"/><trkpt lat="37.310872" lon="127.062648"/><trkpt lat="37.31087" lon="127.062602"/><trkpt lat="37.310877" lon="127.062557"/><trkpt lat="37.310888" lon="127.062512"/><trkpt lat="37.310904" lon="127.062468"/><trkpt lat="37.310925" lon="127.062427"/><trkpt lat="37.311004" lon="127.062293"/><trkpt lat="37.311049" lon="127.062212"/><trkpt lat="37.311068" lon="127.06217"/><trkpt lat="37.311078" lon="127.062128"/><trkpt lat="37.311087" lon="127.062074"/><trkpt lat="37.311105" lon="127.062038"/><trkpt lat="37.311138" lon="127.062005"/><trkpt lat="37.311195" lon="127.06196"/><trkpt lat="37.311224" lon="127.061938"/></trkseg>
<trkseg><trkpt lat="37.322603" lon="127.083395"/><trkpt lat="37.322566" lon="127.083399"/><trkpt lat="37.322532" lon="127.083387"/><trkpt lat="37.322502" lon="127.083393"/><trkpt lat="37.322475" lon="127.083421"/><trkpt lat="37.322442" lon="127.083472"/><trkpt lat="37.322403" lon="127.08354"/><trkpt lat="37.322385" lon="127.083582"/><trkpt lat="37.322376" lon="127.083624"/><trkpt lat="37.322379" lon="127.083679"/><trkpt lat="37.322379" lon="127.083717"/><trkpt lat="37.322365" lon="127.083768"/><trkpt lat="37.322358" lon="127.08381"/><trkpt lat="37.322348" lon="127.083881"/><trkpt lat="37.322337" lon="127.083918"/><trkpt lat="37.322321" lon="127.083945"/><trkpt lat="37.322308" lon="127.083985"/><trkpt lat="37.322295" lon="127.084047"/><trkpt lat="37.32227" lon="127.084213"/><trkpt lat="37.322257" lon="127.084277"/><trkpt lat="37.322242" lon="127.084321"/><trkpt lat="37.322219" lon="127.08436"/><trkpt lat="37.322122" lon="127.084495"/><trkpt lat="37.322033" lon="127.084616"/><trkpt lat="37.322006" lon="127.084648"/><trkpt lat="37.321977" lon="127.084669"/><trkpt lat="37.321946" lon="127.084673"/><trkpt lat="37.321913" lon="127.084682"/><trkpt lat="37.321878" lon="127.084699"/><trkpt lat="37.321844" lon="127.084722"/><trkpt lat="37.321812" lon="127.084747"/><trkpt lat="37.321786" lon="127.084779"/><trkpt lat="37.321772" lon="127.084818"/><trkpt lat="37.321758" lon="127.084876"/><trkpt lat="37.321744" lon="127.084914"/></trkseg>
<trkseg><trkpt lat="37.327575" lon="127.084291"/><trkpt lat="37.327597" lon="127.084254"/><trkpt lat="37.327602" lon="127.084206"/><trkpt lat="37.3276" lon="127.084157"/><trkpt lat="37.327587" lon="127.084059"/><trkpt lat="37.327549" lon="127.083797"/><trkpt lat="37.327544" lon="127.08375"/><trkpt lat="37.327546" lon="127.083706"/><trkpt lat="37.327554" lon="127.083669"/><trkpt lat="37.327553" lon="127.083635"/><trkpt lat="37.327541" lon="127.08357"/><trkpt lat="37.327535" lon="127.083507"/><trkpt lat="37.32753" lon="127.083394"/><trkpt lat="37.32753" lon="127.083349"/><trkpt lat="37.327536" lon="127.08331"/><trkpt lat="37.327555" lon="127.083288"/><trkpt lat="37.32759" lon="127.083272"/><trkpt lat="37.327609" lon="127.083253"/><trkpt lat="37.327624" lon="127.083214"/><trkpt lat="37.327642" lon="127.083188"/><trkpt lat="37.327686" lon="127.083149"/><trkpt lat="37.327712" lon="127.083114"/><trkpt lat="37.327744" lon="127.083062"/><trkpt lat="37.327842" lon="127.082885"/><trkpt lat="37.327863" lon="127.082842"/><trkpt lat="37.327879" lon="127.082797"/><trkpt lat="37.327892" lon="127.08275"/><trkpt lat="37.32791" lon="127.082669"/><trkpt lat="37.327918" lon="127.082621"/><trkpt lat="37.327918" lon="127.082573"/><trkpt lat="37.327909" lon="127.082527"/><trkpt lat="37.32787" lon="127.082395"/></trkseg>
<trkseg><trkpt lat="37.325152" lon="127.083802"/><trkpt lat="37.325114" lon="127.08375"/><trkpt lat="37.325088" lon="127.083717"/><trkpt lat="37.325058" lon="127.083692"/><trkpt lat="37.325022" lon="127.083677"/><trkpt lat="37.324971" lon="127.083664"/><trkpt lat="37.324907" lon="127.083653"/><trkpt lat="37.324873" lon="127.083653"/><trkpt lat="37.324849" lon="127.083668"/><trkpt lat="37.324831" lon="127.083707"/><trkpt lat="37.324812" lon="127.083734"/><trkpt lat="37.324781" lon="127.083752"/><trkpt lat="37.324723" lon="127.083777"/><trkpt lat="37.324685" lon="127.083809"/><trkpt lat="37.324657" lon="127.08383"/><trkpt lat="37.324623" lon="127.083831"/><trkpt lat="37.324586" lon="127.08382"/><trkpt lat="37.324459" lon="127.083768"/><trkpt lat="37.324421" lon="127.083755"/><trkpt lat="37.324383" lon="127.083752"/><trkpt lat="37.324348" lon="127.083765"/><trkpt lat="37.324313" lon="127.083787"/><trkpt lat="37.324105" lon="127.08394"/><trkpt lat="37.324058" lon="127.083971"/><trkpt lat="37.324021" lon="127.083988"/><trkpt lat="37.323982" lon="127.083996"/><trkpt lat="37.323976" lon="127.083997"/></trkseg>
<trkseg><trkpt lat="37.325322" lon="127.08582"/><trkpt lat="37.325275" lon="127.085632"/><trkpt lat="37.325263" lon="127.085569"/><trkpt lat="37.32526" lon="127.085522"/><trkpt lat="37.325267" lon="127.085475"/><trkpt lat="37.325295" lon="127.085381"/><trkpt lat="37.32542" lon="127.08499"/><trkpt lat="37.325432" lon="127.084942"/><trkpt lat="37.325439" lon="127.084893"/><trkpt lat="37.325443" lon="127.084844"/><trkpt lat="37.325441" lon="127.084795"/><trkpt lat="37.325436" lon="127.084764"/></trkseg>
<trkseg><trkpt lat="37.324867" lon="127.087542"/><trkpt lat="37.324913" lon="127.087087"/><trkpt lat="37.324923" lon="127.087023"/><trkpt lat="37.324937" lon="127.086979"/><trkpt lat="37.324958" lon="127.08694"/><trkpt lat="37.325033" lon="127.08683"/><trkpt lat="37.325068" lon="127.086784"/><trkpt lat="37.325097" lon="127.086754"/><trkpt lat="37.325159" lon="127.086704"/><trkpt lat="37.325189" lon="127.086678"/><trkpt lat="37.325215" lon="127.086646"/><trkpt lat="37.325236" lon="127.086604"/><trkpt lat="37.325265" lon="127.086529"/><trkpt lat="37.325285" lon="127.086468"/><trkpt lat="37.325296" lon="127.08642"/><trkpt lat="37.325302" lon="127.086354"/><trkpt lat="37.325322" lon="127.08582"/></trkseg>
<trkseg><trkpt lat="37.351543" lon="127.050784"/><trkpt lat="37.351709" lon="127.050622"/><trkpt lat="37.351742" lon="127.050596"/><trkpt lat="37.351776" lon="127.050579"/><trkpt lat="37.351813" lon="127.050572"/><trkpt lat="37.351939" lon="127.050451"/><trkpt lat="37.351962" lon="127.050413"/><trkpt lat="37.35198" lon="127.050369"/><trkpt lat="37.352053" lon="127.050136"/><trkpt lat="37.352065" lon="127.050091"/><trkpt lat="37.352069" lon="127.05005"/><trkpt lat="37.35204" lon="127.04989"/><trkpt lat="37.352106" lon="127.049824"/><trkpt lat="37.352124" lon="127.049781"/><trkpt lat="37.352189" lon="127.049597"/><trkpt lat="37.352213" lon="127.049539"/><trkpt lat="37.352236" lon="127.049503"/><trkpt lat="37.352268" lon="127.04948"/><trkpt lat="37.352306" lon="127.049464"/><trkpt lat="37.352469" lon="127.049491"/><trkpt lat="37.352507" lon="127.049485"/><trkpt lat="37.352541" lon="127.049493"/><trkpt lat="37.35257" lon="127.049517"/><trkpt lat="37.352625" lon="127.049578"/><trkpt lat="37.352657" lon="127.049606"/><trkpt lat="37.352726" lon="127.049653"/><trkpt lat="37.352785" lon="127.049687"/><trkpt lat="37.35282" lon="127.049699"/><trkpt lat="37.352855" lon="127.049694"/><trkpt lat="37.35289" lon="127.049675"/><trkpt lat="37.352936" lon="127.049643"/><trkpt lat="37.353122" lon="127.049509"/><trkpt lat="37.353274" lon="127.049426"/><trkpt lat="37.353304" lon="127.049398"/><trkpt lat="37.35332" lon="127.049362"/><trkpt lat="37.353321" lon="127.049318"/><trkpt lat="37.353312" lon="127.049253"/><trkpt lat="37.35324" lon="127.048876"/><trkpt lat="37.35301" lon="127.04865"/><trkpt lat="37.352964" lon="127.048584"/><trkpt lat="37.352979" lon="127.0485"/><trkpt lat="37.3532" lon="127.048217"/><trkpt lat="37.353195" lon="127.048095"/><trkpt lat="37.353192" lon="127.048047"/><trkpt lat="37.353183" lon="127.047996"/><trkpt lat="37.353189" lon="127.047971"/><trkpt lat="37.353215" lon="127.047958"/><trkpt lat="37.353262" lon="127.047949"/><trkpt lat="37.353314" lon="127.047945"/><trkpt lat="37.353351" lon="127.04795"/><trkpt lat="37.353383" lon="127.047968"/><trkpt lat="37.353414" lon="127.047993"/><trkpt lat="37.35344" lon="127.048024"/><trkpt lat="37.35346" lon="127.048064"/><trkpt lat="37.35348" lon="127.048126"/><trkpt lat="37.353522" lon="127.048242"/><trkpt lat="37.35354" lon="127.048286"/><trkpt lat="37.353563" lon="127.048324"/><trkpt lat="37.353619" lon="127.048393"/><trkpt lat="37.353678" lon="127.048457"/><trkpt lat="37.35371" lon="127.048484"/><trkpt lat="37.353746" lon="127.048503"/><trkpt lat="37.35381" lon="127.048526"/><trkpt lat="37.354043" lon="127.048599"/><trkpt lat="37.35408" lon="127.048614"/><trkpt lat="37.354114" lon="127.048633"/><trkpt lat="37.354137" lon="127.048666"/><trkpt lat="37.354152" lon="127.048709"/><trkpt lat="37.354168" lon="127.048771"/><trkpt lat="37.354277" lon="127.049215"/><trkpt lat="37.354295" lon="127.049277"/><trkpt lat="37.354312" lon="127.049322"/><trkpt lat="37.354354" lon="127.049409"/><trkpt lat="37.354477" lon="127.049652"/><trkpt lat="37.354502" lon="127.049691"/><trkpt lat="37.354531" lon="127.049724"/><trkpt lat="37.354705" lon="127.049885"/><trkpt lat="37.354998" lon="127.050155"/><trkpt lat="37.355028" lon="127.050189"/><trkpt lat="37.355064" lon="127.050239"/><trkpt lat="37.35552" lon="127.050924"/><trkpt lat="37.355692" lon="127.051182"/><trkpt lat="37.35572" lon="127.051218"/><trkpt lat="37.35576" lon="127.051264"/><trkpt lat="37.355821" lon="127.051328"/><trkpt lat="37.355854" lon="127.051357"/><trkpt lat="37.355889" lon="127.051379"/><trkpt lat="37.355926" lon="127.051394"/><trkpt lat="37.356002" lon="127.051418"/><trkpt lat="37.356042" lon="127.051425"/><trkpt lat="37.356095" lon="127.051428"/><trkpt lat="37.356364" lon="127.051432"/><trkpt lat="37.356403" lon="127.051431"/><trkpt lat="37.356436" lon="127.051421"/><trkpt lat="37.356457" lon="127.051393"/><trkpt lat="37.356469" lon="127.051349"/><trkpt lat="37.356483" lon="127.051268"/><trkpt lat="37.356495" lon="127.051221"/><trkpt lat="37.356514" lon="127.051178"/><trkpt lat="37.356551" lon="127.05111"/><trkpt lat="37.356722" lon="127.050815"/><trkpt lat="37.356746" lon="127.050778"/><trkpt lat="37.356775" lon="127.050751"/><trkpt lat="37.35681" lon="127.050739"/><trkpt lat="37.356848" lon="127.050736"/><trkpt lat="37.356994" lon="127.050737"/><trkpt lat="37.357445" lon="127.05074"/></trkseg>
<trkseg><trkpt lat="37.325322" lon="127.08582"/><trkpt lat="37.325869" lon="127.085829"/><trkpt lat="37.325922" lon="127.085834"/><trkpt lat="37.32596" lon="127.085844"/><trkpt lat="37.32607" lon="127.085884"/><trkpt lat="37.326384" lon="127.08606"/></trkseg>
<trkseg><trkpt lat="37.32342" lon="127.083934"/><trkpt lat="37.323402" lon="127.083833"/><trkpt lat="37.323397" lon="127.083796"/><trkpt lat="37.323397" lon="127.083762"/><trkpt lat="37.323404" lon="127.083729"/><trkpt lat="37.323418" lon="127.083685"/><trkpt lat="37.32347" lon="127.083541"/><trkpt lat="37.323479" lon="127.083507"/><trkpt lat="37.323485" lon="127.083471"/><trkpt lat="37.323488" lon="127.083414"/><trkpt lat="37.323491" lon="127.083336"/></trkseg>
<trkseg><trkpt lat="37.326581" lon="127.08154"/><trkpt lat="37.326516" lon="127.081671"/><trkpt lat="37.326494" lon="127.08171"/><trkpt lat="37.32647" lon="127.081745"/><trkpt lat="37.326438" lon="127.081783"/><trkpt lat="37.326427" lon="127.081821"/><trkpt lat="37.326416" lon="127.081891"/><trkpt lat="37.326398" lon="127.081925"/><trkpt lat="37.326358" lon="127.081973"/><trkpt lat="37.32634" lon="127.082007"/><trkpt lat="37.326326" lon="127.082075"/><trkpt lat="37.326315" lon="127.082115"/><trkpt lat="37.326291" lon="127.082148"/><trkpt lat="37.32624" lon="127.082196"/><trkpt lat="37.32621" lon="127.082227"/><trkpt lat="37.326172" lon="127.082275"/><trkpt lat="37.326049" lon="127.082451"/><trkpt lat="37.325999" lon="127.082528"/><trkpt lat="37.325962" lon="127.082597"/><trkpt lat="37.325842" lon="127.082834"/><trkpt lat="37.325825" lon="127.082878"/><trkpt lat="37.325812" lon="127.082925"/><trkpt lat="37.325793" lon="127.083023"/><trkpt lat="37.325719" lon="127.083434"/><trkpt lat="37.325704" lon="127.083497"/><trkpt lat="37.325687" lon="127.083541"/><trkpt lat="37.325663" lon="127.083579"/><trkpt lat="37.325525" lon="127.083756"/><trkpt lat="37.325433" lon="127.083874"/></trkseg>
<trkseg><trkpt lat="37.327634" lon="127.07996"/><trkpt lat="37.327623" lon="127.079926"/><trkpt lat="37.327602" lon="127.079899"/><trkpt lat="37.327576" lon="127.079882"/><trkpt lat="37.327535" lon="127.079877"/><trkpt lat="37.327503" lon="127.079863"/><trkpt lat="37.327476" lon="127.079838"/><trkpt lat="37.327463" lon="127.079799"/><trkpt lat="37.327457" lon="127.079753"/><trkpt lat="37.32745" lon="127.079655"/><trkpt lat="37.327444" lon="127.079609"/><trkpt lat="37.327432" lon="127.079569"/><trkpt lat="37.327406" lon="127.079541"/><trkpt lat="37.327372" lon="127.079521"/><trkpt lat="37.32722" lon="127.079447"/><trkpt lat="37.327127" lon="127.079402"/></trkseg>
<trkseg><trkpt lat="37.321487" lon="127.039763"/><trkpt lat="37.321499" lon="127.039731"/><trkpt lat="37.321504" lon="127.039687"/><trkpt lat="37.321485" lon="127.03965"/><trkpt lat="37.321441" lon="127.039621"/><trkpt lat="37.32126" lon="127.039525"/><trkpt lat="37.321211" lon="127.039502"/><trkpt lat="37.32116" lon="127.039485"/><trkpt lat="37.320992" lon="127.039438"/><trkpt lat="37.320955" lon="127.039425"/><trkpt lat="37.320923" lon="127.039404"/><trkpt lat="37.3209" lon="127.03937"/><trkpt lat="37.320882" lon="127.039329"/><trkpt lat="37.320836" lon="127.039214"/><trkpt lat="37.320815" lon="127.039175"/><trkpt lat="37.320787" lon="127.039142"/><trkpt lat="37.320722" lon="127.039082"/><trkpt lat="37.320566" lon="127.03895"/><trkpt lat="37.320532" lon="127.038927"/><trkpt lat="37.320495" lon="127.038916"/><trkpt lat="37.320443" lon="127.038914"/><trkpt lat="37.320017" lon="127.038936"/><trkpt lat="37.319951" lon="127.038938"/><trkpt lat="37.319911" lon="127.038935"/><trkpt lat="37.319872" lon="127.038925"/><trkpt lat="37.319744" lon="127.038878"/><trkpt lat="37.319692" lon="127.03886"/><trkpt lat="37.319653" lon="127.038852"/><trkpt lat="37.319615" lon="127.038852"/><trkpt lat="37.319512" lon="127.038867"/><trkpt lat="37.319463" lon="127.038873"/><trkpt lat="37.319431" lon="127.038869"/><trkpt lat="37.319405" lon="127.038847"/><trkpt lat="37.319377" lon="127.038824"/><trkpt lat="37.319333" lon="127.038793"/><trkpt lat="37.319203" lon="127.038715"/><trkpt lat="37.319168" lon="127.038697"/><trkpt lat="37.319136" lon="127.038687"/><trkpt lat="37.319105" lon="127.038694"/><trkpt lat="37.319077" lon="127.038695"/><trkpt lat="37.319042" lon="127.038684"/><trkpt lat="37.318944" lon="127.038637"/><trkpt lat="37.318882" lon="127.038609"/><trkpt lat="37.318844" lon="127.038597"/><trkpt lat="37.318804" lon="127.038592"/><trkpt lat="37.31871" lon="127.038585"/><trkpt lat="37.318643" lon="127.038584"/><trkpt lat="37.31859" lon="127.038591"/><trkpt lat="37.318395" lon="127.038632"/><trkpt lat="37.318318" lon="127.038646"/><trkpt lat="37.318279" lon="127.038647"/><trkpt lat="37.318226" lon="127.038638"/><trkpt lat="37.31795" lon="127.038568"/><trkpt lat="37.317872" lon="127.038549"/><trkpt lat="37.317833" lon="127.038545"/><trkpt lat="37.317794" lon="127.03855"/><trkpt lat="37.317743" lon="127.038569"/><trkpt lat="37.31764" lon="127.038612"/><trkpt lat="37.317602" lon="127.038623"/><trkpt lat="37.317564" lon="127.038623"/><trkpt lat="37.317512" lon="127.03861"/><trkpt lat="37.317254" lon="127.038523"/><trkpt lat="37.316931" lon="127.038417"/><trkpt lat="37.316893" lon="127.038401"/><trkpt lat="37.316857" lon="127.038381"/><trkpt lat="37.316824" lon="127.038355"/><trkpt lat="37.316707" lon="127.038247"/><trkpt lat="37.316675" lon="127.038221"/><trkpt lat="37.316641" lon="127.038205"/><trkpt lat="37.316607" lon="127.038205"/><trkpt lat="37.316561" lon="127.038214"/><trkpt lat="37.316526" lon="127.038214"/><trkpt lat="37.316491" lon="127.0382"/><trkpt lat="37.316457" lon="127.038176"/><trkpt lat="37.316085" lon="127.037876"/><trkpt lat="37.316029" lon="127.037829"/><trkpt lat="37.315998" lon="127.037797"/><trkpt lat="37.315956" lon="127.03774"/><trkpt lat="37.31593" lon="127.037707"/><trkpt lat="37.315901" lon="127.037682"/><trkpt lat="37.315859" lon="127.037657"/><trkpt lat="37.315833" lon="127.037626"/><trkpt lat="37.315804" lon="127.037574"/><trkpt lat="37.315749" lon="127.037463"/><trkpt lat="37.315727" lon="127.037422"/><trkpt lat="37.315694" lon="127.03737"/><trkpt lat="37.315455" lon="127.037034"/><trkpt lat="37.315413" lon="127.03697"/><trkpt lat="37.315393" lon="127.036929"/><trkpt lat="37.315384" lon="127.036889"/><trkpt lat="37.315385" lon="127.036849"/><trkpt lat="37.315395" lon="127.036798"/><trkpt lat="37.315391" lon="127.036756"/><trkpt lat="37.315379" lon="127.036711"/><trkpt lat="37.315358" lon="127.036632"/><trkpt lat="37.31536" lon="127.036576"/><trkpt lat="37.315373" lon="127.036533"/><trkpt lat="37.315382" lon="127.036515"/></trkseg>
<trkseg><trkpt lat="37.329586" lon="127.080739"/><trkpt lat="37.329945" lon="127.080375"/><trkpt lat="37.329977" lon="127.080347"/><trkpt lat="37.330011" lon="127.080326"/><trkpt lat="37.330048" lon="127.080314"/><trkpt lat="37.330162" lon="127.080292"/><trkpt lat="37.330213" lon="127.080281"/><trkpt lat="37.33025" lon="127.080268"/><trkpt lat="37.330284" lon="127.080251"/></trkseg>
<trkseg><trkpt lat="37.315382" lon="127.036515"/><trkpt lat="37.31533" lon="127.036556"/><trkpt lat="37.315287" lon="127.036584"/><trkpt lat="37.315249" lon="127.036597"/><trkpt lat="37.31521" lon="127.036602"/><trkpt lat="37.315055" lon="127.036612"/><trkpt lat="37.315003" lon="127.036619"/><trkpt lat="37.314966" lon="127.036631"/><trkpt lat="37.314909" lon="127.036661"/><trkpt lat="37.314875" lon="127.036678"/><trkpt lat="37.314839" lon="127.036683"/><trkpt lat="37.314802" lon="127.036674"/><trkpt lat="37.314739" lon="127.036648"/><trkpt lat="37.314373" lon="127.036481"/><trkpt lat="37.314297" lon="127.036451"/><trkpt lat="37.314241" lon="127.036441"/><trkpt lat="37.314219" lon="127.036429"/><trkpt lat="37.314194" lon="127.036404"/><trkpt lat="37.314162" lon="127.036396"/><trkpt lat="37.314112" lon="127.036393"/><trkpt lat="37.313661" lon="127.036394"/><trkpt lat="37.313622" lon="127.036391"/><trkpt lat="37.313584" lon="127.036382"/><trkpt lat="37.313548" lon="127.036365"/><trkpt lat="37.31344" lon="127.036303"/><trkpt lat="37.313394" lon="127.036274"/><trkpt lat="37.313363" lon="127.036248"/><trkpt lat="37.313339" lon="127.036214"/><trkpt lat="37.313322" lon="127.036174"/><trkpt lat="37.313308" lon="127.036132"/><trkpt lat="37.313298" lon="127.036088"/><trkpt lat="37.313294" lon="127.036038"/><trkpt lat="37.313293" lon="127.035971"/><trkpt lat="37.313297" lon="127.035383"/><trkpt lat="37.313292" lon="127.035335"/><trkpt lat="37.313278" lon="127.035291"/><trkpt lat="37.313256" lon="127.03525"/><trkpt lat="37.313197" lon="127.035157"/><trkpt lat="37.313165" lon="127.035103"/><trkpt lat="37.313146" lon="127.03506"/><trkpt lat="37.313134" lon="127.035014"/><trkpt lat="37.313127" lon="127.034965"/><trkpt lat="37.313095" lon="127.034651"/><trkpt lat="37.31309" lon="127.034571"/><trkpt lat="37.31309" lon="127.034523"/><trkpt lat="37.313095" lon="127.034474"/><trkpt lat="37.313128" lon="127.034297"/><trkpt lat="37.313141" lon="127.034217"/><trkpt lat="37.313145" lon="127.034168"/><trkpt lat="37.313142" lon="127.034119"/><trkpt lat="37.313136" lon="127.03407"/><trkpt lat="37.313121" lon="127.03399"/><trkpt lat="37.313108" lon="127.033943"/><trkpt lat="37.313089" lon="127.033902"/><trkpt lat="37.313052" lon="127.033841"/><trkpt lat="37.313002" lon="127.033764"/></trkseg>
<trkseg><trkpt lat="37.315382" lon="127.036515"/><trkpt lat="37.315353" lon="127.036448"/><trkpt lat="37.315318" lon="127.036412"/><trkpt lat="37.31504" lon="127.036156"/><trkpt lat="37.31501" lon="127.036124"/><trkpt lat="37.314984" lon="127.036089"/><trkpt lat="37.314965" lon="127.03605"/><trkpt lat="37.314929" lon="127.035968"/><trkpt lat="37.314908" lon="127.035931"/><trkpt lat="37.314879" lon="127.035899"/><trkpt lat="37.314805" lon="127.035832"/><trkpt lat="37.314763" lon="127.035793"/><trkpt lat="37.314724" lon="127.035748"/><trkpt lat="37.314504" lon="127.035459"/><trkpt lat="37.31445" lon="127.035386"/><trkpt lat="37.314427" lon="127.035348"/><trkpt lat="37.314411" lon="127.035306"/><trkpt lat="37.314394" lon="127.03525"/><trkpt lat="37.314373" lon="127.035209"/><trkpt lat="37.314322" lon="127.035132"/><trkpt lat="37.314072" lon="127.03478"/><trkpt lat="37.314039" lon="127.034727"/><trkpt lat="37.314004" lon="127.034655"/><trkpt lat="37.313917" lon="127.034465"/><trkpt lat="37.3139" lon="127.03442"/><trkpt lat="37.313888" lon="127.034374"/><trkpt lat="37.313884" lon="127.034329"/><trkpt lat="37.313879" lon="127.034236"/><trkpt lat="37.313871" lon="127.034194"/><trkpt lat="37.313851" lon="127.034156"/><trkpt lat="37.313818" lon="127.03411"/><trkpt lat="37.313762" lon="127.034044"/><trkpt lat="37.313732" lon="127.034014"/><trkpt lat="37.313699" lon="127.03399"/><trkpt lat="37.313638" lon="127.033959"/><trkpt lat="37.313576" lon="127.033932"/><trkpt lat="37.313538" lon="127.033921"/><trkpt lat="37.313499" lon="127.033918"/><trkpt lat="37.31346" lon="127.033922"/><trkpt lat="37.313301" lon="127.033951"/><trkpt lat="37.313262" lon="127.033954"/><trkpt lat="37.313225" lon="127.033947"/><trkpt lat="37.313191" lon="127.033926"/><trkpt lat="37.313135" lon="127.03388"/><trkpt lat="37.313002" lon="127.033764"/></trkseg>
<trkseg><trkpt lat="37.361485" lon="127.032765"/><trkpt lat="37.361343" lon="127.032565"/><trkpt lat="37.361316" lon="127.032527"/><trkpt lat="37.361293" lon="127.032489"/><trkpt lat="37.361275" lon="127.032445"/><trkpt lat="37.361255" lon="127.032383"/><trkpt lat="37.361206" lon="127.032226"/><trkpt lat="37.361188" lon="127.032181"/><trkpt lat="37.361166" lon="127.032142"/><trkpt lat="37.361097" lon="127.032043"/><trkpt lat="37.361065" lon="127.031992"/><trkpt lat="37.361047" lon="127.031951"/><trkpt lat="37.361036" lon="127.031907"/><trkpt lat="37.361021" lon="127.031807"/><trkpt lat="37.361014" lon="127.031751"/></trkseg>
<trkseg><trkpt lat="37.350023" lon="127.017399"/><trkpt lat="37.350056" lon="127.017565"/><trkpt lat="37.350068" lon="127.017613"/><trkpt lat="37.350085" lon="127.017656"/><trkpt lat="37.35011" lon="127.01769"/><trkpt lat="37.350149" lon="127.017731"/><trkpt lat="37.350222" lon="127.017798"/><trkpt lat="37.350254" lon="127.017822"/><trkpt lat="37.350288" lon="127.017835"/><trkpt lat="37.350326" lon="127.017834"/><trkpt lat="37.350403" lon="127.01782"/><trkpt lat="37.350441" lon="127.017815"/><trkpt lat="37.350476" lon="127.017819"/><trkpt lat="37.350514" lon="127.017844"/><trkpt lat="37.350551" lon="127.017867"/><trkpt lat="37.350573" lon="127.017893"/></trkseg>
<trkseg><trkpt lat="37.350573" lon="127.017893"/><trkpt lat="37.350554" lon="127.017946"/><trkpt lat="37.350524" lon="127.01799"/><trkpt lat="37.350475" lon="127.018034"/><trkpt lat="37.350453" lon="127.018061"/><trkpt lat="37.350449" lon="127.018096"/><trkpt lat="37.35046" lon="127.018138"/><trkpt lat="37.350478" lon="127.018178"/><trkpt lat="37.350503" lon="127.01821"/><trkpt lat="37.350532" lon="127.018223"/><trkpt lat="37.350582" lon="127.018237"/><trkpt lat="37.350602" lon="127.018253"/><trkpt lat="37.350617" lon="127.018273"/><trkpt lat="37.350642" lon="127.018278"/><trkpt lat="37.350689" lon="127.018276"/><trkpt lat="37.350807" lon="127.018263"/><trkpt lat="37.350846" lon="127.018264"/><trkpt lat="37.350881" lon="127.018275"/><trkpt lat="37.350911" lon="127.018299"/><trkpt lat="37.350938" lon="127.018329"/><trkpt lat="37.350961" lon="127.018363"/><trkpt lat="37.350974" lon="127.018399"/><trkpt lat="37.350975" lon="127.018442"/><trkpt lat="37.350968" lon="127.018502"/><trkpt lat="37.350974" lon="127.018541"/><trkpt lat="37.350996" lon="127.018572"/><trkpt lat="37.351066" lon="127.018637"/><trkpt lat="37.351094" lon="127.018666"/><trkpt lat="37.351117" lon="127.018701"/><trkpt lat="37.351131" lon="127.018737"/><trkpt lat="37.351134" lon="127.018777"/><trkpt lat="37.351147" lon="127.018814"/><trkpt lat="37.351181" lon="127.01888"/><trkpt lat="37.351195" lon="127.018921"/><trkpt lat="37.351196" lon="127.018967"/><trkpt lat="37.351189" lon="127.019015"/><trkpt lat="37.351155" lon="127.019179"/><trkpt lat="37.35114" lon="127.01926"/><trkpt lat="37.351135" lon="127.019308"/><trkpt lat="37.351141" lon="127.019355"/><trkpt lat="37.351156" lon="127.019401"/><trkpt lat="37.351191" lon="127.019485"/><trkpt lat="37.351232" lon="127.019581"/></trkseg>
<trkseg><trkpt lat="37.336811" lon="127.03163"/><trkpt lat="37.336664" lon="127.032048"/><trkpt lat="37.336645" lon="127.032093"/><trkpt lat="37.336622" lon="127.032133"/><trkpt lat="37.336594" lon="127.032167"/><trkpt lat="37.336513" lon="127.032249"/><trkpt lat="37.33649" lon="127.032279"/><trkpt lat="37.336482" lon="127.032307"/><trkpt lat="37.336482" lon="127.032341"/><trkpt lat="37.336466" lon="127.032365"/><trkpt lat="37.336435" lon="127.032387"/><trkpt lat="37.336374" lon="127.03242"/><trkpt lat="37.336135" lon="127.032539"/><trkpt lat="37.336098" lon="127.032561"/><trkpt lat="37.336065" lon="127.032588"/><trkpt lat="37.336035" lon="127.032619"/><trkpt lat="37.335935" lon="127.03273"/><trkpt lat="37.335894" lon="127.032771"/><trkpt lat="37.335861" lon="127.032795"/><trkpt lat="37.335823" lon="127.03281"/><trkpt lat="37.335522" lon="127.032896"/><trkpt lat="37.335364" lon="127.032941"/><trkpt lat="37.335326" lon="127.032955"/><trkpt lat="37.335295" lon="127.032977"/><trkpt lat="37.335273" lon="127.033013"/><trkpt lat="37.335258" lon="127.033058"/><trkpt lat="37.335195" lon="127.033281"/><trkpt lat="37.335179" lon="127.033326"/><trkpt lat="37.335159" lon="127.033367"/><trkpt lat="37.335132" lon="127.033399"/><trkpt lat="37.335078" lon="127.033444"/><trkpt lat="37.335047" lon="127.033472"/><trkpt lat="37.335022" lon="127.033504"/><trkpt lat="37.335007" lon="127.033543"/><trkpt lat="37.33499" lon="127.033596"/><trkpt lat="37.334969" lon="127.033632"/><trkpt lat="37.334941" lon="127.033663"/><trkpt lat="37.334889" lon="127.033712"/><trkpt lat="37.334861" lon="127.033744"/><trkpt lat="37.33484" lon="127.033782"/><trkpt lat="37.334819" lon="127.033839"/><trkpt lat="37.334791" lon="127.033927"/><trkpt lat="37.334772" lon="127.033968"/><trkpt lat="37.334746" lon="127.034006"/><trkpt lat="37.334681" lon="127.034091"/><trkpt lat="37.334645" lon="127.034141"/><trkpt lat="37.334624" lon="127.034182"/><trkpt lat="37.334608" lon="127.034226"/><trkpt lat="37.334578" lon="127.034336"/><trkpt lat="37.334512" lon="127.034588"/><trkpt lat="37.334497" lon="127.034632"/><trkpt lat="37.334474" lon="127.034668"/><trkpt lat="37.334444" lon="127.034696"/><trkpt lat="37.334399" lon="127.034728"/><trkpt lat="37.334226" lon="127.034843"/><trkpt lat="37.334193" lon="127.034869"/><trkpt lat="37.334151" lon="127.034911"/><trkpt lat="37.333955" lon="127.035144"/><trkpt lat="37.333905" lon="127.035201"/><trkpt lat="37.333873" lon="127.03523"/><trkpt lat="37.333838" lon="127.035246"/><trkpt lat="37.3338" lon="127.035253"/><trkpt lat="37.33364" lon="127.035265"/><trkpt lat="37.333335" lon="127.035287"/><trkpt lat="37.333283" lon="127.035294"/><trkpt lat="37.333246" lon="127.035309"/><trkpt lat="37.333213" lon="127.035334"/><trkpt lat="37.333054" lon="127.035485"/><trkpt lat="37.332841" lon="127.035686"/><trkpt lat="37.332785" lon="127.03573"/><trkpt lat="37.332448" lon="127.035967"/><trkpt lat="37.332378" lon="127.036014"/><trkpt lat="37.332342" lon="127.036033"/><trkpt lat="37.332304" lon="127.036044"/><trkpt lat="37.332225" lon="127.036057"/><trkpt lat="37.331935" lon="127.036099"/><trkpt lat="37.331882" lon="127.036104"/><trkpt lat="37.331843" lon="127.036102"/><trkpt lat="37.331791" lon="127.036094"/><trkpt lat="37.33144" lon="127.036028"/></trkseg>
<trkseg><trkpt lat="37.338333" lon="127.031607"/><trkpt lat="37.338067" lon="127.031661"/><trkpt lat="37.338014" lon="127.031668"/><trkpt lat="37.337976" lon="127.031666"/><trkpt lat="37.33794" lon="127.031652"/><trkpt lat="37.337871" lon="127.031612"/><trkpt lat="37.337836" lon="127.031598"/><trkpt lat="37.337798" lon="127.031595"/><trkpt lat="37.33776" lon="127.031604"/><trkpt lat="37.337725" lon="127.031625"/><trkpt lat="37.337638" lon="127.031703"/><trkpt lat="37.337594" lon="127.031741"/><trkpt lat="37.33756" lon="127.031762"/><trkpt lat="37.337522" lon="127.031765"/></trkseg>
<trkseg><trkpt lat="37.34483" lon="127.034543"/><trkpt lat="37.344754" lon="127.033934"/><trkpt lat="37.344743" lon="127.03387"/><trkpt lat="37.34473" lon="127.033825"/><trkpt lat="37.344709" lon="127.033786"/><trkpt lat="37.34467" lon="127.033723"/><trkpt lat="37.344651" lon="127.033679"/><trkpt lat="37.34462" lon="127.033586"/><trkpt lat="37.34457" lon="127.03343"/><trkpt lat="37.344552" lon="127.033386"/><trkpt lat="37.344528" lon="127.033348"/><trkpt lat="37.34449" lon="127.033304"/><trkpt lat="37.344409" lon="127.033222"/><trkpt lat="37.344377" lon="127.033196"/><trkpt lat="37.344341" lon="127.033175"/><trkpt lat="37.344265" lon="127.033142"/><trkpt lat="37.343678" lon="127.032901"/><trkpt lat="37.343423" lon="127.032797"/><trkpt lat="37.343384" lon="127.032786"/><trkpt lat="37.343291" lon="127.03277"/><trkpt lat="37.343063" lon="127.032738"/><trkpt lat="37.343024" lon="127.032729"/><trkpt lat="37.342986" lon="127.032714"/><trkpt lat="37.342937" lon="127.032686"/><trkpt lat="37.342818" lon="127.03261"/><trkpt lat="37.342771" lon="127.032578"/><trkpt lat="37.342738" lon="127.03255"/><trkpt lat="37.342709" lon="127.032518"/><trkpt lat="37.342607" lon="127.032392"/><trkpt lat="37.342578" lon="127.03236"/><trkpt lat="37.342547" lon="127.032332"/><trkpt lat="37.342513" lon="127.032309"/><trkpt lat="37.342393" lon="127.032244"/><trkpt lat="37.342321" lon="127.032203"/><trkpt lat="37.342288" lon="127.032178"/><trkpt lat="37.34226" lon="127.032147"/><trkpt lat="37.342208" lon="127.032081"/><trkpt lat="37.34218" lon="127.032052"/><trkpt lat="37.342148" lon="127.032035"/><trkpt lat="37.342112" lon="127.032027"/><trkpt lat="37.342038" lon="127.032015"/><trkpt lat="37.342002" lon="127.032003"/><trkpt lat="37.341967" lon="127.031982"/><trkpt lat="37.341898" lon="127.031937"/><trkpt lat="37.341862" lon="127.031925"/><trkpt lat="37.3418" lon="127.031931"/><trkpt lat="37.341762" lon="127.031931"/><trkpt lat="37.341725" lon="127.031925"/><trkpt lat="37.341688" lon="127.031915"/><trkpt lat="37.341651" lon="127.031901"/><trkpt lat="37.341581" lon="127.031864"/><trkpt lat="37.341546" lon="127.031849"/><trkpt lat="37.341511" lon="127.031845"/><trkpt lat="37.341474" lon="127.031856"/><trkpt lat="37.341425" lon="127.031881"/><trkpt lat="37.34129" lon="127.031954"/><trkpt lat="37.341253" lon="127.031969"/><trkpt lat="37.341216" lon="127.031972"/><trkpt lat="37.341179" lon="127.031963"/><trkpt lat="37.341104" lon="127.031931"/><trkpt lat="37.341054" lon="127.031912"/><trkpt lat="37.341017" lon="127.031905"/><trkpt lat="37.340953" lon="127.031907"/><trkpt lat="37.340915" lon="127.031902"/><trkpt lat="37.340879" lon="127.031888"/><trkpt lat="37.34076" lon="127.031822"/><trkpt lat="37.340712" lon="127.031797"/><trkpt lat="37.340675" lon="127.031784"/><trkpt lat="37.340636" lon="127.031778"/><trkpt lat="37.340583" lon="127.031778"/><trkpt lat="37.34002" lon="127.031791"/><trkpt lat="37.339954" lon="127.031788"/><trkpt lat="37.339713" lon="127.031757"/><trkpt lat="37.339661" lon="127.031747"/><trkpt lat="37.339624" lon="127.031731"/><trkpt lat="37.33959" lon="127.031707"/><trkpt lat="37.339491" lon="127.031621"/><trkpt lat="37.339447" lon="127.031584"/><trkpt lat="37.339412" lon="127.031562"/><trkpt lat="37.339374" lon="127.031549"/><trkpt lat="37.339308" lon="127.031536"/><trkpt lat="37.339136" lon="127.031507"/><trkpt lat="37.339097" lon="127.031497"/><trkpt lat="37.33906" lon="127.03148"/><trkpt lat="37.339001" lon="127.031443"/><trkpt lat="37.338965" lon="127.031423"/><trkpt lat="37.338929" lon="127.031411"/><trkpt lat="37.33889" lon="127.031405"/><trkpt lat="37.338813" lon="127.031399"/><trkpt lat="37.338762" lon="127.031399"/><trkpt lat="37.338725" lon="127.031405"/><trkpt lat="37.33869" lon="127.031422"/><trkpt lat="37.338612" lon="127.031479"/><trkpt lat="37.338567" lon="127.031511"/><trkpt lat="37.338532" lon="127.031531"/><trkpt lat="37.338483" lon="127.031552"/><trkpt lat="37.338333" lon="127.031607"/></trkseg>
<trkseg><trkpt lat="37.342098" lon="127.045387"/><trkpt lat="37.342098" lon="127.045351"/><trkpt lat="37.342101" lon="127.045302"/><trkpt lat="37.342111" lon="127.045252"/><trkpt lat="37.342107" lon="127.045225"/><trkpt lat="37.342077" lon="127.045166"/><trkpt lat="37.342061" lon="127.045125"/><trkpt lat="37.342052" lon="127.045078"/><trkpt lat="37.342049" lon="127.045029"/><trkpt lat="37.342048" lon="127.044945"/><trkpt lat="37.342052" lon="127.044896"/><trkpt lat="37.342061" lon="127.044848"/><trkpt lat="37.342084" lon="127.044771"/><trkpt lat="37.342105" lon="127.04471"/><trkpt lat="37.342124" lon="127.044668"/><trkpt lat="37.342179" lon="127.044583"/><trkpt lat="37.342201" lon="127.044545"/><trkpt lat="37.342219" lon="127.044502"/><trkpt lat="37.342236" lon="127.04444"/><trkpt lat="37.342262" lon="127.044329"/><trkpt lat="37.34227" lon="127.044281"/><trkpt lat="37.342273" lon="127.044236"/><trkpt lat="37.342267" lon="127.044185"/><trkpt lat="37.342272" lon="127.044154"/><trkpt lat="37.342296" lon="127.044118"/><trkpt lat="37.34231" lon="127.044089"/><trkpt lat="37.34231" lon="127.044056"/><trkpt lat="37.342291" lon="127.044002"/><trkpt lat="37.342279" lon="127.04396"/><trkpt lat="37.342278" lon="127.043914"/><trkpt lat="37.342282" lon="127.043836"/><trkpt lat="37.342281" lon="127.043791"/><trkpt lat="37.34227" lon="127.043747"/><trkpt lat="37.342249" lon="127.043705"/><trkpt lat="37.342225" lon="127.043666"/><trkpt lat="37.342196" lon="127.043633"/><trkpt lat="37.342138" lon="127.043595"/><trkpt lat="37.342105" lon="127.043569"/><trkpt lat="37.34208" lon="127.043535"/><trkpt lat="37.342051" lon="127.04348"/><trkpt lat="37.342019" lon="127.043407"/><trkpt lat="37.342003" lon="127.043362"/><trkpt lat="37.341992" lon="127.043314"/><trkpt lat="37.341968" lon="127.043183"/><trkpt lat="37.341955" lon="127.043135"/><trkpt lat="37.341937" lon="127.043092"/><trkpt lat="37.341893" lon="127.043009"/><trkpt lat="37.341741" lon="127.042735"/><trkpt lat="37.341721" lon="127.042693"/><trkpt lat="37.341705" lon="127.042648"/><trkpt lat="37.341673" lon="127.042506"/><trkpt lat="37.341654" lon="127.042428"/><trkpt lat="37.341638" lon="127.042386"/><trkpt lat="37.341604" lon="127.042328"/><trkpt lat="37.341604" lon="127.042303"/><trkpt lat="37.341627" lon="127.042285"/><trkpt lat="37.341694" lon="127.042254"/><trkpt lat="37.341727" lon="127.042233"/><trkpt lat="37.341753" lon="127.042203"/><trkpt lat="37.341772" lon="127.042167"/><trkpt lat="37.341781" lon="127.042126"/><trkpt lat="37.341776" lon="127.04208"/><trkpt lat="37.341758" lon="127.042001"/><trkpt lat="37.341694" lon="127.041746"/><trkpt lat="37.341679" lon="127.041702"/><trkpt lat="37.341659" lon="127.041667"/><trkpt lat="37.341629" lon="127.041647"/><trkpt lat="37.341569" lon="127.041625"/><trkpt lat="37.341538" lon="127.041606"/><trkpt lat="37.341515" lon="127.041571"/><trkpt lat="37.341492" lon="127.041512"/><trkpt lat="37.341452" lon="127.041387"/><trkpt lat="37.341436" lon="127.041324"/><trkpt lat="37.34143" lon="127.041277"/><trkpt lat="37.34143" lon="127.041214"/><trkpt lat="37.341432" lon="127.041151"/><trkpt lat="37.341438" lon="127.041105"/><trkpt lat="37.34145" lon="127.041062"/><trkpt lat="37.34147" lon="127.041023"/><trkpt lat="37.341517" lon="127.040947"/><trkpt lat="37.341537" lon="127.040906"/><trkpt lat="37.341548" lon="127.04086"/><trkpt lat="37.341556" lon="127.040812"/><trkpt lat="37.341603" lon="127.040367"/><trkpt lat="37.341627" lon="127.040154"/><trkpt lat="37.341635" lon="127.040106"/><trkpt lat="37.34165" lon="127.040062"/><trkpt lat="37.341669" lon="127.04002"/><trkpt lat="37.341748" lon="127.039871"/><trkpt lat="37.341779" lon="127.039819"/><trkpt lat="37.341805" lon="127.039782"/><trkpt lat="37.341873" lon="127.039701"/><trkpt lat="37.34201" lon="127.03954"/><trkpt lat="37.342037" lon="127.039503"/><trkpt lat="37.342058" lon="127.039461"/><trkpt lat="37.342101" lon="127.039338"/><trkpt lat="37.342118" lon="127.039294"/><trkpt lat="37.342141" lon="127.039259"/><trkpt lat="37.342169" lon="127.03924"/><trkpt lat="37.342222" lon="127.039214"/><trkpt lat="37.342252" lon="127.039188"/><trkpt lat="37.342278" lon="127.039155"/><trkpt lat="37.3423" lon="127.039118"/><trkpt lat="37.342317" lon="127.039077"/><trkpt lat="37.342343" lon="127.038989"/><trkpt lat="37.342362" lon="127.038931"/><trkpt lat="37.342388" lon="127.038873"/><trkpt lat="37.342522" lon="127.03862"/><trkpt lat="37.342564" lon="127.038537"/><trkpt lat="37.342579" lon="127.038497"/><trkpt lat="37.342579" lon="127.038462"/><trkpt lat="37.342562" lon="127.038427"/><trkpt lat="37.342561" lon="127.038402"/><trkpt lat="37.342581" lon="127.038379"/><trkpt lat="37.342639" lon="127.038327"/><trkpt lat="37.342662" lon="127.038289"/><trkpt lat="37.342678" lon="127.038244"/><trkpt lat="37.342718" lon="127.038099"/><trkpt lat="37.342736" lon="127.038038"/><trkpt lat="37.342755" lon="127.038001"/><trkpt lat="37.342782" lon="127.037983"/><trkpt lat="37.342828" lon="127.037979"/><trkpt lat="37.342861" lon="127.037973"/><trkpt lat="37.34289" lon="127.037951"/><trkpt lat="37.342928" lon="127.037891"/><trkpt lat="37.342954" lon="127.037855"/><trkpt lat="37.343013" lon="127.037794"/><trkpt lat="37.34304" lon="127.037764"/><trkpt lat="37.343061" lon="127.037727"/><trkpt lat="37.343078" lon="127.037708"/><trkpt lat="37.343096" lon="127.037691"/><trkpt lat="37.343095" lon="127.037674"/><trkpt lat="37.343097" lon="127.037653"/><trkpt lat="37.343113" lon="127.037632"/><trkpt lat="37.343141" lon="127.037612"/><trkpt lat="37.343177" lon="127.037597"/><trkpt lat="37.343301" lon="127.037552"/><trkpt lat="37.343336" lon="127.037534"/><trkpt lat="37.343365" lon="127.037508"/><trkpt lat="37.343388" lon="127.037471"/><trkpt lat="37.343426" lon="127.03739"/><trkpt lat="37.343446" lon="127.037356"/><trkpt lat="37.34347" lon="127.037339"/><trkpt lat="37.343499" lon="127.037335"/><trkpt lat="37.34353" lon="127.037321"/><trkpt lat="37.343593" lon="127.037275"/><trkpt lat="37.343626" lon="127.037255"/><trkpt lat="37.34366" lon="127.037244"/><trkpt lat="37.34372" lon="127.037246"/><trkpt lat="37.343755" lon="127.037244"/><trkpt lat="37.343787" lon="127.037233"/><trkpt lat="37.343843" lon="127.03721"/><trkpt lat="37.343881" lon="127.037203"/><trkpt lat="37.343959" lon="127.037197"/><trkpt lat="37.344077" lon="127.03719"/><trkpt lat="37.344114" lon="127.037183"/><trkpt lat="37.344147" lon="127.037168"/><trkpt lat="37.34417" lon="127.03714"/><trkpt lat="37.344206" lon="127.037084"/><trkpt lat="37.344237" lon="127.037059"/><trkpt lat="37.344272" lon="127.03704"/><trkpt lat="37.344381" lon="127.036989"/><trkpt lat="37.344441" lon="127.036959"/><trkpt lat="37.344478" lon="127.036931"/><trkpt lat="37.344517" lon="127.036889"/><trkpt lat="37.344552" lon="127.036846"/></trkseg>
<trkseg><trkpt lat="37.34992" lon="127.027873"/><trkpt lat="37.349782" lon="127.027718"/><trkpt lat="37.349751" lon="127.02769"/><trkpt lat="37.349715" lon="127.027672"/><trkpt lat="37.349665" lon="127.027655"/><trkpt lat="37.349631" lon="127.027637"/><trkpt lat="37.349595" lon="127.027603"/><trkpt lat="37.349564" lon="127.027589"/><trkpt lat="37.349518" lon="127.027577"/><trkpt lat="37.349482" lon="127.027559"/><trkpt lat="37.349435" lon="127.027529"/><trkpt lat="37.349401" lon="127.027502"/><trkpt lat="37.349373" lon="127.02747"/><trkpt lat="37.349351" lon="127.027431"/><trkpt lat="37.349332" lon="127.027389"/><trkpt lat="37.349319" lon="127.027344"/><trkpt lat="37.349312" lon="127.027295"/><trkpt lat="37.349296" lon="127.027112"/><trkpt lat="37.349284" lon="127.027014"/><trkpt lat="37.349273" lon="127.026967"/><trkpt lat="37.349257" lon="127.026921"/><trkpt lat="37.349192" lon="127.026774"/><trkpt lat="37.349174" lon="127.02673"/><trkpt lat="37.34916" lon="127.026683"/><trkpt lat="37.349151" lon="127.026618"/><trkpt lat="37.349128" lon="127.026384"/><trkpt lat="37.349121" lon="127.026335"/><trkpt lat="37.349111" lon="127.026287"/><trkpt lat="37.349083" lon="127.026193"/><trkpt lat="37.348844" lon="127.02543"/><trkpt lat="37.348827" lon="127.025367"/><trkpt lat="37.348818" lon="127.02532"/><trkpt lat="37.348814" lon="127.025277"/><trkpt lat="37.348818" lon="127.025239"/><trkpt lat="37.348812" lon="127.025217"/><trkpt lat="37.348786" lon="127.025166"/><trkpt lat="37.348774" lon="127.025122"/><trkpt lat="37.348755" lon="127.025025"/><trkpt lat="37.348678" lon="127.024566"/></trkseg>
<trkseg><trkpt lat="37.355071" lon="127.034581"/><trkpt lat="37.355056" lon="127.034438"/><trkpt lat="37.355046" lon="127.034372"/><trkpt lat="37.355035" lon="127.034327"/><trkpt lat="37.355018" lon="127.034287"/><trkpt lat="37.354997" lon="127.03425"/><trkpt lat="37.354971" lon="127.03422"/><trkpt lat="37.354921" lon="127.034182"/><trkpt lat="37.354899" lon="127.034156"/><trkpt lat="37.354877" lon="127.034124"/><trkpt lat="37.354848" lon="127.034113"/><trkpt lat="37.354811" lon="127.034111"/><trkpt lat="37.354623" lon="127.034123"/><trkpt lat="37.35457" lon="127.034124"/><trkpt lat="37.35449" lon="127.034114"/><trkpt lat="37.354263" lon="127.034079"/><trkpt lat="37.354223" lon="127.034077"/><trkpt lat="37.354185" lon="127.034082"/><trkpt lat="37.354124" lon="127.034104"/><trkpt lat="37.354089" lon="127.034108"/><trkpt lat="37.354057" lon="127.034092"/><trkpt lat="37.354026" lon="127.034066"/><trkpt lat="37.353923" lon="127.033962"/><trkpt lat="37.353891" lon="127.033932"/><trkpt lat="37.353859" lon="127.033909"/><trkpt lat="37.353822" lon="127.033898"/><trkpt lat="37.353759" lon="127.033893"/><trkpt lat="37.353724" lon="127.03388"/><trkpt lat="37.353694" lon="127.033851"/><trkpt lat="37.353657" lon="127.033803"/><trkpt lat="37.353315" lon="127.033325"/><trkpt lat="37.35326" lon="127.033252"/><trkpt lat="37.35323" lon="127.033219"/><trkpt lat="37.353163" lon="127.033165"/><trkpt lat="37.352648" lon="127.032778"/><trkpt lat="37.35258" lon="127.032724"/><trkpt lat="37.352549" lon="127.032694"/><trkpt lat="37.352524" lon="127.032657"/><trkpt lat="37.352494" lon="127.032603"/><trkpt lat="37.352453" lon="127.032519"/><trkpt lat="37.352436" lon="127.032477"/><trkpt lat="37.352427" lon="127.032432"/><trkpt lat="37.35243" lon="127.032385"/><trkpt lat="37.352454" lon="127.03224"/><trkpt lat="37.352469" lon="127.032143"/><trkpt lat="37.352471" lon="127.032095"/><trkpt lat="37.352467" lon="127.032019"/><trkpt lat="37.352467" lon="127.031976"/><trkpt lat="37.352474" lon="127.031938"/><trkpt lat="37.352488" lon="127.03189"/><trkpt lat="37.352486" lon="127.031847"/><trkpt lat="37.352473" lon="127.031785"/><trkpt lat="37.352383" lon="127.031403"/><trkpt lat="37.352362" lon="127.031307"/><trkpt lat="37.352355" lon="127.031259"/><trkpt lat="37.352347" lon="127.031114"/><trkpt lat="37.352342" lon="127.031051"/><trkpt lat="37.352333" lon="127.031004"/><trkpt lat="37.352318" lon="127.030959"/><trkpt lat="37.352222" lon="127.030721"/><trkpt lat="37.352144" lon="127.030526"/><trkpt lat="37.352118" lon="127.03047"/><trkpt lat="37.352094" lon="127.030435"/><trkpt lat="37.352061" lon="127.030414"/><trkpt lat="37.352011" lon="127.030395"/><trkpt lat="37.351894" lon="127.03036"/><trkpt lat="37.351856" lon="127.030345"/><trkpt lat="37.351822" lon="127.030324"/><trkpt lat="37.351793" lon="127.030293"/><trkpt lat="37.351768" lon="127.030257"/><trkpt lat="37.35175" lon="127.030217"/><trkpt lat="37.351739" lon="127.030173"/><trkpt lat="37.351724" lon="127.030098"/><trkpt lat="37.351708" lon="127.030057"/><trkpt lat="37.351684" lon="127.030021"/><trkpt lat="37.351645" lon="127.029976"/><trkpt lat="37.351547" lon="127.029865"/><trkpt lat="37.351521" lon="127.029828"/><trkpt lat="37.351501" lon="127.029788"/><trkpt lat="37.351483" lon="127.029729"/><trkpt lat="37.351452" lon="127.029623"/><trkpt lat="37.351433" lon="127.029579"/><trkpt lat="37.351396" lon="127.029509"/><trkpt lat="37.351203" lon="127.029165"/><trkpt lat="37.351181" lon="127.029123"/><trkpt lat="37.351164" lon="127.029079"/><trkpt lat="37.351135" lon="127.028986"/><trkpt lat="37.351041" lon="127.028659"/><trkpt lat="37.351025" lon="127.028615"/><trkpt lat="37.351004" lon="127.028578"/><trkpt lat="37.350974" lon="127.028555"/><trkpt lat="37.350939" lon="127.028538"/><trkpt lat="37.350876" lon="127.028514"/><trkpt lat="37.350813" lon="127.028493"/><trkpt lat="37.350774" lon="127.028485"/><trkpt lat="37.350721" lon="127.028481"/><trkpt lat="37.350491" lon="127.028475"/><trkpt lat="37.350451" lon="127.028471"/><trkpt lat="37.350413" lon="127.02846"/><trkpt lat="37.350378" lon="127.028439"/><trkpt lat="37.350344" lon="127.028414"/><trkpt lat="37.350312" lon="127.028386"/><trkpt lat="37.350285" lon="127.028353"/><trkpt lat="37.350268" lon="127.028312"/><trkpt lat="37.350244" lon="127.028221"/><trkpt lat="37.35023" lon="127.028176"/><trkpt lat="37.35021" lon="127.028135"/><trkpt lat="37.350164" lon="127.028056"/><trkpt lat="37.350107" lon="127.027967"/><trkpt lat="37.350082" lon="127.027932"/><trkpt lat="37.350052" lon="127.027907"/><trkpt lat="37.350012" lon="127.027891"/><trkpt lat="37.34995" lon="127.027878"/><trkpt lat="37.34992" lon="127.027873"/></trkseg>
<trkseg><trkpt lat="37.353595" lon="127.016979"/><trkpt lat="37.353295" lon="127.017183"/><trkpt lat="37.353251" lon="127.017217"/><trkpt lat="37.353225" lon="127.017248"/><trkpt lat="37.353209" lon="127.01729"/><trkpt lat="37.353199" lon="127.017338"/><trkpt lat="37.353172" lon="127.017519"/><trkpt lat="37.353162" lon="127.017567"/><trkpt lat="37.353145" lon="127.017609"/><trkpt lat="37.35312" lon="127.017646"/><trkpt lat="37.352962" lon="127.017823"/><trkpt lat="37.352803" lon="127.018"/><trkpt lat="37.352773" lon="127.018029"/><trkpt lat="37.35274" lon="127.018051"/><trkpt lat="37.352693" lon="127.018063"/><trkpt lat="37.352662" lon="127.018073"/><trkpt lat="37.352645" lon="127.018099"/><trkpt lat="37.352638" lon="127.018137"/><trkpt lat="37.352631" lon="127.018195"/><trkpt lat="37.352619" lon="127.018239"/><trkpt lat="37.352594" lon="127.018294"/><trkpt lat="37.352559" lon="127.018361"/><trkpt lat="37.352535" lon="127.018397"/><trkpt lat="37.352506" lon="127.018423"/><trkpt lat="37.35247" lon="127.018438"/><trkpt lat="37.352405" lon="127.018452"/><trkpt lat="37.35218" lon="127.018495"/><trkpt lat="37.352142" lon="127.018505"/><trkpt lat="37.352105" lon="127.018521"/><trkpt lat="37.352073" lon="127.018547"/><trkpt lat="37.352023" lon="127.018601"/><trkpt lat="37.351838" lon="127.018817"/><trkpt lat="37.351812" lon="127.018852"/><trkpt lat="37.351793" lon="127.01889"/><trkpt lat="37.351783" lon="127.018938"/><trkpt lat="37.351772" lon="127.018971"/><trkpt lat="37.351734" lon="127.019022"/><trkpt lat="37.351712" lon="127.019059"/><trkpt lat="37.351678" lon="127.019127"/><trkpt lat="37.351655" lon="127.019164"/><trkpt lat="37.351625" lon="127.019192"/><trkpt lat="37.351579" lon="127.019224"/><trkpt lat="37.351496" lon="127.019274"/><trkpt lat="37.351447" lon="127.0193"/><trkpt lat="37.351411" lon="127.019315"/><trkpt lat="37.351369" lon="127.019327"/><trkpt lat="37.351341" lon="127.019344"/><trkpt lat="37.351318" lon="127.019378"/><trkpt lat="37.351299" lon="127.019419"/><trkpt lat="37.351237" lon="127.019571"/><trkpt lat="37.351232" lon="127.019581"/></trkseg>
<trkseg><trkpt lat="37.354265" lon="127.017192"/><trkpt lat="37.354099" lon="127.01716"/><trkpt lat="37.35405" lon="127.017146"/><trkpt lat="37.354014" lon="127.017128"/><trkpt lat="37.353968" lon="127.017096"/><trkpt lat="37.353877" lon="127.01703"/><trkpt lat="37.353841" lon="127.017011"/><trkpt lat="37.353804" lon="127.017"/><trkpt lat="37.353726" lon="127.01699"/><trkpt lat="37.353595" lon="127.016979"/></trkseg>
<trkseg><trkpt lat="37.344611" lon="127.036158"/><trkpt lat="37.344608" lon="127.036124"/><trkpt lat="37.344609" lon="127.036074"/><trkpt lat="37.344627" lon="127.035858"/><trkpt lat="37.344648" lon="127.035626"/><trkpt lat="37.344655" lon="127.035577"/><trkpt lat="37.344666" lon="127.035529"/><trkpt lat="37.344702" lon="127.035405"/><trkpt lat="37.344712" lon="127.035358"/><trkpt lat="37.344716" lon="127.03531"/><trkpt lat="37.344715" lon="127.035262"/><trkpt lat="37.344704" lon="127.0351"/><trkpt lat="37.344703" lon="127.035052"/><trkpt lat="37.344709" lon="127.035005"/><trkpt lat="37.344723" lon="127.03496"/><trkpt lat="37.344746" lon="127.034902"/><trkpt lat="37.344814" lon="127.034742"/><trkpt lat="37.344828" lon="127.034697"/><trkpt lat="37.344835" lon="127.034651"/><trkpt lat="37.344834" lon="127.034603"/><trkpt lat="37.34483" lon="127.034543"/></trkseg>
<trkseg><trkpt lat="37.348678" lon="127.024566"/><trkpt lat="37.348636" lon="127.024619"/><trkpt lat="37.348608" lon="127.024666"/><trkpt lat="37.348597" lon="127.024713"/><trkpt lat="37.348596" lon="127.024761"/><trkpt lat="37.348599" lon="127.024861"/><trkpt lat="37.348596" lon="127.024909"/><trkpt lat="37.348582" lon="127.024952"/><trkpt lat="37.348561" lon="127.024991"/><trkpt lat="37.348551" lon="127.025293"/><trkpt lat="37.348531" lon="127.025355"/><trkpt lat="37.348568" lon="127.025769"/><trkpt lat="37.348563" lon="127.025815"/><trkpt lat="37.34856" lon="127.02591"/><trkpt lat="37.348562" lon="127.025957"/><trkpt lat="37.348569" lon="127.026005"/><trkpt lat="37.348598" lon="127.026156"/><trkpt lat="37.348613" lon="127.026217"/><trkpt lat="37.348618" lon="127.026259"/><trkpt lat="37.34861" lon="127.026298"/><trkpt lat="37.348603" lon="127.026347"/><trkpt lat="37.348594" lon="127.026389"/><trkpt lat="37.348577" lon="127.026434"/><trkpt lat="37.348423" lon="127.026602"/><trkpt lat="37.348392" lon="127.026676"/><trkpt lat="37.348319" lon="127.026827"/><trkpt lat="37.348287" lon="127.026918"/><trkpt lat="37.34827" lon="127.026961"/><trkpt lat="37.348178" lon="127.027085"/><trkpt lat="37.348167" lon="127.02716"/><trkpt lat="37.348158" lon="127.027206"/><trkpt lat="37.348144" lon="127.027246"/><trkpt lat="37.34812" lon="127.027275"/><trkpt lat="37.34807" lon="127.027311"/><trkpt lat="37.34805" lon="127.02734"/><trkpt lat="37.348041" lon="127.027379"/><trkpt lat="37.348031" lon="127.02745"/><trkpt lat="37.348014" lon="127.027488"/><trkpt lat="37.347982" lon="127.027534"/><trkpt lat="37.347959" lon="127.02757"/><trkpt lat="37.347948" lon="127.027612"/><trkpt lat="37.347828" lon="127.027974"/><trkpt lat="37.34783" lon="127.028023"/><trkpt lat="37.347826" lon="127.02807"/><trkpt lat="37.347813" lon="127.028114"/><trkpt lat="37.347787" lon="127.02817"/><trkpt lat="37.347717" lon="127.028308"/><trkpt lat="37.347692" lon="127.028365"/><trkpt lat="37.34768" lon="127.02841"/><trkpt lat="37.347676" lon="127.028458"/><trkpt lat="37.347672" lon="127.028556"/><trkpt lat="37.347664" lon="127.028602"/><trkpt lat="37.34765" lon="127.028645"/><trkpt lat="37.347631" lon="127.028686"/><trkpt lat="37.347601" lon="127.028741"/><trkpt lat="37.34735" lon="127.029173"/><trkpt lat="37.347317" lon="127.029225"/><trkpt lat="37.347288" lon="127.029259"/><trkpt lat="37.347246" lon="127.029299"/><trkpt lat="37.346932" lon="127.029579"/><trkpt lat="37.34689" lon="127.029619"/><trkpt lat="37.346862" lon="127.029652"/><trkpt lat="37.346839" lon="127.029692"/><trkpt lat="37.346813" lon="127.029749"/><trkpt lat="37.346535" lon="127.030414"/><trkpt lat="37.346496" lon="127.030501"/><trkpt lat="37.346473" lon="127.03054"/><trkpt lat="37.346444" lon="127.030573"/><trkpt lat="37.346401" lon="127.030612"/><trkpt lat="37.346143" lon="127.030825"/><trkpt lat="37.346112" lon="127.030855"/><trkpt lat="37.346089" lon="127.030887"/><trkpt lat="37.346081" lon="127.030926"/><trkpt lat="37.346088" lon="127.030985"/><trkpt lat="37.34609" lon="127.031029"/><trkpt lat="37.34608" lon="127.031066"/><trkpt lat="37.346058" lon="127.031098"/><trkpt lat="37.34603" lon="127.031123"/><trkpt lat="37.345998" lon="127.031136"/><trkpt lat="37.345961" lon="127.031134"/><trkpt lat="37.34591" lon="127.031128"/><trkpt lat="37.345873" lon="127.031133"/><trkpt lat="37.345835" lon="127.031146"/><trkpt lat="37.345799" lon="127.031164"/><trkpt lat="37.345764" lon="127.031185"/><trkpt lat="37.345735" lon="127.031214"/></trkseg>
<trkseg><trkpt lat="37.351232" lon="127.019581"/><trkpt lat="37.350987" lon="127.020086"/><trkpt lat="37.350964" lon="127.020127"/><trkpt lat="37.350938" lon="127.020163"/><trkpt lat="37.350906" lon="127.020193"/><trkpt lat="37.350852" lon="127.020415"/><trkpt lat="37.350837" lon="127.02046"/><trkpt lat="37.350802" lon="127.020603"/><trkpt lat="37.350788" lon="127.020649"/><trkpt lat="37.350768" lon="127.020689"/><trkpt lat="37.350675" lon="127.02098"/><trkpt lat="37.350663" lon="127.02102"/><trkpt lat="37.350643" lon="127.021059"/><trkpt lat="37.350514" lon="127.021126"/><trkpt lat="37.350496" lon="127.021167"/><trkpt lat="37.350486" lon="127.021214"/><trkpt lat="37.350293" lon="127.021482"/><trkpt lat="37.35028" lon="127.021528"/><trkpt lat="37.350261" lon="127.021572"/><trkpt lat="37.350131" lon="127.021773"/><trkpt lat="37.350104" lon="127.021832"/><trkpt lat="37.350089" lon="127.021877"/><trkpt lat="37.350078" lon="127.021924"/><trkpt lat="37.350049" lon="127.022083"/><trkpt lat="37.350036" lon="127.022129"/><trkpt lat="37.350017" lon="127.02217"/><trkpt lat="37.349991" lon="127.022209"/><trkpt lat="37.349919" lon="127.022308"/><trkpt lat="37.349894" lon="127.022347"/><trkpt lat="37.349851" lon="127.022433"/><trkpt lat="37.349656" lon="127.022855"/><trkpt lat="37.349632" lon="127.022915"/><trkpt lat="37.349618" lon="127.022961"/><trkpt lat="37.349598" lon="127.023057"/><trkpt lat="37.349555" lon="127.023282"/><trkpt lat="37.349543" lon="127.023328"/><trkpt lat="37.349525" lon="127.023372"/><trkpt lat="37.349502" lon="127.023413"/><trkpt lat="37.349137" lon="127.023996"/><trkpt lat="37.348955" lon="127.024289"/><trkpt lat="37.348929" lon="127.024326"/><trkpt lat="37.348899" lon="127.024354"/><trkpt lat="37.348865" lon="127.024366"/><trkpt lat="37.348828" lon="127.02437"/><trkpt lat="37.348765" lon="127.024374"/><trkpt lat="37.348732" lon="127.024383"/><trkpt lat="37.348709" lon="127.024409"/><trkpt lat="37.348695" lon="127.024463"/><trkpt lat="37.348684" lon="127.024524"/><trkpt lat="37.348678" lon="127.024566"/></trkseg>
<trkseg><trkpt lat="37.327189" lon="126.985765"/><trkpt lat="37.327453" lon="126.986857"/><trkpt lat="37.327792" lon="126.987506"/><trkpt lat="37.32816" lon="126.987506"/><trkpt lat="37.328498" lon="126.987428"/><trkpt lat="37.32873" lon="126.987433"/><trkpt lat="37.328882" lon="126.987261"/><trkpt lat="37.328932" lon="126.987181"/><trkpt lat="37.328959" lon="126.987146"/><trkpt lat="37.328989" lon="126.98712"/><trkpt lat="37.329043" lon="126.987086"/><trkpt lat="37.32907" lon="126.987057"/><trkpt lat="37.329109" lon="126.986999"/><trkpt lat="37.329137" lon="126.986967"/><trkpt lat="37.32917" lon="126.98694"/><trkpt lat="37.329203" lon="126.986915"/><trkpt lat="37.329238" lon="126.986895"/><trkpt lat="37.329272" lon="126.986887"/><trkpt lat="37.329304" lon="126.986892"/><trkpt lat="37.329333" lon="126.98691"/><trkpt lat="37.329358" lon="126.98694"/><trkpt lat="37.329378" lon="126.986975"/><trkpt lat="37.329391" lon="126.987017"/><trkpt lat="37.329396" lon="126.987065"/><trkpt lat="37.329396" lon="126.987132"/><trkpt lat="37.329394" lon="126.987283"/><trkpt lat="37.329397" lon="126.987332"/><trkpt lat="37.329407" lon="126.987378"/><trkpt lat="37.329426" lon="126.98742"/><trkpt lat="37.329481" lon="126.987516"/><trkpt lat="37.329512" lon="126.98757"/><trkpt lat="37.329529" lon="126.987613"/><trkpt lat="37.329535" lon="126.987658"/><trkpt lat="37.329531" lon="126.987707"/><trkpt lat="37.329589" lon="126.987929"/><trkpt lat="37.32958" lon="126.987994"/><trkpt lat="37.329577" lon="126.988043"/><trkpt lat="37.329583" lon="126.988091"/><trkpt lat="37.329597" lon="126.988155"/><trkpt lat="37.329632" lon="126.988297"/><trkpt lat="37.329647" lon="126.988343"/><trkpt lat="37.329665" lon="126.988387"/><trkpt lat="37.329716" lon="126.988483"/><trkpt lat="37.329735" lon="126.988526"/><trkpt lat="37.329747" lon="126.988572"/><trkpt lat="37.329753" lon="126.988638"/><trkpt lat="37.329766" lon="126.988957"/><trkpt lat="37.329771" lon="126.989023"/><trkpt lat="37.32978" lon="126.989072"/><trkpt lat="37.329793" lon="126.989119"/><trkpt lat="37.329809" lon="126.989163"/><trkpt lat="37.329833" lon="126.989198"/><trkpt lat="37.329866" lon="126.989223"/><trkpt lat="37.329926" lon="126.989255"/><trkpt lat="37.330111" lon="126.989346"/><trkpt lat="37.330146" lon="126.989368"/><trkpt lat="37.330174" lon="126.989399"/><trkpt lat="37.330195" lon="126.989439"/><trkpt lat="37.330231" lon="126.989528"/><trkpt lat="37.330251" lon="126.989571"/><trkpt lat="37.330275" lon="126.989608"/><trkpt lat="37.330306" lon="126.989638"/><trkpt lat="37.330457" lon="126.989642"/><trkpt lat="37.330513" lon="126.989682"/><trkpt lat="37.330548" lon="126.989698"/><trkpt lat="37.330583" lon="126.989699"/><trkpt lat="37.330618" lon="126.989687"/><trkpt lat="37.330689" lon="126.989656"/><trkpt lat="37.330725" lon="126.989644"/><trkpt lat="37.330762" lon="126.989641"/><trkpt lat="37.330813" lon="126.989649"/><trkpt lat="37.330965" lon="126.989686"/><trkpt lat="37.331003" lon="126.989693"/><trkpt lat="37.331042" lon="126.989694"/><trkpt lat="37.331095" lon="126.98969"/><trkpt lat="37.331506" lon="126.989639"/><trkpt lat="37.331586" lon="126.989632"/><trkpt lat="37.331665" lon="126.989636"/><trkpt lat="37.332076" lon="126.989671"/><trkpt lat="37.332142" lon="126.989679"/><trkpt lat="37.332178" lon="126.98969"/><trkpt lat="37.332208" lon="126.989714"/><trkpt lat="37.332234" lon="126.989749"/><trkpt lat="37.332283" lon="126.989825"/><trkpt lat="37.332312" lon="126.989857"/><trkpt lat="37.332378" lon="126.98991"/><trkpt lat="37.332651" lon="126.990113"/><trkpt lat="37.332698" lon="126.990143"/><trkpt lat="37.332734" lon="126.990159"/><trkpt lat="37.332773" lon="126.990168"/><trkpt lat="37.332878" lon="126.99018"/><trkpt lat="37.332914" lon="126.990188"/><trkpt lat="37.332943" lon="126.990206"/><trkpt lat="37.332957" lon="126.990236"/><trkpt lat="37.332973" lon="126.990285"/><trkpt lat="37.332995" lon="126.990323"/><trkpt lat="37.333022" lon="126.990358"/><trkpt lat="37.333081" lon="126.990425"/><trkpt lat="37.333322" lon="126.990805"/><trkpt lat="37.333349" lon="126.990841"/><trkpt lat="37.33337" lon="126.990882"/><trkpt lat="37.333386" lon="126.990927"/><trkpt lat="37.333416" lon="126.991018"/><trkpt lat="37.333435" lon="126.991061"/><trkpt lat="37.333458" lon="126.9911"/><trkpt lat="37.333516" lon="126.991188"/><trkpt lat="37.333551" lon="126.991235"/><trkpt lat="37.33358" lon="126.991266"/><trkpt lat="37.333613" lon="126.991291"/><trkpt lat="37.333717" lon="126.991359"/><trkpt lat="37.333785" lon="126.991405"/><trkpt lat="37.333818" lon="126.991433"/><trkpt lat="37.3339" lon="126.991519"/><trkpt lat="37.33397" lon="126.991596"/><trkpt lat="37.333996" lon="126.991633"/><trkpt lat="37.334015" lon="126.991675"/><trkpt lat="37.33404" lon="126.991751"/><trkpt lat="37.334094" lon="126.991921"/><trkpt lat="37.334111" lon="126.991965"/><trkpt lat="37.334133" lon="126.992005"/><trkpt lat="37.334167" lon="126.992052"/><trkpt lat="37.334189" lon="126.99209"/><trkpt lat="37.334203" lon="126.992134"/><trkpt lat="37.334221" lon="126.992212"/><trkpt lat="37.334259" lon="126.992404"/><trkpt lat="37.334265" lon="126.992453"/><trkpt lat="37.334269" lon="126.992535"/><trkpt lat="37.334274" lon="126.992819"/><trkpt lat="37.334277" lon="126.992867"/><trkpt lat="37.334287" lon="126.992912"/><trkpt lat="37.334308" lon="126.99295"/><trkpt lat="37.334335" lon="126.992985"/><trkpt lat="37.334402" lon="126.993063"/><trkpt lat="37.334428" lon="126.993098"/><trkpt lat="37.334445" lon="126.993135"/><trkpt lat="37.334448" lon="126.993178"/><trkpt lat="37.334438" lon="126.993256"/><trkpt lat="37.334432" lon="126.993304"/><trkpt lat="37.334433" lon="126.993352"/><trkpt lat="37.334439" lon="126.993401"/><trkpt lat="37.334456" lon="126.993498"/><trkpt lat="37.334468" lon="126.993545"/><trkpt lat="37.334484" lon="126.99359"/><trkpt lat="37.334518" lon="126.993661"/><trkpt lat="37.334679" lon="126.993968"/><trkpt lat="37.334699" lon="126.99401"/><trkpt lat="37.334713" lon="126.994055"/><trkpt lat="37.334718" lon="126.994103"/><trkpt lat="37.334718" lon="126.994169"/><trkpt lat="37.334705" lon="126.994439"/><trkpt lat="37.334705" lon="126.994488"/><trkpt lat="37.334713" lon="126.994533"/><trkpt lat="37.334734" lon="126.994569"/><trkpt lat="37.334773" lon="126.994612"/><trkpt lat="37.334858" lon="126.994694"/><trkpt lat="37.334901" lon="126.994732"/><trkpt lat="37.334936" lon="126.994756"/><trkpt lat="37.334986" lon="126.994778"/><trkpt lat="37.335394" lon="126.994937"/><trkpt lat="37.335575" lon="126.995003"/><trkpt lat="37.335613" lon="126.995021"/><trkpt lat="37.335647" lon="126.995046"/><trkpt lat="37.335678" lon="126.995076"/><trkpt lat="37.335706" lon="126.99511"/><trkpt lat="37.335726" lon="126.995149"/><trkpt lat="37.335739" lon="126.995191"/><trkpt lat="37.335759" lon="126.995263"/><trkpt lat="37.335776" lon="126.995304"/><trkpt lat="37.335806" lon="126.995355"/><trkpt lat="37.33587" lon="126.995456"/><trkpt lat="37.335891" lon="126.995497"/><trkpt lat="37.335914" lon="126.995556"/><trkpt lat="37.335959" lon="126.995675"/><trkpt lat="37.33598" lon="126.995715"/><trkpt lat="37.336007" lon="126.995744"/><trkpt lat="37.336038" lon="126.995767"/><trkpt lat="37.336068" lon="126.995783"/><trkpt lat="37.336095" lon="126.995797"/><trkpt lat="37.336113" lon="126.995827"/><trkpt lat="37.336125" lon="126.995869"/><trkpt lat="37.336175" lon="126.996109"/><trkpt lat="37.3362" lon="126.99622"/><trkpt lat="37.336213" lon="126.996266"/><trkpt lat="37.336232" lon="126.996307"/><trkpt lat="37.336288" lon="126.996395"/><trkpt lat="37.336319" lon="126.996446"/><trkpt lat="37.336338" lon="126.996487"/><trkpt lat="37.336351" lon="126.996531"/><trkpt lat="37.336361" lon="126.996575"/><trkpt lat="37.336363" lon="126.996632"/><trkpt lat="37.336367" lon="126.996671"/><trkpt lat="37.336383" lon="126.99671"/><trkpt lat="37.336408" lon="126.996762"/><trkpt lat="37.33642" lon="126.996806"/><trkpt lat="37.336442" lon="126.996915"/><trkpt lat="37.336456" lon="126.996976"/><trkpt lat="37.336472" lon="126.997019"/><trkpt lat="37.336495" lon="126.997059"/><trkpt lat="37.336571" lon="126.997172"/><trkpt lat="37.336594" lon="126.99721"/><trkpt lat="37.336611" lon="126.997252"/><trkpt lat="37.33662" lon="126.997297"/><trkpt lat="37.336636" lon="126.997422"/><trkpt lat="37.336646" lon="126.997468"/><trkpt lat="37.336663" lon="126.997512"/><trkpt lat="37.336691" lon="126.997568"/><trkpt lat="37.336757" lon="126.997693"/><trkpt lat="37.336775" lon="126.997737"/><trkpt lat="37.336788" lon="126.997783"/><trkpt lat="37.3368" lon="126.997846"/><trkpt lat="37.336824" lon="126.997991"/><trkpt lat="37.336829" lon="126.99804"/><trkpt lat="37.33683" lon="126.998087"/><trkpt lat="37.336825" lon="126.998196"/><trkpt lat="37.336827" lon="126.998242"/><trkpt lat="37.336837" lon="126.99829"/><trkpt lat="37.336856" lon="126.998352"/><trkpt lat="37.336917" lon="126.998601"/><trkpt lat="37.336929" lon="126.998648"/><trkpt lat="37.336932" lon="126.998695"/><trkpt lat="37.336926" lon="126.99874"/><trkpt lat="37.336906" lon="126.998833"/><trkpt lat="37.3369" lon="126.998878"/><trkpt lat="37.336904" lon="126.99892"/><trkpt lat="37.336921" lon="126.998957"/><trkpt lat="37.336945" lon="126.998988"/><trkpt lat="37.336974" lon="126.999008"/><trkpt lat="37.337008" lon="126.999008"/><trkpt lat="37.33707" lon="126.998992"/><trkpt lat="37.337108" lon="126.998989"/><trkpt lat="37.337146" lon="126.998999"/><trkpt lat="37.33718" lon="126.999019"/><trkpt lat="37.33721" lon="126.999051"/><trkpt lat="37.337245" lon="126.999101"/><trkpt lat="37.337378" lon="126.999313"/><trkpt lat="37.337413" lon="126.999363"/><trkpt lat="37.337443" lon="126.999395"/><trkpt lat="37.337487" lon="126.999428"/><trkpt lat="37.337603" lon="126.999502"/><trkpt lat="37.337673" lon="126.999543"/><trkpt lat="37.337709" lon="126.99956"/><trkpt lat="37.33776" lon="126.999577"/><trkpt lat="37.337875" lon="126.999611"/><trkpt lat="37.33791" lon="126.999628"/><trkpt lat="37.33794" lon="126.999655"/><trkpt lat="37.33799" lon="126.999726"/><trkpt lat="37.338017" lon="126.999761"/><trkpt lat="37.33806" lon="126.999801"/><trkpt lat="37.33829" lon="127.000067"/><trkpt lat="37.338356" lon="127.000125"/><trkpt lat="37.338385" lon="127.000159"/><trkpt lat="37.338417" lon="127.000213"/><trkpt lat="37.338469" lon="127.000312"/><trkpt lat="37.338496" lon="127.000369"/><trkpt lat="37.338506" lon="127.000413"/><trkpt lat="37.338502" lon="127.000458"/><trkpt lat="37.33849" lon="127.000504"/><trkpt lat="37.338275" lon="127.000924"/><trkpt lat="37.338251" lon="127.001002"/><trkpt lat="37.338243" lon="127.001049"/><trkpt lat="37.338243" lon="127.001097"/><trkpt lat="37.338253" lon="127.001178"/><trkpt lat="37.338283" lon="127.00139"/><trkpt lat="37.338285" lon="127.001438"/><trkpt lat="37.33828" lon="127.001485"/><trkpt lat="37.338268" lon="127.001531"/><trkpt lat="37.338232" lon="127.001652"/><trkpt lat="37.338225" lon="127.001698"/><trkpt lat="37.338226" lon="127.001746"/><trkpt lat="37.338239" lon="127.001845"/><trkpt lat="37.338244" lon="127.001894"/><trkpt lat="37.338244" lon="127.001942"/><trkpt lat="37.338237" lon="127.002036"/><trkpt lat="37.338235" lon="127.002081"/><trkpt lat="37.33824" lon="127.002124"/><trkpt lat="37.338257" lon="127.002164"/><trkpt lat="37.338282" lon="127.002201"/><trkpt lat="37.338335" lon="127.002274"/><trkpt lat="37.338357" lon="127.002314"/><trkpt lat="37.338374" lon="127.00236"/><trkpt lat="37.338396" lon="127.002439"/><trkpt lat="37.338406" lon="127.002487"/><trkpt lat="37.338406" lon="127.002534"/><trkpt lat="37.338396" lon="127.002581"/><trkpt lat="37.338376" lon="127.002643"/><trkpt lat="37.338313" lon="127.00283"/><trkpt lat="37.3383" lon="127.002877"/><trkpt lat="37.338292" lon="127.002925"/><trkpt lat="37.338278" lon="127.003021"/><trkpt lat="37.338265" lon="127.003066"/><trkpt lat="37.338246" lon="127.003108"/><trkpt lat="37.338182" lon="127.00323"/><trkpt lat="37.338155" lon="127.003285"/><trkpt lat="37.338141" lon="127.003328"/><trkpt lat="37.338137" lon="127.003376"/><trkpt lat="37.338138" lon="127.003425"/><trkpt lat="37.338156" lon="127.00369"/><trkpt lat="37.338158" lon="127.003756"/><trkpt lat="37.338157" lon="127.003806"/><trkpt lat="37.338125" lon="127.004138"/><trkpt lat="37.338098" lon="127.004421"/><trkpt lat="37.338089" lon="127.004469"/><trkpt lat="37.338073" lon="127.004512"/><trkpt lat="37.338052" lon="127.004552"/><trkpt lat="37.337993" lon="127.004656"/><trkpt lat="37.337975" lon="127.004698"/><trkpt lat="37.337961" lon="127.004743"/><trkpt lat="37.337933" lon="127.004868"/><trkpt lat="37.337914" lon="127.004963"/><trkpt lat="37.337909" lon="127.005011"/><trkpt lat="37.337908" lon="127.00506"/><trkpt lat="37.337911" lon="127.005175"/><trkpt lat="37.337917" lon="127.00524"/><trkpt lat="37.337925" lon="127.005289"/><trkpt lat="37.337973" lon="127.005499"/><trkpt lat="37.33799" lon="127.005579"/><trkpt lat="37.337995" lon="127.005629"/><trkpt lat="37.337996" lon="127.005678"/><trkpt lat="37.337982" lon="127.006096"/></trkseg>
<trkseg><trkpt lat="37.354265" lon="127.017192"/><trkpt lat="37.354248" lon="127.017271"/><trkpt lat="37.354233" lon="127.017352"/><trkpt lat="37.35423" lon="127.017399"/><trkpt lat="37.354238" lon="127.01744"/><trkpt lat="37.354256" lon="127.017476"/><trkpt lat="37.354281" lon="127.017503"/><trkpt lat="37.354316" lon="127.017523"/><trkpt lat="37.354378" lon="127.017546"/><trkpt lat="37.354503" lon="127.017591"/><trkpt lat="37.354539" lon="127.017609"/><trkpt lat="37.35457" lon="127.017633"/><trkpt lat="37.354597" lon="127.017664"/><trkpt lat="37.35462" lon="127.017699"/><trkpt lat="37.354636" lon="127.017738"/><trkpt lat="37.354651" lon="127.017793"/><trkpt lat="37.354667" lon="127.01783"/><trkpt lat="37.354694" lon="127.017861"/><trkpt lat="37.354733" lon="127.017901"/><trkpt lat="37.354757" lon="127.017937"/><trkpt lat="37.354832" lon="127.018072"/><trkpt lat="37.354863" lon="127.018124"/><trkpt lat="37.35489" lon="127.018157"/><trkpt lat="37.354922" lon="127.018182"/><trkpt lat="37.354982" lon="127.018214"/><trkpt lat="37.355094" lon="127.018265"/><trkpt lat="37.355143" lon="127.018283"/><trkpt lat="37.355192" lon="127.018292"/><trkpt lat="37.355226" lon="127.018301"/><trkpt lat="37.355257" lon="127.018325"/><trkpt lat="37.355285" lon="127.018358"/><trkpt lat="37.355386" lon="127.018494"/><trkpt lat="37.355425" lon="127.018541"/><trkpt lat="37.355456" lon="127.018571"/><trkpt lat="37.355499" lon="127.018608"/><trkpt lat="37.355533" lon="127.018632"/><trkpt lat="37.355569" lon="127.018647"/><trkpt lat="37.35563" lon="127.018667"/><trkpt lat="37.355663" lon="127.01869"/><trkpt lat="37.355692" lon="127.018701"/><trkpt lat="37.355728" lon="127.018702"/><trkpt lat="37.355846" lon="127.018691"/><trkpt lat="37.355885" lon="127.018692"/><trkpt lat="37.35592" lon="127.018703"/><trkpt lat="37.355975" lon="127.018729"/><trkpt lat="37.356006" lon="127.018736"/><trkpt lat="37.356039" lon="127.018726"/><trkpt lat="37.356096" lon="127.018699"/><trkpt lat="37.356134" lon="127.018695"/><trkpt lat="37.356173" lon="127.018698"/><trkpt lat="37.356213" lon="127.018705"/><trkpt lat="37.356251" lon="127.018716"/><trkpt lat="37.356289" lon="127.018731"/><trkpt lat="37.356323" lon="127.018752"/><trkpt lat="37.356355" lon="127.018781"/><trkpt lat="37.356464" lon="127.0189"/><trkpt lat="37.356511" lon="127.018955"/><trkpt lat="37.356534" lon="127.018991"/><trkpt lat="37.356544" lon="127.019033"/><trkpt lat="37.356545" lon="127.01908"/><trkpt lat="37.356538" lon="127.019177"/><trkpt lat="37.356529" lon="127.019258"/><trkpt lat="37.35652" lon="127.019305"/><trkpt lat="37.356503" lon="127.019347"/><trkpt lat="37.356457" lon="127.019423"/><trkpt lat="37.356436" lon="127.019462"/><trkpt lat="37.356422" lon="127.019506"/><trkpt lat="37.356415" lon="127.019554"/><trkpt lat="37.356391" lon="127.019835"/><trkpt lat="37.356387" lon="127.019901"/><trkpt lat="37.356388" lon="127.019949"/><trkpt lat="37.356399" lon="127.019994"/><trkpt lat="37.356418" lon="127.020037"/><trkpt lat="37.356493" lon="127.020177"/><trkpt lat="37.356536" lon="127.020262"/><trkpt lat="37.356552" lon="127.020305"/><trkpt lat="37.356565" lon="127.020349"/><trkpt lat="37.356575" lon="127.020394"/><trkpt lat="37.356581" lon="127.020439"/><trkpt lat="37.356582" lon="127.020496"/><trkpt lat="37.356592" lon="127.020534"/><trkpt lat="37.356625" lon="127.020592"/><trkpt lat="37.356644" lon="127.02063"/><trkpt lat="37.356659" lon="127.020673"/><trkpt lat="37.356682" lon="127.020744"/><trkpt lat="37.3567" lon="127.020784"/><trkpt lat="37.356726" lon="127.020818"/><trkpt lat="37.356786" lon="127.020877"/><trkpt lat="37.356814" lon="127.020909"/><trkpt lat="37.356833" lon="127.020947"/><trkpt lat="37.356841" lon="127.020993"/><trkpt lat="37.356844" lon="127.021042"/><trkpt lat="37.356858" lon="127.021482"/><trkpt lat="37.356863" lon="127.021582"/><trkpt lat="37.356868" lon="127.021631"/><trkpt lat="37.356879" lon="127.021675"/><trkpt lat="37.356905" lon="127.021736"/><trkpt lat="37.356913" lon="127.021772"/><trkpt lat="37.356912" lon="127.021824"/><trkpt lat="37.356917" lon="127.021871"/><trkpt lat="37.356933" lon="127.021969"/><trkpt lat="37.357018" lon="127.022429"/><trkpt lat="37.357032" lon="127.022493"/><trkpt lat="37.357047" lon="127.022537"/><trkpt lat="37.357073" lon="127.022584"/><trkpt lat="37.35709" lon="127.022619"/><trkpt lat="37.357101" lon="127.022676"/><trkpt lat="37.357111" lon="127.022716"/><trkpt lat="37.357134" lon="127.022751"/><trkpt lat="37.357174" lon="127.02279"/><trkpt lat="37.357227" lon="127.022839"/><trkpt lat="37.357256" lon="127.022872"/><trkpt lat="37.357279" lon="127.022912"/><trkpt lat="37.357305" lon="127.02297"/><trkpt lat="37.35736" lon="127.023104"/><trkpt lat="37.357382" lon="127.023143"/><trkpt lat="37.357412" lon="127.02317"/><trkpt lat="37.357448" lon="127.023189"/><trkpt lat="37.357486" lon="127.023203"/><trkpt lat="37.357526" lon="127.023213"/><trkpt lat="37.357566" lon="127.023217"/><trkpt lat="37.357646" lon="127.023213"/><trkpt lat="37.357682" lon="127.023214"/><trkpt lat="37.357707" lon="127.023226"/><trkpt lat="37.357715" lon="127.02326"/><trkpt lat="37.357711" lon="127.023305"/><trkpt lat="37.357699" lon="127.023403"/><trkpt lat="37.357698" lon="127.02345"/><trkpt lat="37.35771" lon="127.023487"/><trkpt lat="37.357737" lon="127.023514"/><trkpt lat="37.357771" lon="127.023536"/><trkpt lat="37.357854" lon="127.023585"/><trkpt lat="37.357884" lon="127.02361"/><trkpt lat="37.357903" lon="127.023644"/><trkpt lat="37.357909" lon="127.023688"/><trkpt lat="37.357907" lon="127.023768"/><trkpt lat="37.357908" lon="127.023815"/><trkpt lat="37.357918" lon="127.023854"/><trkpt lat="37.357943" lon="127.02388"/><trkpt lat="37.358013" lon="127.023916"/><trkpt lat="37.358047" lon="127.023937"/><trkpt lat="37.358079" lon="127.023967"/><trkpt lat="37.358118" lon="127.024013"/><trkpt lat="37.358193" lon="127.02411"/><trkpt lat="37.358229" lon="127.02416"/><trkpt lat="37.358251" lon="127.0242"/><trkpt lat="37.358266" lon="127.024244"/><trkpt lat="37.358285" lon="127.02432"/><trkpt lat="37.358299" lon="127.024363"/><trkpt lat="37.35832" lon="127.024396"/><trkpt lat="37.358359" lon="127.024427"/><trkpt lat="37.358386" lon="127.024452"/><trkpt lat="37.358412" lon="127.024513"/><trkpt lat="37.358433" lon="127.024549"/><trkpt lat="37.358466" lon="127.024595"/><trkpt lat="37.358482" lon="127.024635"/><trkpt lat="37.358496" lon="127.02471"/><trkpt lat="37.358506" lon="127.024754"/><trkpt lat="37.358526" lon="127.024797"/><trkpt lat="37.35855" lon="127.024837"/><trkpt lat="37.358872" lon="127.025313"/><trkpt lat="37.358895" lon="127.025352"/><trkpt lat="37.358913" lon="127.025395"/><trkpt lat="37.358923" lon="127.025456"/><trkpt lat="37.358933" lon="127.0255"/><trkpt lat="37.358953" lon="127.025538"/><trkpt lat="37.35898" lon="127.025572"/><trkpt lat="37.35906" lon="127.02566"/><trkpt lat="37.359109" lon="127.025716"/><trkpt lat="37.359135" lon="127.025752"/><trkpt lat="37.359152" lon="127.025792"/><trkpt lat="37.359162" lon="127.025834"/><trkpt lat="37.359164" lon="127.025882"/><trkpt lat="37.359159" lon="127.025965"/><trkpt lat="37.359162" lon="127.026012"/><trkpt lat="37.359173" lon="127.026057"/><trkpt lat="37.359187" lon="127.026101"/><trkpt lat="37.359205" lon="127.026143"/><trkpt lat="37.359227" lon="127.026182"/><trkpt lat="37.359273" lon="127.026242"/><trkpt lat="37.359396" lon="127.026393"/><trkpt lat="37.359421" lon="127.026431"/><trkpt lat="37.359438" lon="127.026472"/><trkpt lat="37.35945" lon="127.026516"/><trkpt lat="37.359455" lon="127.026563"/><trkpt lat="37.359454" lon="127.026612"/><trkpt lat="37.359447" lon="127.026659"/><trkpt lat="37.359431" lon="127.026701"/><trkpt lat="37.359408" lon="127.026739"/><trkpt lat="37.359359" lon="127.026813"/><trkpt lat="37.359341" lon="127.026855"/><trkpt lat="37.35933" lon="127.026902"/><trkpt lat="37.359323" lon="127.02695"/><trkpt lat="37.35932" lon="127.026998"/><trkpt lat="37.359327" lon="127.027043"/><trkpt lat="37.359344" lon="127.027085"/><trkpt lat="37.359386" lon="127.027167"/><trkpt lat="37.359402" lon="127.027208"/><trkpt lat="37.359405" lon="127.027251"/><trkpt lat="37.359394" lon="127.027323"/><trkpt lat="37.359389" lon="127.027364"/><trkpt lat="37.359394" lon="127.027398"/><trkpt lat="37.359412" lon="127.027434"/><trkpt lat="37.359425" lon="127.027483"/><trkpt lat="37.359443" lon="127.027523"/><trkpt lat="37.35948" lon="127.027589"/><trkpt lat="37.359501" lon="127.02763"/><trkpt lat="37.359521" lon="127.027705"/><trkpt lat="37.359536" lon="127.027745"/><trkpt lat="37.359566" lon="127.027787"/><trkpt lat="37.359587" lon="127.027821"/><trkpt lat="37.359599" lon="127.027865"/><trkpt lat="37.359605" lon="127.027914"/><trkpt lat="37.359615" lon="127.028066"/><trkpt lat="37.359621" lon="127.028132"/><trkpt lat="37.359631" lon="127.028177"/><trkpt lat="37.359653" lon="127.028212"/><trkpt lat="37.359685" lon="127.028238"/><trkpt lat="37.359928" lon="127.028388"/><trkpt lat="37.359975" lon="127.02842"/><trkpt lat="37.360005" lon="127.028448"/><trkpt lat="37.36002" lon="127.028483"/><trkpt lat="37.360024" lon="127.028523"/><trkpt lat="37.360021" lon="127.028566"/><trkpt lat="37.360009" lon="127.028613"/><trkpt lat="37.359947" lon="127.028797"/><trkpt lat="37.35988" lon="127.028996"/><trkpt lat="37.359863" lon="127.029039"/><trkpt lat="37.359841" lon="127.029078"/><trkpt lat="37.359813" lon="127.029109"/><trkpt lat="37.359782" lon="127.029134"/><trkpt lat="37.359747" lon="127.029149"/><trkpt lat="37.359708" lon="127.029158"/><trkpt lat="37.359603" lon="127.029173"/><trkpt lat="37.359564" lon="127.029183"/><trkpt lat="37.359532" lon="127.0292"/><trkpt lat="37.359506" lon="127.029224"/><trkpt lat="37.359493" lon="127.029258"/><trkpt lat="37.359493" lon="127.029302"/><trkpt lat="37.359503" lon="127.029366"/><trkpt lat="37.359632" lon="127.029928"/><trkpt lat="37.359589" lon="127.030258"/><trkpt lat="37.359494" lon="127.030568"/><trkpt lat="37.359566" lon="127.030704"/><trkpt lat="37.359688" lon="127.03096"/><trkpt lat="37.359777" lon="127.031191"/><trkpt lat="37.359945" lon="127.031608"/><trkpt lat="37.360109" lon="127.031789"/><trkpt lat="37.360442" lon="127.031839"/><trkpt lat="37.36056" lon="127.031703"/><trkpt lat="37.360561" lon="127.031568"/><trkpt lat="37.36057" lon="127.031518"/><trkpt lat="37.360583" lon="127.031473"/><trkpt lat="37.360607" lon="127.031438"/><trkpt lat="37.360637" lon="127.031413"/><trkpt lat="37.360673" lon="127.031403"/><trkpt lat="37.360711" lon="127.031407"/><trkpt lat="37.36075" lon="127.031416"/><trkpt lat="37.360786" lon="127.031434"/><trkpt lat="37.360818" lon="127.031462"/><trkpt lat="37.360855" lon="127.031508"/><trkpt lat="37.361014" lon="127.031751"/></trkseg>
<trkseg><trkpt lat="37.345735" lon="127.031214"/><trkpt lat="37.345711" lon="127.031252"/><trkpt lat="37.345649" lon="127.031381"/><trkpt lat="37.345621" lon="127.031437"/><trkpt lat="37.345598" lon="127.031475"/><trkpt lat="37.345568" lon="127.031504"/><trkpt lat="37.345512" lon="127.031543"/><trkpt lat="37.345483" lon="127.031572"/><trkpt lat="37.345449" lon="127.031618"/><trkpt lat="37.345418" lon="127.031668"/><trkpt lat="37.345397" lon="127.031707"/><trkpt lat="37.345379" lon="127.031752"/><trkpt lat="37.345292" lon="127.032018"/><trkpt lat="37.345083" lon="127.032659"/><trkpt lat="37.34506" lon="127.03272"/><trkpt lat="37.344848" lon="127.033162"/><trkpt lat="37.344744" lon="127.033375"/><trkpt lat="37.344726" lon="127.033419"/><trkpt lat="37.344714" lon="127.033464"/><trkpt lat="37.34471" lon="127.033511"/><trkpt lat="37.34471" lon="127.033607"/><trkpt lat="37.344712" lon="127.033671"/><trkpt lat="37.344718" lon="127.03372"/><trkpt lat="37.344766" lon="127.033792"/><trkpt lat="37.344785" lon="127.03389"/><trkpt lat="37.344817" lon="127.034192"/><trkpt lat="37.344841" lon="127.03425"/><trkpt lat="37.344901" lon="127.034486"/><trkpt lat="37.34489" lon="127.034505"/><trkpt lat="37.344885" lon="127.03451"/><trkpt lat="37.34483" lon="127.034543"/></trkseg>
<trkseg><trkpt lat="37.344552" lon="127.036846"/><trkpt lat="37.344575" lon="127.036817"/><trkpt lat="37.344604" lon="127.036768"/><trkpt lat="37.344623" lon="127.036714"/><trkpt lat="37.344659" lon="127.036556"/><trkpt lat="37.344674" lon="127.036477"/><trkpt lat="37.344677" lon="127.03643"/><trkpt lat="37.344671" lon="127.036384"/><trkpt lat="37.344651" lon="127.036308"/><trkpt lat="37.344621" lon="127.036202"/><trkpt lat="37.344611" lon="127.036158"/></trkseg>
<trkseg><trkpt lat="37.337399" lon="127.037987"/><trkpt lat="37.33728" lon="127.038098"/><trkpt lat="37.337252" lon="127.038131"/><trkpt lat="37.337231" lon="127.03817"/><trkpt lat="37.337209" lon="127.03823"/><trkpt lat="37.337176" lon="127.038333"/></trkseg>
<trkseg><trkpt lat="37.337176" lon="127.038333"/><trkpt lat="37.337158" lon="127.038381"/><trkpt lat="37.337135" lon="127.038418"/><trkpt lat="37.337088" lon="127.03847"/><trkpt lat="37.337057" lon="127.038525"/><trkpt lat="37.337035" lon="127.038554"/><trkpt lat="37.336995" lon="127.038582"/><trkpt lat="37.336972" lon="127.038606"/><trkpt lat="37.336962" lon="127.038635"/><trkpt lat="37.33695" lon="127.03867"/><trkpt lat="37.33693" lon="127.038707"/><trkpt lat="37.336907" lon="127.038742"/><trkpt lat="37.336881" lon="127.038776"/><trkpt lat="37.336851" lon="127.038807"/><trkpt lat="37.336806" lon="127.038844"/><trkpt lat="37.335742" lon="127.039668"/><trkpt lat="37.335594" lon="127.039783"/><trkpt lat="37.335563" lon="127.039813"/><trkpt lat="37.335537" lon="127.039849"/><trkpt lat="37.335521" lon="127.039878"/></trkseg>
<trkseg><trkpt lat="37.335521" lon="127.039878"/><trkpt lat="37.335385" lon="127.04018"/><trkpt lat="37.3353" lon="127.040367"/><trkpt lat="37.335277" lon="127.040406"/><trkpt lat="37.335247" lon="127.040436"/><trkpt lat="37.3352" lon="127.040467"/><trkpt lat="37.33489" lon="127.040635"/><trkpt lat="37.334828" lon="127.040671"/><trkpt lat="37.334793" lon="127.040695"/><trkpt lat="37.33475" lon="127.040731"/><trkpt lat="37.334699" lon="127.04078"/><trkpt lat="37.33467" lon="127.040813"/><trkpt lat="37.334646" lon="127.040852"/><trkpt lat="37.334603" lon="127.040936"/><trkpt lat="37.3344" lon="127.04135"/><trkpt lat="37.334302" lon="127.04155"/><trkpt lat="37.334285" lon="127.041594"/><trkpt lat="37.334278" lon="127.04164"/><trkpt lat="37.334276" lon="127.04172"/><trkpt lat="37.334275" lon="127.041767"/><trkpt lat="37.334267" lon="127.041812"/><trkpt lat="37.334251" lon="127.041854"/><trkpt lat="37.334222" lon="127.041922"/><trkpt lat="37.334212" lon="127.041963"/><trkpt lat="37.334218" lon="127.042007"/><trkpt lat="37.334237" lon="127.042067"/><trkpt lat="37.334263" lon="127.042144"/><trkpt lat="37.334273" lon="127.04219"/><trkpt lat="37.334276" lon="127.04224"/><trkpt lat="37.334274" lon="127.042377"/></trkseg>
<trkseg><trkpt lat="37.33144" lon="127.036028"/><trkpt lat="37.331521" lon="127.036523"/><trkpt lat="37.331625" lon="127.037052"/><trkpt lat="37.331874" lon="127.037459"/><trkpt lat="37.332123" lon="127.038084"/><trkpt lat="37.33232" lon="127.03865"/><trkpt lat="37.332819" lon="127.039049"/><trkpt lat="37.333155" lon="127.039427"/><trkpt lat="37.333496" lon="127.039848"/><trkpt lat="37.333751" lon="127.0404"/><trkpt lat="37.333873" lon="127.040756"/><trkpt lat="37.333913" lon="127.041322"/><trkpt lat="37.334073" lon="127.041889"/><trkpt lat="37.334215" lon="127.042359"/></trkseg>
<trkseg><trkpt lat="37.349549" lon="127.06413"/><trkpt lat="37.349573" lon="127.064102"/><trkpt lat="37.349607" lon="127.064081"/><trkpt lat="37.349768" lon="127.063999"/><trkpt lat="37.349816" lon="127.063971"/><trkpt lat="37.34985" lon="127.063947"/><trkpt lat="37.349912" lon="127.063891"/><trkpt lat="37.349944" lon="127.063865"/><trkpt lat="37.349978" lon="127.063848"/><trkpt lat="37.350036" lon="127.063828"/><trkpt lat="37.350069" lon="127.06381"/><trkpt lat="37.350097" lon="127.063783"/><trkpt lat="37.350122" lon="127.063752"/><trkpt lat="37.350141" lon="127.063717"/><trkpt lat="37.350148" lon="127.063675"/><trkpt lat="37.350145" lon="127.063627"/><trkpt lat="37.350124" lon="127.063497"/><trkpt lat="37.350114" lon="127.063432"/><trkpt lat="37.350113" lon="127.063385"/><trkpt lat="37.350123" lon="127.063341"/><trkpt lat="37.350144" lon="127.063301"/><trkpt lat="37.350299" lon="127.06305"/><trkpt lat="37.350342" lon="127.062986"/><trkpt lat="37.350381" lon="127.06294"/><trkpt lat="37.350525" lon="127.062786"/><trkpt lat="37.350563" lon="127.062742"/><trkpt lat="37.35058" lon="127.062716"/></trkseg>
<trkseg><trkpt lat="37.349445" lon="127.06533"/><trkpt lat="37.349501" lon="127.065316"/><trkpt lat="37.349538" lon="127.065303"/><trkpt lat="37.349568" lon="127.065282"/><trkpt lat="37.349584" lon="127.065247"/><trkpt lat="37.349585" lon="127.065205"/><trkpt lat="37.349574" lon="127.065159"/><trkpt lat="37.349542" lon="127.065066"/><trkpt lat="37.349534" lon="127.065019"/><trkpt lat="37.34953" lon="127.064954"/><trkpt lat="37.349532" lon="127.064872"/><trkpt lat="37.349537" lon="127.064824"/><trkpt lat="37.349551" lon="127.064759"/><trkpt lat="37.349578" lon="127.064647"/><trkpt lat="37.349585" lon="127.064599"/><trkpt lat="37.349585" lon="127.06455"/><trkpt lat="37.349576" lon="127.064467"/><trkpt lat="37.349545" lon="127.064218"/><trkpt lat="37.349542" lon="127.064171"/><trkpt lat="37.349549" lon="127.06413"/></trkseg>
<trkseg><trkpt lat="37.35058" lon="127.062716"/><trkpt lat="37.350592" lon="127.062679"/><trkpt lat="37.35059" lon="127.062634"/><trkpt lat="37.350581" lon="127.062588"/><trkpt lat="37.350552" lon="127.062461"/><trkpt lat="37.350544" lon="127.062414"/><trkpt lat="37.350543" lon="127.062367"/><trkpt lat="37.350549" lon="127.062323"/><trkpt lat="37.350558" lon="127.062278"/><trkpt lat="37.350571" lon="127.062236"/><trkpt lat="37.35059" lon="127.062194"/><trkpt lat="37.350621" lon="127.06214"/><trkpt lat="37.350655" lon="127.062079"/></trkseg>
<trkseg><trkpt lat="37.350655" lon="127.062079"/><trkpt lat="37.350702" lon="127.062008"/><trkpt lat="37.350722" lon="127.061966"/><trkpt lat="37.350735" lon="127.061921"/><trkpt lat="37.350753" lon="127.061825"/><trkpt lat="37.350782" lon="127.061648"/><trkpt lat="37.350786" lon="127.0616"/><trkpt lat="37.350782" lon="127.061554"/><trkpt lat="37.350766" lon="127.061478"/><trkpt lat="37.350758" lon="127.061433"/><trkpt lat="37.350758" lon="127.061388"/><trkpt lat="37.350768" lon="127.061343"/><trkpt lat="37.350797" lon="127.061252"/><trkpt lat="37.350807" lon="127.061206"/><trkpt lat="37.35081" lon="127.061152"/><trkpt lat="37.350815" lon="127.06111"/><trkpt lat="37.350827" lon="127.061066"/><trkpt lat="37.350855" lon="127.060993"/><trkpt lat="37.350874" lon="127.060952"/><trkpt lat="37.3509" lon="127.060918"/><trkpt lat="37.350931" lon="127.06089"/><trkpt lat="37.350998" lon="127.06084"/><trkpt lat="37.351028" lon="127.060812"/><trkpt lat="37.35105" lon="127.060775"/><trkpt lat="37.351064" lon="127.060731"/><trkpt lat="37.351089" lon="127.060622"/><trkpt lat="37.351096" lon="127.060574"/><trkpt lat="37.351099" lon="127.060526"/><trkpt lat="37.351097" lon="127.060478"/><trkpt lat="37.351091" lon="127.060431"/><trkpt lat="37.35108" lon="127.060385"/><trkpt lat="37.351062" lon="127.06034"/><trkpt lat="37.350933" lon="127.060083"/><trkpt lat="37.350893" lon="127.059997"/><trkpt lat="37.350879" lon="127.059952"/><trkpt lat="37.350874" lon="127.059904"/><trkpt lat="37.350875" lon="127.059804"/><trkpt lat="37.350871" lon="127.059755"/><trkpt lat="37.350863" lon="127.059706"/><trkpt lat="37.350837" lon="127.059592"/><trkpt lat="37.350769" lon="127.059302"/><trkpt lat="37.35076" lon="127.059253"/><trkpt lat="37.350755" lon="127.059187"/><trkpt lat="37.35075" lon="127.05907"/><trkpt lat="37.350751" lon="127.059004"/><trkpt lat="37.350758" lon="127.058955"/><trkpt lat="37.350772" lon="127.058891"/><trkpt lat="37.350797" lon="127.058797"/><trkpt lat="37.350813" lon="127.058752"/><trkpt lat="37.350839" lon="127.058701"/><trkpt lat="37.350855" lon="127.058664"/><trkpt lat="37.350859" lon="127.058621"/><trkpt lat="37.350854" lon="127.058576"/><trkpt lat="37.350846" lon="127.05853"/><trkpt lat="37.350835" lon="127.058485"/><trkpt lat="37.350817" lon="127.058444"/><trkpt lat="37.350791" lon="127.058408"/><trkpt lat="37.350682" lon="127.058283"/><trkpt lat="37.350572" lon="127.05816"/><trkpt lat="37.35054" lon="127.058131"/><trkpt lat="37.350506" lon="127.058113"/><trkpt lat="37.350471" lon="127.058103"/><trkpt lat="37.350435" lon="127.058099"/><trkpt lat="37.350399" lon="127.058103"/><trkpt lat="37.350362" lon="127.058117"/><trkpt lat="37.350266" lon="127.058168"/><trkpt lat="37.350219" lon="127.05819"/><trkpt lat="37.350183" lon="127.058196"/><trkpt lat="37.350148" lon="127.058184"/><trkpt lat="37.350116" lon="127.058161"/><trkpt lat="37.35009" lon="127.058128"/><trkpt lat="37.350075" lon="127.058085"/><trkpt lat="37.350066" lon="127.058037"/><trkpt lat="37.350034" lon="127.057804"/><trkpt lat="37.349983" lon="127.057439"/><trkpt lat="37.349972" lon="127.057391"/><trkpt lat="37.349952" lon="127.057329"/><trkpt lat="37.349926" lon="127.057252"/><trkpt lat="37.349915" lon="127.057205"/><trkpt lat="37.349912" lon="127.057161"/><trkpt lat="37.349915" lon="127.057085"/><trkpt lat="37.349913" lon="127.057039"/><trkpt lat="37.349905" lon="127.056994"/><trkpt lat="37.349888" lon="127.056921"/><trkpt lat="37.349884" lon="127.056875"/><trkpt lat="37.34989" lon="127.056796"/><trkpt lat="37.349891" lon="127.05675"/><trkpt lat="37.34988" lon="127.056704"/><trkpt lat="37.349864" lon="127.05666"/><trkpt lat="37.349801" lon="127.056513"/><trkpt lat="37.34978" lon="127.056453"/><trkpt lat="37.349769" lon="127.056406"/><trkpt lat="37.349762" lon="127.05634"/><trkpt lat="37.349752" lon="127.056208"/><trkpt lat="37.349745" lon="127.056161"/><trkpt lat="37.34973" lon="127.056118"/><trkpt lat="37.349706" lon="127.056082"/><trkpt lat="37.349668" lon="127.056038"/><trkpt lat="37.349451" lon="127.055798"/><trkpt lat="37.349409" lon="127.055759"/><trkpt lat="37.349363" lon="127.055726"/><trkpt lat="37.349304" lon="127.055687"/><trkpt lat="37.349272" lon="127.055659"/><trkpt lat="37.349248" lon="127.055624"/><trkpt lat="37.349208" lon="127.055545"/><trkpt lat="37.34918" lon="127.055494"/><trkpt lat="37.349159" lon="127.055465"/><trkpt lat="37.349137" lon="127.055444"/><trkpt lat="37.34911" lon="127.055419"/><trkpt lat="37.34909" lon="127.055374"/><trkpt lat="37.349068" lon="127.055345"/><trkpt lat="37.34904" lon="127.05532"/><trkpt lat="37.34901" lon="127.055302"/><trkpt lat="37.348973" lon="127.055295"/><trkpt lat="37.348934" lon="127.055296"/><trkpt lat="37.34879" lon="127.055306"/><trkpt lat="37.348739" lon="127.055314"/><trkpt lat="37.348704" lon="127.055327"/><trkpt lat="37.348673" lon="127.055355"/><trkpt lat="37.348646" lon="127.055391"/><trkpt lat="37.348558" lon="127.055522"/><trkpt lat="37.348531" lon="127.055558"/><trkpt lat="37.348502" lon="127.055585"/><trkpt lat="37.348472" lon="127.055591"/><trkpt lat="37.348445" lon="127.055578"/><trkpt lat="37.348426" lon="127.055555"/><trkpt lat="37.348424" lon="127.055517"/><trkpt lat="37.348432" lon="127.055474"/><trkpt lat="37.348445" lon="127.055428"/><trkpt lat="37.34846" lon="127.055385"/><trkpt lat="37.348482" lon="127.055346"/><trkpt lat="37.34851" lon="127.055311"/><trkpt lat="37.348659" lon="127.055169"/><trkpt lat="37.348999" lon="127.054846"/><trkpt lat="37.349053" lon="127.054798"/><trkpt lat="37.349087" lon="127.054775"/><trkpt lat="37.349136" lon="127.054754"/><trkpt lat="37.349299" lon="127.054698"/><trkpt lat="37.349349" lon="127.054684"/><trkpt lat="37.349388" lon="127.054678"/><trkpt lat="37.349519" lon="127.054671"/><trkpt lat="37.349702" lon="127.054664"/><trkpt lat="37.34974" lon="127.054658"/><trkpt lat="37.349774" lon="127.054642"/><trkpt lat="37.349805" lon="127.054612"/><trkpt lat="37.349843" lon="127.054566"/><trkpt lat="37.350077" lon="127.054262"/><trkpt lat="37.350107" lon="127.054229"/><trkpt lat="37.35014" lon="127.054205"/><trkpt lat="37.350177" lon="127.05419"/><trkpt lat="37.350401" lon="127.054135"/><trkpt lat="37.350993" lon="127.05399"/><trkpt lat="37.351059" lon="127.053971"/><trkpt lat="37.351097" lon="127.053955"/><trkpt lat="37.351171" lon="127.053914"/><trkpt lat="37.351242" lon="127.053869"/><trkpt lat="37.351274" lon="127.053841"/><trkpt lat="37.351299" lon="127.053804"/><trkpt lat="37.351335" lon="127.053733"/><trkpt lat="37.351477" lon="127.053425"/><trkpt lat="37.351505" lon="127.053368"/><trkpt lat="37.351529" lon="127.053327"/><trkpt lat="37.351804" lon="127.052915"/><trkpt lat="37.352029" lon="127.052581"/><trkpt lat="37.352057" lon="127.052546"/><trkpt lat="37.352097" lon="127.052505"/><trkpt lat="37.352254" lon="127.052359"/><trkpt lat="37.352298" lon="127.052324"/><trkpt lat="37.352238" lon="127.052112"/><trkpt lat="37.351591" lon="127.051783"/><trkpt lat="37.351531" lon="127.051479"/><trkpt lat="37.351372" lon="127.051223"/><trkpt lat="37.351514" lon="127.050982"/><trkpt lat="37.351543" lon="127.050784"/></trkseg>
<trkseg><trkpt lat="37.350655" lon="127.062079"/><trkpt lat="37.351011" lon="127.062064"/><trkpt lat="37.35129" lon="127.062312"/><trkpt lat="37.351814" lon="127.062283"/><trkpt lat="37.351476" lon="127.062647"/><trkpt lat="37.35058" lon="127.062716"/></trkseg>
<trkseg><trkpt lat="37.351543" lon="127.050784"/><trkpt lat="37.350799" lon="127.050035"/><trkpt lat="37.350756" lon="127.049995"/><trkpt lat="37.350722" lon="127.049974"/><trkpt lat="37.350688" lon="127.049965"/><trkpt lat="37.350652" lon="127.04997"/><trkpt lat="37.350615" lon="127.049986"/><trkpt lat="37.350553" lon="127.050021"/><trkpt lat="37.350467" lon="127.050072"/><trkpt lat="37.350433" lon="127.050098"/><trkpt lat="37.350403" lon="127.05013"/><trkpt lat="37.350351" lon="127.050201"/><trkpt lat="37.350323" lon="127.050228"/><trkpt lat="37.350293" lon="127.050234"/><trkpt lat="37.35026" lon="127.050224"/><trkpt lat="37.350227" lon="127.050206"/><trkpt lat="37.350194" lon="127.050182"/><trkpt lat="37.350162" lon="127.050151"/><trkpt lat="37.350112" lon="127.050095"/><trkpt lat="37.350085" lon="127.050058"/><trkpt lat="37.350063" lon="127.050019"/><trkpt lat="37.35003" lon="127.049954"/><trkpt lat="37.350003" lon="127.049925"/><trkpt lat="37.349961" lon="127.049894"/><trkpt lat="37.349932" lon="127.049865"/><trkpt lat="37.349905" lon="127.04983"/><trkpt lat="37.349862" lon="127.049767"/><trkpt lat="37.349805" lon="127.049676"/><trkpt lat="37.349784" lon="127.049636"/><trkpt lat="37.349764" lon="127.049581"/><trkpt lat="37.349747" lon="127.049542"/><trkpt lat="37.349722" lon="127.049506"/><trkpt lat="37.349663" lon="127.04944"/><trkpt lat="37.349552" lon="127.04932"/><trkpt lat="37.349525" lon="127.049286"/><trkpt lat="37.349506" lon="127.049249"/><trkpt lat="37.349498" lon="127.049178"/><trkpt lat="37.349489" lon="127.049134"/><trkpt lat="37.349473" lon="127.049089"/><trkpt lat="37.349415" lon="127.048957"/><trkpt lat="37.349392" lon="127.048898"/><trkpt lat="37.349383" lon="127.048854"/><trkpt lat="37.34939" lon="127.048808"/><trkpt lat="37.349404" lon="127.048763"/><trkpt lat="37.349439" lon="127.048672"/><trkpt lat="37.349466" lon="127.048614"/><trkpt lat="37.34949" lon="127.048577"/><trkpt lat="37.349539" lon="127.04853"/><trkpt lat="37.349568" lon="127.048501"/><trkpt lat="37.349592" lon="127.048466"/><trkpt lat="37.349629" lon="127.048402"/><trkpt lat="37.349654" lon="127.048348"/><trkpt lat="37.349667" lon="127.048306"/><trkpt lat="37.349671" lon="127.048259"/><trkpt lat="37.349669" lon="127.04821"/><trkpt lat="37.349663" lon="127.048162"/><trkpt lat="37.349652" lon="127.048115"/><trkpt lat="37.349635" lon="127.048076"/><trkpt lat="37.349612" lon="127.04804"/><trkpt lat="37.349586" lon="127.048009"/><trkpt lat="37.349554" lon="127.047986"/><trkpt lat="37.349503" lon="127.047966"/><trkpt lat="37.349308" lon="127.047905"/><trkpt lat="37.349256" lon="127.047893"/><trkpt lat="37.349217" lon="127.04789"/><trkpt lat="37.349179" lon="127.047896"/><trkpt lat="37.349088" lon="127.047914"/><trkpt lat="37.349051" lon="127.047914"/><trkpt lat="37.349013" lon="127.047901"/><trkpt lat="37.348965" lon="127.047874"/><trkpt lat="37.348918" lon="127.047842"/><trkpt lat="37.348884" lon="127.047814"/><trkpt lat="37.348842" lon="127.047771"/><trkpt lat="37.34869" lon="127.047602"/><trkpt lat="37.348659" lon="127.047571"/><trkpt lat="37.348626" lon="127.047549"/><trkpt lat="37.348589" lon="127.04754"/><trkpt lat="37.348536" lon="127.04754"/><trkpt lat="37.34823" lon="127.047561"/><trkpt lat="37.348177" lon="127.047561"/><trkpt lat="37.348141" lon="127.047552"/><trkpt lat="37.348109" lon="127.047529"/><trkpt lat="37.348049" lon="127.047464"/><trkpt lat="37.348019" lon="127.047432"/><trkpt lat="37.347986" lon="127.047407"/><trkpt lat="37.347914" lon="127.047367"/><trkpt lat="37.347769" lon="127.047293"/><trkpt lat="37.347734" lon="127.047272"/><trkpt lat="37.347701" lon="127.047247"/><trkpt lat="37.34763" lon="127.047183"/><trkpt lat="37.347599" lon="127.047159"/><trkpt lat="37.347563" lon="127.047146"/><trkpt lat="37.347525" lon="127.04714"/><trkpt lat="37.347408" lon="127.047136"/><trkpt lat="37.347372" lon="127.047132"/><trkpt lat="37.347343" lon="127.047121"/><trkpt lat="37.34733" lon="127.047093"/><trkpt lat="37.34733" lon="127.047052"/><trkpt lat="37.347332" lon="127.046992"/><trkpt lat="37.347325" lon="127.04695"/><trkpt lat="37.347302" lon="127.046902"/><trkpt lat="37.34729" lon="127.046872"/><trkpt lat="37.347291" lon="127.046846"/><trkpt lat="37.347285" lon="127.046811"/><trkpt lat="37.347265" lon="127.046743"/><trkpt lat="37.347261" lon="127.046705"/><trkpt lat="37.347257" lon="127.04667"/><trkpt lat="37.34724" lon="127.046635"/><trkpt lat="37.347207" lon="127.046587"/><trkpt lat="37.347098" lon="127.046443"/><trkpt lat="37.347064" lon="127.046394"/><trkpt lat="37.347042" lon="127.046355"/><trkpt lat="37.347028" lon="127.046312"/><trkpt lat="37.347016" lon="127.046251"/><trkpt lat="37.347003" lon="127.046208"/><trkpt lat="37.346982" lon="127.046167"/><trkpt lat="37.346945" lon="127.046101"/><trkpt lat="37.346931" lon="127.046062"/><trkpt lat="37.346927" lon="127.04601"/><trkpt lat="37.346915" lon="127.045979"/><trkpt lat="37.346883" lon="127.04593"/><trkpt lat="37.346863" lon="127.045868"/><trkpt lat="37.346845" lon="127.045824"/><trkpt lat="37.346835" lon="127.045789"/><trkpt lat="37.346834" lon="127.045752"/><trkpt lat="37.346843" lon="127.045726"/><trkpt lat="37.346857" lon="127.045702"/><trkpt lat="37.346852" lon="127.045671"/><trkpt lat="37.34684" lon="127.045635"/><trkpt lat="37.346819" lon="127.045601"/><trkpt lat="37.346789" lon="127.04557"/><trkpt lat="37.346782" lon="127.045538"/></trkseg>
<trkseg><trkpt lat="37.337982" lon="127.006096"/><trkpt lat="37.33798" lon="127.00618"/><trkpt lat="37.337983" lon="127.006229"/><trkpt lat="37.337994" lon="127.006274"/><trkpt lat="37.338019" lon="127.00633"/><trkpt lat="37.338068" lon="127.006426"/><trkpt lat="37.338099" lon="127.006478"/><trkpt lat="37.338127" lon="127.006512"/><trkpt lat="37.338179" lon="127.006562"/><trkpt lat="37.338256" lon="127.006628"/><trkpt lat="37.33829" lon="127.006653"/><trkpt lat="37.338326" lon="127.006673"/><trkpt lat="37.338375" lon="127.006693"/><trkpt lat="37.338461" lon="127.006728"/><trkpt lat="37.338495" lon="127.00675"/><trkpt lat="37.338521" lon="127.00678"/><trkpt lat="37.338542" lon="127.006818"/><trkpt lat="37.338556" lon="127.006862"/><trkpt lat="37.338567" lon="127.006928"/><trkpt lat="37.338577" lon="127.007012"/><trkpt lat="37.338579" lon="127.007061"/><trkpt lat="37.338573" lon="127.007107"/><trkpt lat="37.338548" lon="127.007179"/><trkpt lat="37.338536" lon="127.007224"/><trkpt lat="37.33853" lon="127.007272"/><trkpt lat="37.338529" lon="127.007321"/><trkpt lat="37.338532" lon="127.007368"/><trkpt lat="37.338543" lon="127.00741"/><trkpt lat="37.338564" lon="127.007473"/><trkpt lat="37.338564" lon="127.007514"/><trkpt lat="37.338554" lon="127.007572"/><trkpt lat="37.338553" lon="127.007618"/><trkpt lat="37.33856" lon="127.007665"/><trkpt lat="37.338597" lon="127.007825"/><trkpt lat="37.338614" lon="127.007905"/><trkpt lat="37.338621" lon="127.007951"/><trkpt lat="37.33862" lon="127.008004"/><trkpt lat="37.338625" lon="127.008042"/><trkpt lat="37.33864" lon="127.008082"/><trkpt lat="37.338702" lon="127.008206"/><trkpt lat="37.338727" lon="127.008263"/><trkpt lat="37.338738" lon="127.008307"/><trkpt lat="37.338742" lon="127.008355"/><trkpt lat="37.338737" lon="127.008585"/><trkpt lat="37.338738" lon="127.008649"/><trkpt lat="37.338743" lon="127.008695"/><trkpt lat="37.338759" lon="127.008735"/><trkpt lat="37.338785" lon="127.00877"/><trkpt lat="37.338834" lon="127.008828"/></trkseg>
<trkseg><trkpt lat="37.347788" lon="127.013105"/><trkpt lat="37.347808" lon="127.013148"/><trkpt lat="37.347835" lon="127.013225"/><trkpt lat="37.347853" lon="127.013289"/><trkpt lat="37.347862" lon="127.013337"/><trkpt lat="37.347867" lon="127.013385"/><trkpt lat="37.347868" lon="127.013432"/><trkpt lat="37.347861" lon="127.013475"/><trkpt lat="37.347838" lon="127.01352"/><trkpt lat="37.347839" lon="127.013625"/><trkpt lat="37.347843" lon="127.013666"/><trkpt lat="37.347855" lon="127.013708"/><trkpt lat="37.347871" lon="127.013751"/><trkpt lat="37.347891" lon="127.01379"/><trkpt lat="37.347915" lon="127.013826"/><trkpt lat="37.347942" lon="127.013856"/><trkpt lat="37.347975" lon="127.013875"/><trkpt lat="37.348037" lon="127.01389"/><trkpt lat="37.348072" lon="127.0139"/><trkpt lat="37.3481" lon="127.013923"/><trkpt lat="37.34812" lon="127.013961"/><trkpt lat="37.348135" lon="127.014006"/><trkpt lat="37.348165" lon="127.014098"/><trkpt lat="37.348176" lon="127.01422"/><trkpt lat="37.348204" lon="127.014248"/><trkpt lat="37.348281" lon="127.014428"/><trkpt lat="37.348709" lon="127.014569"/><trkpt lat="37.348903" lon="127.014641"/><trkpt lat="37.348939" lon="127.01466"/><trkpt lat="37.348971" lon="127.014687"/><trkpt lat="37.348999" lon="127.014722"/><trkpt lat="37.349037" lon="127.015047"/><trkpt lat="37.34909" lon="127.015122"/><trkpt lat="37.349119" lon="127.015155"/><trkpt lat="37.349151" lon="127.015175"/><trkpt lat="37.349187" lon="127.015181"/><trkpt lat="37.349248" lon="127.015185"/><trkpt lat="37.349254" lon="127.015195"/><trkpt lat="37.349257" lon="127.01523"/><trkpt lat="37.349266" lon="127.015267"/><trkpt lat="37.349283" lon="127.015309"/><trkpt lat="37.349312" lon="127.015365"/><trkpt lat="37.349373" lon="127.015475"/><trkpt lat="37.349391" lon="127.015518"/><trkpt lat="37.349401" lon="127.015566"/><trkpt lat="37.349413" lon="127.015665"/><trkpt lat="37.34942" lon="127.015714"/><trkpt lat="37.349433" lon="127.015759"/><trkpt lat="37.349455" lon="127.015798"/><trkpt lat="37.349511" lon="127.015867"/><trkpt lat="37.349534" lon="127.015905"/><trkpt lat="37.349556" lon="127.01598"/><trkpt lat="37.349573" lon="127.016024"/><trkpt lat="37.349596" lon="127.016065"/><trkpt lat="37.349654" lon="127.016159"/><trkpt lat="37.349831" lon="127.016436"/><trkpt lat="37.349854" lon="127.016478"/><trkpt lat="37.349872" lon="127.016522"/><trkpt lat="37.349892" lon="127.016584"/><trkpt lat="37.349922" lon="127.016694"/><trkpt lat="37.349931" lon="127.016741"/><trkpt lat="37.349932" lon="127.016787"/><trkpt lat="37.349919" lon="127.016863"/><trkpt lat="37.349917" lon="127.016912"/><trkpt lat="37.34992" lon="127.016979"/><trkpt lat="37.349931" lon="127.017131"/><trkpt lat="37.349937" lon="127.017198"/><trkpt lat="37.349946" lon="127.017246"/><trkpt lat="37.349965" lon="127.017295"/><trkpt lat="37.350004" lon="127.017365"/><trkpt lat="37.350023" lon="127.017399"/></trkseg>
<trkseg><trkpt lat="37.342868" lon="127.011031"/><trkpt lat="37.343008" lon="127.010981"/><trkpt lat="37.343054" lon="127.010968"/><trkpt lat="37.343081" lon="127.010969"/><trkpt lat="37.343102" lon="127.010986"/><trkpt lat="37.343129" lon="127.011004"/><trkpt lat="37.343162" lon="127.011021"/><trkpt lat="37.343197" lon="127.011034"/><trkpt lat="37.343234" lon="127.011041"/><trkpt lat="37.343311" lon="127.011046"/><trkpt lat="37.343346" lon="127.011062"/><trkpt lat="37.343379" lon="127.011087"/><trkpt lat="37.343474" lon="127.011174"/><trkpt lat="37.343535" lon="127.011236"/><trkpt lat="37.34356" lon="127.011271"/><trkpt lat="37.343579" lon="127.011313"/><trkpt lat="37.343601" lon="127.011373"/><trkpt lat="37.343623" lon="127.011411"/><trkpt lat="37.34366" lon="127.011455"/><trkpt lat="37.343761" lon="127.01156"/><trkpt lat="37.343799" lon="127.011603"/><trkpt lat="37.343823" lon="127.011637"/><trkpt lat="37.343838" lon="127.011669"/><trkpt lat="37.343854" lon="127.011696"/><trkpt lat="37.343882" lon="127.011713"/><trkpt lat="37.34395" lon="127.011741"/><trkpt lat="37.343985" lon="127.011761"/><trkpt lat="37.34403" lon="127.011797"/><trkpt lat="37.344074" lon="127.011836"/><trkpt lat="37.344105" lon="127.011869"/><trkpt lat="37.34414" lon="127.011918"/><trkpt lat="37.344209" lon="127.01202"/><trkpt lat="37.344237" lon="127.012053"/><trkpt lat="37.34427" lon="127.012079"/><trkpt lat="37.344364" lon="127.012136"/><trkpt lat="37.344422" lon="127.012172"/><trkpt lat="37.344454" lon="127.012199"/><trkpt lat="37.344489" lon="127.012243"/><trkpt lat="37.344516" lon="127.012273"/><trkpt lat="37.344906" lon="127.012361"/><trkpt lat="37.344942" lon="127.012373"/><trkpt lat="37.344975" lon="127.012398"/><trkpt lat="37.345003" lon="127.012432"/><trkpt lat="37.345147" lon="127.012508"/><trkpt lat="37.345176" lon="127.012542"/><trkpt lat="37.345208" lon="127.012569"/><trkpt lat="37.345241" lon="127.012591"/><trkpt lat="37.345276" lon="127.01261"/><trkpt lat="37.345314" lon="127.012621"/><trkpt lat="37.345367" lon="127.012629"/><trkpt lat="37.345661" lon="127.012659"/><trkpt lat="37.346076" lon="127.012702"/><trkpt lat="37.346129" lon="127.012703"/><trkpt lat="37.346167" lon="127.012697"/><trkpt lat="37.346218" lon="127.01268"/><trkpt lat="37.346305" lon="127.01265"/><trkpt lat="37.346343" lon="127.012644"/><trkpt lat="37.346382" lon="127.012648"/><trkpt lat="37.346447" lon="127.012667"/><trkpt lat="37.346656" lon="127.012737"/><trkpt lat="37.346694" lon="127.012748"/><trkpt lat="37.34673" lon="127.012749"/><trkpt lat="37.34676" lon="127.012734"/><trkpt lat="37.346803" lon="127.012685"/><trkpt lat="37.346833" lon="127.012659"/><trkpt lat="37.346867" lon="127.012642"/><trkpt lat="37.346904" lon="127.012635"/><trkpt lat="37.346942" lon="127.01264"/><trkpt lat="37.347059" lon="127.012682"/><trkpt lat="37.34711" lon="127.012699"/><trkpt lat="37.34715" lon="127.012707"/><trkpt lat="37.34719" lon="127.012709"/><trkpt lat="37.347311" lon="127.01268"/><trkpt lat="37.347374" lon="127.01268"/><trkpt lat="37.347405" lon="127.012686"/><trkpt lat="37.347425" lon="127.012715"/><trkpt lat="37.347446" lon="127.012744"/><trkpt lat="37.347485" lon="127.012783"/><trkpt lat="37.347568" lon="127.012862"/><trkpt lat="37.347596" lon="127.012894"/><trkpt lat="37.347623" lon="127.012938"/><trkpt lat="37.347643" lon="127.012965"/><trkpt lat="37.34768" lon="127.012987"/><trkpt lat="37.347709" lon="127.013007"/><trkpt lat="37.347738" lon="127.013036"/><trkpt lat="37.347764" lon="127.013069"/><trkpt lat="37.347788" lon="127.013105"/></trkseg>
<trkseg><trkpt lat="37.338834" lon="127.008828"/><trkpt lat="37.338871" lon="127.008871"/><trkpt lat="37.338896" lon="127.008907"/><trkpt lat="37.338914" lon="127.008949"/><trkpt lat="37.338932" lon="127.009025"/><trkpt lat="37.338944" lon="127.009071"/><trkpt lat="37.33896" lon="127.009112"/><trkpt lat="37.338981" lon="127.00915"/><trkpt lat="37.339005" lon="127.009185"/><trkpt lat="37.339119" lon="127.009192"/><trkpt lat="37.339408" lon="127.009259"/><trkpt lat="37.33972" lon="127.009424"/><trkpt lat="37.339877" lon="127.009583"/><trkpt lat="37.339914" lon="127.009597"/><trkpt lat="37.339948" lon="127.009619"/><trkpt lat="37.339977" lon="127.00965"/><trkpt lat="37.340046" lon="127.009749"/><trkpt lat="37.340082" lon="127.009797"/><trkpt lat="37.340112" lon="127.009829"/><trkpt lat="37.34043" lon="127.009931"/><trkpt lat="37.34058" lon="127.009948"/><trkpt lat="37.340615" lon="127.009973"/><trkpt lat="37.340893" lon="127.010143"/><trkpt lat="37.341136" lon="127.01029"/><trkpt lat="37.341174" lon="127.010308"/><trkpt lat="37.341225" lon="127.010328"/><trkpt lat="37.341264" lon="127.010338"/><trkpt lat="37.341303" lon="127.010343"/><trkpt lat="37.341342" lon="127.010339"/><trkpt lat="37.341727" lon="127.010266"/><trkpt lat="37.341806" lon="127.010254"/><trkpt lat="37.341845" lon="127.010255"/><trkpt lat="37.341884" lon="127.010263"/><trkpt lat="37.341988" lon="127.010296"/><trkpt lat="37.342065" lon="127.010323"/><trkpt lat="37.342101" lon="127.010341"/><trkpt lat="37.342135" lon="127.010365"/><trkpt lat="37.342178" lon="127.010403"/><trkpt lat="37.342314" lon="127.010533"/><trkpt lat="37.342354" lon="127.010577"/><trkpt lat="37.342561" lon="127.010842"/><trkpt lat="37.342636" lon="127.01107"/><trkpt lat="37.342664" lon="127.0111"/><trkpt lat="37.342693" lon="127.011116"/><trkpt lat="37.342719" lon="127.011107"/><trkpt lat="37.342757" lon="127.011081"/><trkpt lat="37.342792" lon="127.011062"/><trkpt lat="37.342842" lon="127.011041"/><trkpt lat="37.342868" lon="127.011031"/></trkseg>
<trkseg><trkpt lat="37.337522" lon="127.031765"/><trkpt lat="37.33749" lon="127.031756"/><trkpt lat="37.337456" lon="127.031737"/><trkpt lat="37.337425" lon="127.031708"/><trkpt lat="37.337378" lon="127.031651"/><trkpt lat="37.337275" lon="127.031521"/><trkpt lat="37.337247" lon="127.031491"/><trkpt lat="37.337216" lon="127.031473"/><trkpt lat="37.337183" lon="127.031479"/><trkpt lat="37.337148" lon="127.031498"/><trkpt lat="37.337064" lon="127.031551"/><trkpt lat="37.337027" lon="127.031571"/><trkpt lat="37.33699" lon="127.031585"/><trkpt lat="37.336908" lon="127.031607"/><trkpt lat="37.336811" lon="127.03163"/></trkseg>
<trkseg><trkpt lat="37.327513" lon="127.037598"/><trkpt lat="37.32748" lon="127.037527"/><trkpt lat="37.327462" lon="127.037484"/><trkpt lat="37.327444" lon="127.037415"/><trkpt lat="37.327431" lon="127.037377"/><trkpt lat="37.327407" lon="127.037341"/><trkpt lat="37.327377" lon="127.03731"/><trkpt lat="37.327322" lon="127.037263"/><trkpt lat="37.327288" lon="127.037239"/><trkpt lat="37.327253" lon="127.037227"/><trkpt lat="37.327216" lon="127.037224"/><trkpt lat="37.32718" lon="127.037227"/><trkpt lat="37.327144" lon="127.037237"/><trkpt lat="37.327096" lon="127.037259"/><trkpt lat="37.32706" lon="127.037267"/><trkpt lat="37.327023" lon="127.037264"/><trkpt lat="37.326961" lon="127.037254"/><trkpt lat="37.326926" lon="127.037261"/><trkpt lat="37.326892" lon="127.037283"/><trkpt lat="37.326839" lon="127.037328"/><trkpt lat="37.326804" lon="127.037348"/><trkpt lat="37.326767" lon="127.037354"/><trkpt lat="37.326728" lon="127.037351"/><trkpt lat="37.326649" lon="127.037344"/><trkpt lat="37.326611" lon="127.037346"/><trkpt lat="37.32656" lon="127.037365"/><trkpt lat="37.32653" lon="127.037369"/><trkpt lat="37.326495" lon="127.037357"/><trkpt lat="37.326423" lon="127.037315"/><trkpt lat="37.326387" lon="127.037298"/><trkpt lat="37.326351" lon="127.037294"/><trkpt lat="37.326315" lon="127.037309"/><trkpt lat="37.326279" lon="127.03733"/><trkpt lat="37.326159" lon="127.037413"/><trkpt lat="37.326126" lon="127.03744"/><trkpt lat="37.326099" lon="127.037469"/><trkpt lat="37.326082" lon="127.037498"/><trkpt lat="37.326078" lon="127.037522"/><trkpt lat="37.326067" lon="127.037544"/><trkpt lat="37.326042" lon="127.037567"/><trkpt lat="37.326011" lon="127.037588"/><trkpt lat="37.325977" lon="127.037601"/><trkpt lat="37.32594" lon="127.037599"/><trkpt lat="37.325876" lon="127.037582"/><trkpt lat="37.325838" lon="127.037573"/><trkpt lat="37.3258" lon="127.037574"/><trkpt lat="37.325763" lon="127.037589"/><trkpt lat="37.325703" lon="127.037625"/><trkpt lat="37.3254" lon="127.037815"/></trkseg>
<trkseg><trkpt lat="37.3254" lon="127.037815"/><trkpt lat="37.325281" lon="127.037888"/><trkpt lat="37.325244" lon="127.037906"/><trkpt lat="37.325206" lon="127.037917"/><trkpt lat="37.325128" lon="127.037925"/><trkpt lat="37.32509" lon="127.037931"/><trkpt lat="37.325052" lon="127.037943"/><trkpt lat="37.324965" lon="127.037984"/><trkpt lat="37.324916" lon="127.038006"/><trkpt lat="37.324879" lon="127.038015"/><trkpt lat="37.324827" lon="127.038014"/><trkpt lat="37.324808" lon="127.038026"/><trkpt lat="37.324797" lon="127.038058"/><trkpt lat="37.324782" lon="127.038096"/><trkpt lat="37.324752" lon="127.038148"/><trkpt lat="37.324656" lon="127.038288"/><trkpt lat="37.324632" lon="127.038328"/><trkpt lat="37.324611" lon="127.03837"/><trkpt lat="37.324572" lon="127.038471"/><trkpt lat="37.324554" lon="127.038513"/><trkpt lat="37.324531" lon="127.03855"/><trkpt lat="37.324503" lon="127.038581"/><trkpt lat="37.324441" lon="127.038638"/><trkpt lat="37.324412" lon="127.038671"/><trkpt lat="37.324385" lon="127.038708"/><trkpt lat="37.32425" lon="127.03892"/><trkpt lat="37.324225" lon="127.038959"/></trkseg>
<trkseg><trkpt lat="37.324225" lon="127.038959"/><trkpt lat="37.324289" lon="127.039202"/><trkpt lat="37.324812" lon="127.03911"/><trkpt lat="37.325163" lon="127.038913"/><trkpt lat="37.32557" lon="127.038958"/><trkpt lat="37.326021" lon="127.03903"/><trkpt lat="37.326221" lon="127.039478"/></trkseg>
<trkseg><trkpt lat="37.319515" lon="127.041617"/><trkpt lat="37.319528" lon="127.041567"/><trkpt lat="37.319666" lon="127.041225"/><trkpt lat="37.319692" lon="127.041167"/><trkpt lat="37.319715" lon="127.041129"/><trkpt lat="37.319744" lon="127.041099"/><trkpt lat="37.319809" lon="127.041048"/><trkpt lat="37.31984" lon="127.041021"/><trkpt lat="37.319863" lon="127.040989"/><trkpt lat="37.319871" lon="127.040951"/><trkpt lat="37.319877" lon="127.040879"/><trkpt lat="37.319886" lon="127.040837"/><trkpt lat="37.319907" lon="127.040797"/><trkpt lat="37.31995" lon="127.040733"/><trkpt lat="37.320058" lon="127.040583"/><trkpt lat="37.320087" lon="127.04055"/><trkpt lat="37.320119" lon="127.040524"/><trkpt lat="37.320154" lon="127.040504"/><trkpt lat="37.320203" lon="127.040483"/><trkpt lat="37.32024" lon="127.040472"/><trkpt lat="37.320277" lon="127.040469"/><trkpt lat="37.320352" lon="127.040477"/><trkpt lat="37.320388" lon="127.040474"/><trkpt lat="37.320422" lon="127.040458"/><trkpt lat="37.320454" lon="127.040434"/><trkpt lat="37.320483" lon="127.040407"/><trkpt lat="37.320507" lon="127.040379"/><trkpt lat="37.320519" lon="127.040346"/><trkpt lat="37.320532" lon="127.040311"/><trkpt lat="37.320536" lon="127.040281"/><trkpt lat="37.320546" lon="127.04026"/><trkpt lat="37.320571" lon="127.040246"/><trkpt lat="37.320605" lon="127.040244"/><trkpt lat="37.320676" lon="127.040248"/><trkpt lat="37.320706" lon="127.040246"/><trkpt lat="37.320729" lon="127.04023"/><trkpt lat="37.320756" lon="127.040216"/><trkpt lat="37.320775" lon="127.040203"/><trkpt lat="37.320787" lon="127.040183"/><trkpt lat="37.320809" lon="127.040162"/><trkpt lat="37.320841" lon="127.040147"/><trkpt lat="37.320876" lon="127.040143"/><trkpt lat="37.320939" lon="127.040144"/><trkpt lat="37.320977" lon="127.040143"/><trkpt lat="37.321013" lon="127.040133"/><trkpt lat="37.321048" lon="127.040113"/><trkpt lat="37.321105" lon="127.040069"/><trkpt lat="37.321487" lon="127.039763"/></trkseg>
<trkseg><trkpt lat="37.319515" lon="127.041617"/><trkpt lat="37.319847" lon="127.041905"/><trkpt lat="37.320018" lon="127.042165"/></trkseg>
<trkseg><trkpt lat="37.328673" lon="127.037683"/><trkpt lat="37.328657" lon="127.037725"/><trkpt lat="37.328637" lon="127.037762"/><trkpt lat="37.328608" lon="127.037784"/><trkpt lat="37.328549" lon="127.037803"/><trkpt lat="37.328517" lon="127.037824"/><trkpt lat="37.328493" lon="127.037859"/><trkpt lat="37.328457" lon="127.037927"/><trkpt lat="37.328435" lon="127.037966"/><trkpt lat="37.32841" lon="127.037998"/><trkpt lat="37.328361" lon="127.038025"/><trkpt lat="37.328332" lon="127.038045"/><trkpt lat="37.328284" lon="127.038084"/><trkpt lat="37.328247" lon="127.038098"/><trkpt lat="37.328209" lon="127.038105"/><trkpt lat="37.32817" lon="127.038108"/><trkpt lat="37.328135" lon="127.038103"/><trkpt lat="37.328098" lon="127.038075"/><trkpt lat="37.328067" lon="127.038056"/><trkpt lat="37.32802" lon="127.038037"/><trkpt lat="37.327895" lon="127.037996"/><trkpt lat="37.327859" lon="127.03798"/><trkpt lat="37.327825" lon="127.037956"/><trkpt lat="37.327793" lon="127.037927"/><trkpt lat="37.327649" lon="127.037778"/><trkpt lat="37.327588" lon="127.037712"/><trkpt lat="37.327561" lon="127.037676"/><trkpt lat="37.327523" lon="127.03761"/><trkpt lat="37.327513" lon="127.037598"/></trkseg>
<trkseg><trkpt lat="37.33144" lon="127.036028"/><trkpt lat="37.331034" lon="127.036035"/><trkpt lat="37.330994" lon="127.036039"/><trkpt lat="37.330956" lon="127.036048"/><trkpt lat="37.330922" lon="127.036068"/><trkpt lat="37.330848" lon="127.036131"/><trkpt lat="37.330815" lon="127.036157"/><trkpt lat="37.330782" lon="127.036176"/><trkpt lat="37.330737" lon="127.036192"/><trkpt lat="37.330705" lon="127.03621"/><trkpt lat="37.330674" lon="127.03624"/><trkpt lat="37.330616" lon="127.036309"/><trkpt lat="37.330427" lon="127.036547"/><trkpt lat="37.330397" lon="127.03658"/><trkpt lat="37.330364" lon="127.036607"/><trkpt lat="37.330306" lon="127.036645"/><trkpt lat="37.330175" lon="127.036725"/><trkpt lat="37.330142" lon="127.036751"/><trkpt lat="37.330114" lon="127.036784"/><trkpt lat="37.330072" lon="127.036843"/><trkpt lat="37.330042" lon="127.036868"/><trkpt lat="37.330007" lon="127.036879"/><trkpt lat="37.329944" lon="127.036886"/><trkpt lat="37.329867" lon="127.036888"/><trkpt lat="37.329827" lon="127.036883"/><trkpt lat="37.329695" lon="127.03685"/><trkpt lat="37.329642" lon="127.036838"/><trkpt lat="37.329602" lon="127.036833"/><trkpt lat="37.329565" lon="127.036836"/><trkpt lat="37.329489" lon="127.036852"/><trkpt lat="37.329439" lon="127.036865"/><trkpt lat="37.329404" lon="127.036879"/><trkpt lat="37.32937" lon="127.036901"/><trkpt lat="37.329339" lon="127.036931"/><trkpt lat="37.32919" lon="127.037095"/><trkpt lat="37.32914" lon="127.037147"/><trkpt lat="37.329108" lon="127.037174"/><trkpt lat="37.329073" lon="127.037189"/><trkpt lat="37.329034" lon="127.037195"/><trkpt lat="37.328875" lon="127.037203"/><trkpt lat="37.328796" lon="127.037209"/><trkpt lat="37.328758" lon="127.037218"/><trkpt lat="37.328729" lon="127.037237"/><trkpt lat="37.328709" lon="127.037266"/><trkpt lat="37.328699" lon="127.037302"/><trkpt lat="37.328703" lon="127.037345"/><trkpt lat="37.328722" lon="127.037435"/><trkpt lat="37.328726" lon="127.037479"/><trkpt lat="37.32872" lon="127.037526"/><trkpt lat="37.328708" lon="127.037573"/><trkpt lat="37.328674" lon="127.037681"/><trkpt lat="37.328673" lon="127.037683"/></trkseg>
<trkseg><trkpt lat="37.325875" lon="127.059358"/><trkpt lat="37.325876" lon="127.059257"/><trkpt lat="37.325879" lon="127.059209"/><trkpt lat="37.325889" lon="127.059165"/><trkpt lat="37.325909" lon="127.059125"/><trkpt lat="37.32595" lon="127.059062"/><trkpt lat="37.326009" lon="127.05898"/><trkpt lat="37.326027" lon="127.058964"/><trkpt lat="37.326028" lon="127.058981"/><trkpt lat="37.326021" lon="127.059008"/></trkseg>
<trkseg><trkpt lat="37.341623" lon="127.049491"/><trkpt lat="37.34163" lon="127.049448"/><trkpt lat="37.341641" lon="127.049401"/><trkpt lat="37.341658" lon="127.049356"/><trkpt lat="37.341719" lon="127.049209"/><trkpt lat="37.341735" lon="127.049164"/><trkpt lat="37.341744" lon="127.049117"/><trkpt lat="37.341744" lon="127.049068"/><trkpt lat="37.341739" lon="127.049002"/><trkpt lat="37.341721" lon="127.048802"/><trkpt lat="37.341719" lon="127.048753"/><trkpt lat="37.341722" lon="127.048705"/><trkpt lat="37.341733" lon="127.04861"/><trkpt lat="37.341752" lon="127.048484"/><trkpt lat="37.341762" lon="127.048437"/><trkpt lat="37.341788" lon="127.048345"/><trkpt lat="37.341825" lon="127.048226"/><trkpt lat="37.341841" lon="127.048187"/><trkpt lat="37.341864" lon="127.048151"/><trkpt lat="37.341873" lon="127.048125"/><trkpt lat="37.341885" lon="127.048098"/><trkpt lat="37.341907" lon="127.048059"/><trkpt lat="37.341922" lon="127.048018"/><trkpt lat="37.341935" lon="127.047955"/><trkpt lat="37.341969" lon="127.047762"/><trkpt lat="37.341979" lon="127.047715"/><trkpt lat="37.341993" lon="127.047671"/><trkpt lat="37.342015" lon="127.047631"/><trkpt lat="37.342057" lon="127.047567"/><trkpt lat="37.342077" lon="127.047524"/><trkpt lat="37.342116" lon="127.047418"/><trkpt lat="37.342164" lon="127.047279"/><trkpt lat="37.342176" lon="127.047232"/><trkpt lat="37.342182" lon="127.047184"/><trkpt lat="37.342183" lon="127.04712"/><trkpt lat="37.342177" lon="127.04694"/><trkpt lat="37.342178" lon="127.046892"/><trkpt lat="37.342185" lon="127.046844"/><trkpt lat="37.342198" lon="127.046797"/><trkpt lat="37.342237" lon="127.046689"/><trkpt lat="37.342251" lon="127.046643"/><trkpt lat="37.342257" lon="127.046596"/><trkpt lat="37.342255" lon="127.046548"/><trkpt lat="37.342236" lon="127.04642"/><trkpt lat="37.342222" lon="127.046357"/><trkpt lat="37.342207" lon="127.046311"/><trkpt lat="37.342099" lon="127.046042"/><trkpt lat="37.342076" lon="127.045982"/><trkpt lat="37.342063" lon="127.045937"/><trkpt lat="37.342061" lon="127.04589"/><trkpt lat="37.342066" lon="127.045843"/><trkpt lat="37.342092" lon="127.0457"/><trkpt lat="37.342106" lon="127.045621"/><trkpt lat="37.342109" lon="127.045575"/><trkpt lat="37.342102" lon="127.045533"/><trkpt lat="37.342088" lon="127.045468"/><trkpt lat="37.34209" lon="127.045419"/><trkpt lat="37.342097" lon="127.045389"/><trkpt lat="37.342098" lon="127.045387"/></trkseg>
<trkseg><trkpt lat="37.341056" lon="127.055747"/><trkpt lat="37.341067" lon="127.055718"/><trkpt lat="37.341078" lon="127.055674"/><trkpt lat="37.341094" lon="127.055585"/><trkpt lat="37.34111" lon="127.055546"/><trkpt lat="37.341136" lon="127.055512"/><trkpt lat="37.341199" lon="127.055451"/><trkpt lat="37.341327" lon="127.055331"/><trkpt lat="37.341367" lon="127.055288"/><trkpt lat="37.341393" lon="127.055251"/><trkpt lat="37.341443" lon="127.055173"/><trkpt lat="37.341556" lon="127.054989"/><trkpt lat="37.341583" lon="127.054952"/><trkpt lat="37.341612" lon="127.05492"/><trkpt lat="37.341685" lon="127.054849"/><trkpt lat="37.341715" lon="127.054817"/><trkpt lat="37.341741" lon="127.054781"/><trkpt lat="37.34177" lon="127.054729"/><trkpt lat="37.341812" lon="127.054647"/><trkpt lat="37.34183" lon="127.054606"/><trkpt lat="37.341842" lon="127.054565"/><trkpt lat="37.341846" lon="127.054515"/><trkpt lat="37.341854" lon="127.054485"/><trkpt lat="37.34187" lon="127.054445"/><trkpt lat="37.341875" lon="127.054402"/><trkpt lat="37.341872" lon="127.054355"/><trkpt lat="37.34186" lon="127.054275"/><trkpt lat="37.341856" lon="127.054229"/><trkpt lat="37.34186" lon="127.054179"/><trkpt lat="37.34186" lon="127.054142"/><trkpt lat="37.341848" lon="127.054101"/><trkpt lat="37.341817" lon="127.054033"/><trkpt lat="37.341799" lon="127.053991"/><trkpt lat="37.341789" lon="127.053946"/><trkpt lat="37.341788" lon="127.053897"/><trkpt lat="37.341793" lon="127.053814"/><trkpt lat="37.341815" lon="127.053581"/><trkpt lat="37.341824" lon="127.053517"/><trkpt lat="37.341858" lon="127.053343"/><trkpt lat="37.341876" lon="127.053266"/><trkpt lat="37.341892" lon="127.053223"/><trkpt lat="37.341916" lon="127.053187"/><trkpt lat="37.341997" lon="127.0531"/><trkpt lat="37.342036" lon="127.053056"/><trkpt lat="37.342061" lon="127.053018"/><trkpt lat="37.342088" lon="127.05296"/><trkpt lat="37.342129" lon="127.052854"/><trkpt lat="37.342144" lon="127.052808"/><trkpt lat="37.342153" lon="127.052761"/><trkpt lat="37.342149" lon="127.052714"/><trkpt lat="37.342138" lon="127.052667"/><trkpt lat="37.342074" lon="127.052428"/><trkpt lat="37.342058" lon="127.052364"/><trkpt lat="37.34205" lon="127.052316"/><trkpt lat="37.342044" lon="127.052251"/><trkpt lat="37.342035" lon="127.052121"/><trkpt lat="37.342026" lon="127.052076"/><trkpt lat="37.342007" lon="127.052038"/><trkpt lat="37.341954" lon="127.051975"/><trkpt lat="37.341928" lon="127.05194"/><trkpt lat="37.341898" lon="127.051889"/><trkpt lat="37.341852" lon="127.051793"/><trkpt lat="37.341836" lon="127.05175"/><trkpt lat="37.341828" lon="127.051706"/><trkpt lat="37.34183" lon="127.051658"/><trkpt lat="37.341841" lon="127.051577"/><trkpt lat="37.34189" lon="127.051269"/><trkpt lat="37.341893" lon="127.051222"/><trkpt lat="37.341886" lon="127.051179"/><trkpt lat="37.341863" lon="127.051129"/><trkpt lat="37.341849" lon="127.05109"/><trkpt lat="37.341839" lon="127.051031"/><trkpt lat="37.341825" lon="127.050988"/><trkpt lat="37.341797" lon="127.050934"/><trkpt lat="37.341741" lon="127.050842"/><trkpt lat="37.34172" lon="127.0508"/><trkpt lat="37.341705" lon="127.050755"/><trkpt lat="37.341676" lon="127.050666"/><trkpt lat="37.341655" lon="127.050626"/><trkpt lat="37.341628" lon="127.050591"/><trkpt lat="37.341567" lon="127.050527"/><trkpt lat="37.341542" lon="127.050492"/><trkpt lat="37.341529" lon="127.050451"/><trkpt lat="37.341529" lon="127.050406"/><trkpt lat="37.341538" lon="127.05036"/><trkpt lat="37.341554" lon="127.050315"/><trkpt lat="37.341609" lon="127.050182"/><trkpt lat="37.341624" lon="127.050137"/><trkpt lat="37.341631" lon="127.050091"/><trkpt lat="37.341627" lon="127.050044"/><trkpt lat="37.341607" lon="127.049931"/><trkpt lat="37.341593" lon="127.049851"/><trkpt lat="37.34159" lon="127.049802"/><trkpt lat="37.341594" lon="127.049738"/><trkpt lat="37.341623" lon="127.049491"/></trkseg>
<trkseg><trkpt lat="37.340677" lon="127.059259"/><trkpt lat="37.340677" lon="127.059218"/><trkpt lat="37.340668" lon="127.059182"/><trkpt lat="37.340675" lon="127.059158"/><trkpt lat="37.340701" lon="127.059133"/><trkpt lat="37.340745" lon="127.059101"/><trkpt lat="37.340907" lon="127.058985"/><trkpt lat="37.34094" lon="127.058959"/><trkpt lat="37.340966" lon="127.05893"/><trkpt lat="37.34099" lon="127.058893"/><trkpt lat="37.341017" lon="127.058874"/><trkpt lat="37.34105" lon="127.058856"/><trkpt lat="37.341058" lon="127.05884"/><trkpt lat="37.341069" lon="127.058799"/><trkpt lat="37.341072" lon="127.058769"/><trkpt lat="37.341066" lon="127.058738"/><trkpt lat="37.341072" lon="127.058725"/><trkpt lat="37.341086" lon="127.058713"/><trkpt lat="37.341077" lon="127.058687"/><trkpt lat="37.341073" lon="127.058658"/><trkpt lat="37.34108" lon="127.058623"/><trkpt lat="37.341094" lon="127.058574"/><trkpt lat="37.341093" lon="127.05852"/><trkpt lat="37.341097" lon="127.05849"/><trkpt lat="37.341099" lon="127.058455"/><trkpt lat="37.341105" lon="127.058415"/><trkpt lat="37.341133" lon="127.058307"/><trkpt lat="37.341226" lon="127.057975"/><trkpt lat="37.341247" lon="127.057914"/><trkpt lat="37.341266" lon="127.057872"/><trkpt lat="37.341297" lon="127.057807"/><trkpt lat="37.341307" lon="127.057768"/><trkpt lat="37.341301" lon="127.057727"/><trkpt lat="37.341275" lon="127.057657"/><trkpt lat="37.341263" lon="127.057616"/><trkpt lat="37.341258" lon="127.05757"/><trkpt lat="37.341249" lon="127.057533"/><trkpt lat="37.341231" lon="127.057493"/><trkpt lat="37.341192" lon="127.057426"/><trkpt lat="37.341089" lon="127.057253"/><trkpt lat="37.341069" lon="127.057213"/><trkpt lat="37.341057" lon="127.057174"/><trkpt lat="37.341054" lon="127.057135"/><trkpt lat="37.341043" lon="127.057093"/><trkpt lat="37.341015" lon="127.057021"/><trkpt lat="37.341003" lon="127.056975"/><trkpt lat="37.340996" lon="127.056928"/><trkpt lat="37.340989" lon="127.056849"/><trkpt lat="37.340988" lon="127.056803"/><trkpt lat="37.340996" lon="127.056763"/><trkpt lat="37.341011" lon="127.056714"/><trkpt lat="37.341012" lon="127.056667"/><trkpt lat="37.341006" lon="127.056585"/><trkpt lat="37.340951" lon="127.056048"/><trkpt lat="37.340944" lon="127.055966"/><trkpt lat="37.340945" lon="127.055922"/><trkpt lat="37.340957" lon="127.055888"/><trkpt lat="37.34099" lon="127.055854"/><trkpt lat="37.341014" lon="127.055822"/><trkpt lat="37.341037" lon="127.055785"/><trkpt lat="37.341056" lon="127.055747"/></trkseg>
<trkseg><trkpt lat="37.340677" lon="127.059259"/><trkpt lat="37.340359" lon="127.059427"/><trkpt lat="37.339994" lon="127.059875"/><trkpt lat="37.339551" lon="127.059785"/><trkpt lat="37.339447" lon="127.059725"/></trkseg>
<trkseg><trkpt lat="37.339893" lon="127.061522"/><trkpt lat="37.339898" lon="127.061489"/><trkpt lat="37.339908" lon="127.061443"/><trkpt lat="37.339923" lon="127.061399"/><trkpt lat="37.339946" lon="127.061359"/><trkpt lat="37.340066" lon="127.061178"/><trkpt lat="37.340186" lon="127.060998"/><trkpt lat="37.340213" lon="127.060962"/><trkpt lat="37.340244" lon="127.060934"/><trkpt lat="37.340277" lon="127.060913"/><trkpt lat="37.340334" lon="127.060881"/><trkpt lat="37.340365" lon="127.060856"/><trkpt lat="37.34039" lon="127.060821"/><trkpt lat="37.340421" lon="127.06077"/><trkpt lat="37.340443" lon="127.06073"/><trkpt lat="37.340461" lon="127.060687"/><trkpt lat="37.340475" lon="127.06064"/><trkpt lat="37.340525" lon="127.060448"/><trkpt lat="37.340534" lon="127.060399"/><trkpt lat="37.340537" lon="127.060351"/><trkpt lat="37.340533" lon="127.060303"/><trkpt lat="37.340519" lon="127.060223"/><trkpt lat="37.340484" lon="127.06003"/><trkpt lat="37.340479" lon="127.059983"/><trkpt lat="37.340483" lon="127.059941"/><trkpt lat="37.340501" lon="127.059909"/><trkpt lat="37.340532" lon="127.059868"/><trkpt lat="37.34055" lon="127.059832"/><trkpt lat="37.340559" lon="127.059787"/><trkpt lat="37.340563" lon="127.059739"/><trkpt lat="37.340571" lon="127.059559"/><trkpt lat="37.340576" lon="127.059511"/><trkpt lat="37.340586" lon="127.059464"/><trkpt lat="37.340602" lon="127.059421"/><trkpt lat="37.340652" lon="127.059308"/><trkpt lat="37.340677" lon="127.059259"/></trkseg>
<trkseg><trkpt lat="37.336824" lon="127.067418"/><trkpt lat="37.336913" lon="127.067276"/><trkpt lat="37.336941" lon="127.067241"/><trkpt lat="37.336973" lon="127.067213"/><trkpt lat="37.337043" lon="127.067166"/><trkpt lat="37.337431" lon="127.066914"/><trkpt lat="37.337477" lon="127.066881"/><trkpt lat="37.337509" lon="127.066852"/><trkpt lat="37.33755" lon="127.066809"/><trkpt lat="37.337608" lon="127.06674"/><trkpt lat="37.337634" lon="127.066704"/><trkpt lat="37.337652" lon="127.066662"/><trkpt lat="37.337659" lon="127.066615"/><trkpt lat="37.337663" lon="127.066548"/><trkpt lat="37.337671" lon="127.066311"/><trkpt lat="37.337677" lon="127.066262"/><trkpt lat="37.337691" lon="127.066219"/><trkpt lat="37.337715" lon="127.066184"/><trkpt lat="37.337801" lon="127.066087"/><trkpt lat="37.337839" lon="127.066043"/><trkpt lat="37.337865" lon="127.066007"/><trkpt lat="37.337894" lon="127.065952"/><trkpt lat="37.337961" lon="127.065809"/><trkpt lat="37.337977" lon="127.065765"/><trkpt lat="37.337986" lon="127.065719"/><trkpt lat="37.337984" lon="127.06567"/><trkpt lat="37.337974" lon="127.065587"/><trkpt lat="37.337952" lon="127.065437"/><trkpt lat="37.337948" lon="127.065388"/><trkpt lat="37.337951" lon="127.065339"/><trkpt lat="37.337963" lon="127.065292"/><trkpt lat="37.337988" lon="127.065214"/><trkpt lat="37.338017" lon="127.065139"/><trkpt lat="37.338038" lon="127.065097"/><trkpt lat="37.338065" lon="127.065066"/><trkpt lat="37.338119" lon="127.065026"/><trkpt lat="37.338148" lon="127.065003"/><trkpt lat="37.338172" lon="127.064974"/><trkpt lat="37.338196" lon="127.064952"/><trkpt lat="37.338219" lon="127.064922"/><trkpt lat="37.338264" lon="127.064845"/><trkpt lat="37.338288" lon="127.064807"/><trkpt lat="37.338335" lon="127.064757"/><trkpt lat="37.338359" lon="127.064726"/><trkpt lat="37.338375" lon="127.064685"/><trkpt lat="37.338384" lon="127.064639"/><trkpt lat="37.338401" lon="127.064543"/><trkpt lat="37.338415" lon="127.064498"/><trkpt lat="37.338436" lon="127.064456"/><trkpt lat="37.338547" lon="127.064269"/><trkpt lat="37.338577" lon="127.064215"/><trkpt lat="37.338597" lon="127.064173"/><trkpt lat="37.33861" lon="127.064127"/><trkpt lat="37.33863" lon="127.064032"/><trkpt lat="37.338663" lon="127.063855"/><trkpt lat="37.338675" lon="127.063809"/><trkpt lat="37.338692" lon="127.063767"/><trkpt lat="37.338716" lon="127.063731"/><trkpt lat="37.338778" lon="127.063653"/><trkpt lat="37.338802" lon="127.063617"/><trkpt lat="37.33882" lon="127.063578"/><trkpt lat="37.33883" lon="127.063531"/><trkpt lat="37.33884" lon="127.06345"/><trkpt lat="37.338856" lon="127.063285"/><trkpt lat="37.338864" lon="127.063237"/><trkpt lat="37.338877" lon="127.063191"/><trkpt lat="37.338896" lon="127.063148"/><trkpt lat="37.33895" lon="127.063052"/><trkpt lat="37.339013" lon="127.062944"/><trkpt lat="37.339039" lon="127.062906"/><trkpt lat="37.339068" lon="127.062873"/><trkpt lat="37.339249" lon="127.0627"/><trkpt lat="37.33943" lon="127.062528"/><trkpt lat="37.339463" lon="127.062501"/><trkpt lat="37.339499" lon="127.062481"/><trkpt lat="37.339551" lon="127.062463"/><trkpt lat="37.339681" lon="127.062422"/><trkpt lat="37.339717" lon="127.062403"/><trkpt lat="37.339747" lon="127.062375"/><trkpt lat="37.339793" lon="127.062318"/><trkpt lat="37.339917" lon="127.062151"/><trkpt lat="37.339941" lon="127.062113"/><trkpt lat="37.339957" lon="127.062072"/><trkpt lat="37.339964" lon="127.062027"/><trkpt lat="37.339966" lon="127.061981"/><trkpt lat="37.339964" lon="127.061934"/><trkpt lat="37.339956" lon="127.061885"/><trkpt lat="37.339914" lon="127.061726"/><trkpt lat="37.339895" lon="127.061646"/><trkpt lat="37.339888" lon="127.061598"/><trkpt lat="37.339889" lon="127.061551"/><trkpt lat="37.339893" lon="127.061522"/></trkseg>
<trkseg><trkpt lat="37.333952" lon="127.073178"/><trkpt lat="37.333977" lon="127.07316"/><trkpt lat="37.334012" lon="127.073141"/><trkpt lat="37.334085" lon="127.07312"/><trkpt lat="37.33411" lon="127.07311"/><trkpt lat="37.334129" lon="127.073102"/><trkpt lat="37.33419" lon="127.07311"/><trkpt lat="37.334226" lon="127.073113"/><trkpt lat="37.334263" lon="127.073107"/><trkpt lat="37.334299" lon="127.073093"/><trkpt lat="37.334383" lon="127.073052"/><trkpt lat="37.334418" lon="127.073031"/><trkpt lat="37.33445" lon="127.073004"/><trkpt lat="37.33448" lon="127.072972"/><trkpt lat="37.334507" lon="127.072938"/><trkpt lat="37.33453" lon="127.072899"/><trkpt lat="37.334545" lon="127.072856"/><trkpt lat="37.334564" lon="127.072781"/><trkpt lat="37.334577" lon="127.072741"/><trkpt lat="37.334597" lon="127.072715"/><trkpt lat="37.334625" lon="127.072699"/><trkpt lat="37.334651" lon="127.072672"/><trkpt lat="37.334683" lon="127.072623"/><trkpt lat="37.334798" lon="127.072423"/><trkpt lat="37.334825" lon="127.072368"/><trkpt lat="37.334838" lon="127.072324"/><trkpt lat="37.334843" lon="127.072277"/><trkpt lat="37.334844" lon="127.072195"/><trkpt lat="37.334843" lon="127.072016"/><trkpt lat="37.334848" lon="127.071968"/><trkpt lat="37.33486" lon="127.071923"/><trkpt lat="37.334887" lon="127.071866"/><trkpt lat="37.335009" lon="127.071642"/><trkpt lat="37.335053" lon="127.071557"/><trkpt lat="37.33507" lon="127.071512"/><trkpt lat="37.33509" lon="127.071444"/><trkpt lat="37.335108" lon="127.071403"/><trkpt lat="37.335132" lon="127.071363"/><trkpt lat="37.335275" lon="127.071162"/><trkpt lat="37.335598" lon="127.070709"/><trkpt lat="37.335631" lon="127.070657"/><trkpt lat="37.33565" lon="127.070614"/><trkpt lat="37.335679" lon="127.070524"/><trkpt lat="37.335699" lon="127.070465"/><trkpt lat="37.33572" lon="127.070425"/><trkpt lat="37.335747" lon="127.07039"/><trkpt lat="37.33592" lon="127.070207"/><trkpt lat="37.336124" lon="127.069992"/><trkpt lat="37.336157" lon="127.069964"/><trkpt lat="37.336203" lon="127.069933"/><trkpt lat="37.336286" lon="127.069881"/><trkpt lat="37.33632" lon="127.069855"/><trkpt lat="37.336351" lon="127.069824"/><trkpt lat="37.336518" lon="127.069629"/><trkpt lat="37.336565" lon="127.069569"/><trkpt lat="37.336589" lon="127.069531"/><trkpt lat="37.336614" lon="127.069476"/><trkpt lat="37.336641" lon="127.069405"/><trkpt lat="37.336653" lon="127.069361"/><trkpt lat="37.336659" lon="127.069313"/><trkpt lat="37.336658" lon="127.069247"/><trkpt lat="37.336654" lon="127.069112"/><trkpt lat="37.336656" lon="127.069062"/><trkpt lat="37.336669" lon="127.068963"/><trkpt lat="37.336691" lon="127.068815"/><trkpt lat="37.336693" lon="127.068766"/><trkpt lat="37.336686" lon="127.06872"/><trkpt lat="37.336672" lon="127.068675"/><trkpt lat="37.336531" lon="127.06832"/><trkpt lat="37.336492" lon="127.068216"/><trkpt lat="37.336479" lon="127.068169"/><trkpt lat="37.33647" lon="127.068122"/><trkpt lat="37.336464" lon="127.068073"/><trkpt lat="37.336462" lon="127.068025"/><trkpt lat="37.336466" lon="127.067977"/><trkpt lat="37.336475" lon="127.06793"/><trkpt lat="37.336487" lon="127.067885"/><trkpt lat="37.336505" lon="127.067845"/><trkpt lat="37.336531" lon="127.067809"/><trkpt lat="37.336622" lon="127.06771"/><trkpt lat="37.336681" lon="127.067643"/><trkpt lat="37.336716" lon="127.067593"/><trkpt lat="37.336824" lon="127.067418"/></trkseg>
<trkseg><trkpt lat="37.333267" lon="127.074164"/><trkpt lat="37.333495" lon="127.074408"/><trkpt lat="37.333633" lon="127.074527"/></trkseg>
<trkseg><trkpt lat="37.333633" lon="127.074527"/><trkpt lat="37.333649" lon="127.074483"/><trkpt lat="37.333656" lon="127.074437"/><trkpt lat="37.333655" lon="127.074388"/><trkpt lat="37.333648" lon="127.074322"/><trkpt lat="37.333626" lon="127.074139"/><trkpt lat="37.333624" lon="127.074089"/><trkpt lat="37.333629" lon="127.074042"/><trkpt lat="37.333641" lon="127.073996"/><trkpt lat="37.333692" lon="127.073827"/><trkpt lat="37.333722" lon="127.073736"/><trkpt lat="37.333741" lon="127.073693"/><trkpt lat="37.333771" lon="127.073639"/><trkpt lat="37.333818" lon="127.07356"/><trkpt lat="37.333837" lon="127.073518"/><trkpt lat="37.33385" lon="127.073472"/><trkpt lat="37.333869" lon="127.073359"/><trkpt lat="37.33388" lon="127.073295"/><trkpt lat="37.333893" lon="127.073251"/><trkpt lat="37.333914" lon="127.073214"/><trkpt lat="37.333952" lon="127.073178"/></trkseg>
<trkseg><trkpt lat="37.331832" lon="127.080062"/><trkpt lat="37.331991" lon="127.079533"/><trkpt lat="37.332007" lon="127.07947"/><trkpt lat="37.332016" lon="127.079421"/><trkpt lat="37.332027" lon="127.079321"/><trkpt lat="37.332036" lon="127.079256"/><trkpt lat="37.332043" lon="127.079224"/></trkseg>
<trkseg><trkpt lat="37.331634" lon="127.080201"/><trkpt lat="37.33166" lon="127.080191"/><trkpt lat="37.331696" lon="127.08017"/><trkpt lat="37.331746" lon="127.080132"/><trkpt lat="37.331832" lon="127.080062"/></trkseg>
<trkseg><trkpt lat="37.330804" lon="127.080221"/><trkpt lat="37.331182" lon="127.080279"/><trkpt lat="37.331222" lon="127.080283"/></trkseg>
<trkseg><trkpt lat="37.331222" lon="127.080283"/><trkpt lat="37.331261" lon="127.080283"/><trkpt lat="37.331313" lon="127.080275"/><trkpt lat="37.33161" lon="127.080208"/><trkpt lat="37.331634" lon="127.080201"/></trkseg>
<trkseg><trkpt lat="37.330284" lon="127.080251"/><trkpt lat="37.33036" lon="127.080209"/><trkpt lat="37.330482" lon="127.080139"/><trkpt lat="37.330518" lon="127.080122"/><trkpt lat="37.330554" lon="127.080116"/><trkpt lat="37.330587" lon="127.080126"/><trkpt lat="37.33062" lon="127.080147"/><trkpt lat="37.330675" lon="127.080184"/><trkpt lat="37.33071" lon="127.0802"/><trkpt lat="37.330749" lon="127.080211"/><trkpt lat="37.330804" lon="127.080221"/></trkseg>
<trkseg><trkpt lat="37.327452" lon="127.08068"/><trkpt lat="37.327458" lon="127.080581"/><trkpt lat="37.327464" lon="127.080505"/><trkpt lat="37.327473" lon="127.08046"/><trkpt lat="37.327489" lon="127.080416"/><trkpt lat="37.327516" lon="127.080358"/><trkpt lat="37.327579" lon="127.08023"/><trkpt lat="37.327597" lon="127.080185"/><trkpt lat="37.32761" lon="127.080138"/><trkpt lat="37.327626" lon="127.080057"/><trkpt lat="37.327633" lon="127.080008"/><trkpt lat="37.327635" lon="127.079963"/><trkpt lat="37.327634" lon="127.07996"/></trkseg>
<trkseg><trkpt lat="37.327452" lon="127.08068"/><trkpt lat="37.326971" lon="127.080705"/><trkpt lat="37.326919" lon="127.08071"/><trkpt lat="37.326884" lon="127.080718"/><trkpt lat="37.32686" lon="127.08074"/><trkpt lat="37.326845" lon="127.080792"/><trkpt lat="37.32683" lon="127.080835"/><trkpt lat="37.326791" lon="127.080918"/><trkpt lat="37.326773" lon="127.08096"/><trkpt lat="37.326762" lon="127.081004"/><trkpt lat="37.32676" lon="127.08105"/><trkpt lat="37.326759" lon="127.081127"/><trkpt lat="37.326749" lon="127.081169"/><trkpt lat="37.326721" lon="127.081218"/><trkpt lat="37.326705" lon="127.081253"/><trkpt lat="37.326696" lon="127.081292"/><trkpt lat="37.326681" lon="127.081332"/><trkpt lat="37.326635" lon="127.08143"/><trkpt lat="37.326581" lon="127.08154"/></trkseg>
<trkseg><trkpt lat="37.32773" lon="127.081362"/><trkpt lat="37.327717" lon="127.081299"/><trkpt lat="37.327701" lon="127.08124"/><trkpt lat="37.327683" lon="127.081202"/><trkpt lat="37.327652" lon="127.081166"/><trkpt lat="37.32763" lon="127.081138"/><trkpt lat="37.327617" lon="127.081099"/><trkpt lat="37.327608" lon="127.081038"/><trkpt lat="37.327598" lon="127.080945"/><trkpt lat="37.327588" lon="127.0809"/><trkpt lat="37.32757" lon="127.080858"/><trkpt lat="37.327546" lon="127.080819"/><trkpt lat="37.327458" lon="127.080689"/><trkpt lat="37.327452" lon="127.08068"/></trkseg>
<trkseg><trkpt lat="37.32787" lon="127.082395"/><trkpt lat="37.327845" lon="127.082312"/><trkpt lat="37.327834" lon="127.082265"/><trkpt lat="37.327828" lon="127.082218"/><trkpt lat="37.327824" lon="127.082108"/><trkpt lat="37.32782" lon="127.082045"/><trkpt lat="37.327811" lon="127.081999"/><trkpt lat="37.327788" lon="127.081925"/><trkpt lat="37.327753" lon="127.081822"/><trkpt lat="37.327743" lon="127.081776"/><trkpt lat="37.327738" lon="127.081727"/><trkpt lat="37.327738" lon="127.08166"/><trkpt lat="37.327742" lon="127.081474"/><trkpt lat="37.32774" lon="127.081424"/><trkpt lat="37.327733" lon="127.081377"/><trkpt lat="37.32773" lon="127.081362"/></trkseg>
<trkseg><trkpt lat="37.327436" lon="127.084619"/><trkpt lat="37.327504" lon="127.084523"/><trkpt lat="37.327531" lon="127.084486"/><trkpt lat="37.327551" lon="127.084445"/><trkpt lat="37.327569" lon="127.084383"/><trkpt lat="37.327575" lon="127.084291"/></trkseg>
<trkseg><trkpt lat="37.325436" lon="127.084764"/><trkpt lat="37.325423" lon="127.084718"/><trkpt lat="37.325372" lon="127.084566"/><trkpt lat="37.32536" lon="127.084519"/><trkpt lat="37.325355" lon="127.084471"/><trkpt lat="37.325355" lon="127.084421"/><trkpt lat="37.325376" lon="127.084104"/><trkpt lat="37.325382" lon="127.084038"/><trkpt lat="37.325395" lon="127.083985"/><trkpt lat="37.325413" lon="127.083927"/><trkpt lat="37.325433" lon="127.083874"/></trkseg>
<trkseg><trkpt lat="37.325433" lon="127.083874"/><trkpt lat="37.325271" lon="127.08386"/><trkpt lat="37.325219" lon="127.08385"/><trkpt lat="37.325183" lon="127.083835"/><trkpt lat="37.325156" lon="127.083808"/><trkpt lat="37.325152" lon="127.083802"/></trkseg>
<trkseg><trkpt lat="37.323976" lon="127.083997"/><trkpt lat="37.32385" lon="127.084012"/><trkpt lat="37.323771" lon="127.084024"/><trkpt lat="37.323732" lon="127.084035"/><trkpt lat="37.323657" lon="127.08407"/><trkpt lat="37.323609" lon="127.08409"/><trkpt lat="37.323576" lon="127.084092"/><trkpt lat="37.323551" lon="127.084068"/><trkpt lat="37.32352" lon="127.084017"/><trkpt lat="37.323485" lon="127.083976"/><trkpt lat="37.323447" lon="127.083948"/><trkpt lat="37.323422" lon="127.083935"/><trkpt lat="37.32342" lon="127.083934"/></trkseg>
<trkseg><trkpt lat="37.32342" lon="127.083934"/><trkpt lat="37.323304" lon="127.083859"/><trkpt lat="37.323268" lon="127.08384"/><trkpt lat="37.323232" lon="127.083829"/><trkpt lat="37.323212" lon="127.083827"/></trkseg>
<trkseg><trkpt lat="37.323212" lon="127.083827"/><trkpt lat="37.323142" lon="127.083825"/><trkpt lat="37.323106" lon="127.083819"/><trkpt lat="37.323073" lon="127.083799"/><trkpt lat="37.323044" lon="127.083766"/><trkpt lat="37.323007" lon="127.083717"/><trkpt lat="37.322908" lon="127.083578"/><trkpt lat="37.322879" lon="127.083545"/><trkpt lat="37.322848" lon="127.08352"/><trkpt lat="37.322816" lon="127.083512"/><trkpt lat="37.322769" lon="127.083504"/><trkpt lat="37.322733" lon="127.083489"/><trkpt lat="37.322618" lon="127.083416"/><trkpt lat="37.322603" lon="127.083395"/></trkseg>
<trkseg><trkpt lat="37.321744" lon="127.084914"/><trkpt lat="37.321717" lon="127.08495"/><trkpt lat="37.321685" lon="127.084971"/><trkpt lat="37.321646" lon="127.084977"/><trkpt lat="37.321577" lon="127.084974"/><trkpt lat="37.321435" lon="127.084962"/></trkseg>
<trkseg><trkpt lat="37.324587" lon="127.088592"/><trkpt lat="37.324601" lon="127.088518"/><trkpt lat="37.324618" lon="127.088462"/><trkpt lat="37.32464" lon="127.088426"/><trkpt lat="37.324679" lon="127.088394"/><trkpt lat="37.324697" lon="127.088368"/><trkpt lat="37.324689" lon="127.088317"/><trkpt lat="37.324689" lon="127.088284"/><trkpt lat="37.324705" lon="127.08825"/><trkpt lat="37.324732" lon="127.088203"/><trkpt lat="37.324746" lon="127.088162"/><trkpt lat="37.324759" lon="127.088087"/><trkpt lat="37.324769" lon="127.088043"/><trkpt lat="37.324784" lon="127.088002"/><trkpt lat="37.324818" lon="127.087923"/><trkpt lat="37.32483" lon="127.087878"/><trkpt lat="37.32484" lon="127.087813"/><trkpt lat="37.324867" lon="127.087542"/></trkseg>
<trkseg><trkpt lat="37.332676" lon="127.081319"/><trkpt lat="37.332623" lon="127.081267"/><trkpt lat="37.332599" lon="127.081235"/><trkpt lat="37.332585" lon="127.081196"/><trkpt lat="37.332574" lon="127.081142"/><trkpt lat="37.332555" lon="127.08111"/><trkpt lat="37.332523" lon="127.081069"/><trkpt lat="37.332503" lon="127.081028"/><trkpt lat="37.332469" lon="127.080938"/><trkpt lat="37.332445" lon="127.08088"/><trkpt lat="37.33242" lon="127.080844"/><trkpt lat="37.332389" lon="127.080814"/><trkpt lat="37.332333" lon="127.080768"/><trkpt lat="37.332304" lon="127.080736"/><trkpt lat="37.332279" lon="127.080698"/><trkpt lat="37.332161" lon="127.080501"/><trkpt lat="37.332112" lon="127.080424"/><trkpt lat="37.332085" lon="127.08039"/><trkpt lat="37.332043" lon="127.080352"/><trkpt lat="37.331902" lon="127.080236"/><trkpt lat="37.331861" lon="127.080198"/><trkpt lat="37.331837" lon="127.080153"/><trkpt lat="37.331832" lon="127.080102"/><trkpt lat="37.331832" lon="127.080062"/></trkseg>
<trkseg><trkpt lat="37.332676" lon="127.081319"/><trkpt lat="37.332525" lon="127.081644"/><trkpt lat="37.332489" lon="127.082154"/></trkseg>
<trkseg><trkpt lat="37.3333" lon="127.082335"/><trkpt lat="37.333284" lon="127.082282"/><trkpt lat="37.333269" lon="127.082237"/><trkpt lat="37.333247" lon="127.082196"/><trkpt lat="37.333205" lon="127.082131"/><trkpt lat="37.332916" lon="127.081708"/><trkpt lat="37.332874" lon="127.081643"/><trkpt lat="37.332853" lon="127.081602"/><trkpt lat="37.332804" lon="127.081488"/><trkpt lat="37.332778" lon="127.081433"/><trkpt lat="37.332754" lon="127.081396"/><trkpt lat="37.332725" lon="127.081365"/><trkpt lat="37.332676" lon="127.081319"/></trkseg>
<trkseg><trkpt lat="37.333121" lon="127.083299"/><trkpt lat="37.33313" lon="127.083138"/><trkpt lat="37.333129" lon="127.08309"/><trkpt lat="37.333119" lon="127.083024"/><trkpt lat="37.333127" lon="127.082989"/><trkpt lat="37.333149" lon="127.082956"/><trkpt lat="37.333216" lon="127.082881"/><trkpt lat="37.333254" lon="127.082836"/><trkpt lat="37.333278" lon="127.082799"/><trkpt lat="37.333296" lon="127.082757"/><trkpt lat="37.333308" lon="127.082716"/><trkpt lat="37.333313" lon="127.08268"/><trkpt lat="37.33332" lon="127.082655"/><trkpt lat="37.333338" lon="127.08261"/><trkpt lat="37.333342" lon="127.082569"/><trkpt lat="37.333337" lon="127.082523"/><trkpt lat="37.333321" lon="127.082442"/><trkpt lat="37.3333" lon="127.082335"/></trkseg>
<trkseg><trkpt lat="37.333152" lon="127.083872"/><trkpt lat="37.333169" lon="127.08379"/><trkpt lat="37.333174" lon="127.083743"/><trkpt lat="37.333171" lon="127.083694"/><trkpt lat="37.333159" lon="127.083629"/><trkpt lat="37.333128" lon="127.083484"/><trkpt lat="37.33312" lon="127.083435"/><trkpt lat="37.333117" lon="127.083386"/><trkpt lat="37.33312" lon="127.08332"/><trkpt lat="37.333121" lon="127.083299"/></trkseg>
<trkseg><trkpt lat="37.333567" lon="127.085277"/><trkpt lat="37.333588" lon="127.085235"/><trkpt lat="37.333597" lon="127.085207"/><trkpt lat="37.333592" lon="127.085166"/><trkpt lat="37.33358" lon="127.085121"/><trkpt lat="37.333536" lon="127.084981"/><trkpt lat="37.333525" lon="127.084934"/><trkpt lat="37.333522" lon="127.084887"/><trkpt lat="37.333528" lon="127.084809"/><trkpt lat="37.33353" lon="127.084763"/><trkpt lat="37.333525" lon="127.084721"/><trkpt lat="37.333511" lon="127.084673"/><trkpt lat="37.333502" lon="127.084627"/><trkpt lat="37.333495" lon="127.084563"/><trkpt lat="37.333484" lon="127.084399"/><trkpt lat="37.333476" lon="127.084335"/><trkpt lat="37.333466" lon="127.084288"/><trkpt lat="37.333449" lon="127.084245"/><trkpt lat="37.333429" lon="127.084203"/><trkpt lat="37.333407" lon="127.084164"/><trkpt lat="37.333379" lon="127.08413"/><trkpt lat="37.333346" lon="127.084102"/><trkpt lat="37.333237" lon="127.084031"/><trkpt lat="37.33319" lon="127.083999"/><trkpt lat="37.333161" lon="127.083973"/><trkpt lat="37.333145" lon="127.083939"/><trkpt lat="37.333147" lon="127.083897"/><trkpt lat="37.333152" lon="127.083872"/></trkseg>
<trkseg><trkpt lat="37.332737" lon="127.089775"/><trkpt lat="37.332712" lon="127.089756"/><trkpt lat="37.332686" lon="127.089722"/><trkpt lat="37.332662" lon="127.089684"/><trkpt lat="37.33261" lon="127.08959"/><trkpt lat="37.332591" lon="127.089547"/><trkpt lat="37.332569" lon="127.089488"/><trkpt lat="37.332526" lon="127.089351"/><trkpt lat="37.332504" lon="127.089274"/><trkpt lat="37.332497" lon="127.08923"/><trkpt lat="37.332488" lon="127.089163"/><trkpt lat="37.332475" lon="127.089118"/><trkpt lat="37.332453" lon="127.089059"/><trkpt lat="37.332445" lon="127.089013"/><trkpt lat="37.332443" lon="127.088949"/><trkpt lat="37.332447" lon="127.088755"/><trkpt lat="37.332446" lon="127.088707"/><trkpt lat="37.332439" lon="127.088659"/><trkpt lat="37.332427" lon="127.088613"/><trkpt lat="37.332367" lon="127.088445"/><trkpt lat="37.332347" lon="127.088383"/><trkpt lat="37.332336" lon="127.088336"/><trkpt lat="37.332333" lon="127.088288"/><trkpt lat="37.332335" lon="127.088223"/><trkpt lat="37.332342" lon="127.088094"/><trkpt lat="37.332348" lon="127.088047"/><trkpt lat="37.332361" lon="127.088003"/><trkpt lat="37.332383" lon="127.087965"/><trkpt lat="37.332417" lon="127.087917"/><trkpt lat="37.332487" lon="127.087821"/><trkpt lat="37.33251" lon="127.087783"/><trkpt lat="37.332527" lon="127.08774"/><trkpt lat="37.332542" lon="127.087676"/><trkpt lat="37.332587" lon="127.087432"/><trkpt lat="37.332604" lon="127.087352"/><trkpt lat="37.332618" lon="127.087307"/><trkpt lat="37.33264" lon="127.087266"/><trkpt lat="37.332674" lon="127.087217"/><trkpt lat="37.332981" lon="127.086803"/><trkpt lat="37.333024" lon="127.08674"/><trkpt lat="37.333046" lon="127.086699"/><trkpt lat="37.333063" lon="127.086655"/><trkpt lat="37.333076" lon="127.086574"/></trkseg>
<trkseg><trkpt lat="37.333076" lon="127.086574"/><trkpt lat="37.333283" lon="127.085957"/><trkpt lat="37.333301" lon="127.085895"/><trkpt lat="37.333311" lon="127.08585"/><trkpt lat="37.333317" lon="127.085796"/><trkpt lat="37.333333" lon="127.085758"/><trkpt lat="37.333356" lon="127.085721"/><trkpt lat="37.333463" lon="127.085577"/><trkpt lat="37.333488" lon="127.085539"/><trkpt lat="37.333508" lon="127.085497"/><trkpt lat="37.333523" lon="127.085451"/><trkpt lat="37.333558" lon="127.085307"/><trkpt lat="37.333567" lon="127.085277"/></trkseg>
<trkseg><trkpt lat="37.344217" lon="127.076641"/><trkpt lat="37.34422" lon="127.076594"/><trkpt lat="37.34423" lon="127.076549"/><trkpt lat="37.344246" lon="127.076505"/><trkpt lat="37.344275" lon="127.076449"/><trkpt lat="37.344414" lon="127.076221"/><trkpt lat="37.344453" lon="127.076153"/><trkpt lat="37.344472" lon="127.07611"/><trkpt lat="37.344487" lon="127.076064"/><trkpt lat="37.344515" lon="127.075973"/><trkpt lat="37.344533" lon="127.07593"/><trkpt lat="37.344557" lon="127.075893"/><trkpt lat="37.344594" lon="127.075848"/><trkpt lat="37.34472" lon="127.075705"/><trkpt lat="37.344746" lon="127.075669"/><trkpt lat="37.344768" lon="127.075629"/><trkpt lat="37.344807" lon="127.075544"/><trkpt lat="37.344876" lon="127.075386"/><trkpt lat="37.344898" lon="127.075327"/><trkpt lat="37.344911" lon="127.07528"/><trkpt lat="37.344982" lon="127.074924"/><trkpt lat="37.345043" lon="127.074616"/><trkpt lat="37.345054" lon="127.074551"/><trkpt lat="37.345057" lon="127.074502"/><trkpt lat="37.345056" lon="127.074453"/><trkpt lat="37.345018" lon="127.074057"/><trkpt lat="37.34501" lon="127.073958"/><trkpt lat="37.345008" lon="127.073909"/><trkpt lat="37.345011" lon="127.073861"/><trkpt lat="37.345028" lon="127.073752"/><trkpt lat="37.345037" lon="127.073689"/><trkpt lat="37.345039" lon="127.073641"/><trkpt lat="37.345036" lon="127.073575"/><trkpt lat="37.345023" lon="127.073378"/><trkpt lat="37.345021" lon="127.073329"/><trkpt lat="37.345025" lon="127.073282"/><trkpt lat="37.345038" lon="127.073236"/><trkpt lat="37.345062" lon="127.073178"/><trkpt lat="37.345175" lon="127.072933"/><trkpt lat="37.3452" lon="127.072875"/><trkpt lat="37.345214" lon="127.072831"/><trkpt lat="37.345218" lon="127.072785"/><trkpt lat="37.345213" lon="127.072737"/><trkpt lat="37.345183" lon="127.072557"/><trkpt lat="37.345177" lon="127.072509"/><trkpt lat="37.345176" lon="127.07246"/><trkpt lat="37.345182" lon="127.072413"/><trkpt lat="37.3452" lon="127.072319"/><trkpt lat="37.345213" lon="127.072274"/><trkpt lat="37.345231" lon="127.072233"/><trkpt lat="37.345258" lon="127.072197"/><trkpt lat="37.345369" lon="127.072074"/><trkpt lat="37.345397" lon="127.072038"/><trkpt lat="37.345421" lon="127.071998"/><trkpt lat="37.34555" lon="127.071744"/><trkpt lat="37.345699" lon="127.071446"/><trkpt lat="37.345718" lon="127.071402"/><trkpt lat="37.345739" lon="127.071342"/><trkpt lat="37.345791" lon="127.071191"/><trkpt lat="37.34581" lon="127.071148"/><trkpt lat="37.345833" lon="127.071107"/><trkpt lat="37.345963" lon="127.070915"/><trkpt lat="37.346094" lon="127.070724"/><trkpt lat="37.346123" lon="127.07069"/><trkpt lat="37.346174" lon="127.070639"/><trkpt lat="37.346249" lon="127.070572"/><trkpt lat="37.346282" lon="127.070546"/><trkpt lat="37.346318" lon="127.070527"/><trkpt lat="37.346394" lon="127.070504"/><trkpt lat="37.34643" lon="127.070489"/><trkpt lat="37.346457" lon="127.070465"/><trkpt lat="37.346477" lon="127.070433"/><trkpt lat="37.346491" lon="127.070393"/><trkpt lat="37.346499" lon="127.070345"/><trkpt lat="37.346519" lon="127.070128"/><trkpt lat="37.346545" lon="127.069845"/><trkpt lat="37.346553" lon="127.069797"/><trkpt lat="37.346566" lon="127.06975"/><trkpt lat="37.346592" lon="127.069674"/><trkpt lat="37.346704" lon="127.069371"/><trkpt lat="37.346718" lon="127.069325"/><trkpt lat="37.346728" lon="127.069276"/><trkpt lat="37.346738" lon="127.069177"/><trkpt lat="37.346754" lon="127.068977"/><trkpt lat="37.346761" lon="127.068928"/><trkpt lat="37.346774" lon="127.068881"/><trkpt lat="37.346808" lon="127.06879"/><trkpt lat="37.346948" lon="127.068447"/><trkpt lat="37.346969" lon="127.068385"/><trkpt lat="37.346985" lon="127.068321"/><trkpt lat="37.347046" lon="127.068046"/><trkpt lat="37.347059" lon="127.067999"/><trkpt lat="37.347076" lon="127.067956"/><trkpt lat="37.347101" lon="127.067918"/><trkpt lat="37.34714" lon="127.067873"/><trkpt lat="37.347409" lon="127.067591"/><trkpt lat="37.347462" lon="127.067539"/><trkpt lat="37.347495" lon="127.067514"/><trkpt lat="37.347532" lon="127.067499"/><trkpt lat="37.347583" lon="127.067488"/><trkpt lat="37.347765" lon="127.067457"/><trkpt lat="37.347803" lon="127.067447"/><trkpt lat="37.347836" lon="127.067429"/><trkpt lat="37.347863" lon="127.067398"/><trkpt lat="37.347893" lon="127.067346"/><trkpt lat="37.347958" lon="127.067222"/><trkpt lat="37.347983" lon="127.067184"/><trkpt lat="37.348041" lon="127.067121"/><trkpt lat="37.348067" lon="127.067087"/><trkpt lat="37.348086" lon="127.067046"/><trkpt lat="37.348117" lon="127.066939"/><trkpt lat="37.348136" lon="127.066879"/><trkpt lat="37.348154" lon="127.066838"/><trkpt lat="37.348178" lon="127.066801"/><trkpt lat="37.348213" lon="127.066756"/><trkpt lat="37.348242" lon="127.066725"/><trkpt lat="37.348274" lon="127.066699"/><trkpt lat="37.348308" lon="127.066675"/><trkpt lat="37.348343" lon="127.066655"/><trkpt lat="37.348381" lon="127.066642"/><trkpt lat="37.348461" lon="127.066627"/><trkpt lat="37.348581" lon="127.066608"/><trkpt lat="37.348619" lon="127.066597"/><trkpt lat="37.348652" lon="127.066576"/><trkpt lat="37.348679" lon="127.066543"/><trkpt lat="37.348719" lon="127.066478"/><trkpt lat="37.348931" lon="127.066114"/><trkpt lat="37.34896" lon="127.06606"/><trkpt lat="37.348978" lon="127.066017"/><trkpt lat="37.348989" lon="127.065971"/><trkpt lat="37.349002" lon="127.065891"/><trkpt lat="37.349013" lon="127.065844"/><trkpt lat="37.349036" lon="127.065784"/><trkpt lat="37.349139" lon="127.065547"/><trkpt lat="37.349167" lon="127.06549"/><trkpt lat="37.349191" lon="127.065453"/><trkpt lat="37.349219" lon="127.065424"/><trkpt lat="37.349249" lon="127.065398"/><trkpt lat="37.349281" lon="127.065377"/><trkpt lat="37.349318" lon="127.065362"/><trkpt lat="37.349445" lon="127.06533"/></trkseg>
<trkseg><trkpt lat="37.33945" lon="127.090937"/><trkpt lat="37.33948" lon="127.090955"/><trkpt lat="37.339512" lon="127.090972"/><trkpt lat="37.339616" lon="127.09104"/><trkpt lat="37.339664" lon="127.091067"/><trkpt lat="37.339701" lon="127.091078"/><trkpt lat="37.33974" lon="127.091079"/><trkpt lat="37.339928" lon="127.091058"/><trkpt lat="37.33998" lon="127.091051"/><trkpt lat="37.340014" lon="127.09104"/><trkpt lat="37.340037" lon="127.091017"/><trkpt lat="37.340052" lon="127.090971"/><trkpt lat="37.340066" lon="127.09093"/><trkpt lat="37.340091" lon="127.090876"/><trkpt lat="37.340171" lon="127.090728"/><trkpt lat="37.340191" lon="127.090687"/><trkpt lat="37.340208" lon="127.090643"/><trkpt lat="37.340228" lon="127.090582"/><trkpt lat="37.340286" lon="127.090381"/><trkpt lat="37.340297" lon="127.090334"/><trkpt lat="37.340302" lon="127.090285"/><trkpt lat="37.340304" lon="127.090235"/><trkpt lat="37.340303" lon="127.090034"/><trkpt lat="37.340306" lon="127.089969"/><trkpt lat="37.340318" lon="127.089899"/><trkpt lat="37.340319" lon="127.089856"/><trkpt lat="37.340312" lon="127.089809"/><trkpt lat="37.340291" lon="127.089713"/><trkpt lat="37.340203" lon="127.089344"/><trkpt lat="37.340194" lon="127.089296"/><trkpt lat="37.340192" lon="127.089249"/><trkpt lat="37.340202" lon="127.089182"/><trkpt lat="37.340206" lon="127.08914"/><trkpt lat="37.340203" lon="127.089066"/><trkpt lat="37.340209" lon="127.089021"/><trkpt lat="37.340222" lon="127.088977"/><trkpt lat="37.340304" lon="127.088771"/><trkpt lat="37.340345" lon="127.088668"/><trkpt lat="37.340359" lon="127.088623"/><trkpt lat="37.340369" lon="127.088576"/><trkpt lat="37.340375" lon="127.088497"/><trkpt lat="37.340383" lon="127.088457"/><trkpt lat="37.340402" lon="127.088432"/><trkpt lat="37.340436" lon="127.08841"/><trkpt lat="37.340458" lon="127.088383"/><trkpt lat="37.340492" lon="127.088305"/><trkpt lat="37.340513" lon="127.088267"/><trkpt lat="37.340541" lon="127.088231"/><trkpt lat="37.340631" lon="127.088133"/><trkpt lat="37.340658" lon="127.088099"/><trkpt lat="37.340679" lon="127.088062"/><trkpt lat="37.340694" lon="127.088027"/></trkseg>
<trkseg><trkpt lat="37.339102" lon="127.091276"/><trkpt lat="37.339156" lon="127.091288"/><trkpt lat="37.33919" lon="127.091286"/><trkpt lat="37.339221" lon="127.091266"/><trkpt lat="37.339259" lon="127.091224"/><trkpt lat="37.339344" lon="127.091121"/><trkpt lat="37.339373" lon="127.091092"/><trkpt lat="37.33941" lon="127.091067"/><trkpt lat="37.339431" lon="127.091048"/><trkpt lat="37.339442" lon="127.091015"/><trkpt lat="37.339452" lon="127.09096"/><trkpt lat="37.33945" lon="127.090937"/></trkseg>
<trkseg><trkpt lat="37.339102" lon="127.091276"/><trkpt lat="37.338868" lon="127.091792"/><trkpt lat="37.33894" lon="127.091971"/><trkpt lat="37.339079" lon="127.092182"/><trkpt lat="37.33932" lon="127.092467"/></trkseg>
<trkseg><trkpt lat="37.338423" lon="127.09153"/><trkpt lat="37.338545" lon="127.09123"/><trkpt lat="37.338661" lon="127.091328"/><trkpt lat="37.338844" lon="127.091405"/><trkpt lat="37.338917" lon="127.091355"/><trkpt lat="37.338949" lon="127.091337"/><trkpt lat="37.338978" lon="127.091299"/><trkpt lat="37.339005" lon="127.091279"/><trkpt lat="37.339102" lon="127.091276"/></trkseg>
</trk>
</gpx>
