<?xml version="1.0" encoding="UTF-8"?>
<gpx version="1.1" creator="letnaturechoose" xmlns="http://www.topografix.com/GPX/1/1">
<metadata><name>무성산 등산로</name></metadata>
<trk><name>무성산</name>
<trkseg><trkpt lat="36.548493" lon="127.058952"/><trkpt lat="36.548361" lon="127.059055"/><trkpt lat="36.548327" lon="127.059077"/><trkpt lat="36.548291" lon="127.059094"/><trkpt lat="36.548252" lon="127.059104"/><trkpt lat="36.548119" lon="127.059124"/><trkpt lat="36.548065" lon="127.059129"/><trkpt lat="36.548013" lon="127.059128"/><trkpt lat="36.547973" lon="127.059123"/><trkpt lat="36.547935" lon="127.059113"/><trkpt lat="36.5479" lon="127.059095"/><trkpt lat="36.547855" lon="127.059063"/><trkpt lat="36.547755" lon="127.058988"/><trkpt lat="36.54772" lon="127.058969"/><trkpt lat="36.547683" lon="127.058961"/><trkpt lat="36.547645" lon="127.058963"/><trkpt lat="36.547606" lon="127.058968"/><trkpt lat="36.547568" lon="127.058978"/><trkpt lat="36.547534" lon="127.058997"/><trkpt lat="36.547504" lon="127.059026"/><trkpt lat="36.547455" lon="127.059077"/><trkpt lat="36.547421" lon="127.059104"/><trkpt lat="36.547374" lon="127.059135"/><trkpt lat="36.547228" lon="127.059224"/><trkpt lat="36.547193" lon="127.059247"/><trkpt lat="36.547164" lon="127.059275"/><trkpt lat="36.547147" lon="127.059311"/><trkpt lat="36.54713" lon="127.059365"/><trkpt lat="36.54711" lon="127.059405"/><trkpt lat="36.547063" lon="127.059483"/><trkpt lat="36.546955" lon="127.05965"/><trkpt lat="36.546928" lon="127.059685"/><trkpt lat="36.546898" lon="127.059716"/><trkpt lat="36.546832" lon="127.059769"/><trkpt lat="36.546629" lon="127.059923"/><trkpt lat="36.546583" lon="127.059954"/><trkpt lat="36.546547" lon="127.05997"/><trkpt lat="36.546508" lon="127.059979"/><trkpt lat="36.546324" lon="127.060001"/><trkpt lat="36.546232" lon="127.060013"/><trkpt lat="36.546193" lon="127.060022"/><trkpt lat="36.546155" lon="127.060037"/><trkpt lat="36.546043" lon="127.060094"/><trkpt lat="36.545994" lon="127.060117"/><trkpt lat="36.545958" lon="127.060126"/><trkpt lat="36.545925" lon="127.060117"/><trkpt lat="36.545895" lon="127.060094"/><trkpt lat="36.545814" lon="127.060017"/><trkpt lat="36.545782" lon="127.059993"/><trkpt lat="36.545747" lon="127.059978"/><trkpt lat="36.54571" lon="127.059972"/><trkpt lat="36.545645" lon="127.059967"/><trkpt lat="36.545516" lon="127.059961"/></trkseg>
<trkseg><trkpt lat="36.549205" lon="127.058801"/><trkpt lat="36.549037" lon="127.058921"/><trkpt lat="36.548992" lon="127.058949"/><trkpt lat="36.548955" lon="127.058965"/><trkpt lat="36.548878" lon="127.058986"/><trkpt lat="36.548736" lon="127.05902"/><trkpt lat="36.548684" lon="127.059029"/><trkpt lat="36.548645" lon="127.059031"/><trkpt lat="36.548607" lon="127.059024"/><trkpt lat="36.548564" lon="127.059001"/><trkpt lat="36.548521" lon="127.058972"/><trkpt lat="36.548493" lon="127.058952"/></trkseg>
<trkseg><trkpt lat="36.553518" lon="127.084687"/><trkpt lat="36.553529" lon="127.084696"/><trkpt lat="36.553563" lon="127.084686"/><trkpt lat="36.553603" lon="127.084658"/><trkpt lat="36.553732" lon="127.084532"/><trkpt lat="36.553765" lon="127.084505"/><trkpt lat="36.5538" lon="127.084487"/><trkpt lat="36.553838" lon="127.084481"/><trkpt lat="36.553904" lon="127.084481"/><trkpt lat="36.554103" lon="127.084482"/><trkpt lat="36.554141" lon="127.084477"/><trkpt lat="36.554178" lon="127.084463"/><trkpt lat="36.554213" lon="127.08444"/><trkpt lat="36.554442" lon="127.084267"/><trkpt lat="36.554693" lon="127.084078"/><trkpt lat="36.554726" lon="127.08405"/><trkpt lat="36.554755" lon="127.084017"/><trkpt lat="36.554779" lon="127.083979"/><trkpt lat="36.554914" lon="127.083714"/><trkpt lat="36.555099" lon="127.083352"/><trkpt lat="36.555116" lon="127.083308"/><trkpt lat="36.55514" lon="127.08323"/><trkpt lat="36.555253" lon="127.082822"/><trkpt lat="36.555272" lon="127.08276"/><trkpt lat="36.55529" lon="127.082717"/><trkpt lat="36.555321" lon="127.082663"/><trkpt lat="36.555455" lon="127.082455"/><trkpt lat="36.555495" lon="127.082389"/><trkpt lat="36.555516" lon="127.082347"/><trkpt lat="36.555551" lon="127.082261"/><trkpt lat="36.555619" lon="127.082086"/><trkpt lat="36.555639" lon="127.082047"/><trkpt lat="36.555665" lon="127.082017"/><trkpt lat="36.555697" lon="127.081998"/><trkpt lat="36.555733" lon="127.081985"/><trkpt lat="36.55577" lon="127.081974"/><trkpt lat="36.555807" lon="127.081969"/><trkpt lat="36.555846" lon="127.081972"/><trkpt lat="36.556072" lon="127.082021"/><trkpt lat="36.556191" lon="127.082045"/><trkpt lat="36.55623" lon="127.082049"/><trkpt lat="36.556283" lon="127.082048"/><trkpt lat="36.556426" lon="127.082039"/><trkpt lat="36.556464" lon="127.082032"/><trkpt lat="36.556499" lon="127.082016"/><trkpt lat="36.556529" lon="127.081987"/><trkpt lat="36.556578" lon="127.081931"/><trkpt lat="36.556824" lon="127.081629"/><trkpt lat="36.556863" lon="127.081586"/><trkpt lat="36.556895" lon="127.081559"/><trkpt lat="36.55693" lon="127.081542"/><trkpt lat="36.556994" lon="127.081524"/><trkpt lat="36.557175" lon="127.081482"/><trkpt lat="36.557213" lon="127.081469"/><trkpt lat="36.557248" lon="127.081448"/><trkpt lat="36.557292" lon="127.081413"/><trkpt lat="36.557343" lon="127.081362"/><trkpt lat="36.55737" lon="127.081327"/><trkpt lat="36.557394" lon="127.081288"/><trkpt lat="36.557492" lon="127.081095"/><trkpt lat="36.557543" lon="127.081"/><trkpt lat="36.557567" lon="127.080961"/><trkpt lat="36.557621" lon="127.080887"/><trkpt lat="36.557893" lon="127.080539"/><trkpt lat="36.557917" lon="127.0805"/><trkpt lat="36.557938" lon="127.080458"/><trkpt lat="36.558061" lon="127.080144"/><trkpt lat="36.558505" lon="127.079008"/><trkpt lat="36.55853" lon="127.078949"/><trkpt lat="36.558553" lon="127.078909"/><trkpt lat="36.55858" lon="127.078873"/><trkpt lat="36.558784" lon="127.078635"/><trkpt lat="36.55885" lon="127.078554"/><trkpt lat="36.558875" lon="127.078516"/><trkpt lat="36.558903" lon="127.078459"/><trkpt lat="36.559303" lon="127.077533"/></trkseg>
<trkseg><trkpt lat="36.555871" lon="127.070804"/><trkpt lat="36.555856" lon="127.070925"/><trkpt lat="36.555846" lon="127.070978"/><trkpt lat="36.555833" lon="127.071023"/><trkpt lat="36.555812" lon="127.071065"/><trkpt lat="36.555736" lon="127.071203"/><trkpt lat="36.555716" lon="127.071245"/><trkpt lat="36.555705" lon="127.071289"/><trkpt lat="36.555704" lon="127.071335"/><trkpt lat="36.555709" lon="127.071414"/><trkpt lat="36.555722" lon="127.071574"/><trkpt lat="36.555721" lon="127.071621"/><trkpt lat="36.555714" lon="127.071669"/><trkpt lat="36.555692" lon="127.071765"/><trkpt lat="36.555641" lon="127.071972"/><trkpt lat="36.55563" lon="127.072037"/><trkpt lat="36.555628" lon="127.072085"/><trkpt lat="36.555632" lon="127.072149"/><trkpt lat="36.555654" lon="127.072377"/><trkpt lat="36.555664" lon="127.072458"/><trkpt lat="36.555675" lon="127.072502"/><trkpt lat="36.555695" lon="127.072539"/><trkpt lat="36.555724" lon="127.07257"/><trkpt lat="36.555787" lon="127.072629"/><trkpt lat="36.555816" lon="127.072662"/><trkpt lat="36.555841" lon="127.0727"/><trkpt lat="36.55587" lon="127.072755"/><trkpt lat="36.556001" lon="127.073024"/><trkpt lat="36.556026" lon="127.073081"/><trkpt lat="36.556037" lon="127.073125"/><trkpt lat="36.556037" lon="127.073167"/><trkpt lat="36.55603" lon="127.073239"/><trkpt lat="36.556033" lon="127.073288"/><trkpt lat="36.556044" lon="127.073353"/><trkpt lat="36.556069" lon="127.0735"/><trkpt lat="36.556072" lon="127.073549"/><trkpt lat="36.55607" lon="127.073599"/><trkpt lat="36.556034" lon="127.073947"/><trkpt lat="36.556027" lon="127.07403"/><trkpt lat="36.556027" lon="127.07408"/><trkpt lat="36.556034" lon="127.074128"/><trkpt lat="36.556049" lon="127.074191"/><trkpt lat="36.556075" lon="127.074286"/><trkpt lat="36.55609" lon="127.074331"/><trkpt lat="36.556111" lon="127.074371"/><trkpt lat="36.556135" lon="127.074408"/><trkpt lat="36.556178" lon="127.074466"/><trkpt lat="36.556205" lon="127.074497"/><trkpt lat="36.556235" lon="127.074524"/><trkpt lat="36.556288" lon="127.074552"/><trkpt lat="36.556315" lon="127.07458"/><trkpt lat="36.556337" lon="127.074619"/><trkpt lat="36.556384" lon="127.07472"/><trkpt lat="36.556406" lon="127.074761"/><trkpt lat="36.556433" lon="127.074797"/><trkpt lat="36.556474" lon="127.07484"/><trkpt lat="36.556506" lon="127.07487"/><trkpt lat="36.556573" lon="127.074921"/><trkpt lat="36.556743" lon="127.075045"/><trkpt lat="36.556774" lon="127.075073"/><trkpt lat="36.556799" lon="127.075107"/><trkpt lat="36.556817" lon="127.075149"/><trkpt lat="36.556836" lon="127.075209"/><trkpt lat="36.556919" lon="127.075487"/><trkpt lat="36.556935" lon="127.075532"/><trkpt lat="36.556954" lon="127.075575"/><trkpt lat="36.557041" lon="127.075725"/><trkpt lat="36.557087" lon="127.075807"/><trkpt lat="36.557106" lon="127.075848"/><trkpt lat="36.557118" lon="127.075889"/><trkpt lat="36.557128" lon="127.075934"/><trkpt lat="36.557152" lon="127.075956"/><trkpt lat="36.557185" lon="127.07597"/><trkpt lat="36.557255" lon="127.075997"/><trkpt lat="36.557284" lon="127.076018"/><trkpt lat="36.557308" lon="127.076053"/><trkpt lat="36.557335" lon="127.076074"/><trkpt lat="36.55737" lon="127.076088"/><trkpt lat="36.557623" lon="127.076141"/><trkpt lat="36.558329" lon="127.076288"/><trkpt lat="36.558367" lon="127.076299"/><trkpt lat="36.558403" lon="127.076317"/><trkpt lat="36.558436" lon="127.076343"/><trkpt lat="36.55859" lon="127.076496"/><trkpt lat="36.558642" lon="127.076546"/><trkpt lat="36.558674" lon="127.076572"/><trkpt lat="36.55871" lon="127.07659"/><trkpt lat="36.558748" lon="127.0766"/><trkpt lat="36.558892" lon="127.076627"/><trkpt lat="36.558957" lon="127.076641"/><trkpt lat="36.558994" lon="127.076654"/><trkpt lat="36.559026" lon="127.076677"/><trkpt lat="36.559064" lon="127.07672"/><trkpt lat="36.559118" lon="127.076792"/><trkpt lat="36.559153" lon="127.076841"/><trkpt lat="36.559174" lon="127.07688"/><trkpt lat="36.559189" lon="127.076925"/><trkpt lat="36.559202" lon="127.076988"/><trkpt lat="36.559303" lon="127.077533"/></trkseg>
<trkseg><trkpt lat="36.559303" lon="127.077533"/><trkpt lat="36.559419" lon="127.076993"/><trkpt lat="36.559442" lon="127.0769"/><trkpt lat="36.559458" lon="127.076857"/><trkpt lat="36.559482" lon="127.076819"/><trkpt lat="36.55954" lon="127.076752"/><trkpt lat="36.559967" lon="127.076279"/><trkpt lat="36.560004" lon="127.076232"/><trkpt lat="36.560036" lon="127.07618"/><trkpt lat="36.560131" lon="127.076003"/><trkpt lat="36.560162" lon="127.07595"/><trkpt lat="36.560188" lon="127.075915"/><trkpt lat="36.560217" lon="127.075891"/><trkpt lat="36.560249" lon="127.075875"/><trkpt lat="36.560288" lon="127.07587"/><trkpt lat="36.56032" lon="127.07586"/><trkpt lat="36.560385" lon="127.075815"/><trkpt lat="36.560418" lon="127.075796"/><trkpt lat="36.560454" lon="127.07579"/><trkpt lat="36.560493" lon="127.075797"/><trkpt lat="36.560531" lon="127.07581"/><trkpt lat="36.560566" lon="127.075829"/><trkpt lat="36.560592" lon="127.075857"/><trkpt lat="36.560612" lon="127.075893"/><trkpt lat="36.560626" lon="127.075933"/><trkpt lat="36.560631" lon="127.075979"/><trkpt lat="36.56063" lon="127.076028"/><trkpt lat="36.560612" lon="127.076212"/><trkpt lat="36.56061" lon="127.076261"/><trkpt lat="36.560613" lon="127.076304"/><trkpt lat="36.560629" lon="127.076331"/><trkpt lat="36.560654" lon="127.076339"/><trkpt lat="36.560684" lon="127.076325"/><trkpt lat="36.560715" lon="127.076298"/><trkpt lat="36.560788" lon="127.076226"/><trkpt lat="36.560821" lon="127.076199"/><trkpt lat="36.560857" lon="127.076178"/><trkpt lat="36.560932" lon="127.076145"/><trkpt lat="36.561033" lon="127.076105"/><trkpt lat="36.561072" lon="127.076093"/><trkpt lat="36.561125" lon="127.076083"/><trkpt lat="36.561422" lon="127.076055"/><trkpt lat="36.561475" lon="127.076049"/><trkpt lat="36.561513" lon="127.076038"/><trkpt lat="36.561546" lon="127.076016"/><trkpt lat="36.561574" lon="127.075985"/><trkpt lat="36.561766" lon="127.075738"/><trkpt lat="36.56179" lon="127.075701"/><trkpt lat="36.561809" lon="127.075659"/><trkpt lat="36.561829" lon="127.075597"/><trkpt lat="36.561878" lon="127.075424"/><trkpt lat="36.561894" lon="127.075378"/><trkpt lat="36.561914" lon="127.075335"/><trkpt lat="36.561945" lon="127.075281"/><trkpt lat="36.562111" lon="127.075019"/><trkpt lat="36.562159" lon="127.074939"/><trkpt lat="36.5622" lon="127.074853"/><trkpt lat="36.562389" lon="127.07443"/><trkpt lat="36.562417" lon="127.074374"/><trkpt lat="36.562441" lon="127.074335"/><trkpt lat="36.562479" lon="127.07429"/><trkpt lat="36.562541" lon="127.074229"/><trkpt lat="36.562574" lon="127.074202"/><trkpt lat="36.56262" lon="127.07417"/><trkpt lat="36.562931" lon="127.073975"/><trkpt lat="36.563004" lon="127.073932"/><trkpt lat="36.563041" lon="127.073914"/><trkpt lat="36.563247" lon="127.073838"/><trkpt lat="36.563441" lon="127.073767"/><trkpt lat="36.56348" lon="127.073758"/><trkpt lat="36.563519" lon="127.073757"/><trkpt lat="36.563571" lon="127.073766"/><trkpt lat="36.563834" lon="127.073832"/><trkpt lat="36.563872" lon="127.073844"/><trkpt lat="36.563909" lon="127.073861"/><trkpt lat="36.564052" lon="127.073951"/><trkpt lat="36.5641" lon="127.073979"/><trkpt lat="36.564137" lon="127.073995"/><trkpt lat="36.564176" lon="127.074004"/><trkpt lat="36.56431" lon="127.074024"/><trkpt lat="36.564484" lon="127.074049"/><trkpt lat="36.564522" lon="127.074057"/><trkpt lat="36.564555" lon="127.074075"/><trkpt lat="36.56458" lon="127.074108"/><trkpt lat="36.5646" lon="127.074149"/><trkpt lat="36.564685" lon="127.074359"/><trkpt lat="36.564718" lon="127.074432"/><trkpt lat="36.56474" lon="127.074473"/><trkpt lat="36.564791" lon="127.074552"/><trkpt lat="36.564826" lon="127.074601"/><trkpt lat="36.564856" lon="127.074632"/><trkpt lat="36.56489" lon="127.074653"/><trkpt lat="36.564963" lon="127.074681"/><trkpt lat="36.565038" lon="127.074704"/><trkpt lat="36.565076" lon="127.074711"/><trkpt lat="36.565115" lon="127.074712"/><trkpt lat="36.565289" lon="127.074707"/><trkpt lat="36.565325" lon="127.07471"/><trkpt lat="36.565353" lon="127.074724"/><trkpt lat="36.565362" lon="127.074758"/><trkpt lat="36.565359" lon="127.074802"/><trkpt lat="36.565342" lon="127.074842"/><trkpt lat="36.565318" lon="127.074878"/><trkpt lat="36.56529" lon="127.074911"/><trkpt lat="36.565258" lon="127.07494"/><trkpt lat="36.565202" lon="127.074981"/><trkpt lat="36.565076" lon="127.075066"/><trkpt lat="36.565041" lon="127.075086"/><trkpt lat="36.565004" lon="127.075098"/><trkpt lat="36.564952" lon="127.075106"/><trkpt lat="36.564792" lon="127.075122"/><trkpt lat="36.564753" lon="127.075128"/><trkpt lat="36.564718" lon="127.07514"/><trkpt lat="36.564694" lon="127.075162"/><trkpt lat="36.564685" lon="127.075191"/><trkpt lat="36.564694" lon="127.075227"/><trkpt lat="36.564716" lon="127.075261"/><trkpt lat="36.564744" lon="127.075286"/><trkpt lat="36.564779" lon="127.075294"/><trkpt lat="36.564817" lon="127.075293"/><trkpt lat="36.564896" lon="127.075286"/><trkpt lat="36.564934" lon="127.075288"/><trkpt lat="36.564972" lon="127.075297"/><trkpt lat="36.565046" lon="127.075316"/><trkpt lat="36.565083" lon="127.075318"/><trkpt lat="36.565119" lon="127.075307"/><trkpt lat="36.565165" lon="127.075282"/><trkpt lat="36.565259" lon="127.075226"/><trkpt lat="36.565295" lon="127.07521"/><trkpt lat="36.565344" lon="127.075193"/><trkpt lat="36.56547" lon="127.075157"/><trkpt lat="36.565507" lon="127.075145"/><trkpt lat="36.565543" lon="127.075127"/><trkpt lat="36.56559" lon="127.075098"/><trkpt lat="36.565826" lon="127.074946"/><trkpt lat="36.565858" lon="127.074922"/><trkpt lat="36.565881" lon="127.074896"/><trkpt lat="36.565883" lon="127.074863"/><trkpt lat="36.565866" lon="127.074826"/><trkpt lat="36.565818" lon="127.074746"/><trkpt lat="36.565718" lon="127.074587"/><trkpt lat="36.565697" lon="127.074547"/><trkpt lat="36.565687" lon="127.074506"/><trkpt lat="36.565695" lon="127.074464"/><trkpt lat="36.565713" lon="127.074422"/><trkpt lat="36.565794" lon="127.074266"/><trkpt lat="36.565837" lon="127.074181"/><trkpt lat="36.565853" lon="127.074137"/><trkpt lat="36.56586" lon="127.074091"/><trkpt lat="36.565859" lon="127.073998"/><trkpt lat="36.565861" lon="127.073954"/><trkpt lat="36.565872" lon="127.073914"/><trkpt lat="36.565898" lon="127.073881"/><trkpt lat="36.565929" lon="127.073851"/><trkpt lat="36.566075" lon="127.073728"/></trkseg>
<trkseg><trkpt lat="36.566075" lon="127.073728"/><trkpt lat="36.566106" lon="127.073729"/><trkpt lat="36.566151" lon="127.07372"/><trkpt lat="36.566193" lon="127.073693"/><trkpt lat="36.566243" lon="127.073639"/><trkpt lat="36.566561" lon="127.073275"/><trkpt lat="36.566603" lon="127.073233"/><trkpt lat="36.566636" lon="127.073208"/><trkpt lat="36.566694" lon="127.073172"/><trkpt lat="36.56673" lon="127.073156"/><trkpt lat="36.566768" lon="127.07315"/><trkpt lat="36.56682" lon="127.073153"/><trkpt lat="36.567033" lon="127.07318"/><trkpt lat="36.567752" lon="127.07327"/><trkpt lat="36.567792" lon="127.073272"/><trkpt lat="36.567831" lon="127.073268"/><trkpt lat="36.567869" lon="127.073256"/><trkpt lat="36.568095" lon="127.07316"/><trkpt lat="36.568183" lon="127.073124"/><trkpt lat="36.568222" lon="127.073112"/><trkpt lat="36.568261" lon="127.073105"/><trkpt lat="36.568516" lon="127.07308"/><trkpt lat="36.568946" lon="127.07304"/></trkseg>
<trkseg><trkpt lat="36.568946" lon="127.07304"/><trkpt lat="36.568835" lon="127.072945"/><trkpt lat="36.568793" lon="127.072906"/><trkpt lat="36.568767" lon="127.072873"/><trkpt lat="36.568753" lon="127.072832"/><trkpt lat="36.568748" lon="127.072784"/><trkpt lat="36.568743" lon="127.07267"/><trkpt lat="36.568734" lon="127.072623"/><trkpt lat="36.568721" lon="127.07258"/><trkpt lat="36.56869" lon="127.072496"/><trkpt lat="36.56868" lon="127.072452"/><trkpt lat="36.568676" lon="127.072405"/><trkpt lat="36.568676" lon="127.072311"/><trkpt lat="36.568679" lon="127.072248"/><trkpt lat="36.568685" lon="127.072203"/><trkpt lat="36.568696" lon="127.072163"/><trkpt lat="36.568711" lon="127.072126"/><trkpt lat="36.568741" lon="127.072081"/><trkpt lat="36.568758" lon="127.072043"/><trkpt lat="36.568768" lon="127.071998"/><trkpt lat="36.568781" lon="127.0719"/><trkpt lat="36.568799" lon="127.071736"/><trkpt lat="36.568808" lon="127.071689"/><trkpt lat="36.568824" lon="127.071646"/><trkpt lat="36.568847" lon="127.071609"/><trkpt lat="36.568884" lon="127.071563"/><trkpt lat="36.568988" lon="127.071437"/><trkpt lat="36.569013" lon="127.071399"/><trkpt lat="36.569033" lon="127.071358"/><trkpt lat="36.569064" lon="127.071288"/><trkpt lat="36.569086" lon="127.071251"/><trkpt lat="36.569137" lon="127.071204"/><trkpt lat="36.569163" lon="127.071174"/><trkpt lat="36.569177" lon="127.071134"/><trkpt lat="36.569181" lon="127.071087"/><trkpt lat="36.569179" lon="127.071039"/><trkpt lat="36.569163" lon="127.070873"/><trkpt lat="36.569154" lon="127.070808"/><trkpt lat="36.569143" lon="127.070761"/><trkpt lat="36.569128" lon="127.070718"/><trkpt lat="36.569076" lon="127.070589"/><trkpt lat="36.569062" lon="127.070547"/><trkpt lat="36.569054" lon="127.070504"/><trkpt lat="36.569062" lon="127.070447"/><trkpt lat="36.569066" lon="127.070402"/><trkpt lat="36.569061" lon="127.070355"/><trkpt lat="36.569045" lon="127.070276"/><trkpt lat="36.569032" lon="127.070229"/><trkpt lat="36.569014" lon="127.070185"/><trkpt lat="36.568962" lon="127.07009"/><trkpt lat="36.568748" lon="127.069715"/><trkpt lat="36.568728" lon="127.069672"/><trkpt lat="36.568716" lon="127.069627"/><trkpt lat="36.568708" lon="127.06958"/><trkpt lat="36.56868" lon="127.069286"/><trkpt lat="36.568678" lon="127.069238"/><trkpt lat="36.568681" lon="127.069193"/><trkpt lat="36.568688" lon="127.06915"/><trkpt lat="36.568701" lon="127.069112"/><trkpt lat="36.568723" lon="127.069082"/><trkpt lat="36.568749" lon="127.069044"/><trkpt lat="36.568763" lon="127.068997"/><trkpt lat="36.568765" lon="127.068964"/><trkpt lat="36.568764" lon="127.068961"/></trkseg>
<trkseg><trkpt lat="36.570065" lon="127.072532"/><trkpt lat="36.570013" lon="127.072662"/><trkpt lat="36.569992" lon="127.072705"/><trkpt lat="36.569968" lon="127.072741"/><trkpt lat="36.569938" lon="127.072768"/><trkpt lat="36.569892" lon="127.072798"/><trkpt lat="36.569752" lon="127.072883"/><trkpt lat="36.569719" lon="127.072908"/><trkpt lat="36.569688" lon="127.072939"/><trkpt lat="36.569631" lon="127.073009"/><trkpt lat="36.569529" lon="127.07314"/><trkpt lat="36.569504" lon="127.073179"/><trkpt lat="36.569484" lon="127.073222"/><trkpt lat="36.569451" lon="127.073313"/><trkpt lat="36.569439" lon="127.073359"/><trkpt lat="36.569436" lon="127.073402"/><trkpt lat="36.56945" lon="127.073442"/><trkpt lat="36.569475" lon="127.073479"/><trkpt lat="36.569576" lon="127.073611"/><trkpt lat="36.569611" lon="127.073661"/><trkpt lat="36.569634" lon="127.073702"/><trkpt lat="36.569675" lon="127.073788"/><trkpt lat="36.56985" lon="127.074185"/><trkpt lat="36.569874" lon="127.074245"/><trkpt lat="36.569901" lon="127.074337"/><trkpt lat="36.569941" lon="127.074477"/><trkpt lat="36.569957" lon="127.074521"/><trkpt lat="36.569977" lon="127.074563"/><trkpt lat="36.570023" lon="127.074643"/><trkpt lat="36.570203" lon="127.074946"/><trkpt lat="36.570236" lon="127.074997"/><trkpt lat="36.570264" lon="127.075031"/><trkpt lat="36.570296" lon="127.075061"/><trkpt lat="36.570476" lon="127.075205"/><trkpt lat="36.570836" lon="127.075495"/><trkpt lat="36.570893" lon="127.075538"/><trkpt lat="36.570929" lon="127.075559"/><trkpt lat="36.570967" lon="127.075572"/><trkpt lat="36.571046" lon="127.075588"/><trkpt lat="36.571098" lon="127.075602"/><trkpt lat="36.571133" lon="127.07562"/><trkpt lat="36.571165" lon="127.075644"/><trkpt lat="36.571192" lon="127.075674"/><trkpt lat="36.57121" lon="127.07571"/><trkpt lat="36.571218" lon="127.075751"/><trkpt lat="36.571216" lon="127.075798"/><trkpt lat="36.571208" lon="127.075846"/><trkpt lat="36.571166" lon="127.076025"/><trkpt lat="36.571158" lon="127.076073"/><trkpt lat="36.571157" lon="127.076121"/><trkpt lat="36.571165" lon="127.076169"/><trkpt lat="36.571238" lon="127.076454"/><trkpt lat="36.571316" lon="127.076758"/><trkpt lat="36.57133" lon="127.076805"/><trkpt lat="36.571348" lon="127.076843"/><trkpt lat="36.571372" lon="127.076861"/><trkpt lat="36.571397" lon="127.076857"/><trkpt lat="36.571416" lon="127.076836"/><trkpt lat="36.571428" lon="127.076801"/><trkpt lat="36.57143" lon="127.076754"/><trkpt lat="36.571426" lon="127.076688"/><trkpt lat="36.571379" lon="127.076179"/><trkpt lat="36.571375" lon="127.076114"/><trkpt lat="36.571376" lon="127.076066"/><trkpt lat="36.571385" lon="127.076022"/><trkpt lat="36.571401" lon="127.075982"/><trkpt lat="36.571422" lon="127.075944"/><trkpt lat="36.571448" lon="127.07591"/><trkpt lat="36.571479" lon="127.075879"/><trkpt lat="36.571569" lon="127.075806"/><trkpt lat="36.571612" lon="127.075768"/><trkpt lat="36.571639" lon="127.075734"/><trkpt lat="36.571652" lon="127.075693"/><trkpt lat="36.571652" lon="127.075649"/><trkpt lat="36.57164" lon="127.075605"/><trkpt lat="36.571622" lon="127.07556"/><trkpt lat="36.571589" lon="127.075489"/><trkpt lat="36.571565" lon="127.07545"/><trkpt lat="36.571536" lon="127.075418"/><trkpt lat="36.571482" lon="127.075371"/><trkpt lat="36.571327" lon="127.075245"/><trkpt lat="36.571297" lon="127.075215"/><trkpt lat="36.57127" lon="127.075179"/><trkpt lat="36.571231" lon="127.075115"/><trkpt lat="36.571212" lon="127.075074"/><trkpt lat="36.571198" lon="127.075029"/><trkpt lat="36.571189" lon="127.074982"/><trkpt lat="36.571174" lon="127.074869"/><trkpt lat="36.571167" lon="127.074804"/><trkpt lat="36.571167" lon="127.074704"/><trkpt lat="36.571176" lon="127.074188"/><trkpt lat="36.57118" lon="127.074122"/><trkpt lat="36.571191" lon="127.07406"/><trkpt lat="36.571213" lon="127.073969"/><trkpt lat="36.571226" lon="127.073925"/><trkpt lat="36.571245" lon="127.073884"/><trkpt lat="36.57127" lon="127.073847"/><trkpt lat="36.571345" lon="127.073755"/><trkpt lat="36.571394" lon="127.073699"/><trkpt lat="36.571425" lon="127.07367"/><trkpt lat="36.57146" lon="127.073647"/><trkpt lat="36.571534" lon="127.073609"/><trkpt lat="36.571645" lon="127.073556"/><trkpt lat="36.571683" lon="127.073542"/><trkpt lat="36.571722" lon="127.073534"/><trkpt lat="36.571789" lon="127.073532"/><trkpt lat="36.572139" lon="127.073532"/><trkpt lat="36.572314" lon="127.073532"/><trkpt lat="36.572352" lon="127.073537"/><trkpt lat="36.572388" lon="127.073554"/><trkpt lat="36.572432" lon="127.073588"/><trkpt lat="36.572592" lon="127.073735"/><trkpt lat="36.572636" lon="127.07377"/><trkpt lat="36.57267" lon="127.073786"/><trkpt lat="36.572707" lon="127.073792"/><trkpt lat="36.572751" lon="127.073793"/><trkpt lat="36.572846" lon="127.07379"/><trkpt lat="36.572848" lon="127.07379"/></trkseg>
<trkseg><trkpt lat="36.568946" lon="127.07304"/><trkpt lat="36.569107" lon="127.072897"/><trkpt lat="36.56914" lon="127.072872"/><trkpt lat="36.569176" lon="127.072855"/><trkpt lat="36.569214" lon="127.072845"/><trkpt lat="36.569374" lon="127.072827"/><trkpt lat="36.569453" lon="127.072816"/><trkpt lat="36.569492" lon="127.072806"/><trkpt lat="36.569567" lon="127.072773"/><trkpt lat="36.570065" lon="127.072532"/></trkseg>
<trkseg><trkpt lat="36.572477" lon="127.071834"/><trkpt lat="36.572946" lon="127.071814"/><trkpt lat="36.573" lon="127.071813"/><trkpt lat="36.573036" lon="127.071818"/><trkpt lat="36.57306" lon="127.071835"/><trkpt lat="36.573066" lon="127.071863"/><trkpt lat="36.57305" lon="127.071898"/><trkpt lat="36.573014" lon="127.071945"/><trkpt lat="36.572883" lon="127.072092"/><trkpt lat="36.572745" lon="127.072251"/><trkpt lat="36.572704" lon="127.072293"/><trkpt lat="36.57267" lon="127.072318"/><trkpt lat="36.572633" lon="127.072334"/><trkpt lat="36.572557" lon="127.07236"/><trkpt lat="36.572337" lon="127.072429"/><trkpt lat="36.5723" lon="127.072445"/><trkpt lat="36.572269" lon="127.07247"/><trkpt lat="36.572244" lon="127.072505"/><trkpt lat="36.572224" lon="127.072545"/><trkpt lat="36.572211" lon="127.072587"/><trkpt lat="36.572209" lon="127.072632"/><trkpt lat="36.572219" lon="127.072678"/><trkpt lat="36.572235" lon="127.072722"/><trkpt lat="36.572257" lon="127.072761"/><trkpt lat="36.572286" lon="127.072793"/><trkpt lat="36.57232" lon="127.072814"/><trkpt lat="36.572355" lon="127.072822"/><trkpt lat="36.572415" lon="127.07283"/><trkpt lat="36.572451" lon="127.072842"/><trkpt lat="36.572486" lon="127.072863"/><trkpt lat="36.572623" lon="127.072959"/><trkpt lat="36.57268" lon="127.072998"/><trkpt lat="36.572716" lon="127.073015"/><trkpt lat="36.572754" lon="127.073023"/><trkpt lat="36.572819" lon="127.073027"/><trkpt lat="36.57307" lon="127.073033"/><trkpt lat="36.573122" lon="127.073038"/><trkpt lat="36.573161" lon="127.073048"/><trkpt lat="36.573224" lon="127.073071"/><trkpt lat="36.573415" lon="127.073149"/><trkpt lat="36.57345" lon="127.073168"/><trkpt lat="36.573473" lon="127.073194"/><trkpt lat="36.57348" lon="127.073224"/><trkpt lat="36.573469" lon="127.073258"/><trkpt lat="36.573444" lon="127.07329"/><trkpt lat="36.573286" lon="127.073445"/><trkpt lat="36.573243" lon="127.073484"/><trkpt lat="36.573208" lon="127.073508"/><trkpt lat="36.573171" lon="127.073526"/><trkpt lat="36.573031" lon="127.07358"/><trkpt lat="36.572981" lon="127.073601"/><trkpt lat="36.572947" lon="127.073623"/><trkpt lat="36.57292" lon="127.073655"/><trkpt lat="36.572892" lon="127.073704"/><trkpt lat="36.57285" lon="127.073787"/><trkpt lat="36.572848" lon="127.07379"/></trkseg>
<trkseg><trkpt lat="36.572848" lon="127.07379"/><trkpt lat="36.573643" lon="127.073826"/><trkpt lat="36.573697" lon="127.07383"/><trkpt lat="36.573736" lon="127.073839"/><trkpt lat="36.573824" lon="127.073866"/><trkpt lat="36.573987" lon="127.073923"/><trkpt lat="36.574024" lon="127.073939"/><trkpt lat="36.574097" lon="127.073977"/><trkpt lat="36.574473" lon="127.074182"/><trkpt lat="36.574522" lon="127.074206"/><trkpt lat="36.57456" lon="127.074217"/><trkpt lat="36.574599" lon="127.074221"/><trkpt lat="36.574902" lon="127.074219"/><trkpt lat="36.574968" lon="127.07422"/><trkpt lat="36.575006" lon="127.074225"/><trkpt lat="36.575043" lon="127.07424"/><trkpt lat="36.57509" lon="127.07427"/><trkpt lat="36.57549" lon="127.074568"/><trkpt lat="36.575559" lon="127.074617"/><trkpt lat="36.575608" lon="127.074644"/><trkpt lat="36.575957" lon="127.074799"/><trkpt lat="36.576031" lon="127.074834"/><trkpt lat="36.576066" lon="127.074855"/><trkpt lat="36.576097" lon="127.074881"/><trkpt lat="36.576125" lon="127.074912"/><trkpt lat="36.576152" lon="127.074944"/><trkpt lat="36.576175" lon="127.07498"/><trkpt lat="36.576191" lon="127.075024"/><trkpt lat="36.576208" lon="127.075086"/><trkpt lat="36.576262" lon="127.075309"/><trkpt lat="36.576277" lon="127.075354"/><trkpt lat="36.576309" lon="127.075426"/><trkpt lat="36.576533" lon="127.075876"/><trkpt lat="36.576645" lon="127.076101"/><trkpt lat="36.576663" lon="127.076145"/><trkpt lat="36.576673" lon="127.076191"/><trkpt lat="36.576674" lon="127.07624"/><trkpt lat="36.576669" lon="127.076307"/><trkpt lat="36.576661" lon="127.076372"/><trkpt lat="36.576649" lon="127.076412"/><trkpt lat="36.576626" lon="127.076431"/><trkpt lat="36.576593" lon="127.076428"/><trkpt lat="36.576562" lon="127.076409"/><trkpt lat="36.576532" lon="127.076377"/><trkpt lat="36.576484" lon="127.076322"/><trkpt lat="36.576452" lon="127.076298"/><trkpt lat="36.57642" lon="127.076286"/><trkpt lat="36.576386" lon="127.076284"/><trkpt lat="36.576352" lon="127.076296"/><trkpt lat="36.576319" lon="127.07632"/><trkpt lat="36.5762" lon="127.076427"/><trkpt lat="36.576017" lon="127.076592"/><trkpt lat="36.575964" lon="127.076641"/><trkpt lat="36.575937" lon="127.076674"/><trkpt lat="36.575918" lon="127.076713"/><trkpt lat="36.575907" lon="127.076758"/><trkpt lat="36.575874" lon="127.076949"/><trkpt lat="36.575862" lon="127.077012"/><trkpt lat="36.575848" lon="127.077056"/><trkpt lat="36.575826" lon="127.077093"/><trkpt lat="36.575796" lon="127.077124"/><trkpt lat="36.575697" lon="127.077211"/><trkpt lat="36.575666" lon="127.077242"/><trkpt lat="36.575643" lon="127.077277"/><trkpt lat="36.57563" lon="127.077315"/><trkpt lat="36.575628" lon="127.077353"/><trkpt lat="36.575641" lon="127.07739"/><trkpt lat="36.575663" lon="127.077423"/><trkpt lat="36.575692" lon="127.07745"/><trkpt lat="36.575727" lon="127.077469"/><trkpt lat="36.575812" lon="127.077504"/><trkpt lat="36.575846" lon="127.077522"/><trkpt lat="36.575872" lon="127.077551"/><trkpt lat="36.575889" lon="127.077592"/><trkpt lat="36.575919" lon="127.077702"/><trkpt lat="36.575933" lon="127.077748"/><trkpt lat="36.575952" lon="127.07779"/><trkpt lat="36.575976" lon="127.077826"/><trkpt lat="36.576067" lon="127.077938"/><trkpt lat="36.57609" lon="127.077973"/><trkpt lat="36.576103" lon="127.078013"/><trkpt lat="36.576103" lon="127.078058"/><trkpt lat="36.576097" lon="127.078105"/><trkpt lat="36.576056" lon="127.078362"/><trkpt lat="36.576045" lon="127.078408"/><trkpt lat="36.576028" lon="127.078452"/><trkpt lat="36.575998" lon="127.078507"/><trkpt lat="36.575935" lon="127.078614"/><trkpt lat="36.575915" lon="127.078655"/><trkpt lat="36.575905" lon="127.078698"/><trkpt lat="36.575907" lon="127.078744"/><trkpt lat="36.575915" lon="127.078791"/><trkpt lat="36.575933" lon="127.078885"/><trkpt lat="36.575944" lon="127.07893"/><trkpt lat="36.575961" lon="127.07897"/><trkpt lat="36.575989" lon="127.079"/><trkpt lat="36.576034" lon="127.079033"/><trkpt lat="36.576331" lon="127.07922"/><trkpt lat="36.576377" lon="127.079252"/><trkpt lat="36.576406" lon="127.079282"/><trkpt lat="36.576426" lon="127.079321"/><trkpt lat="36.576441" lon="127.079366"/><trkpt lat="36.576481" lon="127.079506"/><trkpt lat="36.576496" lon="127.079569"/><trkpt lat="36.576503" lon="127.079616"/><trkpt lat="36.5765" lon="127.079664"/><trkpt lat="36.576492" lon="127.079711"/><trkpt lat="36.57648" lon="127.079757"/><trkpt lat="36.576464" lon="127.079801"/><trkpt lat="36.576441" lon="127.079839"/><trkpt lat="36.576413" lon="127.079873"/><trkpt lat="36.576314" lon="127.079985"/><trkpt lat="36.576277" lon="127.080031"/><trkpt lat="36.576256" lon="127.08007"/><trkpt lat="36.576244" lon="127.080115"/><trkpt lat="36.576237" lon="127.08018"/><trkpt lat="36.576216" lon="127.080464"/><trkpt lat="36.576216" lon="127.080513"/><trkpt lat="36.576221" lon="127.080561"/><trkpt lat="36.576237" lon="127.080657"/><trkpt lat="36.576269" lon="127.080832"/><trkpt lat="36.576272" lon="127.080877"/><trkpt lat="36.576263" lon="127.080916"/><trkpt lat="36.576238" lon="127.080949"/><trkpt lat="36.576195" lon="127.080988"/><trkpt lat="36.576072" lon="127.081092"/><trkpt lat="36.576041" lon="127.081123"/><trkpt lat="36.576015" lon="127.081158"/><trkpt lat="36.575997" lon="127.0812"/><trkpt lat="36.575973" lon="127.081275"/><trkpt lat="36.575898" lon="127.081518"/><trkpt lat="36.575887" lon="127.081565"/><trkpt lat="36.575877" lon="127.081645"/><trkpt lat="36.575873" lon="127.081693"/><trkpt lat="36.575875" lon="127.081737"/><trkpt lat="36.575891" lon="127.081774"/><trkpt lat="36.575919" lon="127.081796"/><trkpt lat="36.575955" lon="127.081798"/><trkpt lat="36.575994" lon="127.081791"/><trkpt lat="36.576061" lon="127.081775"/><trkpt lat="36.5761" lon="127.081774"/><trkpt lat="36.576136" lon="127.081787"/><trkpt lat="36.576167" lon="127.081812"/><trkpt lat="36.576185" lon="127.081847"/><trkpt lat="36.576188" lon="127.081892"/><trkpt lat="36.576186" lon="127.081941"/><trkpt lat="36.576169" lon="127.082109"/><trkpt lat="36.576168" lon="127.082156"/><trkpt lat="36.576176" lon="127.082197"/><trkpt lat="36.576201" lon="127.082226"/><trkpt lat="36.576235" lon="127.082248"/><trkpt lat="36.576356" lon="127.082266"/><trkpt lat="36.576389" lon="127.082288"/><trkpt lat="36.576413" lon="127.082316"/><trkpt lat="36.576419" lon="127.082356"/><trkpt lat="36.576415" lon="127.082402"/><trkpt lat="36.576366" lon="127.082599"/><trkpt lat="36.576357" lon="127.082663"/><trkpt lat="36.576354" lon="127.082711"/><trkpt lat="36.576361" lon="127.082757"/><trkpt lat="36.576375" lon="127.082802"/><trkpt lat="36.576438" lon="127.082964"/><trkpt lat="36.576548" lon="127.083245"/><trkpt lat="36.576568" lon="127.083287"/><trkpt lat="36.576592" lon="127.083323"/><trkpt lat="36.576621" lon="127.083351"/><trkpt lat="36.576654" lon="127.083375"/><trkpt lat="36.576687" lon="127.083396"/><trkpt lat="36.576724" lon="127.083411"/><trkpt lat="36.576777" lon="127.083426"/><trkpt lat="36.577028" lon="127.083487"/><trkpt lat="36.57708" lon="127.083501"/><trkpt lat="36.577118" lon="127.083518"/><trkpt lat="36.577152" lon="127.083542"/><trkpt lat="36.577205" lon="127.083593"/><trkpt lat="36.577245" lon="127.083637"/><trkpt lat="36.577271" lon="127.083674"/><trkpt lat="36.577315" lon="127.083754"/><trkpt lat="36.577342" lon="127.083809"/><trkpt lat="36.577357" lon="127.083851"/><trkpt lat="36.577361" lon="127.083893"/><trkpt lat="36.577355" lon="127.083936"/><trkpt lat="36.577342" lon="127.083978"/><trkpt lat="36.577323" lon="127.08402"/><trkpt lat="36.577292" lon="127.084074"/><trkpt lat="36.577046" lon="127.08448"/><trkpt lat="36.577027" lon="127.084521"/><trkpt lat="36.577016" lon="127.084567"/><trkpt lat="36.577012" lon="127.084615"/><trkpt lat="36.57701" lon="127.084865"/><trkpt lat="36.577008" lon="127.084981"/><trkpt lat="36.577004" lon="127.08503"/><trkpt lat="36.576994" lon="127.085078"/><trkpt lat="36.576928" lon="127.085314"/><trkpt lat="36.576912" lon="127.085377"/><trkpt lat="36.576904" lon="127.085425"/><trkpt lat="36.576902" lon="127.085474"/><trkpt lat="36.576906" lon="127.085539"/><trkpt lat="36.57694" lon="127.085984"/><trkpt lat="36.576959" lon="127.08623"/><trkpt lat="36.576967" lon="127.086278"/><trkpt lat="36.576979" lon="127.086325"/><trkpt lat="36.577011" lon="127.086417"/><trkpt lat="36.57719" lon="127.08692"/><trkpt lat="36.577204" lon="127.086965"/><trkpt lat="36.577211" lon="127.087011"/><trkpt lat="36.577206" lon="127.087056"/><trkpt lat="36.577194" lon="127.087102"/><trkpt lat="36.57713" lon="127.087298"/><trkpt lat="36.577113" lon="127.087359"/><trkpt lat="36.577106" lon="127.087407"/><trkpt lat="36.577102" lon="127.087473"/><trkpt lat="36.57707" lon="127.088282"/><trkpt lat="36.577064" lon="127.088363"/><trkpt lat="36.577056" lon="127.088412"/><trkpt lat="36.576974" lon="127.088726"/><trkpt lat="36.576782" lon="127.08945"/><trkpt lat="36.576758" lon="127.089561"/><trkpt lat="36.576717" lon="127.089857"/><trkpt lat="36.576707" lon="127.089956"/><trkpt lat="36.576702" lon="127.090088"/><trkpt lat="36.576691" lon="127.090535"/><trkpt lat="36.576686" lon="127.090599"/><trkpt lat="36.576676" lon="127.090643"/><trkpt lat="36.576653" lon="127.090678"/><trkpt lat="36.576624" lon="127.09071"/><trkpt lat="36.576315" lon="127.090995"/><trkpt lat="36.576241" lon="127.091066"/><trkpt lat="36.576212" lon="127.091099"/><trkpt lat="36.575836" lon="127.091616"/><trkpt lat="36.575876" lon="127.091864"/></trkseg>
<trkseg><trkpt lat="36.534166" lon="127.074613"/><trkpt lat="36.534553" lon="127.074471"/><trkpt lat="36.534617" lon="127.074449"/><trkpt lat="36.534655" lon="127.074441"/><trkpt lat="36.534693" lon="127.074445"/><trkpt lat="36.534731" lon="127.074459"/><trkpt lat="36.534919" lon="127.074549"/><trkpt lat="36.535083" lon="127.074624"/><trkpt lat="36.535133" lon="127.074639"/><trkpt lat="36.535339" lon="127.074684"/><trkpt lat="36.535403" lon="127.074694"/><trkpt lat="36.535456" lon="127.074696"/><trkpt lat="36.535841" lon="127.074684"/><trkpt lat="36.53604" lon="127.074678"/><trkpt lat="36.536079" lon="127.074682"/><trkpt lat="36.536117" lon="127.074694"/><trkpt lat="36.536166" lon="127.074719"/><trkpt lat="36.536455" lon="127.074894"/><trkpt lat="36.536527" lon="127.074935"/><trkpt lat="36.536603" lon="127.074971"/><trkpt lat="36.537044" lon="127.07517"/><trkpt lat="36.537092" lon="127.075199"/><trkpt lat="36.537322" lon="127.075366"/><trkpt lat="36.537392" lon="127.075414"/><trkpt lat="36.537428" lon="127.07543"/><trkpt lat="36.537465" lon="127.075439"/><trkpt lat="36.537502" lon="127.075441"/><trkpt lat="36.537538" lon="127.075434"/><trkpt lat="36.537573" lon="127.075415"/><trkpt lat="36.537631" lon="127.075376"/><trkpt lat="36.537824" lon="127.075236"/><trkpt lat="36.537871" lon="127.075206"/><trkpt lat="36.537908" lon="127.075188"/><trkpt lat="36.537998" lon="127.075155"/><trkpt lat="36.538258" lon="127.075066"/><trkpt lat="36.538296" lon="127.075049"/><trkpt lat="36.538332" lon="127.075028"/><trkpt lat="36.538388" lon="127.074983"/><trkpt lat="36.538556" lon="127.074844"/><trkpt lat="36.538591" lon="127.074821"/><trkpt lat="36.538627" lon="127.074803"/><trkpt lat="36.538856" lon="127.074724"/><trkpt lat="36.538958" lon="127.074687"/><trkpt lat="36.538994" lon="127.074669"/><trkpt lat="36.539054" lon="127.074631"/><trkpt lat="36.539148" lon="127.074565"/><trkpt lat="36.539181" lon="127.074537"/><trkpt lat="36.539211" lon="127.074504"/><trkpt lat="36.539258" lon="127.074445"/><trkpt lat="36.539452" lon="127.074191"/><trkpt lat="36.539481" lon="127.074157"/><trkpt lat="36.539513" lon="127.074127"/><trkpt lat="36.539557" lon="127.074093"/><trkpt lat="36.539822" lon="127.073905"/><trkpt lat="36.539878" lon="127.073862"/><trkpt lat="36.539908" lon="127.073831"/><trkpt lat="36.539942" lon="127.07378"/><trkpt lat="36.54006" lon="127.073576"/><trkpt lat="36.5401" lon="127.073511"/><trkpt lat="36.540128" lon="127.073475"/><trkpt lat="36.540169" lon="127.073434"/><trkpt lat="36.540443" lon="127.073193"/><trkpt lat="36.540485" lon="127.073153"/><trkpt lat="36.540511" lon="127.073117"/><trkpt lat="36.540533" lon="127.073077"/><trkpt lat="36.540648" lon="127.072818"/><trkpt lat="36.540736" lon="127.072614"/><trkpt lat="36.540758" lon="127.072575"/><trkpt lat="36.540784" lon="127.072547"/><trkpt lat="36.540815" lon="127.072534"/><trkpt lat="36.540847" lon="127.072531"/><trkpt lat="36.540883" lon="127.072541"/><trkpt lat="36.540955" lon="127.072576"/><trkpt lat="36.541003" lon="127.072596"/><trkpt lat="36.541041" lon="127.072605"/><trkpt lat="36.541117" lon="127.072615"/><trkpt lat="36.54118" lon="127.072619"/><trkpt lat="36.541217" lon="127.072616"/><trkpt lat="36.541253" lon="127.072602"/><trkpt lat="36.541286" lon="127.072579"/><trkpt lat="36.541417" lon="127.07247"/><trkpt lat="36.541461" lon="127.072435"/><trkpt lat="36.541494" lon="127.072413"/><trkpt lat="36.541529" lon="127.072403"/><trkpt lat="36.541567" lon="127.072407"/><trkpt lat="36.541669" lon="127.072437"/><trkpt lat="36.541707" lon="127.072446"/><trkpt lat="36.541745" lon="127.072449"/><trkpt lat="36.541781" lon="127.072439"/><trkpt lat="36.541829" lon="127.072416"/><trkpt lat="36.541912" lon="127.072371"/><trkpt lat="36.541946" lon="127.072349"/><trkpt lat="36.541977" lon="127.072323"/><trkpt lat="36.542002" lon="127.072289"/><trkpt lat="36.542024" lon="127.07225"/><trkpt lat="36.542049" lon="127.072196"/><trkpt lat="36.542065" lon="127.072153"/><trkpt lat="36.542075" lon="127.072105"/><trkpt lat="36.542106" lon="127.071841"/><trkpt lat="36.54212" lon="127.071726"/><trkpt lat="36.542129" lon="127.071677"/><trkpt lat="36.542141" lon="127.071631"/><trkpt lat="36.54218" lon="127.071509"/><trkpt lat="36.542202" lon="127.071449"/><trkpt lat="36.542222" lon="127.071407"/><trkpt lat="36.542303" lon="127.07126"/><trkpt lat="36.542357" lon="127.071168"/><trkpt lat="36.542382" lon="127.071131"/><trkpt lat="36.542419" lon="127.071086"/><trkpt lat="36.542498" lon="127.071004"/><trkpt lat="36.54254" lon="127.070966"/><trkpt lat="36.542575" lon="127.07094"/><trkpt lat="36.5429" lon="127.070738"/><trkpt lat="36.543044" lon="127.070649"/><trkpt lat="36.543081" lon="127.070631"/><trkpt lat="36.54312" lon="127.070621"/><trkpt lat="36.543159" lon="127.070617"/><trkpt lat="36.543416" lon="127.070612"/><trkpt lat="36.543456" lon="127.070615"/><trkpt lat="36.543495" lon="127.070622"/><trkpt lat="36.543561" lon="127.070644"/><trkpt lat="36.543691" lon="127.07069"/><trkpt lat="36.543727" lon="127.070697"/><trkpt lat="36.543756" lon="127.070685"/><trkpt lat="36.543777" lon="127.070652"/><trkpt lat="36.543794" lon="127.070609"/><trkpt lat="36.543868" lon="127.070397"/><trkpt lat="36.543998" lon="127.070037"/><trkpt lat="36.544022" lon="127.069979"/><trkpt lat="36.544099" lon="127.069832"/><trkpt lat="36.544136" lon="127.069767"/><trkpt lat="36.544161" lon="127.069732"/><trkpt lat="36.544193" lon="127.069704"/><trkpt lat="36.54424" lon="127.069672"/><trkpt lat="36.544562" lon="127.069465"/><trkpt lat="36.54461" lon="127.069437"/><trkpt lat="36.544649" lon="127.069424"/><trkpt lat="36.544702" lon="127.069413"/><trkpt lat="36.545076" lon="127.069351"/><trkpt lat="36.545277" lon="127.069317"/><trkpt lat="36.545315" lon="127.069305"/><trkpt lat="36.545352" lon="127.069286"/><trkpt lat="36.545574" lon="127.06913"/><trkpt lat="36.546112" lon="127.068751"/><trkpt lat="36.546171" lon="127.068711"/><trkpt lat="36.546206" lon="127.068695"/><trkpt lat="36.546242" lon="127.068695"/><trkpt lat="36.546277" lon="127.068707"/><trkpt lat="36.546313" lon="127.068724"/><trkpt lat="36.546347" lon="127.068744"/><trkpt lat="36.546378" lon="127.068769"/><trkpt lat="36.546405" lon="127.068804"/><trkpt lat="36.546435" lon="127.068857"/><trkpt lat="36.546662" lon="127.069281"/><trkpt lat="36.546687" lon="127.069318"/><trkpt lat="36.546717" lon="127.069347"/><trkpt lat="36.54675" lon="127.06937"/><trkpt lat="36.546868" lon="127.069438"/><trkpt lat="36.546915" lon="127.069463"/><trkpt lat="36.546952" lon="127.069476"/><trkpt lat="36.54699" lon="127.06948"/><trkpt lat="36.547042" lon="127.069478"/><trkpt lat="36.547106" lon="127.069471"/><trkpt lat="36.547144" lon="127.069461"/><trkpt lat="36.547194" lon="127.06944"/><trkpt lat="36.547342" lon="127.069367"/><trkpt lat="36.547379" lon="127.069351"/><trkpt lat="36.547418" lon="127.069341"/><trkpt lat="36.547457" lon="127.069338"/><trkpt lat="36.547751" lon="127.069343"/><trkpt lat="36.547925" lon="127.069347"/><trkpt lat="36.547964" lon="127.069344"/><trkpt lat="36.547999" lon="127.069332"/><trkpt lat="36.54803" lon="127.069309"/><trkpt lat="36.548058" lon="127.069281"/><trkpt lat="36.548084" lon="127.06925"/><trkpt lat="36.548108" lon="127.069212"/><trkpt lat="36.548135" lon="127.069156"/><trkpt lat="36.548181" lon="127.069056"/><trkpt lat="36.548205" lon="127.069019"/><trkpt lat="36.548235" lon="127.068992"/><trkpt lat="36.548269" lon="127.068974"/><trkpt lat="36.548306" lon="127.06897"/><trkpt lat="36.548344" lon="127.068977"/><trkpt lat="36.548382" lon="127.068991"/><trkpt lat="36.548414" lon="127.069015"/><trkpt lat="36.548453" lon="127.069057"/><trkpt lat="36.548574" lon="127.069204"/><trkpt lat="36.548613" lon="127.069247"/><trkpt lat="36.548645" lon="127.069273"/><trkpt lat="36.54868" lon="127.069294"/><trkpt lat="36.548766" lon="127.069332"/><trkpt lat="36.548804" lon="127.069344"/><trkpt lat="36.548842" lon="127.069348"/><trkpt lat="36.54888" lon="127.069342"/><trkpt lat="36.549047" lon="127.06929"/><trkpt lat="36.549138" lon="127.069263"/><trkpt lat="36.549177" lon="127.069257"/><trkpt lat="36.54923" lon="127.069255"/><trkpt lat="36.549445" lon="127.069263"/><trkpt lat="36.549498" lon="127.069262"/><trkpt lat="36.549535" lon="127.069253"/><trkpt lat="36.549567" lon="127.069231"/><trkpt lat="36.549594" lon="127.0692"/><trkpt lat="36.549608" lon="127.069162"/><trkpt lat="36.549611" lon="127.069119"/><trkpt lat="36.549609" lon="127.06903"/><trkpt lat="36.549618" lon="127.068991"/><trkpt lat="36.549639" lon="127.068961"/><trkpt lat="36.549672" lon="127.068942"/><trkpt lat="36.54971" lon="127.068931"/><trkpt lat="36.550043" lon="127.068877"/><trkpt lat="36.550708" lon="127.068763"/><trkpt lat="36.550761" lon="127.068756"/><trkpt lat="36.550801" lon="127.068755"/><trkpt lat="36.550837" lon="127.068763"/><trkpt lat="36.550871" lon="127.068779"/><trkpt lat="36.5509" lon="127.068802"/><trkpt lat="36.550921" lon="127.068838"/><trkpt lat="36.550941" lon="127.068896"/><trkpt lat="36.550974" lon="127.069003"/><trkpt lat="36.550991" lon="127.069045"/><trkpt lat="36.551013" lon="127.069078"/><trkpt lat="36.551039" lon="127.069104"/><trkpt lat="36.551072" lon="127.069122"/><trkpt lat="36.551123" lon="127.069136"/><trkpt lat="36.551369" lon="127.069189"/><trkpt lat="36.551433" lon="127.069206"/><trkpt lat="36.551469" lon="127.069222"/><trkpt lat="36.551501" lon="127.069248"/><trkpt lat="36.551559" lon="127.069314"/><trkpt lat="36.551701" lon="127.069486"/></trkseg>
<trkseg><trkpt lat="36.551817" lon="127.069626"/><trkpt lat="36.55208" lon="127.069931"/></trkseg>
<trkseg><trkpt lat="36.551701" lon="127.069486"/><trkpt lat="36.551749" lon="127.069495"/><trkpt lat="36.551761" lon="127.069501"/><trkpt lat="36.551768" lon="127.06951"/><trkpt lat="36.551817" lon="127.069626"/></trkseg>
<trkseg><trkpt lat="36.55208" lon="127.069931"/><trkpt lat="36.552106" lon="127.069941"/><trkpt lat="36.552142" lon="127.069945"/><trkpt lat="36.552172" lon="127.069926"/><trkpt lat="36.552184" lon="127.069891"/><trkpt lat="36.55219" lon="127.069834"/><trkpt lat="36.552216" lon="127.069333"/></trkseg>
<trkseg><trkpt lat="36.551044" lon="127.078243"/><trkpt lat="36.55104" lon="127.078315"/><trkpt lat="36.551031" lon="127.078372"/><trkpt lat="36.551013" lon="127.078417"/><trkpt lat="36.55099" lon="127.078456"/><trkpt lat="36.550942" lon="127.078532"/><trkpt lat="36.550925" lon="127.078573"/><trkpt lat="36.550919" lon="127.078616"/><trkpt lat="36.550922" lon="127.078659"/><trkpt lat="36.550935" lon="127.078699"/><trkpt lat="36.55096" lon="127.078735"/><trkpt lat="36.551" lon="127.078779"/><trkpt lat="36.551431" lon="127.079231"/><trkpt lat="36.551501" lon="127.079309"/><trkpt lat="36.551528" lon="127.079345"/><trkpt lat="36.551671" lon="127.079575"/><trkpt lat="36.551716" lon="127.079654"/><trkpt lat="36.551741" lon="127.079711"/><trkpt lat="36.551891" lon="127.080111"/><trkpt lat="36.551921" lon="127.080201"/><trkpt lat="36.551933" lon="127.080247"/><trkpt lat="36.551944" lon="127.08031"/><trkpt lat="36.55198" lon="127.080532"/><trkpt lat="36.551991" lon="127.080579"/><trkpt lat="36.552016" lon="127.080656"/><trkpt lat="36.552131" lon="127.080977"/><trkpt lat="36.55215" lon="127.081039"/><trkpt lat="36.552161" lon="127.081086"/><trkpt lat="36.55218" lon="127.081229"/><trkpt lat="36.55219" lon="127.081324"/><trkpt lat="36.552191" lon="127.081372"/><trkpt lat="36.552184" lon="127.081438"/><trkpt lat="36.552129" lon="127.081832"/><trkpt lat="36.552119" lon="127.081915"/><trkpt lat="36.552116" lon="127.082014"/><trkpt lat="36.552108" lon="127.082697"/><trkpt lat="36.552109" lon="127.082763"/><trkpt lat="36.552113" lon="127.082811"/><trkpt lat="36.552123" lon="127.082859"/><trkpt lat="36.552189" lon="127.083123"/><trkpt lat="36.552222" lon="127.083263"/><trkpt lat="36.552231" lon="127.083327"/><trkpt lat="36.552247" lon="127.083505"/><trkpt lat="36.552254" lon="127.083551"/><trkpt lat="36.552266" lon="127.083593"/><trkpt lat="36.552291" lon="127.083627"/><trkpt lat="36.552334" lon="127.083666"/><trkpt lat="36.55256" lon="127.083848"/><trkpt lat="36.553347" lon="127.08449"/><trkpt lat="36.553391" lon="127.084529"/><trkpt lat="36.553421" lon="127.08456"/><trkpt lat="36.553464" lon="127.084614"/><trkpt lat="36.553518" lon="127.084687"/></trkseg>
<trkseg><trkpt lat="36.553518" lon="127.084687"/><trkpt lat="36.553442" lon="127.084875"/><trkpt lat="36.553428" lon="127.084919"/><trkpt lat="36.553418" lon="127.084966"/><trkpt lat="36.553408" lon="127.085064"/><trkpt lat="36.5534" lon="127.085127"/><trkpt lat="36.553388" lon="127.085166"/><trkpt lat="36.553364" lon="127.085186"/><trkpt lat="36.553329" lon="127.085191"/><trkpt lat="36.553277" lon="127.08519"/><trkpt lat="36.553184" lon="127.085187"/><trkpt lat="36.553144" lon="127.08519"/><trkpt lat="36.553107" lon="127.0852"/><trkpt lat="36.553058" lon="127.085221"/><trkpt lat="36.552876" lon="127.085314"/><trkpt lat="36.552841" lon="127.085336"/><trkpt lat="36.552809" lon="127.085362"/><trkpt lat="36.552768" lon="127.085404"/><trkpt lat="36.5526" lon="127.085589"/><trkpt lat="36.552562" lon="127.085634"/><trkpt lat="36.552519" lon="127.085697"/><trkpt lat="36.552235" lon="127.08614"/><trkpt lat="36.552195" lon="127.086207"/><trkpt lat="36.552176" lon="127.086249"/><trkpt lat="36.552163" lon="127.086295"/><trkpt lat="36.55213" lon="127.086435"/><trkpt lat="36.552113" lon="127.086514"/><trkpt lat="36.552108" lon="127.086562"/><trkpt lat="36.552105" lon="127.086627"/><trkpt lat="36.552107" lon="127.087003"/><trkpt lat="36.55211" lon="127.0871"/><trkpt lat="36.552116" lon="127.087149"/><trkpt lat="36.552137" lon="127.087261"/><trkpt lat="36.55218" lon="127.08747"/><trkpt lat="36.552186" lon="127.087518"/><trkpt lat="36.552185" lon="127.087566"/><trkpt lat="36.552179" lon="127.087613"/><trkpt lat="36.552168" lon="127.087659"/><trkpt lat="36.552153" lon="127.087704"/><trkpt lat="36.552123" lon="127.087777"/><trkpt lat="36.551936" lon="127.088194"/><trkpt lat="36.551908" lon="127.08825"/><trkpt lat="36.551885" lon="127.08829"/><trkpt lat="36.551785" lon="127.088446"/><trkpt lat="36.551742" lon="127.088509"/><trkpt lat="36.551714" lon="127.088544"/><trkpt lat="36.551652" lon="127.088608"/><trkpt lat="36.551238" lon="127.089025"/><trkpt lat="36.5512" lon="127.089072"/><trkpt lat="36.550919" lon="127.089457"/><trkpt lat="36.55081" lon="127.089606"/><trkpt lat="36.550787" lon="127.089645"/><trkpt lat="36.550773" lon="127.089687"/><trkpt lat="36.550769" lon="127.089735"/><trkpt lat="36.550771" lon="127.089801"/><trkpt lat="36.55078" lon="127.090002"/><trkpt lat="36.550778" lon="127.090051"/><trkpt lat="36.550771" lon="127.0901"/><trkpt lat="36.550753" lon="127.090179"/><trkpt lat="36.55069" lon="127.090434"/><trkpt lat="36.550682" lon="127.090482"/><trkpt lat="36.550669" lon="127.090579"/><trkpt lat="36.550621" lon="127.091019"/><trkpt lat="36.550612" lon="127.091116"/><trkpt lat="36.550613" lon="127.091164"/><trkpt lat="36.550622" lon="127.091211"/><trkpt lat="36.550646" lon="127.091287"/><trkpt lat="36.550745" lon="127.091576"/><trkpt lat="36.550763" lon="127.09162"/><trkpt lat="36.550804" lon="127.091704"/><trkpt lat="36.551097" lon="127.092271"/><trkpt lat="36.551116" lon="127.092315"/><trkpt lat="36.55113" lon="127.09236"/><trkpt lat="36.551208" lon="127.09271"/></trkseg>
<trkseg><trkpt lat="36.552216" lon="127.069333"/><trkpt lat="36.552295" lon="127.069299"/><trkpt lat="36.552354" lon="127.069277"/><trkpt lat="36.552392" lon="127.069271"/><trkpt lat="36.552431" lon="127.069277"/><trkpt lat="36.552496" lon="127.069298"/><trkpt lat="36.552665" lon="127.069359"/><trkpt lat="36.552704" lon="127.069369"/><trkpt lat="36.552742" lon="127.069369"/><trkpt lat="36.552779" lon="127.069356"/><trkpt lat="36.552813" lon="127.069333"/><trkpt lat="36.552838" lon="127.0693"/><trkpt lat="36.552857" lon="127.069257"/><trkpt lat="36.552949" lon="127.068998"/><trkpt lat="36.552983" lon="127.068908"/><trkpt lat="36.553003" lon="127.068866"/><trkpt lat="36.553028" lon="127.068832"/><trkpt lat="36.553059" lon="127.068804"/><trkpt lat="36.553132" lon="127.068741"/><trkpt lat="36.553159" lon="127.068709"/><trkpt lat="36.55318" lon="127.068671"/><trkpt lat="36.553213" lon="127.068605"/><trkpt lat="36.553239" lon="127.068573"/><trkpt lat="36.55328" lon="127.068534"/><trkpt lat="36.553311" lon="127.068509"/><trkpt lat="36.553344" lon="127.068488"/><trkpt lat="36.553381" lon="127.068478"/><trkpt lat="36.55342" lon="127.068477"/><trkpt lat="36.553499" lon="127.068478"/><trkpt lat="36.553536" lon="127.06847"/><trkpt lat="36.553568" lon="127.068447"/><trkpt lat="36.553597" lon="127.068416"/><trkpt lat="36.553622" lon="127.06838"/><trkpt lat="36.553642" lon="127.068342"/><trkpt lat="36.553663" lon="127.068291"/><trkpt lat="36.553686" lon="127.068262"/><trkpt lat="36.55372" lon="127.06823"/><trkpt lat="36.553734" lon="127.068197"/><trkpt lat="36.553742" lon="127.06813"/><trkpt lat="36.553755" lon="127.06809"/><trkpt lat="36.553798" lon="127.068014"/><trkpt lat="36.553817" lon="127.067975"/><trkpt lat="36.553828" lon="127.06793"/><trkpt lat="36.553837" lon="127.067867"/><trkpt lat="36.553843" lon="127.067787"/><trkpt lat="36.553843" lon="127.067739"/><trkpt lat="36.553835" lon="127.067694"/><trkpt lat="36.55382" lon="127.067653"/><trkpt lat="36.553798" lon="127.067618"/><trkpt lat="36.553767" lon="127.067593"/><trkpt lat="36.55372" lon="127.067565"/><trkpt lat="36.553689" lon="127.067538"/><trkpt lat="36.55367" lon="127.067504"/><trkpt lat="36.553649" lon="127.067451"/><trkpt lat="36.553628" lon="127.067414"/><trkpt lat="36.5536" lon="127.067381"/><trkpt lat="36.553559" lon="127.06734"/><trkpt lat="36.553484" lon="127.067271"/><trkpt lat="36.553456" lon="127.06724"/><trkpt lat="36.553437" lon="127.067205"/><trkpt lat="36.553436" lon="127.067163"/><trkpt lat="36.553444" lon="127.067117"/><trkpt lat="36.553479" lon="127.066974"/><trkpt lat="36.553533" lon="127.066751"/><trkpt lat="36.553549" lon="127.066689"/><trkpt lat="36.553564" lon="127.066649"/><trkpt lat="36.553585" lon="127.066623"/><trkpt lat="36.553621" lon="127.066604"/><trkpt lat="36.553649" lon="127.06658"/><trkpt lat="36.553707" lon="127.066526"/><trkpt lat="36.55374" lon="127.066502"/><trkpt lat="36.553787" lon="127.066477"/><trkpt lat="36.553883" lon="127.066433"/><trkpt lat="36.553919" lon="127.066422"/><trkpt lat="36.553954" lon="127.066424"/><trkpt lat="36.553988" lon="127.066443"/><trkpt lat="36.554045" lon="127.066483"/><trkpt lat="36.55408" lon="127.066504"/><trkpt lat="36.554124" lon="127.066515"/><trkpt lat="36.554157" lon="127.066525"/><trkpt lat="36.554189" lon="127.06655"/><trkpt lat="36.55423" lon="127.066591"/><trkpt lat="36.554313" lon="127.066677"/><trkpt lat="36.554345" lon="127.066702"/><trkpt lat="36.554382" lon="127.066714"/><trkpt lat="36.55442" lon="127.066715"/><trkpt lat="36.55446" lon="127.066711"/><trkpt lat="36.554499" lon="127.066703"/><trkpt lat="36.554534" lon="127.066688"/><trkpt lat="36.554562" lon="127.066658"/><trkpt lat="36.554587" lon="127.066621"/><trkpt lat="36.554713" lon="127.066407"/><trkpt lat="36.554753" lon="127.066342"/><trkpt lat="36.55478" lon="127.066307"/><trkpt lat="36.55484" lon="127.066245"/><trkpt lat="36.554973" lon="127.066117"/><trkpt lat="36.555001" lon="127.066085"/><trkpt lat="36.555027" lon="127.066048"/><trkpt lat="36.555064" lon="127.065981"/><trkpt lat="36.555086" lon="127.065942"/><trkpt lat="36.555113" lon="127.065911"/><trkpt lat="36.555147" lon="127.065894"/><trkpt lat="36.555197" lon="127.065884"/><trkpt lat="36.555289" lon="127.065872"/><trkpt lat="36.555341" lon="127.06587"/><trkpt lat="36.555378" lon="127.065875"/><trkpt lat="36.555436" lon="127.065896"/><trkpt lat="36.555472" lon="127.065906"/><trkpt lat="36.55551" lon="127.065907"/><trkpt lat="36.555562" lon="127.0659"/><trkpt lat="36.555747" lon="127.065867"/><trkpt lat="36.555785" lon="127.065862"/><trkpt lat="36.55582" lon="127.065865"/><trkpt lat="36.555841" lon="127.06588"/><trkpt lat="36.555841" lon="127.065909"/><trkpt lat="36.555823" lon="127.065944"/><trkpt lat="36.555761" lon="127.066033"/><trkpt lat="36.555717" lon="127.066098"/><trkpt lat="36.555695" lon="127.06614"/><trkpt lat="36.555672" lon="127.066212"/><trkpt lat="36.555656" lon="127.066251"/><trkpt lat="36.555635" lon="127.066278"/><trkpt lat="36.555604" lon="127.066309"/><trkpt lat="36.555588" lon="127.066345"/><trkpt lat="36.555577" lon="127.066388"/><trkpt lat="36.55556" lon="127.066463"/><trkpt lat="36.555545" lon="127.066504"/><trkpt lat="36.555515" lon="127.066549"/><trkpt lat="36.555497" lon="127.06658"/><trkpt lat="36.555498" lon="127.066614"/><trkpt lat="36.555518" lon="127.06665"/><trkpt lat="36.555589" lon="127.066749"/><trkpt lat="36.555624" lon="127.0668"/><trkpt lat="36.555645" lon="127.066842"/><trkpt lat="36.555661" lon="127.066887"/><trkpt lat="36.555731" lon="127.06714"/><trkpt lat="36.55575" lon="127.06722"/><trkpt lat="36.555757" lon="127.067268"/><trkpt lat="36.555765" lon="127.067399"/><trkpt lat="36.55577" lon="127.067448"/><trkpt lat="36.555781" lon="127.067495"/><trkpt lat="36.555807" lon="127.067571"/><trkpt lat="36.555929" lon="127.067888"/><trkpt lat="36.555954" lon="127.067946"/><trkpt lat="36.555976" lon="127.067986"/><trkpt lat="36.55601" lon="127.068033"/><trkpt lat="36.556081" lon="127.068122"/><trkpt lat="36.556103" lon="127.068159"/><trkpt lat="36.556119" lon="127.0682"/><trkpt lat="36.556133" lon="127.06826"/><trkpt lat="36.556144" lon="127.06832"/><trkpt lat="36.556146" lon="127.068365"/><trkpt lat="36.556132" lon="127.06844"/><trkpt lat="36.556127" lon="127.068486"/><trkpt lat="36.556128" lon="127.068534"/><trkpt lat="36.556139" lon="127.068645"/><trkpt lat="36.556142" lon="127.068709"/><trkpt lat="36.556138" lon="127.068756"/><trkpt lat="36.556126" lon="127.06882"/><trkpt lat="36.556009" lon="127.069292"/><trkpt lat="36.556" lon="127.06934"/><trkpt lat="36.555994" lon="127.069388"/><trkpt lat="36.555994" lon="127.069436"/><trkpt lat="36.556006" lon="127.069665"/><trkpt lat="36.55601" lon="127.069779"/><trkpt lat="36.556008" lon="127.069828"/><trkpt lat="36.555998" lon="127.06991"/><trkpt lat="36.555982" lon="127.070007"/><trkpt lat="36.555968" lon="127.07007"/><trkpt lat="36.555953" lon="127.070112"/><trkpt lat="36.555928" lon="127.070159"/><trkpt lat="36.555915" lon="127.070198"/><trkpt lat="36.555908" lon="127.070242"/><trkpt lat="36.555905" lon="127.070287"/><trkpt lat="36.555907" lon="127.070331"/><trkpt lat="36.555919" lon="127.070382"/><trkpt lat="36.555921" lon="127.070422"/><trkpt lat="36.555912" lon="127.070464"/><trkpt lat="36.555877" lon="127.070582"/><trkpt lat="36.555867" lon="127.070627"/><trkpt lat="36.555864" lon="127.070681"/><trkpt lat="36.555868" lon="127.070764"/><trkpt lat="36.555871" lon="127.070804"/></trkseg>
<trkseg><trkpt lat="36.519053" lon="127.060157"/><trkpt lat="36.518921" lon="127.060184"/><trkpt lat="36.518869" lon="127.060199"/><trkpt lat="36.518834" lon="127.060217"/><trkpt lat="36.518803" lon="127.060244"/><trkpt lat="36.518774" lon="127.060274"/><trkpt lat="36.518749" lon="127.060308"/><trkpt lat="36.51873" lon="127.060349"/><trkpt lat="36.518717" lon="127.060395"/><trkpt lat="36.518685" lon="127.06054"/><trkpt lat="36.518631" lon="127.06078"/><trkpt lat="36.518623" lon="127.060828"/><trkpt lat="36.518623" lon="127.060873"/><trkpt lat="36.518637" lon="127.060912"/><trkpt lat="36.518658" lon="127.060949"/><trkpt lat="36.518699" lon="127.061008"/><trkpt lat="36.518727" lon="127.061038"/><trkpt lat="36.51876" lon="127.06106"/><trkpt lat="36.518798" lon="127.061073"/><trkpt lat="36.51913" lon="127.061153"/><trkpt lat="36.519182" lon="127.061167"/><trkpt lat="36.519219" lon="127.061182"/><trkpt lat="36.519248" lon="127.061208"/><trkpt lat="36.519266" lon="127.061245"/><trkpt lat="36.519277" lon="127.061285"/><trkpt lat="36.519275" lon="127.061322"/><trkpt lat="36.519256" lon="127.061346"/><trkpt lat="36.519227" lon="127.061361"/><trkpt lat="36.519191" lon="127.061365"/><trkpt lat="36.519151" lon="127.06136"/><trkpt lat="36.519021" lon="127.061332"/><trkpt lat="36.518982" lon="127.061327"/><trkpt lat="36.518943" lon="127.061331"/><trkpt lat="36.518891" lon="127.061344"/><trkpt lat="36.518709" lon="127.061402"/><trkpt lat="36.51867" lon="127.061412"/><trkpt lat="36.518631" lon="127.061416"/><trkpt lat="36.518593" lon="127.061408"/><trkpt lat="36.518466" lon="127.061356"/><trkpt lat="36.518415" lon="127.061337"/><trkpt lat="36.518375" lon="127.061329"/><trkpt lat="36.518336" lon="127.061327"/><trkpt lat="36.518243" lon="127.061331"/><trkpt lat="36.518204" lon="127.06133"/><trkpt lat="36.518167" lon="127.061321"/><trkpt lat="36.518136" lon="127.061298"/><trkpt lat="36.518108" lon="127.061268"/><trkpt lat="36.518034" lon="127.061179"/><trkpt lat="36.518005" lon="127.061149"/><trkpt lat="36.517972" lon="127.061125"/><trkpt lat="36.517924" lon="127.0611"/><trkpt lat="36.517774" lon="127.061034"/><trkpt lat="36.517738" lon="127.061015"/><trkpt lat="36.517704" lon="127.060992"/><trkpt lat="36.517673" lon="127.060961"/><trkpt lat="36.517543" lon="127.060816"/><trkpt lat="36.517425" lon="127.060681"/><trkpt lat="36.517398" lon="127.060645"/><trkpt lat="36.517377" lon="127.060604"/><trkpt lat="36.517354" lon="127.060545"/><trkpt lat="36.5173" lon="127.060377"/><trkpt lat="36.517284" lon="127.060334"/><trkpt lat="36.517264" lon="127.060298"/><trkpt lat="36.517235" lon="127.06028"/><trkpt lat="36.517198" lon="127.060276"/><trkpt lat="36.517145" lon="127.060278"/><trkpt lat="36.51681" lon="127.060298"/><trkpt lat="36.516531" lon="127.060315"/><trkpt lat="36.516491" lon="127.060322"/><trkpt lat="36.516399" lon="127.060345"/><trkpt lat="36.516108" lon="127.060422"/><trkpt lat="36.516069" lon="127.060431"/><trkpt lat="36.51603" lon="127.060433"/><trkpt lat="36.515992" lon="127.060424"/><trkpt lat="36.515955" lon="127.060409"/><trkpt lat="36.515893" lon="127.060379"/><trkpt lat="36.515858" lon="127.060358"/><trkpt lat="36.515824" lon="127.060334"/><trkpt lat="36.515608" lon="127.060148"/><trkpt lat="36.515544" lon="127.06009"/><trkpt lat="36.515516" lon="127.060056"/><trkpt lat="36.51548" lon="127.060008"/><trkpt lat="36.515409" lon="127.059909"/><trkpt lat="36.515382" lon="127.059878"/><trkpt lat="36.515355" lon="127.059863"/><trkpt lat="36.515332" lon="127.059875"/><trkpt lat="36.515314" lon="127.059906"/><trkpt lat="36.515305" lon="127.05995"/><trkpt lat="36.515301" lon="127.059998"/><trkpt lat="36.515301" lon="127.060046"/><trkpt lat="36.515307" lon="127.060096"/><trkpt lat="36.515359" lon="127.060375"/><trkpt lat="36.515383" lon="127.060505"/><trkpt lat="36.515389" lon="127.060555"/><trkpt lat="36.515401" lon="127.060904"/><trkpt lat="36.51541" lon="127.061188"/><trkpt lat="36.515408" lon="127.061237"/><trkpt lat="36.5154" lon="127.061285"/><trkpt lat="36.515382" lon="127.061346"/><trkpt lat="36.515283" lon="127.061638"/><trkpt lat="36.515206" lon="127.06187"/><trkpt lat="36.515184" lon="127.06193"/><trkpt lat="36.515162" lon="127.061967"/><trkpt lat="36.515154" lon="127.061976"/></trkseg>
<trkseg><trkpt lat="36.530417" lon="127.063805"/><trkpt lat="36.530372" lon="127.063797"/><trkpt lat="36.530328" lon="127.063778"/><trkpt lat="36.530297" lon="127.063745"/><trkpt lat="36.530278" lon="127.063707"/><trkpt lat="36.530264" lon="127.063663"/><trkpt lat="36.530254" lon="127.063599"/><trkpt lat="36.530221" lon="127.063251"/><trkpt lat="36.530212" lon="127.063186"/><trkpt lat="36.530201" lon="127.063143"/><trkpt lat="36.530177" lon="127.063112"/><trkpt lat="36.530143" lon="127.063094"/><trkpt lat="36.530107" lon="127.063084"/><trkpt lat="36.530073" lon="127.063089"/><trkpt lat="36.530041" lon="127.063111"/><trkpt lat="36.52997" lon="127.063183"/><trkpt lat="36.529939" lon="127.063212"/><trkpt lat="36.529905" lon="127.063234"/><trkpt lat="36.529868" lon="127.063246"/><trkpt lat="36.529829" lon="127.063253"/><trkpt lat="36.529792" lon="127.063254"/><trkpt lat="36.529757" lon="127.063245"/><trkpt lat="36.529726" lon="127.063222"/><trkpt lat="36.529698" lon="127.063193"/><trkpt lat="36.529676" lon="127.063156"/><trkpt lat="36.52966" lon="127.063111"/><trkpt lat="36.529643" lon="127.063047"/><trkpt lat="36.529587" lon="127.062821"/><trkpt lat="36.529573" lon="127.062774"/><trkpt lat="36.529554" lon="127.062733"/><trkpt lat="36.529531" lon="127.062696"/><trkpt lat="36.529504" lon="127.062668"/><trkpt lat="36.52947" lon="127.062652"/><trkpt lat="36.529435" lon="127.062646"/><trkpt lat="36.529401" lon="127.062651"/><trkpt lat="36.529371" lon="127.062675"/><trkpt lat="36.529335" lon="127.06272"/><trkpt lat="36.529257" lon="127.062829"/><trkpt lat="36.529229" lon="127.062862"/><trkpt lat="36.529164" lon="127.062922"/><trkpt lat="36.529008" lon="127.063057"/><trkpt lat="36.528973" lon="127.063082"/><trkpt lat="36.528939" lon="127.063094"/><trkpt lat="36.528907" lon="127.063091"/><trkpt lat="36.528877" lon="127.063074"/><trkpt lat="36.52885" lon="127.063043"/><trkpt lat="36.528827" lon="127.063005"/><trkpt lat="36.528808" lon="127.062962"/><trkpt lat="36.528787" lon="127.062902"/><trkpt lat="36.528723" lon="127.062703"/><trkpt lat="36.528702" lon="127.062644"/><trkpt lat="36.528682" lon="127.062609"/><trkpt lat="36.528654" lon="127.062593"/><trkpt lat="36.528619" lon="127.062593"/><trkpt lat="36.528583" lon="127.062603"/><trkpt lat="36.528547" lon="127.062623"/><trkpt lat="36.528501" lon="127.062658"/><trkpt lat="36.52841" lon="127.06273"/><trkpt lat="36.528374" lon="127.062751"/><trkpt lat="36.528338" lon="127.062762"/><trkpt lat="36.5283" lon="127.062763"/><trkpt lat="36.528262" lon="127.062759"/><trkpt lat="36.528227" lon="127.062748"/><trkpt lat="36.5282" lon="127.062723"/><trkpt lat="36.52818" lon="127.062687"/><trkpt lat="36.528166" lon="127.062646"/><trkpt lat="36.528162" lon="127.062598"/><trkpt lat="36.528163" lon="127.062548"/><trkpt lat="36.528173" lon="127.062365"/><trkpt lat="36.528173" lon="127.062315"/><trkpt lat="36.52817" lon="127.062268"/><trkpt lat="36.528156" lon="127.062192"/><trkpt lat="36.528143" lon="127.062132"/><trkpt lat="36.528129" lon="127.062089"/><trkpt lat="36.528108" lon="127.062048"/><trkpt lat="36.528076" lon="127.061997"/><trkpt lat="36.528023" lon="127.061924"/><trkpt lat="36.527994" lon="127.061893"/><trkpt lat="36.527962" lon="127.061867"/><trkpt lat="36.527929" lon="127.061845"/><trkpt lat="36.527895" lon="127.061828"/><trkpt lat="36.52786" lon="127.061823"/><trkpt lat="36.527824" lon="127.061835"/><trkpt lat="36.527792" lon="127.06186"/><trkpt lat="36.527764" lon="127.061894"/><trkpt lat="36.527653" lon="127.06206"/><trkpt lat="36.527448" lon="127.062367"/><trkpt lat="36.527421" lon="127.062402"/><trkpt lat="36.527391" lon="127.062428"/><trkpt lat="36.527357" lon="127.062438"/><trkpt lat="36.52732" lon="127.062439"/><trkpt lat="36.527282" lon="127.062436"/><trkpt lat="36.527246" lon="127.062427"/><trkpt lat="36.527212" lon="127.062407"/><trkpt lat="36.52718" lon="127.062377"/><trkpt lat="36.527081" lon="127.062264"/><trkpt lat="36.527041" lon="127.062221"/><trkpt lat="36.527009" lon="127.062198"/><trkpt lat="36.526975" lon="127.062193"/><trkpt lat="36.526938" lon="127.062202"/><trkpt lat="36.526762" lon="127.062277"/><trkpt lat="36.526712" lon="127.0623"/><trkpt lat="36.526678" lon="127.062321"/><trkpt lat="36.526651" lon="127.062353"/><trkpt lat="36.526629" lon="127.062393"/><trkpt lat="36.526542" lon="127.062582"/><trkpt lat="36.526363" lon="127.062978"/><trkpt lat="36.526341" lon="127.063019"/><trkpt lat="36.526318" lon="127.063047"/><trkpt lat="36.526291" lon="127.063057"/><trkpt lat="36.52626" lon="127.063046"/><trkpt lat="36.526234" lon="127.063016"/><trkpt lat="36.526211" lon="127.062975"/><trkpt lat="36.526118" lon="127.06277"/><trkpt lat="36.526057" lon="127.062639"/><trkpt lat="36.526036" lon="127.062597"/><trkpt lat="36.525986" lon="127.06252"/><trkpt lat="36.525737" lon="127.062157"/><trkpt lat="36.525714" lon="127.062116"/><trkpt lat="36.525645" lon="127.061972"/><trkpt lat="36.525616" lon="127.061916"/><trkpt lat="36.52559" lon="127.061883"/><trkpt lat="36.525556" lon="127.061863"/><trkpt lat="36.525518" lon="127.061853"/><trkpt lat="36.525479" lon="127.061851"/><trkpt lat="36.525429" lon="127.061861"/><trkpt lat="36.525353" lon="127.061877"/><trkpt lat="36.525316" lon="127.061878"/><trkpt lat="36.52528" lon="127.061868"/><trkpt lat="36.525232" lon="127.061844"/><trkpt lat="36.525126" lon="127.061786"/><trkpt lat="36.525091" lon="127.061775"/><trkpt lat="36.525055" lon="127.061779"/><trkpt lat="36.52502" lon="127.061796"/><trkpt lat="36.524762" lon="127.061962"/><trkpt lat="36.524715" lon="127.061991"/><trkpt lat="36.524681" lon="127.062006"/><trkpt lat="36.524647" lon="127.062006"/><trkpt lat="36.524614" lon="127.061987"/><trkpt lat="36.524571" lon="127.06195"/><trkpt lat="36.524475" lon="127.061859"/><trkpt lat="36.524445" lon="127.061827"/><trkpt lat="36.524419" lon="127.061791"/><trkpt lat="36.524397" lon="127.061749"/><trkpt lat="36.52436" lon="127.061661"/><trkpt lat="36.524243" lon="127.06138"/><trkpt lat="36.524216" lon="127.061324"/><trkpt lat="36.52419" lon="127.061287"/><trkpt lat="36.52415" lon="127.061244"/><trkpt lat="36.523818" lon="127.060911"/><trkpt lat="36.523662" lon="127.060755"/><trkpt lat="36.523634" lon="127.060722"/><trkpt lat="36.523609" lon="127.060683"/><trkpt lat="36.523582" lon="127.060627"/><trkpt lat="36.523492" lon="127.060422"/><trkpt lat="36.523472" lon="127.060381"/><trkpt lat="36.523448" lon="127.060344"/><trkpt lat="36.523418" lon="127.060321"/><trkpt lat="36.523383" lon="127.060309"/><trkpt lat="36.523281" lon="127.060287"/><trkpt lat="36.523244" lon="127.060277"/><trkpt lat="36.523211" lon="127.060261"/><trkpt lat="36.523187" lon="127.060231"/><trkpt lat="36.523171" lon="127.060188"/><trkpt lat="36.523142" lon="127.060077"/><trkpt lat="36.523124" lon="127.060015"/><trkpt lat="36.523104" lon="127.059975"/><trkpt lat="36.523074" lon="127.059947"/><trkpt lat="36.523038" lon="127.059926"/><trkpt lat="36.523001" lon="127.059908"/><trkpt lat="36.522963" lon="127.059897"/><trkpt lat="36.522925" lon="127.059899"/><trkpt lat="36.522888" lon="127.059912"/><trkpt lat="36.522852" lon="127.05993"/><trkpt lat="36.522821" lon="127.059953"/><trkpt lat="36.522798" lon="127.059988"/><trkpt lat="36.522784" lon="127.060031"/><trkpt lat="36.522751" lon="127.06017"/><trkpt lat="36.522736" lon="127.060232"/><trkpt lat="36.522721" lon="127.060276"/><trkpt lat="36.5227" lon="127.060314"/><trkpt lat="36.522674" lon="127.060346"/><trkpt lat="36.522642" lon="127.060371"/><trkpt lat="36.522607" lon="127.060387"/><trkpt lat="36.522569" lon="127.060393"/><trkpt lat="36.52253" lon="127.060389"/><trkpt lat="36.522451" lon="127.060374"/><trkpt lat="36.522413" lon="127.060372"/><trkpt lat="36.522376" lon="127.060381"/><trkpt lat="36.522341" lon="127.060401"/><trkpt lat="36.522309" lon="127.060426"/><trkpt lat="36.52228" lon="127.060457"/><trkpt lat="36.522256" lon="127.060493"/><trkpt lat="36.522205" lon="127.060586"/><trkpt lat="36.522165" lon="127.060668"/><trkpt lat="36.52215" lon="127.060712"/><trkpt lat="36.522121" lon="127.060821"/><trkpt lat="36.522072" lon="127.061027"/><trkpt lat="36.522058" lon="127.061072"/><trkpt lat="36.522038" lon="127.061111"/><trkpt lat="36.52201" lon="127.061144"/><trkpt lat="36.521958" lon="127.061194"/><trkpt lat="36.521883" lon="127.061262"/><trkpt lat="36.521849" lon="127.061286"/><trkpt lat="36.521815" lon="127.061298"/><trkpt lat="36.521779" lon="127.061295"/><trkpt lat="36.521744" lon="127.061283"/><trkpt lat="36.521711" lon="127.061261"/><trkpt lat="36.521681" lon="127.061229"/><trkpt lat="36.521547" lon="127.06104"/><trkpt lat="36.521501" lon="127.060978"/><trkpt lat="36.521472" lon="127.060945"/><trkpt lat="36.52144" lon="127.060919"/><trkpt lat="36.521392" lon="127.060894"/><trkpt lat="36.521318" lon="127.060859"/><trkpt lat="36.521285" lon="127.060838"/><trkpt lat="36.521259" lon="127.060808"/><trkpt lat="36.521242" lon="127.060766"/><trkpt lat="36.52123" lon="127.060719"/><trkpt lat="36.521123" lon="127.060254"/><trkpt lat="36.521106" lon="127.06019"/><trkpt lat="36.52109" lon="127.060145"/><trkpt lat="36.521068" lon="127.060104"/><trkpt lat="36.521024" lon="127.060041"/><trkpt lat="36.520996" lon="127.060005"/><trkpt lat="36.520966" lon="127.059975"/><trkpt lat="36.520935" lon="127.059961"/><trkpt lat="36.5209" lon="127.059966"/><trkpt lat="36.520864" lon="127.059979"/><trkpt lat="36.520829" lon="127.059997"/><trkpt lat="36.520796" lon="127.060019"/><trkpt lat="36.520769" lon="127.060051"/><trkpt lat="36.520748" lon="127.060092"/><trkpt lat="36.520716" lon="127.060166"/><trkpt lat="36.520636" lon="127.060361"/><trkpt lat="36.520615" lon="127.060401"/><trkpt lat="36.52059" lon="127.060429"/><trkpt lat="36.52056" lon="127.060436"/><trkpt lat="36.520526" lon="127.060429"/><trkpt lat="36.520493" lon="127.060412"/><trkpt lat="36.520459" lon="127.060383"/><trkpt lat="36.520385" lon="127.06031"/><trkpt lat="36.520353" lon="127.060285"/><trkpt lat="36.520321" lon="127.060277"/><trkpt lat="36.52029" lon="127.060289"/><trkpt lat="36.520261" lon="127.060313"/><trkpt lat="36.520235" lon="127.060346"/><trkpt lat="36.520206" lon="127.060399"/><trkpt lat="36.520138" lon="127.060538"/><trkpt lat="36.520116" lon="127.060578"/><trkpt lat="36.52009" lon="127.060613"/><trkpt lat="36.52006" lon="127.060641"/><trkpt lat="36.520027" lon="127.060663"/><trkpt lat="36.519996" lon="127.060675"/><trkpt lat="36.519966" lon="127.060665"/><trkpt lat="36.519938" lon="127.060637"/><trkpt lat="36.519902" lon="127.06059"/><trkpt lat="36.519813" lon="127.060467"/><trkpt lat="36.519785" lon="127.060433"/><trkpt lat="36.519754" lon="127.060406"/><trkpt lat="36.51972" lon="127.060387"/><trkpt lat="36.519684" lon="127.060372"/><trkpt lat="36.519648" lon="127.060361"/><trkpt lat="36.519609" lon="127.060357"/><trkpt lat="36.519491" lon="127.060357"/><trkpt lat="36.519439" lon="127.060355"/><trkpt lat="36.519402" lon="127.060347"/><trkpt lat="36.519368" lon="127.060328"/><trkpt lat="36.519335" lon="127.060303"/><trkpt lat="36.519207" lon="127.060192"/><trkpt lat="36.519161" lon="127.060159"/><trkpt lat="36.519115" lon="127.060148"/><trkpt lat="36.519072" lon="127.060152"/><trkpt lat="36.519053" lon="127.060157"/></trkseg>
<trkseg><trkpt lat="36.530477" lon="127.064818"/><trkpt lat="36.530465" lon="127.064759"/><trkpt lat="36.53046" lon="127.064699"/><trkpt lat="36.53047" lon="127.06465"/><trkpt lat="36.530489" lon="127.064609"/><trkpt lat="36.53055" lon="127.064503"/><trkpt lat="36.530579" lon="127.06445"/><trkpt lat="36.530594" lon="127.064409"/><trkpt lat="36.530598" lon="127.064365"/><trkpt lat="36.530593" lon="127.064303"/><trkpt lat="36.530594" lon="127.064259"/><trkpt lat="36.530599" lon="127.064187"/><trkpt lat="36.530595" lon="127.064149"/><trkpt lat="36.530577" lon="127.064119"/><trkpt lat="36.530547" lon="127.064076"/><trkpt lat="36.530511" lon="127.064007"/><trkpt lat="36.530417" lon="127.063805"/></trkseg>
<trkseg><trkpt lat="36.530477" lon="127.064818"/><trkpt lat="36.530602" lon="127.064777"/><trkpt lat="36.530652" lon="127.064765"/><trkpt lat="36.53069" lon="127.064762"/><trkpt lat="36.530727" lon="127.064769"/><trkpt lat="36.530814" lon="127.064799"/><trkpt lat="36.530852" lon="127.06481"/><trkpt lat="36.53089" lon="127.064815"/><trkpt lat="36.530929" lon="127.064812"/><trkpt lat="36.531061" lon="127.064787"/><trkpt lat="36.531113" lon="127.064779"/><trkpt lat="36.531152" lon="127.064778"/><trkpt lat="36.531191" lon="127.064785"/><trkpt lat="36.531255" lon="127.064806"/><trkpt lat="36.531383" lon="127.064852"/><trkpt lat="36.531421" lon="127.064861"/><trkpt lat="36.531461" lon="127.064864"/><trkpt lat="36.531541" lon="127.064862"/><trkpt lat="36.531957" lon="127.064846"/><trkpt lat="36.531997" lon="127.064848"/><trkpt lat="36.532152" lon="127.064875"/><trkpt lat="36.532203" lon="127.064882"/><trkpt lat="36.532241" lon="127.064882"/><trkpt lat="36.532276" lon="127.06487"/><trkpt lat="36.53231" lon="127.064847"/><trkpt lat="36.532488" lon="127.064701"/><trkpt lat="36.532588" lon="127.06462"/><trkpt lat="36.532623" lon="127.064596"/><trkpt lat="36.53266" lon="127.064579"/><trkpt lat="36.532764" lon="127.064548"/><trkpt lat="36.532802" lon="127.064535"/><trkpt lat="36.532837" lon="127.064516"/><trkpt lat="36.532869" lon="127.064489"/><trkpt lat="36.53304" lon="127.064312"/><trkpt lat="36.53309" lon="127.064261"/><trkpt lat="36.533122" lon="127.064234"/><trkpt lat="36.533158" lon="127.064214"/><trkpt lat="36.533209" lon="127.064195"/><trkpt lat="36.533432" lon="127.06413"/><trkpt lat="36.533498" lon="127.064113"/><trkpt lat="36.533577" lon="127.064101"/><trkpt lat="36.53363" lon="127.064098"/><trkpt lat="36.533669" lon="127.064102"/><trkpt lat="36.533746" lon="127.064122"/><trkpt lat="36.5339" lon="127.064168"/><trkpt lat="36.533937" lon="127.064183"/><trkpt lat="36.533969" lon="127.064203"/><trkpt lat="36.534001" lon="127.064243"/><trkpt lat="36.534022" lon="127.064264"/><trkpt lat="36.534042" lon="127.064264"/><trkpt lat="36.534067" lon="127.064269"/><trkpt lat="36.534117" lon="127.064295"/><trkpt lat="36.534151" lon="127.064305"/><trkpt lat="36.534189" lon="127.064304"/><trkpt lat="36.534255" lon="127.064293"/><trkpt lat="36.534453" lon="127.064253"/><trkpt lat="36.534506" lon="127.064247"/><trkpt lat="36.534557" lon="127.064249"/><trkpt lat="36.534633" lon="127.064256"/><trkpt lat="36.534669" lon="127.064254"/><trkpt lat="36.534701" lon="127.06424"/><trkpt lat="36.534727" lon="127.064208"/><trkpt lat="36.534767" lon="127.064142"/><trkpt lat="36.534936" lon="127.063841"/><trkpt lat="36.534961" lon="127.063802"/><trkpt lat="36.534989" lon="127.063771"/><trkpt lat="36.535022" lon="127.063752"/><trkpt lat="36.535059" lon="127.06374"/><trkpt lat="36.535213" lon="127.0637"/><trkpt lat="36.535276" lon="127.063681"/><trkpt lat="36.535326" lon="127.063659"/><trkpt lat="36.535683" lon="127.06348"/><trkpt lat="36.535756" lon="127.06344"/><trkpt lat="36.535789" lon="127.063415"/><trkpt lat="36.535817" lon="127.063382"/><trkpt lat="36.535858" lon="127.063317"/><trkpt lat="36.536127" lon="127.062861"/><trkpt lat="36.536176" lon="127.062782"/><trkpt lat="36.536203" lon="127.062747"/><trkpt lat="36.536234" lon="127.062718"/><trkpt lat="36.536419" lon="127.062589"/><trkpt lat="36.5365" lon="127.062532"/><trkpt lat="36.536533" lon="127.062505"/><trkpt lat="36.536574" lon="127.062466"/><trkpt lat="36.536704" lon="127.062335"/><trkpt lat="36.536746" lon="127.062298"/><trkpt lat="36.536782" lon="127.062275"/><trkpt lat="36.536855" lon="127.062236"/><trkpt lat="36.536893" lon="127.06222"/><trkpt lat="36.536957" lon="127.062201"/><trkpt lat="36.537347" lon="127.062112"/><trkpt lat="36.537412" lon="127.062095"/><trkpt lat="36.537448" lon="127.06208"/><trkpt lat="36.537477" lon="127.062054"/><trkpt lat="36.537501" lon="127.062019"/><trkpt lat="36.537546" lon="127.061941"/><trkpt lat="36.537572" lon="127.061887"/><trkpt lat="36.537585" lon="127.061845"/><trkpt lat="36.537588" lon="127.061798"/><trkpt lat="36.537584" lon="127.061749"/><trkpt lat="36.537568" lon="127.061616"/><trkpt lat="36.537568" lon="127.061567"/><trkpt lat="36.537575" lon="127.06152"/><trkpt lat="36.537599" lon="127.061427"/><trkpt lat="36.537673" lon="127.061164"/><trkpt lat="36.537688" lon="127.061102"/><trkpt lat="36.537696" lon="127.061054"/><trkpt lat="36.537703" lon="127.06098"/><trkpt lat="36.537712" lon="127.06094"/><trkpt lat="36.53773" lon="127.060908"/><trkpt lat="36.537755" lon="127.060883"/><trkpt lat="36.537788" lon="127.060869"/><trkpt lat="36.537848" lon="127.060855"/><trkpt lat="36.537884" lon="127.060844"/><trkpt lat="36.53792" lon="127.060825"/><trkpt lat="36.537967" lon="127.060793"/><trkpt lat="36.538081" lon="127.060705"/><trkpt lat="36.538114" lon="127.060677"/><trkpt lat="36.538141" lon="127.060643"/><trkpt lat="36.538162" lon="127.060604"/><trkpt lat="36.538216" lon="127.060477"/><trkpt lat="36.538236" lon="127.060437"/><trkpt lat="36.538259" lon="127.060401"/><trkpt lat="36.538296" lon="127.060365"/><trkpt lat="36.538316" lon="127.060337"/><trkpt lat="36.538319" lon="127.060303"/><trkpt lat="36.53832" lon="127.060251"/><trkpt lat="36.538331" lon="127.06021"/><trkpt lat="36.538347" lon="127.060169"/><trkpt lat="36.538366" lon="127.06013"/><trkpt lat="36.53839" lon="127.060095"/><trkpt lat="36.538427" lon="127.060052"/><trkpt lat="36.538485" lon="127.059991"/><trkpt lat="36.538516" lon="127.059962"/><trkpt lat="36.538559" lon="127.059928"/><trkpt lat="36.53866" lon="127.059857"/><trkpt lat="36.538706" lon="127.05983"/><trkpt lat="36.538744" lon="127.059816"/><trkpt lat="36.538849" lon="127.059794"/><trkpt lat="36.538901" lon="127.059782"/><trkpt lat="36.538938" lon="127.059766"/><trkpt lat="36.538971" lon="127.059743"/><trkpt lat="36.539024" lon="127.059704"/><trkpt lat="36.539057" lon="127.059688"/><trkpt lat="36.539091" lon="127.059686"/><trkpt lat="36.539135" lon="127.059686"/><trkpt lat="36.539169" lon="127.059674"/><trkpt lat="36.539236" lon="127.059627"/><trkpt lat="36.53927" lon="127.059607"/><trkpt lat="36.539304" lon="127.059601"/><trkpt lat="36.539351" lon="127.059605"/><trkpt lat="36.539386" lon="127.059606"/><trkpt lat="36.539418" lon="127.059594"/><trkpt lat="36.539446" lon="127.059571"/><trkpt lat="36.539473" lon="127.059536"/><trkpt lat="36.539573" lon="127.05938"/><trkpt lat="36.53993" lon="127.058823"/></trkseg>
<trkseg><trkpt lat="36.545516" lon="127.059961"/><trkpt lat="36.545421" lon="127.059782"/><trkpt lat="36.545398" lon="127.059743"/><trkpt lat="36.545372" lon="127.059711"/><trkpt lat="36.545341" lon="127.059693"/><trkpt lat="36.545282" lon="127.059681"/><trkpt lat="36.545248" lon="127.059669"/><trkpt lat="36.545203" lon="127.059646"/><trkpt lat="36.545168" lon="127.059636"/><trkpt lat="36.54513" lon="127.059636"/><trkpt lat="36.545039" lon="127.059649"/><trkpt lat="36.545001" lon="127.059653"/><trkpt lat="36.544965" lon="127.059648"/><trkpt lat="36.544932" lon="127.059627"/><trkpt lat="36.544901" lon="127.059597"/><trkpt lat="36.544841" lon="127.059534"/><trkpt lat="36.54481" lon="127.059508"/><trkpt lat="36.544774" lon="127.059495"/><trkpt lat="36.544735" lon="127.059491"/><trkpt lat="36.544559" lon="127.059496"/><trkpt lat="36.544465" lon="127.059496"/><trkpt lat="36.544427" lon="127.05949"/><trkpt lat="36.544392" lon="127.059473"/><trkpt lat="36.544338" lon="127.059438"/><trkpt lat="36.544301" lon="127.059431"/><trkpt lat="36.54425" lon="127.059429"/><trkpt lat="36.544212" lon="127.059422"/><trkpt lat="36.544175" lon="127.059407"/><trkpt lat="36.544067" lon="127.059348"/><trkpt lat="36.544019" lon="127.059324"/><trkpt lat="36.543983" lon="127.059314"/><trkpt lat="36.543945" lon="127.059317"/><trkpt lat="36.543881" lon="127.05933"/><trkpt lat="36.543843" lon="127.059331"/><trkpt lat="36.543791" lon="127.059325"/><trkpt lat="36.543637" lon="127.059296"/><trkpt lat="36.543587" lon="127.059291"/><trkpt lat="36.543551" lon="127.059296"/><trkpt lat="36.543494" lon="127.059317"/><trkpt lat="36.543458" lon="127.059323"/><trkpt lat="36.543406" lon="127.05932"/><trkpt lat="36.543237" lon="127.059298"/><trkpt lat="36.543199" lon="127.059289"/><trkpt lat="36.543165" lon="127.059274"/><trkpt lat="36.543138" lon="127.059246"/><trkpt lat="36.543097" lon="127.059187"/><trkpt lat="36.543072" lon="127.059152"/><trkpt lat="36.543044" lon="127.059121"/><trkpt lat="36.542991" lon="127.059079"/><trkpt lat="36.542904" lon="127.059014"/><trkpt lat="36.542873" lon="127.058984"/><trkpt lat="36.542814" lon="127.058917"/><trkpt lat="36.542496" lon="127.058539"/><trkpt lat="36.542457" lon="127.058494"/><trkpt lat="36.542426" lon="127.058466"/><trkpt lat="36.542394" lon="127.058452"/><trkpt lat="36.542358" lon="127.058454"/><trkpt lat="36.542271" lon="127.058478"/><trkpt lat="36.542221" lon="127.058489"/><trkpt lat="36.542183" lon="127.058488"/><trkpt lat="36.542145" lon="127.058477"/><trkpt lat="36.542056" lon="127.058439"/><trkpt lat="36.542018" lon="127.058427"/><trkpt lat="36.541981" lon="127.058429"/><trkpt lat="36.541944" lon="127.05844"/><trkpt lat="36.541882" lon="127.058466"/><trkpt lat="36.541658" lon="127.058564"/><trkpt lat="36.541621" lon="127.058576"/><trkpt lat="36.541583" lon="127.058579"/><trkpt lat="36.541545" lon="127.058572"/><trkpt lat="36.541419" lon="127.058529"/><trkpt lat="36.541342" lon="127.058505"/><trkpt lat="36.541303" lon="127.058498"/><trkpt lat="36.541264" lon="127.058496"/><trkpt lat="36.541117" lon="127.058502"/><trkpt lat="36.541064" lon="127.0585"/><trkpt lat="36.541025" lon="127.058494"/><trkpt lat="36.54083" lon="127.058448"/><trkpt lat="36.540778" lon="127.058437"/><trkpt lat="36.540739" lon="127.058434"/><trkpt lat="36.5407" lon="127.058438"/><trkpt lat="36.540623" lon="127.058455"/><trkpt lat="36.540547" lon="127.058477"/><trkpt lat="36.540512" lon="127.058493"/><trkpt lat="36.540483" lon="127.058519"/><trkpt lat="36.540458" lon="127.058554"/><trkpt lat="36.540417" lon="127.058614"/><trkpt lat="36.54039" lon="127.058644"/><trkpt lat="36.540356" lon="127.058666"/><trkpt lat="36.540318" lon="127.058683"/><trkpt lat="36.53993" lon="127.058823"/></trkseg>
<trkseg><trkpt lat="36.544883" lon="127.060691"/><trkpt lat="36.544831" lon="127.060713"/><trkpt lat="36.544803" lon="127.060743"/><trkpt lat="36.544798" lon="127.060783"/><trkpt lat="36.544802" lon="127.06083"/><trkpt lat="36.54483" lon="127.061026"/><trkpt lat="36.544843" lon="127.061124"/><trkpt lat="36.544846" lon="127.061171"/><trkpt lat="36.544838" lon="127.061215"/><trkpt lat="36.544818" lon="127.061253"/><trkpt lat="36.544775" lon="127.061314"/><trkpt lat="36.544585" lon="127.061566"/><trkpt lat="36.544557" lon="127.0616"/><trkpt lat="36.544525" lon="127.061628"/><trkpt lat="36.54449" lon="127.061651"/><trkpt lat="36.544443" lon="127.061678"/><trkpt lat="36.544406" lon="127.061694"/><trkpt lat="36.544369" lon="127.061699"/><trkpt lat="36.54433" lon="127.061696"/><trkpt lat="36.544187" lon="127.06167"/><trkpt lat="36.544137" lon="127.061664"/><trkpt lat="36.544108" lon="127.061668"/><trkpt lat="36.544094" lon="127.061693"/><trkpt lat="36.544093" lon="127.061734"/><trkpt lat="36.544101" lon="127.06183"/><trkpt lat="36.544104" lon="127.061879"/><trkpt lat="36.5441" lon="127.061925"/><trkpt lat="36.544085" lon="127.061964"/><trkpt lat="36.54406" lon="127.061996"/><trkpt lat="36.54403" lon="127.062021"/><trkpt lat="36.543998" lon="127.062042"/><trkpt lat="36.543965" lon="127.062055"/><trkpt lat="36.543926" lon="127.062055"/><trkpt lat="36.543887" lon="127.062047"/><trkpt lat="36.543808" lon="127.062029"/><trkpt lat="36.54377" lon="127.062026"/><trkpt lat="36.543732" lon="127.062035"/><trkpt lat="36.543697" lon="127.062054"/><trkpt lat="36.543639" lon="127.062094"/><trkpt lat="36.543608" lon="127.06212"/><trkpt lat="36.543588" lon="127.062151"/><trkpt lat="36.543587" lon="127.062192"/><trkpt lat="36.543596" lon="127.062237"/><trkpt lat="36.543637" lon="127.062378"/><trkpt lat="36.543703" lon="127.062614"/><trkpt lat="36.543726" lon="127.06269"/><trkpt lat="36.543745" lon="127.062732"/><trkpt lat="36.543772" lon="127.062765"/><trkpt lat="36.543813" lon="127.062804"/><trkpt lat="36.54392" lon="127.062896"/><trkpt lat="36.54395" lon="127.062926"/><trkpt lat="36.543976" lon="127.06296"/><trkpt lat="36.544009" lon="127.063022"/><trkpt lat="36.54403" lon="127.063058"/><trkpt lat="36.544074" lon="127.06311"/><trkpt lat="36.544095" lon="127.063144"/><trkpt lat="36.544112" lon="127.063214"/><trkpt lat="36.544125" lon="127.063253"/><trkpt lat="36.544146" lon="127.063296"/><trkpt lat="36.544156" lon="127.063335"/><trkpt lat="36.544156" lon="127.063382"/><trkpt lat="36.544151" lon="127.063463"/><trkpt lat="36.544145" lon="127.063511"/><trkpt lat="36.544136" lon="127.063557"/><trkpt lat="36.544117" lon="127.063596"/><trkpt lat="36.544092" lon="127.06363"/><trkpt lat="36.544038" lon="127.063698"/><trkpt lat="36.544021" lon="127.063748"/><trkpt lat="36.544017" lon="127.0638"/><trkpt lat="36.544019" lon="127.063835"/></trkseg>
<trkseg><trkpt lat="36.545516" lon="127.059961"/><trkpt lat="36.545415" lon="127.060071"/><trkpt lat="36.545385" lon="127.060103"/><trkpt lat="36.545353" lon="127.060129"/><trkpt lat="36.545319" lon="127.060142"/><trkpt lat="36.545257" lon="127.060139"/><trkpt lat="36.545221" lon="127.060143"/><trkpt lat="36.545189" lon="127.060164"/><trkpt lat="36.545129" lon="127.060225"/><trkpt lat="36.545099" lon="127.060254"/><trkpt lat="36.545066" lon="127.060272"/><trkpt lat="36.54501" lon="127.060282"/><trkpt lat="36.544977" lon="127.060293"/><trkpt lat="36.544947" lon="127.060314"/><trkpt lat="36.544921" lon="127.060344"/><trkpt lat="36.544902" lon="127.060383"/><trkpt lat="36.544891" lon="127.060426"/><trkpt lat="36.544895" lon="127.060468"/><trkpt lat="36.544912" lon="127.060522"/><trkpt lat="36.544925" lon="127.060574"/><trkpt lat="36.544926" lon="127.06063"/><trkpt lat="36.544921" lon="127.060666"/><trkpt lat="36.54492" lon="127.060669"/></trkseg>
<trkseg><trkpt lat="36.544883" lon="127.060691"/><trkpt lat="36.54492" lon="127.060669"/></trkseg>
<trkseg><trkpt lat="36.526891" lon="127.039564"/><trkpt lat="36.526981" lon="127.039695"/><trkpt lat="36.527007" lon="127.039735"/><trkpt lat="36.52704" lon="127.039767"/><trkpt lat="36.527067" lon="127.039786"/><trkpt lat="36.527081" lon="127.03981"/><trkpt lat="36.527087" lon="127.039846"/><trkpt lat="36.527102" lon="127.039885"/><trkpt lat="36.527123" lon="127.039924"/><trkpt lat="36.527194" lon="127.040043"/><trkpt lat="36.527236" lon="127.040107"/><trkpt lat="36.527264" lon="127.040139"/><trkpt lat="36.527297" lon="127.040161"/><trkpt lat="36.527383" lon="127.040375"/><trkpt lat="36.527375" lon="127.040466"/><trkpt lat="36.527367" lon="127.040508"/><trkpt lat="36.527347" lon="127.040541"/><trkpt lat="36.527318" lon="127.040567"/><trkpt lat="36.527262" lon="127.040605"/><trkpt lat="36.527227" lon="127.040623"/><trkpt lat="36.52719" lon="127.040635"/><trkpt lat="36.527151" lon="127.040638"/><trkpt lat="36.527097" lon="127.040636"/><trkpt lat="36.52695" lon="127.040628"/><trkpt lat="36.526911" lon="127.040631"/><trkpt lat="36.526875" lon="127.040646"/><trkpt lat="36.526842" lon="127.04067"/><trkpt lat="36.526812" lon="127.040699"/><trkpt lat="36.526786" lon="127.040734"/><trkpt lat="36.526765" lon="127.040775"/><trkpt lat="36.526661" lon="127.041025"/><trkpt lat="36.526645" lon="127.04107"/><trkpt lat="36.526635" lon="127.041115"/><trkpt lat="36.526635" lon="127.041162"/><trkpt lat="36.526644" lon="127.041226"/><trkpt lat="36.526692" lon="127.0415"/><trkpt lat="36.526698" lon="127.041548"/><trkpt lat="36.526697" lon="127.041593"/><trkpt lat="36.526682" lon="127.041636"/><trkpt lat="36.526651" lon="127.04169"/><trkpt lat="36.52654" lon="127.042059"/><trkpt lat="36.526085" lon="127.042588"/><trkpt lat="36.526037" lon="127.042669"/><trkpt lat="36.526018" lon="127.042711"/><trkpt lat="36.526007" lon="127.042758"/><trkpt lat="36.525994" lon="127.042874"/><trkpt lat="36.525987" lon="127.042957"/><trkpt lat="36.525986" lon="127.043006"/><trkpt lat="36.525993" lon="127.043051"/><trkpt lat="36.526011" lon="127.043093"/><trkpt lat="36.52604" lon="127.043147"/><trkpt lat="36.526147" lon="127.043333"/><trkpt lat="36.526167" lon="127.043375"/><trkpt lat="36.526181" lon="127.04342"/><trkpt lat="36.526189" lon="127.043468"/><trkpt lat="36.526191" lon="127.043515"/><trkpt lat="36.526184" lon="127.043558"/><trkpt lat="36.526165" lon="127.043596"/><trkpt lat="36.526142" lon="127.043631"/><trkpt lat="36.526116" lon="127.043664"/><trkpt lat="36.526087" lon="127.043693"/><trkpt lat="36.526043" lon="127.043726"/><trkpt lat="36.525952" lon="127.043786"/><trkpt lat="36.525921" lon="127.043814"/><trkpt lat="36.525872" lon="127.043868"/><trkpt lat="36.525775" lon="127.043976"/><trkpt lat="36.525744" lon="127.044005"/><trkpt lat="36.525712" lon="127.044025"/><trkpt lat="36.525658" lon="127.044051"/><trkpt lat="36.525625" lon="127.044075"/><trkpt lat="36.525593" lon="127.044104"/><trkpt lat="36.525347" lon="127.044363"/><trkpt lat="36.525234" lon="127.044482"/><trkpt lat="36.525206" lon="127.044517"/><trkpt lat="36.525185" lon="127.044556"/><trkpt lat="36.525175" lon="127.044601"/><trkpt lat="36.525169" lon="127.044648"/><trkpt lat="36.52517" lon="127.044695"/><trkpt lat="36.52518" lon="127.044759"/><trkpt lat="36.525201" lon="127.044869"/><trkpt lat="36.525205" lon="127.044916"/><trkpt lat="36.525202" lon="127.044964"/><trkpt lat="36.525183" lon="127.045076"/><trkpt lat="36.525161" lon="127.045187"/><trkpt lat="36.525147" lon="127.045232"/><trkpt lat="36.525126" lon="127.045273"/><trkpt lat="36.525077" lon="127.045349"/><trkpt lat="36.524844" lon="127.045688"/><trkpt lat="36.52482" lon="127.045727"/><trkpt lat="36.524803" lon="127.045768"/><trkpt lat="36.524797" lon="127.045811"/><trkpt lat="36.524799" lon="127.045855"/><trkpt lat="36.524809" lon="127.0459"/><trkpt lat="36.524828" lon="127.045943"/><trkpt lat="36.524872" lon="127.046028"/><trkpt lat="36.524976" lon="127.046224"/><trkpt lat="36.524993" lon="127.046268"/><trkpt lat="36.525001" lon="127.046313"/><trkpt lat="36.524999" lon="127.046357"/><trkpt lat="36.52499" lon="127.046399"/><trkpt lat="36.524968" lon="127.046437"/><trkpt lat="36.524931" lon="127.046483"/><trkpt lat="36.524831" lon="127.046593"/><trkpt lat="36.524803" lon="127.046627"/><trkpt lat="36.52478" lon="127.046665"/><trkpt lat="36.524766" lon="127.046708"/><trkpt lat="36.524756" lon="127.046754"/><trkpt lat="36.524721" lon="127.046979"/><trkpt lat="36.524707" lon="127.047057"/><trkpt lat="36.524694" lon="127.0471"/><trkpt lat="36.52467" lon="127.047135"/><trkpt lat="36.524639" lon="127.047163"/><trkpt lat="36.524581" lon="127.047205"/><trkpt lat="36.524358" lon="127.04736"/><trkpt lat="36.524327" lon="127.047389"/><trkpt lat="36.524305" lon="127.047423"/><trkpt lat="36.524295" lon="127.047465"/><trkpt lat="36.524289" lon="127.04751"/><trkpt lat="36.524288" lon="127.047556"/><trkpt lat="36.524291" lon="127.047603"/><trkpt lat="36.524303" lon="127.047682"/><trkpt lat="36.52434" lon="127.047887"/><trkpt lat="36.524351" lon="127.047933"/><trkpt lat="36.524369" lon="127.047973"/><trkpt lat="36.524393" lon="127.04801"/><trkpt lat="36.524419" lon="127.048042"/><trkpt lat="36.524449" lon="127.048066"/><trkpt lat="36.524484" lon="127.048078"/><trkpt lat="36.524519" lon="127.048083"/><trkpt lat="36.524556" lon="127.048077"/><trkpt lat="36.524606" lon="127.048057"/><trkpt lat="36.524776" lon="127.047973"/><trkpt lat="36.524837" lon="127.047946"/><trkpt lat="36.524875" lon="127.047936"/><trkpt lat="36.524913" lon="127.047937"/><trkpt lat="36.524953" lon="127.047944"/><trkpt lat="36.525018" lon="127.047961"/><trkpt lat="36.525056" lon="127.047974"/><trkpt lat="36.525091" lon="127.047994"/><trkpt lat="36.525122" lon="127.048022"/><trkpt lat="36.525182" lon="127.048087"/><trkpt lat="36.525222" lon="127.048128"/><trkpt lat="36.525254" lon="127.048154"/><trkpt lat="36.525304" lon="127.04818"/><trkpt lat="36.525323" lon="127.048201"/><trkpt lat="36.525341" lon="127.048241"/><trkpt lat="36.525364" lon="127.048277"/><trkpt lat="36.525418" lon="127.048349"/><trkpt lat="36.525615" lon="127.0486"/><trkpt lat="36.525645" lon="127.048633"/><trkpt lat="36.525687" lon="127.04867"/><trkpt lat="36.525774" lon="127.048737"/><trkpt lat="36.525818" lon="127.048768"/><trkpt lat="36.525866" lon="127.048795"/><trkpt lat="36.526305" lon="127.048999"/><trkpt lat="36.526519" lon="127.049098"/><trkpt lat="36.526553" lon="127.049121"/><trkpt lat="36.526582" lon="127.049152"/><trkpt lat="36.526606" lon="127.049191"/><trkpt lat="36.526949" lon="127.049831"/><trkpt lat="36.527084" lon="127.050081"/><trkpt lat="36.527108" lon="127.05012"/><trkpt lat="36.527153" lon="127.050183"/><trkpt lat="36.527475" lon="127.050609"/><trkpt lat="36.527504" lon="127.050643"/><trkpt lat="36.527536" lon="127.050673"/><trkpt lat="36.527592" lon="127.050716"/><trkpt lat="36.527696" lon="127.05079"/><trkpt lat="36.527743" lon="127.050819"/><trkpt lat="36.52778" lon="127.050834"/><trkpt lat="36.527819" lon="127.05084"/><trkpt lat="36.527953" lon="127.050847"/><trkpt lat="36.52802" lon="127.050852"/><trkpt lat="36.528058" lon="127.050861"/><trkpt lat="36.528094" lon="127.050875"/><trkpt lat="36.528128" lon="127.050895"/><trkpt lat="36.528156" lon="127.050921"/><trkpt lat="36.528176" lon="127.050957"/><trkpt lat="36.52819" lon="127.051"/><trkpt lat="36.528209" lon="127.051074"/><trkpt lat="36.528218" lon="127.05112"/><trkpt lat="36.528222" lon="127.05117"/><trkpt lat="36.528224" lon="127.051321"/><trkpt lat="36.528228" lon="127.051386"/><trkpt lat="36.528237" lon="127.051432"/><trkpt lat="36.528253" lon="127.051473"/><trkpt lat="36.528272" lon="127.051512"/><trkpt lat="36.528294" lon="127.051548"/><trkpt lat="36.52833" lon="127.051595"/><trkpt lat="36.528468" lon="127.051748"/><trkpt lat="36.528509" lon="127.051789"/><trkpt lat="36.528542" lon="127.051813"/><trkpt lat="36.528578" lon="127.05183"/><trkpt lat="36.528703" lon="127.051873"/><trkpt lat="36.528752" lon="127.051892"/><trkpt lat="36.528786" lon="127.051911"/><trkpt lat="36.528816" lon="127.051941"/><trkpt lat="36.528853" lon="127.051987"/><trkpt lat="36.529059" lon="127.052266"/><trkpt lat="36.529106" lon="127.052324"/><trkpt lat="36.529136" lon="127.052353"/><trkpt lat="36.52917" lon="127.052378"/><trkpt lat="36.529265" lon="127.052435"/><trkpt lat="36.529421" lon="127.052526"/><trkpt lat="36.529454" lon="127.052549"/><trkpt lat="36.529482" lon="127.052579"/><trkpt lat="36.529498" lon="127.052619"/><trkpt lat="36.52951" lon="127.052681"/><trkpt lat="36.529577" lon="127.053135"/><trkpt lat="36.529588" lon="127.053198"/><trkpt lat="36.529601" lon="127.053244"/><trkpt lat="36.52962" lon="127.053282"/><trkpt lat="36.529643" lon="127.053317"/><trkpt lat="36.529669" lon="127.05335"/><trkpt lat="36.529699" lon="127.053378"/><trkpt lat="36.529734" lon="127.0534"/><trkpt lat="36.529845" lon="127.053458"/><trkpt lat="36.529932" lon="127.0535"/><trkpt lat="36.52997" lon="127.053512"/><trkpt lat="36.53001" lon="127.053515"/><trkpt lat="36.53009" lon="127.05351"/><trkpt lat="36.530427" lon="127.053482"/><trkpt lat="36.530467" lon="127.053482"/><trkpt lat="36.530507" lon="127.053488"/><trkpt lat="36.530612" lon="127.053514"/><trkpt lat="36.530677" lon="127.053533"/><trkpt lat="36.530714" lon="127.05355"/><trkpt lat="36.530747" lon="127.053577"/><trkpt lat="36.530797" lon="127.053631"/><trkpt lat="36.531096" lon="127.053969"/><trkpt lat="36.531148" lon="127.054022"/><trkpt lat="36.53118" lon="127.054051"/><trkpt lat="36.531382" lon="127.054207"/><trkpt lat="36.531448" lon="127.05426"/><trkpt lat="36.531479" lon="127.05429"/><trkpt lat="36.531537" lon="127.054356"/><trkpt lat="36.531744" lon="127.05461"/><trkpt lat="36.531783" lon="127.054653"/><trkpt lat="36.531817" lon="127.054678"/><trkpt lat="36.531865" lon="127.054705"/><trkpt lat="36.532211" lon="127.054879"/><trkpt lat="36.532298" lon="127.054919"/><trkpt lat="36.532348" lon="127.054937"/><trkpt lat="36.532554" lon="127.055"/><trkpt lat="36.532604" lon="127.055017"/><trkpt lat="36.532639" lon="127.055035"/><trkpt lat="36.532668" lon="127.055065"/><trkpt lat="36.532691" lon="127.055104"/><trkpt lat="36.532781" lon="127.055289"/><trkpt lat="36.53288" lon="127.055488"/><trkpt lat="36.532903" lon="127.055528"/><trkpt lat="36.532956" lon="127.055602"/><trkpt lat="36.533045" lon="127.055724"/><trkpt lat="36.53307" lon="127.055763"/><trkpt lat="36.533096" lon="127.05582"/><trkpt lat="36.533233" lon="127.056176"/><trkpt lat="36.533248" lon="127.056222"/><trkpt lat="36.53326" lon="127.056269"/><trkpt lat="36.53328" lon="127.056382"/><trkpt lat="36.533313" lon="127.056594"/><trkpt lat="36.533324" lon="127.056641"/><trkpt lat="36.533341" lon="127.056683"/><trkpt lat="36.533366" lon="127.056719"/><trkpt lat="36.533513" lon="127.056886"/><trkpt lat="36.533561" lon="127.056942"/><trkpt lat="36.533587" lon="127.056979"/><trkpt lat="36.533607" lon="127.05702"/><trkpt lat="36.533622" lon="127.057065"/><trkpt lat="36.533696" lon="127.057346"/><trkpt lat="36.533719" lon="127.057423"/><trkpt lat="36.533736" lon="127.057465"/><trkpt lat="36.533761" lon="127.057498"/><trkpt lat="36.533793" lon="127.057523"/><trkpt lat="36.53392" lon="127.057605"/><trkpt lat="36.533988" lon="127.057652"/><trkpt lat="36.534018" lon="127.057681"/><trkpt lat="36.534046" lon="127.057717"/><trkpt lat="36.53407" lon="127.057757"/><trkpt lat="36.534088" lon="127.057799"/><trkpt lat="36.534097" lon="127.057843"/><trkpt lat="36.534102" lon="127.057905"/><trkpt lat="36.534104" lon="127.057984"/><trkpt lat="36.534102" lon="127.05803"/><trkpt lat="36.534094" lon="127.058077"/><trkpt lat="36.534072" lon="127.05817"/><trkpt lat="36.534051" lon="127.058245"/><trkpt lat="36.534035" lon="127.058287"/><trkpt lat="36.534012" lon="127.05832"/><trkpt lat="36.533979" lon="127.058343"/><trkpt lat="36.53393" lon="127.058366"/><trkpt lat="36.533664" lon="127.05848"/><trkpt lat="36.533614" lon="127.058504"/><trkpt lat="36.53358" lon="127.058527"/><trkpt lat="36.533538" lon="127.058566"/><trkpt lat="36.533408" lon="127.058704"/><trkpt lat="36.53338" lon="127.058737"/><trkpt lat="36.533358" lon="127.058775"/><trkpt lat="36.533342" lon="127.058817"/><trkpt lat="36.53333" lon="127.058862"/><trkpt lat="36.533325" lon="127.058907"/><trkpt lat="36.533328" lon="127.058954"/><trkpt lat="36.533344" lon="127.059032"/><trkpt lat="36.533364" lon="127.059108"/><trkpt lat="36.533381" lon="127.05915"/><trkpt lat="36.533405" lon="127.059185"/><trkpt lat="36.533435" lon="127.059216"/><trkpt lat="36.533466" lon="127.059242"/><trkpt lat="36.533502" lon="127.059258"/><trkpt lat="36.533552" lon="127.059269"/><trkpt lat="36.533643" lon="127.059284"/><trkpt lat="36.53368" lon="127.059295"/><trkpt lat="36.533715" lon="127.059312"/><trkpt lat="36.533769" lon="127.059349"/><trkpt lat="36.5338" lon="127.059374"/><trkpt lat="36.533826" lon="127.059407"/><trkpt lat="36.533847" lon="127.059448"/><trkpt lat="36.53387" lon="127.059507"/><trkpt lat="36.53395" lon="127.059717"/><trkpt lat="36.533969" lon="127.059761"/><trkpt lat="36.533992" lon="127.059801"/><trkpt lat="36.534018" lon="127.059837"/><trkpt lat="36.534046" lon="127.05987"/><trkpt lat="36.534078" lon="127.059895"/><trkpt lat="36.534114" lon="127.059906"/><trkpt lat="36.534153" lon="127.05991"/><trkpt lat="36.534512" lon="127.059918"/><trkpt lat="36.534591" lon="127.059922"/><trkpt lat="36.53463" lon="127.05993"/><trkpt lat="36.534666" lon="127.059948"/><trkpt lat="36.534726" lon="127.059987"/><trkpt lat="36.53489" lon="127.060104"/><trkpt lat="36.534922" lon="127.060133"/><trkpt lat="36.534948" lon="127.060167"/><trkpt lat="36.534979" lon="127.060217"/><trkpt lat="36.535" lon="127.060256"/><trkpt lat="36.535015" lon="127.060296"/><trkpt lat="36.535019" lon="127.060341"/><trkpt lat="36.535012" lon="127.060388"/><trkpt lat="36.534943" lon="127.060676"/><trkpt lat="36.534922" lon="127.060773"/><trkpt lat="36.534916" lon="127.06082"/><trkpt lat="36.534919" lon="127.060867"/><trkpt lat="36.534929" lon="127.060912"/><trkpt lat="36.53498" lon="127.061078"/><trkpt lat="36.535006" lon="127.061169"/><trkpt lat="36.535014" lon="127.061215"/><trkpt lat="36.535015" lon="127.061261"/><trkpt lat="36.535011" lon="127.061323"/><trkpt lat="36.535003" lon="127.061383"/><trkpt lat="36.534991" lon="127.061427"/><trkpt lat="36.534971" lon="127.06147"/><trkpt lat="36.534889" lon="127.061623"/><trkpt lat="36.534798" lon="127.061788"/><trkpt lat="36.534773" lon="127.061826"/><trkpt lat="36.534745" lon="127.061858"/><trkpt lat="36.534685" lon="127.061917"/><trkpt lat="36.534643" lon="127.061953"/><trkpt lat="36.53461" lon="127.061976"/><trkpt lat="36.534561" lon="127.061999"/><trkpt lat="36.534511" lon="127.062017"/><trkpt lat="36.534473" lon="127.062026"/><trkpt lat="36.534434" lon="127.062026"/><trkpt lat="36.534396" lon="127.062019"/><trkpt lat="36.534203" lon="127.061968"/><trkpt lat="36.534151" lon="127.061956"/><trkpt lat="36.534112" lon="127.061951"/><trkpt lat="36.534075" lon="127.061952"/><trkpt lat="36.534013" lon="127.061956"/><trkpt lat="36.533977" lon="127.061949"/><trkpt lat="36.533931" lon="127.06193"/><trkpt lat="36.5339" lon="127.061924"/><trkpt lat="36.53385" lon="127.061925"/><trkpt lat="36.5338" lon="127.061915"/><trkpt lat="36.533736" lon="127.061897"/><trkpt lat="36.533698" lon="127.061883"/><trkpt lat="36.533623" lon="127.061848"/><trkpt lat="36.533339" lon="127.061702"/><trkpt lat="36.53329" lon="127.061679"/><trkpt lat="36.533254" lon="127.061669"/><trkpt lat="36.53322" lon="127.061671"/><trkpt lat="36.533185" lon="127.061671"/><trkpt lat="36.533109" lon="127.061652"/><trkpt lat="36.533072" lon="127.061645"/><trkpt lat="36.533037" lon="127.061652"/><trkpt lat="36.533006" lon="127.061677"/><trkpt lat="36.532979" lon="127.061711"/><trkpt lat="36.53296" lon="127.061748"/><trkpt lat="36.532955" lon="127.06179"/><trkpt lat="36.532963" lon="127.061834"/><trkpt lat="36.532999" lon="127.061956"/><trkpt lat="36.533011" lon="127.062002"/><trkpt lat="36.533017" lon="127.062048"/><trkpt lat="36.533013" lon="127.062095"/><trkpt lat="36.533003" lon="127.062141"/><trkpt lat="36.532987" lon="127.062183"/><trkpt lat="36.532963" lon="127.062213"/><trkpt lat="36.532928" lon="127.062228"/><trkpt lat="36.532876" lon="127.062239"/><trkpt lat="36.532676" lon="127.062273"/><trkpt lat="36.532637" lon="127.062283"/><trkpt lat="36.5326" lon="127.0623"/><trkpt lat="36.532566" lon="127.062325"/><trkpt lat="36.532414" lon="127.062464"/><trkpt lat="36.532359" lon="127.062512"/><trkpt lat="36.532325" lon="127.062534"/><trkpt lat="36.532288" lon="127.062543"/><trkpt lat="36.53225" lon="127.062541"/><trkpt lat="36.53213" lon="127.06252"/><trkpt lat="36.532078" lon="127.062513"/><trkpt lat="36.53204" lon="127.062516"/><trkpt lat="36.532004" lon="127.062533"/><trkpt lat="36.53197" lon="127.062556"/><trkpt lat="36.531915" lon="127.062601"/><trkpt lat="36.531886" lon="127.062632"/><trkpt lat="36.531866" lon="127.062671"/><trkpt lat="36.531858" lon="127.062715"/><trkpt lat="36.531863" lon="127.06276"/><trkpt lat="36.531878" lon="127.062821"/><trkpt lat="36.531912" lon="127.062943"/><trkpt lat="36.531919" lon="127.062988"/><trkpt lat="36.531914" lon="127.063029"/><trkpt lat="36.531895" lon="127.063067"/><trkpt lat="36.531869" lon="127.063103"/><trkpt lat="36.531701" lon="127.063316"/><trkpt lat="36.531665" lon="127.063365"/><trkpt lat="36.531643" lon="127.063403"/><trkpt lat="36.531632" lon="127.063447"/><trkpt lat="36.531629" lon="127.063496"/><trkpt lat="36.531632" lon="127.063647"/><trkpt lat="36.531632" lon="127.063714"/><trkpt lat="36.531627" lon="127.063763"/><trkpt lat="36.531615" lon="127.063805"/><trkpt lat="36.531596" lon="127.063842"/><trkpt lat="36.53157" lon="127.063867"/><trkpt lat="36.531535" lon="127.063879"/><trkpt lat="36.531497" lon="127.063885"/><trkpt lat="36.531445" lon="127.063889"/><trkpt lat="36.531406" lon="127.063887"/><trkpt lat="36.531369" lon="127.063875"/><trkpt lat="36.531334" lon="127.063855"/><trkpt lat="36.53117" lon="127.063747"/><trkpt lat="36.531112" lon="127.063709"/><trkpt lat="36.531077" lon="127.063691"/><trkpt lat="36.53104" lon="127.063682"/><trkpt lat="36.531001" lon="127.063686"/><trkpt lat="36.530922" lon="127.063706"/><trkpt lat="36.530883" lon="127.063714"/><trkpt lat="36.530844" lon="127.063715"/><trkpt lat="36.530808" lon="127.063703"/><trkpt lat="36.530773" lon="127.063684"/><trkpt lat="36.53068" lon="127.063627"/><trkpt lat="36.530646" lon="127.063612"/><trkpt lat="36.530612" lon="127.063612"/><trkpt lat="36.530581" lon="127.063633"/><trkpt lat="36.53055" lon="127.063662"/><trkpt lat="36.530417" lon="127.063805"/></trkseg>
<trkseg><trkpt lat="36.53993" lon="127.058823"/><trkpt lat="36.539706" lon="127.058626"/><trkpt lat="36.539663" lon="127.058592"/><trkpt lat="36.539627" lon="127.058573"/><trkpt lat="36.539589" lon="127.058562"/><trkpt lat="36.539523" lon="127.05855"/><trkpt lat="36.539378" lon="127.058526"/><trkpt lat="36.539342" lon="127.058515"/><trkpt lat="36.539312" lon="127.058495"/><trkpt lat="36.539295" lon="127.058459"/><trkpt lat="36.539277" lon="127.058387"/><trkpt lat="36.53926" lon="127.05835"/><trkpt lat="36.539231" lon="127.058327"/><trkpt lat="36.539159" lon="127.058298"/><trkpt lat="36.539124" lon="127.058282"/><trkpt lat="36.539098" lon="127.058255"/><trkpt lat="36.539083" lon="127.058215"/><trkpt lat="36.539072" lon="127.058169"/><trkpt lat="36.53904" lon="127.057994"/><trkpt lat="36.539027" lon="127.057932"/><trkpt lat="36.539013" lon="127.057887"/><trkpt lat="36.538992" lon="127.057846"/><trkpt lat="36.53895" lon="127.057782"/><trkpt lat="36.538923" lon="127.057746"/><trkpt lat="36.538875" lon="127.0577"/><trkpt lat="36.538855" lon="127.05767"/><trkpt lat="36.538843" lon="127.057622"/><trkpt lat="36.538823" lon="127.057594"/><trkpt lat="36.538769" lon="127.057561"/><trkpt lat="36.538738" lon="127.057537"/><trkpt lat="36.538713" lon="127.057501"/><trkpt lat="36.538694" lon="127.05746"/><trkpt lat="36.538681" lon="127.057415"/><trkpt lat="36.538677" lon="127.05737"/><trkpt lat="36.53868" lon="127.057297"/><trkpt lat="36.538675" lon="127.057255"/><trkpt lat="36.538659" lon="127.057214"/><trkpt lat="36.538624" lon="127.05715"/><trkpt lat="36.538605" lon="127.057111"/><trkpt lat="36.538594" lon="127.057074"/><trkpt lat="36.538596" lon="127.05703"/><trkpt lat="36.538594" lon="127.056991"/><trkpt lat="36.538599" lon="127.056923"/><trkpt lat="36.538602" lon="127.056883"/><trkpt lat="36.538595" lon="127.056845"/><trkpt lat="36.538588" lon="127.056804"/><trkpt lat="36.538589" lon="127.056758"/><trkpt lat="36.538599" lon="127.056612"/><trkpt lat="36.538603" lon="127.056549"/><trkpt lat="36.538599" lon="127.056505"/><trkpt lat="36.538581" lon="127.056469"/><trkpt lat="36.538551" lon="127.056441"/><trkpt lat="36.538472" lon="127.056381"/><trkpt lat="36.538439" lon="127.056354"/><trkpt lat="36.538412" lon="127.056322"/><trkpt lat="36.538394" lon="127.05628"/><trkpt lat="36.538381" lon="127.056234"/><trkpt lat="36.538318" lon="127.055942"/><trkpt lat="36.5383" lon="127.055863"/><trkpt lat="36.538284" lon="127.055818"/><trkpt lat="36.538261" lon="127.055781"/><trkpt lat="36.538231" lon="127.05575"/><trkpt lat="36.538065" lon="127.055607"/><trkpt lat="36.537977" lon="127.05553"/><trkpt lat="36.537946" lon="127.055498"/><trkpt lat="36.537912" lon="127.055451"/><trkpt lat="36.537807" lon="127.055289"/><trkpt lat="36.537781" lon="127.055253"/><trkpt lat="36.537751" lon="127.055222"/><trkpt lat="36.537718" lon="127.055195"/><trkpt lat="36.537683" lon="127.055172"/><trkpt lat="36.537646" lon="127.055153"/><trkpt lat="36.537608" lon="127.055144"/><trkpt lat="36.537546" lon="127.055132"/><trkpt lat="36.53752" lon="127.055116"/><trkpt lat="36.537512" lon="127.055081"/><trkpt lat="36.537515" lon="127.055037"/><trkpt lat="36.537525" lon="127.054994"/><trkpt lat="36.537546" lon="127.054959"/><trkpt lat="36.537577" lon="127.054936"/><trkpt lat="36.537614" lon="127.054918"/><trkpt lat="36.537701" lon="127.054878"/><trkpt lat="36.537735" lon="127.054856"/><trkpt lat="36.537762" lon="127.054825"/><trkpt lat="36.537779" lon="127.054787"/><trkpt lat="36.537779" lon="127.054742"/><trkpt lat="36.537767" lon="127.054679"/><trkpt lat="36.537717" lon="127.054469"/><trkpt lat="36.537629" lon="127.0541"/><trkpt lat="36.537615" lon="127.054053"/><trkpt lat="36.53756" lon="127.053901"/><trkpt lat="36.537467" lon="127.053643"/><trkpt lat="36.537454" lon="127.053596"/><trkpt lat="36.537449" lon="127.05355"/><trkpt lat="36.537451" lon="127.053503"/><trkpt lat="36.537457" lon="127.053456"/><trkpt lat="36.53747" lon="127.053411"/><trkpt lat="36.537488" lon="127.053369"/><trkpt lat="36.537509" lon="127.053329"/><trkpt lat="36.537536" lon="127.053295"/><trkpt lat="36.537566" lon="127.053264"/><trkpt lat="36.537671" lon="127.053168"/><trkpt lat="36.537711" lon="127.053129"/><trkpt lat="36.537734" lon="127.053096"/><trkpt lat="36.537746" lon="127.053056"/><trkpt lat="36.537755" lon="127.052998"/><trkpt lat="36.537771" lon="127.052958"/><trkpt lat="36.537805" lon="127.052894"/><trkpt lat="36.537821" lon="127.052855"/><trkpt lat="36.537823" lon="127.052813"/><trkpt lat="36.537814" lon="127.052769"/><trkpt lat="36.537796" lon="127.052708"/><trkpt lat="36.537733" lon="127.052511"/><trkpt lat="36.537722" lon="127.052464"/><trkpt lat="36.537716" lon="127.052417"/><trkpt lat="36.537718" lon="127.052304"/><trkpt lat="36.537718" lon="127.05224"/><trkpt lat="36.537713" lon="127.052194"/><trkpt lat="36.5377" lon="127.052149"/><trkpt lat="36.537663" lon="127.052063"/><trkpt lat="36.537543" lon="127.051807"/><trkpt lat="36.537527" lon="127.051763"/><trkpt lat="36.537518" lon="127.051718"/><trkpt lat="36.537519" lon="127.051671"/><trkpt lat="36.537525" lon="127.051608"/><trkpt lat="36.537539" lon="127.051513"/><trkpt lat="36.53755" lon="127.051467"/><trkpt lat="36.537568" lon="127.051428"/><trkpt lat="36.537602" lon="127.05138"/><trkpt lat="36.537684" lon="127.051278"/><trkpt lat="36.53771" lon="127.051242"/><trkpt lat="36.53775" lon="127.051175"/><trkpt lat="36.538067" lon="127.050596"/><trkpt lat="36.53821" lon="127.050332"/><trkpt lat="36.538242" lon="127.050279"/><trkpt lat="36.53827" lon="127.050247"/><trkpt lat="36.538301" lon="127.050224"/><trkpt lat="36.538334" lon="127.050208"/><trkpt lat="36.538371" lon="127.050202"/><trkpt lat="36.538423" lon="127.050206"/><trkpt lat="36.538516" lon="127.050217"/><trkpt lat="36.538555" lon="127.050215"/><trkpt lat="36.538591" lon="127.050202"/><trkpt lat="36.538626" lon="127.050182"/><trkpt lat="36.538656" lon="127.050156"/><trkpt lat="36.538676" lon="127.050119"/><trkpt lat="36.538689" lon="127.050073"/><trkpt lat="36.538715" lon="127.049924"/><trkpt lat="36.538725" lon="127.04986"/><trkpt lat="36.538727" lon="127.04982"/><trkpt lat="36.538715" lon="127.049798"/><trkpt lat="36.538685" lon="127.049799"/><trkpt lat="36.538624" lon="127.049809"/><trkpt lat="36.538591" lon="127.0498"/><trkpt lat="36.538565" lon="127.049772"/><trkpt lat="36.538546" lon="127.049734"/><trkpt lat="36.538539" lon="127.04969"/><trkpt lat="36.538541" lon="127.049642"/><trkpt lat="36.538553" lon="127.049563"/><trkpt lat="36.538563" lon="127.049516"/><trkpt lat="36.538578" lon="127.049474"/><trkpt lat="36.538599" lon="127.049435"/><trkpt lat="36.538622" lon="127.049401"/><trkpt lat="36.538652" lon="127.049371"/><trkpt lat="36.538699" lon="127.04934"/><trkpt lat="36.538916" lon="127.049211"/><trkpt lat="36.539336" lon="127.048959"/><trkpt lat="36.539385" lon="127.048933"/><trkpt lat="36.539435" lon="127.048912"/><trkpt lat="36.539652" lon="127.048832"/><trkpt lat="36.539701" lon="127.048809"/><trkpt lat="36.539735" lon="127.048784"/><trkpt lat="36.539775" lon="127.048745"/><trkpt lat="36.539883" lon="127.048627"/><trkpt lat="36.53991" lon="127.048592"/><trkpt lat="36.539935" lon="127.048554"/><trkpt lat="36.539976" lon="127.048471"/><trkpt lat="36.540006" lon="127.048418"/><trkpt lat="36.540033" lon="127.048384"/><trkpt lat="36.540065" lon="127.048358"/><trkpt lat="36.540149" lon="127.048305"/><trkpt lat="36.540183" lon="127.04828"/><trkpt lat="36.54021" lon="127.04825"/><trkpt lat="36.540222" lon="127.048215"/><trkpt lat="36.540222" lon="127.048179"/><trkpt lat="36.540205" lon="127.04815"/><trkpt lat="36.540174" lon="127.04813"/><trkpt lat="36.540138" lon="127.048122"/><trkpt lat="36.540099" lon="127.048128"/><trkpt lat="36.540048" lon="127.048148"/><trkpt lat="36.539831" lon="127.048247"/><trkpt lat="36.53978" lon="127.048267"/><trkpt lat="36.539741" lon="127.048274"/><trkpt lat="36.539702" lon="127.048272"/><trkpt lat="36.539636" lon="127.048262"/><trkpt lat="36.539504" lon="127.048238"/><trkpt lat="36.539466" lon="127.048225"/><trkpt lat="36.539434" lon="127.048204"/><trkpt lat="36.539409" lon="127.048173"/><trkpt lat="36.539396" lon="127.048135"/><trkpt lat="36.539398" lon="127.04809"/><trkpt lat="36.539413" lon="127.048011"/><trkpt lat="36.539461" lon="127.047788"/><trkpt lat="36.539475" lon="127.047741"/><trkpt lat="36.539491" lon="127.047699"/><trkpt lat="36.539517" lon="127.047645"/><trkpt lat="36.539545" lon="127.047593"/><trkpt lat="36.539569" lon="127.047558"/><trkpt lat="36.539599" lon="127.047527"/><trkpt lat="36.539666" lon="127.047473"/><trkpt lat="36.539857" lon="127.047325"/><trkpt lat="36.539899" lon="127.047287"/><trkpt lat="36.539927" lon="127.047252"/><trkpt lat="36.539951" lon="127.047214"/><trkpt lat="36.540049" lon="127.047037"/><trkpt lat="36.540081" lon="127.046985"/><trkpt lat="36.540135" lon="127.046915"/><trkpt lat="36.540333" lon="127.046679"/><trkpt lat="36.540363" lon="127.046648"/><trkpt lat="36.540395" lon="127.046622"/><trkpt lat="36.540463" lon="127.046578"/><trkpt lat="36.540499" lon="127.04656"/><trkpt lat="36.540536" lon="127.046546"/><trkpt lat="36.540626" lon="127.046523"/><trkpt lat="36.540833" lon="127.046472"/><trkpt lat="36.540871" lon="127.046459"/><trkpt lat="36.540906" lon="127.046438"/><trkpt lat="36.540937" lon="127.04641"/><trkpt lat="36.540965" lon="127.046378"/><trkpt lat="36.540986" lon="127.046339"/><trkpt lat="36.541" lon="127.046295"/><trkpt lat="36.54106" lon="127.046063"/><trkpt lat="36.541072" lon="127.046001"/><trkpt lat="36.541075" lon="127.045953"/><trkpt lat="36.541072" lon="127.045888"/><trkpt lat="36.541047" lon="127.045575"/><trkpt lat="36.541044" lon="127.04551"/><trkpt lat="36.541049" lon="127.045464"/><trkpt lat="36.541064" lon="127.045422"/><trkpt lat="36.541084" lon="127.045381"/><trkpt lat="36.541161" lon="127.045248"/><trkpt lat="36.541183" lon="127.045207"/><trkpt lat="36.541214" lon="127.045134"/><trkpt lat="36.5417" lon="127.043874"/><trkpt lat="36.54181" lon="127.043589"/><trkpt lat="36.541835" lon="127.04353"/><trkpt lat="36.541857" lon="127.043489"/><trkpt lat="36.541884" lon="127.043452"/><trkpt lat="36.542095" lon="127.043194"/><trkpt lat="36.542144" lon="127.043138"/><trkpt lat="36.542176" lon="127.043107"/><trkpt lat="36.542232" lon="127.043062"/><trkpt lat="36.542632" lon="127.042753"/><trkpt lat="36.542676" lon="127.042716"/><trkpt lat="36.542705" lon="127.042683"/><trkpt lat="36.542731" lon="127.042646"/><trkpt lat="36.542801" lon="127.042524"/><trkpt lat="36.542833" lon="127.042473"/><trkpt lat="36.542861" lon="127.04244"/><trkpt lat="36.542896" lon="127.042419"/><trkpt lat="36.542934" lon="127.042403"/><trkpt lat="36.543116" lon="127.042341"/><trkpt lat="36.543167" lon="127.042321"/><trkpt lat="36.5432" lon="127.042304"/><trkpt lat="36.543224" lon="127.04228"/><trkpt lat="36.543249" lon="127.042249"/><trkpt lat="36.543281" lon="127.042237"/><trkpt lat="36.543331" lon="127.042231"/><trkpt lat="36.543544" lon="127.042218"/><trkpt lat="36.543596" lon="127.04221"/><trkpt lat="36.543633" lon="127.042197"/><trkpt lat="36.543667" lon="127.042174"/><trkpt lat="36.543823" lon="127.042045"/><trkpt lat="36.544091" lon="127.041823"/><trkpt lat="36.544134" lon="127.041784"/><trkpt lat="36.544162" lon="127.041751"/><trkpt lat="36.544184" lon="127.041711"/><trkpt lat="36.544214" lon="127.041637"/><trkpt lat="36.544276" lon="127.041469"/><trkpt lat="36.544295" lon="127.041426"/><trkpt lat="36.54432" lon="127.041392"/><trkpt lat="36.544351" lon="127.041369"/><trkpt lat="36.544385" lon="127.04135"/><trkpt lat="36.544427" lon="127.041335"/><trkpt lat="36.544467" lon="127.041328"/><trkpt lat="36.54449" lon="127.041336"/><trkpt lat="36.544492" lon="127.041342"/></trkseg>
<trkseg><trkpt lat="36.561152" lon="127.037256"/><trkpt lat="36.56066" lon="127.03814"/><trkpt lat="36.560625" lon="127.03821"/><trkpt lat="36.560608" lon="127.038254"/><trkpt lat="36.560579" lon="127.038342"/><trkpt lat="36.560563" lon="127.038384"/><trkpt lat="36.560539" lon="127.038419"/><trkpt lat="36.560507" lon="127.038446"/><trkpt lat="36.560448" lon="127.038482"/><trkpt lat="36.56035" lon="127.038539"/><trkpt lat="36.560315" lon="127.038563"/><trkpt lat="36.560284" lon="127.038592"/><trkpt lat="36.560259" lon="127.038629"/><trkpt lat="36.560131" lon="127.038859"/><trkpt lat="36.560096" lon="127.038929"/><trkpt lat="36.560079" lon="127.038973"/><trkpt lat="36.560051" lon="127.039067"/><trkpt lat="36.559889" lon="127.039652"/><trkpt lat="36.559864" lon="127.039748"/><trkpt lat="36.559856" lon="127.039795"/><trkpt lat="36.559849" lon="127.039859"/><trkpt lat="36.559844" lon="127.039922"/><trkpt lat="36.559844" lon="127.039969"/><trkpt lat="36.559851" lon="127.040013"/><trkpt lat="36.559868" lon="127.040056"/><trkpt lat="36.559896" lon="127.040111"/><trkpt lat="36.560064" lon="127.040425"/><trkpt lat="36.560094" lon="127.040478"/><trkpt lat="36.56012" lon="127.040515"/><trkpt lat="36.560168" lon="127.040574"/><trkpt lat="36.560528" lon="127.040998"/><trkpt lat="36.560564" lon="127.041046"/><trkpt lat="36.560584" lon="127.041086"/><trkpt lat="36.560596" lon="127.041131"/><trkpt lat="36.560637" lon="127.041373"/><trkpt lat="36.560695" lon="127.041728"/><trkpt lat="36.560708" lon="127.041791"/><trkpt lat="36.560723" lon="127.041835"/><trkpt lat="36.560744" lon="127.041876"/><trkpt lat="36.560956" lon="127.042217"/><trkpt lat="36.561012" lon="127.04231"/><trkpt lat="36.561034" lon="127.042351"/><trkpt lat="36.561051" lon="127.042394"/><trkpt lat="36.561085" lon="127.0425"/><trkpt lat="36.561175" lon="127.042789"/><trkpt lat="36.561191" lon="127.042833"/><trkpt lat="36.561212" lon="127.042874"/><trkpt lat="36.561246" lon="127.042927"/><trkpt lat="36.561412" lon="127.043169"/><trkpt lat="36.56144" lon="127.043204"/><trkpt lat="36.561472" lon="127.04323"/><trkpt lat="36.561508" lon="127.043251"/><trkpt lat="36.561706" lon="127.043347"/><trkpt lat="36.561754" lon="127.043372"/><trkpt lat="36.561784" lon="127.043397"/><trkpt lat="36.561803" lon="127.043433"/><trkpt lat="36.561811" lon="127.043478"/><trkpt lat="36.561824" lon="127.043609"/><trkpt lat="36.561832" lon="127.043656"/><trkpt lat="36.561846" lon="127.043701"/><trkpt lat="36.561872" lon="127.043756"/><trkpt lat="36.561976" lon="127.043945"/><trkpt lat="36.562003" lon="127.044"/><trkpt lat="36.562018" lon="127.044042"/><trkpt lat="36.56202" lon="127.044086"/><trkpt lat="36.562012" lon="127.044132"/><trkpt lat="36.561947" lon="127.044366"/><trkpt lat="36.561932" lon="127.04441"/><trkpt lat="36.561912" lon="127.044448"/><trkpt lat="36.561881" lon="127.044475"/><trkpt lat="36.561845" lon="127.044495"/><trkpt lat="36.561807" lon="127.044511"/><trkpt lat="36.561768" lon="127.044521"/><trkpt lat="36.56173" lon="127.044519"/><trkpt lat="36.561692" lon="127.044507"/><trkpt lat="36.561504" lon="127.044425"/><trkpt lat="36.56139" lon="127.044377"/><trkpt lat="36.561352" lon="127.044365"/><trkpt lat="36.561313" lon="127.044359"/><trkpt lat="36.561064" lon="127.044347"/><trkpt lat="36.560985" lon="127.044346"/><trkpt lat="36.560934" lon="127.04435"/><trkpt lat="36.560792" lon="127.044372"/><trkpt lat="36.560742" lon="127.044383"/><trkpt lat="36.560703" lon="127.044396"/><trkpt lat="36.56049" lon="127.044497"/><trkpt lat="36.560428" lon="127.044529"/><trkpt lat="36.560393" lon="127.044552"/><trkpt lat="36.560363" lon="127.044583"/><trkpt lat="36.560337" lon="127.044619"/><trkpt lat="36.560315" lon="127.044658"/><trkpt lat="36.560298" lon="127.044702"/><trkpt lat="36.560276" lon="127.044779"/><trkpt lat="36.560261" lon="127.044841"/><trkpt lat="36.560256" lon="127.044887"/><trkpt lat="36.560263" lon="127.044931"/><trkpt lat="36.56028" lon="127.044974"/><trkpt lat="36.560345" lon="127.045101"/><trkpt lat="36.560374" lon="127.045158"/><trkpt lat="36.560392" lon="127.045202"/><trkpt lat="36.560403" lon="127.045248"/><trkpt lat="36.560409" lon="127.045313"/><trkpt lat="36.560412" lon="127.045394"/><trkpt lat="36.56041" lon="127.045442"/><trkpt lat="36.560402" lon="127.045488"/><trkpt lat="36.560387" lon="127.045533"/><trkpt lat="36.560298" lon="127.045767"/><trkpt lat="36.56028" lon="127.04581"/><trkpt lat="36.560258" lon="127.045848"/><trkpt lat="36.560229" lon="127.045881"/><trkpt lat="36.560185" lon="127.045919"/><trkpt lat="36.560082" lon="127.046"/><trkpt lat="36.560047" lon="127.046024"/><trkpt lat="36.560011" lon="127.046038"/><trkpt lat="36.559977" lon="127.046041"/><trkpt lat="36.559942" lon="127.046038"/><trkpt lat="36.559906" lon="127.046027"/><trkpt lat="36.55987" lon="127.046007"/><trkpt lat="36.559776" lon="127.045943"/><trkpt lat="36.559729" lon="127.045914"/><trkpt lat="36.559692" lon="127.045901"/><trkpt lat="36.559656" lon="127.045902"/><trkpt lat="36.559606" lon="127.045916"/><trkpt lat="36.559557" lon="127.045935"/><trkpt lat="36.559523" lon="127.045954"/><trkpt lat="36.559495" lon="127.045983"/><trkpt lat="36.559473" lon="127.046021"/><trkpt lat="36.559425" lon="127.046115"/><trkpt lat="36.559397" lon="127.046168"/><trkpt lat="36.559372" lon="127.046206"/><trkpt lat="36.559315" lon="127.046277"/><trkpt lat="36.558871" lon="127.046812"/><trkpt lat="36.558804" lon="127.046895"/><trkpt lat="36.558771" lon="127.046945"/><trkpt lat="36.558639" lon="127.047168"/><trkpt lat="36.558596" lon="127.047248"/><trkpt lat="36.558577" lon="127.047292"/><trkpt lat="36.558557" lon="127.047353"/><trkpt lat="36.558498" lon="127.047539"/><trkpt lat="36.55848" lon="127.047583"/><trkpt lat="36.558425" lon="127.047692"/><trkpt lat="36.558359" lon="127.047812"/><trkpt lat="36.558334" lon="127.047851"/><trkpt lat="36.558271" lon="127.047938"/><trkpt lat="36.558224" lon="127.047998"/><trkpt lat="36.558193" lon="127.048029"/><trkpt lat="36.558138" lon="127.048074"/><trkpt lat="36.55797" lon="127.048208"/><trkpt lat="36.557935" lon="127.048231"/><trkpt lat="36.557899" lon="127.048244"/><trkpt lat="36.557863" lon="127.048246"/><trkpt lat="36.55783" lon="127.048234"/><trkpt lat="36.557799" lon="127.048211"/><trkpt lat="36.55777" lon="127.048184"/><trkpt lat="36.557743" lon="127.048152"/><trkpt lat="36.557709" lon="127.048101"/><trkpt lat="36.557478" lon="127.047714"/><trkpt lat="36.557445" lon="127.047664"/><trkpt lat="36.557418" lon="127.047633"/><trkpt lat="36.557385" lon="127.047619"/><trkpt lat="36.557347" lon="127.047619"/><trkpt lat="36.557295" lon="127.047626"/><trkpt lat="36.557216" lon="127.047641"/><trkpt lat="36.557178" lon="127.047652"/><trkpt lat="36.557144" lon="127.047673"/><trkpt lat="36.557113" lon="127.0477"/><trkpt lat="36.557013" lon="127.047803"/><trkpt lat="36.556986" lon="127.047835"/><trkpt lat="36.556965" lon="127.047871"/><trkpt lat="36.556956" lon="127.047915"/><trkpt lat="36.556954" lon="127.047963"/><trkpt lat="36.556955" lon="127.048227"/><trkpt lat="36.556959" lon="127.048325"/><trkpt lat="36.556965" lon="127.048373"/><trkpt lat="36.556978" lon="127.048437"/><trkpt lat="36.557022" lon="127.048627"/><trkpt lat="36.557029" lon="127.048675"/><trkpt lat="36.55703" lon="127.048724"/><trkpt lat="36.557021" lon="127.048822"/><trkpt lat="36.557017" lon="127.04887"/><trkpt lat="36.557022" lon="127.048915"/><trkpt lat="36.55704" lon="127.048954"/><trkpt lat="36.557075" lon="127.049001"/><trkpt lat="36.557221" lon="127.049172"/><trkpt lat="36.557404" lon="127.049389"/><trkpt lat="36.557435" lon="127.049421"/><trkpt lat="36.557467" lon="127.049446"/><trkpt lat="36.557503" lon="127.049463"/><trkpt lat="36.557743" lon="127.049548"/><trkpt lat="36.557807" lon="127.049568"/><trkpt lat="36.557845" lon="127.049574"/><trkpt lat="36.557882" lon="127.04957"/><trkpt lat="36.557931" lon="127.049559"/><trkpt lat="36.557963" lon="127.049563"/><trkpt lat="36.557989" lon="127.049581"/><trkpt lat="36.558008" lon="127.049613"/><trkpt lat="36.558014" lon="127.049654"/><trkpt lat="36.558004" lon="127.049691"/><trkpt lat="36.557978" lon="127.04972"/><trkpt lat="36.557944" lon="127.049746"/><trkpt lat="36.557661" lon="127.049937"/><trkpt lat="36.557614" lon="127.049966"/><trkpt lat="36.557577" lon="127.049984"/><trkpt lat="36.557525" lon="127.05"/><trkpt lat="36.557287" lon="127.050055"/><trkpt lat="36.557221" lon="127.050073"/><trkpt lat="36.557185" lon="127.05009"/><trkpt lat="36.557153" lon="127.050117"/><trkpt lat="36.557114" lon="127.050161"/><trkpt lat="36.556992" lon="127.050314"/><trkpt lat="36.556965" lon="127.050351"/><trkpt lat="36.556943" lon="127.050391"/><trkpt lat="36.556883" lon="127.050536"/><trkpt lat="36.556858" lon="127.050592"/><trkpt lat="36.556835" lon="127.050631"/><trkpt lat="36.556808" lon="127.050665"/><trkpt lat="36.556741" lon="127.050739"/><trkpt lat="36.556713" lon="127.050772"/><trkpt lat="36.556691" lon="127.05081"/><trkpt lat="36.556675" lon="127.050853"/><trkpt lat="36.556632" lon="127.051006"/><trkpt lat="36.556617" lon="127.051067"/><trkpt lat="36.556611" lon="127.051113"/><trkpt lat="36.556617" lon="127.051158"/><trkpt lat="36.556632" lon="127.051201"/><trkpt lat="36.556676" lon="127.051303"/><trkpt lat="36.556693" lon="127.051345"/><trkpt lat="36.556703" lon="127.051387"/><trkpt lat="36.556696" lon="127.051427"/><trkpt lat="36.556676" lon="127.051465"/><trkpt lat="36.556626" lon="127.051539"/><trkpt lat="36.556605" lon="127.051578"/><trkpt lat="36.556597" lon="127.051618"/><trkpt lat="36.556605" lon="127.051662"/><trkpt lat="36.556637" lon="127.051753"/><trkpt lat="36.556651" lon="127.051798"/><trkpt lat="36.556655" lon="127.051842"/><trkpt lat="36.556644" lon="127.051881"/><trkpt lat="36.556624" lon="127.05192"/><trkpt lat="36.556563" lon="127.052021"/><trkpt lat="36.556542" lon="127.05206"/><trkpt lat="36.556517" lon="127.052119"/><trkpt lat="36.556416" lon="127.052408"/><trkpt lat="36.556396" lon="127.052469"/><trkpt lat="36.556385" lon="127.052515"/><trkpt lat="36.556385" lon="127.052559"/><trkpt lat="36.556394" lon="127.052601"/><trkpt lat="36.556408" lon="127.052642"/><trkpt lat="36.556431" lon="127.052677"/><trkpt lat="36.556461" lon="127.052708"/><trkpt lat="36.556558" lon="127.052795"/><trkpt lat="36.556599" lon="127.052834"/><trkpt lat="36.556621" lon="127.052866"/><trkpt lat="36.556628" lon="127.052904"/><trkpt lat="36.556621" lon="127.052946"/><trkpt lat="36.556602" lon="127.053036"/><trkpt lat="36.556598" lon="127.053081"/><trkpt lat="36.556603" lon="127.053128"/><trkpt lat="36.556624" lon="127.053252"/><trkpt lat="36.556629" lon="127.053298"/><trkpt lat="36.556626" lon="127.053341"/><trkpt lat="36.556611" lon="127.053397"/><trkpt lat="36.556607" lon="127.053438"/><trkpt lat="36.556613" lon="127.053495"/><trkpt lat="36.556608" lon="127.053535"/><trkpt lat="36.556596" lon="127.053589"/><trkpt lat="36.556593" lon="127.05366"/><trkpt lat="36.556589" lon="127.053703"/><trkpt lat="36.556576" lon="127.053744"/><trkpt lat="36.556558" lon="127.053779"/><trkpt lat="36.55653" lon="127.053806"/><trkpt lat="36.556494" lon="127.053825"/><trkpt lat="36.556392" lon="127.053866"/><trkpt lat="36.556356" lon="127.053884"/><trkpt lat="36.556324" lon="127.053911"/><trkpt lat="36.556299" lon="127.053947"/><trkpt lat="36.556244" lon="127.054041"/><trkpt lat="36.556218" lon="127.054077"/><trkpt lat="36.55619" lon="127.054103"/><trkpt lat="36.55615" lon="127.054133"/><trkpt lat="36.556122" lon="127.054164"/><trkpt lat="36.556062" lon="127.054244"/><trkpt lat="36.556036" lon="127.054272"/><trkpt lat="36.556007" lon="127.054299"/><trkpt lat="36.55599" lon="127.054341"/><trkpt lat="36.555972" lon="127.054378"/><trkpt lat="36.555938" lon="127.05444"/><trkpt lat="36.555928" lon="127.054477"/><trkpt lat="36.555937" lon="127.054517"/><trkpt lat="36.555968" lon="127.054586"/><trkpt lat="36.555978" lon="127.05463"/><trkpt lat="36.555976" lon="127.054676"/><trkpt lat="36.555969" lon="127.054724"/><trkpt lat="36.555958" lon="127.054771"/><trkpt lat="36.555944" lon="127.054814"/><trkpt lat="36.555919" lon="127.054849"/><trkpt lat="36.555887" lon="127.054876"/><trkpt lat="36.555699" lon="127.055005"/><trkpt lat="36.55563" lon="127.055054"/><trkpt lat="36.555599" lon="127.055082"/><trkpt lat="36.555577" lon="127.055117"/><trkpt lat="36.555566" lon="127.05516"/><trkpt lat="36.555552" lon="127.055237"/><trkpt lat="36.555537" lon="127.05528"/><trkpt lat="36.555517" lon="127.055318"/><trkpt lat="36.555493" lon="127.055352"/><trkpt lat="36.555466" lon="127.05538"/><trkpt lat="36.555432" lon="127.055397"/><trkpt lat="36.555395" lon="127.055407"/><trkpt lat="36.555305" lon="127.055424"/><trkpt lat="36.555256" lon="127.055429"/><trkpt lat="36.555222" lon="127.055427"/><trkpt lat="36.555194" lon="127.055417"/><trkpt lat="36.555163" lon="127.055417"/><trkpt lat="36.555118" lon="127.05542"/><trkpt lat="36.555059" lon="127.055409"/><trkpt lat="36.555025" lon="127.055406"/><trkpt lat="36.554993" lon="127.055419"/><trkpt lat="36.554942" lon="127.055466"/><trkpt lat="36.55491" lon="127.055489"/><trkpt lat="36.554877" lon="127.055496"/><trkpt lat="36.554843" lon="127.055492"/><trkpt lat="36.554815" lon="127.055478"/><trkpt lat="36.554786" lon="127.055454"/><trkpt lat="36.554751" lon="127.055443"/><trkpt lat="36.554729" lon="127.055424"/><trkpt lat="36.554697" lon="127.055375"/><trkpt lat="36.554664" lon="127.055341"/><trkpt lat="36.554643" lon="127.055316"/><trkpt lat="36.554625" lon="127.055284"/><trkpt lat="36.5546" lon="127.055263"/><trkpt lat="36.554565" lon="127.055238"/><trkpt lat="36.554559" lon="127.055209"/><trkpt lat="36.554573" lon="127.055146"/><trkpt lat="36.554579" lon="127.055106"/><trkpt lat="36.554572" lon="127.05505"/><trkpt lat="36.554569" lon="127.055009"/><trkpt lat="36.554575" lon="127.054948"/><trkpt lat="36.554568" lon="127.054918"/><trkpt lat="36.554539" lon="127.054888"/><trkpt lat="36.55452" lon="127.054864"/><trkpt lat="36.554508" lon="127.054815"/><trkpt lat="36.554495" lon="127.054773"/><trkpt lat="36.554477" lon="127.054731"/><trkpt lat="36.554457" lon="127.054697"/><trkpt lat="36.554432" lon="127.054684"/><trkpt lat="36.554404" lon="127.054698"/><trkpt lat="36.554364" lon="127.054732"/><trkpt lat="36.554315" lon="127.054783"/><trkpt lat="36.554288" lon="127.054818"/><trkpt lat="36.554258" lon="127.054869"/><trkpt lat="36.554214" lon="127.054946"/><trkpt lat="36.55419" lon="127.054979"/><trkpt lat="36.554152" lon="127.055008"/><trkpt lat="36.554126" lon="127.055031"/><trkpt lat="36.554096" lon="127.055072"/><trkpt lat="36.554066" lon="127.055096"/><trkpt lat="36.554009" lon="127.055133"/><trkpt lat="36.553977" lon="127.055158"/><trkpt lat="36.553947" lon="127.05519"/><trkpt lat="36.553892" lon="127.055263"/><trkpt lat="36.553783" lon="127.05541"/><trkpt lat="36.553753" lon="127.055442"/><trkpt lat="36.553721" lon="127.055467"/><trkpt lat="36.553628" lon="127.055523"/><trkpt lat="36.553582" lon="127.055552"/><trkpt lat="36.55355" lon="127.055578"/><trkpt lat="36.553501" lon="127.055629"/><trkpt lat="36.553468" lon="127.05565"/><trkpt lat="36.553431" lon="127.055661"/><trkpt lat="36.553286" lon="127.055686"/><trkpt lat="36.553207" lon="127.055696"/><trkpt lat="36.553168" lon="127.055694"/><trkpt lat="36.553103" lon="127.055686"/><trkpt lat="36.553067" lon="127.055691"/><trkpt lat="36.552995" lon="127.05572"/><trkpt lat="36.552959" lon="127.055732"/><trkpt lat="36.552922" lon="127.055735"/><trkpt lat="36.552884" lon="127.055731"/><trkpt lat="36.552809" lon="127.055719"/><trkpt lat="36.552772" lon="127.055721"/><trkpt lat="36.552738" lon="127.055736"/><trkpt lat="36.552672" lon="127.055784"/><trkpt lat="36.552626" lon="127.055814"/><trkpt lat="36.552591" lon="127.055829"/><trkpt lat="36.552531" lon="127.05585"/><trkpt lat="36.5525" lon="127.055871"/><trkpt lat="36.552475" lon="127.055906"/><trkpt lat="36.552439" lon="127.055973"/><trkpt lat="36.552349" lon="127.056153"/><trkpt lat="36.552326" lon="127.056192"/><trkpt lat="36.552299" lon="127.056227"/><trkpt lat="36.552269" lon="127.056257"/><trkpt lat="36.552237" lon="127.056283"/><trkpt lat="36.552203" lon="127.056303"/><trkpt lat="36.552165" lon="127.056313"/><trkpt lat="36.552085" lon="127.056318"/><trkpt lat="36.552031" lon="127.056324"/><trkpt lat="36.551994" lon="127.056336"/><trkpt lat="36.551958" lon="127.056354"/><trkpt lat="36.551923" lon="127.056376"/><trkpt lat="36.551891" lon="127.056402"/><trkpt lat="36.551861" lon="127.056434"/><trkpt lat="36.551719" lon="127.056607"/><trkpt lat="36.551681" lon="127.056651"/><trkpt lat="36.55165" lon="127.056677"/><trkpt lat="36.551615" lon="127.05669"/><trkpt lat="36.551576" lon="127.056691"/><trkpt lat="36.551347" lon="127.056666"/><trkpt lat="36.551254" lon="127.056657"/><trkpt lat="36.551217" lon="127.056658"/><trkpt lat="36.551188" lon="127.056668"/><trkpt lat="36.551174" lon="127.056687"/><trkpt lat="36.551153" lon="127.056708"/><trkpt lat="36.551124" lon="127.056724"/><trkpt lat="36.55109" lon="127.05673"/><trkpt lat="36.551053" lon="127.056725"/><trkpt lat="36.551003" lon="127.056712"/><trkpt lat="36.550941" lon="127.056691"/><trkpt lat="36.550906" lon="127.056676"/><trkpt lat="36.550873" lon="127.056653"/><trkpt lat="36.550846" lon="127.056621"/><trkpt lat="36.550802" lon="127.056569"/><trkpt lat="36.550775" lon="127.05655"/><trkpt lat="36.55075" lon="127.056554"/><trkpt lat="36.550724" lon="127.056578"/><trkpt lat="36.5507" lon="127.056616"/><trkpt lat="36.550646" lon="127.056711"/><trkpt lat="36.550619" lon="127.056747"/><trkpt lat="36.550587" lon="127.056775"/><trkpt lat="36.550529" lon="127.056813"/><trkpt lat="36.550325" lon="127.056933"/><trkpt lat="36.550279" lon="127.056963"/><trkpt lat="36.550247" lon="127.056988"/><trkpt lat="36.550222" lon="127.057018"/><trkpt lat="36.550194" lon="127.057057"/><trkpt lat="36.550154" lon="127.057092"/><trkpt lat="36.550126" lon="127.057121"/><trkpt lat="36.550102" lon="127.057158"/><trkpt lat="36.550054" lon="127.057254"/><trkpt lat="36.550016" lon="127.057339"/><trkpt lat="36.550002" lon="127.057382"/><trkpt lat="36.549997" lon="127.057426"/><trkpt lat="36.549994" lon="127.057499"/><trkpt lat="36.549983" lon="127.057543"/><trkpt lat="36.549966" lon="127.057585"/><trkpt lat="36.549946" lon="127.057625"/><trkpt lat="36.549924" lon="127.05766"/><trkpt lat="36.549895" lon="127.05768"/><trkpt lat="36.549859" lon="127.057682"/><trkpt lat="36.54978" lon="127.057671"/><trkpt lat="36.549744" lon="127.057673"/><trkpt lat="36.549715" lon="127.05769"/><trkpt lat="36.549675" lon="127.057739"/><trkpt lat="36.549647" lon="127.057766"/><trkpt lat="36.549605" lon="127.057793"/><trkpt lat="36.549574" lon="127.057815"/><trkpt lat="36.549547" lon="127.057848"/><trkpt lat="36.549514" lon="127.057899"/><trkpt lat="36.549358" lon="127.058168"/><trkpt lat="36.549329" lon="127.058222"/><trkpt lat="36.549311" lon="127.058264"/><trkpt lat="36.549303" lon="127.058307"/><trkpt lat="36.5493" lon="127.058364"/><trkpt lat="36.549293" lon="127.058408"/><trkpt lat="36.549277" lon="127.058452"/><trkpt lat="36.549238" lon="127.058538"/><trkpt lat="36.549222" lon="127.058579"/><trkpt lat="36.54922" lon="127.058616"/><trkpt lat="36.549229" lon="127.058652"/><trkpt lat="36.549227" lon="127.058703"/><trkpt lat="36.549215" lon="127.058761"/><trkpt lat="36.549205" lon="127.058801"/></trkseg>
<trkseg><trkpt lat="36.519053" lon="127.060157"/><trkpt lat="36.518959" lon="127.060233"/><trkpt lat="36.518926" lon="127.060262"/><trkpt lat="36.518898" lon="127.060293"/><trkpt lat="36.518875" lon="127.06033"/><trkpt lat="36.518856" lon="127.06037"/><trkpt lat="36.518841" lon="127.060412"/><trkpt lat="36.518834" lon="127.060456"/><trkpt lat="36.518834" lon="127.0605"/><trkpt lat="36.518838" lon="127.060545"/><trkpt lat="36.518849" lon="127.060588"/><trkpt lat="36.518867" lon="127.060629"/><trkpt lat="36.518889" lon="127.060667"/><trkpt lat="36.518914" lon="127.060699"/><trkpt lat="36.518947" lon="127.060717"/><trkpt lat="36.518985" lon="127.060723"/><trkpt lat="36.519145" lon="127.060727"/><trkpt lat="36.519225" lon="127.060731"/><trkpt lat="36.519264" lon="127.060737"/><trkpt lat="36.519301" lon="127.06075"/><trkpt lat="36.519337" lon="127.060767"/><trkpt lat="36.519371" lon="127.060789"/><trkpt lat="36.519404" lon="127.060817"/><trkpt lat="36.519535" lon="127.060955"/><trkpt lat="36.519676" lon="127.061105"/><trkpt lat="36.519704" lon="127.061139"/><trkpt lat="36.519737" lon="127.06119"/><trkpt lat="36.519792" lon="127.061282"/><trkpt lat="36.519818" lon="127.061314"/><trkpt lat="36.519851" lon="127.061334"/><trkpt lat="36.519888" lon="127.061342"/><trkpt lat="36.520036" lon="127.061353"/><trkpt lat="36.520102" lon="127.06136"/><trkpt lat="36.520139" lon="127.061371"/><trkpt lat="36.52017" lon="127.061395"/><trkpt lat="36.520197" lon="127.061429"/><trkpt lat="36.520295" lon="127.061584"/><trkpt lat="36.520392" lon="127.061739"/><trkpt lat="36.52041" lon="127.06178"/><trkpt lat="36.520418" lon="127.061824"/><trkpt lat="36.520417" lon="127.061871"/><trkpt lat="36.520404" lon="127.061999"/><trkpt lat="36.520393" lon="127.062078"/><trkpt lat="36.520381" lon="127.06212"/><trkpt lat="36.520358" lon="127.062153"/><trkpt lat="36.520326" lon="127.062179"/><trkpt lat="36.520279" lon="127.062208"/><trkpt lat="36.519953" lon="127.062399"/><trkpt lat="36.519773" lon="127.062507"/><trkpt lat="36.51974" lon="127.062532"/><trkpt lat="36.519711" lon="127.062564"/><trkpt lat="36.519686" lon="127.062601"/><trkpt lat="36.519649" lon="127.062667"/><trkpt lat="36.519629" lon="127.062708"/><trkpt lat="36.519617" lon="127.062752"/><trkpt lat="36.519614" lon="127.062799"/><trkpt lat="36.519616" lon="127.062847"/><trkpt lat="36.519623" lon="127.062892"/><trkpt lat="36.519639" lon="127.062931"/><trkpt lat="36.519667" lon="127.062961"/><trkpt lat="36.519722" lon="127.063005"/><trkpt lat="36.51996" lon="127.063182"/><trkpt lat="36.520029" lon="127.063231"/><trkpt lat="36.520065" lon="127.06325"/><trkpt lat="36.520103" lon="127.063264"/><trkpt lat="36.520417" lon="127.063354"/><trkpt lat="36.5206" lon="127.063406"/><trkpt lat="36.520637" lon="127.063421"/><trkpt lat="36.52067" lon="127.063444"/><trkpt lat="36.520697" lon="127.063478"/><trkpt lat="36.520749" lon="127.063553"/><trkpt lat="36.520777" lon="127.063587"/><trkpt lat="36.520809" lon="127.063616"/><trkpt lat="36.520866" lon="127.063657"/><trkpt lat="36.521244" lon="127.063909"/><trkpt lat="36.521277" lon="127.063934"/><trkpt lat="36.521303" lon="127.063963"/><trkpt lat="36.521312" lon="127.063998"/><trkpt lat="36.521307" lon="127.064039"/><trkpt lat="36.521296" lon="127.06408"/><trkpt lat="36.521278" lon="127.064117"/><trkpt lat="36.521248" lon="127.064148"/><trkpt lat="36.521214" lon="127.064174"/><trkpt lat="36.521153" lon="127.06421"/><trkpt lat="36.521115" lon="127.064227"/><trkpt lat="36.521077" lon="127.064236"/><trkpt lat="36.521013" lon="127.064244"/><trkpt lat="36.520872" lon="127.064258"/><trkpt lat="36.520834" lon="127.064267"/><trkpt lat="36.520797" lon="127.064283"/><trkpt lat="36.520701" lon="127.064338"/><trkpt lat="36.520652" lon="127.064364"/><trkpt lat="36.520615" lon="127.064378"/><trkpt lat="36.520563" lon="127.064391"/><trkpt lat="36.52038" lon="127.06443"/><trkpt lat="36.520341" lon="127.064441"/><trkpt lat="36.520307" lon="127.064459"/><trkpt lat="36.520281" lon="127.064489"/><trkpt lat="36.520262" lon="127.064526"/><trkpt lat="36.520257" lon="127.064565"/><trkpt lat="36.520267" lon="127.064602"/><trkpt lat="36.52029" lon="127.064631"/><trkpt lat="36.520325" lon="127.064649"/><trkpt lat="36.52039" lon="127.064668"/><trkpt lat="36.520664" lon="127.064741"/><trkpt lat="36.520715" lon="127.064758"/><trkpt lat="36.520751" lon="127.064776"/><trkpt lat="36.520785" lon="127.064799"/><trkpt lat="36.520972" lon="127.064954"/><trkpt lat="36.521016" lon="127.064988"/><trkpt lat="36.52105" lon="127.065007"/><trkpt lat="36.521087" lon="127.065012"/><trkpt lat="36.521125" lon="127.065007"/><trkpt lat="36.521294" lon="127.064959"/><trkpt lat="36.521477" lon="127.064907"/><trkpt lat="36.521516" lon="127.0649"/><trkpt lat="36.521553" lon="127.064899"/><trkpt lat="36.521589" lon="127.064903"/><trkpt lat="36.521619" lon="127.064912"/><trkpt lat="36.521638" lon="127.064935"/><trkpt lat="36.521642" lon="127.064974"/><trkpt lat="36.521638" lon="127.065021"/><trkpt lat="36.521591" lon="127.065397"/><trkpt lat="36.521582" lon="127.065478"/><trkpt lat="36.52158" lon="127.065526"/><trkpt lat="36.521586" lon="127.065572"/><trkpt lat="36.521602" lon="127.065615"/><trkpt lat="36.521623" lon="127.065656"/><trkpt lat="36.521648" lon="127.065694"/><trkpt lat="36.521677" lon="127.065723"/><trkpt lat="36.521709" lon="127.065744"/><trkpt lat="36.521742" lon="127.065756"/><trkpt lat="36.521774" lon="127.065753"/><trkpt lat="36.521803" lon="127.065736"/><trkpt lat="36.52183" lon="127.06571"/><trkpt lat="36.521854" lon="127.065672"/><trkpt lat="36.521904" lon="127.065574"/><trkpt lat="36.521935" lon="127.065521"/><trkpt lat="36.521962" lon="127.065487"/><trkpt lat="36.522004" lon="127.065447"/><trkpt lat="36.522199" lon="127.065279"/><trkpt lat="36.522241" lon="127.065239"/><trkpt lat="36.52227" lon="127.065207"/><trkpt lat="36.522295" lon="127.06517"/><trkpt lat="36.522382" lon="127.065029"/><trkpt lat="36.522413" lon="127.064993"/><trkpt lat="36.522453" lon="127.064971"/><trkpt lat="36.522486" lon="127.064968"/><trkpt lat="36.522494" lon="127.06497"/></trkseg>
<trkseg><trkpt lat="36.544019" lon="127.063835"/><trkpt lat="36.543783" lon="127.06389"/><trkpt lat="36.543732" lon="127.063905"/><trkpt lat="36.543696" lon="127.063922"/><trkpt lat="36.543664" lon="127.063949"/><trkpt lat="36.543615" lon="127.064005"/><trkpt lat="36.543559" lon="127.064076"/><trkpt lat="36.543535" lon="127.064115"/><trkpt lat="36.543508" lon="127.064171"/><trkpt lat="36.54343" lon="127.064359"/><trkpt lat="36.543405" lon="127.064416"/><trkpt lat="36.543382" lon="127.064454"/><trkpt lat="36.543354" lon="127.064483"/><trkpt lat="36.543319" lon="127.064505"/><trkpt lat="36.543283" lon="127.064522"/><trkpt lat="36.543246" lon="127.064536"/><trkpt lat="36.543209" lon="127.064541"/><trkpt lat="36.543175" lon="127.064529"/><trkpt lat="36.543142" lon="127.064508"/><trkpt lat="36.543087" lon="127.064467"/><trkpt lat="36.543057" lon="127.064438"/><trkpt lat="36.543028" lon="127.064403"/><trkpt lat="36.542866" lon="127.064158"/><trkpt lat="36.542337" lon="127.063358"/><trkpt lat="36.542303" lon="127.063307"/><trkpt lat="36.542276" lon="127.063276"/><trkpt lat="36.542246" lon="127.063263"/><trkpt lat="36.542211" lon="127.063273"/><trkpt lat="36.542163" lon="127.063298"/><trkpt lat="36.542064" lon="127.063354"/><trkpt lat="36.542026" lon="127.063369"/><trkpt lat="36.541987" lon="127.063378"/><trkpt lat="36.541708" lon="127.063419"/><trkpt lat="36.541655" lon="127.063429"/><trkpt lat="36.541617" lon="127.06344"/><trkpt lat="36.541585" lon="127.063462"/><trkpt lat="36.541557" lon="127.063491"/><trkpt lat="36.54152" lon="127.063534"/><trkpt lat="36.541487" lon="127.06358"/><trkpt lat="36.541465" lon="127.063619"/><trkpt lat="36.541443" lon="127.063678"/><trkpt lat="36.541347" lon="127.063989"/><trkpt lat="36.541327" lon="127.06405"/><trkpt lat="36.541309" lon="127.064092"/><trkpt lat="36.541284" lon="127.064123"/><trkpt lat="36.541251" lon="127.064142"/><trkpt lat="36.541188" lon="127.064163"/><trkpt lat="36.541061" lon="127.064201"/><trkpt lat="36.541024" lon="127.064216"/><trkpt lat="36.540991" lon="127.064239"/><trkpt lat="36.540963" lon="127.064272"/><trkpt lat="36.540929" lon="127.064322"/><trkpt lat="36.540836" lon="127.064463"/><trkpt lat="36.540809" lon="127.064498"/><trkpt lat="36.540778" lon="127.064524"/><trkpt lat="36.540742" lon="127.064541"/><trkpt lat="36.540691" lon="127.064558"/><trkpt lat="36.540601" lon="127.064583"/><trkpt lat="36.540562" lon="127.06459"/><trkpt lat="36.540526" lon="127.064586"/><trkpt lat="36.540491" lon="127.064569"/><trkpt lat="36.540458" lon="127.064545"/><trkpt lat="36.540428" lon="127.064516"/><trkpt lat="36.540402" lon="127.06448"/><trkpt lat="36.540348" lon="127.064389"/><trkpt lat="36.540323" lon="127.064353"/><trkpt lat="36.540294" lon="127.064325"/><trkpt lat="36.54026" lon="127.064306"/><trkpt lat="36.540185" lon="127.064278"/><trkpt lat="36.540149" lon="127.064262"/><trkpt lat="36.540115" lon="127.06424"/><trkpt lat="36.540087" lon="127.064211"/><trkpt lat="36.540064" lon="127.064177"/><trkpt lat="36.54005" lon="127.06414"/><trkpt lat="36.540053" lon="127.064098"/><trkpt lat="36.540065" lon="127.064053"/><trkpt lat="36.540158" lon="127.06378"/><trkpt lat="36.540188" lon="127.063689"/><trkpt lat="36.5402" lon="127.063642"/><trkpt lat="36.54021" lon="127.063579"/><trkpt lat="36.540227" lon="127.063416"/><trkpt lat="36.540231" lon="127.063351"/><trkpt lat="36.540228" lon="127.063253"/><trkpt lat="36.540221" lon="127.063156"/><trkpt lat="36.540211" lon="127.063112"/><trkpt lat="36.540191" lon="127.063078"/><trkpt lat="36.540162" lon="127.063052"/><trkpt lat="36.54013" lon="127.06303"/><trkpt lat="36.540096" lon="127.063013"/><trkpt lat="36.540061" lon="127.063009"/><trkpt lat="36.540024" lon="127.063019"/><trkpt lat="36.539962" lon="127.063048"/><trkpt lat="36.539665" lon="127.063197"/><trkpt lat="36.539629" lon="127.063218"/><trkpt lat="36.539596" lon="127.063244"/><trkpt lat="36.539524" lon="127.063317"/><trkpt lat="36.539352" lon="127.0635"/><trkpt lat="36.539321" lon="127.06353"/><trkpt lat="36.539287" lon="127.063555"/><trkpt lat="36.539192" lon="127.063608"/><trkpt lat="36.539156" lon="127.063625"/><trkpt lat="36.539119" lon="127.063634"/><trkpt lat="36.539081" lon="127.063631"/><trkpt lat="36.539044" lon="127.06362"/><trkpt lat="36.539007" lon="127.063604"/><trkpt lat="36.538972" lon="127.063581"/><trkpt lat="36.538928" lon="127.063544"/><trkpt lat="36.538734" lon="127.063368"/><trkpt lat="36.53869" lon="127.063333"/><trkpt lat="36.538655" lon="127.063313"/><trkpt lat="36.538617" lon="127.063301"/><trkpt lat="36.538433" lon="127.063267"/><trkpt lat="36.53838" lon="127.063259"/><trkpt lat="36.538341" lon="127.063258"/><trkpt lat="36.538303" lon="127.063267"/><trkpt lat="36.538266" lon="127.063281"/><trkpt lat="36.538231" lon="127.0633"/><trkpt lat="36.5382" lon="127.063327"/><trkpt lat="36.538174" lon="127.063359"/><trkpt lat="36.538151" lon="127.063395"/><trkpt lat="36.538131" lon="127.063434"/><trkpt lat="36.538118" lon="127.06348"/><trkpt lat="36.538106" lon="127.063545"/><trkpt lat="36.538068" lon="127.063791"/><trkpt lat="36.538065" lon="127.06384"/><trkpt lat="36.538067" lon="127.063889"/><trkpt lat="36.53808" lon="127.063987"/><trkpt lat="36.538145" lon="127.064444"/><trkpt lat="36.538149" lon="127.064493"/><trkpt lat="36.538149" lon="127.06456"/><trkpt lat="36.538141" lon="127.064726"/><trkpt lat="36.538134" lon="127.064792"/><trkpt lat="36.538124" lon="127.064839"/><trkpt lat="36.538099" lon="127.064916"/><trkpt lat="36.538055" lon="127.065037"/><trkpt lat="36.538036" lon="127.06508"/><trkpt lat="36.538011" lon="127.065116"/><trkpt lat="36.53798" lon="127.065142"/><trkpt lat="36.537945" lon="127.065162"/><trkpt lat="36.53791" lon="127.06517"/><trkpt lat="36.537875" lon="127.06516"/><trkpt lat="36.53784" lon="127.06514"/><trkpt lat="36.537605" lon="127.064977"/><trkpt lat="36.537558" lon="127.064947"/><trkpt lat="36.537522" lon="127.06493"/><trkpt lat="36.537485" lon="127.064926"/><trkpt lat="36.537447" lon="127.064932"/><trkpt lat="36.537304" lon="127.064972"/><trkpt lat="36.537239" lon="127.064987"/><trkpt lat="36.537202" lon="127.064989"/><trkpt lat="36.537169" lon="127.064974"/><trkpt lat="36.537139" lon="127.064945"/><trkpt lat="36.537044" lon="127.06483"/><trkpt lat="36.536996" lon="127.064775"/><trkpt lat="36.536966" lon="127.064749"/><trkpt lat="36.536932" lon="127.064741"/><trkpt lat="36.536895" lon="127.064745"/><trkpt lat="36.536768" lon="127.064779"/><trkpt lat="36.53673" lon="127.064787"/><trkpt lat="36.536694" lon="127.064786"/><trkpt lat="36.536663" lon="127.064776"/><trkpt lat="36.536631" lon="127.064758"/><trkpt lat="36.536598" lon="127.064732"/><trkpt lat="36.536451" lon="127.064593"/><trkpt lat="36.536408" lon="127.064556"/><trkpt lat="36.536375" lon="127.064535"/><trkpt lat="36.536341" lon="127.06453"/><trkpt lat="36.536305" lon="127.064538"/><trkpt lat="36.536272" lon="127.064555"/><trkpt lat="36.536244" lon="127.064582"/><trkpt lat="36.536224" lon="127.064621"/><trkpt lat="36.536202" lon="127.06468"/><trkpt lat="36.536129" lon="127.064892"/><trkpt lat="36.53611" lon="127.064933"/><trkpt lat="36.536085" lon="127.064967"/><trkpt lat="36.536055" lon="127.064994"/><trkpt lat="36.536023" lon="127.065017"/><trkpt lat="36.535989" lon="127.065036"/><trkpt lat="36.535951" lon="127.065047"/><trkpt lat="36.535885" lon="127.065058"/><trkpt lat="36.53558" lon="127.065099"/><trkpt lat="36.53554" lon="127.065102"/><trkpt lat="36.535501" lon="127.065099"/><trkpt lat="36.535437" lon="127.065084"/><trkpt lat="36.535205" lon="127.065023"/><trkpt lat="36.535167" lon="127.065017"/><trkpt lat="36.535131" lon="127.065019"/><trkpt lat="36.535098" lon="127.065039"/><trkpt lat="36.535057" lon="127.065079"/><trkpt lat="36.534905" lon="127.065244"/><trkpt lat="36.534874" lon="127.065274"/><trkpt lat="36.534842" lon="127.065298"/><trkpt lat="36.534807" lon="127.065305"/><trkpt lat="36.534769" lon="127.065298"/><trkpt lat="36.534628" lon="127.065253"/><trkpt lat="36.534577" lon="127.065238"/><trkpt lat="36.53454" lon="127.065235"/><trkpt lat="36.534507" lon="127.065248"/><trkpt lat="36.534476" lon="127.065273"/><trkpt lat="36.534375" lon="127.065376"/><trkpt lat="36.534314" lon="127.065437"/><trkpt lat="36.53428" lon="127.065461"/><trkpt lat="36.534243" lon="127.065478"/><trkpt lat="36.534204" lon="127.06549"/><trkpt lat="36.534165" lon="127.065493"/><trkpt lat="36.534126" lon="127.065486"/><trkpt lat="36.533917" lon="127.065423"/><trkpt lat="36.533866" lon="127.065405"/><trkpt lat="36.53383" lon="127.065387"/><trkpt lat="36.533796" lon="127.065363"/><trkpt lat="36.533685" lon="127.065274"/><trkpt lat="36.533641" lon="127.065241"/><trkpt lat="36.533607" lon="127.065223"/><trkpt lat="36.533572" lon="127.06522"/><trkpt lat="36.533535" lon="127.065229"/><trkpt lat="36.533437" lon="127.065269"/><trkpt lat="36.533387" lon="127.065285"/><trkpt lat="36.533351" lon="127.065288"/><trkpt lat="36.533317" lon="127.065274"/><trkpt lat="36.533284" lon="127.065252"/><trkpt lat="36.533185" lon="127.065177"/><trkpt lat="36.533151" lon="127.065156"/><trkpt lat="36.533116" lon="127.065146"/><trkpt lat="36.533078" lon="127.065149"/><trkpt lat="36.533027" lon="127.065161"/><trkpt lat="36.532937" lon="127.065185"/><trkpt lat="36.532898" lon="127.065189"/><trkpt lat="36.53286" lon="127.065184"/><trkpt lat="36.532823" lon="127.065169"/><trkpt lat="36.532699" lon="127.065108"/><trkpt lat="36.532649" lon="127.065087"/><trkpt lat="36.532613" lon="127.065078"/><trkpt lat="36.532579" lon="127.065087"/><trkpt lat="36.532547" lon="127.06511"/><trkpt lat="36.532399" lon="127.065247"/><trkpt lat="36.532346" lon="127.065294"/><trkpt lat="36.532313" lon="127.065318"/><trkpt lat="36.532279" lon="127.06533"/><trkpt lat="36.532241" lon="127.065327"/><trkpt lat="36.53219" lon="127.065314"/><trkpt lat="36.5321" lon="127.06529"/><trkpt lat="36.532061" lon="127.065285"/><trkpt lat="36.532024" lon="127.065291"/><trkpt lat="36.531987" lon="127.065306"/><trkpt lat="36.531889" lon="127.065357"/><trkpt lat="36.531853" lon="127.065373"/><trkpt lat="36.531816" lon="127.065381"/><trkpt lat="36.531779" lon="127.065374"/><trkpt lat="36.531741" lon="127.065359"/><trkpt lat="36.53168" lon="127.065327"/><trkpt lat="36.531646" lon="127.065303"/><trkpt lat="36.531593" lon="127.065256"/><trkpt lat="36.5315" lon="127.065166"/><trkpt lat="36.531467" lon="127.065141"/><trkpt lat="36.531431" lon="127.065125"/><trkpt lat="36.53138" lon="127.065112"/><trkpt lat="36.531078" lon="127.065062"/><trkpt lat="36.531026" lon="127.065051"/><trkpt lat="36.530988" lon="127.065039"/><trkpt lat="36.530739" lon="127.064931"/><trkpt lat="36.530477" lon="127.064818"/></trkseg>
<trkseg><trkpt lat="36.552216" lon="127.069333"/><trkpt lat="36.552205" lon="127.069065"/><trkpt lat="36.552199" lon="127.068999"/><trkpt lat="36.552187" lon="127.068955"/><trkpt lat="36.552164" lon="127.06892"/><trkpt lat="36.552134" lon="127.068889"/><trkpt lat="36.552027" lon="127.068789"/><trkpt lat="36.551997" lon="127.068758"/><trkpt lat="36.551973" lon="127.068723"/><trkpt lat="36.551962" lon="127.068687"/><trkpt lat="36.551958" lon="127.068647"/><trkpt lat="36.551963" lon="127.0686"/><trkpt lat="36.551977" lon="127.068535"/><trkpt lat="36.552051" lon="127.068217"/><trkpt lat="36.552059" lon="127.068169"/><trkpt lat="36.55206" lon="127.068122"/><trkpt lat="36.552053" lon="127.068076"/><trkpt lat="36.552038" lon="127.068014"/><trkpt lat="36.551985" lon="127.067814"/><trkpt lat="36.551972" lon="127.067752"/><trkpt lat="36.551968" lon="127.067704"/><trkpt lat="36.55197" lon="127.067623"/><trkpt lat="36.551981" lon="127.067409"/><trkpt lat="36.551982" lon="127.067344"/><trkpt lat="36.551978" lon="127.067295"/><trkpt lat="36.551968" lon="127.067249"/><trkpt lat="36.551887" lon="127.066955"/><trkpt lat="36.551868" lon="127.066894"/><trkpt lat="36.551849" lon="127.066853"/><trkpt lat="36.551825" lon="127.066817"/><trkpt lat="36.55179" lon="127.066771"/><trkpt lat="36.551753" lon="127.066728"/><trkpt lat="36.551723" lon="127.066702"/><trkpt lat="36.551687" lon="127.066685"/><trkpt lat="36.55161" lon="127.066663"/><trkpt lat="36.551325" lon="127.06659"/><trkpt lat="36.551287" lon="127.066578"/><trkpt lat="36.55125" lon="127.066561"/><trkpt lat="36.55118" lon="127.066518"/><trkpt lat="36.551148" lon="127.066493"/><trkpt lat="36.551121" lon="127.066461"/><trkpt lat="36.551101" lon="127.066421"/><trkpt lat="36.551073" lon="127.066347"/><trkpt lat="36.550944" lon="127.065989"/><trkpt lat="36.550926" lon="127.065945"/><trkpt lat="36.550904" lon="127.065905"/><trkpt lat="36.550851" lon="127.065828"/><trkpt lat="36.550815" lon="127.065781"/><trkpt lat="36.550785" lon="127.065754"/><trkpt lat="36.550752" lon="127.065746"/><trkpt lat="36.550717" lon="127.065753"/><trkpt lat="36.550681" lon="127.065769"/><trkpt lat="36.550648" lon="127.065792"/><trkpt lat="36.550619" lon="127.065824"/><trkpt lat="36.550474" lon="127.066018"/><trkpt lat="36.550437" lon="127.066064"/><trkpt lat="36.550409" lon="127.066093"/><trkpt lat="36.550377" lon="127.066108"/><trkpt lat="36.55034" lon="127.066104"/><trkpt lat="36.550276" lon="127.066083"/><trkpt lat="36.549812" lon="127.065914"/><trkpt lat="36.549581" lon="127.065831"/><trkpt lat="36.549543" lon="127.065814"/><trkpt lat="36.549509" lon="127.06579"/><trkpt lat="36.549456" lon="127.06574"/><trkpt lat="36.549311" lon="127.065593"/><trkpt lat="36.549268" lon="127.065553"/><trkpt lat="36.549234" lon="127.065529"/><trkpt lat="36.549197" lon="127.065513"/><trkpt lat="36.549146" lon="127.0655"/><trkpt lat="36.548684" lon="127.065401"/><trkpt lat="36.54862" lon="127.065385"/><trkpt lat="36.548584" lon="127.065369"/><trkpt lat="36.548557" lon="127.06534"/><trkpt lat="36.548536" lon="127.0653"/><trkpt lat="36.548462" lon="127.065121"/><trkpt lat="36.548352" lon="127.064854"/><trkpt lat="36.548332" lon="127.064811"/><trkpt lat="36.548308" lon="127.064773"/><trkpt lat="36.548278" lon="127.06474"/><trkpt lat="36.548214" lon="127.064682"/><trkpt lat="36.548179" lon="127.064657"/><trkpt lat="36.548142" lon="127.064637"/><trkpt lat="36.548053" lon="127.064599"/><trkpt lat="36.548014" lon="127.064587"/><trkpt lat="36.547975" lon="127.064581"/><trkpt lat="36.547922" lon="127.064581"/><trkpt lat="36.547774" lon="127.064588"/><trkpt lat="36.547735" lon="127.064594"/><trkpt lat="36.547698" lon="127.064608"/><trkpt lat="36.547663" lon="127.064629"/><trkpt lat="36.547633" lon="127.064659"/><trkpt lat="36.547609" lon="127.064697"/><trkpt lat="36.54758" lon="127.064752"/><trkpt lat="36.547349" lon="127.065215"/><trkpt lat="36.547326" lon="127.065255"/><trkpt lat="36.547298" lon="127.06529"/><trkpt lat="36.547268" lon="127.065321"/><trkpt lat="36.547235" lon="127.065349"/><trkpt lat="36.5472" lon="127.06537"/><trkpt lat="36.547163" lon="127.065382"/><trkpt lat="36.547125" lon="127.065388"/><trkpt lat="36.547088" lon="127.065384"/><trkpt lat="36.54705" lon="127.065369"/><trkpt lat="36.547014" lon="127.065349"/><trkpt lat="36.54698" lon="127.065324"/><trkpt lat="36.546949" lon="127.065293"/><trkpt lat="36.546881" lon="127.065213"/><trkpt lat="36.546845" lon="127.065165"/><trkpt lat="36.546822" lon="127.065126"/><trkpt lat="36.546799" lon="127.065068"/><trkpt lat="36.546696" lon="127.064766"/><trkpt lat="36.546663" lon="127.064677"/><trkpt lat="36.546637" lon="127.064621"/><trkpt lat="36.546558" lon="127.064471"/><trkpt lat="36.546534" lon="127.064432"/><trkpt lat="36.546507" lon="127.064398"/><trkpt lat="36.546475" lon="127.064369"/><trkpt lat="36.546361" lon="127.064283"/><trkpt lat="36.54628" lon="127.064227"/><trkpt lat="36.546244" lon="127.064208"/><trkpt lat="36.546193" lon="127.064191"/><trkpt lat="36.54596" lon="127.064132"/><trkpt lat="36.545908" lon="127.064122"/><trkpt lat="36.545869" lon="127.064121"/><trkpt lat="36.54583" lon="127.064128"/><trkpt lat="36.545635" lon="127.064185"/><trkpt lat="36.545271" lon="127.064295"/><trkpt lat="36.545206" lon="127.064312"/><trkpt lat="36.545168" lon="127.064316"/><trkpt lat="36.545134" lon="127.064307"/><trkpt lat="36.545103" lon="127.064286"/><trkpt lat="36.545075" lon="127.064259"/><trkpt lat="36.545052" lon="127.064223"/><trkpt lat="36.545034" lon="127.06418"/><trkpt lat="36.544979" lon="127.064031"/><trkpt lat="36.54496" lon="127.06399"/><trkpt lat="36.544935" lon="127.063957"/><trkpt lat="36.544904" lon="127.063937"/><trkpt lat="36.54487" lon="127.063924"/><trkpt lat="36.544837" lon="127.063924"/><trkpt lat="36.544805" lon="127.063944"/><trkpt lat="36.544776" lon="127.063975"/><trkpt lat="36.544673" lon="127.064107"/><trkpt lat="36.544635" lon="127.064153"/><trkpt lat="36.544605" lon="127.064184"/><trkpt lat="36.544572" lon="127.064204"/><trkpt lat="36.544538" lon="127.06421"/><trkpt lat="36.544503" lon="127.064199"/><trkpt lat="36.54447" lon="127.064175"/><trkpt lat="36.544329" lon="127.064045"/><trkpt lat="36.5442" lon="127.063926"/><trkpt lat="36.544166" lon="127.063901"/><trkpt lat="36.544129" lon="127.06388"/><trkpt lat="36.544019" lon="127.063835"/></trkseg>
<trkseg><trkpt lat="36.568764" lon="127.068961"/><trkpt lat="36.568629" lon="127.068831"/><trkpt lat="36.568597" lon="127.068804"/><trkpt lat="36.568565" lon="127.068783"/><trkpt lat="36.568529" lon="127.068778"/><trkpt lat="36.568491" lon="127.068785"/><trkpt lat="36.568414" lon="127.068807"/><trkpt lat="36.568375" lon="127.068814"/><trkpt lat="36.568337" lon="127.068813"/><trkpt lat="36.568285" lon="127.068801"/><trkpt lat="36.568183" lon="127.068768"/><trkpt lat="36.568146" lon="127.068751"/><trkpt lat="36.568113" lon="127.068726"/><trkpt lat="36.568082" lon="127.068694"/><trkpt lat="36.567955" lon="127.068544"/><trkpt lat="36.567915" lon="127.0685"/><trkpt lat="36.567883" lon="127.068472"/><trkpt lat="36.567817" lon="127.068422"/><trkpt lat="36.567671" lon="127.068316"/><trkpt lat="36.56764" lon="127.068289"/><trkpt lat="36.567599" lon="127.068247"/><trkpt lat="36.567304" lon="127.067894"/><trkpt lat="36.567248" lon="127.067824"/><trkpt lat="36.567223" lon="127.067786"/><trkpt lat="36.567202" lon="127.067746"/><trkpt lat="36.567125" lon="127.06758"/><trkpt lat="36.567103" lon="127.067542"/><trkpt lat="36.567076" lon="127.067511"/><trkpt lat="36.567042" lon="127.06749"/><trkpt lat="36.566942" lon="127.067446"/><trkpt lat="36.566893" lon="127.067421"/><trkpt lat="36.566859" lon="127.067397"/><trkpt lat="36.566815" lon="127.067357"/><trkpt lat="36.566764" lon="127.067304"/><trkpt lat="36.566735" lon="127.067269"/><trkpt lat="36.566709" lon="127.067231"/><trkpt lat="36.56639" lon="127.066713"/><trkpt lat="36.566259" lon="127.066501"/><trkpt lat="36.566232" lon="127.066465"/><trkpt lat="36.566202" lon="127.066436"/><trkpt lat="36.566159" lon="127.066411"/><trkpt lat="36.566129" lon="127.066391"/><trkpt lat="36.566112" lon="127.066364"/><trkpt lat="36.566109" lon="127.066327"/><trkpt lat="36.566106" lon="127.066274"/><trkpt lat="36.566094" lon="127.066239"/><trkpt lat="36.56607" lon="127.066215"/><trkpt lat="36.566036" lon="127.066199"/><trkpt lat="36.566019" lon="127.066174"/><trkpt lat="36.56601" lon="127.066132"/><trkpt lat="36.566" lon="127.066054"/><trkpt lat="36.565989" lon="127.066008"/><trkpt lat="36.565969" lon="127.065969"/><trkpt lat="36.565943" lon="127.065933"/><trkpt lat="36.565834" lon="127.065793"/><trkpt lat="36.565805" lon="127.065761"/><trkpt lat="36.565773" lon="127.065734"/><trkpt lat="36.565739" lon="127.065715"/><trkpt lat="36.565666" lon="127.065684"/><trkpt lat="36.565605" lon="127.065662"/><trkpt lat="36.565567" lon="127.065655"/><trkpt lat="36.565527" lon="127.065655"/><trkpt lat="36.565419" lon="127.065662"/><trkpt lat="36.56538" lon="127.065663"/><trkpt lat="36.565341" lon="127.065657"/><trkpt lat="36.565306" lon="127.065638"/><trkpt lat="36.56526" lon="127.065603"/><trkpt lat="36.565159" lon="127.06552"/><trkpt lat="36.565124" lon="127.065495"/><trkpt lat="36.565051" lon="127.065453"/><trkpt lat="36.564707" lon="127.065259"/><trkpt lat="36.564646" lon="127.065228"/><trkpt lat="36.564609" lon="127.065215"/><trkpt lat="36.564559" lon="127.065202"/><trkpt lat="36.564527" lon="127.065179"/><trkpt lat="36.564485" lon="127.065141"/><trkpt lat="36.564392" lon="127.06505"/><trkpt lat="36.564359" lon="127.065023"/><trkpt lat="36.564323" lon="127.065002"/><trkpt lat="36.564249" lon="127.064968"/><trkpt lat="36.564111" lon="127.064907"/><trkpt lat="36.564075" lon="127.064886"/><trkpt lat="36.564043" lon="127.064859"/><trkpt lat="36.564013" lon="127.064827"/><trkpt lat="36.563917" lon="127.064711"/><trkpt lat="36.563887" lon="127.064681"/><trkpt lat="36.563855" lon="127.064661"/><trkpt lat="36.563821" lon="127.064659"/><trkpt lat="36.563774" lon="127.064667"/><trkpt lat="36.563737" lon="127.064667"/><trkpt lat="36.563678" lon="127.064649"/><trkpt lat="36.563644" lon="127.064643"/><trkpt lat="36.563615" lon="127.064657"/><trkpt lat="36.563563" lon="127.064719"/><trkpt lat="36.563536" lon="127.064745"/><trkpt lat="36.563507" lon="127.064754"/><trkpt lat="36.563454" lon="127.064756"/><trkpt lat="36.56342" lon="127.064771"/><trkpt lat="36.56334" lon="127.064822"/><trkpt lat="36.563305" lon="127.064842"/><trkpt lat="36.56327" lon="127.064857"/><trkpt lat="36.563232" lon="127.06486"/><trkpt lat="36.563153" lon="127.064852"/><trkpt lat="36.562888" lon="127.064814"/><trkpt lat="36.562849" lon="127.064812"/><trkpt lat="36.562812" lon="127.064818"/><trkpt lat="36.562742" lon="127.064848"/><trkpt lat="36.562704" lon="127.064857"/><trkpt lat="36.562372" lon="127.064889"/><trkpt lat="36.562293" lon="127.064899"/><trkpt lat="36.562255" lon="127.064909"/><trkpt lat="36.5622" lon="127.064932"/><trkpt lat="36.562167" lon="127.064938"/><trkpt lat="36.562131" lon="127.064931"/><trkpt lat="36.56207" lon="127.064915"/><trkpt lat="36.562035" lon="127.064917"/><trkpt lat="36.561991" lon="127.064936"/><trkpt lat="36.561958" lon="127.064947"/><trkpt lat="36.561923" lon="127.064943"/><trkpt lat="36.561853" lon="127.064917"/><trkpt lat="36.561819" lon="127.064907"/><trkpt lat="36.561787" lon="127.064908"/><trkpt lat="36.561747" lon="127.064919"/><trkpt lat="36.561688" lon="127.064923"/><trkpt lat="36.561656" lon="127.064937"/><trkpt lat="36.561629" lon="127.064966"/><trkpt lat="36.561579" lon="127.06504"/><trkpt lat="36.561554" lon="127.065075"/><trkpt lat="36.561523" lon="127.065103"/><trkpt lat="36.561488" lon="127.065122"/><trkpt lat="36.56145" lon="127.065134"/><trkpt lat="36.561412" lon="127.065138"/><trkpt lat="36.561358" lon="127.065126"/><trkpt lat="36.561324" lon="127.065123"/><trkpt lat="36.561287" lon="127.065131"/><trkpt lat="36.56125" lon="127.065144"/><trkpt lat="36.561125" lon="127.065195"/><trkpt lat="36.561088" lon="127.065206"/><trkpt lat="36.561051" lon="127.065207"/><trkpt lat="36.561014" lon="127.065195"/><trkpt lat="36.560965" lon="127.06517"/><trkpt lat="36.56077" lon="127.065065"/><trkpt lat="36.560734" lon="127.06505"/><trkpt lat="36.560697" lon="127.065043"/><trkpt lat="36.560665" lon="127.065051"/><trkpt lat="36.560609" lon="127.06507"/><trkpt lat="36.560572" lon="127.06507"/><trkpt lat="36.560522" lon="127.06506"/><trkpt lat="36.56042" lon="127.065036"/><trkpt lat="36.560383" lon="127.065034"/><trkpt lat="36.560348" lon="127.06504"/><trkpt lat="36.560312" lon="127.065058"/><trkpt lat="36.560283" lon="127.065065"/><trkpt lat="36.560249" lon="127.065063"/><trkpt lat="36.560175" lon="127.065051"/><trkpt lat="36.56014" lon="127.065053"/><trkpt lat="36.560097" lon="127.065074"/><trkpt lat="36.560066" lon="127.065085"/><trkpt lat="36.560036" lon="127.065075"/><trkpt lat="36.559984" lon="127.06504"/><trkpt lat="36.55995" lon="127.065022"/><trkpt lat="36.559913" lon="127.065009"/><trkpt lat="36.559811" lon="127.064986"/><trkpt lat="36.559617" lon="127.064949"/><trkpt lat="36.55955" lon="127.064945"/><trkpt lat="36.558876" lon="127.064935"/><trkpt lat="36.558646" lon="127.064932"/><trkpt lat="36.558593" lon="127.064928"/><trkpt lat="36.558555" lon="127.064918"/><trkpt lat="36.558519" lon="127.0649"/><trkpt lat="36.558273" lon="127.06474"/><trkpt lat="36.558203" lon="127.064696"/><trkpt lat="36.558166" lon="127.064678"/><trkpt lat="36.558128" lon="127.064667"/><trkpt lat="36.558048" lon="127.064652"/><trkpt lat="36.557874" lon="127.064623"/><trkpt lat="36.557836" lon="127.064613"/><trkpt lat="36.557802" lon="127.064593"/><trkpt lat="36.557772" lon="127.064564"/><trkpt lat="36.557736" lon="127.064518"/><trkpt lat="36.557673" lon="127.064435"/><trkpt lat="36.557645" lon="127.064404"/><trkpt lat="36.557612" lon="127.064379"/><trkpt lat="36.557529" lon="127.064336"/><trkpt lat="36.557495" lon="127.064316"/><trkpt lat="36.557465" lon="127.06429"/><trkpt lat="36.557441" lon="127.064256"/><trkpt lat="36.557402" lon="127.064198"/><trkpt lat="36.557376" lon="127.06417"/><trkpt lat="36.557341" lon="127.064155"/><trkpt lat="36.557304" lon="127.064148"/><trkpt lat="36.557159" lon="127.064135"/><trkpt lat="36.557094" lon="127.064128"/><trkpt lat="36.557056" lon="127.06412"/><trkpt lat="36.557019" lon="127.064105"/><trkpt lat="36.556973" lon="127.064076"/><trkpt lat="36.556791" lon="127.063948"/><trkpt lat="36.556758" lon="127.063922"/><trkpt lat="36.556729" lon="127.063891"/><trkpt lat="36.556704" lon="127.063853"/><trkpt lat="36.55655" lon="127.063579"/><trkpt lat="36.556503" lon="127.063499"/><trkpt lat="36.556476" lon="127.063466"/><trkpt lat="36.556444" lon="127.063446"/><trkpt lat="36.556408" lon="127.063436"/><trkpt lat="36.556333" lon="127.063423"/><trkpt lat="36.556298" lon="127.06341"/><trkpt lat="36.556271" lon="127.063384"/><trkpt lat="36.55625" lon="127.063345"/><trkpt lat="36.556196" lon="127.063215"/><trkpt lat="36.556159" lon="127.063129"/><trkpt lat="36.556136" lon="127.06309"/><trkpt lat="36.556109" lon="127.063058"/><trkpt lat="36.556062" lon="127.063008"/><trkpt lat="36.556037" lon="127.062975"/><trkpt lat="36.556019" lon="127.062933"/><trkpt lat="36.556005" lon="127.062887"/><trkpt lat="36.555962" lon="127.062712"/><trkpt lat="36.555948" lon="127.062667"/><trkpt lat="36.555928" lon="127.062626"/><trkpt lat="36.555901" lon="127.062592"/><trkpt lat="36.55585" lon="127.062541"/><trkpt lat="36.555818" lon="127.062515"/><trkpt lat="36.555783" lon="127.062495"/><trkpt lat="36.555735" lon="127.062476"/><trkpt lat="36.555674" lon="127.062458"/><trkpt lat="36.555637" lon="127.062452"/><trkpt lat="36.555598" lon="127.062455"/><trkpt lat="36.555483" lon="127.06248"/><trkpt lat="36.555433" lon="127.062488"/><trkpt lat="36.555395" lon="127.062484"/><trkpt lat="36.555358" lon="127.062471"/><trkpt lat="36.555261" lon="127.062422"/><trkpt lat="36.555225" lon="127.062409"/><trkpt lat="36.555189" lon="127.062407"/><trkpt lat="36.555152" lon="127.062421"/><trkpt lat="36.555104" lon="127.062448"/><trkpt lat="36.554946" lon="127.062545"/><trkpt lat="36.554909" lon="127.062563"/><trkpt lat="36.554871" lon="127.062573"/><trkpt lat="36.55482" lon="127.06258"/><trkpt lat="36.554769" lon="127.062584"/><trkpt lat="36.554733" lon="127.06258"/><trkpt lat="36.554701" lon="127.062561"/><trkpt lat="36.554671" lon="127.06253"/><trkpt lat="36.554486" lon="127.062287"/><trkpt lat="36.554421" lon="127.062203"/><trkpt lat="36.55439" lon="127.062173"/><trkpt lat="36.554357" lon="127.062153"/><trkpt lat="36.554307" lon="127.062137"/><trkpt lat="36.554206" lon="127.062112"/><trkpt lat="36.554169" lon="127.062098"/><trkpt lat="36.554134" lon="127.062077"/><trkpt lat="36.554006" lon="127.061992"/><trkpt lat="36.553936" lon="127.061948"/><trkpt lat="36.5539" lon="127.061933"/><trkpt lat="36.553861" lon="127.061924"/><trkpt lat="36.553795" lon="127.061916"/><trkpt lat="36.553756" lon="127.061915"/><trkpt lat="36.553717" lon="127.061919"/><trkpt lat="36.553667" lon="127.061936"/><trkpt lat="36.553503" lon="127.062004"/><trkpt lat="36.553466" lon="127.062015"/><trkpt lat="36.55343" lon="127.062016"/><trkpt lat="36.553399" lon="127.061998"/><trkpt lat="36.553369" lon="127.06197"/><trkpt lat="36.553309" lon="127.06191"/><trkpt lat="36.553277" lon="127.061887"/><trkpt lat="36.553209" lon="127.061857"/><trkpt lat="36.553175" lon="127.061838"/><trkpt lat="36.553142" lon="127.061812"/><trkpt lat="36.553044" lon="127.061724"/><trkpt lat="36.553011" lon="127.061697"/><trkpt lat="36.552975" lon="127.061679"/><trkpt lat="36.552915" lon="127.061662"/><trkpt lat="36.55288" lon="127.061645"/><trkpt lat="36.552835" lon="127.061611"/><trkpt lat="36.552691" lon="127.061491"/><trkpt lat="36.552638" lon="127.061443"/><trkpt lat="36.552609" lon="127.06141"/><trkpt lat="36.552586" lon="127.06137"/><trkpt lat="36.552536" lon="127.061253"/><trkpt lat="36.552509" lon="127.061196"/><trkpt lat="36.552484" lon="127.061159"/><trkpt lat="36.552436" lon="127.061104"/><trkpt lat="36.552376" lon="127.061041"/><trkpt lat="36.552345" lon="127.061012"/><trkpt lat="36.552313" lon="127.06099"/><trkpt lat="36.552278" lon="127.060981"/><trkpt lat="36.552242" lon="127.060981"/><trkpt lat="36.552207" lon="127.06099"/><trkpt lat="36.552171" lon="127.061009"/><trkpt lat="36.55208" lon="127.061072"/><trkpt lat="36.552045" lon="127.061092"/><trkpt lat="36.552009" lon="127.0611"/><trkpt lat="36.551971" lon="127.061096"/><trkpt lat="36.551906" lon="127.061077"/><trkpt lat="36.551581" lon="127.060974"/><trkpt lat="36.551543" lon="127.060959"/><trkpt lat="36.551507" lon="127.060939"/><trkpt lat="36.551439" lon="127.06089"/><trkpt lat="36.551261" lon="127.060751"/><trkpt lat="36.55123" lon="127.060722"/><trkpt lat="36.551204" lon="127.060688"/><trkpt lat="36.551165" lon="127.060626"/><trkpt lat="36.551139" lon="127.060593"/><trkpt lat="36.551106" lon="127.060568"/><trkpt lat="36.55107" lon="127.060549"/><trkpt lat="36.550604" lon="127.060334"/><trkpt lat="36.550403" lon="127.060241"/><trkpt lat="36.550367" lon="127.06022"/><trkpt lat="36.550336" lon="127.060193"/><trkpt lat="36.55028" lon="127.060127"/><trkpt lat="36.5502" lon="127.060022"/><trkpt lat="36.550176" lon="127.059985"/><trkpt lat="36.550159" lon="127.059945"/><trkpt lat="36.550136" lon="127.059876"/><trkpt lat="36.550114" lon="127.059837"/><trkpt lat="36.550077" lon="127.059791"/><trkpt lat="36.550017" lon="127.059724"/><trkpt lat="36.549965" lon="127.059671"/><trkpt lat="36.549932" lon="127.059644"/><trkpt lat="36.549897" lon="127.059623"/><trkpt lat="36.549725" lon="127.059538"/><trkpt lat="36.549566" lon="127.05946"/><trkpt lat="36.549534" lon="127.059437"/><trkpt lat="36.549509" lon="127.059406"/><trkpt lat="36.549496" lon="127.059364"/><trkpt lat="36.549482" lon="127.059285"/><trkpt lat="36.549452" lon="127.059092"/><trkpt lat="36.549441" lon="127.059045"/><trkpt lat="36.549424" lon="127.059003"/><trkpt lat="36.549403" lon="127.058965"/><trkpt lat="36.549364" lon="127.058903"/><trkpt lat="36.54933" lon="127.058857"/><trkpt lat="36.549295" lon="127.058829"/><trkpt lat="36.549249" lon="127.058812"/><trkpt lat="36.549205" lon="127.058801"/></trkseg>
<trkseg><trkpt lat="36.582061" lon="127.069989"/><trkpt lat="36.582005" lon="127.070014"/><trkpt lat="36.581961" lon="127.070039"/><trkpt lat="36.581929" lon="127.070069"/><trkpt lat="36.581903" lon="127.070103"/><trkpt lat="36.581863" lon="127.070163"/><trkpt lat="36.581841" lon="127.0702"/><trkpt lat="36.581824" lon="127.070236"/><trkpt lat="36.581809" lon="127.070273"/><trkpt lat="36.581773" lon="127.070307"/><trkpt lat="36.581747" lon="127.070336"/><trkpt lat="36.581694" lon="127.070401"/><trkpt lat="36.581666" lon="127.07043"/><trkpt lat="36.581632" lon="127.070446"/><trkpt lat="36.581594" lon="127.070451"/><trkpt lat="36.581514" lon="127.070453"/><trkpt lat="36.581313" lon="127.070454"/><trkpt lat="36.581274" lon="127.070458"/><trkpt lat="36.581238" lon="127.070469"/><trkpt lat="36.581207" lon="127.070496"/><trkpt lat="36.581179" lon="127.07053"/><trkpt lat="36.581106" lon="127.070629"/><trkpt lat="36.581076" lon="127.070662"/><trkpt lat="36.581043" lon="127.070688"/><trkpt lat="36.580948" lon="127.07075"/><trkpt lat="36.580915" lon="127.070776"/><trkpt lat="36.580886" lon="127.070808"/><trkpt lat="36.580862" lon="127.070845"/><trkpt lat="36.580806" lon="127.070933"/><trkpt lat="36.580778" lon="127.070965"/><trkpt lat="36.580748" lon="127.070986"/><trkpt lat="36.580696" lon="127.071018"/><trkpt lat="36.580661" lon="127.071051"/><trkpt lat="36.580636" lon="127.071072"/><trkpt lat="36.580606" lon="127.071088"/><trkpt lat="36.580583" lon="127.071113"/><trkpt lat="36.580547" lon="127.071167"/><trkpt lat="36.580517" lon="127.071197"/><trkpt lat="36.580472" lon="127.071231"/><trkpt lat="36.580436" lon="127.071253"/><trkpt lat="36.580399" lon="127.07127"/><trkpt lat="36.580348" lon="127.071288"/><trkpt lat="36.580282" lon="127.071306"/><trkpt lat="36.580243" lon="127.071312"/><trkpt lat="36.580176" lon="127.071313"/><trkpt lat="36.580095" lon="127.07131"/><trkpt lat="36.580043" lon="127.071304"/><trkpt lat="36.580006" lon="127.071291"/><trkpt lat="36.579972" lon="127.071267"/><trkpt lat="36.579873" lon="127.071184"/><trkpt lat="36.579839" lon="127.071159"/><trkpt lat="36.579803" lon="127.071141"/><trkpt lat="36.579752" lon="127.071124"/><trkpt lat="36.57953" lon="127.071065"/><trkpt lat="36.579492" lon="127.071059"/><trkpt lat="36.579456" lon="127.071066"/><trkpt lat="36.579423" lon="127.071087"/><trkpt lat="36.579339" lon="127.071162"/><trkpt lat="36.579307" lon="127.071188"/><trkpt lat="36.579273" lon="127.071208"/><trkpt lat="36.579235" lon="127.071217"/><trkpt lat="36.579196" lon="127.071218"/><trkpt lat="36.578851" lon="127.071209"/><trkpt lat="36.578798" lon="127.07121"/><trkpt lat="36.57876" lon="127.071217"/><trkpt lat="36.578722" lon="127.07123"/><trkpt lat="36.578422" lon="127.071368"/><trkpt lat="36.578347" lon="127.071399"/><trkpt lat="36.578311" lon="127.071406"/><trkpt lat="36.57828" lon="127.071397"/><trkpt lat="36.578229" lon="127.071371"/><trkpt lat="36.578193" lon="127.071364"/><trkpt lat="36.578091" lon="127.071359"/><trkpt lat="36.578041" lon="127.071353"/><trkpt lat="36.578002" lon="127.071342"/><trkpt lat="36.577939" lon="127.071319"/><trkpt lat="36.577687" lon="127.071216"/><trkpt lat="36.577637" lon="127.0712"/><trkpt lat="36.577601" lon="127.071197"/><trkpt lat="36.577566" lon="127.071211"/><trkpt lat="36.577508" lon="127.071242"/><trkpt lat="36.577471" lon="127.071254"/><trkpt lat="36.577406" lon="127.071267"/><trkpt lat="36.577354" lon="127.071272"/><trkpt lat="36.577314" lon="127.071269"/><trkpt lat="36.577236" lon="127.071256"/><trkpt lat="36.577198" lon="127.07126"/><trkpt lat="36.577162" lon="127.071276"/><trkpt lat="36.577115" lon="127.071305"/><trkpt lat="36.576985" lon="127.071388"/><trkpt lat="36.576948" lon="127.071406"/><trkpt lat="36.576911" lon="127.071416"/><trkpt lat="36.57686" lon="127.071424"/><trkpt lat="36.576732" lon="127.071441"/><trkpt lat="36.576695" lon="127.07145"/><trkpt lat="36.576658" lon="127.071467"/><trkpt lat="36.576577" lon="127.071522"/><trkpt lat="36.576531" lon="127.071553"/><trkpt lat="36.576495" lon="127.071567"/><trkpt lat="36.576457" lon="127.071568"/><trkpt lat="36.576419" lon="127.07156"/><trkpt lat="36.576236" lon="127.071511"/><trkpt lat="36.576185" lon="127.071493"/><trkpt lat="36.57615" lon="127.071475"/><trkpt lat="36.57612" lon="127.07145"/><trkpt lat="36.576059" lon="127.071399"/><trkpt lat="36.576025" lon="127.071378"/><trkpt lat="36.57595" lon="127.071346"/><trkpt lat="36.575673" lon="127.071239"/><trkpt lat="36.575623" lon="127.071222"/><trkpt lat="36.575586" lon="127.071215"/><trkpt lat="36.575543" lon="127.071222"/><trkpt lat="36.57551" lon="127.071226"/><trkpt lat="36.575474" lon="127.071223"/><trkpt lat="36.575439" lon="127.071215"/><trkpt lat="36.575405" lon="127.071201"/><trkpt lat="36.575372" lon="127.071174"/><trkpt lat="36.575346" lon="127.071136"/><trkpt lat="36.575337" lon="127.071097"/><trkpt lat="36.575338" lon="127.071059"/></trkseg>
<trkseg><trkpt lat="36.582061" lon="127.069989"/><trkpt lat="36.58206" lon="127.06999"/></trkseg>
<trkseg><trkpt lat="36.58711" lon="127.046967"/><trkpt lat="36.587198" lon="127.047168"/><trkpt lat="36.58722" lon="127.047226"/><trkpt lat="36.58723" lon="127.04727"/><trkpt lat="36.587228" lon="127.047314"/><trkpt lat="36.587219" lon="127.047359"/><trkpt lat="36.587207" lon="127.047403"/><trkpt lat="36.587189" lon="127.047445"/><trkpt lat="36.587124" lon="127.047522"/><trkpt lat="36.587153" lon="127.047646"/><trkpt lat="36.587532" lon="127.04803"/><trkpt lat="36.587725" lon="127.048374"/><trkpt lat="36.587806" lon="127.048551"/><trkpt lat="36.587837" lon="127.048606"/><trkpt lat="36.587864" lon="127.048641"/><trkpt lat="36.587895" lon="127.048672"/><trkpt lat="36.588152" lon="127.048884"/><trkpt lat="36.588309" lon="127.049012"/><trkpt lat="36.588335" lon="127.049042"/><trkpt lat="36.588347" lon="127.049077"/><trkpt lat="36.588338" lon="127.049118"/><trkpt lat="36.588316" lon="127.049177"/><trkpt lat="36.588182" lon="127.049488"/><trkpt lat="36.588146" lon="127.049578"/><trkpt lat="36.588132" lon="127.049624"/><trkpt lat="36.588124" lon="127.049673"/><trkpt lat="36.588089" lon="127.049979"/><trkpt lat="36.587991" lon="127.050423"/><trkpt lat="36.587955" lon="127.050941"/><trkpt lat="36.587936" lon="127.051084"/><trkpt lat="36.587924" lon="127.051148"/><trkpt lat="36.587796" lon="127.051665"/><trkpt lat="36.587774" lon="127.05176"/><trkpt lat="36.587731" lon="127.052054"/><trkpt lat="36.587719" lon="127.052152"/><trkpt lat="36.587718" lon="127.052201"/><trkpt lat="36.587723" lon="127.05225"/><trkpt lat="36.587811" lon="127.05287"/><trkpt lat="36.58787" lon="127.053295"/><trkpt lat="36.587882" lon="127.053359"/><trkpt lat="36.587895" lon="127.053405"/><trkpt lat="36.58792" lon="127.053461"/><trkpt lat="36.588047" lon="127.053708"/><trkpt lat="36.58811" lon="127.053832"/><trkpt lat="36.588128" lon="127.053875"/><trkpt lat="36.588156" lon="127.053965"/><trkpt lat="36.588208" lon="127.054146"/><trkpt lat="36.588218" lon="127.054192"/><trkpt lat="36.588223" lon="127.05424"/><trkpt lat="36.588224" lon="127.054306"/><trkpt lat="36.588206" lon="127.054902"/><trkpt lat="36.588206" lon="127.054967"/><trkpt lat="36.588211" lon="127.055016"/><trkpt lat="36.588222" lon="127.055062"/><trkpt lat="36.588276" lon="127.055247"/><trkpt lat="36.588301" lon="127.055323"/><trkpt lat="36.588325" lon="127.055382"/><trkpt lat="36.588413" lon="127.05552"/><trkpt lat="36.588575" lon="127.055857"/><trkpt lat="36.58867" lon="127.056268"/><trkpt lat="36.588756" lon="127.056768"/><trkpt lat="36.588796" lon="127.057076"/><trkpt lat="36.588822" lon="127.057581"/><trkpt lat="36.588834" lon="127.057898"/><trkpt lat="36.588835" lon="127.057948"/><trkpt lat="36.58883" lon="127.057996"/><trkpt lat="36.588817" lon="127.058041"/><trkpt lat="36.588782" lon="127.05813"/><trkpt lat="36.588766" lon="127.058175"/><trkpt lat="36.588756" lon="127.058221"/><trkpt lat="36.58875" lon="127.058268"/><trkpt lat="36.588741" lon="127.05838"/><trkpt lat="36.588739" lon="127.058443"/><trkpt lat="36.588743" lon="127.05849"/><trkpt lat="36.588754" lon="127.058535"/><trkpt lat="36.588783" lon="127.058641"/><trkpt lat="36.588791" lon="127.058689"/><trkpt lat="36.588932" lon="127.059077"/><trkpt lat="36.588869" lon="127.059362"/><trkpt lat="36.588909" lon="127.059796"/><trkpt lat="36.588907" lon="127.059842"/><trkpt lat="36.588893" lon="127.059884"/><trkpt lat="36.588852" lon="127.059945"/><trkpt lat="36.588832" lon="127.059982"/><trkpt lat="36.588827" lon="127.06002"/><trkpt lat="36.588832" lon="127.060068"/><trkpt lat="36.588828" lon="127.060097"/><trkpt lat="36.588802" lon="127.060169"/><trkpt lat="36.588785" lon="127.060204"/><trkpt lat="36.588758" lon="127.06023"/><trkpt lat="36.588724" lon="127.060249"/><trkpt lat="36.588687" lon="127.060259"/><trkpt lat="36.588647" lon="127.060262"/><trkpt lat="36.588352" lon="127.060264"/><trkpt lat="36.588191" lon="127.060265"/><trkpt lat="36.588152" lon="127.060271"/><trkpt lat="36.588118" lon="127.060287"/><trkpt lat="36.588088" lon="127.060316"/><trkpt lat="36.588042" lon="127.060376"/><trkpt lat="36.587943" lon="127.060513"/><trkpt lat="36.587914" lon="127.060547"/><trkpt lat="36.587882" lon="127.060577"/><trkpt lat="36.587814" lon="127.060627"/><trkpt lat="36.587687" lon="127.060714"/><trkpt lat="36.587654" lon="127.060741"/><trkpt lat="36.587626" lon="127.060773"/><trkpt lat="36.587602" lon="127.060812"/><trkpt lat="36.587553" lon="127.060909"/><trkpt lat="36.587529" lon="127.060948"/><trkpt lat="36.587501" lon="127.060983"/><trkpt lat="36.587439" lon="127.061045"/><trkpt lat="36.587323" lon="127.061159"/><trkpt lat="36.587294" lon="127.061193"/><trkpt lat="36.587269" lon="127.06123"/><trkpt lat="36.587201" lon="127.061349"/><trkpt lat="36.587151" lon="127.061444"/><trkpt lat="36.587136" lon="127.061484"/><trkpt lat="36.587132" lon="127.061526"/><trkpt lat="36.587146" lon="127.061583"/><trkpt lat="36.587153" lon="127.061621"/><trkpt lat="36.587139" lon="127.061648"/><trkpt lat="36.587109" lon="127.061666"/><trkpt lat="36.58706" lon="127.061686"/><trkpt lat="36.586712" lon="127.061813"/><trkpt lat="36.586675" lon="127.06183"/><trkpt lat="36.586641" lon="127.061854"/><trkpt lat="36.586612" lon="127.061885"/><trkpt lat="36.586548" lon="127.061967"/><trkpt lat="36.586504" lon="127.062027"/><trkpt lat="36.586482" lon="127.062066"/><trkpt lat="36.58647" lon="127.062106"/><trkpt lat="36.586468" lon="127.062149"/><trkpt lat="36.586475" lon="127.062194"/><trkpt lat="36.586495" lon="127.062255"/><trkpt lat="36.586575" lon="127.062466"/><trkpt lat="36.586595" lon="127.062507"/><trkpt lat="36.58662" lon="127.062537"/><trkpt lat="36.586668" lon="127.062571"/><trkpt lat="36.586711" lon="127.062616"/><trkpt lat="36.586738" lon="127.062639"/><trkpt lat="36.586773" lon="127.062652"/><trkpt lat="36.58681" lon="127.062658"/><trkpt lat="36.586941" lon="127.062668"/><trkpt lat="36.586978" lon="127.062675"/><trkpt lat="36.587011" lon="127.062692"/><trkpt lat="36.587037" lon="127.06272"/><trkpt lat="36.587054" lon="127.062754"/><trkpt lat="36.587052" lon="127.062791"/><trkpt lat="36.587036" lon="127.062831"/><trkpt lat="36.586959" lon="127.062964"/><trkpt lat="36.586929" lon="127.063017"/><trkpt lat="36.586911" lon="127.063058"/><trkpt lat="36.586902" lon="127.063101"/><trkpt lat="36.586904" lon="127.063148"/><trkpt lat="36.586914" lon="127.063228"/><trkpt lat="36.586914" lon="127.063275"/><trkpt lat="36.586903" lon="127.063313"/><trkpt lat="36.586882" lon="127.063346"/><trkpt lat="36.58685" lon="127.063373"/><trkpt lat="36.58678" lon="127.063419"/><trkpt lat="36.586746" lon="127.063444"/><trkpt lat="36.586715" lon="127.063474"/><trkpt lat="36.586688" lon="127.063509"/><trkpt lat="36.586624" lon="127.063612"/><trkpt lat="36.586582" lon="127.063676"/><trkpt lat="36.586553" lon="127.06371"/><trkpt lat="36.58651" lon="127.06375"/><trkpt lat="36.586436" lon="127.063814"/><trkpt lat="36.586416" lon="127.06384"/><trkpt lat="36.586423" lon="127.063862"/><trkpt lat="36.586451" lon="127.063881"/><trkpt lat="36.586499" lon="127.063906"/><trkpt lat="36.586825" lon="127.064062"/><trkpt lat="36.586872" lon="127.064087"/><trkpt lat="36.586902" lon="127.064109"/><trkpt lat="36.586917" lon="127.064138"/><trkpt lat="36.586915" lon="127.064176"/><trkpt lat="36.586905" lon="127.064245"/><trkpt lat="36.586911" lon="127.064288"/><trkpt lat="36.586928" lon="127.064345"/><trkpt lat="36.586931" lon="127.064388"/><trkpt lat="36.586924" lon="127.06443"/><trkpt lat="36.586906" lon="127.064469"/><trkpt lat="36.586863" lon="127.064543"/><trkpt lat="36.586844" lon="127.064584"/><trkpt lat="36.586829" lon="127.06463"/><trkpt lat="36.5868" lon="127.064742"/><trkpt lat="36.586784" lon="127.064784"/><trkpt lat="36.58676" lon="127.064814"/><trkpt lat="36.586727" lon="127.064828"/><trkpt lat="36.586677" lon="127.064837"/><trkpt lat="36.586521" lon="127.064859"/><trkpt lat="36.586486" lon="127.06487"/><trkpt lat="36.586457" lon="127.064889"/><trkpt lat="36.586425" lon="127.064919"/><trkpt lat="36.586393" lon="127.064934"/><trkpt lat="36.586339" lon="127.064955"/><trkpt lat="36.586313" lon="127.064973"/><trkpt lat="36.586291" lon="127.065008"/><trkpt lat="36.586263" lon="127.06503"/><trkpt lat="36.586228" lon="127.065047"/><trkpt lat="36.58619" lon="127.065061"/><trkpt lat="36.586152" lon="127.065071"/><trkpt lat="36.586117" lon="127.06507"/><trkpt lat="36.586087" lon="127.06505"/><trkpt lat="36.58604" lon="127.065002"/><trkpt lat="36.586009" lon="127.064979"/><trkpt lat="36.585974" lon="127.064964"/><trkpt lat="36.585902" lon="127.064939"/><trkpt lat="36.585868" lon="127.064918"/><trkpt lat="36.585836" lon="127.06489"/><trkpt lat="36.585732" lon="127.064791"/><trkpt lat="36.5857" lon="127.064764"/><trkpt lat="36.585666" lon="127.064748"/><trkpt lat="36.585631" lon="127.064744"/><trkpt lat="36.585595" lon="127.064748"/><trkpt lat="36.585561" lon="127.064764"/><trkpt lat="36.585506" lon="127.064799"/><trkpt lat="36.585473" lon="127.06481"/><trkpt lat="36.58544" lon="127.064802"/><trkpt lat="36.58541" lon="127.064783"/><trkpt lat="36.585386" lon="127.064759"/><trkpt lat="36.585377" lon="127.064719"/><trkpt lat="36.585366" lon="127.064678"/><trkpt lat="36.585359" lon="127.064632"/><trkpt lat="36.585342" lon="127.064595"/><trkpt lat="36.585318" lon="127.06456"/><trkpt lat="36.585272" lon="127.064505"/><trkpt lat="36.585242" lon="127.064478"/><trkpt lat="36.58521" lon="127.064465"/><trkpt lat="36.585174" lon="127.06447"/><trkpt lat="36.585138" lon="127.064483"/><trkpt lat="36.585104" lon="127.064503"/><trkpt lat="36.585074" lon="127.064534"/><trkpt lat="36.585023" lon="127.064609"/><trkpt lat="36.584994" lon="127.064637"/><trkpt lat="36.58496" lon="127.064647"/><trkpt lat="36.584922" lon="127.064647"/><trkpt lat="36.584847" lon="127.064643"/><trkpt lat="36.584815" lon="127.064646"/><trkpt lat="36.584798" lon="127.064664"/><trkpt lat="36.584797" lon="127.064713"/><trkpt lat="36.58479" lon="127.064752"/><trkpt lat="36.58477" lon="127.064787"/><trkpt lat="36.584743" lon="127.064818"/><trkpt lat="36.584713" lon="127.064841"/><trkpt lat="36.584671" lon="127.064867"/><trkpt lat="36.584615" lon="127.064925"/><trkpt lat="36.584587" lon="127.064952"/><trkpt lat="36.584547" lon="127.064974"/><trkpt lat="36.584526" lon="127.064991"/><trkpt lat="36.584504" lon="127.065013"/><trkpt lat="36.584468" lon="127.065016"/><trkpt lat="36.58444" lon="127.065024"/><trkpt lat="36.584419" lon="127.06505"/><trkpt lat="36.584404" lon="127.065086"/><trkpt lat="36.584396" lon="127.065128"/><trkpt lat="36.584396" lon="127.065176"/><trkpt lat="36.584411" lon="127.06529"/><trkpt lat="36.584417" lon="127.065339"/><trkpt lat="36.584417" lon="127.065387"/><trkpt lat="36.584416" lon="127.065518"/><trkpt lat="36.584513" lon="127.06553"/><trkpt lat="36.584631" lon="127.06551"/><trkpt lat="36.584682" lon="127.065505"/><trkpt lat="36.584719" lon="127.06551"/><trkpt lat="36.584753" lon="127.065528"/><trkpt lat="36.584816" lon="127.065578"/><trkpt lat="36.58485" lon="127.065598"/><trkpt lat="36.584887" lon="127.065608"/><trkpt lat="36.584978" lon="127.065616"/><trkpt lat="36.585017" lon="127.065621"/><trkpt lat="36.585051" lon="127.065635"/><trkpt lat="36.585079" lon="127.065663"/><trkpt lat="36.585104" lon="127.0657"/><trkpt lat="36.585157" lon="127.065794"/><trkpt lat="36.585177" lon="127.065836"/><trkpt lat="36.585187" lon="127.06588"/><trkpt lat="36.585186" lon="127.065925"/><trkpt lat="36.585173" lon="127.065963"/><trkpt lat="36.585149" lon="127.065982"/><trkpt lat="36.585118" lon="127.065992"/><trkpt lat="36.585079" lon="127.065994"/><trkpt lat="36.584999" lon="127.065988"/><trkpt lat="36.584788" lon="127.065969"/><trkpt lat="36.584752" lon="127.065971"/><trkpt lat="36.584725" lon="127.065983"/><trkpt lat="36.584713" lon="127.066017"/><trkpt lat="36.584711" lon="127.066062"/><trkpt lat="36.584716" lon="127.066196"/><trkpt lat="36.584717" lon="127.066278"/><trkpt lat="36.584712" lon="127.066321"/><trkpt lat="36.584696" lon="127.066353"/><trkpt lat="36.584667" lon="127.06637"/><trkpt lat="36.584612" lon="127.066396"/><trkpt lat="36.584584" lon="127.066424"/><trkpt lat="36.584562" lon="127.06646"/><trkpt lat="36.584548" lon="127.066504"/><trkpt lat="36.584529" lon="127.066581"/><trkpt lat="36.584515" lon="127.06662"/><trkpt lat="36.584496" lon="127.066664"/><trkpt lat="36.584491" lon="127.066707"/><trkpt lat="36.58449" lon="127.066765"/><trkpt lat="36.584478" lon="127.066799"/><trkpt lat="36.584446" lon="127.066831"/><trkpt lat="36.584425" lon="127.066861"/><trkpt lat="36.584413" lon="127.066902"/><trkpt lat="36.584403" lon="127.066965"/><trkpt lat="36.584371" lon="127.067242"/><trkpt lat="36.584365" lon="127.067307"/><trkpt lat="36.584364" lon="127.067355"/><trkpt lat="36.584369" lon="127.067402"/><trkpt lat="36.584396" lon="127.067556"/><trkpt lat="36.5844" lon="127.067602"/><trkpt lat="36.584396" lon="127.067649"/><trkpt lat="36.58438" lon="127.067711"/><trkpt lat="36.584317" lon="127.067913"/><trkpt lat="36.5843" lon="127.067958"/><trkpt lat="36.58428" lon="127.068"/><trkpt lat="36.584256" lon="127.068037"/><trkpt lat="36.584158" lon="127.068164"/><trkpt lat="36.584133" lon="127.068201"/><trkpt lat="36.584111" lon="127.068241"/><trkpt lat="36.584074" lon="127.068331"/><trkpt lat="36.584021" lon="127.068466"/><trkpt lat="36.584001" lon="127.068508"/><trkpt lat="36.583975" lon="127.068544"/><trkpt lat="36.583944" lon="127.068573"/><trkpt lat="36.583889" lon="127.068618"/><trkpt lat="36.583861" lon="127.068651"/><trkpt lat="36.583839" lon="127.068691"/><trkpt lat="36.583806" lon="127.068763"/><trkpt lat="36.583784" lon="127.068802"/><trkpt lat="36.583756" lon="127.068831"/><trkpt lat="36.583721" lon="127.068852"/><trkpt lat="36.5836" lon="127.068912"/><trkpt lat="36.583564" lon="127.068933"/><trkpt lat="36.583533" lon="127.068959"/><trkpt lat="36.583505" lon="127.068994"/><trkpt lat="36.583453" lon="127.069068"/><trkpt lat="36.583424" lon="127.069099"/><trkpt lat="36.583394" lon="127.06912"/><trkpt lat="36.583342" lon="127.069152"/><trkpt lat="36.583321" lon="127.069181"/><trkpt lat="36.58331" lon="127.069223"/><trkpt lat="36.5833" lon="127.069301"/><trkpt lat="36.583293" lon="127.069344"/><trkpt lat="36.583278" lon="127.069376"/><trkpt lat="36.583253" lon="127.069388"/><trkpt lat="36.583211" lon="127.069394"/><trkpt lat="36.583169" lon="127.069412"/><trkpt lat="36.583135" lon="127.069421"/><trkpt lat="36.583096" lon="127.06942"/><trkpt lat="36.583042" lon="127.069414"/><trkpt lat="36.582921" lon="127.069397"/><trkpt lat="36.582882" lon="127.069397"/><trkpt lat="36.582848" lon="127.06941"/><trkpt lat="36.582819" lon="127.069439"/><trkpt lat="36.582792" lon="127.069475"/><trkpt lat="36.582767" lon="127.069514"/><trkpt lat="36.582746" lon="127.069555"/><trkpt lat="36.582732" lon="127.069599"/><trkpt lat="36.582711" lon="127.069672"/><trkpt lat="36.58269" lon="127.069706"/><trkpt lat="36.582659" lon="127.069729"/><trkpt lat="36.582612" lon="127.069754"/><trkpt lat="36.582503" lon="127.069805"/><trkpt lat="36.58247" lon="127.069825"/><trkpt lat="36.582442" lon="127.069849"/><trkpt lat="36.582409" lon="127.06988"/><trkpt lat="36.582374" lon="127.069898"/><trkpt lat="36.582323" lon="127.069915"/><trkpt lat="36.582061" lon="127.069989"/></trkseg>
<trkseg><trkpt lat="36.575338" lon="127.071059"/><trkpt lat="36.575543" lon="127.071018"/><trkpt lat="36.575712" lon="127.070991"/><trkpt lat="36.575867" lon="127.070983"/><trkpt lat="36.576008" lon="127.070959"/><trkpt lat="36.576156" lon="127.070933"/><trkpt lat="36.576304" lon="127.070962"/><trkpt lat="36.576478" lon="127.070968"/><trkpt lat="36.576711" lon="127.070783"/><trkpt lat="36.576765" lon="127.070738"/><trkpt lat="36.576798" lon="127.070715"/><trkpt lat="36.576832" lon="127.070704"/><trkpt lat="36.576869" lon="127.070707"/><trkpt lat="36.576944" lon="127.070722"/><trkpt lat="36.576981" lon="127.070725"/><trkpt lat="36.577019" lon="127.07072"/><trkpt lat="36.577068" lon="127.070709"/><trkpt lat="36.577104" lon="127.070696"/><trkpt lat="36.577137" lon="127.070676"/><trkpt lat="36.577166" lon="127.070647"/><trkpt lat="36.577228" lon="127.070568"/><trkpt lat="36.57726" lon="127.07052"/><trkpt lat="36.577282" lon="127.070479"/><trkpt lat="36.577366" lon="127.070296"/><trkpt lat="36.577393" lon="127.070241"/><trkpt lat="36.577416" lon="127.070204"/><trkpt lat="36.577446" lon="127.070177"/><trkpt lat="36.577482" lon="127.070157"/><trkpt lat="36.577623" lon="127.0701"/><trkpt lat="36.577673" lon="127.070077"/><trkpt lat="36.577709" lon="127.070057"/><trkpt lat="36.57774" lon="127.070028"/><trkpt lat="36.577767" lon="127.069993"/><trkpt lat="36.577867" lon="127.069841"/><trkpt lat="36.577908" lon="127.069776"/><trkpt lat="36.577928" lon="127.069735"/><trkpt lat="36.577943" lon="127.06969"/><trkpt lat="36.578024" lon="127.069324"/><trkpt lat="36.578046" lon="127.069229"/><trkpt lat="36.578062" lon="127.069184"/><trkpt lat="36.578084" lon="127.069144"/><trkpt lat="36.578128" lon="127.069083"/><trkpt lat="36.578156" lon="127.069049"/><trkpt lat="36.578187" lon="127.069019"/><trkpt lat="36.578233" lon="127.068989"/><trkpt lat="36.578415" lon="127.068889"/><trkpt lat="36.578452" lon="127.068872"/><trkpt lat="36.578489" lon="127.068861"/><trkpt lat="36.57854" lon="127.068856"/><trkpt lat="36.578656" lon="127.068853"/><trkpt lat="36.578694" lon="127.068847"/><trkpt lat="36.57873" lon="127.068832"/><trkpt lat="36.578789" lon="127.068799"/><trkpt lat="36.578895" lon="127.068736"/><trkpt lat="36.578931" lon="127.06872"/><trkpt lat="36.578968" lon="127.068713"/><trkpt lat="36.579007" lon="127.068713"/><trkpt lat="36.579175" lon="127.068727"/><trkpt lat="36.579227" lon="127.068727"/><trkpt lat="36.579304" lon="127.068717"/><trkpt lat="36.579393" lon="127.068699"/><trkpt lat="36.579429" lon="127.068688"/><trkpt lat="36.579461" lon="127.068669"/><trkpt lat="36.579486" lon="127.068637"/><trkpt lat="36.579507" lon="127.068597"/><trkpt lat="36.579587" lon="127.068411"/><trkpt lat="36.57962" lon="127.068341"/><trkpt lat="36.579642" lon="127.068301"/><trkpt lat="36.57975" lon="127.068133"/><trkpt lat="36.579851" lon="127.067979"/><trkpt lat="36.579878" lon="127.067944"/><trkpt lat="36.579909" lon="127.067919"/><trkpt lat="36.579943" lon="127.067904"/><trkpt lat="36.580005" lon="127.067888"/><trkpt lat="36.580042" lon="127.067882"/><trkpt lat="36.580079" lon="127.067882"/><trkpt lat="36.580117" lon="127.067893"/><trkpt lat="36.580167" lon="127.067915"/><trkpt lat="36.580489" lon="127.068077"/><trkpt lat="36.580526" lon="127.068092"/><trkpt lat="36.580564" lon="127.0681"/><trkpt lat="36.580603" lon="127.0681"/><trkpt lat="36.580668" lon="127.068091"/><trkpt lat="36.580718" lon="127.06808"/><trkpt lat="36.580753" lon="127.068064"/><trkpt lat="36.580782" lon="127.068036"/><trkpt lat="36.580816" lon="127.067989"/><trkpt lat="36.580883" lon="127.067889"/><trkpt lat="36.580922" lon="127.067825"/><trkpt lat="36.58094" lon="127.067783"/><trkpt lat="36.580954" lon="127.067737"/><trkpt lat="36.58102" lon="127.067435"/><trkpt lat="36.581043" lon="127.067341"/><trkpt lat="36.581058" lon="127.067295"/><trkpt lat="36.581084" lon="127.067237"/><trkpt lat="36.581344" lon="127.066713"/><trkpt lat="36.581456" lon="127.066486"/><trkpt lat="36.581474" lon="127.066442"/><trkpt lat="36.581487" lon="127.066397"/><trkpt lat="36.581507" lon="127.066304"/><trkpt lat="36.581516" lon="127.066242"/><trkpt lat="36.581518" lon="127.066194"/><trkpt lat="36.581512" lon="127.066146"/><trkpt lat="36.581475" lon="127.065951"/><trkpt lat="36.581455" lon="127.065836"/><trkpt lat="36.58145" lon="127.065787"/><trkpt lat="36.58145" lon="127.065737"/><trkpt lat="36.581459" lon="127.065603"/><trkpt lat="36.581458" lon="127.065555"/><trkpt lat="36.581446" lon="127.065515"/><trkpt lat="36.581423" lon="127.065489"/><trkpt lat="36.581394" lon="127.065482"/><trkpt lat="36.581365" lon="127.065493"/><trkpt lat="36.581336" lon="127.065516"/><trkpt lat="36.581311" lon="127.065549"/><trkpt lat="36.58129" lon="127.065591"/><trkpt lat="36.581182" lon="127.06584"/><trkpt lat="36.58115" lon="127.065911"/><trkpt lat="36.581128" lon="127.065949"/><trkpt lat="36.581099" lon="127.065979"/><trkpt lat="36.581064" lon="127.066002"/><trkpt lat="36.580943" lon="127.066068"/><trkpt lat="36.58087" lon="127.066108"/><trkpt lat="36.580836" lon="127.066132"/><trkpt lat="36.580792" lon="127.066169"/><trkpt lat="36.580655" lon="127.066296"/><trkpt lat="36.580623" lon="127.066323"/><trkpt lat="36.580589" lon="127.066342"/><trkpt lat="36.580551" lon="127.06635"/><trkpt lat="36.580498" lon="127.06635"/><trkpt lat="36.580297" lon="127.06634"/><trkpt lat="36.580082" lon="127.066332"/><trkpt lat="36.580042" lon="127.066328"/><trkpt lat="36.580006" lon="127.066316"/><trkpt lat="36.579975" lon="127.06629"/><trkpt lat="36.579946" lon="127.066257"/><trkpt lat="36.579872" lon="127.06616"/><trkpt lat="36.579838" lon="127.066111"/><trkpt lat="36.579818" lon="127.06607"/><trkpt lat="36.579808" lon="127.066026"/><trkpt lat="36.579806" lon="127.06598"/><trkpt lat="36.579808" lon="127.065935"/><trkpt lat="36.579822" lon="127.065896"/><trkpt lat="36.579847" lon="127.065865"/><trkpt lat="36.57992" lon="127.065802"/><trkpt lat="36.579951" lon="127.065774"/><trkpt lat="36.579977" lon="127.065741"/><trkpt lat="36.579997" lon="127.0657"/><trkpt lat="36.580016" lon="127.065639"/><trkpt lat="36.580131" lon="127.065229"/><trkpt lat="36.580156" lon="127.065134"/><trkpt lat="36.580165" lon="127.065086"/><trkpt lat="36.580201" lon="127.06481"/><trkpt lat="36.580252" lon="127.064404"/><trkpt lat="36.580255" lon="127.064356"/><trkpt lat="36.580253" lon="127.064308"/><trkpt lat="36.580242" lon="127.064261"/><trkpt lat="36.580197" lon="127.064121"/><trkpt lat="36.58017" lon="127.064044"/><trkpt lat="36.580151" lon="127.064001"/><trkpt lat="36.580094" lon="127.063891"/><trkpt lat="36.579984" lon="127.063686"/><trkpt lat="36.579965" lon="127.063643"/><trkpt lat="36.579952" lon="127.063599"/><trkpt lat="36.579945" lon="127.063553"/><trkpt lat="36.579941" lon="127.063506"/><trkpt lat="36.579943" lon="127.063458"/><trkpt lat="36.579953" lon="127.063392"/><trkpt lat="36.579977" lon="127.063244"/><trkpt lat="36.579979" lon="127.063202"/><trkpt lat="36.579968" lon="127.063175"/><trkpt lat="36.579942" lon="127.06317"/><trkpt lat="36.579915" lon="127.063185"/><trkpt lat="36.57989" lon="127.06322"/><trkpt lat="36.579846" lon="127.063305"/><trkpt lat="36.579823" lon="127.063347"/><trkpt lat="36.579797" lon="127.063384"/><trkpt lat="36.579759" lon="127.063427"/><trkpt lat="36.579709" lon="127.063477"/><trkpt lat="36.579678" lon="127.063505"/><trkpt lat="36.579644" lon="127.063524"/><trkpt lat="36.579606" lon="127.063535"/><trkpt lat="36.579553" lon="127.063542"/><trkpt lat="36.579513" lon="127.063543"/><trkpt lat="36.579476" lon="127.063538"/><trkpt lat="36.579446" lon="127.063524"/><trkpt lat="36.579419" lon="127.063499"/><trkpt lat="36.579395" lon="127.063461"/><trkpt lat="36.579303" lon="127.06326"/><trkpt lat="36.579211" lon="127.06306"/><trkpt lat="36.579195" lon="127.063016"/><trkpt lat="36.579188" lon="127.062969"/><trkpt lat="36.579188" lon="127.062921"/><trkpt lat="36.579201" lon="127.062644"/><trkpt lat="36.579207" lon="127.06258"/><trkpt lat="36.579214" lon="127.062532"/><trkpt lat="36.579229" lon="127.062469"/><trkpt lat="36.579309" lon="127.062156"/><trkpt lat="36.579323" lon="127.062094"/><trkpt lat="36.579329" lon="127.062047"/><trkpt lat="36.579325" lon="127.061998"/><trkpt lat="36.579306" lon="127.061901"/><trkpt lat="36.579223" lon="127.061512"/><trkpt lat="36.579213" lon="127.061447"/><trkpt lat="36.579206" lon="127.061381"/><trkpt lat="36.579189" lon="127.061132"/><trkpt lat="36.579189" lon="127.061083"/><trkpt lat="36.579197" lon="127.061038"/><trkpt lat="36.579216" lon="127.060998"/><trkpt lat="36.579255" lon="127.060934"/><trkpt lat="36.579352" lon="127.060781"/><trkpt lat="36.579372" lon="127.06074"/><trkpt lat="36.579386" lon="127.060696"/><trkpt lat="36.5794" lon="127.060634"/><trkpt lat="36.579436" lon="127.060461"/><trkpt lat="36.579449" lon="127.060416"/><trkpt lat="36.579469" lon="127.060373"/><trkpt lat="36.579498" lon="127.060318"/><trkpt lat="36.579567" lon="127.060196"/><trkpt lat="36.579587" lon="127.060153"/><trkpt lat="36.579599" lon="127.060107"/><trkpt lat="36.579606" lon="127.060059"/><trkpt lat="36.579627" lon="127.05983"/><trkpt lat="36.579629" lon="127.059782"/><trkpt lat="36.579625" lon="127.059735"/><trkpt lat="36.57961" lon="127.059692"/><trkpt lat="36.579589" lon="127.059651"/><trkpt lat="36.5794" lon="127.059328"/><trkpt lat="36.579299" lon="127.059153"/><trkpt lat="36.579279" lon="127.05911"/><trkpt lat="36.579268" lon="127.059067"/><trkpt lat="36.579262" lon="127.059021"/><trkpt lat="36.579259" lon="127.05896"/><trkpt lat="36.57926" lon="127.058914"/><trkpt lat="36.579268" lon="127.058869"/><trkpt lat="36.579282" lon="127.058824"/><trkpt lat="36.579324" lon="127.058707"/><trkpt lat="36.579336" lon="127.058663"/><trkpt lat="36.579339" lon="127.058617"/><trkpt lat="36.579336" lon="127.058571"/><trkpt lat="36.579329" lon="127.058525"/><trkpt lat="36.579315" lon="127.058481"/><trkpt lat="36.579294" lon="127.05844"/><trkpt lat="36.579181" lon="127.058256"/><trkpt lat="36.579134" lon="127.058176"/><trkpt lat="36.579114" lon="127.058134"/><trkpt lat="36.579099" lon="127.058089"/><trkpt lat="36.579048" lon="127.057866"/><trkpt lat="36.578968" lon="127.057516"/><trkpt lat="36.578956" lon="127.057452"/><trkpt lat="36.578952" lon="127.057404"/><trkpt lat="36.578954" lon="127.057356"/><trkpt lat="36.578973" lon="127.057178"/><trkpt lat="36.578985" lon="127.057083"/><trkpt lat="36.578994" lon="127.05704"/><trkpt lat="36.579007" lon="127.057008"/><trkpt lat="36.579017" lon="127.056987"/><trkpt lat="36.579004" lon="127.056948"/><trkpt lat="36.578991" lon="127.056908"/><trkpt lat="36.578979" lon="127.056847"/><trkpt lat="36.578959" lon="127.05672"/><trkpt lat="36.578948" lon="127.056675"/><trkpt lat="36.578931" lon="127.056637"/><trkpt lat="36.57889" lon="127.056588"/><trkpt lat="36.578867" lon="127.056554"/><trkpt lat="36.578847" lon="127.056515"/><trkpt lat="36.578831" lon="127.056474"/><trkpt lat="36.57882" lon="127.056432"/><trkpt lat="36.578819" lon="127.05639"/><trkpt lat="36.578829" lon="127.05635"/><trkpt lat="36.578849" lon="127.05631"/><trkpt lat="36.578874" lon="127.056271"/><trkpt lat="36.579045" lon="127.056036"/><trkpt lat="36.579366" lon="127.05559"/><trkpt lat="36.579403" lon="127.055542"/><trkpt lat="36.579434" lon="127.05551"/><trkpt lat="36.579488" lon="127.055461"/><trkpt lat="36.579576" lon="127.055384"/><trkpt lat="36.579605" lon="127.055353"/><trkpt lat="36.579624" lon="127.055316"/><trkpt lat="36.579632" lon="127.055272"/><trkpt lat="36.579633" lon="127.055226"/><trkpt lat="36.579629" lon="127.055181"/><trkpt lat="36.579615" lon="127.055138"/><trkpt lat="36.579593" lon="127.055097"/><trkpt lat="36.579476" lon="127.054913"/><trkpt lat="36.579368" lon="127.054742"/><trkpt lat="36.579345" lon="127.054702"/><trkpt lat="36.579325" lon="127.054659"/><trkpt lat="36.579292" lon="127.054568"/><trkpt lat="36.579147" lon="127.054156"/><trkpt lat="36.579122" lon="127.054098"/><trkpt lat="36.578953" lon="127.053748"/><trkpt lat="36.578917" lon="127.05368"/><trkpt lat="36.578892" lon="127.053643"/><trkpt lat="36.578847" lon="127.053591"/><trkpt lat="36.578822" lon="127.053557"/><trkpt lat="36.578803" lon="127.053516"/><trkpt lat="36.578771" lon="127.053428"/><trkpt lat="36.578751" lon="127.053387"/><trkpt lat="36.578725" lon="127.05335"/><trkpt lat="36.57866" lon="127.053269"/><trkpt lat="36.578635" lon="127.053233"/><trkpt lat="36.578615" lon="127.053195"/><trkpt lat="36.578593" lon="127.053127"/><trkpt lat="36.578574" lon="127.053086"/><trkpt lat="36.578544" lon="127.053033"/><trkpt lat="36.578447" lon="127.052877"/><trkpt lat="36.578418" lon="127.052824"/><trkpt lat="36.578399" lon="127.05278"/><trkpt lat="36.578368" lon="127.052688"/><trkpt lat="36.578311" lon="127.052501"/><trkpt lat="36.5783" lon="127.052454"/><trkpt lat="36.578295" lon="127.052406"/><trkpt lat="36.578296" lon="127.052357"/><trkpt lat="36.578322" lon="127.051983"/><trkpt lat="36.578323" lon="127.051918"/><trkpt lat="36.578319" lon="127.051869"/><trkpt lat="36.578305" lon="127.051788"/><trkpt lat="36.5782" lon="127.05127"/><trkpt lat="36.57819" lon="127.051206"/><trkpt lat="36.578187" lon="127.051157"/><trkpt lat="36.578191" lon="127.051109"/><trkpt lat="36.578219" lon="127.050916"/><trkpt lat="36.578252" lon="127.050707"/><trkpt lat="36.578262" lon="127.050662"/><trkpt lat="36.578279" lon="127.050623"/><trkpt lat="36.578308" lon="127.050569"/><trkpt lat="36.578311" lon="127.050529"/><trkpt lat="36.57831" lon="127.050456"/><trkpt lat="36.578314" lon="127.050389"/><trkpt lat="36.578299" lon="127.050352"/><trkpt lat="36.578288" lon="127.050316"/><trkpt lat="36.578277" lon="127.050257"/><trkpt lat="36.578262" lon="127.050164"/><trkpt lat="36.578248" lon="127.050121"/><trkpt lat="36.578229" lon="127.050083"/><trkpt lat="36.578206" lon="127.050049"/><trkpt lat="36.578179" lon="127.05002"/><trkpt lat="36.578145" lon="127.050001"/><trkpt lat="36.578073" lon="127.049974"/><trkpt lat="36.578037" lon="127.049959"/><trkpt lat="36.578004" lon="127.049937"/><trkpt lat="36.577974" lon="127.049906"/><trkpt lat="36.577937" lon="127.049859"/><trkpt lat="36.577681" lon="127.049521"/><trkpt lat="36.577625" lon="127.049452"/><trkpt lat="36.577596" lon="127.049422"/><trkpt lat="36.577565" lon="127.049396"/><trkpt lat="36.577544" lon="127.04936"/><trkpt lat="36.577528" lon="127.049317"/><trkpt lat="36.57748" lon="127.049164"/><trkpt lat="36.577463" lon="127.049121"/><trkpt lat="36.57744" lon="127.049083"/><trkpt lat="36.577402" lon="127.049039"/><trkpt lat="36.577232" lon="127.04886"/><trkpt lat="36.577193" lon="127.048816"/><trkpt lat="36.577168" lon="127.04878"/><trkpt lat="36.577146" lon="127.048738"/><trkpt lat="36.576952" lon="127.048299"/><trkpt lat="36.576905" lon="127.048198"/><trkpt lat="36.576882" lon="127.048158"/><trkpt lat="36.57683" lon="127.048084"/><trkpt lat="36.576665" lon="127.047871"/><trkpt lat="36.576635" lon="127.047839"/><trkpt lat="36.576603" lon="127.047812"/><trkpt lat="36.576523" lon="127.047755"/><trkpt lat="36.576315" lon="127.047612"/><trkpt lat="36.576282" lon="127.047586"/><trkpt lat="36.576252" lon="127.047555"/><trkpt lat="36.576227" lon="127.047518"/><trkpt lat="36.576112" lon="127.047315"/><trkpt lat="36.576013" lon="127.047139"/><trkpt lat="36.575993" lon="127.047097"/><trkpt lat="36.575979" lon="127.047053"/><trkpt lat="36.575973" lon="127.047005"/><trkpt lat="36.575968" lon="127.04689"/><trkpt lat="36.575968" lon="127.046808"/><trkpt lat="36.575972" lon="127.046759"/><trkpt lat="36.575982" lon="127.046714"/><trkpt lat="36.576024" lon="127.04658"/><trkpt lat="36.576042" lon="127.04652"/><trkpt lat="36.576051" lon="127.046473"/><trkpt lat="36.576059" lon="127.046408"/><trkpt lat="36.576091" lon="127.046047"/><trkpt lat="36.576099" lon="127.045981"/><trkpt lat="36.576108" lon="127.045934"/><trkpt lat="36.576131" lon="127.045856"/><trkpt lat="36.57639" lon="127.045089"/><trkpt lat="36.576403" lon="127.045043"/><trkpt lat="36.576411" lon="127.044996"/><trkpt lat="36.576411" lon="127.044948"/><trkpt lat="36.576406" lon="127.044866"/><trkpt lat="36.576396" lon="127.044736"/><trkpt lat="36.576396" lon="127.044689"/><trkpt lat="36.576403" lon="127.044647"/><trkpt lat="36.576426" lon="127.044614"/><trkpt lat="36.576457" lon="127.044587"/><trkpt lat="36.576595" lon="127.044484"/><trkpt lat="36.577096" lon="127.044105"/><trkpt lat="36.577142" lon="127.044073"/><trkpt lat="36.577178" lon="127.044053"/><trkpt lat="36.577216" lon="127.044041"/><trkpt lat="36.577282" lon="127.04403"/><trkpt lat="36.577453" lon="127.044007"/><trkpt lat="36.577492" lon="127.043998"/><trkpt lat="36.577528" lon="127.043982"/><trkpt lat="36.577562" lon="127.043957"/><trkpt lat="36.577626" lon="127.043898"/><trkpt lat="36.577677" lon="127.043846"/><trkpt lat="36.577704" lon="127.043811"/><trkpt lat="36.577726" lon="127.043771"/><trkpt lat="36.577743" lon="127.043727"/><trkpt lat="36.577809" lon="127.043546"/></trkseg>
<trkseg><trkpt lat="36.568764" lon="127.068961"/><trkpt lat="36.569173" lon="127.068908"/><trkpt lat="36.569225" lon="127.068898"/><trkpt lat="36.569262" lon="127.068885"/><trkpt lat="36.569294" lon="127.068863"/><trkpt lat="36.569354" lon="127.06881"/><trkpt lat="36.569385" lon="127.068788"/><trkpt lat="36.569422" lon="127.068773"/><trkpt lat="36.5695" lon="127.068754"/><trkpt lat="36.569671" lon="127.06872"/><trkpt lat="36.569709" lon="127.068709"/><trkpt lat="36.569746" lon="127.068691"/><trkpt lat="36.56978" lon="127.068666"/><trkpt lat="36.569835" lon="127.068622"/><trkpt lat="36.569869" lon="127.068606"/><trkpt lat="36.569904" lon="127.068609"/><trkpt lat="36.569939" lon="127.068621"/><trkpt lat="36.569974" lon="127.068639"/><trkpt lat="36.570007" lon="127.068662"/><trkpt lat="36.570037" lon="127.068694"/><trkpt lat="36.570063" lon="127.068731"/><trkpt lat="36.570086" lon="127.068769"/><trkpt lat="36.570098" lon="127.068809"/><trkpt lat="36.570094" lon="127.068851"/><trkpt lat="36.570076" lon="127.068923"/><trkpt lat="36.570071" lon="127.068965"/><trkpt lat="36.570083" lon="127.069014"/><trkpt lat="36.570087" lon="127.069054"/><trkpt lat="36.570083" lon="127.069099"/><trkpt lat="36.570065" lon="127.069208"/><trkpt lat="36.570061" lon="127.069255"/><trkpt lat="36.570063" lon="127.069303"/><trkpt lat="36.570081" lon="127.069434"/><trkpt lat="36.570087" lon="127.069497"/><trkpt lat="36.570084" lon="127.06954"/><trkpt lat="36.570069" lon="127.069586"/><trkpt lat="36.570075" lon="127.069617"/><trkpt lat="36.570097" lon="127.069648"/><trkpt lat="36.570136" lon="127.069688"/><trkpt lat="36.570364" lon="127.069912"/><trkpt lat="36.570393" lon="127.069944"/><trkpt lat="36.570419" lon="127.06998"/><trkpt lat="36.570441" lon="127.070021"/><trkpt lat="36.570517" lon="127.070197"/><trkpt lat="36.570542" lon="127.070252"/><trkpt lat="36.570564" lon="127.07028"/><trkpt lat="36.57059" lon="127.070282"/><trkpt lat="36.570619" lon="127.070262"/><trkpt lat="36.570681" lon="127.070208"/><trkpt lat="36.570713" lon="127.070187"/><trkpt lat="36.570748" lon="127.070181"/><trkpt lat="36.570784" lon="127.070187"/><trkpt lat="36.570833" lon="127.070202"/><trkpt lat="36.570906" lon="127.070229"/><trkpt lat="36.570942" lon="127.070247"/><trkpt lat="36.571001" lon="127.070284"/><trkpt lat="36.571256" lon="127.070462"/><trkpt lat="36.571288" lon="127.070488"/><trkpt lat="36.571316" lon="127.07052"/><trkpt lat="36.571335" lon="127.070559"/><trkpt lat="36.57136" lon="127.070631"/><trkpt lat="36.57138" lon="127.070668"/><trkpt lat="36.57141" lon="127.070693"/><trkpt lat="36.571445" lon="127.070712"/><trkpt lat="36.571583" lon="127.070768"/><trkpt lat="36.571633" lon="127.070787"/><trkpt lat="36.571672" lon="127.070797"/><trkpt lat="36.571739" lon="127.070805"/><trkpt lat="36.571913" lon="127.070818"/><trkpt lat="36.571952" lon="127.070817"/><trkpt lat="36.571986" lon="127.070806"/><trkpt lat="36.572029" lon="127.070765"/><trkpt lat="36.572058" lon="127.070743"/><trkpt lat="36.572091" lon="127.07073"/><trkpt lat="36.572126" lon="127.070721"/><trkpt lat="36.572165" lon="127.070716"/><trkpt lat="36.57227" lon="127.070712"/><trkpt lat="36.572335" lon="127.070713"/><trkpt lat="36.572373" lon="127.070717"/><trkpt lat="36.572428" lon="127.070732"/><trkpt lat="36.572456" lon="127.070731"/><trkpt lat="36.572478" lon="127.070708"/><trkpt lat="36.572507" lon="127.070669"/><trkpt lat="36.572539" lon="127.070651"/><trkpt lat="36.572588" lon="127.070637"/><trkpt lat="36.572756" lon="127.070604"/><trkpt lat="36.572821" lon="127.070595"/><trkpt lat="36.572859" lon="127.070596"/><trkpt lat="36.572897" lon="127.070605"/><trkpt lat="36.572959" lon="127.070626"/><trkpt lat="36.572995" lon="127.070643"/><trkpt lat="36.573029" lon="127.070666"/><trkpt lat="36.573284" lon="127.070877"/><trkpt lat="36.57335" lon="127.07093"/><trkpt lat="36.573385" lon="127.070952"/><trkpt lat="36.573423" lon="127.070966"/><trkpt lat="36.573487" lon="127.070983"/><trkpt lat="36.573762" lon="127.071046"/><trkpt lat="36.573814" lon="127.071055"/><trkpt lat="36.573866" lon="127.071058"/><trkpt lat="36.573967" lon="127.071057"/><trkpt lat="36.574003" lon="127.071064"/><trkpt lat="36.574038" lon="127.071081"/><trkpt lat="36.574104" lon="127.071132"/><trkpt lat="36.57416" lon="127.07119"/></trkseg>
<trkseg><trkpt lat="36.572477" lon="127.071834"/><trkpt lat="36.572735" lon="127.071668"/><trkpt lat="36.572769" lon="127.071643"/><trkpt lat="36.572801" lon="127.071614"/><trkpt lat="36.572842" lon="127.07157"/><trkpt lat="36.572937" lon="127.071426"/><trkpt lat="36.573166" lon="127.071217"/><trkpt lat="36.573347" lon="127.071314"/><trkpt lat="36.573438" lon="127.071545"/><trkpt lat="36.573557" lon="127.071592"/><trkpt lat="36.57365" lon="127.071554"/><trkpt lat="36.573838" lon="127.071333"/><trkpt lat="36.57402" lon="127.071215"/><trkpt lat="36.574132" lon="127.071185"/><trkpt lat="36.57416" lon="127.07119"/></trkseg>
<trkseg><trkpt lat="36.57416" lon="127.07119"/><trkpt lat="36.574414" lon="127.071329"/><trkpt lat="36.574469" lon="127.071345"/><trkpt lat="36.574508" lon="127.07135"/><trkpt lat="36.574546" lon="127.071345"/><trkpt lat="36.574598" lon="127.07133"/><trkpt lat="36.574898" lon="127.07128"/><trkpt lat="36.575156" lon="127.07113"/><trkpt lat="36.575338" lon="127.071059"/></trkseg>
<trkseg><trkpt lat="36.572477" lon="127.071834"/><trkpt lat="36.572325" lon="127.071923"/><trkpt lat="36.57218" lon="127.071924"/><trkpt lat="36.57196" lon="127.072012"/><trkpt lat="36.571784" lon="127.072254"/><trkpt lat="36.571693" lon="127.072319"/><trkpt lat="36.571569" lon="127.072307"/><trkpt lat="36.571433" lon="127.07229"/><trkpt lat="36.571338" lon="127.07234"/><trkpt lat="36.571257" lon="127.072384"/><trkpt lat="36.571156" lon="127.072414"/><trkpt lat="36.571016" lon="127.072319"/><trkpt lat="36.570806" lon="127.0721"/><trkpt lat="36.570587" lon="127.072058"/><trkpt lat="36.570415" lon="127.072182"/><trkpt lat="36.57027" lon="127.072347"/><trkpt lat="36.570065" lon="127.072532"/></trkseg>
<trkseg><trkpt lat="36.558034" lon="127.069796"/><trkpt lat="36.558286" lon="127.069716"/><trkpt lat="36.558499" lon="127.069604"/><trkpt lat="36.558809" lon="127.069611"/><trkpt lat="36.558916" lon="127.069433"/><trkpt lat="36.559033" lon="127.06925"/><trkpt lat="36.559162" lon="127.069295"/><trkpt lat="36.559452" lon="127.069685"/><trkpt lat="36.55961" lon="127.069691"/><trkpt lat="36.559734" lon="127.069676"/><trkpt lat="36.559867" lon="127.069931"/><trkpt lat="36.55997" lon="127.070052"/><trkpt lat="36.56023" lon="127.06992"/><trkpt lat="36.560385" lon="127.069755"/><trkpt lat="36.560425" lon="127.06971"/><trkpt lat="36.560451" lon="127.069673"/><trkpt lat="36.560508" lon="127.069579"/><trkpt lat="36.56058" lon="127.069458"/><trkpt lat="36.560606" lon="127.069422"/><trkpt lat="36.560637" lon="127.069398"/><trkpt lat="36.560672" lon="127.069389"/><trkpt lat="36.560709" lon="127.069386"/><trkpt lat="36.560746" lon="127.069388"/><trkpt lat="36.560781" lon="127.069398"/><trkpt lat="36.560809" lon="127.069422"/><trkpt lat="36.560834" lon="127.069453"/><trkpt lat="36.560856" lon="127.069489"/><trkpt lat="36.560871" lon="127.069529"/><trkpt lat="36.560878" lon="127.069574"/><trkpt lat="36.560884" lon="127.069652"/><trkpt lat="36.560885" lon="127.069715"/><trkpt lat="36.560881" lon="127.069764"/><trkpt lat="36.560808" lon="127.07027"/><trkpt lat="36.560773" lon="127.070499"/><trkpt lat="36.560766" lon="127.070565"/><trkpt lat="36.560769" lon="127.070612"/><trkpt lat="36.560782" lon="127.070656"/><trkpt lat="36.560803" lon="127.070693"/><trkpt lat="36.560831" lon="127.07072"/><trkpt lat="36.560864" lon="127.070736"/><trkpt lat="36.5609" lon="127.070738"/><trkpt lat="36.560939" lon="127.070729"/><trkpt lat="36.561002" lon="127.070708"/><trkpt lat="36.561078" lon="127.070679"/><trkpt lat="36.561115" lon="127.070661"/><trkpt lat="36.561161" lon="127.070631"/><trkpt lat="36.561356" lon="127.070495"/><trkpt lat="36.5614" lon="127.07046"/><trkpt lat="36.561427" lon="127.070429"/><trkpt lat="36.561446" lon="127.070389"/><trkpt lat="36.561459" lon="127.070343"/><trkpt lat="36.561522" lon="127.070074"/><trkpt lat="36.561539" lon="127.070012"/><trkpt lat="36.561555" lon="127.069967"/><trkpt lat="36.561582" lon="127.069913"/><trkpt lat="36.561684" lon="127.069726"/><trkpt lat="36.561715" lon="127.069674"/><trkpt lat="36.561742" lon="127.069641"/><trkpt lat="36.561771" lon="127.069614"/><trkpt lat="36.561803" lon="127.069591"/><trkpt lat="36.561836" lon="127.069573"/><trkpt lat="36.561872" lon="127.069564"/><trkpt lat="36.561922" lon="127.069563"/><trkpt lat="36.562025" lon="127.069572"/><trkpt lat="36.562062" lon="127.069581"/><trkpt lat="36.562099" lon="127.069598"/><trkpt lat="36.562132" lon="127.069622"/><trkpt lat="36.56216" lon="127.06965"/><trkpt lat="36.562176" lon="127.069689"/><trkpt lat="36.562183" lon="127.069736"/><trkpt lat="36.562191" lon="127.069954"/><trkpt lat="36.562198" lon="127.070105"/><trkpt lat="36.562204" lon="127.070154"/><trkpt lat="36.562215" lon="127.070201"/><trkpt lat="36.562266" lon="127.070355"/><trkpt lat="36.562299" lon="127.070446"/><trkpt lat="36.56232" lon="127.070487"/><trkpt lat="36.562347" lon="127.070521"/><trkpt lat="36.562378" lon="127.07055"/><trkpt lat="36.56241" lon="127.070572"/><trkpt lat="36.562444" lon="127.07058"/><trkpt lat="36.56248" lon="127.070568"/><trkpt lat="36.562516" lon="127.070549"/><trkpt lat="36.562685" lon="127.070448"/><trkpt lat="36.562879" lon="127.070334"/><trkpt lat="36.562911" lon="127.070308"/><trkpt lat="36.562938" lon="127.070275"/><trkpt lat="36.562965" lon="127.070222"/><trkpt lat="36.563022" lon="127.070096"/><trkpt lat="36.563043" lon="127.070056"/><trkpt lat="36.563069" lon="127.070019"/><trkpt lat="36.563099" lon="127.069986"/><trkpt lat="36.563131" lon="127.069956"/><trkpt lat="36.563165" lon="127.069934"/><trkpt lat="36.563202" lon="127.069922"/><trkpt lat="36.56324" lon="127.069914"/><trkpt lat="36.563279" lon="127.06991"/><trkpt lat="36.563317" lon="127.069913"/><trkpt lat="36.563394" lon="127.069933"/><trkpt lat="36.563521" lon="127.069971"/><trkpt lat="36.563559" lon="127.069978"/><trkpt lat="36.563596" lon="127.069975"/><trkpt lat="36.563633" lon="127.069961"/><trkpt lat="36.563718" lon="127.069914"/><trkpt lat="36.563767" lon="127.069888"/><trkpt lat="36.563805" lon="127.069875"/><trkpt lat="36.563843" lon="127.06987"/><trkpt lat="36.563882" lon="127.06987"/><trkpt lat="36.563919" lon="127.069878"/><trkpt lat="36.563954" lon="127.069894"/><trkpt lat="36.563999" lon="127.069922"/><trkpt lat="36.564031" lon="127.069946"/><trkpt lat="36.564059" lon="127.069975"/><trkpt lat="36.564081" lon="127.070011"/><trkpt lat="36.564107" lon="127.070064"/><trkpt lat="36.564124" lon="127.070106"/><trkpt lat="36.564138" lon="127.070151"/><trkpt lat="36.564151" lon="127.070215"/><trkpt lat="36.56424" lon="127.0707"/><trkpt lat="36.564246" lon="127.070747"/><trkpt lat="36.564243" lon="127.070794"/><trkpt lat="36.564231" lon="127.070839"/><trkpt lat="36.564174" lon="127.070985"/><trkpt lat="36.564151" lon="127.071044"/><trkpt lat="36.564138" lon="127.071089"/><trkpt lat="36.564131" lon="127.071137"/><trkpt lat="36.564129" lon="127.071185"/><trkpt lat="36.56413" lon="127.071234"/><trkpt lat="36.564138" lon="127.071281"/><trkpt lat="36.564152" lon="127.071327"/><trkpt lat="36.564234" lon="127.071553"/><trkpt lat="36.564316" lon="127.07178"/><trkpt lat="36.564336" lon="127.07182"/><trkpt lat="36.564364" lon="127.071848"/><trkpt lat="36.564397" lon="127.071866"/><trkpt lat="36.564433" lon="127.071878"/><trkpt lat="36.564471" lon="127.071881"/><trkpt lat="36.56451" lon="127.071873"/><trkpt lat="36.5646" lon="127.071845"/><trkpt lat="36.56464" lon="127.071836"/><trkpt lat="36.564679" lon="127.071834"/><trkpt lat="36.564746" lon="127.071837"/><trkpt lat="36.564785" lon="127.071843"/><trkpt lat="36.564823" lon="127.071855"/><trkpt lat="36.56486" lon="127.071874"/><trkpt lat="36.565014" lon="127.071974"/><trkpt lat="36.565299" lon="127.072157"/><trkpt lat="36.565336" lon="127.072176"/><trkpt lat="36.565375" lon="127.072187"/><trkpt lat="36.565695" lon="127.072243"/><trkpt lat="36.565788" lon="127.072262"/><trkpt lat="36.565839" lon="127.072279"/><trkpt lat="36.565952" lon="127.072328"/><trkpt lat="36.566026" lon="127.072363"/><trkpt lat="36.566061" lon="127.072386"/><trkpt lat="36.566093" lon="127.072412"/><trkpt lat="36.566143" lon="127.07246"/><trkpt lat="36.56617" lon="127.072493"/><trkpt lat="36.566189" lon="127.072533"/><trkpt lat="36.566203" lon="127.072579"/><trkpt lat="36.566229" lon="127.072691"/><trkpt lat="36.566241" lon="127.072756"/><trkpt lat="36.566244" lon="127.072803"/><trkpt lat="36.566238" lon="127.07285"/><trkpt lat="36.566213" lon="127.072943"/><trkpt lat="36.566088" lon="127.07336"/><trkpt lat="36.566072" lon="127.073422"/><trkpt lat="36.566062" lon="127.073483"/><trkpt lat="36.566052" lon="127.073576"/><trkpt lat="36.566053" lon="127.073633"/><trkpt lat="36.566063" lon="127.07369"/><trkpt lat="36.566075" lon="127.073728"/></trkseg>
<trkseg><trkpt lat="36.555871" lon="127.070804"/><trkpt lat="36.556052" lon="127.070625"/><trkpt lat="36.556307" lon="127.070513"/><trkpt lat="36.556445" lon="127.070327"/><trkpt lat="36.556517" lon="127.070013"/><trkpt lat="36.556667" lon="127.069839"/><trkpt lat="36.557447" lon="127.069772"/><trkpt lat="36.558034" lon="127.069796"/></trkseg>
<trkseg><trkpt lat="36.55208" lon="127.069931"/><trkpt lat="36.552203" lon="127.070185"/><trkpt lat="36.552362" lon="127.070278"/><trkpt lat="36.552643" lon="127.070172"/><trkpt lat="36.552871" lon="127.070265"/><trkpt lat="36.553008" lon="127.070406"/><trkpt lat="36.553269" lon="127.070222"/><trkpt lat="36.553612" lon="127.070007"/><trkpt lat="36.553875" lon="127.070035"/><trkpt lat="36.554058" lon="127.070163"/><trkpt lat="36.554312" lon="127.070149"/><trkpt lat="36.554501" lon="127.070089"/><trkpt lat="36.554629" lon="127.070146"/><trkpt lat="36.554861" lon="127.070181"/><trkpt lat="36.555273" lon="127.070253"/><trkpt lat="36.555581" lon="127.070441"/><trkpt lat="36.555744" lon="127.070639"/><trkpt lat="36.555795" lon="127.070751"/><trkpt lat="36.555833" lon="127.070783"/><trkpt lat="36.555863" lon="127.070801"/><trkpt lat="36.555871" lon="127.070804"/></trkseg>
<trkseg><trkpt lat="36.551817" lon="127.069626"/><trkpt lat="36.551521" lon="127.070075"/><trkpt lat="36.551491" lon="127.070128"/><trkpt lat="36.551466" lon="127.070187"/><trkpt lat="36.551394" lon="127.070401"/><trkpt lat="36.551372" lon="127.070462"/><trkpt lat="36.551353" lon="127.070505"/><trkpt lat="36.55133" lon="127.070544"/><trkpt lat="36.551269" lon="127.070628"/><trkpt lat="36.551135" lon="127.070808"/><trkpt lat="36.551103" lon="127.070858"/><trkpt lat="36.551083" lon="127.070901"/><trkpt lat="36.551063" lon="127.070963"/><trkpt lat="36.550901" lon="127.071531"/><trkpt lat="36.550828" lon="127.071784"/><trkpt lat="36.550812" lon="127.071829"/><trkpt lat="36.55079" lon="127.071868"/><trkpt lat="36.550755" lon="127.071916"/><trkpt lat="36.550576" lon="127.072135"/><trkpt lat="36.550531" lon="127.072194"/><trkpt lat="36.550508" lon="127.072233"/><trkpt lat="36.550489" lon="127.072275"/><trkpt lat="36.550399" lon="127.072514"/><trkpt lat="36.550324" lon="127.072709"/><trkpt lat="36.550309" lon="127.072753"/><trkpt lat="36.550303" lon="127.072792"/><trkpt lat="36.550317" lon="127.072821"/><trkpt lat="36.550347" lon="127.072838"/><trkpt lat="36.550382" lon="127.072841"/><trkpt lat="36.550416" lon="127.072825"/><trkpt lat="36.55045" lon="127.072799"/><trkpt lat="36.550528" lon="127.072731"/><trkpt lat="36.550563" lon="127.072707"/><trkpt lat="36.550599" lon="127.072694"/><trkpt lat="36.550636" lon="127.072689"/><trkpt lat="36.550672" lon="127.072695"/><trkpt lat="36.550706" lon="127.072716"/><trkpt lat="36.550751" lon="127.07275"/><trkpt lat="36.551107" lon="127.073042"/><trkpt lat="36.551141" lon="127.073067"/><trkpt lat="36.551177" lon="127.073086"/><trkpt lat="36.551215" lon="127.073098"/><trkpt lat="36.551253" lon="127.073106"/><trkpt lat="36.551292" lon="127.07311"/><trkpt lat="36.551329" lon="127.073105"/><trkpt lat="36.551364" lon="127.073089"/><trkpt lat="36.55141" lon="127.07306"/><trkpt lat="36.551442" lon="127.073035"/><trkpt lat="36.551472" lon="127.073005"/><trkpt lat="36.551498" lon="127.072969"/><trkpt lat="36.551538" lon="127.072904"/><trkpt lat="36.551641" lon="127.072731"/><trkpt lat="36.551666" lon="127.072694"/><trkpt lat="36.551696" lon="127.072664"/><trkpt lat="36.551729" lon="127.072644"/><trkpt lat="36.551764" lon="127.072631"/><trkpt lat="36.551798" lon="127.07263"/><trkpt lat="36.551831" lon="127.072647"/><trkpt lat="36.551863" lon="127.072675"/><trkpt lat="36.551966" lon="127.072782"/><trkpt lat="36.552474" lon="127.073299"/><trkpt lat="36.552588" lon="127.073415"/><trkpt lat="36.55262" lon="127.073441"/><trkpt lat="36.552654" lon="127.073454"/><trkpt lat="36.55269" lon="127.07345"/><trkpt lat="36.552741" lon="127.073436"/><trkpt lat="36.552971" lon="127.073361"/><trkpt lat="36.55301" lon="127.073353"/><trkpt lat="36.553049" lon="127.073355"/><trkpt lat="36.553085" lon="127.073364"/><trkpt lat="36.553115" lon="127.073379"/><trkpt lat="36.553128" lon="127.073404"/><trkpt lat="36.553118" lon="127.073441"/><trkpt lat="36.553098" lon="127.073481"/><trkpt lat="36.552993" lon="127.073679"/><trkpt lat="36.552961" lon="127.073733"/><trkpt lat="36.552933" lon="127.073767"/><trkpt lat="36.552901" lon="127.073795"/><trkpt lat="36.55268" lon="127.073952"/><trkpt lat="36.552145" lon="127.074328"/><trkpt lat="36.552007" lon="127.074461"/><trkpt lat="36.551754" lon="127.074697"/><trkpt lat="36.551579" lon="127.074874"/><trkpt lat="36.551364" lon="127.075125"/><trkpt lat="36.550928" lon="127.075315"/><trkpt lat="36.550691" lon="127.075411"/><trkpt lat="36.550757" lon="127.075524"/><trkpt lat="36.551108" lon="127.075836"/><trkpt lat="36.551294" lon="127.075964"/><trkpt lat="36.551411" lon="127.075904"/><trkpt lat="36.551623" lon="127.075996"/><trkpt lat="36.551677" lon="127.076124"/><trkpt lat="36.551643" lon="127.076497"/><trkpt lat="36.551616" lon="127.076946"/><trkpt lat="36.551511" lon="127.077165"/><trkpt lat="36.551402" lon="127.077185"/><trkpt lat="36.551249" lon="127.077129"/><trkpt lat="36.551165" lon="127.077217"/><trkpt lat="36.551208" lon="127.077519"/><trkpt lat="36.551203" lon="127.077711"/><trkpt lat="36.551116" lon="127.077908"/><trkpt lat="36.551074" lon="127.07803"/><trkpt lat="36.551061" lon="127.078077"/><trkpt lat="36.551053" lon="127.078131"/><trkpt lat="36.551044" lon="127.078243"/></trkseg>
<trkseg><trkpt lat="36.548788" lon="127.072839"/><trkpt lat="36.548831" lon="127.07289"/><trkpt lat="36.548854" lon="127.07293"/><trkpt lat="36.548844" lon="127.072956"/><trkpt lat="36.54881" lon="127.072987"/><trkpt lat="36.548794" lon="127.073019"/><trkpt lat="36.548795" lon="127.073061"/><trkpt lat="36.548806" lon="127.073123"/><trkpt lat="36.548821" lon="127.073185"/><trkpt lat="36.548837" lon="127.073231"/><trkpt lat="36.548865" lon="127.073287"/><trkpt lat="36.549061" lon="127.073644"/><trkpt lat="36.549087" lon="127.073699"/><trkpt lat="36.5491" lon="127.073741"/><trkpt lat="36.549103" lon="127.07379"/><trkpt lat="36.549114" lon="127.073823"/><trkpt lat="36.54914" lon="127.073862"/><trkpt lat="36.549149" lon="127.073895"/><trkpt lat="36.549141" lon="127.073943"/><trkpt lat="36.54914" lon="127.073976"/><trkpt lat="36.549158" lon="127.074006"/><trkpt lat="36.549166" lon="127.07403"/><trkpt lat="36.549155" lon="127.074072"/><trkpt lat="36.549153" lon="127.074104"/><trkpt lat="36.549163" lon="127.07414"/><trkpt lat="36.549158" lon="127.074159"/><trkpt lat="36.549124" lon="127.074172"/><trkpt lat="36.549094" lon="127.074187"/><trkpt lat="36.54907" lon="127.074218"/><trkpt lat="36.549052" lon="127.074258"/><trkpt lat="36.549043" lon="127.0743"/><trkpt lat="36.549042" lon="127.074346"/><trkpt lat="36.549031" lon="127.0744"/><trkpt lat="36.549028" lon="127.074436"/><trkpt lat="36.549035" lon="127.074473"/><trkpt lat="36.549052" lon="127.074505"/><trkpt lat="36.549081" lon="127.074529"/><trkpt lat="36.549131" lon="127.074565"/><trkpt lat="36.549152" lon="127.074595"/><trkpt lat="36.549169" lon="127.074658"/><trkpt lat="36.549183" lon="127.074698"/><trkpt lat="36.549223" lon="127.074776"/><trkpt lat="36.549238" lon="127.074817"/><trkpt lat="36.549241" lon="127.074863"/><trkpt lat="36.549237" lon="127.074912"/><trkpt lat="36.549223" lon="127.075027"/><trkpt lat="36.549221" lon="127.075075"/><trkpt lat="36.549229" lon="127.07512"/><trkpt lat="36.549258" lon="127.075206"/><trkpt lat="36.549272" lon="127.075249"/><trkpt lat="36.549276" lon="127.075293"/><trkpt lat="36.549271" lon="127.075336"/><trkpt lat="36.54926" lon="127.075378"/><trkpt lat="36.549243" lon="127.075417"/><trkpt lat="36.549214" lon="127.075461"/><trkpt lat="36.549197" lon="127.075492"/><trkpt lat="36.549199" lon="127.075524"/><trkpt lat="36.549218" lon="127.075557"/><trkpt lat="36.549245" lon="127.075582"/><trkpt lat="36.549278" lon="127.075592"/><trkpt lat="36.549315" lon="127.075588"/><trkpt lat="36.549379" lon="127.075574"/><trkpt lat="36.549415" lon="127.075569"/><trkpt lat="36.549444" lon="127.075576"/><trkpt lat="36.549462" lon="127.075607"/><trkpt lat="36.549473" lon="127.075652"/><trkpt lat="36.549502" lon="127.075833"/><trkpt lat="36.549521" lon="127.075948"/><trkpt lat="36.549532" lon="127.075996"/><trkpt lat="36.549547" lon="127.076041"/><trkpt lat="36.549598" lon="127.076173"/><trkpt lat="36.549631" lon="127.076261"/><trkpt lat="36.549648" lon="127.076323"/><trkpt lat="36.549711" lon="127.076625"/><trkpt lat="36.549725" lon="127.076688"/><trkpt lat="36.549738" lon="127.076731"/><trkpt lat="36.54976" lon="127.076766"/><trkpt lat="36.549792" lon="127.076789"/><trkpt lat="36.549829" lon="127.076807"/><trkpt lat="36.550155" lon="127.07693"/><trkpt lat="36.550226" lon="127.07706"/><trkpt lat="36.550176" lon="127.077228"/><trkpt lat="36.550209" lon="127.077494"/><trkpt lat="36.550424" lon="127.077781"/><trkpt lat="36.550671" lon="127.077911"/><trkpt lat="36.550781" lon="127.077988"/><trkpt lat="36.551044" lon="127.078243"/></trkseg>
<trkseg><trkpt lat="36.533999" lon="127.074926"/><trkpt lat="36.534119" lon="127.074697"/><trkpt lat="36.534166" lon="127.074613"/></trkseg>
<trkseg><trkpt lat="36.548788" lon="127.072839"/><trkpt lat="36.54874" lon="127.072849"/><trkpt lat="36.548712" lon="127.072869"/><trkpt lat="36.548666" lon="127.07292"/><trkpt lat="36.548634" lon="127.072946"/><trkpt lat="36.548586" lon="127.072973"/><trkpt lat="36.548474" lon="127.073026"/><trkpt lat="36.548424" lon="127.073048"/><trkpt lat="36.548387" lon="127.073057"/><trkpt lat="36.54835" lon="127.073053"/><trkpt lat="36.548314" lon="127.073037"/><trkpt lat="36.54823" lon="127.072992"/><trkpt lat="36.548193" lon="127.072977"/><trkpt lat="36.548131" lon="127.072962"/><trkpt lat="36.548055" lon="127.072949"/><trkpt lat="36.548018" lon="127.072946"/><trkpt lat="36.547984" lon="127.072952"/><trkpt lat="36.547955" lon="127.072973"/><trkpt lat="36.547908" lon="127.073016"/><trkpt lat="36.547874" lon="127.073036"/><trkpt lat="36.547812" lon="127.073062"/><trkpt lat="36.547778" lon="127.073082"/><trkpt lat="36.547747" lon="127.073111"/><trkpt lat="36.547693" lon="127.073182"/><trkpt lat="36.547409" lon="127.073573"/><trkpt lat="36.547364" lon="127.073633"/><trkpt lat="36.547335" lon="127.073664"/><trkpt lat="36.547301" lon="127.073685"/><trkpt lat="36.54725" lon="127.073702"/><trkpt lat="36.547027" lon="127.073756"/><trkpt lat="36.546975" lon="127.073772"/><trkpt lat="36.546938" lon="127.07379"/><trkpt lat="36.546727" lon="127.073927"/><trkpt lat="36.546517" lon="127.074068"/><trkpt lat="36.546484" lon="127.074096"/><trkpt lat="36.546444" lon="127.074138"/><trkpt lat="36.546218" lon="127.074396"/><trkpt lat="36.54616" lon="127.074465"/><trkpt lat="36.546134" lon="127.074502"/><trkpt lat="36.546101" lon="127.074563"/><trkpt lat="36.546079" lon="127.074597"/><trkpt lat="36.546051" lon="127.074629"/><trkpt lat="36.546008" lon="127.074666"/><trkpt lat="36.545909" lon="127.074744"/><trkpt lat="36.545853" lon="127.074784"/><trkpt lat="36.545818" lon="127.074802"/><trkpt lat="36.545766" lon="127.074825"/><trkpt lat="36.545736" lon="127.07485"/><trkpt lat="36.545709" lon="127.074884"/><trkpt lat="36.545577" lon="127.075093"/><trkpt lat="36.545262" lon="127.075588"/><trkpt lat="36.545222" lon="127.075653"/><trkpt lat="36.545203" lon="127.075694"/><trkpt lat="36.545194" lon="127.075739"/><trkpt lat="36.545194" lon="127.075786"/><trkpt lat="36.545204" lon="127.075932"/><trkpt lat="36.545205" lon="127.075981"/><trkpt lat="36.545202" lon="127.076029"/><trkpt lat="36.545194" lon="127.076093"/><trkpt lat="36.545151" lon="127.076365"/><trkpt lat="36.545145" lon="127.076429"/><trkpt lat="36.545147" lon="127.076477"/><trkpt lat="36.545158" lon="127.076559"/><trkpt lat="36.545222" lon="127.076935"/><trkpt lat="36.545231" lon="127.077001"/><trkpt lat="36.545234" lon="127.07705"/><trkpt lat="36.545232" lon="127.077116"/><trkpt lat="36.545216" lon="127.07735"/><trkpt lat="36.54521" lon="127.077415"/><trkpt lat="36.545202" lon="127.077456"/><trkpt lat="36.545183" lon="127.07748"/><trkpt lat="36.545152" lon="127.077483"/><trkpt lat="36.545115" lon="127.077476"/><trkpt lat="36.545012" lon="127.077453"/><trkpt lat="36.544974" lon="127.077452"/><trkpt lat="36.544937" lon="127.077463"/><trkpt lat="36.5449" lon="127.077481"/><trkpt lat="36.544864" lon="127.077503"/><trkpt lat="36.544833" lon="127.07753"/><trkpt lat="36.544781" lon="127.077592"/><trkpt lat="36.544753" lon="127.077622"/><trkpt lat="36.544709" lon="127.07766"/><trkpt lat="36.544491" lon="127.077826"/><trkpt lat="36.544135" lon="127.078097"/><trkpt lat="36.5441" lon="127.078119"/><trkpt lat="36.544064" lon="127.078131"/><trkpt lat="36.544026" lon="127.07813"/><trkpt lat="36.543974" lon="127.078122"/><trkpt lat="36.543727" lon="127.078073"/><trkpt lat="36.543688" lon="127.078068"/><trkpt lat="36.54365" lon="127.078071"/><trkpt lat="36.543611" lon="127.078082"/><trkpt lat="36.543395" lon="127.078169"/><trkpt lat="36.543321" lon="127.078203"/><trkpt lat="36.543287" lon="127.078224"/><trkpt lat="36.543212" lon="127.078279"/><trkpt lat="36.543179" lon="127.078299"/><trkpt lat="36.543143" lon="127.078311"/><trkpt lat="36.543106" lon="127.078316"/><trkpt lat="36.542991" lon="127.078322"/><trkpt lat="36.542952" lon="127.078326"/><trkpt lat="36.542914" lon="127.078334"/><trkpt lat="36.542862" lon="127.07835"/><trkpt lat="36.542604" lon="127.078439"/><trkpt lat="36.542567" lon="127.078458"/><trkpt lat="36.542534" lon="127.078484"/><trkpt lat="36.542491" lon="127.078524"/><trkpt lat="36.542366" lon="127.078649"/><trkpt lat="36.542333" lon="127.078675"/><trkpt lat="36.542299" lon="127.078694"/><trkpt lat="36.542227" lon="127.07872"/><trkpt lat="36.542192" lon="127.078736"/><trkpt lat="36.542157" lon="127.07876"/><trkpt lat="36.541976" lon="127.078904"/><trkpt lat="36.541921" lon="127.078951"/><trkpt lat="36.541892" lon="127.078984"/><trkpt lat="36.541869" lon="127.079023"/><trkpt lat="36.541836" lon="127.079095"/><trkpt lat="36.541754" lon="127.079287"/><trkpt lat="36.541734" lon="127.079329"/><trkpt lat="36.541709" lon="127.079367"/><trkpt lat="36.54167" lon="127.07941"/><trkpt lat="36.541563" lon="127.07951"/><trkpt lat="36.541519" lon="127.079546"/><trkpt lat="36.541485" lon="127.079566"/><trkpt lat="36.541447" lon="127.079574"/><trkpt lat="36.541407" lon="127.079574"/><trkpt lat="36.541111" lon="127.079554"/><trkpt lat="36.541058" lon="127.079554"/><trkpt lat="36.541019" lon="127.079562"/><trkpt lat="36.540982" lon="127.079579"/><trkpt lat="36.54079" lon="127.079693"/><trkpt lat="36.540357" lon="127.079952"/><trkpt lat="36.540296" lon="127.079985"/><trkpt lat="36.540261" lon="127.079997"/><trkpt lat="36.540225" lon="127.079992"/><trkpt lat="36.54019" lon="127.079973"/><trkpt lat="36.540118" lon="127.079926"/><trkpt lat="36.540082" lon="127.079907"/><trkpt lat="36.540022" lon="127.079889"/><trkpt lat="36.539988" lon="127.079877"/><trkpt lat="36.539958" lon="127.079853"/><trkpt lat="36.539931" lon="127.079819"/><trkpt lat="36.539898" lon="127.079769"/><trkpt lat="36.53985" lon="127.079692"/><trkpt lat="36.53983" lon="127.07965"/><trkpt lat="36.539815" lon="127.079607"/><trkpt lat="36.539781" lon="127.079469"/><trkpt lat="36.539767" lon="127.079426"/><trkpt lat="36.539749" lon="127.079388"/><trkpt lat="36.539719" lon="127.07936"/><trkpt lat="36.539672" lon="127.079332"/><trkpt lat="36.539336" lon="127.079159"/><trkpt lat="36.539262" lon="127.079119"/><trkpt lat="36.539228" lon="127.079094"/><trkpt lat="36.539198" lon="127.079065"/><trkpt lat="36.539162" lon="127.079021"/><trkpt lat="36.539136" lon="127.078986"/><trkpt lat="36.539114" lon="127.078947"/><trkpt lat="36.539096" lon="127.078903"/><trkpt lat="36.539052" lon="127.078784"/><trkpt lat="36.539033" lon="127.078742"/><trkpt lat="36.539008" lon="127.078707"/><trkpt lat="36.538978" lon="127.078678"/><trkpt lat="36.538946" lon="127.078653"/><trkpt lat="36.538911" lon="127.078632"/><trkpt lat="36.538874" lon="127.07862"/><trkpt lat="36.53877" lon="127.0786"/><trkpt lat="36.538732" lon="127.07859"/><trkpt lat="36.538697" lon="127.078574"/><trkpt lat="36.538643" lon="127.078543"/><trkpt lat="36.538606" lon="127.078536"/><trkpt lat="36.538567" lon="127.078538"/><trkpt lat="36.53814" lon="127.078588"/><trkpt lat="36.538087" lon="127.078591"/><trkpt lat="36.538048" lon="127.078586"/><trkpt lat="36.53801" lon="127.078573"/><trkpt lat="36.537934" lon="127.078537"/><trkpt lat="36.537796" lon="127.078469"/><trkpt lat="36.537749" lon="127.078439"/><trkpt lat="36.537579" lon="127.078316"/><trkpt lat="36.537535" lon="127.078281"/><trkpt lat="36.537507" lon="127.078251"/><trkpt lat="36.537472" lon="127.078209"/><trkpt lat="36.537448" lon="127.078174"/><trkpt lat="36.537431" lon="127.078136"/><trkpt lat="36.537406" lon="127.078071"/><trkpt lat="36.537384" lon="127.078038"/><trkpt lat="36.537353" lon="127.078011"/><trkpt lat="36.537282" lon="127.077968"/><trkpt lat="36.537076" lon="127.07785"/><trkpt lat="36.537041" lon="127.077827"/><trkpt lat="36.53701" lon="127.077799"/><trkpt lat="36.536967" lon="127.077744"/><trkpt lat="36.536939" lon="127.077712"/><trkpt lat="36.536896" lon="127.077675"/><trkpt lat="36.536604" lon="127.077456"/><trkpt lat="36.536549" lon="127.077411"/><trkpt lat="36.536424" lon="127.077292"/><trkpt lat="36.536364" lon="127.077231"/><trkpt lat="36.536337" lon="127.077197"/><trkpt lat="36.536319" lon="127.077157"/><trkpt lat="36.536308" lon="127.077112"/><trkpt lat="36.536291" lon="127.077035"/><trkpt lat="36.536275" lon="127.076993"/><trkpt lat="36.53625" lon="127.076957"/><trkpt lat="36.53621" lon="127.076915"/><trkpt lat="36.536126" lon="127.076832"/><trkpt lat="36.536102" lon="127.076798"/><trkpt lat="36.536091" lon="127.076758"/><trkpt lat="36.53609" lon="127.076714"/><trkpt lat="36.536092" lon="127.076637"/><trkpt lat="36.536085" lon="127.076592"/><trkpt lat="36.536072" lon="127.076548"/><trkpt lat="36.536036" lon="127.076446"/><trkpt lat="36.536017" lon="127.076404"/><trkpt lat="36.535996" lon="127.076364"/><trkpt lat="36.535945" lon="127.076288"/><trkpt lat="36.535874" lon="127.07619"/><trkpt lat="36.535845" lon="127.076157"/><trkpt lat="36.535814" lon="127.076128"/><trkpt lat="36.535712" lon="127.076052"/><trkpt lat="36.535667" lon="127.076023"/><trkpt lat="36.535633" lon="127.076013"/><trkpt lat="36.5356" lon="127.076022"/><trkpt lat="36.53557" lon="127.076044"/><trkpt lat="36.535548" lon="127.076077"/><trkpt lat="36.535534" lon="127.07612"/><trkpt lat="36.53551" lon="127.076263"/><trkpt lat="36.535497" lon="127.076325"/><trkpt lat="36.535481" lon="127.076364"/><trkpt lat="36.535453" lon="127.076395"/><trkpt lat="36.535408" lon="127.076427"/><trkpt lat="36.535325" lon="127.076482"/><trkpt lat="36.535292" lon="127.076509"/><trkpt lat="36.535265" lon="127.076542"/><trkpt lat="36.535224" lon="127.076598"/><trkpt lat="36.535197" lon="127.076612"/><trkpt lat="36.535165" lon="127.076602"/><trkpt lat="36.535131" lon="127.076582"/><trkpt lat="36.534973" lon="127.076478"/><trkpt lat="36.534692" lon="127.076301"/><trkpt lat="36.534444" lon="127.076304"/><trkpt lat="36.534093" lon="127.076555"/><trkpt lat="36.533638" lon="127.076749"/><trkpt lat="36.53317" lon="127.076914"/><trkpt lat="36.532911" lon="127.077195"/><trkpt lat="36.53287" lon="127.077238"/><trkpt lat="36.532838" lon="127.077265"/><trkpt lat="36.532759" lon="127.077322"/><trkpt lat="36.532646" lon="127.0774"/></trkseg>
<trkseg><trkpt lat="36.534166" lon="127.074613"/><trkpt lat="36.53372" lon="127.074486"/><trkpt lat="36.533667" lon="127.074475"/><trkpt lat="36.533628" lon="127.074475"/><trkpt lat="36.533589" lon="127.074484"/><trkpt lat="36.533473" lon="127.074526"/><trkpt lat="36.533422" lon="127.074548"/><trkpt lat="36.533387" lon="127.074569"/><trkpt lat="36.533265" lon="127.074667"/><trkpt lat="36.53322" lon="127.0747"/><trkpt lat="36.533185" lon="127.074715"/><trkpt lat="36.533154" lon="127.074714"/><trkpt lat="36.533126" lon="127.0747"/><trkpt lat="36.5331" lon="127.074667"/><trkpt lat="36.533072" lon="127.074611"/><trkpt lat="36.533006" lon="127.074464"/><trkpt lat="36.532989" lon="127.074419"/><trkpt lat="36.532978" lon="127.074374"/><trkpt lat="36.53298" lon="127.074327"/><trkpt lat="36.532992" lon="127.074264"/><trkpt lat="36.5331" lon="127.073785"/><trkpt lat="36.533151" lon="127.073561"/><trkpt lat="36.533157" lon="127.073515"/><trkpt lat="36.533151" lon="127.073473"/><trkpt lat="36.533133" lon="127.073437"/><trkpt lat="36.533108" lon="127.073406"/><trkpt lat="36.533077" lon="127.07338"/><trkpt lat="36.53304" lon="127.073361"/><trkpt lat="36.532874" lon="127.073295"/><trkpt lat="36.532594" lon="127.073183"/><trkpt lat="36.532558" lon="127.073165"/><trkpt lat="36.532525" lon="127.07314"/><trkpt lat="36.532495" lon="127.07311"/><trkpt lat="36.532467" lon="127.073078"/><trkpt lat="36.532442" lon="127.073043"/><trkpt lat="36.532422" lon="127.073002"/><trkpt lat="36.532403" lon="127.07294"/><trkpt lat="36.532299" lon="127.07261"/><trkpt lat="36.532204" lon="127.072025"/><trkpt lat="36.532036" lon="127.071748"/><trkpt lat="36.531871" lon="127.071493"/><trkpt lat="36.531754" lon="127.071416"/><trkpt lat="36.531354" lon="127.071274"/><trkpt lat="36.530941" lon="127.071132"/><trkpt lat="36.530748" lon="127.07109"/><trkpt lat="36.530608" lon="127.070904"/><trkpt lat="36.530338" lon="127.070576"/><trkpt lat="36.530112" lon="127.070401"/><trkpt lat="36.529883" lon="127.070277"/><trkpt lat="36.529681" lon="127.070112"/><trkpt lat="36.529646" lon="127.070089"/><trkpt lat="36.52961" lon="127.070071"/><trkpt lat="36.529572" lon="127.070062"/><trkpt lat="36.529441" lon="127.070045"/><trkpt lat="36.52939" lon="127.070036"/><trkpt lat="36.529352" lon="127.070025"/><trkpt lat="36.529317" lon="127.070005"/><trkpt lat="36.529271" lon="127.069972"/><trkpt lat="36.529104" lon="127.06984"/><trkpt lat="36.529058" lon="127.069808"/><trkpt lat="36.529022" lon="127.069792"/><trkpt lat="36.528983" lon="127.069785"/><trkpt lat="36.528917" lon="127.069779"/><trkpt lat="36.528864" lon="127.069778"/><trkpt lat="36.528825" lon="127.069781"/><trkpt lat="36.528789" lon="127.069794"/><trkpt lat="36.52873" lon="127.069823"/><trkpt lat="36.528692" lon="127.069834"/><trkpt lat="36.528614" lon="127.069845"/><trkpt lat="36.528535" lon="127.06985"/><trkpt lat="36.528497" lon="127.069847"/><trkpt lat="36.528459" lon="127.069834"/><trkpt lat="36.528409" lon="127.069809"/><trkpt lat="36.528261" lon="127.069727"/><trkpt lat="36.528214" lon="127.069696"/><trkpt lat="36.528183" lon="127.069668"/><trkpt lat="36.528136" lon="127.069617"/><trkpt lat="36.528106" lon="127.069593"/><trkpt lat="36.528072" lon="127.069582"/><trkpt lat="36.528035" lon="127.069583"/><trkpt lat="36.527905" lon="127.069604"/><trkpt lat="36.527866" lon="127.069607"/><trkpt lat="36.527828" lon="127.069603"/><trkpt lat="36.527791" lon="127.069588"/><trkpt lat="36.527718" lon="127.06955"/><trkpt lat="36.52751" lon="127.069435"/><trkpt lat="36.527473" lon="127.06942"/><trkpt lat="36.527436" lon="127.069415"/><trkpt lat="36.527398" lon="127.069424"/><trkpt lat="36.527298" lon="127.069464"/><trkpt lat="36.527247" lon="127.069481"/><trkpt lat="36.527209" lon="127.069484"/><trkpt lat="36.527171" lon="127.069476"/><trkpt lat="36.527095" lon="127.06945"/><trkpt lat="36.526816" lon="127.069348"/><trkpt lat="36.526778" lon="127.069338"/><trkpt lat="36.526739" lon="127.069335"/><trkpt lat="36.526701" lon="127.06934"/><trkpt lat="36.526429" lon="127.069418"/><trkpt lat="36.526364" lon="127.069435"/><trkpt lat="36.526326" lon="127.069439"/><trkpt lat="36.526288" lon="127.069433"/><trkpt lat="36.526251" lon="127.069417"/><trkpt lat="36.526044" lon="127.069301"/><trkpt lat="36.525982" lon="127.069268"/><trkpt lat="36.525945" lon="127.069252"/><trkpt lat="36.52591" lon="127.069246"/><trkpt lat="36.525878" lon="127.069255"/><trkpt lat="36.525846" lon="127.069292"/><trkpt lat="36.525822" lon="127.069318"/><trkpt lat="36.525793" lon="127.069325"/><trkpt lat="36.52576" lon="127.069318"/><trkpt lat="36.525727" lon="127.0693"/><trkpt lat="36.525696" lon="127.069273"/><trkpt lat="36.525667" lon="127.069241"/><trkpt lat="36.525643" lon="127.069206"/><trkpt lat="36.525628" lon="127.069165"/><trkpt lat="36.525626" lon="127.069121"/><trkpt lat="36.525638" lon="127.069081"/><trkpt lat="36.525662" lon="127.069045"/><trkpt lat="36.525815" lon="127.068862"/><trkpt lat="36.525862" lon="127.068804"/><trkpt lat="36.525887" lon="127.068768"/><trkpt lat="36.525906" lon="127.068728"/><trkpt lat="36.525917" lon="127.068682"/><trkpt lat="36.525933" lon="127.068588"/><trkpt lat="36.525944" lon="127.068544"/><trkpt lat="36.525961" lon="127.068507"/><trkpt lat="36.525984" lon="127.068471"/><trkpt lat="36.525986" lon="127.068439"/><trkpt lat="36.525969" lon="127.068408"/><trkpt lat="36.525921" lon="127.068375"/><trkpt lat="36.525891" lon="127.06835"/><trkpt lat="36.525866" lon="127.068314"/><trkpt lat="36.525836" lon="127.068259"/><trkpt lat="36.525731" lon="127.068046"/><trkpt lat="36.525714" lon="127.068003"/><trkpt lat="36.525706" lon="127.067958"/><trkpt lat="36.525708" lon="127.067911"/><trkpt lat="36.525718" lon="127.067832"/><trkpt lat="36.525721" lon="127.067785"/><trkpt lat="36.525716" lon="127.067738"/><trkpt lat="36.525699" lon="127.067644"/><trkpt lat="36.525666" lon="127.067487"/><trkpt lat="36.525661" lon="127.067441"/><trkpt lat="36.525663" lon="127.067394"/><trkpt lat="36.525672" lon="127.067349"/><trkpt lat="36.5257" lon="127.067242"/><trkpt lat="36.525715" lon="127.067198"/><trkpt lat="36.525734" lon="127.067158"/><trkpt lat="36.525758" lon="127.067123"/><trkpt lat="36.525786" lon="127.067091"/><trkpt lat="36.525815" lon="127.067062"/><trkpt lat="36.525848" lon="127.067039"/><trkpt lat="36.525885" lon="127.067024"/><trkpt lat="36.526068" lon="127.066976"/><trkpt lat="36.52612" lon="127.06696"/><trkpt lat="36.526156" lon="127.066944"/><trkpt lat="36.526187" lon="127.066917"/><trkpt lat="36.526214" lon="127.066882"/><trkpt lat="36.526323" lon="127.066714"/><trkpt lat="36.526449" lon="127.066522"/><trkpt lat="36.526477" lon="127.066488"/><trkpt lat="36.526509" lon="127.06646"/><trkpt lat="36.526567" lon="127.06642"/><trkpt lat="36.526757" lon="127.066298"/><trkpt lat="36.526794" lon="127.06628"/><trkpt lat="36.526833" lon="127.066269"/><trkpt lat="36.526965" lon="127.066248"/><trkpt lat="36.527017" lon="127.066239"/><trkpt lat="36.527055" lon="127.066226"/><trkpt lat="36.52709" lon="127.066206"/><trkpt lat="36.527133" lon="127.066172"/><trkpt lat="36.527185" lon="127.066126"/><trkpt lat="36.527215" lon="127.066094"/><trkpt lat="36.52726" lon="127.066033"/><trkpt lat="36.527581" lon="127.065567"/><trkpt lat="36.527617" lon="127.065519"/><trkpt lat="36.527647" lon="127.065488"/><trkpt lat="36.527681" lon="127.065467"/><trkpt lat="36.52773" lon="127.065445"/><trkpt lat="36.527882" lon="127.065386"/><trkpt lat="36.527931" lon="127.065364"/><trkpt lat="36.527967" lon="127.065342"/><trkpt lat="36.528034" lon="127.065289"/><trkpt lat="36.528167" lon="127.065179"/><trkpt lat="36.528197" lon="127.065148"/><trkpt lat="36.52822" lon="127.065111"/><trkpt lat="36.528237" lon="127.065067"/><trkpt lat="36.528285" lon="127.064915"/><trkpt lat="36.528317" lon="127.064825"/><trkpt lat="36.528337" lon="127.064784"/><trkpt lat="36.528363" lon="127.064746"/><trkpt lat="36.528392" lon="127.064711"/><trkpt lat="36.528423" lon="127.064679"/><trkpt lat="36.528456" lon="127.064654"/><trkpt lat="36.528493" lon="127.064637"/><trkpt lat="36.528728" lon="127.064565"/><trkpt lat="36.52878" lon="127.064551"/><trkpt lat="36.528833" lon="127.064543"/><trkpt lat="36.528994" lon="127.064533"/><trkpt lat="36.529169" lon="127.064523"/><trkpt lat="36.529209" lon="127.064524"/><trkpt lat="36.529248" lon="127.064534"/><trkpt lat="36.529298" lon="127.064555"/><trkpt lat="36.52955" lon="127.064677"/><trkpt lat="36.529601" lon="127.064697"/><trkpt lat="36.52964" lon="127.064704"/><trkpt lat="36.529679" lon="127.0647"/><trkpt lat="36.529772" lon="127.064682"/><trkpt lat="36.529825" lon="127.064675"/><trkpt lat="36.529864" lon="127.064678"/><trkpt lat="36.529915" lon="127.064691"/><trkpt lat="36.530224" lon="127.064789"/><trkpt lat="36.530289" lon="127.064806"/><trkpt lat="36.530342" lon="127.064812"/><trkpt lat="36.530477" lon="127.064818"/></trkseg>
<trkseg><trkpt lat="36.523916" lon="127.07263"/><trkpt lat="36.52374" lon="127.072278"/><trkpt lat="36.523717" lon="127.072238"/><trkpt lat="36.523691" lon="127.072202"/><trkpt lat="36.52366" lon="127.072173"/><trkpt lat="36.52347" lon="127.07202"/><trkpt lat="36.523235" lon="127.071833"/><trkpt lat="36.5232" lon="127.07181"/><trkpt lat="36.52314" lon="127.071781"/><trkpt lat="36.52298" lon="127.071709"/><trkpt lat="36.522946" lon="127.07169"/><trkpt lat="36.522922" lon="127.071664"/><trkpt lat="36.522912" lon="127.071624"/><trkpt lat="36.522912" lon="127.071576"/><trkpt lat="36.522918" lon="127.071442"/><trkpt lat="36.522917" lon="127.071393"/><trkpt lat="36.52291" lon="127.071346"/><trkpt lat="36.522897" lon="127.0713"/><trkpt lat="36.522811" lon="127.071047"/><trkpt lat="36.522794" lon="127.070986"/><trkpt lat="36.522785" lon="127.07094"/><trkpt lat="36.522776" lon="127.070843"/><trkpt lat="36.52276" lon="127.070633"/><trkpt lat="36.522752" lon="127.070572"/><trkpt lat="36.52274" lon="127.070535"/><trkpt lat="36.522725" lon="127.070499"/><trkpt lat="36.522738" lon="127.070488"/><trkpt lat="36.522745" lon="127.070473"/><trkpt lat="36.522735" lon="127.070428"/><trkpt lat="36.522731" lon="127.070385"/><trkpt lat="36.522735" lon="127.070338"/><trkpt lat="36.522756" lon="127.070192"/><trkpt lat="36.522764" lon="127.070128"/><trkpt lat="36.522766" lon="127.07008"/><trkpt lat="36.52276" lon="127.070032"/><trkpt lat="36.522741" lon="127.069954"/><trkpt lat="36.52267" lon="127.069687"/><trkpt lat="36.522654" lon="127.069643"/><trkpt lat="36.522633" lon="127.069601"/><trkpt lat="36.522594" lon="127.069534"/><trkpt lat="36.52233" lon="127.069098"/><trkpt lat="36.522288" lon="127.069034"/><trkpt lat="36.52226" lon="127.069"/><trkpt lat="36.522216" lon="127.068961"/><trkpt lat="36.522126" lon="127.06889"/><trkpt lat="36.522079" lon="127.068857"/><trkpt lat="36.522043" lon="127.068837"/><trkpt lat="36.522006" lon="127.068823"/><trkpt lat="36.521866" lon="127.068783"/><trkpt lat="36.521816" lon="127.06877"/><trkpt lat="36.521779" lon="127.068768"/><trkpt lat="36.521744" lon="127.068778"/><trkpt lat="36.521711" lon="127.0688"/><trkpt lat="36.521613" lon="127.068878"/><trkpt lat="36.52158" lon="127.068899"/><trkpt lat="36.521546" lon="127.068907"/><trkpt lat="36.521509" lon="127.068899"/><trkpt lat="36.521385" lon="127.068845"/><trkpt lat="36.521324" lon="127.068821"/><trkpt lat="36.52129" lon="127.068813"/><trkpt lat="36.521254" lon="127.068807"/><trkpt lat="36.521231" lon="127.068786"/><trkpt lat="36.521208" lon="127.068768"/><trkpt lat="36.521155" lon="127.068746"/><trkpt lat="36.521127" lon="127.068725"/><trkpt lat="36.521097" lon="127.068689"/><trkpt lat="36.521067" lon="127.068671"/><trkpt lat="36.52099" lon="127.068656"/><trkpt lat="36.520954" lon="127.068645"/><trkpt lat="36.520925" lon="127.068621"/><trkpt lat="36.520902" lon="127.068586"/><trkpt lat="36.520853" lon="127.068494"/><trkpt lat="36.52083" lon="127.068458"/><trkpt lat="36.520803" lon="127.06843"/><trkpt lat="36.520769" lon="127.068413"/><trkpt lat="36.520734" lon="127.068402"/><trkpt lat="36.520698" lon="127.068394"/><trkpt lat="36.520664" lon="127.068392"/><trkpt lat="36.520632" lon="127.068397"/><trkpt lat="36.520608" lon="127.068381"/><trkpt lat="36.520581" lon="127.068363"/><trkpt lat="36.520527" lon="127.068335"/><trkpt lat="36.520498" lon="127.068311"/><trkpt lat="36.520481" lon="127.068274"/><trkpt lat="36.52047" lon="127.068231"/><trkpt lat="36.520448" lon="127.068125"/><trkpt lat="36.520433" lon="127.068081"/><trkpt lat="36.520413" lon="127.068041"/><trkpt lat="36.520389" lon="127.068006"/><trkpt lat="36.52036" lon="127.067979"/><trkpt lat="36.520326" lon="127.067966"/><trkpt lat="36.520263" lon="127.067955"/><trkpt lat="36.520228" lon="127.067943"/><trkpt lat="36.520191" lon="127.067913"/><trkpt lat="36.520158" lon="127.067889"/><trkpt lat="36.520074" lon="127.067844"/><trkpt lat="36.519769" lon="127.067692"/><trkpt lat="36.51973" lon="127.067679"/><trkpt lat="36.519599" lon="127.067649"/><trkpt lat="36.519336" lon="127.067593"/><trkpt lat="36.519298" lon="127.06758"/><trkpt lat="36.519262" lon="127.06756"/><trkpt lat="36.519229" lon="127.067534"/><trkpt lat="36.519066" lon="127.06739"/><trkpt lat="36.519022" lon="127.067353"/><trkpt lat="36.518988" lon="127.067331"/><trkpt lat="36.518951" lon="127.067319"/><trkpt lat="36.518911" lon="127.067316"/><trkpt lat="36.518817" lon="127.067317"/><trkpt lat="36.518777" lon="127.067313"/><trkpt lat="36.518738" lon="127.067303"/><trkpt lat="36.518623" lon="127.06726"/><trkpt lat="36.518572" lon="127.067241"/><trkpt lat="36.518533" lon="127.067232"/><trkpt lat="36.518495" lon="127.06723"/><trkpt lat="36.51838" lon="127.067238"/><trkpt lat="36.518329" lon="127.06724"/><trkpt lat="36.518292" lon="127.067233"/><trkpt lat="36.518256" lon="127.067218"/><trkpt lat="36.518222" lon="127.067196"/><trkpt lat="36.518192" lon="127.067165"/><trkpt lat="36.518166" lon="127.067128"/><trkpt lat="36.517916" lon="127.066738"/><trkpt lat="36.517884" lon="127.066685"/><trkpt lat="36.517863" lon="127.066643"/><trkpt lat="36.517828" lon="127.066553"/><trkpt lat="36.517757" lon="127.066354"/><trkpt lat="36.517738" lon="127.06631"/><trkpt lat="36.517709" lon="127.066256"/><trkpt lat="36.517629" lon="127.066126"/><trkpt lat="36.517607" lon="127.066086"/><trkpt lat="36.517588" lon="127.066044"/><trkpt lat="36.517568" lon="127.065984"/><trkpt lat="36.517515" lon="127.065817"/><trkpt lat="36.517504" lon="127.065773"/><trkpt lat="36.517504" lon="127.065733"/><trkpt lat="36.517523" lon="127.0657"/><trkpt lat="36.517569" lon="127.065649"/><trkpt lat="36.517593" lon="127.065613"/><trkpt lat="36.51761" lon="127.065572"/><trkpt lat="36.517622" lon="127.065529"/><trkpt lat="36.517628" lon="127.065485"/><trkpt lat="36.517622" lon="127.065442"/><trkpt lat="36.517605" lon="127.0654"/><trkpt lat="36.517577" lon="127.065345"/><trkpt lat="36.51741" lon="127.06503"/><trkpt lat="36.517383" lon="127.064975"/><trkpt lat="36.517366" lon="127.064931"/><trkpt lat="36.517354" lon="127.064884"/><trkpt lat="36.517337" lon="127.064803"/><trkpt lat="36.517316" lon="127.064673"/><trkpt lat="36.517299" lon="127.064542"/><trkpt lat="36.517297" lon="127.064493"/><trkpt lat="36.517301" lon="127.064444"/><trkpt lat="36.517325" lon="127.064298"/><trkpt lat="36.517334" lon="127.064233"/><trkpt lat="36.517336" lon="127.064184"/><trkpt lat="36.517333" lon="127.064102"/><trkpt lat="36.517316" lon="127.063854"/><trkpt lat="36.517309" lon="127.063805"/><trkpt lat="36.517295" lon="127.063743"/><trkpt lat="36.517253" lon="127.063591"/><trkpt lat="36.517229" lon="127.063518"/><trkpt lat="36.51721" lon="127.063478"/><trkpt lat="36.517183" lon="127.063445"/><trkpt lat="36.517118" lon="127.063389"/><trkpt lat="36.516779" lon="127.063137"/><trkpt lat="36.516627" lon="127.063065"/><trkpt lat="36.516496" lon="127.063101"/><trkpt lat="36.516378" lon="127.063173"/><trkpt lat="36.516163" lon="127.063191"/><trkpt lat="36.51594" lon="127.063253"/><trkpt lat="36.515836" lon="127.063199"/><trkpt lat="36.515629" lon="127.062729"/><trkpt lat="36.515356" lon="127.062237"/><trkpt lat="36.515154" lon="127.061976"/></trkseg>
<trkseg><trkpt lat="36.515154" lon="127.061976"/><trkpt lat="36.514279" lon="127.061833"/><trkpt lat="36.51424" lon="127.061821"/><trkpt lat="36.514203" lon="127.061803"/><trkpt lat="36.513977" lon="127.06166"/><trkpt lat="36.513751" lon="127.061515"/><trkpt lat="36.513717" lon="127.061489"/><trkpt lat="36.513685" lon="127.061459"/><trkpt lat="36.513485" lon="127.06124"/><trkpt lat="36.512944" lon="127.060646"/><trkpt lat="36.512893" lon="127.060593"/><trkpt lat="36.512861" lon="127.060567"/><trkpt lat="36.512824" lon="127.060549"/><trkpt lat="36.512772" lon="127.060533"/><trkpt lat="36.512732" lon="127.060525"/><trkpt lat="36.512694" lon="127.060524"/><trkpt lat="36.512658" lon="127.060535"/><trkpt lat="36.512564" lon="127.060584"/><trkpt lat="36.512529" lon="127.0606"/><trkpt lat="36.512494" lon="127.060607"/><trkpt lat="36.512459" lon="127.060597"/><trkpt lat="36.512423" lon="127.060576"/><trkpt lat="36.512187" lon="127.060415"/><trkpt lat="36.512127" lon="127.060377"/><trkpt lat="36.512091" lon="127.06036"/><trkpt lat="36.512055" lon="127.060351"/><trkpt lat="36.51202" lon="127.060346"/><trkpt lat="36.511985" lon="127.060349"/><trkpt lat="36.51195" lon="127.060365"/><trkpt lat="36.511916" lon="127.060388"/><trkpt lat="36.511872" lon="127.060423"/><trkpt lat="36.511842" lon="127.060453"/><trkpt lat="36.511817" lon="127.060488"/><trkpt lat="36.511799" lon="127.06053"/><trkpt lat="36.51178" lon="127.060591"/><trkpt lat="36.51173" lon="127.060761"/><trkpt lat="36.511709" lon="127.060821"/><trkpt lat="36.511688" lon="127.060864"/><trkpt lat="36.511551" lon="127.061108"/><trkpt lat="36.511329" lon="127.061503"/><trkpt lat="36.51129" lon="127.06157"/><trkpt lat="36.511264" lon="127.061604"/><trkpt lat="36.511232" lon="127.061627"/><trkpt lat="36.511194" lon="127.06164"/><trkpt lat="36.511036" lon="127.061677"/><trkpt lat="36.510217" lon="127.061865"/><trkpt lat="36.510152" lon="127.061884"/><trkpt lat="36.509885" lon="127.061994"/><trkpt lat="36.509796" lon="127.062033"/><trkpt lat="36.509724" lon="127.062074"/><trkpt lat="36.509503" lon="127.062215"/><trkpt lat="36.509455" lon="127.062241"/><trkpt lat="36.509418" lon="127.062252"/><trkpt lat="36.509366" lon="127.06226"/><trkpt lat="36.509156" lon="127.062279"/><trkpt lat="36.509104" lon="127.06228"/><trkpt lat="36.509066" lon="127.062275"/><trkpt lat="36.509028" lon="127.062261"/><trkpt lat="36.508927" lon="127.062215"/><trkpt lat="36.508865" lon="127.062183"/><trkpt lat="36.508831" lon="127.062159"/><trkpt lat="36.5088" lon="127.062128"/><trkpt lat="36.508754" lon="127.062067"/><trkpt lat="36.508108" lon="127.061188"/><trkpt lat="36.507917" lon="127.060928"/><trkpt lat="36.507887" lon="127.060894"/><trkpt lat="36.507854" lon="127.060866"/><trkpt lat="36.507436" lon="127.060562"/><trkpt lat="36.507368" lon="127.060508"/><trkpt lat="36.507316" lon="127.060456"/><trkpt lat="36.506871" lon="127.059969"/><trkpt lat="36.506821" lon="127.059912"/><trkpt lat="36.506795" lon="127.059876"/><trkpt lat="36.506749" lon="127.059796"/><trkpt lat="36.506646" lon="127.059606"/><trkpt lat="36.506627" lon="127.059564"/><trkpt lat="36.506615" lon="127.059519"/><trkpt lat="36.506608" lon="127.059473"/><trkpt lat="36.506602" lon="127.059396"/><trkpt lat="36.506603" lon="127.05935"/><trkpt lat="36.506614" lon="127.059306"/><trkpt lat="36.506633" lon="127.059264"/><trkpt lat="36.506715" lon="127.059113"/><trkpt lat="36.506879" lon="127.058812"/><trkpt lat="36.506897" lon="127.058769"/><trkpt lat="36.506907" lon="127.058723"/><trkpt lat="36.506912" lon="127.058658"/><trkpt lat="36.506921" lon="127.058294"/><trkpt lat="36.506932" lon="127.057896"/><trkpt lat="36.506931" lon="127.057847"/><trkpt lat="36.506924" lon="127.0578"/><trkpt lat="36.50691" lon="127.057754"/><trkpt lat="36.506827" lon="127.057545"/><trkpt lat="36.506737" lon="127.057323"/><trkpt lat="36.506718" lon="127.057284"/><trkpt lat="36.506696" lon="127.057255"/><trkpt lat="36.506672" lon="127.057226"/><trkpt lat="36.506655" lon="127.057177"/><trkpt lat="36.50664" lon="127.057136"/><trkpt lat="36.506621" lon="127.057094"/><trkpt lat="36.506464" lon="127.056792"/><trkpt lat="36.506423" lon="127.056709"/><trkpt lat="36.506405" lon="127.056665"/><trkpt lat="36.506387" lon="127.056603"/><trkpt lat="36.506313" lon="127.05632"/><trkpt lat="36.506303" lon="127.056272"/><trkpt lat="36.506297" lon="127.056224"/><trkpt lat="36.506283" lon="127.055796"/><trkpt lat="36.506271" lon="127.055367"/><trkpt lat="36.506273" lon="127.055318"/><trkpt lat="36.506283" lon="127.055236"/><trkpt lat="36.506361" lon="127.05473"/><trkpt lat="36.506366" lon="127.054681"/><trkpt lat="36.506365" lon="127.054633"/><trkpt lat="36.506357" lon="127.054585"/><trkpt lat="36.506338" lon="127.054505"/><trkpt lat="36.506294" lon="127.05433"/><trkpt lat="36.506278" lon="127.054284"/><trkpt lat="36.506259" lon="127.05424"/><trkpt lat="36.506123" lon="127.053993"/><trkpt lat="36.505995" lon="127.053759"/><trkpt lat="36.50597" lon="127.05372"/><trkpt lat="36.505941" lon="127.053686"/><trkpt lat="36.505887" lon="127.053637"/><trkpt lat="36.505754" lon="127.053524"/><trkpt lat="36.505719" lon="127.053499"/><trkpt lat="36.505684" lon="127.05348"/><trkpt lat="36.505598" lon="127.053446"/><trkpt lat="36.505562" lon="127.053429"/><trkpt lat="36.505528" lon="127.053407"/><trkpt lat="36.505497" lon="127.05338"/><trkpt lat="36.50547" lon="127.05335"/><trkpt lat="36.505437" lon="127.053289"/><trkpt lat="36.505416" lon="127.053259"/><trkpt lat="36.505382" lon="127.053232"/><trkpt lat="36.505359" lon="127.053202"/><trkpt lat="36.505339" lon="127.053161"/><trkpt lat="36.505305" lon="127.053072"/><trkpt lat="36.505268" lon="127.052965"/><trkpt lat="36.505256" lon="127.052918"/><trkpt lat="36.505241" lon="127.052837"/><trkpt lat="36.505169" lon="127.052362"/><trkpt lat="36.505159" lon="127.052314"/><trkpt lat="36.505146" lon="127.052267"/><trkpt lat="36.504967" lon="127.051752"/><trkpt lat="36.504939" lon="127.051678"/><trkpt lat="36.50492" lon="127.051636"/><trkpt lat="36.504895" lon="127.051598"/><trkpt lat="36.504838" lon="127.051529"/><trkpt lat="36.50451" lon="127.051142"/><trkpt lat="36.50447" lon="127.051098"/><trkpt lat="36.504439" lon="127.051068"/><trkpt lat="36.504393" lon="127.051035"/><trkpt lat="36.50417" lon="127.050891"/><trkpt lat="36.504125" lon="127.050858"/><trkpt lat="36.504092" lon="127.05083"/><trkpt lat="36.504061" lon="127.050798"/><trkpt lat="36.503944" lon="127.050661"/><trkpt lat="36.503904" lon="127.050617"/><trkpt lat="36.503861" lon="127.050577"/><trkpt lat="36.503563" lon="127.050326"/><trkpt lat="36.503506" lon="127.050284"/><trkpt lat="36.503314" lon="127.05016"/><trkpt lat="36.503058" lon="127.049995"/><trkpt lat="36.502812" lon="127.050073"/><trkpt lat="36.502463" lon="127.050109"/><trkpt lat="36.502227" lon="127.050131"/><trkpt lat="36.502174" lon="127.050135"/><trkpt lat="36.502095" lon="127.050132"/><trkpt lat="36.501766" lon="127.050107"/><trkpt lat="36.501714" lon="127.050099"/><trkpt lat="36.501649" lon="127.050081"/><trkpt lat="36.501546" lon="127.050044"/><trkpt lat="36.501509" lon="127.050026"/><trkpt lat="36.501475" lon="127.050001"/><trkpt lat="36.501255" lon="127.049808"/><trkpt lat="36.501015" lon="127.049594"/><trkpt lat="36.500984" lon="127.049562"/><trkpt lat="36.500956" lon="127.049526"/><trkpt lat="36.500716" lon="127.049169"/><trkpt lat="36.500587" lon="127.048977"/><trkpt lat="36.500559" lon="127.048942"/><trkpt lat="36.500528" lon="127.048912"/><trkpt lat="36.500458" lon="127.048863"/><trkpt lat="36.500221" lon="127.048708"/><trkpt lat="36.500166" lon="127.048664"/><trkpt lat="36.499973" lon="127.048492"/><trkpt lat="36.49992" lon="127.048442"/><trkpt lat="36.499893" lon="127.04841"/><trkpt lat="36.499874" lon="127.04837"/><trkpt lat="36.499861" lon="127.048324"/><trkpt lat="36.499839" lon="127.048211"/><trkpt lat="36.499822" lon="127.048114"/><trkpt lat="36.499817" lon="127.048066"/><trkpt lat="36.499819" lon="127.048017"/><trkpt lat="36.499853" lon="127.047737"/><trkpt lat="36.499932" lon="127.047096"/><trkpt lat="36.499938" lon="127.04703"/><trkpt lat="36.499938" lon="127.046981"/><trkpt lat="36.49993" lon="127.046883"/><trkpt lat="36.499907" lon="127.046655"/><trkpt lat="36.499898" lon="127.046608"/><trkpt lat="36.499884" lon="127.046563"/><trkpt lat="36.499863" lon="127.04652"/><trkpt lat="36.499705" lon="127.046229"/><trkpt lat="36.499405" lon="127.045673"/><trkpt lat="36.499373" lon="127.04562"/><trkpt lat="36.499346" lon="127.045584"/><trkpt lat="36.49899" lon="127.045165"/><trkpt lat="36.498953" lon="127.045118"/><trkpt lat="36.49892" lon="127.045068"/><trkpt lat="36.498817" lon="127.044898"/><trkpt lat="36.498792" lon="127.044861"/><trkpt lat="36.498764" lon="127.044828"/><trkpt lat="36.498722" lon="127.04479"/><trkpt lat="36.498528" lon="127.044642"/><trkpt lat="36.498485" lon="127.044606"/><trkpt lat="36.498458" lon="127.044575"/><trkpt lat="36.498445" lon="127.044539"/><trkpt lat="36.498444" lon="127.044498"/><trkpt lat="36.498452" lon="127.044456"/><trkpt lat="36.498469" lon="127.044412"/><trkpt lat="36.498555" lon="127.044241"/><trkpt lat="36.498575" lon="127.044198"/><trkpt lat="36.498591" lon="127.044153"/><trkpt lat="36.498663" lon="127.043858"/><trkpt lat="36.498687" lon="127.043765"/><trkpt lat="36.498701" lon="127.04372"/><trkpt lat="36.498719" lon="127.043678"/><trkpt lat="36.498781" lon="127.043556"/><trkpt lat="36.498807" lon="127.0435"/><trkpt lat="36.498822" lon="127.043455"/><trkpt lat="36.498838" lon="127.043392"/><trkpt lat="36.498858" lon="127.043295"/><trkpt lat="36.498864" lon="127.043246"/><trkpt lat="36.498883" lon="127.042902"/><trkpt lat="36.498902" lon="127.042557"/><trkpt lat="36.498902" lon="127.042508"/><trkpt lat="36.498897" lon="127.04246"/><trkpt lat="36.498886" lon="127.042395"/><trkpt lat="36.498713" lon="127.041555"/></trkseg>
<trkseg><trkpt lat="36.551701" lon="127.069486"/><trkpt lat="36.551562" lon="127.069773"/><trkpt lat="36.551533" lon="127.069828"/><trkpt lat="36.551507" lon="127.069866"/><trkpt lat="36.551477" lon="127.069898"/><trkpt lat="36.551361" lon="127.070009"/><trkpt lat="36.551299" lon="127.070071"/><trkpt lat="36.55127" lon="127.070105"/><trkpt lat="36.551107" lon="127.070343"/><trkpt lat="36.551075" lon="127.070395"/><trkpt lat="36.551055" lon="127.070436"/><trkpt lat="36.551041" lon="127.070481"/><trkpt lat="36.55102" lon="127.070594"/><trkpt lat="36.551008" lon="127.07064"/><trkpt lat="36.550989" lon="127.070683"/><trkpt lat="36.550936" lon="127.070778"/><trkpt lat="36.550826" lon="127.070965"/><trkpt lat="36.550806" lon="127.071006"/><trkpt lat="36.550795" lon="127.07105"/><trkpt lat="36.550794" lon="127.071096"/><trkpt lat="36.5508" lon="127.071175"/><trkpt lat="36.550816" lon="127.071335"/><trkpt lat="36.550818" lon="127.071383"/><trkpt lat="36.550813" lon="127.071429"/><trkpt lat="36.550803" lon="127.071474"/><trkpt lat="36.550789" lon="127.071517"/><trkpt lat="36.550772" lon="127.071556"/><trkpt lat="36.550746" lon="127.071588"/><trkpt lat="36.550713" lon="127.071614"/><trkpt lat="36.550568" lon="127.071702"/><trkpt lat="36.550207" lon="127.071925"/><trkpt lat="36.550146" lon="127.071959"/><trkpt lat="36.550109" lon="127.071975"/><trkpt lat="36.550056" lon="127.071985"/><trkpt lat="36.549814" lon="127.072017"/><trkpt lat="36.549762" lon="127.072027"/><trkpt lat="36.549723" lon="127.072041"/><trkpt lat="36.549687" lon="127.072061"/><trkpt lat="36.549568" lon="127.072139"/><trkpt lat="36.549531" lon="127.072158"/><trkpt lat="36.549493" lon="127.072168"/><trkpt lat="36.549441" lon="127.072169"/><trkpt lat="36.549202" lon="127.072158"/><trkpt lat="36.549149" lon="127.072157"/><trkpt lat="36.549111" lon="127.072163"/><trkpt lat="36.549079" lon="127.072181"/><trkpt lat="36.549051" lon="127.072209"/><trkpt lat="36.549027" lon="127.072242"/><trkpt lat="36.549008" lon="127.072279"/><trkpt lat="36.548999" lon="127.072325"/><trkpt lat="36.548997" lon="127.07239"/><trkpt lat="36.548996" lon="127.072556"/><trkpt lat="36.548993" lon="127.072605"/><trkpt lat="36.548985" lon="127.072651"/><trkpt lat="36.54897" lon="127.072692"/><trkpt lat="36.54895" lon="127.072729"/><trkpt lat="36.548922" lon="127.07276"/><trkpt lat="36.548888" lon="127.072784"/><trkpt lat="36.548829" lon="127.07282"/><trkpt lat="36.548794" lon="127.072836"/><trkpt lat="36.548788" lon="127.072839"/></trkseg>
</trk>
</gpx>
