<?xml version="1.0" encoding="UTF-8"?>
<gpx version="1.1" creator="letnaturechoose" xmlns="http://www.topografix.com/GPX/1/1">
<metadata><name>덕산_가야산 등산로</name></metadata>
<trk><name>덕산_가야산</name>
<trkseg><trkpt lat="36.696888" lon="126.600038"/><trkpt lat="36.697061" lon="126.59957"/><trkpt lat="36.69708" lon="126.599528"/><trkpt lat="36.697104" lon="126.599493"/><trkpt lat="36.697136" lon="126.599472"/><trkpt lat="36.697173" lon="126.599458"/><trkpt lat="36.69733" lon="126.599415"/><trkpt lat="36.697382" lon="126.599399"/><trkpt lat="36.697432" lon="126.599377"/><trkpt lat="36.697688" lon="126.599245"/><trkpt lat="36.697762" lon="126.599209"/><trkpt lat="36.6978" lon="126.599195"/><trkpt lat="36.697838" lon="126.599186"/><trkpt lat="36.698048" lon="126.599146"/><trkpt lat="36.6981" lon="126.59914"/><trkpt lat="36.69814" lon="126.599141"/><trkpt lat="36.698193" lon="126.599149"/><trkpt lat="36.698312" lon="126.59917"/><trkpt lat="36.698352" lon="126.599172"/><trkpt lat="36.698391" lon="126.599169"/><trkpt lat="36.69848" lon="126.599153"/><trkpt lat="36.698531" lon="126.599145"/><trkpt lat="36.698569" lon="126.599146"/><trkpt lat="36.698608" lon="126.599154"/><trkpt lat="36.698685" lon="126.599175"/><trkpt lat="36.698723" lon="126.599177"/><trkpt lat="36.69876" lon="126.599167"/><trkpt lat="36.69882" lon="126.59914"/><trkpt lat="36.698856" lon="126.599125"/><trkpt lat="36.698892" lon="126.599117"/><trkpt lat="36.698953" lon="126.599112"/><trkpt lat="36.69899" lon="126.599098"/><trkpt lat="36.699062" lon="126.599061"/><trkpt lat="36.69929" lon="126.598935"/><trkpt lat="36.699337" lon="126.598906"/><trkpt lat="36.699369" lon="126.598878"/><trkpt lat="36.69941" lon="126.598837"/><trkpt lat="36.699477" lon="126.598759"/><trkpt lat="36.699502" lon="126.598722"/><trkpt lat="36.699519" lon="126.598683"/><trkpt lat="36.699539" lon="126.598633"/><trkpt lat="36.699563" lon="126.598603"/><trkpt lat="36.699596" lon="126.598582"/><trkpt lat="36.699681" lon="126.598541"/><trkpt lat="36.69973" lon="126.598517"/><trkpt lat="36.699763" lon="126.598495"/><trkpt lat="36.69979" lon="126.598463"/><trkpt lat="36.699812" lon="126.598424"/><trkpt lat="36.699852" lon="126.59834"/><trkpt lat="36.699875" lon="126.598282"/><trkpt lat="36.699885" lon="126.598238"/><trkpt lat="36.699885" lon="126.59819"/><trkpt lat="36.699873" lon="126.598092"/><trkpt lat="36.699871" lon="126.598044"/><trkpt lat="36.699879" lon="126.597998"/><trkpt lat="36.699896" lon="126.597938"/><trkpt lat="36.699928" lon="126.597849"/><trkpt lat="36.699947" lon="126.597808"/><trkpt lat="36.699972" lon="126.597772"/><trkpt lat="36.700003" lon="126.597741"/><trkpt lat="36.700047" lon="126.597703"/><trkpt lat="36.700081" lon="126.597678"/><trkpt lat="36.700117" lon="126.59766"/><trkpt lat="36.700155" lon="126.597646"/><trkpt lat="36.700284" lon="126.597609"/><trkpt lat="36.700322" lon="126.597596"/><trkpt lat="36.700356" lon="126.597577"/><trkpt lat="36.700383" lon="126.597547"/><trkpt lat="36.700403" lon="126.597508"/><trkpt lat="36.700419" lon="126.597464"/><trkpt lat="36.700431" lon="126.597419"/><trkpt lat="36.700435" lon="126.597372"/><trkpt lat="36.700432" lon="126.597323"/><trkpt lat="36.700416" lon="126.597175"/><trkpt lat="36.700408" lon="126.597093"/><trkpt lat="36.700408" lon="126.597045"/><trkpt lat="36.700416" lon="126.596999"/><trkpt lat="36.700432" lon="126.596954"/><trkpt lat="36.700467" lon="126.596864"/><trkpt lat="36.700479" lon="126.596819"/><trkpt lat="36.700488" lon="126.596745"/><trkpt lat="36.700494" lon="126.596702"/><trkpt lat="36.700508" lon="126.596663"/><trkpt lat="36.700531" lon="126.59663"/><trkpt lat="36.700566" lon="126.596587"/><trkpt lat="36.700584" lon="126.59655"/><trkpt lat="36.700598" lon="126.596491"/><trkpt lat="36.700611" lon="126.596448"/><trkpt lat="36.700647" lon="126.596382"/><trkpt lat="36.700667" lon="126.596343"/><trkpt lat="36.700674" lon="126.596302"/><trkpt lat="36.700665" lon="126.596259"/><trkpt lat="36.700634" lon="126.596169"/><trkpt lat="36.700623" lon="126.596122"/><trkpt lat="36.700621" lon="126.596075"/><trkpt lat="36.700624" lon="126.595994"/><trkpt lat="36.700622" lon="126.595947"/><trkpt lat="36.70061" lon="126.595903"/><trkpt lat="36.700583" lon="126.595831"/><trkpt lat="36.700572" lon="126.595787"/><trkpt lat="36.70057" lon="126.595727"/><trkpt lat="36.700565" lon="126.595687"/><trkpt lat="36.700543" lon="126.595656"/><trkpt lat="36.700503" lon="126.595618"/><trkpt lat="36.700478" lon="126.595585"/><trkpt lat="36.700458" lon="126.595546"/><trkpt lat="36.700441" lon="126.595505"/><trkpt lat="36.70043" lon="126.595465"/><trkpt lat="36.700431" lon="126.595424"/><trkpt lat="36.700448" lon="126.595384"/><trkpt lat="36.700472" lon="126.595345"/><trkpt lat="36.700517" lon="126.595284"/><trkpt lat="36.700546" lon="126.595252"/><trkpt lat="36.700581" lon="126.595233"/><trkpt lat="36.700644" lon="126.595215"/><trkpt lat="36.700681" lon="126.595199"/><trkpt lat="36.700741" lon="126.595163"/><trkpt lat="36.701011" lon="126.594979"/><trkpt lat="36.701068" lon="126.594937"/><trkpt lat="36.701098" lon="126.594907"/><trkpt lat="36.701122" lon="126.59487"/><trkpt lat="36.701156" lon="126.5948"/><trkpt lat="36.701184" lon="126.594746"/><trkpt lat="36.701209" lon="126.59471"/><trkpt lat="36.701255" lon="126.594662"/><trkpt lat="36.701275" lon="126.59463"/><trkpt lat="36.70128" lon="126.594589"/><trkpt lat="36.701275" lon="126.594513"/><trkpt lat="36.701274" lon="126.594468"/><trkpt lat="36.701284" lon="126.59443"/><trkpt lat="36.701314" lon="126.594389"/><trkpt lat="36.701335" lon="126.594352"/><trkpt lat="36.701368" lon="126.594267"/><trkpt lat="36.701389" lon="126.594227"/><trkpt lat="36.701431" lon="126.594166"/><trkpt lat="36.701489" lon="126.594084"/><trkpt lat="36.701507" lon="126.594053"/><trkpt lat="36.701508" lon="126.594028"/><trkpt lat="36.701505" lon="126.593985"/><trkpt lat="36.7015" lon="126.593955"/><trkpt lat="36.70149" lon="126.593928"/><trkpt lat="36.701469" lon="126.593896"/><trkpt lat="36.701456" lon="126.593836"/><trkpt lat="36.70146" lon="126.593792"/><trkpt lat="36.701472" lon="126.593729"/><trkpt lat="36.701495" lon="126.593627"/><trkpt lat="36.701504" lon="126.593579"/><trkpt lat="36.701505" lon="126.593531"/><trkpt lat="36.701497" lon="126.593468"/><trkpt lat="36.701466" lon="126.593294"/></trkseg>
<trkseg><trkpt lat="36.728215" lon="126.586961"/><trkpt lat="36.728244" lon="126.586938"/><trkpt lat="36.728285" lon="126.586899"/><trkpt lat="36.728317" lon="126.586857"/><trkpt lat="36.728346" lon="126.586793"/><trkpt lat="36.728367" lon="126.586769"/><trkpt lat="36.728395" lon="126.586771"/><trkpt lat="36.728428" lon="126.586786"/><trkpt lat="36.728509" lon="126.586831"/><trkpt lat="36.728544" lon="126.586844"/><trkpt lat="36.72858" lon="126.586845"/><trkpt lat="36.728616" lon="126.586835"/><trkpt lat="36.728689" lon="126.586811"/><trkpt lat="36.728727" lon="126.586803"/><trkpt lat="36.728767" lon="126.586802"/><trkpt lat="36.72898" lon="126.586817"/><trkpt lat="36.729046" lon="126.586824"/><trkpt lat="36.729083" lon="126.586834"/><trkpt lat="36.729116" lon="126.586856"/><trkpt lat="36.729144" lon="126.586888"/><trkpt lat="36.729199" lon="126.586957"/><trkpt lat="36.729228" lon="126.586986"/><trkpt lat="36.729263" lon="126.587001"/><trkpt lat="36.729301" lon="126.587004"/><trkpt lat="36.7295" lon="126.586997"/><trkpt lat="36.729725" lon="126.586989"/><trkpt lat="36.729765" lon="126.586983"/><trkpt lat="36.729803" lon="126.586972"/><trkpt lat="36.729892" lon="126.586936"/><trkpt lat="36.730197" lon="126.586809"/><trkpt lat="36.730236" lon="126.586798"/><trkpt lat="36.730274" lon="126.586792"/><trkpt lat="36.730352" lon="126.58679"/><trkpt lat="36.73039" lon="126.586793"/><trkpt lat="36.730428" lon="126.586802"/><trkpt lat="36.730464" lon="126.586818"/><trkpt lat="36.730493" lon="126.586844"/><trkpt lat="36.730533" lon="126.586896"/><trkpt lat="36.730564" lon="126.58692"/><trkpt lat="36.730601" lon="126.586936"/><trkpt lat="36.730705" lon="126.586965"/><trkpt lat="36.730889" lon="126.587014"/><trkpt lat="36.730926" lon="126.587028"/><trkpt lat="36.730957" lon="126.58705"/><trkpt lat="36.730976" lon="126.587086"/><trkpt lat="36.730989" lon="126.587131"/><trkpt lat="36.731057" lon="126.587433"/><trkpt lat="36.731088" lon="126.587559"/><trkpt lat="36.731104" lon="126.587604"/><trkpt lat="36.731135" lon="126.587669"/><trkpt lat="36.731153" lon="126.587708"/><trkpt lat="36.731163" lon="126.587752"/><trkpt lat="36.731167" lon="126.587799"/><trkpt lat="36.731169" lon="126.587881"/><trkpt lat="36.731172" lon="126.588126"/><trkpt lat="36.731176" lon="126.588173"/><trkpt lat="36.731187" lon="126.588213"/><trkpt lat="36.731203" lon="126.588247"/><trkpt lat="36.731246" lon="126.588293"/><trkpt lat="36.731271" lon="126.588327"/><trkpt lat="36.73129" lon="126.588369"/><trkpt lat="36.731326" lon="126.588457"/><trkpt lat="36.731348" lon="126.588496"/><trkpt lat="36.731393" lon="126.588545"/><trkpt lat="36.731416" lon="126.588573"/><trkpt lat="36.731424" lon="126.58861"/><trkpt lat="36.731415" lon="126.588682"/><trkpt lat="36.731414" lon="126.588726"/><trkpt lat="36.731427" lon="126.588767"/><trkpt lat="36.731448" lon="126.588807"/><trkpt lat="36.731481" lon="126.588858"/><trkpt lat="36.731508" lon="126.588892"/><trkpt lat="36.73154" lon="126.58892"/><trkpt lat="36.731587" lon="126.588949"/><trkpt lat="36.731697" lon="126.58901"/><trkpt lat="36.73173" lon="126.589033"/><trkpt lat="36.731757" lon="126.589062"/><trkpt lat="36.731784" lon="126.589102"/><trkpt lat="36.731812" lon="126.589127"/><trkpt lat="36.731847" lon="126.589145"/><trkpt lat="36.731898" lon="126.589165"/><trkpt lat="36.732015" lon="126.589206"/><trkpt lat="36.732051" lon="126.589223"/><trkpt lat="36.732081" lon="126.589248"/><trkpt lat="36.732097" lon="126.589286"/><trkpt lat="36.732105" lon="126.589333"/><trkpt lat="36.732115" lon="126.589415"/><trkpt lat="36.732118" lon="126.589464"/><trkpt lat="36.732116" lon="126.589513"/><trkpt lat="36.732108" lon="126.589559"/><trkpt lat="36.732072" lon="126.589696"/><trkpt lat="36.73205" lon="126.589788"/><trkpt lat="36.732044" lon="126.589836"/><trkpt lat="36.732021" lon="126.590411"/><trkpt lat="36.732014" lon="126.590509"/><trkpt lat="36.732006" lon="126.590555"/><trkpt lat="36.731987" lon="126.590614"/><trkpt lat="36.731945" lon="126.590731"/><trkpt lat="36.731934" lon="126.590777"/><trkpt lat="36.731929" lon="126.590825"/><trkpt lat="36.731919" lon="126.591054"/><trkpt lat="36.731914" lon="126.591134"/><trkpt lat="36.731906" lon="126.59118"/><trkpt lat="36.731887" lon="126.591219"/><trkpt lat="36.73186" lon="126.591253"/><trkpt lat="36.731736" lon="126.591381"/><trkpt lat="36.731531" lon="126.591594"/><trkpt lat="36.731503" lon="126.591629"/><trkpt lat="36.731482" lon="126.591669"/><trkpt lat="36.731465" lon="126.591714"/><trkpt lat="36.731383" lon="126.591976"/><trkpt lat="36.731372" lon="126.592021"/><trkpt lat="36.731369" lon="126.592065"/><trkpt lat="36.73138" lon="126.592114"/><trkpt lat="36.731386" lon="126.592158"/><trkpt lat="36.731386" lon="126.592206"/><trkpt lat="36.731371" lon="126.59242"/><trkpt lat="36.731363" lon="126.592502"/><trkpt lat="36.731354" lon="126.59255"/><trkpt lat="36.73134" lon="126.592597"/><trkpt lat="36.731188" lon="126.593046"/><trkpt lat="36.731161" lon="126.593122"/><trkpt lat="36.731141" lon="126.593165"/><trkpt lat="36.731118" lon="126.593204"/><trkpt lat="36.731039" lon="126.593312"/><trkpt lat="36.731005" lon="126.59336"/><trkpt lat="36.730982" lon="126.593399"/><trkpt lat="36.730965" lon="126.593443"/><trkpt lat="36.730937" lon="126.593537"/><trkpt lat="36.730908" lon="126.593648"/><trkpt lat="36.730899" lon="126.593695"/><trkpt lat="36.730897" lon="126.593743"/><trkpt lat="36.730902" lon="126.593808"/><trkpt lat="36.730939" lon="126.594115"/><trkpt lat="36.730944" lon="126.594179"/><trkpt lat="36.730943" lon="126.594227"/><trkpt lat="36.730932" lon="126.59429"/><trkpt lat="36.730915" lon="126.594383"/><trkpt lat="36.730911" lon="126.59443"/><trkpt lat="36.730914" lon="126.594478"/><trkpt lat="36.730938" lon="126.594671"/><trkpt lat="36.730947" lon="126.594751"/><trkpt lat="36.730948" lon="126.594799"/><trkpt lat="36.730941" lon="126.594847"/><trkpt lat="36.730925" lon="126.594909"/><trkpt lat="36.730888" lon="126.59505"/><trkpt lat="36.73088" lon="126.595096"/><trkpt lat="36.73088" lon="126.595141"/><trkpt lat="36.730892" lon="126.595196"/><trkpt lat="36.730898" lon="126.595238"/><trkpt lat="36.730896" lon="126.595286"/><trkpt lat="36.730888" lon="126.595346"/><trkpt lat="36.730875" lon="126.595421"/></trkseg>
<trkseg><trkpt lat="36.715342" lon="126.591386"/><trkpt lat="36.715405" lon="126.590966"/><trkpt lat="36.715417" lon="126.590903"/><trkpt lat="36.715433" lon="126.590859"/><trkpt lat="36.715456" lon="126.59082"/><trkpt lat="36.715524" lon="126.590727"/><trkpt lat="36.715569" lon="126.590693"/><trkpt lat="36.715602" lon="126.590671"/><trkpt lat="36.715634" lon="126.590646"/><trkpt lat="36.715794" lon="126.590584"/><trkpt lat="36.715825" lon="126.590559"/><trkpt lat="36.71585" lon="126.590527"/><trkpt lat="36.715866" lon="126.590485"/><trkpt lat="36.715882" lon="126.590423"/><trkpt lat="36.715892" lon="126.590177"/><trkpt lat="36.715907" lon="126.590135"/><trkpt lat="36.71593" lon="126.590102"/><trkpt lat="36.715962" lon="126.590083"/><trkpt lat="36.716119" lon="126.590086"/><trkpt lat="36.71617" lon="126.590067"/><trkpt lat="36.716205" lon="126.590047"/><trkpt lat="36.716238" lon="126.59002"/><trkpt lat="36.716266" lon="126.589987"/><trkpt lat="36.716282" lon="126.589948"/><trkpt lat="36.716285" lon="126.589902"/><trkpt lat="36.71628" lon="126.589836"/><trkpt lat="36.716174" lon="126.589347"/><trkpt lat="36.71617" lon="126.589281"/><trkpt lat="36.716174" lon="126.589233"/><trkpt lat="36.716188" lon="126.589189"/><trkpt lat="36.716208" lon="126.589147"/><trkpt lat="36.716239" lon="126.589094"/><trkpt lat="36.716266" lon="126.589059"/><trkpt lat="36.716298" lon="126.58903"/><trkpt lat="36.716334" lon="126.589005"/><trkpt lat="36.716375" lon="126.588968"/><trkpt lat="36.716413" lon="126.588957"/><trkpt lat="36.716452" lon="126.588961"/><trkpt lat="36.71649" lon="126.588974"/><trkpt lat="36.716523" lon="126.588991"/><trkpt lat="36.716543" lon="126.589015"/><trkpt lat="36.716537" lon="126.589047"/><trkpt lat="36.716517" lon="126.589085"/><trkpt lat="36.716423" lon="126.589194"/><trkpt lat="36.716401" lon="126.589236"/><trkpt lat="36.716388" lon="126.589281"/><trkpt lat="36.71638" lon="126.58933"/><trkpt lat="36.716385" lon="126.589443"/><trkpt lat="36.716418" lon="126.589568"/><trkpt lat="36.716432" lon="126.589611"/><trkpt lat="36.716454" lon="126.58965"/><trkpt lat="36.716664" lon="126.589924"/><trkpt lat="36.716699" lon="126.589975"/><trkpt lat="36.71672" lon="126.590016"/><trkpt lat="36.716732" lon="126.590059"/><trkpt lat="36.716734" lon="126.590102"/><trkpt lat="36.716722" lon="126.590142"/><trkpt lat="36.716699" lon="126.59018"/><trkpt lat="36.716596" lon="126.590311"/><trkpt lat="36.716534" lon="126.590408"/><trkpt lat="36.716511" lon="126.590447"/><trkpt lat="36.716497" lon="126.59049"/><trkpt lat="36.716491" lon="126.590536"/><trkpt lat="36.716533" lon="126.590711"/><trkpt lat="36.716528" lon="126.590759"/><trkpt lat="36.716519" lon="126.590804"/><trkpt lat="36.716503" lon="126.590848"/><trkpt lat="36.716475" lon="126.590903"/><trkpt lat="36.716364" lon="126.591098"/><trkpt lat="36.716346" lon="126.591138"/><trkpt lat="36.716342" lon="126.591173"/><trkpt lat="36.71636" lon="126.5912"/><trkpt lat="36.71639" lon="126.591221"/><trkpt lat="36.716426" lon="126.591236"/><trkpt lat="36.716466" lon="126.591243"/><trkpt lat="36.716547" lon="126.591247"/><trkpt lat="36.716705" lon="126.591268"/><trkpt lat="36.716744" lon="126.591273"/><trkpt lat="36.71678" lon="126.591287"/><trkpt lat="36.716813" lon="126.591313"/><trkpt lat="36.716854" lon="126.591353"/><trkpt lat="36.716952" lon="126.591444"/><trkpt lat="36.716979" lon="126.591478"/><trkpt lat="36.716998" lon="126.591517"/><trkpt lat="36.717007" lon="126.591563"/><trkpt lat="36.717013" lon="126.591628"/><trkpt lat="36.717023" lon="126.591742"/><trkpt lat="36.717033" lon="126.591786"/><trkpt lat="36.717053" lon="126.591819"/><trkpt lat="36.717081" lon="126.591841"/><trkpt lat="36.717114" lon="126.591851"/><trkpt lat="36.717152" lon="126.591847"/><trkpt lat="36.717217" lon="126.591828"/><trkpt lat="36.717308" lon="126.591798"/><trkpt lat="36.717345" lon="126.59178"/><trkpt lat="36.717379" lon="126.591755"/><trkpt lat="36.717529" lon="126.591614"/><trkpt lat="36.717754" lon="126.591401"/><trkpt lat="36.717795" lon="126.591358"/><trkpt lat="36.717823" lon="126.591323"/><trkpt lat="36.717847" lon="126.591283"/><trkpt lat="36.71794" lon="126.591098"/><trkpt lat="36.717977" lon="126.591028"/><trkpt lat="36.718003" lon="126.59099"/><trkpt lat="36.718031" lon="126.590961"/><trkpt lat="36.718062" lon="126.590939"/><trkpt lat="36.718096" lon="126.590925"/><trkpt lat="36.718135" lon="126.590922"/><trkpt lat="36.718173" lon="126.590925"/><trkpt lat="36.718207" lon="126.590938"/><trkpt lat="36.718229" lon="126.590966"/><trkpt lat="36.718242" lon="126.591008"/><trkpt lat="36.718262" lon="126.591101"/><trkpt lat="36.718274" lon="126.591147"/><trkpt lat="36.718293" lon="126.591189"/><trkpt lat="36.718317" lon="126.591228"/><trkpt lat="36.718345" lon="126.591262"/><trkpt lat="36.718377" lon="126.59129"/><trkpt lat="36.718411" lon="126.591308"/><trkpt lat="36.718448" lon="126.591322"/><trkpt lat="36.718484" lon="126.591332"/><trkpt lat="36.718521" lon="126.591331"/><trkpt lat="36.718558" lon="126.591318"/><trkpt lat="36.718594" lon="126.5913"/><trkpt lat="36.718627" lon="126.591279"/><trkpt lat="36.718654" lon="126.591253"/><trkpt lat="36.718667" lon="126.591219"/><trkpt lat="36.718677" lon="126.591164"/><trkpt lat="36.718693" lon="126.591104"/><trkpt lat="36.718758" lon="126.590907"/><trkpt lat="36.718795" lon="126.590803"/><trkpt lat="36.718833" lon="126.590715"/><trkpt lat="36.719081" lon="126.590178"/><trkpt lat="36.719099" lon="126.590133"/><trkpt lat="36.719112" lon="126.590088"/><trkpt lat="36.719132" lon="126.589999"/><trkpt lat="36.719144" lon="126.589957"/><trkpt lat="36.719165" lon="126.589917"/><trkpt lat="36.719191" lon="126.589881"/><trkpt lat="36.71923" lon="126.589837"/><trkpt lat="36.719261" lon="126.589807"/><trkpt lat="36.719295" lon="126.589786"/><trkpt lat="36.719332" lon="126.589777"/><trkpt lat="36.719448" lon="126.589766"/><trkpt lat="36.7195" lon="126.589759"/><trkpt lat="36.719537" lon="126.589748"/><trkpt lat="36.719571" lon="126.589728"/><trkpt lat="36.719604" lon="126.589702"/><trkpt lat="36.719732" lon="126.58959"/><trkpt lat="36.719775" lon="126.589556"/><trkpt lat="36.719809" lon="126.589539"/><trkpt lat="36.719847" lon="126.589535"/><trkpt lat="36.719886" lon="126.589539"/><trkpt lat="36.72006" lon="126.589568"/><trkpt lat="36.720112" lon="126.58958"/><trkpt lat="36.720148" lon="126.589597"/><trkpt lat="36.720182" lon="126.589623"/><trkpt lat="36.72032" lon="126.589754"/><trkpt lat="36.720535" lon="126.589957"/><trkpt lat="36.720577" lon="126.589998"/><trkpt lat="36.7206" lon="126.590028"/><trkpt lat="36.720605" lon="126.590058"/><trkpt lat="36.720586" lon="126.590088"/><trkpt lat="36.720557" lon="126.590118"/><trkpt lat="36.720221" lon="126.59037"/><trkpt lat="36.720043" lon="126.590523"/><trkpt lat="36.720013" lon="126.590554"/><trkpt lat="36.71999" lon="126.590588"/><trkpt lat="36.71998" lon="126.590628"/><trkpt lat="36.719982" lon="126.590674"/><trkpt lat="36.719991" lon="126.590738"/><trkpt lat="36.720002" lon="126.590905"/><trkpt lat="36.720005" lon="126.590953"/><trkpt lat="36.720002" lon="126.591001"/><trkpt lat="36.719991" lon="126.591064"/><trkpt lat="36.719897" lon="126.591408"/><trkpt lat="36.719888" lon="126.591455"/><trkpt lat="36.719885" lon="126.591503"/><trkpt lat="36.719892" lon="126.591549"/><trkpt lat="36.71991" lon="126.59161"/><trkpt lat="36.719931" lon="126.591668"/><trkpt lat="36.719951" lon="126.591703"/><trkpt lat="36.719976" lon="126.59172"/><trkpt lat="36.720005" lon="126.591714"/><trkpt lat="36.720034" lon="126.591688"/><trkpt lat="36.72008" lon="126.591627"/><trkpt lat="36.720302" lon="126.591412"/><trkpt lat="36.720325" lon="126.591373"/><trkpt lat="36.720345" lon="126.591329"/><trkpt lat="36.720391" lon="126.591208"/><trkpt lat="36.720535" lon="126.59091"/><trkpt lat="36.720554" lon="126.590867"/><trkpt lat="36.720577" lon="126.59083"/><trkpt lat="36.720609" lon="126.590804"/><trkpt lat="36.720645" lon="126.590784"/><trkpt lat="36.720814" lon="126.5907"/><trkpt lat="36.720953" lon="126.590595"/><trkpt lat="36.72099" lon="126.590583"/><trkpt lat="36.721025" lon="126.590587"/><trkpt lat="36.721057" lon="126.590608"/><trkpt lat="36.721088" lon="126.590636"/><trkpt lat="36.721107" lon="126.59066"/><trkpt lat="36.721134" lon="126.590693"/><trkpt lat="36.721146" lon="126.590739"/><trkpt lat="36.721137" lon="126.590778"/><trkpt lat="36.721118" lon="126.590822"/><trkpt lat="36.721051" lon="126.590992"/><trkpt lat="36.721037" lon="126.591072"/><trkpt lat="36.721035" lon="126.591118"/><trkpt lat="36.721045" lon="126.591159"/><trkpt lat="36.721067" lon="126.591191"/><trkpt lat="36.721097" lon="126.591205"/><trkpt lat="36.721135" lon="126.591215"/><trkpt lat="36.721184" lon="126.59121"/><trkpt lat="36.721233" lon="126.59117"/><trkpt lat="36.721296" lon="126.59107"/><trkpt lat="36.721311" lon="126.591025"/><trkpt lat="36.72133" lon="126.590984"/><trkpt lat="36.721356" lon="126.590947"/><trkpt lat="36.721385" lon="126.590913"/><trkpt lat="36.721414" lon="126.590884"/><trkpt lat="36.721442" lon="126.590867"/><trkpt lat="36.721471" lon="126.590864"/><trkpt lat="36.721522" lon="126.590856"/><trkpt lat="36.721559" lon="126.59086"/><trkpt lat="36.721674" lon="126.590887"/><trkpt lat="36.721726" lon="126.590896"/><trkpt lat="36.721787" lon="126.590829"/><trkpt lat="36.721825" lon="126.590755"/><trkpt lat="36.721924" lon="126.590576"/><trkpt lat="36.721943" lon="126.590535"/><trkpt lat="36.721967" lon="126.5905"/><trkpt lat="36.722016" lon="126.590451"/><trkpt lat="36.722044" lon="126.59042"/><trkpt lat="36.722065" lon="126.590385"/><trkpt lat="36.722077" lon="126.590342"/><trkpt lat="36.722096" lon="126.590251"/><trkpt lat="36.72211" lon="126.590205"/><trkpt lat="36.722144" lon="126.590117"/><trkpt lat="36.72228" lon="126.589832"/><trkpt lat="36.722301" lon="126.589791"/><trkpt lat="36.722327" lon="126.589755"/><trkpt lat="36.722367" lon="126.589712"/><trkpt lat="36.722581" lon="126.589507"/><trkpt lat="36.722614" lon="126.589479"/><trkpt lat="36.722649" lon="126.589457"/><trkpt lat="36.722686" lon="126.58944"/><trkpt lat="36.722973" lon="126.589309"/><trkpt lat="36.723406" lon="126.589133"/><trkpt lat="36.723457" lon="126.589115"/><trkpt lat="36.723496" lon="126.589107"/><trkpt lat="36.723589" lon="126.589098"/><trkpt lat="36.723682" lon="126.589093"/><trkpt lat="36.723721" lon="126.589096"/><trkpt lat="36.723775" lon="126.589101"/><trkpt lat="36.723818" lon="126.589103"/><trkpt lat="36.723857" lon="126.589106"/><trkpt lat="36.723895" lon="126.589101"/><trkpt lat="36.723933" lon="126.589091"/><trkpt lat="36.72397" lon="126.589078"/><trkpt lat="36.724" lon="126.589056"/><trkpt lat="36.72402" lon="126.589019"/><trkpt lat="36.724033" lon="126.588973"/><trkpt lat="36.724069" lon="126.588811"/><trkpt lat="36.724144" lon="126.588458"/><trkpt lat="36.724157" lon="126.588393"/><trkpt lat="36.724162" lon="126.588345"/><trkpt lat="36.724167" lon="126.588223"/><trkpt lat="36.724171" lon="126.588177"/><trkpt lat="36.724183" lon="126.588133"/><trkpt lat="36.724203" lon="126.588092"/><trkpt lat="36.724265" lon="126.587996"/><trkpt lat="36.724283" lon="126.587958"/><trkpt lat="36.724286" lon="126.587923"/><trkpt lat="36.724268" lon="126.587891"/><trkpt lat="36.724237" lon="126.587855"/><trkpt lat="36.724158" lon="126.587803"/><trkpt lat="36.724156" lon="126.587801"/></trkseg>
<trkseg><trkpt lat="36.73123" lon="126.610666"/><trkpt lat="36.731361" lon="126.610713"/><trkpt lat="36.731412" lon="126.610736"/><trkpt lat="36.731446" lon="126.61076"/><trkpt lat="36.731475" lon="126.610789"/><trkpt lat="36.731519" lon="126.610837"/><trkpt lat="36.731543" lon="126.610853"/><trkpt lat="36.731561" lon="126.610841"/><trkpt lat="36.731584" lon="126.610783"/><trkpt lat="36.731601" lon="126.610745"/><trkpt lat="36.731628" lon="126.610711"/><trkpt lat="36.73166" lon="126.610681"/><trkpt lat="36.731749" lon="126.610609"/><trkpt lat="36.731806" lon="126.610566"/><trkpt lat="36.731841" lon="126.610546"/><trkpt lat="36.73189" lon="126.610527"/><trkpt lat="36.731952" lon="126.61051"/><trkpt lat="36.73199" lon="126.610504"/><trkpt lat="36.732029" lon="126.610506"/><trkpt lat="36.732277" lon="126.610545"/><trkpt lat="36.732368" lon="126.610558"/><trkpt lat="36.732407" lon="126.610559"/><trkpt lat="36.732445" lon="126.610552"/><trkpt lat="36.732546" lon="126.610523"/><trkpt lat="36.732582" lon="126.610518"/><trkpt lat="36.732615" lon="126.610524"/><trkpt lat="36.732657" lon="126.610547"/><trkpt lat="36.732693" lon="126.610553"/><trkpt lat="36.732732" lon="126.610551"/><trkpt lat="36.732771" lon="126.610545"/><trkpt lat="36.732809" lon="126.610535"/><trkpt lat="36.732878" lon="126.610512"/><trkpt lat="36.732912" lon="126.610512"/><trkpt lat="36.732955" lon="126.610525"/><trkpt lat="36.73299" lon="126.610524"/><trkpt lat="36.733026" lon="126.610511"/><trkpt lat="36.7331" lon="126.610478"/><trkpt lat="36.733138" lon="126.610468"/><trkpt lat="36.733268" lon="126.610447"/><trkpt lat="36.733477" lon="126.610416"/><trkpt lat="36.733514" lon="126.610407"/><trkpt lat="36.733551" lon="126.61039"/><trkpt lat="36.733596" lon="126.610359"/><trkpt lat="36.73371" lon="126.610275"/><trkpt lat="36.733745" lon="126.610254"/><trkpt lat="36.733782" lon="126.610239"/><trkpt lat="36.733845" lon="126.610223"/><trkpt lat="36.733881" lon="126.610218"/><trkpt lat="36.733913" lon="126.610225"/><trkpt lat="36.733937" lon="126.61025"/><trkpt lat="36.733972" lon="126.610307"/><trkpt lat="36.733998" lon="126.610337"/><trkpt lat="36.734032" lon="126.610358"/><trkpt lat="36.734094" lon="126.610386"/><trkpt lat="36.734474" lon="126.610541"/><trkpt lat="36.73451" lon="126.610561"/><trkpt lat="36.734544" lon="126.610587"/><trkpt lat="36.734619" lon="126.610658"/><trkpt lat="36.734812" lon="126.610843"/><trkpt lat="36.734845" lon="126.610871"/><trkpt lat="36.73488" lon="126.610891"/><trkpt lat="36.734918" lon="126.6109"/><trkpt lat="36.734969" lon="126.610907"/><trkpt lat="36.735008" lon="126.610909"/><trkpt lat="36.735046" lon="126.610905"/><trkpt lat="36.735093" lon="126.610891"/><trkpt lat="36.735126" lon="126.610891"/><trkpt lat="36.735158" lon="126.610909"/><trkpt lat="36.735211" lon="126.610951"/><trkpt lat="36.735243" lon="126.610974"/><trkpt lat="36.735276" lon="126.610986"/><trkpt lat="36.735321" lon="126.610988"/><trkpt lat="36.735362" lon="126.611"/><trkpt lat="36.735394" lon="126.611006"/><trkpt lat="36.73543" lon="126.610998"/><trkpt lat="36.73548" lon="126.610979"/><trkpt lat="36.735567" lon="126.610945"/><trkpt lat="36.735602" lon="126.61094"/><trkpt lat="36.735634" lon="126.61095"/><trkpt lat="36.735666" lon="126.610965"/><trkpt lat="36.735701" lon="126.610971"/><trkpt lat="36.735789" lon="126.610976"/><trkpt lat="36.735826" lon="126.610983"/><trkpt lat="36.735863" lon="126.610997"/><trkpt lat="36.735924" lon="126.611031"/><trkpt lat="36.73613" lon="126.611154"/><trkpt lat="36.736177" lon="126.611184"/><trkpt lat="36.73621" lon="126.611212"/><trkpt lat="36.736239" lon="126.611246"/><trkpt lat="36.736385" lon="126.611439"/><trkpt lat="36.736758" lon="126.611937"/><trkpt lat="36.736786" lon="126.61197"/><trkpt lat="36.736818" lon="126.611998"/><trkpt lat="36.736853" lon="126.612017"/><trkpt lat="36.736915" lon="126.612043"/><trkpt lat="36.737127" lon="126.612128"/><trkpt lat="36.737163" lon="126.612146"/><trkpt lat="36.737197" lon="126.61217"/><trkpt lat="36.73726" lon="126.612228"/><trkpt lat="36.737386" lon="126.612349"/><trkpt lat="36.737418" lon="126.612375"/><trkpt lat="36.737454" lon="126.612391"/><trkpt lat="36.737492" lon="126.612395"/><trkpt lat="36.737559" lon="126.612393"/><trkpt lat="36.737856" lon="126.612375"/><trkpt lat="36.738045" lon="126.612364"/><trkpt lat="36.738084" lon="126.612358"/><trkpt lat="36.738122" lon="126.612344"/><trkpt lat="36.738195" lon="126.612302"/><trkpt lat="36.738424" lon="126.612158"/><trkpt lat="36.738474" lon="126.612132"/><trkpt lat="36.738525" lon="126.612111"/><trkpt lat="36.738717" lon="126.612041"/><trkpt lat="36.738769" lon="126.612026"/><trkpt lat="36.738821" lon="126.612017"/><trkpt lat="36.739073" lon="126.611993"/><trkpt lat="36.739139" lon="126.611989"/><trkpt lat="36.739178" lon="126.611992"/><trkpt lat="36.739216" lon="126.612005"/><trkpt lat="36.739278" lon="126.612037"/><trkpt lat="36.739474" lon="126.612148"/><trkpt lat="36.739508" lon="126.612172"/><trkpt lat="36.739539" lon="126.612202"/><trkpt lat="36.739587" lon="126.612258"/><trkpt lat="36.73972" lon="126.612419"/><trkpt lat="36.73975" lon="126.61245"/><trkpt lat="36.739782" lon="126.612475"/><trkpt lat="36.739828" lon="126.612503"/><trkpt lat="36.739946" lon="126.612569"/><trkpt lat="36.73998" lon="126.612592"/><trkpt lat="36.74001" lon="126.612621"/><trkpt lat="36.740079" lon="126.612694"/><trkpt lat="36.740109" lon="126.612721"/><trkpt lat="36.740144" lon="126.612739"/><trkpt lat="36.740183" lon="126.61275"/><trkpt lat="36.740342" lon="126.612778"/><trkpt lat="36.740408" lon="126.612786"/><trkpt lat="36.740448" lon="126.612785"/><trkpt lat="36.740527" lon="126.612774"/><trkpt lat="36.740644" lon="126.612753"/><trkpt lat="36.740683" lon="126.612744"/><trkpt lat="36.740719" lon="126.612727"/><trkpt lat="36.740752" lon="126.612703"/><trkpt lat="36.740815" lon="126.612649"/><trkpt lat="36.740848" lon="126.612626"/><trkpt lat="36.740884" lon="126.612611"/><trkpt lat="36.740921" lon="126.612603"/><trkpt lat="36.740984" lon="126.612591"/><trkpt lat="36.741018" lon="126.612578"/><trkpt lat="36.741049" lon="126.612553"/><trkpt lat="36.741088" lon="126.612515"/><trkpt lat="36.741122" lon="126.612492"/><trkpt lat="36.74117" lon="126.612467"/><trkpt lat="36.741318" lon="126.612399"/><trkpt lat="36.741365" lon="126.612372"/><trkpt lat="36.741397" lon="126.612346"/><trkpt lat="36.741455" lon="126.612283"/><trkpt lat="36.741492" lon="126.612244"/><trkpt lat="36.74152" lon="126.612225"/><trkpt lat="36.741545" lon="126.612228"/><trkpt lat="36.741579" lon="126.612247"/><trkpt lat="36.741622" lon="126.612257"/><trkpt lat="36.741657" lon="126.612269"/><trkpt lat="36.741692" lon="126.612288"/><trkpt lat="36.741953" lon="126.612454"/><trkpt lat="36.741999" lon="126.612485"/><trkpt lat="36.742031" lon="126.612513"/><trkpt lat="36.742058" lon="126.612548"/><trkpt lat="36.742091" lon="126.612599"/><trkpt lat="36.742152" lon="126.612706"/><trkpt lat="36.74217" lon="126.612746"/><trkpt lat="36.742178" lon="126.612787"/><trkpt lat="36.742183" lon="126.612837"/><trkpt lat="36.742205" lon="126.612861"/><trkpt lat="36.742237" lon="126.612879"/><trkpt lat="36.742373" lon="126.612935"/><trkpt lat="36.742434" lon="126.612963"/><trkpt lat="36.742468" lon="126.612983"/><trkpt lat="36.742501" lon="126.613006"/><trkpt lat="36.742531" lon="126.613033"/><trkpt lat="36.742558" lon="126.613065"/><trkpt lat="36.742603" lon="126.613144"/><trkpt lat="36.742627" lon="126.61318"/><trkpt lat="36.742658" lon="126.613204"/><trkpt lat="36.742704" lon="126.613227"/><trkpt lat="36.742734" lon="126.613249"/><trkpt lat="36.742752" lon="126.613286"/><trkpt lat="36.742765" lon="126.613331"/><trkpt lat="36.742785" lon="126.613428"/><trkpt lat="36.742796" lon="126.613493"/><trkpt lat="36.7428" lon="126.613542"/><trkpt lat="36.742797" lon="126.613591"/><trkpt lat="36.742787" lon="126.613656"/><trkpt lat="36.742724" lon="126.614013"/><trkpt lat="36.742717" lon="126.614061"/><trkpt lat="36.742718" lon="126.614105"/><trkpt lat="36.742731" lon="126.61414"/><trkpt lat="36.742768" lon="126.614188"/><trkpt lat="36.742782" lon="126.61422"/><trkpt lat="36.742788" lon="126.614256"/><trkpt lat="36.742805" lon="126.614306"/><trkpt lat="36.742815" lon="126.614346"/><trkpt lat="36.742814" lon="126.614389"/><trkpt lat="36.742808" lon="126.614448"/><trkpt lat="36.742818" lon="126.614489"/><trkpt lat="36.74284" lon="126.614527"/><trkpt lat="36.742883" lon="126.614589"/><trkpt lat="36.742906" lon="126.61463"/><trkpt lat="36.742922" lon="126.614674"/><trkpt lat="36.742947" lon="126.614769"/><trkpt lat="36.74296" lon="126.614815"/><trkpt lat="36.742978" lon="126.614858"/><trkpt lat="36.743003" lon="126.614896"/><trkpt lat="36.743106" lon="126.615027"/><trkpt lat="36.743171" lon="126.615112"/><trkpt lat="36.743196" lon="126.61515"/><trkpt lat="36.743238" lon="126.615233"/><trkpt lat="36.74327" lon="126.615304"/><trkpt lat="36.743284" lon="126.615346"/><trkpt lat="36.743292" lon="126.615398"/><trkpt lat="36.743298" lon="126.615427"/><trkpt lat="36.743314" lon="126.61544"/><trkpt lat="36.74333" lon="126.615458"/><trkpt lat="36.74334" lon="126.615493"/><trkpt lat="36.743353" lon="126.615584"/><trkpt lat="36.743361" lon="126.615631"/><trkpt lat="36.743374" lon="126.615676"/><trkpt lat="36.743405" lon="126.615749"/><trkpt lat="36.743525" lon="126.616006"/><trkpt lat="36.743554" lon="126.616061"/><trkpt lat="36.74358" lon="126.616098"/><trkpt lat="36.74362" lon="126.616139"/><trkpt lat="36.743751" lon="126.616251"/><trkpt lat="36.743785" lon="126.616276"/><trkpt lat="36.74382" lon="126.616293"/><trkpt lat="36.743856" lon="126.616297"/><trkpt lat="36.743918" lon="126.616295"/><trkpt lat="36.743954" lon="126.616304"/><trkpt lat="36.74399" lon="126.616322"/><trkpt lat="36.744107" lon="126.616393"/><trkpt lat="36.744176" lon="126.616438"/><trkpt lat="36.744205" lon="126.616465"/><trkpt lat="36.744227" lon="126.616502"/><trkpt lat="36.74424" lon="126.616548"/><trkpt lat="36.744264" lon="126.616643"/><trkpt lat="36.744281" lon="126.616686"/><trkpt lat="36.744306" lon="126.616722"/><trkpt lat="36.744336" lon="126.616754"/><trkpt lat="36.744548" lon="126.616955"/><trkpt lat="36.744591" lon="126.616993"/><trkpt lat="36.744625" lon="126.617016"/><trkpt lat="36.744674" lon="126.617037"/><trkpt lat="36.744775" lon="126.617071"/><trkpt lat="36.744826" lon="126.617085"/><trkpt lat="36.744864" lon="126.617089"/><trkpt lat="36.744938" lon="126.617081"/><trkpt lat="36.744974" lon="126.617079"/><trkpt lat="36.74501" lon="126.617085"/><trkpt lat="36.745045" lon="126.617103"/><trkpt lat="36.745079" lon="126.617126"/><trkpt lat="36.74511" lon="126.617154"/><trkpt lat="36.745139" lon="126.617189"/><trkpt lat="36.745266" lon="126.617379"/><trkpt lat="36.745402" lon="126.617583"/><trkpt lat="36.745424" lon="126.617623"/><trkpt lat="36.745439" lon="126.617666"/><trkpt lat="36.745445" lon="126.617712"/><trkpt lat="36.745454" lon="126.617789"/><trkpt lat="36.745468" lon="126.617829"/><trkpt lat="36.745492" lon="126.61786"/><trkpt lat="36.745524" lon="126.617879"/><trkpt lat="36.745561" lon="126.617885"/><trkpt lat="36.745627" lon="126.617885"/><trkpt lat="36.745771" lon="126.617882"/><trkpt lat="36.745823" lon="126.617885"/><trkpt lat="36.745861" lon="126.617894"/><trkpt lat="36.745934" lon="126.617924"/><trkpt lat="36.746094" lon="126.617993"/><trkpt lat="36.746131" lon="126.618005"/><trkpt lat="36.74617" lon="126.618011"/><trkpt lat="36.746234" lon="126.618015"/><trkpt lat="36.746272" lon="126.618013"/><trkpt lat="36.746308" lon="126.618002"/><trkpt lat="36.746343" lon="126.61798"/><trkpt lat="36.746387" lon="126.617944"/><trkpt lat="36.746572" lon="126.617786"/><trkpt lat="36.746617" lon="126.617753"/><trkpt lat="36.746652" lon="126.617738"/><trkpt lat="36.74669" lon="126.617734"/><trkpt lat="36.746767" lon="126.617732"/><trkpt lat="36.746805" lon="126.617729"/><trkpt lat="36.746843" lon="126.617719"/><trkpt lat="36.746918" lon="126.617689"/><trkpt lat="36.747005" lon="126.617652"/><trkpt lat="36.747041" lon="126.617633"/><trkpt lat="36.747075" lon="126.617608"/><trkpt lat="36.747127" lon="126.617557"/><trkpt lat="36.747361" lon="126.617311"/><trkpt lat="36.747402" lon="126.61727"/><trkpt lat="36.747436" lon="126.617245"/><trkpt lat="36.747473" lon="126.617226"/><trkpt lat="36.747611" lon="126.617166"/><trkpt lat="36.747686" lon="126.617132"/><trkpt lat="36.747722" lon="126.617111"/><trkpt lat="36.747978" lon="126.616937"/><trkpt lat="36.748048" lon="126.61689"/><trkpt lat="36.748084" lon="126.61687"/><trkpt lat="36.748123" lon="126.616855"/><trkpt lat="36.748571" lon="126.616734"/><trkpt lat="36.748649" lon="126.616711"/><trkpt lat="36.748687" lon="126.616695"/><trkpt lat="36.748723" lon="126.616674"/><trkpt lat="36.748802" lon="126.616615"/><trkpt lat="36.749061" lon="126.616414"/><trkpt lat="36.749096" lon="126.61639"/><trkpt lat="36.749132" lon="126.616374"/><trkpt lat="36.749171" lon="126.616364"/><trkpt lat="36.749408" lon="126.616336"/><trkpt lat="36.749473" lon="126.616326"/><trkpt lat="36.74951" lon="126.616314"/><trkpt lat="36.749542" lon="126.616291"/><trkpt lat="36.74957" lon="126.616258"/><trkpt lat="36.749649" lon="126.616148"/><trkpt lat="36.749677" lon="126.616114"/><trkpt lat="36.749708" lon="126.616088"/><trkpt lat="36.749745" lon="126.616071"/><trkpt lat="36.749796" lon="126.616054"/><trkpt lat="36.750148" lon="126.615951"/><trkpt lat="36.75037" lon="126.615887"/><trkpt lat="36.750409" lon="126.615881"/><trkpt lat="36.750475" lon="126.615881"/><trkpt lat="36.750649" lon="126.615888"/><trkpt lat="36.750688" lon="126.615888"/><trkpt lat="36.750727" lon="126.615881"/><trkpt lat="36.750763" lon="126.615865"/><trkpt lat="36.750809" lon="126.615835"/><trkpt lat="36.750947" lon="126.61574"/><trkpt lat="36.750983" lon="126.615721"/><trkpt lat="36.751021" lon="126.615705"/><trkpt lat="36.751281" lon="126.615616"/><trkpt lat="36.751333" lon="126.6156"/><trkpt lat="36.751372" lon="126.615595"/><trkpt lat="36.751425" lon="126.615598"/><trkpt lat="36.751673" lon="126.615635"/><trkpt lat="36.751738" lon="126.615643"/><trkpt lat="36.751777" lon="126.615643"/><trkpt lat="36.751817" lon="126.615636"/><trkpt lat="36.751869" lon="126.615622"/><trkpt lat="36.752741" lon="126.615359"/><trkpt lat="36.753001" lon="126.61528"/><trkpt lat="36.753039" lon="126.615265"/><trkpt lat="36.753075" lon="126.615243"/><trkpt lat="36.753227" lon="126.615135"/><trkpt lat="36.753295" lon="126.615082"/><trkpt lat="36.753324" lon="126.61505"/><trkpt lat="36.753345" lon="126.615011"/><trkpt lat="36.753372" lon="126.614938"/><trkpt lat="36.753459" lon="126.614681"/><trkpt lat="36.753475" lon="126.614639"/><trkpt lat="36.753496" lon="126.614603"/><trkpt lat="36.753524" lon="126.614581"/><trkpt lat="36.75357" lon="126.614565"/><trkpt lat="36.753602" lon="126.614545"/><trkpt lat="36.753631" lon="126.614517"/><trkpt lat="36.753697" lon="126.614443"/><trkpt lat="36.753726" lon="126.614413"/><trkpt lat="36.753759" lon="126.614388"/><trkpt lat="36.753807" lon="126.61436"/><trkpt lat="36.75393" lon="126.614299"/><trkpt lat="36.75398" lon="126.614278"/><trkpt lat="36.754019" lon="126.614268"/><trkpt lat="36.754072" lon="126.614261"/><trkpt lat="36.754713" lon="126.614208"/><trkpt lat="36.754819" lon="126.614196"/><trkpt lat="36.754871" lon="126.614183"/><trkpt lat="36.75496" lon="126.614155"/><trkpt lat="36.754998" lon="126.614148"/><trkpt lat="36.755035" lon="126.614152"/><trkpt lat="36.755086" lon="126.614171"/><trkpt lat="36.755423" lon="126.614332"/><trkpt lat="36.75551" lon="126.614371"/><trkpt lat="36.755549" lon="126.614383"/><trkpt lat="36.755629" lon="126.614396"/><trkpt lat="36.755709" lon="126.614402"/><trkpt lat="36.755749" lon="126.614401"/><trkpt lat="36.755802" lon="126.614391"/><trkpt lat="36.755921" lon="126.614366"/><trkpt lat="36.755961" lon="126.614363"/><trkpt lat="36.755999" lon="126.614368"/><trkpt lat="36.756036" lon="126.614377"/><trkpt lat="36.756073" lon="126.61439"/><trkpt lat="36.756108" lon="126.614409"/><trkpt lat="36.756162" lon="126.614447"/><trkpt lat="36.756199" lon="126.614479"/><trkpt lat="36.756218" lon="126.614505"/><trkpt lat="36.756236" lon="126.61452"/><trkpt lat="36.756266" lon="126.614532"/><trkpt lat="36.756378" lon="126.61456"/><trkpt lat="36.756428" lon="126.614575"/><trkpt lat="36.756463" lon="126.61459"/><trkpt lat="36.756495" lon="126.614614"/><trkpt lat="36.756557" lon="126.614666"/><trkpt lat="36.756592" lon="126.614687"/><trkpt lat="36.756668" lon="126.614718"/><trkpt lat="36.756704" lon="126.614736"/><trkpt lat="36.756736" lon="126.61476"/><trkpt lat="36.756761" lon="126.614792"/><trkpt lat="36.756808" lon="126.61486"/><trkpt lat="36.756833" lon="126.614884"/><trkpt lat="36.756863" lon="126.614891"/><trkpt lat="36.756894" lon="126.614903"/><trkpt lat="36.756933" lon="126.614933"/><trkpt lat="36.756982" lon="126.61498"/><trkpt lat="36.756998" lon="126.614996"/></trkseg>
<trkseg><trkpt lat="36.7064" lon="126.609422"/><trkpt lat="36.706337" lon="126.609513"/><trkpt lat="36.70631" lon="126.609556"/><trkpt lat="36.706292" lon="126.609596"/><trkpt lat="36.70628" lon="126.609641"/><trkpt lat="36.706263" lon="126.609734"/><trkpt lat="36.706248" lon="126.609779"/><trkpt lat="36.706226" lon="126.609843"/><trkpt lat="36.70625" lon="126.609953"/><trkpt lat="36.706285" lon="126.609962"/><trkpt lat="36.70631" lon="126.609986"/><trkpt lat="36.706332" lon="126.610024"/><trkpt lat="36.70641" lon="126.610196"/><trkpt lat="36.706554" lon="126.610512"/><trkpt lat="36.706585" lon="126.610584"/><trkpt lat="36.706599" lon="126.610628"/><trkpt lat="36.706608" lon="126.610672"/><trkpt lat="36.706608" lon="126.610716"/><trkpt lat="36.706597" lon="126.610761"/><trkpt lat="36.706544" lon="126.610895"/><trkpt lat="36.706523" lon="126.610955"/><trkpt lat="36.706517" lon="126.610999"/><trkpt lat="36.706526" lon="126.611038"/><trkpt lat="36.706543" lon="126.611073"/><trkpt lat="36.706569" lon="126.611104"/><trkpt lat="36.706602" lon="126.611129"/><trkpt lat="36.706663" lon="126.611163"/><trkpt lat="36.706701" lon="126.61118"/><trkpt lat="36.70674" lon="126.611191"/><trkpt lat="36.706806" lon="126.611197"/><trkpt lat="36.706845" lon="126.611202"/><trkpt lat="36.706879" lon="126.611217"/><trkpt lat="36.706902" lon="126.611249"/><trkpt lat="36.706918" lon="126.611291"/><trkpt lat="36.706929" lon="126.611337"/><trkpt lat="36.706938" lon="126.611385"/><trkpt lat="36.70694" lon="126.611433"/><trkpt lat="36.706936" lon="126.611482"/><trkpt lat="36.706917" lon="126.611611"/><trkpt lat="36.706909" lon="126.611675"/><trkpt lat="36.706908" lon="126.611722"/><trkpt lat="36.706916" lon="126.611769"/><trkpt lat="36.706935" lon="126.611862"/><trkpt lat="36.706934" lon="126.611905"/><trkpt lat="36.706922" lon="126.611946"/><trkpt lat="36.706899" lon="126.612014"/><trkpt lat="36.706895" lon="126.612058"/><trkpt lat="36.706904" lon="126.612102"/><trkpt lat="36.706925" lon="126.612139"/><trkpt lat="36.706955" lon="126.612169"/><trkpt lat="36.707065" lon="126.612262"/><trkpt lat="36.707096" lon="126.612292"/><trkpt lat="36.707122" lon="126.612326"/><trkpt lat="36.707143" lon="126.612366"/><trkpt lat="36.707191" lon="126.612481"/><trkpt lat="36.707216" lon="126.612538"/><trkpt lat="36.707238" lon="126.612578"/><trkpt lat="36.707265" lon="126.612612"/><trkpt lat="36.707304" lon="126.612655"/><trkpt lat="36.707384" lon="126.612737"/><trkpt lat="36.70741" lon="126.612772"/><trkpt lat="36.707427" lon="126.612812"/><trkpt lat="36.707437" lon="126.612858"/><trkpt lat="36.707465" lon="126.613049"/><trkpt lat="36.707478" lon="126.613112"/><trkpt lat="36.70751" lon="126.613221"/><trkpt lat="36.707608" lon="126.61353"/><trkpt lat="36.707627" lon="126.613573"/><trkpt lat="36.707657" lon="126.613628"/><trkpt lat="36.707783" lon="126.613826"/><trkpt lat="36.707823" lon="126.613893"/><trkpt lat="36.707841" lon="126.613934"/><trkpt lat="36.707848" lon="126.613977"/><trkpt lat="36.707848" lon="126.614052"/><trkpt lat="36.707853" lon="126.614101"/><trkpt lat="36.707866" lon="126.614165"/><trkpt lat="36.707893" lon="126.614294"/><trkpt lat="36.707899" lon="126.614341"/><trkpt lat="36.707894" lon="126.614385"/><trkpt lat="36.707872" lon="126.61445"/><trkpt lat="36.707873" lon="126.614484"/><trkpt lat="36.707894" lon="126.614514"/><trkpt lat="36.707925" lon="126.614542"/><trkpt lat="36.708002" lon="126.614608"/><trkpt lat="36.708032" lon="126.61464"/><trkpt lat="36.708068" lon="126.61469"/><trkpt lat="36.708108" lon="126.614756"/><trkpt lat="36.708129" lon="126.614796"/><trkpt lat="36.70814" lon="126.61484"/><trkpt lat="36.708142" lon="126.614884"/><trkpt lat="36.708139" lon="126.614961"/><trkpt lat="36.70814" lon="126.615005"/><trkpt lat="36.708153" lon="126.615047"/><trkpt lat="36.708174" lon="126.615085"/><trkpt lat="36.708258" lon="126.615209"/><trkpt lat="36.708307" lon="126.615284"/><trkpt lat="36.708327" lon="126.615324"/><trkpt lat="36.708348" lon="126.615393"/><trkpt lat="36.708363" lon="126.615427"/><trkpt lat="36.708391" lon="126.615446"/><trkpt lat="36.708428" lon="126.615456"/><trkpt lat="36.708547" lon="126.615475"/><trkpt lat="36.708599" lon="126.615486"/><trkpt lat="36.708635" lon="126.6155"/><trkpt lat="36.708665" lon="126.615525"/><trkpt lat="36.708689" lon="126.615561"/><trkpt lat="36.708728" lon="126.615623"/><trkpt lat="36.708754" lon="126.615653"/><trkpt lat="36.708786" lon="126.615673"/><trkpt lat="36.708841" lon="126.615701"/><trkpt lat="36.708868" lon="126.61573"/><trkpt lat="36.70889" lon="126.61577"/><trkpt lat="36.708948" lon="126.6159"/><trkpt lat="36.708969" lon="126.61594"/><trkpt lat="36.708996" lon="126.615974"/><trkpt lat="36.709029" lon="126.616"/><trkpt lat="36.709085" lon="126.616038"/><trkpt lat="36.709113" lon="126.616067"/><trkpt lat="36.709134" lon="126.616118"/><trkpt lat="36.709151" lon="126.616153"/><trkpt lat="36.709179" lon="126.616173"/><trkpt lat="36.709213" lon="126.616186"/><trkpt lat="36.70928" lon="126.616205"/><trkpt lat="36.709322" lon="126.616225"/><trkpt lat="36.709345" lon="126.616248"/><trkpt lat="36.709346" lon="126.616257"/></trkseg>
<trkseg><trkpt lat="36.73123" lon="126.610666"/><trkpt lat="36.731254" lon="126.61071"/><trkpt lat="36.731276" lon="126.610761"/><trkpt lat="36.731289" lon="126.610817"/><trkpt lat="36.731293" lon="126.610866"/><trkpt lat="36.731293" lon="126.610915"/><trkpt lat="36.731286" lon="126.610963"/><trkpt lat="36.73126" lon="126.611056"/><trkpt lat="36.731184" lon="126.611304"/><trkpt lat="36.731172" lon="126.611351"/><trkpt lat="36.731164" lon="126.611398"/><trkpt lat="36.731161" lon="126.611445"/><trkpt lat="36.731157" lon="126.611538"/><trkpt lat="36.73115" lon="126.611581"/><trkpt lat="36.731132" lon="126.611617"/><trkpt lat="36.731077" lon="126.611679"/><trkpt lat="36.731052" lon="126.611712"/><trkpt lat="36.731038" lon="126.611751"/><trkpt lat="36.731033" lon="126.611796"/><trkpt lat="36.731029" lon="126.611873"/><trkpt lat="36.731024" lon="126.611917"/><trkpt lat="36.731009" lon="126.611955"/><trkpt lat="36.730985" lon="126.611986"/><trkpt lat="36.730949" lon="126.612025"/><trkpt lat="36.730931" lon="126.612061"/><trkpt lat="36.730924" lon="126.612105"/><trkpt lat="36.730922" lon="126.612152"/><trkpt lat="36.730924" lon="126.612379"/><trkpt lat="36.730922" lon="126.612443"/><trkpt lat="36.730915" lon="126.612489"/><trkpt lat="36.730901" lon="126.612534"/><trkpt lat="36.730858" lon="126.612649"/><trkpt lat="36.730845" lon="126.612693"/><trkpt lat="36.730839" lon="126.612737"/><trkpt lat="36.730843" lon="126.612784"/><trkpt lat="36.730854" lon="126.612847"/><trkpt lat="36.73089" lon="126.613036"/><trkpt lat="36.730896" lon="126.613084"/><trkpt lat="36.730901" lon="126.613183"/><trkpt lat="36.730912" lon="126.61353"/><trkpt lat="36.730918" lon="126.613595"/><trkpt lat="36.730927" lon="126.613641"/><trkpt lat="36.730951" lon="126.613716"/><trkpt lat="36.730984" lon="126.613804"/><trkpt lat="36.731003" lon="126.613846"/><trkpt lat="36.731027" lon="126.613886"/><trkpt lat="36.731263" lon="126.614208"/><trkpt lat="36.73139" lon="126.614382"/><trkpt lat="36.731414" lon="126.614421"/><trkpt lat="36.731429" lon="126.614463"/><trkpt lat="36.731434" lon="126.61451"/><trkpt lat="36.731434" lon="126.614576"/><trkpt lat="36.73143" lon="126.614741"/><trkpt lat="36.731433" lon="126.61479"/><trkpt lat="36.731442" lon="126.614834"/><trkpt lat="36.731462" lon="126.614888"/><trkpt lat="36.731472" lon="126.614932"/><trkpt lat="36.731479" lon="126.614996"/><trkpt lat="36.731482" lon="126.615078"/><trkpt lat="36.73148" lon="126.615127"/><trkpt lat="36.731472" lon="126.615173"/><trkpt lat="36.731456" lon="126.615217"/><trkpt lat="36.73142" lon="126.615302"/><trkpt lat="36.73141" lon="126.615346"/><trkpt lat="36.73141" lon="126.615387"/><trkpt lat="36.731416" lon="126.615428"/><trkpt lat="36.731431" lon="126.615471"/><trkpt lat="36.731476" lon="126.615568"/><trkpt lat="36.731491" lon="126.615611"/><trkpt lat="36.731496" lon="126.615656"/><trkpt lat="36.731493" lon="126.615703"/><trkpt lat="36.731478" lon="126.615816"/><trkpt lat="36.731475" lon="126.615864"/><trkpt lat="36.731478" lon="126.615911"/><trkpt lat="36.73149" lon="126.615956"/><trkpt lat="36.731533" lon="126.616077"/><trkpt lat="36.731573" lon="126.61618"/><trkpt lat="36.731594" lon="126.616222"/><trkpt lat="36.73162" lon="126.616258"/><trkpt lat="36.731669" lon="126.616315"/><trkpt lat="36.731741" lon="126.616391"/><trkpt lat="36.731773" lon="126.616421"/><trkpt lat="36.731807" lon="126.616445"/><trkpt lat="36.731879" lon="126.616489"/><trkpt lat="36.732285" lon="126.61673"/><trkpt lat="36.732319" lon="126.616754"/><trkpt lat="36.732349" lon="126.616783"/><trkpt lat="36.73239" lon="126.616842"/><trkpt lat="36.732419" lon="126.616874"/><trkpt lat="36.732451" lon="126.616902"/><trkpt lat="36.732541" lon="126.616973"/><trkpt lat="36.732572" lon="126.617001"/><trkpt lat="36.732594" lon="126.617034"/><trkpt lat="36.7326" lon="126.617077"/><trkpt lat="36.732599" lon="126.617125"/><trkpt lat="36.732591" lon="126.617223"/><trkpt lat="36.732594" lon="126.617269"/><trkpt lat="36.732609" lon="126.617305"/><trkpt lat="36.732635" lon="126.617335"/><trkpt lat="36.732682" lon="126.617383"/><trkpt lat="36.732706" lon="126.617417"/><trkpt lat="36.732726" lon="126.617458"/><trkpt lat="36.732755" lon="126.617532"/><trkpt lat="36.732841" lon="126.617771"/><trkpt lat="36.732855" lon="126.617817"/><trkpt lat="36.732864" lon="126.617864"/><trkpt lat="36.732877" lon="126.617977"/><trkpt lat="36.732885" lon="126.618024"/><trkpt lat="36.7329" lon="126.618069"/><trkpt lat="36.732944" lon="126.61817"/><trkpt lat="36.733088" lon="126.618485"/><trkpt lat="36.733106" lon="126.618529"/><trkpt lat="36.733119" lon="126.618575"/><trkpt lat="36.733131" lon="126.618639"/><trkpt lat="36.733151" lon="126.618785"/><trkpt lat="36.733162" lon="126.618831"/><trkpt lat="36.73318" lon="126.618871"/><trkpt lat="36.733204" lon="126.618907"/><trkpt lat="36.733245" lon="126.618965"/><trkpt lat="36.733266" lon="126.619003"/><trkpt lat="36.733278" lon="126.619048"/><trkpt lat="36.733295" lon="126.619161"/><trkpt lat="36.733304" lon="126.619208"/><trkpt lat="36.73332" lon="126.61925"/><trkpt lat="36.733345" lon="126.619287"/><trkpt lat="36.733395" lon="126.619343"/><trkpt lat="36.733801" lon="126.619784"/><trkpt lat="36.73384" lon="126.619829"/><trkpt lat="36.733864" lon="126.619866"/><trkpt lat="36.733874" lon="126.619908"/><trkpt lat="36.733875" lon="126.619955"/><trkpt lat="36.733859" lon="126.620137"/><trkpt lat="36.73384" lon="126.620351"/><trkpt lat="36.733831" lon="126.620399"/><trkpt lat="36.733817" lon="126.620445"/><trkpt lat="36.733764" lon="126.620578"/><trkpt lat="36.733751" lon="126.620618"/><trkpt lat="36.733747" lon="126.620651"/><trkpt lat="36.733756" lon="126.62067"/><trkpt lat="36.73376" lon="126.620691"/><trkpt lat="36.733748" lon="126.620723"/><trkpt lat="36.733706" lon="126.620798"/><trkpt lat="36.733687" lon="126.620838"/><trkpt lat="36.733675" lon="126.620891"/><trkpt lat="36.733664" lon="126.620925"/><trkpt lat="36.733639" lon="126.620949"/><trkpt lat="36.733605" lon="126.620965"/><trkpt lat="36.733533" lon="126.620994"/><trkpt lat="36.7335" lon="126.62101"/><trkpt lat="36.73348" lon="126.621033"/><trkpt lat="36.733479" lon="126.621067"/><trkpt lat="36.733498" lon="126.621137"/><trkpt lat="36.733508" lon="126.621182"/><trkpt lat="36.733509" lon="126.621227"/><trkpt lat="36.733499" lon="126.621316"/><trkpt lat="36.733503" lon="126.621353"/><trkpt lat="36.733524" lon="126.621378"/><trkpt lat="36.733557" lon="126.621395"/><trkpt lat="36.73362" lon="126.621419"/><trkpt lat="36.733683" lon="126.621441"/></trkseg>
<trkseg><trkpt lat="36.725974" lon="126.613642"/><trkpt lat="36.726035" lon="126.61361"/><trkpt lat="36.726082" lon="126.613589"/><trkpt lat="36.72612" lon="126.613581"/><trkpt lat="36.726153" lon="126.613591"/><trkpt lat="36.726206" lon="126.61363"/><trkpt lat="36.726235" lon="126.613648"/><trkpt lat="36.726259" lon="126.613644"/><trkpt lat="36.726278" lon="126.613614"/><trkpt lat="36.726308" lon="126.613545"/><trkpt lat="36.726331" lon="126.613506"/><trkpt lat="36.726376" lon="126.613447"/><trkpt lat="36.72644" lon="126.613366"/><trkpt lat="36.726463" lon="126.613329"/><trkpt lat="36.726478" lon="126.613287"/><trkpt lat="36.726485" lon="126.61324"/><trkpt lat="36.726499" lon="126.613093"/><trkpt lat="36.726506" lon="126.613045"/><trkpt lat="36.726518" lon="126.613"/><trkpt lat="36.726534" lon="126.612957"/><trkpt lat="36.726571" lon="126.612873"/><trkpt lat="36.726598" lon="126.61282"/><trkpt lat="36.726623" lon="126.612787"/><trkpt lat="36.726652" lon="126.612764"/><trkpt lat="36.72669" lon="126.612738"/><trkpt lat="36.726706" lon="126.61271"/><trkpt lat="36.726707" lon="126.612668"/><trkpt lat="36.726701" lon="126.612621"/><trkpt lat="36.726653" lon="126.612357"/><trkpt lat="36.726641" lon="126.612294"/><trkpt lat="36.726628" lon="126.612252"/><trkpt lat="36.726606" lon="126.612228"/><trkpt lat="36.726551" lon="126.61222"/><trkpt lat="36.726518" lon="126.612209"/><trkpt lat="36.726486" lon="126.612183"/><trkpt lat="36.726457" lon="126.612149"/><trkpt lat="36.726134" lon="126.611743"/></trkseg>
<trkseg><trkpt lat="36.725974" lon="126.613642"/><trkpt lat="36.725867" lon="126.61333"/><trkpt lat="36.725844" lon="126.613272"/><trkpt lat="36.725822" lon="126.613232"/><trkpt lat="36.725749" lon="126.613116"/><trkpt lat="36.725699" lon="126.613041"/><trkpt lat="36.725671" lon="126.613007"/><trkpt lat="36.725629" lon="126.612968"/><trkpt lat="36.725497" lon="126.612857"/><trkpt lat="36.725466" lon="126.612828"/><trkpt lat="36.725442" lon="126.612796"/><trkpt lat="36.725432" lon="126.612756"/><trkpt lat="36.725435" lon="126.612711"/><trkpt lat="36.725445" lon="126.612649"/><trkpt lat="36.725455" lon="126.612606"/><trkpt lat="36.725469" lon="126.612576"/><trkpt lat="36.725488" lon="126.612573"/><trkpt lat="36.725529" lon="126.612548"/><trkpt lat="36.725571" lon="126.61255"/><trkpt lat="36.725602" lon="126.612535"/><trkpt lat="36.725634" lon="126.612509"/><trkpt lat="36.725664" lon="126.612476"/><trkpt lat="36.725701" lon="126.612426"/><trkpt lat="36.725812" lon="126.612258"/><trkpt lat="36.725845" lon="126.612205"/><trkpt lat="36.725866" lon="126.612163"/><trkpt lat="36.725887" lon="126.612104"/><trkpt lat="36.725922" lon="126.611998"/><trkpt lat="36.725941" lon="126.611956"/><trkpt lat="36.725966" lon="126.61192"/><trkpt lat="36.726024" lon="126.611856"/><trkpt lat="36.726134" lon="126.611743"/></trkseg>
<trkseg><trkpt lat="36.72447" lon="126.608296"/><trkpt lat="36.724302" lon="126.608781"/><trkpt lat="36.724284" lon="126.608824"/><trkpt lat="36.724262" lon="126.608864"/><trkpt lat="36.724234" lon="126.608898"/><trkpt lat="36.724011" lon="126.609129"/><trkpt lat="36.723952" lon="126.609192"/><trkpt lat="36.723925" lon="126.609227"/><trkpt lat="36.723905" lon="126.609267"/><trkpt lat="36.723891" lon="126.609311"/><trkpt lat="36.723861" lon="126.609418"/><trkpt lat="36.723845" lon="126.609461"/><trkpt lat="36.723823" lon="126.609501"/><trkpt lat="36.723773" lon="126.609577"/><trkpt lat="36.723751" lon="126.609617"/><trkpt lat="36.723725" lon="126.609675"/><trkpt lat="36.723547" lon="126.610132"/><trkpt lat="36.723521" lon="126.610189"/><trkpt lat="36.723497" lon="126.610228"/><trkpt lat="36.723425" lon="126.610326"/><trkpt lat="36.72339" lon="126.610375"/><trkpt lat="36.723368" lon="126.610414"/><trkpt lat="36.723356" lon="126.610459"/><trkpt lat="36.723352" lon="126.610507"/><trkpt lat="36.723348" lon="126.61069"/><trkpt lat="36.723343" lon="126.610823"/><trkpt lat="36.723337" lon="126.610872"/><trkpt lat="36.723322" lon="126.610931"/><trkpt lat="36.723314" lon="126.610973"/><trkpt lat="36.72332" lon="126.611009"/><trkpt lat="36.723342" lon="126.611038"/><trkpt lat="36.723404" lon="126.611091"/><trkpt lat="36.723434" lon="126.611119"/><trkpt lat="36.723455" lon="126.611151"/><trkpt lat="36.723467" lon="126.611213"/><trkpt lat="36.723478" lon="126.611254"/><trkpt lat="36.723509" lon="126.611323"/><trkpt lat="36.723524" lon="126.611364"/><trkpt lat="36.723528" lon="126.611406"/><trkpt lat="36.723516" lon="126.611461"/><trkpt lat="36.72351" lon="126.611505"/><trkpt lat="36.723515" lon="126.611578"/><trkpt lat="36.723516" lon="126.611608"/><trkpt lat="36.723527" lon="126.611617"/><trkpt lat="36.723556" lon="126.611624"/><trkpt lat="36.723584" lon="126.611644"/><trkpt lat="36.723611" lon="126.61167"/><trkpt lat="36.723638" lon="126.611703"/><trkpt lat="36.723662" lon="126.611742"/><trkpt lat="36.723723" lon="126.611853"/><trkpt lat="36.723751" lon="126.61191"/><trkpt lat="36.723766" lon="126.611956"/><trkpt lat="36.723782" lon="126.612019"/><trkpt lat="36.723849" lon="126.612326"/><trkpt lat="36.723903" lon="126.612568"/><trkpt lat="36.723912" lon="126.612617"/><trkpt lat="36.723915" lon="126.612664"/><trkpt lat="36.723907" lon="126.612705"/><trkpt lat="36.723889" lon="126.612739"/><trkpt lat="36.72386" lon="126.612761"/><trkpt lat="36.723803" lon="126.612789"/><trkpt lat="36.723771" lon="126.61281"/><trkpt lat="36.723745" lon="126.612841"/><trkpt lat="36.723724" lon="126.612879"/><trkpt lat="36.723707" lon="126.612921"/><trkpt lat="36.723695" lon="126.612967"/><trkpt lat="36.723625" lon="126.613391"/><trkpt lat="36.723611" lon="126.613472"/><trkpt lat="36.723599" lon="126.613519"/><trkpt lat="36.723581" lon="126.613562"/><trkpt lat="36.723557" lon="126.613602"/><trkpt lat="36.723323" lon="126.613948"/><trkpt lat="36.723211" lon="126.614115"/><trkpt lat="36.723189" lon="126.614156"/><trkpt lat="36.723173" lon="126.6142"/><trkpt lat="36.723166" lon="126.614247"/><trkpt lat="36.723167" lon="126.614294"/><trkpt lat="36.723175" lon="126.614366"/><trkpt lat="36.723167" lon="126.614408"/><trkpt lat="36.723152" lon="126.614466"/><trkpt lat="36.723144" lon="126.614513"/><trkpt lat="36.723129" lon="126.614673"/><trkpt lat="36.723122" lon="126.614769"/><trkpt lat="36.723124" lon="126.614815"/><trkpt lat="36.723135" lon="126.614859"/><trkpt lat="36.723155" lon="126.6149"/><trkpt lat="36.723216" lon="126.615007"/><trkpt lat="36.723235" lon="126.615047"/><trkpt lat="36.723245" lon="126.615087"/><trkpt lat="36.723236" lon="126.615129"/><trkpt lat="36.723218" lon="126.615171"/><trkpt lat="36.723137" lon="126.615324"/><trkpt lat="36.723111" lon="126.615381"/><trkpt lat="36.723099" lon="126.615426"/><trkpt lat="36.723096" lon="126.615473"/><trkpt lat="36.723097" lon="126.615554"/><trkpt lat="36.723103" lon="126.615666"/><trkpt lat="36.723109" lon="126.615713"/><trkpt lat="36.72312" lon="126.615756"/><trkpt lat="36.723146" lon="126.615823"/><trkpt lat="36.723158" lon="126.615865"/><trkpt lat="36.72316" lon="126.615911"/><trkpt lat="36.723158" lon="126.615958"/><trkpt lat="36.723152" lon="126.616006"/><trkpt lat="36.723143" lon="126.616052"/><trkpt lat="36.723127" lon="126.616111"/><trkpt lat="36.723098" lon="126.616197"/><trkpt lat="36.72308" lon="126.616238"/><trkpt lat="36.72305" lon="126.616292"/><trkpt lat="36.722849" lon="126.616621"/><trkpt lat="36.722811" lon="126.616687"/><trkpt lat="36.722792" lon="126.616728"/><trkpt lat="36.722782" lon="126.616772"/><trkpt lat="36.722777" lon="126.616848"/><trkpt lat="36.722772" lon="126.616893"/><trkpt lat="36.722761" lon="126.616935"/><trkpt lat="36.722733" lon="126.616987"/><trkpt lat="36.722719" lon="126.617031"/><trkpt lat="36.722711" lon="126.617079"/><trkpt lat="36.722688" lon="126.617362"/><trkpt lat="36.722671" lon="126.61758"/><trkpt lat="36.722663" lon="126.617627"/><trkpt lat="36.722646" lon="126.617667"/><trkpt lat="36.722618" lon="126.617698"/><trkpt lat="36.722542" lon="126.61776"/><trkpt lat="36.7225" lon="126.617798"/><trkpt lat="36.722474" lon="126.617832"/><trkpt lat="36.722453" lon="126.617872"/><trkpt lat="36.722425" lon="126.617946"/><trkpt lat="36.722288" lon="126.618319"/><trkpt lat="36.722269" lon="126.618379"/><trkpt lat="36.722261" lon="126.618427"/><trkpt lat="36.722256" lon="126.618476"/><trkpt lat="36.722245" lon="126.618708"/><trkpt lat="36.722239" lon="126.618774"/><trkpt lat="36.722227" lon="126.618838"/><trkpt lat="36.722134" lon="126.619249"/><trkpt lat="36.722119" lon="126.619324"/><trkpt lat="36.722117" lon="126.61936"/><trkpt lat="36.722127" lon="126.619378"/><trkpt lat="36.722145" lon="126.619394"/><trkpt lat="36.722178" lon="126.619444"/><trkpt lat="36.722201" lon="126.619475"/><trkpt lat="36.722227" lon="126.619497"/><trkpt lat="36.722266" lon="126.619523"/><trkpt lat="36.722296" lon="126.619552"/><trkpt lat="36.722343" lon="126.619608"/><trkpt lat="36.722389" lon="126.619666"/><trkpt lat="36.722412" lon="126.619703"/><trkpt lat="36.722424" lon="126.619744"/><trkpt lat="36.722423" lon="126.61979"/><trkpt lat="36.7224" lon="126.619937"/><trkpt lat="36.722389" lon="126.620019"/><trkpt lat="36.722387" lon="126.620067"/><trkpt lat="36.722392" lon="126.620147"/><trkpt lat="36.722399" lon="126.620222"/></trkseg>
<trkseg><trkpt lat="36.71516" lon="126.604378"/><trkpt lat="36.715158" lon="126.604401"/><trkpt lat="36.715165" lon="126.60445"/><trkpt lat="36.715187" lon="126.604498"/><trkpt lat="36.715216" lon="126.604529"/><trkpt lat="36.715259" lon="126.604554"/><trkpt lat="36.715287" lon="126.60458"/><trkpt lat="36.715306" lon="126.604619"/><trkpt lat="36.715332" lon="126.604694"/><trkpt lat="36.715349" lon="126.604756"/><trkpt lat="36.715356" lon="126.604804"/><trkpt lat="36.715353" lon="126.60485"/><trkpt lat="36.715336" lon="126.604944"/><trkpt lat="36.715326" lon="126.605007"/><trkpt lat="36.715324" lon="126.605052"/><trkpt lat="36.715333" lon="126.60509"/><trkpt lat="36.71535" lon="126.605121"/><trkpt lat="36.715375" lon="126.605138"/><trkpt lat="36.715412" lon="126.605154"/><trkpt lat="36.715431" lon="126.605182"/><trkpt lat="36.715452" lon="126.605233"/><trkpt lat="36.715473" lon="126.605271"/><trkpt lat="36.715524" lon="126.60534"/><trkpt lat="36.715549" lon="126.605375"/><trkpt lat="36.715567" lon="126.605412"/><trkpt lat="36.715573" lon="126.605456"/><trkpt lat="36.715576" lon="126.60553"/><trkpt lat="36.715589" lon="126.605563"/><trkpt lat="36.715611" lon="126.605588"/><trkpt lat="36.715624" lon="126.605619"/><trkpt lat="36.715633" lon="126.60567"/><trkpt lat="36.715646" lon="126.605709"/><trkpt lat="36.715666" lon="126.605747"/><trkpt lat="36.715702" lon="126.605809"/><trkpt lat="36.715717" lon="126.605847"/><trkpt lat="36.715723" lon="126.605885"/><trkpt lat="36.715717" lon="126.605926"/><trkpt lat="36.715698" lon="126.605984"/><trkpt lat="36.715691" lon="126.606029"/><trkpt lat="36.715694" lon="126.606076"/><trkpt lat="36.715707" lon="126.606156"/><trkpt lat="36.715714" lon="126.606204"/><trkpt lat="36.715714" lon="126.606251"/><trkpt lat="36.715705" lon="126.606298"/><trkpt lat="36.715692" lon="126.606344"/><trkpt lat="36.715677" lon="126.606389"/><trkpt lat="36.715658" lon="126.606431"/><trkpt lat="36.715628" lon="126.606483"/><trkpt lat="36.715573" lon="126.606571"/><trkpt lat="36.715555" lon="126.606611"/><trkpt lat="36.715546" lon="126.606654"/><trkpt lat="36.715544" lon="126.606743"/><trkpt lat="36.715541" lon="126.606783"/><trkpt lat="36.715529" lon="126.606811"/><trkpt lat="36.715504" lon="126.606832"/><trkpt lat="36.7155" lon="126.606856"/><trkpt lat="36.715509" lon="126.606901"/><trkpt lat="36.715507" lon="126.60694"/><trkpt lat="36.715493" lon="126.60698"/><trkpt lat="36.715471" lon="126.607018"/><trkpt lat="36.715426" lon="126.607079"/><trkpt lat="36.7154" lon="126.607115"/><trkpt lat="36.715382" lon="126.607154"/><trkpt lat="36.715378" lon="126.607197"/><trkpt lat="36.715376" lon="126.607274"/><trkpt lat="36.715369" lon="126.607322"/><trkpt lat="36.715344" lon="126.607433"/><trkpt lat="36.715319" lon="126.607526"/><trkpt lat="36.715301" lon="126.60757"/><trkpt lat="36.715278" lon="126.60761"/><trkpt lat="36.715108" lon="126.607868"/><trkpt lat="36.714998" lon="126.608035"/><trkpt lat="36.714978" lon="126.608075"/><trkpt lat="36.714969" lon="126.608117"/><trkpt lat="36.714973" lon="126.608158"/><trkpt lat="36.714983" lon="126.60823"/><trkpt lat="36.714978" lon="126.608273"/><trkpt lat="36.714964" lon="126.608317"/><trkpt lat="36.71493" lon="126.608402"/><trkpt lat="36.714918" lon="126.608445"/><trkpt lat="36.714917" lon="126.608484"/><trkpt lat="36.714931" lon="126.60853"/><trkpt lat="36.714934" lon="126.608565"/><trkpt lat="36.714925" lon="126.608593"/><trkpt lat="36.714904" lon="126.6086"/><trkpt lat="36.714859" lon="126.608585"/><trkpt lat="36.714844" lon="126.608592"/><trkpt lat="36.714846" lon="126.608625"/><trkpt lat="36.714856" lon="126.608698"/><trkpt lat="36.714852" lon="126.608745"/><trkpt lat="36.71484" lon="126.60879"/><trkpt lat="36.714825" lon="126.608835"/><trkpt lat="36.714806" lon="126.608876"/><trkpt lat="36.714783" lon="126.60891"/><trkpt lat="36.714752" lon="126.60893"/><trkpt lat="36.714709" lon="126.608952"/><trkpt lat="36.714686" lon="126.608981"/><trkpt lat="36.714659" lon="126.609028"/><trkpt lat="36.71463" lon="126.609056"/><trkpt lat="36.714583" lon="126.609086"/><trkpt lat="36.714512" lon="126.609129"/><trkpt lat="36.714482" lon="126.609156"/><trkpt lat="36.714462" lon="126.609193"/><trkpt lat="36.714452" lon="126.609238"/><trkpt lat="36.714439" lon="126.609335"/><trkpt lat="36.714429" lon="126.609397"/><trkpt lat="36.714417" lon="126.609433"/><trkpt lat="36.714394" lon="126.60945"/><trkpt lat="36.714357" lon="126.609462"/><trkpt lat="36.714337" lon="126.609485"/><trkpt lat="36.714312" lon="126.609509"/><trkpt lat="36.714255" lon="126.609531"/><trkpt lat="36.714221" lon="126.609548"/><trkpt lat="36.714193" lon="126.609578"/><trkpt lat="36.714173" lon="126.609616"/><trkpt lat="36.714163" lon="126.609659"/><trkpt lat="36.714166" lon="126.609706"/><trkpt lat="36.714177" lon="126.60977"/><trkpt lat="36.714228" lon="126.610012"/><trkpt lat="36.714239" lon="126.610075"/><trkpt lat="36.714239" lon="126.610118"/><trkpt lat="36.714225" lon="126.610151"/><trkpt lat="36.714191" lon="126.610188"/><trkpt lat="36.714163" lon="126.61022"/><trkpt lat="36.71411" lon="126.610295"/><trkpt lat="36.713926" lon="126.610582"/><trkpt lat="36.713883" lon="126.610645"/><trkpt lat="36.713855" lon="126.610678"/><trkpt lat="36.713816" lon="126.610712"/><trkpt lat="36.713788" lon="126.610738"/><trkpt lat="36.713769" lon="126.610775"/><trkpt lat="36.713757" lon="126.61082"/><trkpt lat="36.71372" lon="126.61103"/><trkpt lat="36.713632" lon="126.611533"/><trkpt lat="36.71362" lon="126.611614"/><trkpt lat="36.713617" lon="126.611663"/><trkpt lat="36.713621" lon="126.611728"/><trkpt lat="36.713652" lon="126.612039"/><trkpt lat="36.713657" lon="126.612104"/><trkpt lat="36.713655" lon="126.612152"/><trkpt lat="36.713648" lon="126.6122"/><trkpt lat="36.713621" lon="126.612325"/><trkpt lat="36.713614" lon="126.612371"/><trkpt lat="36.713614" lon="126.612415"/><trkpt lat="36.71363" lon="126.612457"/><trkpt lat="36.713662" lon="126.612505"/><trkpt lat="36.71371" lon="126.612566"/></trkseg>
<trkseg><trkpt lat="36.71371" lon="126.612566"/><trkpt lat="36.713645" lon="126.612572"/><trkpt lat="36.713566" lon="126.612577"/><trkpt lat="36.713528" lon="126.612575"/><trkpt lat="36.713494" lon="126.612561"/><trkpt lat="36.713467" lon="126.612533"/><trkpt lat="36.713447" lon="126.612494"/><trkpt lat="36.713428" lon="126.612433"/><trkpt lat="36.713362" lon="126.612179"/><trkpt lat="36.713343" lon="126.612117"/><trkpt lat="36.713324" lon="126.612075"/><trkpt lat="36.713301" lon="126.612039"/><trkpt lat="36.713243" lon="126.611956"/><trkpt lat="36.713221" lon="126.611918"/><trkpt lat="36.713188" lon="126.611847"/><trkpt lat="36.713097" lon="126.61163"/><trkpt lat="36.713081" lon="126.611586"/><trkpt lat="36.713069" lon="126.61154"/><trkpt lat="36.713059" lon="126.611476"/><trkpt lat="36.713027" lon="126.611235"/><trkpt lat="36.713017" lon="126.611172"/><trkpt lat="36.713006" lon="126.611127"/><trkpt lat="36.712989" lon="126.611087"/><trkpt lat="36.712964" lon="126.611038"/><trkpt lat="36.712953" lon="126.610995"/><trkpt lat="36.712951" lon="126.610947"/><trkpt lat="36.712949" lon="126.610865"/><trkpt lat="36.712941" lon="126.610819"/><trkpt lat="36.712926" lon="126.610775"/><trkpt lat="36.712901" lon="126.610718"/><trkpt lat="36.712748" lon="126.610393"/><trkpt lat="36.712713" lon="126.610324"/><trkpt lat="36.712688" lon="126.610286"/><trkpt lat="36.712646" lon="126.610226"/><trkpt lat="36.712634" lon="126.61019"/><trkpt lat="36.712644" lon="126.610134"/><trkpt lat="36.712648" lon="126.610092"/><trkpt lat="36.712643" lon="126.610046"/><trkpt lat="36.712627" lon="126.609949"/><trkpt lat="36.712611" lon="126.609868"/><trkpt lat="36.712599" lon="126.609824"/><trkpt lat="36.712581" lon="126.609788"/><trkpt lat="36.712538" lon="126.609758"/><trkpt lat="36.712511" lon="126.609733"/><trkpt lat="36.712486" lon="126.6097"/><trkpt lat="36.712437" lon="126.60963"/><trkpt lat="36.71241" lon="126.609603"/><trkpt lat="36.71237" lon="126.609586"/><trkpt lat="36.712343" lon="126.60957"/><trkpt lat="36.712311" lon="126.609537"/><trkpt lat="36.712282" lon="126.609516"/><trkpt lat="36.712228" lon="126.609486"/><trkpt lat="36.712197" lon="126.609462"/><trkpt lat="36.712168" lon="126.60943"/><trkpt lat="36.712132" lon="126.609382"/><trkpt lat="36.712044" lon="126.60926"/><trkpt lat="36.712016" lon="126.609227"/><trkpt lat="36.711984" lon="126.609199"/><trkpt lat="36.711938" lon="126.60917"/><trkpt lat="36.711831" lon="126.60911"/><trkpt lat="36.711795" lon="126.609094"/><trkpt lat="36.711758" lon="126.609084"/><trkpt lat="36.71172" lon="126.609082"/><trkpt lat="36.711643" lon="126.609086"/><trkpt lat="36.711606" lon="126.609084"/><trkpt lat="36.711572" lon="126.60907"/><trkpt lat="36.711543" lon="126.609043"/><trkpt lat="36.711516" lon="126.60901"/><trkpt lat="36.711492" lon="126.608974"/><trkpt lat="36.711473" lon="126.608934"/><trkpt lat="36.711463" lon="126.608889"/><trkpt lat="36.711451" lon="126.608811"/><trkpt lat="36.711438" lon="126.608767"/><trkpt lat="36.711417" lon="126.608725"/><trkpt lat="36.711333" lon="126.608595"/><trkpt lat="36.711289" lon="126.608532"/><trkpt lat="36.711261" lon="126.608498"/><trkpt lat="36.71123" lon="126.608475"/><trkpt lat="36.711195" lon="126.608464"/><trkpt lat="36.711124" lon="126.608448"/><trkpt lat="36.711091" lon="126.608431"/><trkpt lat="36.711061" lon="126.608404"/><trkpt lat="36.711014" lon="126.608353"/><trkpt lat="36.710985" lon="126.608328"/><trkpt lat="36.710947" lon="126.608312"/><trkpt lat="36.710919" lon="126.608297"/><trkpt lat="36.710894" lon="126.608268"/><trkpt lat="36.710856" lon="126.608205"/><trkpt lat="36.710805" lon="126.608112"/><trkpt lat="36.710787" lon="126.60807"/><trkpt lat="36.710772" lon="126.608025"/><trkpt lat="36.71075" lon="126.607951"/><trkpt lat="36.710733" lon="126.607913"/><trkpt lat="36.710705" lon="126.607887"/><trkpt lat="36.710669" lon="126.607872"/><trkpt lat="36.710576" lon="126.607848"/><trkpt lat="36.710525" lon="126.607832"/><trkpt lat="36.71049" lon="126.607812"/><trkpt lat="36.710459" lon="126.607785"/><trkpt lat="36.710374" lon="126.607689"/><trkpt lat="36.710345" lon="126.607659"/><trkpt lat="36.710313" lon="126.607635"/><trkpt lat="36.710255" lon="126.607608"/><trkpt lat="36.710221" lon="126.60759"/><trkpt lat="36.710189" lon="126.607565"/><trkpt lat="36.710129" lon="126.607508"/><trkpt lat="36.710099" lon="126.60748"/><trkpt lat="36.710066" lon="126.607458"/><trkpt lat="36.710028" lon="126.607443"/><trkpt lat="36.709951" lon="126.607418"/><trkpt lat="36.709914" lon="126.607402"/><trkpt lat="36.709882" lon="126.607377"/><trkpt lat="36.709846" lon="126.607332"/><trkpt lat="36.709792" lon="126.607263"/><trkpt lat="36.709762" lon="126.607234"/><trkpt lat="36.709727" lon="126.607216"/><trkpt lat="36.709676" lon="126.6072"/><trkpt lat="36.709402" lon="126.607133"/><trkpt lat="36.709365" lon="126.60712"/><trkpt lat="36.709331" lon="126.607101"/><trkpt lat="36.709305" lon="126.607068"/><trkpt lat="36.709283" lon="126.607028"/><trkpt lat="36.70919" lon="126.606827"/><trkpt lat="36.709161" lon="126.606771"/><trkpt lat="36.709135" lon="126.606737"/><trkpt lat="36.709107" lon="126.606713"/><trkpt lat="36.709075" lon="126.6067"/><trkpt lat="36.709041" lon="126.606704"/><trkpt lat="36.708982" lon="126.606728"/><trkpt lat="36.708947" lon="126.606737"/><trkpt lat="36.708914" lon="126.606729"/><trkpt lat="36.708883" lon="126.606702"/><trkpt lat="36.708856" lon="126.606652"/><trkpt lat="36.708842" lon="126.606598"/><trkpt lat="36.708837" lon="126.606574"/></trkseg>
<trkseg><trkpt lat="36.696888" lon="126.600038"/><trkpt lat="36.696723" lon="126.600066"/><trkpt lat="36.696684" lon="126.600068"/><trkpt lat="36.696645" lon="126.600065"/><trkpt lat="36.696489" lon="126.600039"/><trkpt lat="36.696437" lon="126.600031"/><trkpt lat="36.696399" lon="126.600032"/><trkpt lat="36.696363" lon="126.600044"/><trkpt lat="36.696329" lon="126.600066"/><trkpt lat="36.696149" lon="126.600209"/><trkpt lat="36.696048" lon="126.600288"/><trkpt lat="36.696013" lon="126.600312"/><trkpt lat="36.695976" lon="126.600329"/><trkpt lat="36.695897" lon="126.600352"/><trkpt lat="36.695818" lon="126.600369"/><trkpt lat="36.695778" lon="126.600371"/><trkpt lat="36.695739" lon="126.600366"/><trkpt lat="36.695531" lon="126.600319"/><trkpt lat="36.695311" lon="126.600267"/><trkpt lat="36.695274" lon="126.600254"/><trkpt lat="36.695238" lon="126.600233"/><trkpt lat="36.695168" lon="126.600183"/><trkpt lat="36.694824" lon="126.599926"/><trkpt lat="36.694789" lon="126.599905"/><trkpt lat="36.694751" lon="126.599891"/><trkpt lat="36.694699" lon="126.599883"/><trkpt lat="36.694567" lon="126.599869"/><trkpt lat="36.694514" lon="126.599867"/><trkpt lat="36.694476" lon="126.599871"/><trkpt lat="36.694443" lon="126.599885"/><trkpt lat="36.694401" lon="126.59991"/><trkpt lat="36.694367" lon="126.599914"/><trkpt lat="36.694331" lon="126.599904"/><trkpt lat="36.694206" lon="126.59985"/><trkpt lat="36.694156" lon="126.599831"/><trkpt lat="36.694117" lon="126.599823"/><trkpt lat="36.694078" lon="126.599824"/><trkpt lat="36.693757" lon="126.599862"/><trkpt lat="36.693677" lon="126.59987"/><trkpt lat="36.693637" lon="126.599869"/><trkpt lat="36.693599" lon="126.599862"/><trkpt lat="36.693524" lon="126.599838"/><trkpt lat="36.69336" lon="126.599784"/><trkpt lat="36.693322" lon="126.599776"/><trkpt lat="36.693283" lon="126.599777"/><trkpt lat="36.693244" lon="126.599784"/><trkpt lat="36.692559" lon="126.599965"/><trkpt lat="36.692453" lon="126.59999"/><trkpt lat="36.692362" lon="126.600002"/><trkpt lat="36.692127" lon="126.600027"/><trkpt lat="36.692089" lon="126.600026"/><trkpt lat="36.69205" lon="126.600019"/><trkpt lat="36.691935" lon="126.599984"/><trkpt lat="36.691884" lon="126.59997"/><trkpt lat="36.691845" lon="126.599965"/><trkpt lat="36.691541" lon="126.599965"/><trkpt lat="36.691475" lon="126.599968"/><trkpt lat="36.691435" lon="126.599975"/><trkpt lat="36.691358" lon="126.599996"/><trkpt lat="36.691294" lon="126.600017"/><trkpt lat="36.691256" lon="126.600034"/><trkpt lat="36.69122" lon="126.600056"/><trkpt lat="36.690995" lon="126.600211"/><trkpt lat="36.690936" lon="126.60025"/><trkpt lat="36.6909" lon="126.600267"/><trkpt lat="36.690863" lon="126.600271"/><trkpt lat="36.690825" lon="126.600264"/><trkpt lat="36.690735" lon="126.600237"/><trkpt lat="36.690683" lon="126.600225"/><trkpt lat="36.690644" lon="126.600222"/><trkpt lat="36.690605" lon="126.600227"/><trkpt lat="36.6905" lon="126.600252"/><trkpt lat="36.690277" lon="126.600307"/><trkpt lat="36.690238" lon="126.600312"/><trkpt lat="36.6902" lon="126.600308"/><trkpt lat="36.690164" lon="126.600291"/><trkpt lat="36.690104" lon="126.600254"/><trkpt lat="36.689949" lon="126.600151"/><trkpt lat="36.689917" lon="126.600125"/><trkpt lat="36.689891" lon="126.600092"/><trkpt lat="36.689863" lon="126.600046"/><trkpt lat="36.689833" lon="126.600022"/><trkpt lat="36.689785" lon="126.599999"/><trkpt lat="36.689479" lon="126.599882"/><trkpt lat="36.689428" lon="126.599864"/><trkpt lat="36.689376" lon="126.599852"/><trkpt lat="36.68901" lon="126.599794"/><trkpt lat="36.688932" lon="126.599779"/><trkpt lat="36.688895" lon="126.599765"/><trkpt lat="36.688862" lon="126.599741"/><trkpt lat="36.688809" lon="126.59969"/><trkpt lat="36.688427" lon="126.5993"/><trkpt lat="36.688374" lon="126.599249"/><trkpt lat="36.688341" lon="126.599223"/><trkpt lat="36.688165" lon="126.599109"/><trkpt lat="36.688095" lon="126.599066"/><trkpt lat="36.688058" lon="126.599049"/><trkpt lat="36.68802" lon="126.59904"/><trkpt lat="36.687967" lon="126.599033"/><trkpt lat="36.687822" lon="126.599019"/><trkpt lat="36.687785" lon="126.599009"/><trkpt lat="36.68775" lon="126.598989"/><trkpt lat="36.687708" lon="126.598951"/><trkpt lat="36.687492" lon="126.598726"/><trkpt lat="36.687452" lon="126.598682"/><trkpt lat="36.687425" lon="126.598646"/><trkpt lat="36.687404" lon="126.598605"/><trkpt lat="36.68736" lon="126.598504"/><trkpt lat="36.687339" lon="126.598464"/><trkpt lat="36.687313" lon="126.598433"/><trkpt lat="36.687281" lon="126.598412"/><trkpt lat="36.687211" lon="126.59838"/><trkpt lat="36.687177" lon="126.598361"/><trkpt lat="36.687142" lon="126.598336"/><trkpt lat="36.686914" lon="126.598129"/><trkpt lat="36.686654" lon="126.59789"/><trkpt lat="36.686603" lon="126.597837"/><trkpt lat="36.686337" lon="126.59754"/><trkpt lat="36.686306" lon="126.597509"/><trkpt lat="36.686273" lon="126.597484"/><trkpt lat="36.686237" lon="126.597466"/><trkpt lat="36.686164" lon="126.597434"/><trkpt lat="36.686133" lon="126.597414"/><trkpt lat="36.686114" lon="126.597387"/><trkpt lat="36.686097" lon="126.597362"/><trkpt lat="36.686056" lon="126.597356"/><trkpt lat="36.686012" lon="126.597313"/><trkpt lat="36.685985" lon="126.59728"/><trkpt lat="36.685945" lon="126.597239"/><trkpt lat="36.685863" lon="126.597159"/><trkpt lat="36.685837" lon="126.597126"/><trkpt lat="36.685818" lon="126.597087"/><trkpt lat="36.685805" lon="126.597042"/><trkpt lat="36.685782" lon="126.596933"/><trkpt lat="36.685767" lon="126.596871"/><trkpt lat="36.685751" lon="126.596828"/><trkpt lat="36.68573" lon="126.596789"/><trkpt lat="36.685692" lon="126.596725"/><trkpt lat="36.68565" lon="126.596665"/><trkpt lat="36.685611" lon="126.596619"/><trkpt lat="36.685489" lon="126.596489"/><trkpt lat="36.685458" lon="126.59646"/><trkpt lat="36.685424" lon="126.59644"/><trkpt lat="36.685389" lon="126.596431"/><trkpt lat="36.685353" lon="126.59643"/><trkpt lat="36.685315" lon="126.596436"/><trkpt lat="36.685228" lon="126.596468"/><trkpt lat="36.685179" lon="126.596484"/><trkpt lat="36.685142" lon="126.596485"/><trkpt lat="36.685106" lon="126.596476"/><trkpt lat="36.685045" lon="126.596454"/><trkpt lat="36.685009" lon="126.596444"/><trkpt lat="36.684969" lon="126.596444"/><trkpt lat="36.68493" lon="126.596449"/><trkpt lat="36.684891" lon="126.596459"/><trkpt lat="36.684854" lon="126.596475"/><trkpt lat="36.684807" lon="126.596501"/><trkpt lat="36.684726" lon="126.596548"/><trkpt lat="36.684691" lon="126.59656"/><trkpt lat="36.684658" lon="126.596555"/><trkpt lat="36.684624" lon="126.596536"/><trkpt lat="36.684536" lon="126.59647"/><trkpt lat="36.684491" lon="126.596438"/><trkpt lat="36.684457" lon="126.59642"/><trkpt lat="36.684421" lon="126.596415"/><trkpt lat="36.684383" lon="126.59642"/><trkpt lat="36.684305" lon="126.596436"/><trkpt lat="36.684267" lon="126.596439"/><trkpt lat="36.684204" lon="126.596427"/><trkpt lat="36.684166" lon="126.596424"/><trkpt lat="36.68413" lon="126.596435"/><trkpt lat="36.684083" lon="126.596461"/><trkpt lat="36.684012" lon="126.596502"/><trkpt lat="36.683975" lon="126.596516"/><trkpt lat="36.683937" lon="126.596524"/><trkpt lat="36.683726" lon="126.596541"/><trkpt lat="36.683674" lon="126.596547"/><trkpt lat="36.683637" lon="126.596555"/><trkpt lat="36.683602" lon="126.596574"/><trkpt lat="36.68356" lon="126.59661"/><trkpt lat="36.683376" lon="126.596793"/><trkpt lat="36.683347" lon="126.596825"/><trkpt lat="36.683321" lon="126.596861"/><trkpt lat="36.683218" lon="126.597046"/><trkpt lat="36.683187" lon="126.597097"/><trkpt lat="36.683161" lon="126.597131"/><trkpt lat="36.683129" lon="126.597158"/><trkpt lat="36.683082" lon="126.597187"/><trkpt lat="36.682685" lon="126.597415"/><trkpt lat="36.682626" lon="126.597452"/><trkpt lat="36.682595" lon="126.597478"/><trkpt lat="36.682572" lon="126.597512"/><trkpt lat="36.682539" lon="126.597592"/><trkpt lat="36.682521" lon="126.59763"/><trkpt lat="36.682493" lon="126.59766"/><trkpt lat="36.682459" lon="126.597681"/><trkpt lat="36.682346" lon="126.597734"/><trkpt lat="36.682297" lon="126.597759"/><trkpt lat="36.682265" lon="126.597781"/><trkpt lat="36.682245" lon="126.597812"/><trkpt lat="36.682239" lon="126.597853"/><trkpt lat="36.682234" lon="126.597929"/><trkpt lat="36.682224" lon="126.597973"/><trkpt lat="36.682208" lon="126.598014"/><trkpt lat="36.682187" lon="126.598052"/><trkpt lat="36.682164" lon="126.598082"/><trkpt lat="36.682134" lon="126.598097"/><trkpt lat="36.6821" lon="126.598099"/><trkpt lat="36.682069" lon="126.598094"/><trkpt lat="36.682048" lon="126.598082"/><trkpt lat="36.68204" lon="126.598057"/><trkpt lat="36.682021" lon="126.598037"/><trkpt lat="36.68199" lon="126.598028"/><trkpt lat="36.681928" lon="126.598024"/><trkpt lat="36.681889" lon="126.598017"/><trkpt lat="36.681852" lon="126.598"/><trkpt lat="36.681742" lon="126.597937"/><trkpt lat="36.681693" lon="126.59791"/><trkpt lat="36.681655" lon="126.597896"/><trkpt lat="36.681617" lon="126.597892"/><trkpt lat="36.681566" lon="126.597895"/><trkpt lat="36.681476" lon="126.597904"/><trkpt lat="36.681438" lon="126.597911"/><trkpt lat="36.681401" lon="126.597924"/><trkpt lat="36.681365" lon="126.597946"/><trkpt lat="36.681112" lon="126.598136"/><trkpt lat="36.680962" lon="126.598247"/><trkpt lat="36.680927" lon="126.598267"/><trkpt lat="36.68089" lon="126.598275"/><trkpt lat="36.680852" lon="126.598274"/><trkpt lat="36.680711" lon="126.598258"/><trkpt lat="36.680673" lon="126.598256"/><trkpt lat="36.680635" lon="126.598261"/><trkpt lat="36.680587" lon="126.598278"/><trkpt lat="36.680516" lon="126.598308"/><trkpt lat="36.680481" lon="126.598315"/><trkpt lat="36.680443" lon="126.598311"/><trkpt lat="36.680369" lon="126.598289"/><trkpt lat="36.680332" lon="126.598284"/><trkpt lat="36.680293" lon="126.59829"/><trkpt lat="36.68023" lon="126.598308"/><trkpt lat="36.680192" lon="126.598314"/><trkpt lat="36.680154" lon="126.598307"/><trkpt lat="36.680092" lon="126.59829"/><trkpt lat="36.680057" lon="126.59829"/><trkpt lat="36.680027" lon="126.598312"/><trkpt lat="36.68" lon="126.598345"/><trkpt lat="36.679954" lon="126.598406"/><trkpt lat="36.679924" lon="126.598436"/><trkpt lat="36.679889" lon="126.598457"/><trkpt lat="36.67984" lon="126.598476"/><trkpt lat="36.679763" lon="126.5985"/><trkpt lat="36.679725" lon="126.598509"/><trkpt lat="36.679687" lon="126.598511"/><trkpt lat="36.679624" lon="126.598501"/><trkpt lat="36.679589" lon="126.598498"/><trkpt lat="36.679558" lon="126.59851"/><trkpt lat="36.679533" lon="126.598541"/><trkpt lat="36.679511" lon="126.598579"/><trkpt lat="36.679405" lon="126.598787"/><trkpt lat="36.679367" lon="126.598854"/><trkpt lat="36.679341" lon="126.598888"/><trkpt lat="36.679309" lon="126.598914"/><trkpt lat="36.679273" lon="126.598934"/><trkpt lat="36.679199" lon="126.598969"/><trkpt lat="36.679162" lon="126.598982"/><trkpt lat="36.679124" lon="126.598988"/><trkpt lat="36.679075" lon="126.598991"/><trkpt lat="36.679039" lon="126.599002"/><trkpt lat="36.678993" lon="126.599029"/><trkpt lat="36.678844" lon="126.599133"/><trkpt lat="36.678777" lon="126.599184"/><trkpt lat="36.678745" lon="126.599213"/><trkpt lat="36.678709" lon="126.599252"/><trkpt lat="36.678681" lon="126.599271"/><trkpt lat="36.67865" lon="126.599265"/><trkpt lat="36.678619" lon="126.599244"/><trkpt lat="36.678593" lon="126.599212"/><trkpt lat="36.678574" lon="126.599171"/><trkpt lat="36.678543" lon="126.599084"/><trkpt lat="36.678526" lon="126.599047"/><trkpt lat="36.678505" lon="126.599022"/><trkpt lat="36.67847" lon="126.598997"/><trkpt lat="36.678413" lon="126.598938"/><trkpt lat="36.678382" lon="126.59891"/><trkpt lat="36.678346" lon="126.59889"/><trkpt lat="36.678308" lon="126.598875"/><trkpt lat="36.678244" lon="126.598855"/><trkpt lat="36.678206" lon="126.59885"/><trkpt lat="36.678172" lon="126.598857"/><trkpt lat="36.678119" lon="126.598876"/><trkpt lat="36.678086" lon="126.598875"/><trkpt lat="36.678042" lon="126.598861"/><trkpt lat="36.678003" lon="126.598856"/><trkpt lat="36.67795" lon="126.598857"/><trkpt lat="36.677801" lon="126.598869"/><trkpt lat="36.677747" lon="126.598871"/><trkpt lat="36.677708" lon="126.598866"/><trkpt lat="36.67767" lon="126.598854"/><trkpt lat="36.677634" lon="126.598838"/><trkpt lat="36.6776" lon="126.598818"/><trkpt lat="36.677571" lon="126.59879"/><trkpt lat="36.677538" lon="126.598744"/><trkpt lat="36.677511" lon="126.598716"/><trkpt lat="36.677472" lon="126.598686"/><trkpt lat="36.677446" lon="126.59866"/><trkpt lat="36.677428" lon="126.598625"/><trkpt lat="36.677402" lon="126.598563"/><trkpt lat="36.677375" lon="126.598537"/><trkpt lat="36.67734" lon="126.598521"/><trkpt lat="36.677238" lon="126.59849"/><trkpt lat="36.6772" lon="126.598476"/><trkpt lat="36.677163" lon="126.598456"/><trkpt lat="36.677054" lon="126.598388"/><trkpt lat="36.677006" lon="126.598359"/><trkpt lat="36.676969" lon="126.598341"/><trkpt lat="36.676932" lon="126.598333"/><trkpt lat="36.676846" lon="126.598321"/><trkpt lat="36.676812" lon="126.598312"/><trkpt lat="36.676782" lon="126.598296"/><trkpt lat="36.676753" lon="126.598283"/><trkpt lat="36.676717" lon="126.598284"/><trkpt lat="36.676666" lon="126.59829"/><trkpt lat="36.676631" lon="126.598284"/><trkpt lat="36.676589" lon="126.59826"/><trkpt lat="36.676557" lon="126.598246"/><trkpt lat="36.676503" lon="126.598249"/><trkpt lat="36.676475" lon="126.598245"/><trkpt lat="36.676453" lon="126.59822"/><trkpt lat="36.676424" lon="126.598175"/><trkpt lat="36.676396" lon="126.59815"/><trkpt lat="36.676362" lon="126.598134"/><trkpt lat="36.676326" lon="126.598129"/><trkpt lat="36.676289" lon="126.598133"/><trkpt lat="36.676226" lon="126.598148"/><trkpt lat="36.67619" lon="126.598161"/><trkpt lat="36.676156" lon="126.598182"/><trkpt lat="36.676104" lon="126.598225"/><trkpt lat="36.676072" lon="126.598245"/><trkpt lat="36.676038" lon="126.59825"/><trkpt lat="36.676001" lon="126.598242"/><trkpt lat="36.675951" lon="126.598224"/><trkpt lat="36.675813" lon="126.59817"/><trkpt lat="36.675775" lon="126.598159"/><trkpt lat="36.675737" lon="126.598156"/><trkpt lat="36.675674" lon="126.598164"/><trkpt lat="36.675637" lon="126.598166"/><trkpt lat="36.675602" lon="126.598157"/><trkpt lat="36.675569" lon="126.598138"/><trkpt lat="36.675503" lon="126.598092"/><trkpt lat="36.675469" lon="126.598073"/><trkpt lat="36.675435" lon="126.598065"/><trkpt lat="36.675397" lon="126.598071"/><trkpt lat="36.675296" lon="126.598106"/><trkpt lat="36.675258" lon="126.598117"/><trkpt lat="36.67522" lon="126.598121"/><trkpt lat="36.675185" lon="126.598113"/><trkpt lat="36.675126" lon="126.59809"/><trkpt lat="36.675091" lon="126.598081"/><trkpt lat="36.675059" lon="126.598084"/><trkpt lat="36.675006" lon="126.598094"/><trkpt lat="36.674967" lon="126.59809"/><trkpt lat="36.674915" lon="126.598077"/><trkpt lat="36.674798" lon="126.598045"/><trkpt lat="36.674759" lon="126.59804"/><trkpt lat="36.674721" lon="126.598045"/><trkpt lat="36.67467" lon="126.598065"/><trkpt lat="36.674596" lon="126.598099"/><trkpt lat="36.674561" lon="126.598108"/><trkpt lat="36.674533" lon="126.5981"/><trkpt lat="36.674512" lon="126.598072"/><trkpt lat="36.674479" lon="126.598015"/><trkpt lat="36.67445" lon="126.597987"/><trkpt lat="36.674415" lon="126.597966"/><trkpt lat="36.674223" lon="126.597884"/></trkseg>
<trkseg><trkpt lat="36.721225" lon="126.621382"/><trkpt lat="36.721278" lon="126.621209"/><trkpt lat="36.721288" lon="126.621162"/><trkpt lat="36.721293" lon="126.621113"/><trkpt lat="36.721294" lon="126.621033"/><trkpt lat="36.721306" lon="126.62099"/><trkpt lat="36.721327" lon="126.620949"/><trkpt lat="36.721512" lon="126.620657"/><trkpt lat="36.721552" lon="126.620591"/><trkpt lat="36.721569" lon="126.620549"/><trkpt lat="36.721574" lon="126.620505"/><trkpt lat="36.721568" lon="126.620458"/><trkpt lat="36.721501" lon="126.620344"/><trkpt lat="36.72151" lon="126.620262"/><trkpt lat="36.721617" lon="126.619753"/><trkpt lat="36.721621" lon="126.619704"/><trkpt lat="36.721619" lon="126.619655"/><trkpt lat="36.72161" lon="126.61959"/><trkpt lat="36.721559" lon="126.619281"/><trkpt lat="36.721548" lon="126.619233"/><trkpt lat="36.721533" lon="126.619188"/><trkpt lat="36.721515" lon="126.619145"/><trkpt lat="36.721376" lon="126.619006"/><trkpt lat="36.721359" lon="126.618962"/><trkpt lat="36.721349" lon="126.618917"/><trkpt lat="36.721347" lon="126.618869"/><trkpt lat="36.721351" lon="126.618804"/><trkpt lat="36.721423" lon="126.61856"/><trkpt lat="36.721424" lon="126.618512"/><trkpt lat="36.72142" lon="126.618464"/><trkpt lat="36.721409" lon="126.618418"/><trkpt lat="36.721342" lon="126.618206"/><trkpt lat="36.721315" lon="126.618114"/><trkpt lat="36.721307" lon="126.618068"/><trkpt lat="36.721308" lon="126.61802"/><trkpt lat="36.72132" lon="126.617938"/><trkpt lat="36.721343" lon="126.617807"/><trkpt lat="36.721354" lon="126.61776"/><trkpt lat="36.721368" lon="126.617715"/><trkpt lat="36.721398" lon="126.617659"/><trkpt lat="36.721408" lon="126.617622"/><trkpt lat="36.721405" lon="126.617578"/><trkpt lat="36.721396" lon="126.617531"/><trkpt lat="36.721343" lon="126.617309"/><trkpt lat="36.721334" lon="126.617262"/><trkpt lat="36.721333" lon="126.617216"/><trkpt lat="36.721344" lon="126.617172"/><trkpt lat="36.721362" lon="126.617129"/><trkpt lat="36.721566" lon="126.616717"/><trkpt lat="36.721592" lon="126.61666"/><trkpt lat="36.721608" lon="126.616617"/><trkpt lat="36.721615" lon="126.616574"/><trkpt lat="36.721613" lon="126.616521"/><trkpt lat="36.721617" lon="126.616478"/><trkpt lat="36.72163" lon="126.616432"/><trkpt lat="36.721647" lon="126.616388"/><trkpt lat="36.721669" lon="126.616347"/><trkpt lat="36.721704" lon="126.616296"/><trkpt lat="36.721784" lon="126.616184"/><trkpt lat="36.721805" lon="126.616144"/><trkpt lat="36.721816" lon="126.616101"/><trkpt lat="36.721818" lon="126.616054"/><trkpt lat="36.721816" lon="126.615891"/><trkpt lat="36.721818" lon="126.615826"/><trkpt lat="36.721838" lon="126.615681"/><trkpt lat="36.721868" lon="126.615471"/><trkpt lat="36.721871" lon="126.615423"/><trkpt lat="36.721864" lon="126.615376"/><trkpt lat="36.721845" lon="126.615315"/><trkpt lat="36.721794" lon="126.615179"/><trkpt lat="36.721779" lon="126.615133"/><trkpt lat="36.721768" lon="126.615085"/><trkpt lat="36.721763" lon="126.615037"/><trkpt lat="36.721754" lon="126.614891"/><trkpt lat="36.721749" lon="126.614843"/><trkpt lat="36.721738" lon="126.614779"/><trkpt lat="36.721668" lon="126.614479"/><trkpt lat="36.721646" lon="126.614402"/><trkpt lat="36.721629" lon="126.614359"/><trkpt lat="36.721588" lon="126.614278"/><trkpt lat="36.721518" lon="126.614143"/><trkpt lat="36.721501" lon="126.614102"/><trkpt lat="36.721491" lon="126.614057"/><trkpt lat="36.721483" lon="126.613947"/><trkpt lat="36.721476" lon="126.613903"/><trkpt lat="36.721474" lon="126.613871"/></trkseg>
<trkseg><trkpt lat="36.721474" lon="126.613871"/><trkpt lat="36.721462" lon="126.613831"/><trkpt lat="36.72143" lon="126.613778"/><trkpt lat="36.721418" lon="126.613737"/><trkpt lat="36.721416" lon="126.61369"/><trkpt lat="36.721425" lon="126.613438"/><trkpt lat="36.721427" lon="126.613356"/><trkpt lat="36.721423" lon="126.613314"/><trkpt lat="36.721408" lon="126.613287"/><trkpt lat="36.721376" lon="126.613271"/><trkpt lat="36.721363" lon="126.613244"/><trkpt lat="36.721362" lon="126.613202"/><trkpt lat="36.721372" lon="126.61307"/><trkpt lat="36.721378" lon="126.612986"/><trkpt lat="36.721376" lon="126.612936"/><trkpt lat="36.72137" lon="126.612887"/><trkpt lat="36.721362" lon="126.612842"/><trkpt lat="36.721351" lon="126.612809"/><trkpt lat="36.721335" lon="126.612798"/><trkpt lat="36.72132" lon="126.612794"/><trkpt lat="36.72131" lon="126.612767"/><trkpt lat="36.721306" lon="126.612724"/><trkpt lat="36.721308" lon="126.612679"/><trkpt lat="36.721318" lon="126.61264"/><trkpt lat="36.721339" lon="126.612615"/><trkpt lat="36.721362" lon="126.612603"/><trkpt lat="36.721379" lon="126.612579"/><trkpt lat="36.72139" lon="126.612548"/><trkpt lat="36.721391" lon="126.612521"/><trkpt lat="36.72138" lon="126.612506"/><trkpt lat="36.721371" lon="126.612486"/><trkpt lat="36.721374" lon="126.61245"/><trkpt lat="36.721383" lon="126.612411"/><trkpt lat="36.721396" lon="126.612382"/><trkpt lat="36.721411" lon="126.61238"/><trkpt lat="36.721432" lon="126.612387"/><trkpt lat="36.721444" lon="126.612369"/><trkpt lat="36.72145" lon="126.612333"/><trkpt lat="36.721445" lon="126.612287"/><trkpt lat="36.721427" lon="126.612189"/><trkpt lat="36.72139" lon="126.612009"/><trkpt lat="36.721376" lon="126.611963"/><trkpt lat="36.721354" lon="126.611925"/><trkpt lat="36.721317" lon="126.611881"/><trkpt lat="36.721248" lon="126.611806"/><trkpt lat="36.721222" lon="126.611771"/><trkpt lat="36.721202" lon="126.611732"/><trkpt lat="36.721181" lon="126.611676"/><trkpt lat="36.721158" lon="126.611604"/><trkpt lat="36.721143" lon="126.61154"/><trkpt lat="36.721058" lon="126.611133"/><trkpt lat="36.721043" lon="126.611052"/><trkpt lat="36.721039" lon="126.611003"/><trkpt lat="36.721038" lon="126.610956"/><trkpt lat="36.721044" lon="126.610828"/><trkpt lat="36.72105" lon="126.610765"/><trkpt lat="36.721058" lon="126.610717"/><trkpt lat="36.721073" lon="126.610654"/><trkpt lat="36.721105" lon="126.610528"/><trkpt lat="36.721113" lon="126.610481"/><trkpt lat="36.721113" lon="126.610434"/><trkpt lat="36.721103" lon="126.610371"/><trkpt lat="36.721069" lon="126.610214"/><trkpt lat="36.721056" lon="126.610168"/><trkpt lat="36.72104" lon="126.610123"/><trkpt lat="36.720994" lon="126.610024"/><trkpt lat="36.720877" lon="126.609731"/><trkpt lat="36.720884" lon="126.609641"/><trkpt lat="36.720873" lon="126.60961"/><trkpt lat="36.720854" lon="126.609574"/><trkpt lat="36.720827" lon="126.609542"/><trkpt lat="36.720795" lon="126.609515"/><trkpt lat="36.720684" lon="126.60943"/><trkpt lat="36.720638" lon="126.6094"/><trkpt lat="36.720603" lon="126.609383"/><trkpt lat="36.720541" lon="126.609372"/><trkpt lat="36.720506" lon="126.609363"/><trkpt lat="36.720475" lon="126.609341"/><trkpt lat="36.720448" lon="126.609307"/><trkpt lat="36.720373" lon="126.609191"/><trkpt lat="36.720346" lon="126.609154"/><trkpt lat="36.720316" lon="126.609124"/><trkpt lat="36.720282" lon="126.609101"/><trkpt lat="36.720184" lon="126.609049"/><trkpt lat="36.720086" lon="126.609001"/><trkpt lat="36.72005" lon="126.608988"/><trkpt lat="36.720017" lon="126.608986"/><trkpt lat="36.719982" lon="126.609006"/><trkpt lat="36.719959" lon="126.609007"/><trkpt lat="36.719938" lon="126.608982"/><trkpt lat="36.71991" lon="126.608931"/><trkpt lat="36.719863" lon="126.608832"/><trkpt lat="36.719846" lon="126.608789"/><trkpt lat="36.719834" lon="126.608744"/><trkpt lat="36.719831" lon="126.608698"/><trkpt lat="36.71983" lon="126.608587"/><trkpt lat="36.719827" lon="126.608541"/><trkpt lat="36.719818" lon="126.608498"/><trkpt lat="36.719796" lon="126.60846"/><trkpt lat="36.719758" lon="126.608414"/><trkpt lat="36.719736" lon="126.608325"/><trkpt lat="36.719745" lon="126.608315"/><trkpt lat="36.719729" lon="126.608282"/><trkpt lat="36.719715" lon="126.608241"/><trkpt lat="36.7197" lon="126.608178"/><trkpt lat="36.719684" lon="126.608096"/><trkpt lat="36.719678" lon="126.608048"/><trkpt lat="36.71968" lon="126.608001"/><trkpt lat="36.719694" lon="126.607932"/><trkpt lat="36.719694" lon="126.60789"/><trkpt lat="36.71968" lon="126.607848"/><trkpt lat="36.719631" lon="126.607751"/><trkpt lat="36.719614" lon="126.60771"/><trkpt lat="36.719607" lon="126.60767"/><trkpt lat="36.719618" lon="126.607634"/><trkpt lat="36.719652" lon="126.607575"/><trkpt lat="36.719666" lon="126.607536"/><trkpt lat="36.719669" lon="126.607495"/><trkpt lat="36.719666" lon="126.607458"/><trkpt lat="36.719657" lon="126.607438"/><trkpt lat="36.71961" lon="126.607408"/><trkpt lat="36.719609" lon="126.607352"/><trkpt lat="36.719607" lon="126.60731"/><trkpt lat="36.719592" lon="126.607237"/><trkpt lat="36.719584" lon="126.607192"/><trkpt lat="36.719585" lon="126.607144"/><trkpt lat="36.719592" lon="126.607078"/><trkpt lat="36.719632" lon="126.606816"/><trkpt lat="36.719638" lon="126.606767"/><trkpt lat="36.719638" lon="126.606719"/><trkpt lat="36.719629" lon="126.606672"/><trkpt lat="36.71961" lon="126.60661"/><trkpt lat="36.719569" lon="126.606487"/><trkpt lat="36.719556" lon="126.606441"/><trkpt lat="36.71955" lon="126.606396"/><trkpt lat="36.719557" lon="126.60634"/><trkpt lat="36.719556" lon="126.606299"/><trkpt lat="36.719542" lon="126.606257"/><trkpt lat="36.719509" lon="126.606188"/><trkpt lat="36.719493" lon="126.606146"/><trkpt lat="36.719488" lon="126.606103"/><trkpt lat="36.719493" lon="126.606044"/><trkpt lat="36.719495" lon="126.606"/><trkpt lat="36.719488" lon="126.605955"/><trkpt lat="36.719472" lon="126.605895"/><trkpt lat="36.719443" lon="126.605807"/><trkpt lat="36.719425" lon="126.605766"/><trkpt lat="36.719402" lon="126.605732"/><trkpt lat="36.719371" lon="126.605706"/><trkpt lat="36.719325" lon="126.605676"/><trkpt lat="36.719253" lon="126.605636"/><trkpt lat="36.719217" lon="126.60562"/><trkpt lat="36.719154" lon="126.605608"/><trkpt lat="36.719118" lon="126.605597"/><trkpt lat="36.719084" lon="126.605575"/><trkpt lat="36.719041" lon="126.605538"/><trkpt lat="36.718913" lon="126.605422"/><trkpt lat="36.718884" lon="126.60539"/><trkpt lat="36.718858" lon="126.605353"/><trkpt lat="36.71883" lon="126.605298"/><trkpt lat="36.718762" lon="126.605154"/><trkpt lat="36.718733" lon="126.605099"/><trkpt lat="36.718709" lon="126.605062"/><trkpt lat="36.718656" lon="126.604999"/><trkpt lat="36.718632" lon="126.604966"/><trkpt lat="36.718618" lon="126.604931"/><trkpt lat="36.718612" lon="126.604894"/><trkpt lat="36.718616" lon="126.604859"/><trkpt lat="36.718624" lon="126.604812"/><trkpt lat="36.718618" lon="126.604771"/><trkpt lat="36.718592" lon="126.604702"/><trkpt lat="36.718579" lon="126.604659"/><trkpt lat="36.718575" lon="126.604616"/><trkpt lat="36.718584" lon="126.604573"/><trkpt lat="36.718606" lon="126.604498"/><trkpt lat="36.718615" lon="126.604452"/><trkpt lat="36.718618" lon="126.604391"/><trkpt lat="36.718623" lon="126.604354"/><trkpt lat="36.718635" lon="126.604333"/><trkpt lat="36.718651" lon="126.60431"/><trkpt lat="36.718664" lon="126.604274"/><trkpt lat="36.718674" lon="126.604233"/><trkpt lat="36.71868" lon="126.60419"/><trkpt lat="36.718675" lon="126.604146"/><trkpt lat="36.718653" lon="126.604073"/><trkpt lat="36.718641" lon="126.604028"/><trkpt lat="36.718638" lon="126.603982"/><trkpt lat="36.718642" lon="126.603934"/><trkpt lat="36.718656" lon="126.603838"/><trkpt lat="36.71866" lon="126.603789"/><trkpt lat="36.718658" lon="126.603743"/><trkpt lat="36.718652" lon="126.603677"/><trkpt lat="36.718661" lon="126.603653"/><trkpt lat="36.718686" lon="126.603639"/><trkpt lat="36.718688" lon="126.603619"/><trkpt lat="36.718673" lon="126.603587"/><trkpt lat="36.718641" lon="126.603527"/><trkpt lat="36.718628" lon="126.603497"/><trkpt lat="36.71863" lon="126.603481"/><trkpt lat="36.718638" lon="126.603462"/><trkpt lat="36.718643" lon="126.603425"/><trkpt lat="36.718646" lon="126.603333"/><trkpt lat="36.718646" lon="126.603171"/><trkpt lat="36.718642" lon="126.603107"/><trkpt lat="36.718634" lon="126.603058"/><trkpt lat="36.71857" lon="126.6028"/><trkpt lat="36.718556" lon="126.602737"/><trkpt lat="36.718552" lon="126.602694"/><trkpt lat="36.718562" lon="126.602661"/><trkpt lat="36.718596" lon="126.602633"/><trkpt lat="36.718616" lon="126.60261"/><trkpt lat="36.718616" lon="126.602575"/><trkpt lat="36.718604" lon="126.602503"/><trkpt lat="36.718606" lon="126.602456"/><trkpt lat="36.718614" lon="126.602392"/><trkpt lat="36.718641" lon="126.602217"/></trkseg>
<trkseg><trkpt lat="36.730875" lon="126.595421"/><trkpt lat="36.730887" lon="126.595453"/><trkpt lat="36.730909" lon="126.595494"/><trkpt lat="36.730943" lon="126.595518"/><trkpt lat="36.730979" lon="126.595518"/><trkpt lat="36.731054" lon="126.595509"/><trkpt lat="36.731093" lon="126.595508"/><trkpt lat="36.73116" lon="126.595515"/><trkpt lat="36.731321" lon="126.595541"/><trkpt lat="36.731374" lon="126.595545"/><trkpt lat="36.731413" lon="126.595539"/><trkpt lat="36.731449" lon="126.595523"/><trkpt lat="36.731533" lon="126.595476"/><trkpt lat="36.731568" lon="126.59546"/><trkpt lat="36.731603" lon="126.595455"/><trkpt lat="36.731638" lon="126.595456"/><trkpt lat="36.731674" lon="126.595447"/><trkpt lat="36.731737" lon="126.595422"/><trkpt lat="36.731851" lon="126.595375"/><trkpt lat="36.731889" lon="126.595364"/><trkpt lat="36.731928" lon="126.595361"/><trkpt lat="36.73198" lon="126.595368"/><trkpt lat="36.732243" lon="126.595419"/><trkpt lat="36.732322" lon="126.595431"/><trkpt lat="36.732374" lon="126.595433"/><trkpt lat="36.732503" lon="126.595427"/><trkpt lat="36.732593" lon="126.595421"/><trkpt lat="36.732632" lon="126.595414"/><trkpt lat="36.732749" lon="126.59538"/><trkpt lat="36.732997" lon="126.595304"/><trkpt lat="36.733036" lon="126.595296"/><trkpt lat="36.733075" lon="126.595295"/><trkpt lat="36.733153" lon="126.595299"/><trkpt lat="36.733231" lon="126.595307"/><trkpt lat="36.73327" lon="126.595314"/><trkpt lat="36.733424" lon="126.595358"/><trkpt lat="36.733474" lon="126.595376"/><trkpt lat="36.733506" lon="126.595397"/><trkpt lat="36.733531" lon="126.595431"/><trkpt lat="36.733566" lon="126.5955"/><trkpt lat="36.733588" lon="126.595538"/><trkpt lat="36.733616" lon="126.595567"/><trkpt lat="36.733651" lon="126.595582"/><trkpt lat="36.733742" lon="126.595603"/><trkpt lat="36.73386" lon="126.595625"/><trkpt lat="36.733899" lon="126.595628"/><trkpt lat="36.733971" lon="126.595619"/><trkpt lat="36.734007" lon="126.595619"/><trkpt lat="36.734045" lon="126.595629"/><trkpt lat="36.73412" lon="126.595662"/><trkpt lat="36.734372" lon="126.595775"/><trkpt lat="36.73441" lon="126.595788"/><trkpt lat="36.734449" lon="126.595794"/><trkpt lat="36.734676" lon="126.595803"/><trkpt lat="36.734769" lon="126.595807"/><trkpt lat="36.734808" lon="126.595813"/><trkpt lat="36.734846" lon="126.595824"/><trkpt lat="36.734944" lon="126.595861"/><trkpt lat="36.735016" lon="126.595893"/><trkpt lat="36.735051" lon="126.595913"/><trkpt lat="36.735117" lon="126.595964"/><trkpt lat="36.73529" lon="126.596109"/><trkpt lat="36.735323" lon="126.596131"/><trkpt lat="36.735359" lon="126.596146"/><trkpt lat="36.735435" lon="126.596163"/><trkpt lat="36.735485" lon="126.596176"/><trkpt lat="36.735523" lon="126.596193"/><trkpt lat="36.735571" lon="126.596221"/><trkpt lat="36.735764" lon="126.596338"/><trkpt lat="36.7358" lon="126.596358"/><trkpt lat="36.735836" lon="126.59637"/><trkpt lat="36.735871" lon="126.596366"/><trkpt lat="36.735929" lon="126.59634"/><trkpt lat="36.735965" lon="126.596334"/><trkpt lat="36.736027" lon="126.596336"/><trkpt lat="36.736064" lon="126.596335"/><trkpt lat="36.736103" lon="126.596326"/><trkpt lat="36.736167" lon="126.596301"/><trkpt lat="36.736653" lon="126.596095"/><trkpt lat="36.736692" lon="126.596082"/><trkpt lat="36.736731" lon="126.596075"/><trkpt lat="36.736782" lon="126.596073"/><trkpt lat="36.736899" lon="126.596074"/><trkpt lat="36.736951" lon="126.596077"/><trkpt lat="36.73699" lon="126.596084"/><trkpt lat="36.737028" lon="126.596097"/><trkpt lat="36.737102" lon="126.596126"/><trkpt lat="36.737133" lon="126.59613"/><trkpt lat="36.737153" lon="126.596118"/><trkpt lat="36.737172" lon="126.596098"/><trkpt lat="36.737202" lon="126.596082"/><trkpt lat="36.737237" lon="126.596069"/><trkpt lat="36.737274" lon="126.596062"/><trkpt lat="36.737313" lon="126.596064"/><trkpt lat="36.737352" lon="126.596073"/><trkpt lat="36.737508" lon="126.596122"/><trkpt lat="36.73756" lon="126.596137"/><trkpt lat="36.737599" lon="126.596143"/><trkpt lat="36.737692" lon="126.59615"/><trkpt lat="36.737903" lon="126.596162"/><trkpt lat="36.737943" lon="126.596168"/><trkpt lat="36.737981" lon="126.596179"/><trkpt lat="36.738197" lon="126.596264"/><trkpt lat="36.73826" lon="126.596286"/><trkpt lat="36.738298" lon="126.596294"/><trkpt lat="36.738337" lon="126.596292"/><trkpt lat="36.73839" lon="126.596283"/><trkpt lat="36.738521" lon="126.596254"/><trkpt lat="36.73856" lon="126.596252"/><trkpt lat="36.738597" lon="126.596262"/><trkpt lat="36.738632" lon="126.596282"/><trkpt lat="36.738691" lon="126.596322"/><trkpt lat="36.738819" lon="126.596413"/><trkpt lat="36.738852" lon="126.596441"/><trkpt lat="36.738881" lon="126.596474"/><trkpt lat="36.739055" lon="126.596704"/><trkpt lat="36.739101" lon="126.596763"/><trkpt lat="36.739132" lon="126.596794"/><trkpt lat="36.739166" lon="126.596818"/><trkpt lat="36.739365" lon="126.596922"/><trkpt lat="36.739751" lon="126.59712"/><trkpt lat="36.739799" lon="126.597149"/><trkpt lat="36.73983" lon="126.597177"/><trkpt lat="36.739856" lon="126.597211"/><trkpt lat="36.739901" lon="126.597289"/><trkpt lat="36.739952" lon="126.597381"/><trkpt lat="36.739971" lon="126.597422"/><trkpt lat="36.739984" lon="126.597467"/><trkpt lat="36.739999" lon="126.597548"/><trkpt lat="36.74001" lon="126.597596"/><trkpt lat="36.740027" lon="126.597637"/><trkpt lat="36.740078" lon="126.597731"/><trkpt lat="36.740106" lon="126.597784"/><trkpt lat="36.740122" lon="126.597826"/><trkpt lat="36.740137" lon="126.597885"/><trkpt lat="36.740149" lon="126.597925"/><trkpt lat="36.740173" lon="126.597948"/><trkpt lat="36.740207" lon="126.597958"/><trkpt lat="36.740246" lon="126.597962"/><trkpt lat="36.740394" lon="126.597968"/><trkpt lat="36.740555" lon="126.597975"/><trkpt lat="36.740594" lon="126.597974"/><trkpt lat="36.740632" lon="126.597964"/><trkpt lat="36.740668" lon="126.597945"/><trkpt lat="36.740865" lon="126.597806"/><trkpt lat="36.741305" lon="126.597496"/><trkpt lat="36.741364" lon="126.597458"/><trkpt lat="36.741401" lon="126.597441"/><trkpt lat="36.741479" lon="126.597417"/><trkpt lat="36.741676" lon="126.597364"/><trkpt lat="36.741716" lon="126.597358"/><trkpt lat="36.741781" lon="126.597355"/><trkpt lat="36.742084" lon="126.597355"/><trkpt lat="36.742136" lon="126.597358"/><trkpt lat="36.742174" lon="126.597365"/><trkpt lat="36.742212" lon="126.597378"/><trkpt lat="36.74236" lon="126.597446"/><trkpt lat="36.742422" lon="126.597472"/><trkpt lat="36.742458" lon="126.597479"/><trkpt lat="36.742493" lon="126.597471"/><trkpt lat="36.742526" lon="126.59745"/><trkpt lat="36.742559" lon="126.597424"/><trkpt lat="36.74259" lon="126.597394"/><trkpt lat="36.742618" lon="126.59736"/><trkpt lat="36.74265" lon="126.597307"/><trkpt lat="36.742732" lon="126.597153"/><trkpt lat="36.742756" lon="126.597113"/><trkpt lat="36.742783" lon="126.59708"/><trkpt lat="36.742816" lon="126.597059"/><trkpt lat="36.742852" lon="126.597047"/><trkpt lat="36.742886" lon="126.597048"/><trkpt lat="36.742925" lon="126.597069"/><trkpt lat="36.742959" lon="126.597083"/><trkpt lat="36.742998" lon="126.597089"/><trkpt lat="36.743091" lon="126.597093"/><trkpt lat="36.743144" lon="126.597097"/><trkpt lat="36.743182" lon="126.597106"/><trkpt lat="36.743219" lon="126.597124"/><trkpt lat="36.743363" lon="126.597211"/><trkpt lat="36.743435" lon="126.597253"/><trkpt lat="36.743472" lon="126.597269"/><trkpt lat="36.743549" lon="126.597289"/><trkpt lat="36.743822" lon="126.597348"/><trkpt lat="36.743886" lon="126.597365"/><trkpt lat="36.743923" lon="126.597381"/><trkpt lat="36.743957" lon="126.597404"/><trkpt lat="36.744126" lon="126.597537"/><trkpt lat="36.74417" lon="126.597574"/><trkpt lat="36.744201" lon="126.597604"/><trkpt lat="36.744247" lon="126.597662"/><trkpt lat="36.744356" lon="126.597808"/><trkpt lat="36.744384" lon="126.597841"/><trkpt lat="36.744415" lon="126.597865"/><trkpt lat="36.744451" lon="126.597875"/><trkpt lat="36.74449" lon="126.597876"/><trkpt lat="36.744757" lon="126.597865"/><trkpt lat="36.74481" lon="126.597861"/><trkpt lat="36.744849" lon="126.597853"/><trkpt lat="36.744888" lon="126.597839"/><trkpt lat="36.745346" lon="126.59764"/><trkpt lat="36.745536" lon="126.597556"/><trkpt lat="36.745573" lon="126.597536"/><trkpt lat="36.745605" lon="126.59751"/><trkpt lat="36.745673" lon="126.59744"/><trkpt lat="36.745703" lon="126.597413"/><trkpt lat="36.745736" lon="126.597394"/><trkpt lat="36.745774" lon="126.597387"/><trkpt lat="36.745827" lon="126.597384"/><trkpt lat="36.745907" lon="126.597385"/><trkpt lat="36.745947" lon="126.59739"/><trkpt lat="36.745999" lon="126.597404"/><trkpt lat="36.746117" lon="126.597438"/><trkpt lat="36.746156" lon="126.597442"/><trkpt lat="36.746195" lon="126.597437"/><trkpt lat="36.746234" lon="126.597425"/><trkpt lat="36.746273" lon="126.59741"/><trkpt lat="36.74631" lon="126.59739"/><trkpt lat="36.746548" lon="126.597232"/><trkpt lat="36.747261" lon="126.596756"/><trkpt lat="36.747322" lon="126.596723"/><trkpt lat="36.74747" lon="126.596653"/><trkpt lat="36.747519" lon="126.596633"/><trkpt lat="36.747557" lon="126.596627"/><trkpt lat="36.747604" lon="126.596634"/><trkpt lat="36.747682" lon="126.596658"/><trkpt lat="36.747685" lon="126.596658"/></trkseg>
<trkseg><trkpt lat="36.700042" lon="126.626965"/><trkpt lat="36.7" lon="126.626938"/><trkpt lat="36.699954" lon="126.626915"/><trkpt lat="36.699911" lon="126.626906"/><trkpt lat="36.69982" lon="126.626905"/><trkpt lat="36.699742" lon="126.626908"/><trkpt lat="36.699705" lon="126.626912"/><trkpt lat="36.699672" lon="126.626924"/><trkpt lat="36.699634" lon="126.626952"/><trkpt lat="36.699602" lon="126.626967"/><trkpt lat="36.699567" lon="126.626977"/><trkpt lat="36.699531" lon="126.626984"/><trkpt lat="36.699494" lon="126.626982"/><trkpt lat="36.699456" lon="126.626972"/><trkpt lat="36.699367" lon="126.626937"/><trkpt lat="36.699328" lon="126.626926"/><trkpt lat="36.69929" lon="126.626922"/><trkpt lat="36.699211" lon="126.626923"/><trkpt lat="36.69904" lon="126.626929"/><trkpt lat="36.698987" lon="126.626926"/><trkpt lat="36.698847" lon="126.626898"/><trkpt lat="36.698796" lon="126.626889"/><trkpt lat="36.698758" lon="126.626889"/><trkpt lat="36.69872" lon="126.626899"/><trkpt lat="36.69867" lon="126.626922"/><trkpt lat="36.698236" lon="126.627137"/><trkpt lat="36.698185" lon="126.627158"/><trkpt lat="36.698148" lon="126.627164"/><trkpt lat="36.698087" lon="126.627161"/><trkpt lat="36.698052" lon="126.627163"/><trkpt lat="36.698016" lon="126.627177"/><trkpt lat="36.69797" lon="126.627205"/><trkpt lat="36.697903" lon="126.627248"/><trkpt lat="36.69787" lon="126.627263"/><trkpt lat="36.697841" lon="126.627259"/><trkpt lat="36.697805" lon="126.627224"/><trkpt lat="36.697776" lon="126.627201"/><trkpt lat="36.697741" lon="126.627197"/><trkpt lat="36.697704" lon="126.627204"/><trkpt lat="36.697549" lon="126.627252"/><trkpt lat="36.697368" lon="126.62731"/><trkpt lat="36.697318" lon="126.627332"/><trkpt lat="36.697245" lon="126.62737"/><trkpt lat="36.697198" lon="126.627399"/><trkpt lat="36.697166" lon="126.627425"/><trkpt lat="36.697138" lon="126.627458"/><trkpt lat="36.697051" lon="126.627578"/><trkpt lat="36.697016" lon="126.627624"/><trkpt lat="36.696986" lon="126.627652"/><trkpt lat="36.69695" lon="126.627669"/><trkpt lat="36.696912" lon="126.627681"/><trkpt lat="36.696713" lon="126.627727"/><trkpt lat="36.696674" lon="126.627739"/><trkpt lat="36.696639" lon="126.627757"/><trkpt lat="36.696609" lon="126.627786"/><trkpt lat="36.696582" lon="126.627821"/><trkpt lat="36.696512" lon="126.627918"/><trkpt lat="36.696482" lon="126.627949"/><trkpt lat="36.696438" lon="126.627982"/><trkpt lat="36.696333" lon="126.628048"/><trkpt lat="36.696285" lon="126.628072"/><trkpt lat="36.696247" lon="126.628083"/><trkpt lat="36.69618" lon="126.62809"/><trkpt lat="36.695992" lon="126.628102"/><trkpt lat="36.695954" lon="126.628099"/><trkpt lat="36.695922" lon="126.628082"/><trkpt lat="36.695898" lon="126.628049"/><trkpt lat="36.695876" lon="126.628009"/><trkpt lat="36.695814" lon="126.627884"/><trkpt lat="36.69579" lon="126.627849"/><trkpt lat="36.695759" lon="126.627826"/><trkpt lat="36.695723" lon="126.627814"/><trkpt lat="36.695686" lon="126.627808"/><trkpt lat="36.695649" lon="126.627807"/><trkpt lat="36.695614" lon="126.627817"/><trkpt lat="36.695582" lon="126.627843"/><trkpt lat="36.695541" lon="126.627885"/><trkpt lat="36.695392" lon="126.628054"/><trkpt lat="36.695349" lon="126.628094"/><trkpt lat="36.695306" lon="126.628111"/><trkpt lat="36.695264" lon="126.628113"/><trkpt lat="36.695237" lon="126.628109"/></trkseg>
<trkseg><trkpt lat="36.733683" lon="126.621441"/><trkpt lat="36.73351" lon="126.621912"/><trkpt lat="36.733491" lon="126.621956"/><trkpt lat="36.733469" lon="126.621997"/><trkpt lat="36.733408" lon="126.622085"/><trkpt lat="36.733372" lon="126.622132"/><trkpt lat="36.733344" lon="126.622161"/><trkpt lat="36.733313" lon="126.622172"/><trkpt lat="36.733278" lon="126.622162"/><trkpt lat="36.733242" lon="126.622142"/><trkpt lat="36.733131" lon="126.622074"/><trkpt lat="36.733093" lon="126.622054"/><trkpt lat="36.733056" lon="126.622041"/><trkpt lat="36.733024" lon="126.622042"/><trkpt lat="36.732998" lon="126.622054"/><trkpt lat="36.732983" lon="126.622084"/><trkpt lat="36.732979" lon="126.622127"/><trkpt lat="36.732981" lon="126.622208"/><trkpt lat="36.73298" lon="126.622272"/><trkpt lat="36.732972" lon="126.622319"/><trkpt lat="36.732956" lon="126.622363"/><trkpt lat="36.732934" lon="126.622403"/><trkpt lat="36.732906" lon="126.622436"/><trkpt lat="36.732875" lon="126.622464"/><trkpt lat="36.732779" lon="126.622544"/><trkpt lat="36.732751" lon="126.622575"/><trkpt lat="36.732728" lon="126.622613"/><trkpt lat="36.732702" lon="126.622669"/><trkpt lat="36.732653" lon="126.622784"/><trkpt lat="36.732632" lon="126.622823"/><trkpt lat="36.732605" lon="126.622854"/><trkpt lat="36.732562" lon="126.622886"/><trkpt lat="36.732485" lon="126.62294"/><trkpt lat="36.732455" lon="126.622969"/><trkpt lat="36.732427" lon="126.623004"/><trkpt lat="36.732357" lon="126.623104"/><trkpt lat="36.732298" lon="126.623195"/><trkpt lat="36.732269" lon="126.623251"/><trkpt lat="36.732197" lon="126.623412"/><trkpt lat="36.73218" lon="126.623456"/><trkpt lat="36.73217" lon="126.623499"/><trkpt lat="36.732174" lon="126.623538"/><trkpt lat="36.732191" lon="126.623589"/><trkpt lat="36.7322" lon="126.623632"/><trkpt lat="36.732202" lon="126.623678"/><trkpt lat="36.732203" lon="126.623772"/><trkpt lat="36.732208" lon="126.623818"/><trkpt lat="36.73222" lon="126.623863"/><trkpt lat="36.732244" lon="126.623922"/><trkpt lat="36.732277" lon="126.623992"/><trkpt lat="36.7323" lon="126.624031"/><trkpt lat="36.732329" lon="126.624064"/><trkpt lat="36.732382" lon="126.624114"/><trkpt lat="36.732468" lon="126.624191"/><trkpt lat="36.732498" lon="126.624222"/><trkpt lat="36.732524" lon="126.624258"/><trkpt lat="36.732557" lon="126.624326"/><trkpt lat="36.732579" lon="126.624365"/><trkpt lat="36.732614" lon="126.624408"/><trkpt lat="36.732638" lon="126.62444"/><trkpt lat="36.732649" lon="126.624479"/><trkpt lat="36.732649" lon="126.624524"/><trkpt lat="36.732635" lon="126.624652"/><trkpt lat="36.73263" lon="126.624716"/><trkpt lat="36.73263" lon="126.624765"/><trkpt lat="36.732637" lon="126.624863"/><trkpt lat="36.732649" lon="126.624978"/><trkpt lat="36.732656" lon="126.625026"/><trkpt lat="36.732669" lon="126.625069"/><trkpt lat="36.732691" lon="126.625102"/><trkpt lat="36.732734" lon="126.625154"/><trkpt lat="36.732757" lon="126.625192"/><trkpt lat="36.732791" lon="126.625263"/><trkpt lat="36.732836" lon="126.625365"/><trkpt lat="36.732853" lon="126.625409"/><trkpt lat="36.732866" lon="126.625456"/><trkpt lat="36.732886" lon="126.625552"/><trkpt lat="36.732943" lon="126.625859"/><trkpt lat="36.732952" lon="126.625923"/><trkpt lat="36.732951" lon="126.625971"/><trkpt lat="36.732942" lon="126.626017"/><trkpt lat="36.732888" lon="126.626201"/><trkpt lat="36.732871" lon="126.626262"/><trkpt lat="36.732862" lon="126.626309"/><trkpt lat="36.732857" lon="126.626358"/><trkpt lat="36.732851" lon="126.626821"/><trkpt lat="36.732849" lon="126.627053"/><trkpt lat="36.732845" lon="126.627102"/><trkpt lat="36.732837" lon="126.62715"/><trkpt lat="36.732814" lon="126.627227"/><trkpt lat="36.73271" lon="126.627551"/><trkpt lat="36.732692" lon="126.627613"/><trkpt lat="36.732682" lon="126.62766"/><trkpt lat="36.732678" lon="126.627708"/><trkpt lat="36.732678" lon="126.627772"/><trkpt lat="36.732678" lon="126.627918"/><trkpt lat="36.732674" lon="126.627965"/><trkpt lat="36.732664" lon="126.628013"/><trkpt lat="36.732645" lon="126.628075"/><trkpt lat="36.732527" lon="126.628429"/><trkpt lat="36.732508" lon="126.628473"/><trkpt lat="36.732417" lon="126.628656"/><trkpt lat="36.73239" lon="126.628712"/><trkpt lat="36.732376" lon="126.628755"/><trkpt lat="36.732375" lon="126.6288"/><trkpt lat="36.732383" lon="126.628845"/><trkpt lat="36.732406" lon="126.628938"/><trkpt lat="36.732415" lon="126.628984"/><trkpt lat="36.732418" lon="126.629032"/><trkpt lat="36.732416" lon="126.629082"/><trkpt lat="36.732381" lon="126.629446"/><trkpt lat="36.732373" lon="126.629546"/><trkpt lat="36.732378" lon="126.629603"/><trkpt lat="36.732398" lon="126.629652"/><trkpt lat="36.732416" lon="126.629678"/><trkpt lat="36.732418" lon="126.62968"/></trkseg>
<trkseg><trkpt lat="36.762631" lon="126.612221"/><trkpt lat="36.762773" lon="126.611633"/><trkpt lat="36.762782" lon="126.61157"/><trkpt lat="36.762792" lon="126.611459"/><trkpt lat="36.762797" lon="126.611364"/><trkpt lat="36.762796" lon="126.611317"/><trkpt lat="36.762788" lon="126.611257"/><trkpt lat="36.762783" lon="126.611212"/><trkpt lat="36.762786" lon="126.611164"/><trkpt lat="36.762797" lon="126.611099"/><trkpt lat="36.762908" lon="126.610563"/><trkpt lat="36.762924" lon="126.610482"/><trkpt lat="36.762928" lon="126.610434"/><trkpt lat="36.762922" lon="126.610388"/><trkpt lat="36.762908" lon="126.610344"/><trkpt lat="36.762877" lon="126.610256"/><trkpt lat="36.762867" lon="126.61021"/><trkpt lat="36.762865" lon="126.610161"/><trkpt lat="36.762867" lon="126.610096"/><trkpt lat="36.762886" lon="126.609651"/><trkpt lat="36.762892" lon="126.609553"/><trkpt lat="36.7629" lon="126.609506"/><trkpt lat="36.762917" lon="126.609464"/><trkpt lat="36.762969" lon="126.609371"/><trkpt lat="36.763048" lon="126.609241"/><trkpt lat="36.763074" lon="126.609205"/><trkpt lat="36.763105" lon="126.609174"/><trkpt lat="36.763273" lon="126.609035"/><trkpt lat="36.763316" lon="126.608997"/><trkpt lat="36.763346" lon="126.608964"/><trkpt lat="36.763369" lon="126.608926"/><trkpt lat="36.763396" lon="126.608869"/><trkpt lat="36.763616" lon="126.608374"/><trkpt lat="36.763649" lon="126.608303"/><trkpt lat="36.763673" lon="126.608266"/><trkpt lat="36.763703" lon="126.608242"/><trkpt lat="36.76374" lon="126.608227"/><trkpt lat="36.763803" lon="126.608204"/><trkpt lat="36.763837" lon="126.608182"/><trkpt lat="36.763865" lon="126.608151"/><trkpt lat="36.763919" lon="126.608081"/><trkpt lat="36.763948" lon="126.60805"/><trkpt lat="36.76398" lon="126.608027"/><trkpt lat="36.764033" lon="126.60799"/><trkpt lat="36.764058" lon="126.607961"/><trkpt lat="36.764075" lon="126.60792"/><trkpt lat="36.764093" lon="126.607861"/><trkpt lat="36.764139" lon="126.607692"/><trkpt lat="36.764155" lon="126.607651"/><trkpt lat="36.764176" lon="126.607618"/><trkpt lat="36.764209" lon="126.607586"/><trkpt lat="36.764224" lon="126.607551"/><trkpt lat="36.764229" lon="126.607506"/><trkpt lat="36.76423" lon="126.60739"/><trkpt lat="36.764233" lon="126.607341"/><trkpt lat="36.764242" lon="126.607294"/><trkpt lat="36.764258" lon="126.60725"/><trkpt lat="36.764355" lon="126.607053"/><trkpt lat="36.764453" lon="126.606856"/><trkpt lat="36.764484" lon="126.606803"/><trkpt lat="36.76451" lon="126.606766"/><trkpt lat="36.764596" lon="126.606661"/><trkpt lat="36.764631" lon="126.606614"/><trkpt lat="36.76465" lon="126.606575"/><trkpt lat="36.764655" lon="126.606529"/><trkpt lat="36.764653" lon="126.606464"/><trkpt lat="36.764641" lon="126.606315"/><trkpt lat="36.764641" lon="126.606265"/><trkpt lat="36.764646" lon="126.606217"/><trkpt lat="36.764667" lon="126.606088"/><trkpt lat="36.764689" lon="126.605977"/><trkpt lat="36.764702" lon="126.605933"/><trkpt lat="36.764723" lon="126.605901"/><trkpt lat="36.764755" lon="126.605881"/><trkpt lat="36.764817" lon="126.605856"/><trkpt lat="36.764853" lon="126.605839"/><trkpt lat="36.764887" lon="126.605816"/><trkpt lat="36.764918" lon="126.605785"/><trkpt lat="36.764947" lon="126.605752"/><trkpt lat="36.764982" lon="126.605705"/><trkpt lat="36.765021" lon="126.605643"/><trkpt lat="36.765039" lon="126.605603"/><trkpt lat="36.76505" lon="126.60556"/><trkpt lat="36.765055" lon="126.605483"/><trkpt lat="36.76506" lon="126.605438"/><trkpt lat="36.765073" lon="126.605397"/><trkpt lat="36.765096" lon="126.605362"/><trkpt lat="36.765144" lon="126.60531"/><trkpt lat="36.765204" lon="126.605251"/><trkpt lat="36.765237" lon="126.605227"/><trkpt lat="36.765272" lon="126.605212"/><trkpt lat="36.765322" lon="126.605198"/><trkpt lat="36.76541" lon="126.605175"/><trkpt lat="36.765445" lon="126.60516"/><trkpt lat="36.765512" lon="126.605114"/><trkpt lat="36.765546" lon="126.605094"/><trkpt lat="36.765583" lon="126.605087"/><trkpt lat="36.765622" lon="126.605086"/><trkpt lat="36.765713" lon="126.605087"/><trkpt lat="36.76575" lon="126.60508"/><trkpt lat="36.765785" lon="126.605061"/><trkpt lat="36.765818" lon="126.605035"/><trkpt lat="36.765848" lon="126.605004"/><trkpt lat="36.765875" lon="126.604969"/><trkpt lat="36.76591" lon="126.6049"/><trkpt lat="36.765932" lon="126.604861"/><trkpt lat="36.765968" lon="126.60482"/><trkpt lat="36.765987" lon="126.604793"/><trkpt lat="36.765984" lon="126.604765"/><trkpt lat="36.765957" lon="126.604725"/><trkpt lat="36.765937" lon="126.604689"/><trkpt lat="36.765923" lon="126.604645"/><trkpt lat="36.765913" lon="126.604599"/><trkpt lat="36.765906" lon="126.604551"/><trkpt lat="36.765902" lon="126.604504"/><trkpt lat="36.765905" lon="126.604454"/><trkpt lat="36.765914" lon="126.604388"/><trkpt lat="36.765933" lon="126.604291"/><trkpt lat="36.765947" lon="126.604247"/><trkpt lat="36.76597" lon="126.604212"/><trkpt lat="36.766008" lon="126.604173"/><trkpt lat="36.766028" lon="126.604139"/><trkpt lat="36.766043" lon="126.604088"/><trkpt lat="36.766061" lon="126.604053"/><trkpt lat="36.766084" lon="126.604022"/><trkpt lat="36.766113" lon="126.603995"/><trkpt lat="36.766146" lon="126.603974"/><trkpt lat="36.766214" lon="126.603935"/><trkpt lat="36.766245" lon="126.60391"/><trkpt lat="36.766279" lon="126.603867"/><trkpt lat="36.766307" lon="126.603837"/><trkpt lat="36.766341" lon="126.603817"/><trkpt lat="36.766415" lon="126.603782"/><trkpt lat="36.766449" lon="126.60376"/><trkpt lat="36.766478" lon="126.603729"/><trkpt lat="36.766511" lon="126.603679"/><trkpt lat="36.766543" lon="126.603627"/><trkpt lat="36.766563" lon="126.603586"/><trkpt lat="36.766578" lon="126.603543"/><trkpt lat="36.766596" lon="126.603472"/><trkpt lat="36.766611" lon="126.603433"/><trkpt lat="36.766635" lon="126.603396"/><trkpt lat="36.766684" lon="126.603343"/><trkpt lat="36.766712" lon="126.60331"/><trkpt lat="36.76673" lon="126.603275"/><trkpt lat="36.766731" lon="126.603232"/><trkpt lat="36.766723" lon="126.603186"/><trkpt lat="36.766702" lon="126.603108"/><trkpt lat="36.766688" lon="126.603062"/><trkpt lat="36.76667" lon="126.603018"/><trkpt lat="36.766647" lon="126.602978"/><trkpt lat="36.766581" lon="126.602876"/><trkpt lat="36.766558" lon="126.602837"/><trkpt lat="36.766541" lon="126.602795"/><trkpt lat="36.766534" lon="126.60275"/><trkpt lat="36.766533" lon="126.602703"/><trkpt lat="36.766535" lon="126.602622"/><trkpt lat="36.766538" lon="126.602575"/><trkpt lat="36.766546" lon="126.60253"/><trkpt lat="36.766562" lon="126.60249"/><trkpt lat="36.766587" lon="126.602454"/><trkpt lat="36.76667" lon="126.602353"/><trkpt lat="36.766693" lon="126.60232"/><trkpt lat="36.766706" lon="126.602287"/><trkpt lat="36.766704" lon="126.602254"/><trkpt lat="36.766705" lon="126.602215"/><trkpt lat="36.766713" lon="126.602141"/><trkpt lat="36.766705" lon="126.602096"/><trkpt lat="36.766684" lon="126.602036"/><trkpt lat="36.766589" lon="126.601799"/></trkseg>
<trkseg><trkpt lat="36.761057" lon="126.629174"/><trkpt lat="36.761056" lon="126.629117"/><trkpt lat="36.761049" lon="126.629058"/><trkpt lat="36.761032" lon="126.629007"/><trkpt lat="36.760996" lon="126.628938"/><trkpt lat="36.760951" lon="126.628857"/><trkpt lat="36.760925" lon="126.62882"/><trkpt lat="36.760896" lon="126.628787"/><trkpt lat="36.760821" lon="126.628719"/><trkpt lat="36.760777" lon="126.628684"/><trkpt lat="36.760741" lon="126.628663"/><trkpt lat="36.760692" lon="126.628644"/><trkpt lat="36.760592" lon="126.628612"/><trkpt lat="36.760558" lon="126.628595"/><trkpt lat="36.760534" lon="126.628568"/><trkpt lat="36.760512" lon="126.628496"/><trkpt lat="36.760496" lon="126.628455"/><trkpt lat="36.760475" lon="126.628416"/><trkpt lat="36.760443" lon="126.628367"/><trkpt lat="36.760417" lon="126.628335"/><trkpt lat="36.760387" lon="126.628312"/><trkpt lat="36.76035" lon="126.6283"/><trkpt lat="36.760286" lon="126.628289"/><trkpt lat="36.760168" lon="126.628273"/><trkpt lat="36.760131" lon="126.628263"/><trkpt lat="36.760097" lon="126.628244"/><trkpt lat="36.760068" lon="126.628214"/><trkpt lat="36.760005" lon="126.628132"/><trkpt lat="36.759968" lon="126.628087"/><trkpt lat="36.759938" lon="126.628063"/><trkpt lat="36.759901" lon="126.628054"/><trkpt lat="36.759862" lon="126.628054"/><trkpt lat="36.759767" lon="126.62806"/><trkpt lat="36.759728" lon="126.628059"/><trkpt lat="36.75969" lon="126.628048"/><trkpt lat="36.759656" lon="126.628025"/><trkpt lat="36.759624" lon="126.627997"/><trkpt lat="36.759593" lon="126.627966"/><trkpt lat="36.759565" lon="126.627931"/><trkpt lat="36.759544" lon="126.62789"/><trkpt lat="36.759462" lon="126.627681"/><trkpt lat="36.759435" lon="126.627605"/><trkpt lat="36.759425" lon="126.62756"/><trkpt lat="36.759426" lon="126.627515"/><trkpt lat="36.759437" lon="126.62747"/><trkpt lat="36.759452" lon="126.627425"/><trkpt lat="36.75947" lon="126.627383"/><trkpt lat="36.759492" lon="126.627346"/><trkpt lat="36.759525" lon="126.627313"/><trkpt lat="36.759546" lon="126.627289"/><trkpt lat="36.759553" lon="126.627253"/><trkpt lat="36.75954" lon="126.627217"/><trkpt lat="36.759513" lon="126.627183"/><trkpt lat="36.75945" lon="126.627119"/><trkpt lat="36.75941" lon="126.627074"/><trkpt lat="36.759384" lon="126.627037"/><trkpt lat="36.759368" lon="126.626994"/><trkpt lat="36.759357" lon="126.626947"/><trkpt lat="36.759248" lon="126.626395"/><trkpt lat="36.759159" lon="126.625958"/><trkpt lat="36.759152" lon="126.625909"/><trkpt lat="36.75915" lon="126.625861"/><trkpt lat="36.759158" lon="126.625815"/><trkpt lat="36.759172" lon="126.625769"/><trkpt lat="36.759241" lon="126.625572"/><trkpt lat="36.759266" lon="126.625495"/><trkpt lat="36.759275" lon="126.625448"/><trkpt lat="36.759279" lon="126.625401"/><trkpt lat="36.759282" lon="126.625258"/><trkpt lat="36.759285" lon="126.625194"/><trkpt lat="36.759292" lon="126.625147"/><trkpt lat="36.759304" lon="126.625101"/><trkpt lat="36.759379" lon="126.624875"/><trkpt lat="36.759403" lon="126.624799"/><trkpt lat="36.759415" lon="126.624753"/><trkpt lat="36.759419" lon="126.624706"/><trkpt lat="36.759419" lon="126.624657"/><trkpt lat="36.759412" lon="126.624494"/><trkpt lat="36.759413" lon="126.624446"/><trkpt lat="36.759421" lon="126.624404"/><trkpt lat="36.759435" lon="126.624371"/><trkpt lat="36.759454" lon="126.624352"/><trkpt lat="36.759481" lon="126.624358"/><trkpt lat="36.759528" lon="126.624389"/><trkpt lat="36.759549" lon="126.624394"/><trkpt lat="36.759555" lon="126.624369"/><trkpt lat="36.759552" lon="126.624312"/><trkpt lat="36.759542" lon="126.624197"/><trkpt lat="36.759542" lon="126.624148"/><trkpt lat="36.75955" lon="126.6241"/><trkpt lat="36.759567" lon="126.624037"/><trkpt lat="36.759626" lon="126.623832"/><trkpt lat="36.759636" lon="126.623785"/><trkpt lat="36.759641" lon="126.623738"/><trkpt lat="36.759647" lon="126.623614"/><trkpt lat="36.759646" lon="126.623559"/><trkpt lat="36.759649" lon="126.62354"/><trkpt lat="36.759669" lon="126.623514"/><trkpt lat="36.759697" lon="126.623488"/><trkpt lat="36.759729" lon="126.623465"/><trkpt lat="36.759764" lon="126.623449"/><trkpt lat="36.7598" lon="126.623439"/><trkpt lat="36.759836" lon="126.623433"/><trkpt lat="36.759871" lon="126.623439"/><trkpt lat="36.759906" lon="126.623459"/><trkpt lat="36.760005" lon="126.623538"/><trkpt lat="36.760061" lon="126.623581"/><trkpt lat="36.760097" lon="126.6236"/><trkpt lat="36.760136" lon="126.623614"/><trkpt lat="36.760202" lon="126.623629"/><trkpt lat="36.760242" lon="126.623635"/><trkpt lat="36.760282" lon="126.623634"/><trkpt lat="36.760321" lon="126.623626"/><trkpt lat="36.760358" lon="126.623613"/><trkpt lat="36.760392" lon="126.623591"/><trkpt lat="36.76042" lon="126.623559"/><trkpt lat="36.760445" lon="126.623521"/><trkpt lat="36.760466" lon="126.62348"/><trkpt lat="36.760477" lon="126.623435"/><trkpt lat="36.760481" lon="126.623387"/><trkpt lat="36.760487" lon="126.623122"/><trkpt lat="36.760493" lon="126.622873"/><trkpt lat="36.760492" lon="126.622825"/><trkpt lat="36.760485" lon="126.62278"/><trkpt lat="36.760465" lon="126.62274"/><trkpt lat="36.760438" lon="126.622703"/><trkpt lat="36.760409" lon="126.622669"/><trkpt lat="36.760377" lon="126.622639"/><trkpt lat="36.760344" lon="126.622617"/><trkpt lat="36.760262" lon="126.622574"/><trkpt lat="36.760229" lon="126.622554"/><trkpt lat="36.760199" lon="126.622526"/><trkpt lat="36.760174" lon="126.622489"/><trkpt lat="36.76013" lon="126.622406"/><trkpt lat="36.759999" lon="126.622154"/><trkpt lat="36.759975" lon="126.622114"/><trkpt lat="36.759948" lon="126.622079"/><trkpt lat="36.759916" lon="126.62205"/><trkpt lat="36.759799" lon="126.621964"/><trkpt lat="36.759743" lon="126.621921"/><trkpt lat="36.759712" lon="126.62189"/><trkpt lat="36.759692" lon="126.621854"/><trkpt lat="36.759664" lon="126.621769"/><trkpt lat="36.759647" lon="126.621727"/><trkpt lat="36.759624" lon="126.621687"/><trkpt lat="36.759575" lon="126.62161"/><trkpt lat="36.75949" lon="126.621483"/><trkpt lat="36.759469" lon="126.621445"/><trkpt lat="36.759457" lon="126.621405"/><trkpt lat="36.759463" lon="126.621365"/><trkpt lat="36.759485" lon="126.621298"/><trkpt lat="36.759488" lon="126.621261"/><trkpt lat="36.759473" lon="126.621233"/><trkpt lat="36.759434" lon="126.62118"/><trkpt lat="36.759405" lon="126.621126"/><trkpt lat="36.759337" lon="126.620983"/><trkpt lat="36.759295" lon="126.620899"/><trkpt lat="36.75927" lon="126.620861"/><trkpt lat="36.759092" lon="126.620641"/><trkpt lat="36.75896" lon="126.62048"/><trkpt lat="36.758935" lon="126.620443"/><trkpt lat="36.758919" lon="126.620402"/><trkpt lat="36.758913" lon="126.620354"/><trkpt lat="36.758911" lon="126.620288"/><trkpt lat="36.758911" lon="126.620003"/><trkpt lat="36.758909" lon="126.619953"/><trkpt lat="36.758903" lon="126.619906"/><trkpt lat="36.758883" lon="126.619819"/><trkpt lat="36.758879" lon="126.619779"/><trkpt lat="36.758888" lon="126.61974"/><trkpt lat="36.75892" lon="126.619676"/><trkpt lat="36.758934" lon="126.619632"/><trkpt lat="36.758949" lon="126.61957"/><trkpt lat="36.75896" lon="126.619507"/><trkpt lat="36.758963" lon="126.619462"/><trkpt lat="36.758955" lon="126.619421"/><trkpt lat="36.758931" lon="126.619385"/><trkpt lat="36.758871" lon="126.619319"/><trkpt lat="36.758832" lon="126.619274"/><trkpt lat="36.758811" lon="126.619235"/><trkpt lat="36.758797" lon="126.619192"/><trkpt lat="36.758777" lon="126.619101"/><trkpt lat="36.758765" lon="126.619058"/><trkpt lat="36.758745" lon="126.619021"/><trkpt lat="36.758716" lon="126.618992"/><trkpt lat="36.758662" lon="126.61895"/><trkpt lat="36.758636" lon="126.618922"/><trkpt lat="36.758623" lon="126.618887"/><trkpt lat="36.758611" lon="126.618848"/><trkpt lat="36.758591" lon="126.61881"/><trkpt lat="36.758557" lon="126.618761"/><trkpt lat="36.758495" lon="126.618675"/><trkpt lat="36.758472" lon="126.618635"/><trkpt lat="36.758434" lon="126.618552"/><trkpt lat="36.758398" lon="126.618467"/><trkpt lat="36.758384" lon="126.618422"/><trkpt lat="36.758372" lon="126.618374"/><trkpt lat="36.758307" lon="126.618065"/><trkpt lat="36.758282" lon="126.617952"/><trkpt lat="36.758266" lon="126.617906"/><trkpt lat="36.758247" lon="126.617863"/><trkpt lat="36.758092" lon="126.617572"/><trkpt lat="36.758061" lon="126.617518"/><trkpt lat="36.758035" lon="126.617481"/><trkpt lat="36.757979" lon="126.617417"/><trkpt lat="36.757945" lon="126.617376"/><trkpt lat="36.757929" lon="126.617344"/><trkpt lat="36.757925" lon="126.617298"/><trkpt lat="36.757908" lon="126.617265"/><trkpt lat="36.757881" lon="126.617234"/><trkpt lat="36.757788" lon="126.617141"/><trkpt lat="36.757759" lon="126.617107"/><trkpt lat="36.757725" lon="126.617057"/><trkpt lat="36.757608" lon="126.616853"/><trkpt lat="36.75756" lon="126.616774"/><trkpt lat="36.757533" lon="126.616739"/><trkpt lat="36.757501" lon="126.616715"/><trkpt lat="36.757439" lon="126.616688"/><trkpt lat="36.757404" lon="126.61667"/><trkpt lat="36.757374" lon="126.616641"/><trkpt lat="36.75735" lon="126.616604"/><trkpt lat="36.757238" lon="126.616399"/><trkpt lat="36.757119" lon="126.616179"/><trkpt lat="36.757102" lon="126.616138"/><trkpt lat="36.757094" lon="126.616095"/><trkpt lat="36.757102" lon="126.616021"/><trkpt lat="36.757104" lon="126.615977"/><trkpt lat="36.757096" lon="126.615933"/><trkpt lat="36.757083" lon="126.615888"/><trkpt lat="36.757049" lon="126.615785"/><trkpt lat="36.757038" lon="126.615739"/><trkpt lat="36.757032" lon="126.615673"/><trkpt lat="36.756998" lon="126.614996"/></trkseg>
<trkseg><trkpt lat="36.762631" lon="126.612221"/><trkpt lat="36.762681" lon="126.612218"/><trkpt lat="36.76273" lon="126.612223"/><trkpt lat="36.762776" lon="126.612249"/><trkpt lat="36.762808" lon="126.612264"/><trkpt lat="36.762844" lon="126.612271"/><trkpt lat="36.762919" lon="126.612283"/><trkpt lat="36.762956" lon="126.612294"/><trkpt lat="36.763006" lon="126.612318"/><trkpt lat="36.763104" lon="126.612374"/><trkpt lat="36.763151" lon="126.612406"/><trkpt lat="36.763182" lon="126.612435"/><trkpt lat="36.763208" lon="126.61247"/><trkpt lat="36.763248" lon="126.612533"/><trkpt lat="36.763351" lon="126.6127"/><trkpt lat="36.763385" lon="126.612749"/><trkpt lat="36.763414" lon="126.612782"/><trkpt lat="36.763548" lon="126.612913"/><trkpt lat="36.763673" lon="126.613033"/><trkpt lat="36.763705" lon="126.613057"/><trkpt lat="36.763738" lon="126.613069"/><trkpt lat="36.763793" lon="126.613067"/><trkpt lat="36.763829" lon="126.61307"/><trkpt lat="36.76388" lon="126.613083"/><trkpt lat="36.763942" lon="126.613104"/><trkpt lat="36.763978" lon="126.613121"/><trkpt lat="36.764013" lon="126.613142"/><trkpt lat="36.764103" lon="126.613207"/><trkpt lat="36.764137" lon="126.613229"/><trkpt lat="36.764172" lon="126.613244"/><trkpt lat="36.76421" lon="126.613247"/><trkpt lat="36.764263" lon="126.61324"/><trkpt lat="36.764851" lon="126.613131"/></trkseg>
<trkseg><trkpt lat="36.695237" lon="126.628109"/><trkpt lat="36.695232" lon="126.628026"/><trkpt lat="36.695231" lon="126.627963"/><trkpt lat="36.695237" lon="126.627913"/><trkpt lat="36.69525" lon="126.627868"/><trkpt lat="36.69531" lon="126.627704"/><trkpt lat="36.695322" lon="126.627661"/><trkpt lat="36.695326" lon="126.62762"/><trkpt lat="36.69531" lon="126.62757"/><trkpt lat="36.695308" lon="126.627535"/><trkpt lat="36.695324" lon="126.6275"/><trkpt lat="36.695359" lon="126.627454"/><trkpt lat="36.695452" lon="126.627336"/><trkpt lat="36.695476" lon="126.627298"/><trkpt lat="36.695494" lon="126.627256"/><trkpt lat="36.695516" lon="126.627186"/><trkpt lat="36.695537" lon="126.627149"/><trkpt lat="36.695565" lon="126.627117"/><trkpt lat="36.695711" lon="126.626978"/><trkpt lat="36.695751" lon="126.626937"/><trkpt lat="36.695777" lon="126.626904"/><trkpt lat="36.695795" lon="126.626864"/><trkpt lat="36.695805" lon="126.626818"/><trkpt lat="36.695812" lon="126.626771"/><trkpt lat="36.695814" lon="126.626725"/><trkpt lat="36.695808" lon="126.626681"/><trkpt lat="36.695791" lon="126.62663"/><trkpt lat="36.695783" lon="126.626599"/><trkpt lat="36.695796" lon="126.626578"/><trkpt lat="36.695827" lon="126.626567"/><trkpt lat="36.695891" lon="126.62655"/><trkpt lat="36.695928" lon="126.626533"/><trkpt lat="36.695987" lon="126.626494"/><trkpt lat="36.696055" lon="126.626442"/><trkpt lat="36.696087" lon="126.626414"/><trkpt lat="36.696116" lon="126.626381"/><trkpt lat="36.696165" lon="126.626307"/><trkpt lat="36.696202" lon="126.626242"/><trkpt lat="36.696219" lon="126.626202"/><trkpt lat="36.696226" lon="126.626157"/><trkpt lat="36.696219" lon="126.62606"/><trkpt lat="36.696218" lon="126.626014"/><trkpt lat="36.69623" lon="126.625976"/><trkpt lat="36.696257" lon="126.625948"/><trkpt lat="36.696303" lon="126.625916"/><trkpt lat="36.696472" lon="126.62581"/><trkpt lat="36.696506" lon="126.625784"/><trkpt lat="36.696536" lon="126.625752"/><trkpt lat="36.696563" lon="126.625715"/><trkpt lat="36.696587" lon="126.625676"/><trkpt lat="36.696607" lon="126.625636"/><trkpt lat="36.696623" lon="126.625587"/><trkpt lat="36.696639" lon="126.625549"/><trkpt lat="36.696664" lon="126.625512"/><trkpt lat="36.69672" lon="126.625442"/><trkpt lat="36.696835" lon="126.625302"/><trkpt lat="36.69686" lon="126.625265"/><trkpt lat="36.696875" lon="126.625224"/><trkpt lat="36.696879" lon="126.625177"/><trkpt lat="36.696876" lon="126.625111"/><trkpt lat="36.69687" lon="126.625045"/><trkpt lat="36.696859" lon="126.624998"/><trkpt lat="36.696843" lon="126.624954"/><trkpt lat="36.696804" lon="126.624867"/><trkpt lat="36.696781" lon="126.62481"/><trkpt lat="36.696769" lon="126.624767"/><trkpt lat="36.696771" lon="126.624724"/><trkpt lat="36.696784" lon="126.624681"/><trkpt lat="36.696831" lon="126.624566"/><trkpt lat="36.696844" lon="126.624523"/><trkpt lat="36.696849" lon="126.624482"/><trkpt lat="36.696843" lon="126.624431"/><trkpt lat="36.696846" lon="126.624388"/><trkpt lat="36.696856" lon="126.624342"/><trkpt lat="36.696875" lon="126.624269"/><trkpt lat="36.696879" lon="126.624232"/><trkpt lat="36.696866" lon="126.624211"/><trkpt lat="36.696844" lon="126.624192"/><trkpt lat="36.696848" lon="126.624162"/><trkpt lat="36.696871" lon="126.624111"/><trkpt lat="36.696914" lon="126.624028"/><trkpt lat="36.696932" lon="126.623984"/><trkpt lat="36.696942" lon="126.623939"/><trkpt lat="36.696949" lon="126.623847"/><trkpt lat="36.696954" lon="126.623801"/><trkpt lat="36.696964" lon="126.623756"/><trkpt lat="36.696986" lon="126.623686"/><trkpt lat="36.696992" lon="126.623644"/><trkpt lat="36.696983" lon="126.623602"/><trkpt lat="36.696966" lon="126.62356"/><trkpt lat="36.696929" lon="126.623477"/><trkpt lat="36.696917" lon="126.623437"/><trkpt lat="36.696919" lon="126.623402"/><trkpt lat="36.696938" lon="126.623362"/><trkpt lat="36.696935" lon="126.623332"/><trkpt lat="36.696917" lon="126.623303"/><trkpt lat="36.696889" lon="126.623278"/><trkpt lat="36.696854" lon="126.623259"/><trkpt lat="36.696777" lon="126.623233"/><trkpt lat="36.69674" lon="126.623218"/><trkpt lat="36.696707" lon="126.623197"/><trkpt lat="36.696682" lon="126.623163"/><trkpt lat="36.696664" lon="126.623122"/><trkpt lat="36.696656" lon="126.623081"/><trkpt lat="36.696592" lon="126.623063"/><trkpt lat="36.696557" lon="126.623077"/><trkpt lat="36.696536" lon="126.623073"/><trkpt lat="36.696523" lon="126.62304"/><trkpt lat="36.696505" lon="126.622966"/><trkpt lat="36.696489" lon="126.622922"/><trkpt lat="36.696458" lon="126.622873"/><trkpt lat="36.696437" lon="126.622835"/><trkpt lat="36.696424" lon="126.622792"/><trkpt lat="36.696414" lon="126.622747"/><trkpt lat="36.69641" lon="126.622701"/><trkpt lat="36.696416" lon="126.622655"/><trkpt lat="36.696429" lon="126.62261"/><trkpt lat="36.696447" lon="126.622567"/><trkpt lat="36.696468" lon="126.622529"/><trkpt lat="36.696496" lon="126.622503"/><trkpt lat="36.696548" lon="126.622472"/><trkpt lat="36.696582" lon="126.622445"/><trkpt lat="36.696623" lon="126.622404"/><trkpt lat="36.696685" lon="126.62234"/><trkpt lat="36.696718" lon="126.622312"/><trkpt lat="36.696753" lon="126.622291"/><trkpt lat="36.696802" lon="126.622268"/><trkpt lat="36.697051" lon="126.622165"/><trkpt lat="36.697089" lon="126.622153"/><trkpt lat="36.697128" lon="126.622146"/><trkpt lat="36.697246" lon="126.622135"/><trkpt lat="36.697456" lon="126.622117"/><trkpt lat="36.697494" lon="126.622109"/><trkpt lat="36.697527" lon="126.62209"/><trkpt lat="36.697555" lon="126.622058"/><trkpt lat="36.697598" lon="126.621994"/><trkpt lat="36.698085" lon="126.621235"/><trkpt lat="36.698245" lon="126.620987"/><trkpt lat="36.698273" lon="126.620952"/><trkpt lat="36.698305" lon="126.620927"/><trkpt lat="36.698354" lon="126.620903"/><trkpt lat="36.698454" lon="126.620859"/><trkpt lat="36.698489" lon="126.620838"/><trkpt lat="36.698557" lon="126.620786"/><trkpt lat="36.6988" lon="126.620584"/><trkpt lat="36.698831" lon="126.620555"/><trkpt lat="36.698857" lon="126.620523"/><trkpt lat="36.698873" lon="126.620486"/><trkpt lat="36.698889" lon="126.620432"/><trkpt lat="36.69891" lon="126.620392"/><trkpt lat="36.698959" lon="126.620315"/><trkpt lat="36.69903" lon="126.620214"/><trkpt lat="36.699059" lon="126.62018"/><trkpt lat="36.699089" lon="126.620154"/><trkpt lat="36.699122" lon="126.620132"/><trkpt lat="36.699156" lon="126.620113"/><trkpt lat="36.699192" lon="126.6201"/><trkpt lat="36.69923" lon="126.620094"/><trkpt lat="36.699441" lon="126.620085"/></trkseg>
<trkseg><trkpt lat="36.709346" lon="126.616257"/><trkpt lat="36.709215" lon="126.61637"/><trkpt lat="36.709171" lon="126.616405"/><trkpt lat="36.709136" lon="126.616425"/><trkpt lat="36.709098" lon="126.616436"/><trkpt lat="36.709047" lon="126.616443"/><trkpt lat="36.709008" lon="126.616444"/><trkpt lat="36.708969" lon="126.61644"/><trkpt lat="36.70893" lon="126.61643"/><trkpt lat="36.708763" lon="126.616372"/><trkpt lat="36.708685" lon="126.616347"/><trkpt lat="36.708646" lon="126.616341"/><trkpt lat="36.708593" lon="126.616341"/><trkpt lat="36.708501" lon="126.616344"/><trkpt lat="36.708461" lon="126.616339"/><trkpt lat="36.70841" lon="126.616324"/><trkpt lat="36.708051" lon="126.61619"/><trkpt lat="36.707988" lon="126.616164"/><trkpt lat="36.707952" lon="126.616144"/><trkpt lat="36.707871" lon="126.616089"/><trkpt lat="36.707536" lon="126.615859"/><trkpt lat="36.7075" lon="126.615839"/><trkpt lat="36.707437" lon="126.615813"/><trkpt lat="36.707285" lon="126.615756"/><trkpt lat="36.707249" lon="126.615738"/><trkpt lat="36.707217" lon="126.615712"/><trkpt lat="36.70718" lon="126.615668"/><trkpt lat="36.707106" lon="126.615576"/><trkpt lat="36.707077" lon="126.615546"/><trkpt lat="36.707045" lon="126.615526"/><trkpt lat="36.707011" lon="126.615516"/><trkpt lat="36.706978" lon="126.615514"/><trkpt lat="36.706946" lon="126.615527"/><trkpt lat="36.706904" lon="126.615552"/><trkpt lat="36.706869" lon="126.615555"/><trkpt lat="36.706832" lon="126.615549"/><trkpt lat="36.706795" lon="126.615535"/><trkpt lat="36.70676" lon="126.615513"/><trkpt lat="36.706659" lon="126.615431"/><trkpt lat="36.706614" lon="126.615397"/><trkpt lat="36.70658" lon="126.615378"/><trkpt lat="36.706549" lon="126.615374"/><trkpt lat="36.706507" lon="126.615372"/><trkpt lat="36.706459" lon="126.615354"/><trkpt lat="36.706422" lon="126.615343"/><trkpt lat="36.706386" lon="126.615346"/><trkpt lat="36.706312" lon="126.615366"/><trkpt lat="36.706275" lon="126.615374"/><trkpt lat="36.706238" lon="126.615373"/><trkpt lat="36.706201" lon="126.615364"/><trkpt lat="36.706089" lon="126.615329"/><trkpt lat="36.706052" lon="126.615323"/><trkpt lat="36.706015" lon="126.615328"/><trkpt lat="36.705977" lon="126.615343"/><trkpt lat="36.705853" lon="126.615404"/><trkpt lat="36.705816" lon="126.615417"/><trkpt lat="36.70578" lon="126.615418"/><trkpt lat="36.705746" lon="126.615404"/><trkpt lat="36.705679" lon="126.615364"/><trkpt lat="36.705644" lon="126.615347"/><trkpt lat="36.705608" lon="126.61534"/><trkpt lat="36.70557" lon="126.61534"/><trkpt lat="36.705441" lon="126.615352"/><trkpt lat="36.705404" lon="126.615352"/><trkpt lat="36.705372" lon="126.615341"/><trkpt lat="36.705347" lon="126.615316"/><trkpt lat="36.705316" lon="126.615277"/><trkpt lat="36.705285" lon="126.615257"/><trkpt lat="36.70525" lon="126.615243"/><trkpt lat="36.705213" lon="126.615235"/><trkpt lat="36.705174" lon="126.615234"/><trkpt lat="36.705109" lon="126.61524"/><trkpt lat="36.705058" lon="126.61525"/><trkpt lat="36.705022" lon="126.615264"/><trkpt lat="36.704988" lon="126.615285"/><trkpt lat="36.704911" lon="126.615342"/><trkpt lat="36.704877" lon="126.615364"/><trkpt lat="36.70484" lon="126.615377"/><trkpt lat="36.704802" lon="126.615385"/><trkpt lat="36.704736" lon="126.615391"/><trkpt lat="36.704698" lon="126.61539"/><trkpt lat="36.704662" lon="126.615379"/><trkpt lat="36.704629" lon="126.615357"/><trkpt lat="36.704586" lon="126.61532"/><trkpt lat="36.704428" lon="126.615173"/><trkpt lat="36.704385" lon="126.615138"/><trkpt lat="36.70435" lon="126.61512"/><trkpt lat="36.704313" lon="126.615111"/><trkpt lat="36.704238" lon="126.615103"/><trkpt lat="36.7042" lon="126.615102"/><trkpt lat="36.704163" lon="126.615109"/><trkpt lat="36.704125" lon="126.615123"/><trkpt lat="36.704051" lon="126.615159"/><trkpt lat="36.704013" lon="126.615174"/><trkpt lat="36.703974" lon="126.61518"/><trkpt lat="36.703934" lon="126.615179"/><trkpt lat="36.703853" lon="126.615174"/><trkpt lat="36.703814" lon="126.615177"/><trkpt lat="36.703777" lon="126.61519"/><trkpt lat="36.703704" lon="126.61523"/><trkpt lat="36.703535" lon="126.615328"/><trkpt lat="36.703498" lon="126.615346"/><trkpt lat="36.703461" lon="126.61536"/><trkpt lat="36.703384" lon="126.615378"/><trkpt lat="36.703346" lon="126.615383"/><trkpt lat="36.703308" lon="126.615382"/><trkpt lat="36.703272" lon="126.615368"/><trkpt lat="36.703237" lon="126.615347"/><trkpt lat="36.702876" lon="126.615105"/></trkseg>
<trkseg><trkpt lat="36.674223" lon="126.597884"/><trkpt lat="36.674042" lon="126.597714"/><trkpt lat="36.674009" lon="126.597686"/><trkpt lat="36.673976" lon="126.597665"/><trkpt lat="36.673939" lon="126.597659"/><trkpt lat="36.673901" lon="126.597665"/><trkpt lat="36.67377" lon="126.597702"/><trkpt lat="36.673704" lon="126.597719"/><trkpt lat="36.673666" lon="126.597723"/><trkpt lat="36.673629" lon="126.597714"/><trkpt lat="36.673594" lon="126.597695"/><trkpt lat="36.673549" lon="126.597663"/><trkpt lat="36.673516" lon="126.597636"/><trkpt lat="36.673487" lon="126.597604"/><trkpt lat="36.673452" lon="126.597557"/><trkpt lat="36.673343" lon="126.597396"/><trkpt lat="36.673317" lon="126.597361"/><trkpt lat="36.673289" lon="126.59733"/><trkpt lat="36.673255" lon="126.597308"/><trkpt lat="36.673208" lon="126.597284"/><trkpt lat="36.673074" lon="126.597224"/><trkpt lat="36.673039" lon="126.597204"/><trkpt lat="36.673007" lon="126.597177"/><trkpt lat="36.672968" lon="126.597132"/><trkpt lat="36.672892" lon="126.597036"/><trkpt lat="36.672862" lon="126.597004"/><trkpt lat="36.672829" lon="126.59698"/><trkpt lat="36.672793" lon="126.596967"/><trkpt lat="36.672678" lon="126.596941"/><trkpt lat="36.672641" lon="126.596929"/><trkpt lat="36.672607" lon="126.59691"/><trkpt lat="36.672577" lon="126.596881"/><trkpt lat="36.672529" lon="126.596829"/><trkpt lat="36.672497" lon="126.596804"/><trkpt lat="36.67246" lon="126.596787"/><trkpt lat="36.672409" lon="126.596769"/><trkpt lat="36.672189" lon="126.596699"/><trkpt lat="36.672152" lon="126.596683"/><trkpt lat="36.672118" lon="126.59666"/><trkpt lat="36.672057" lon="126.596603"/><trkpt lat="36.672016" lon="126.596566"/><trkpt lat="36.671982" lon="126.596543"/><trkpt lat="36.671944" lon="126.596528"/><trkpt lat="36.671866" lon="126.596504"/><trkpt lat="36.671787" lon="126.596484"/><trkpt lat="36.671747" lon="126.59648"/><trkpt lat="36.671694" lon="126.596483"/><trkpt lat="36.671241" lon="126.596541"/><trkpt lat="36.671188" lon="126.596545"/><trkpt lat="36.671148" lon="126.596542"/><trkpt lat="36.67111" lon="126.596532"/><trkpt lat="36.671009" lon="126.596498"/><trkpt lat="36.670947" lon="126.596473"/><trkpt lat="36.670913" lon="126.596453"/><trkpt lat="36.670884" lon="126.596422"/><trkpt lat="36.670841" lon="126.59636"/><trkpt lat="36.67065" lon="126.596064"/><trkpt lat="36.670623" lon="126.596028"/><trkpt lat="36.670593" lon="126.595996"/><trkpt lat="36.670526" lon="126.595942"/><trkpt lat="36.670309" lon="126.595776"/><trkpt lat="36.670276" lon="126.595747"/><trkpt lat="36.670246" lon="126.595715"/><trkpt lat="36.670164" lon="126.595608"/><trkpt lat="36.670127" lon="126.595561"/><trkpt lat="36.670096" lon="126.595532"/><trkpt lat="36.670062" lon="126.595514"/><trkpt lat="36.670012" lon="126.595496"/><trkpt lat="36.669873" lon="126.595453"/><trkpt lat="36.669837" lon="126.595438"/><trkpt lat="36.669804" lon="126.595417"/><trkpt lat="36.669758" lon="126.595378"/><trkpt lat="36.669723" lon="126.595365"/><trkpt lat="36.669685" lon="126.595357"/><trkpt lat="36.669594" lon="126.595348"/><trkpt lat="36.66953" lon="126.595346"/><trkpt lat="36.669493" lon="126.595351"/><trkpt lat="36.669448" lon="126.595367"/><trkpt lat="36.669414" lon="126.595371"/><trkpt lat="36.66938" lon="126.595359"/><trkpt lat="36.669321" lon="126.595327"/><trkpt lat="36.669285" lon="126.595313"/><trkpt lat="36.669247" lon="126.595309"/><trkpt lat="36.669195" lon="126.595312"/><trkpt lat="36.668987" lon="126.595337"/><trkpt lat="36.668935" lon="126.59534"/><trkpt lat="36.668898" lon="126.595336"/><trkpt lat="36.66884" lon="126.595325"/><trkpt lat="36.668805" lon="126.59533"/><trkpt lat="36.66876" lon="126.595341"/><trkpt lat="36.668728" lon="126.595338"/><trkpt lat="36.668697" lon="126.595316"/><trkpt lat="36.668667" lon="126.595287"/><trkpt lat="36.668586" lon="126.595203"/><trkpt lat="36.668553" lon="126.595177"/><trkpt lat="36.668519" lon="126.595159"/><trkpt lat="36.668483" lon="126.595147"/><trkpt lat="36.668447" lon="126.595139"/><trkpt lat="36.668413" lon="126.595141"/><trkpt lat="36.668382" lon="126.595159"/><trkpt lat="36.668355" lon="126.595187"/><trkpt lat="36.668332" lon="126.595221"/><trkpt lat="36.668316" lon="126.595262"/><trkpt lat="36.668298" lon="126.59532"/><trkpt lat="36.668275" lon="126.595357"/><trkpt lat="36.668236" lon="126.5954"/><trkpt lat="36.668164" lon="126.595474"/><trkpt lat="36.668133" lon="126.595502"/><trkpt lat="36.668101" lon="126.59552"/><trkpt lat="36.668069" lon="126.595517"/><trkpt lat="36.668037" lon="126.595496"/><trkpt lat="36.668004" lon="126.595468"/><trkpt lat="36.667952" lon="126.595417"/><trkpt lat="36.667925" lon="126.595382"/><trkpt lat="36.667907" lon="126.595344"/><trkpt lat="36.667885" lon="126.595281"/><trkpt lat="36.667861" lon="126.595254"/><trkpt lat="36.66783" lon="126.595238"/><trkpt lat="36.667798" lon="126.595234"/><trkpt lat="36.667776" lon="126.595246"/><trkpt lat="36.66777" lon="126.595278"/><trkpt lat="36.667779" lon="126.595321"/><trkpt lat="36.667815" lon="126.595432"/><trkpt lat="36.667834" lon="126.595492"/><trkpt lat="36.667838" lon="126.595531"/><trkpt lat="36.667824" lon="126.595552"/><trkpt lat="36.667795" lon="126.595559"/><trkpt lat="36.667764" lon="126.595553"/><trkpt lat="36.667735" lon="126.595534"/><trkpt lat="36.667706" lon="126.59552"/><trkpt lat="36.667663" lon="126.595517"/><trkpt lat="36.667633" lon="126.595511"/><trkpt lat="36.667604" lon="126.595485"/><trkpt lat="36.667561" lon="126.595425"/><trkpt lat="36.667532" lon="126.595396"/><trkpt lat="36.667498" lon="126.59538"/><trkpt lat="36.667462" lon="126.595375"/><trkpt lat="36.667425" lon="126.595387"/><trkpt lat="36.667364" lon="126.595416"/><trkpt lat="36.667329" lon="126.595426"/><trkpt lat="36.667284" lon="126.595432"/><trkpt lat="36.667251" lon="126.595449"/><trkpt lat="36.667219" lon="126.595474"/><trkpt lat="36.66719" lon="126.595504"/><trkpt lat="36.667165" lon="126.595539"/><trkpt lat="36.667131" lon="126.595606"/><trkpt lat="36.667108" lon="126.595644"/><trkpt lat="36.667079" lon="126.595675"/><trkpt lat="36.667034" lon="126.59571"/><trkpt lat="36.666964" lon="126.595758"/><trkpt lat="36.666928" lon="126.595779"/><trkpt lat="36.666891" lon="126.595792"/><trkpt lat="36.666828" lon="126.595803"/><trkpt lat="36.666797" lon="126.595817"/><trkpt lat="36.666674" lon="126.595874"/><trkpt lat="36.666487" lon="126.5958"/><trkpt lat="36.666579" lon="126.595628"/><trkpt lat="36.666597" lon="126.595587"/><trkpt lat="36.666603" lon="126.595548"/><trkpt lat="36.666588" lon="126.595513"/><trkpt lat="36.666562" lon="126.59548"/><trkpt lat="36.666491" lon="126.595404"/><trkpt lat="36.666463" lon="126.595371"/><trkpt lat="36.666442" lon="126.595337"/><trkpt lat="36.666429" lon="126.595301"/><trkpt lat="36.666414" lon="126.595301"/><trkpt lat="36.666389" lon="126.595325"/><trkpt lat="36.666324" lon="126.595403"/><trkpt lat="36.666294" lon="126.595434"/><trkpt lat="36.666263" lon="126.595452"/><trkpt lat="36.66623" lon="126.595449"/><trkpt lat="36.666195" lon="126.595434"/><trkpt lat="36.666043" lon="126.595348"/><trkpt lat="36.665969" lon="126.595276"/></trkseg>
<trkseg><trkpt lat="36.698693" lon="126.63142"/><trkpt lat="36.698683" lon="126.63168"/><trkpt lat="36.698684" lon="126.631744"/><trkpt lat="36.698689" lon="126.63179"/><trkpt lat="36.6987" lon="126.631862"/><trkpt lat="36.698699" lon="126.631902"/><trkpt lat="36.698683" lon="126.631942"/><trkpt lat="36.698644" lon="126.632005"/><trkpt lat="36.698622" lon="126.632046"/><trkpt lat="36.698609" lon="126.632091"/><trkpt lat="36.6986" lon="126.632139"/><trkpt lat="36.698547" lon="126.632532"/><trkpt lat="36.698535" lon="126.632596"/><trkpt lat="36.698523" lon="126.632642"/><trkpt lat="36.698485" lon="126.632747"/><trkpt lat="36.698344" lon="126.633117"/><trkpt lat="36.698331" lon="126.633163"/><trkpt lat="36.698322" lon="126.633226"/><trkpt lat="36.698314" lon="126.633306"/><trkpt lat="36.698303" lon="126.633352"/><trkpt lat="36.698285" lon="126.633395"/><trkpt lat="36.698257" lon="126.633451"/><trkpt lat="36.698185" lon="126.633589"/><trkpt lat="36.69817" lon="126.63363"/><trkpt lat="36.69817" lon="126.633669"/><trkpt lat="36.698186" lon="126.633706"/><trkpt lat="36.698226" lon="126.633766"/><trkpt lat="36.698249" lon="126.633804"/><trkpt lat="36.698265" lon="126.633846"/><trkpt lat="36.698272" lon="126.633893"/><trkpt lat="36.698276" lon="126.633959"/><trkpt lat="36.698291" lon="126.634443"/><trkpt lat="36.698296" lon="126.634508"/><trkpt lat="36.698308" lon="126.634554"/><trkpt lat="36.698328" lon="126.634595"/><trkpt lat="36.698361" lon="126.634647"/><trkpt lat="36.698462" lon="126.634802"/><trkpt lat="36.698484" lon="126.634842"/><trkpt lat="36.698498" lon="126.634885"/><trkpt lat="36.698503" lon="126.634932"/><trkpt lat="36.698504" lon="126.635013"/><trkpt lat="36.698501" lon="126.635112"/><trkpt lat="36.698497" lon="126.63516"/><trkpt lat="36.698486" lon="126.635223"/><trkpt lat="36.698443" lon="126.635428"/><trkpt lat="36.698433" lon="126.635492"/><trkpt lat="36.698429" lon="126.63554"/><trkpt lat="36.698428" lon="126.635655"/><trkpt lat="36.698432" lon="126.635853"/><trkpt lat="36.698436" lon="126.635902"/><trkpt lat="36.698451" lon="126.635979"/><trkpt lat="36.698455" lon="126.636025"/><trkpt lat="36.698448" lon="126.63607"/><trkpt lat="36.698428" lon="126.636129"/><trkpt lat="36.698316" lon="126.636412"/><trkpt lat="36.698285" lon="126.636486"/><trkpt lat="36.698213" lon="126.636622"/><trkpt lat="36.698104" lon="126.636825"/><trkpt lat="36.698085" lon="126.636867"/><trkpt lat="36.698073" lon="126.636912"/><trkpt lat="36.698063" lon="126.636977"/><trkpt lat="36.698012" lon="126.637453"/><trkpt lat="36.698004" lon="126.637518"/><trkpt lat="36.697995" lon="126.637564"/><trkpt lat="36.697977" lon="126.637603"/><trkpt lat="36.697949" lon="126.637635"/><trkpt lat="36.697896" lon="126.637682"/><trkpt lat="36.697867" lon="126.637715"/><trkpt lat="36.697847" lon="126.637755"/><trkpt lat="36.697831" lon="126.6378"/><trkpt lat="36.697754" lon="126.63805"/><trkpt lat="36.697724" lon="126.638142"/><trkpt lat="36.697707" lon="126.638182"/><trkpt lat="36.697686" lon="126.638222"/><trkpt lat="36.697677" lon="126.638285"/><trkpt lat="36.697667" lon="126.638325"/><trkpt lat="36.697644" lon="126.638362"/><trkpt lat="36.697617" lon="126.638397"/><trkpt lat="36.697478" lon="126.638556"/><trkpt lat="36.69744" lon="126.638604"/><trkpt lat="36.697417" lon="126.638643"/><trkpt lat="36.697401" lon="126.638685"/><trkpt lat="36.697378" lon="126.63876"/><trkpt lat="36.697369" lon="126.638806"/><trkpt lat="36.697368" lon="126.638853"/><trkpt lat="36.697375" lon="126.638918"/><trkpt lat="36.697424" lon="126.639228"/><trkpt lat="36.697441" lon="126.639324"/><trkpt lat="36.697451" lon="126.639368"/><trkpt lat="36.697468" lon="126.639414"/><trkpt lat="36.697471" lon="126.639446"/><trkpt lat="36.697462" lon="126.639484"/><trkpt lat="36.697441" lon="126.639553"/><trkpt lat="36.697435" lon="126.639597"/><trkpt lat="36.697439" lon="126.639644"/><trkpt lat="36.697453" lon="126.639724"/><trkpt lat="36.697483" lon="126.639884"/><trkpt lat="36.697487" lon="126.639931"/><trkpt lat="36.697483" lon="126.639977"/><trkpt lat="36.697472" lon="126.640023"/><trkpt lat="36.697414" lon="126.640206"/><trkpt lat="36.697396" lon="126.640267"/><trkpt lat="36.697388" lon="126.640314"/><trkpt lat="36.697387" lon="126.640361"/><trkpt lat="36.697391" lon="126.640425"/><trkpt lat="36.697403" lon="126.640536"/><trkpt lat="36.697414" lon="126.640599"/><trkpt lat="36.697426" lon="126.640644"/><trkpt lat="36.697471" lon="126.640777"/><trkpt lat="36.697481" lon="126.640822"/><trkpt lat="36.697484" lon="126.640867"/><trkpt lat="36.69748" lon="126.640913"/><trkpt lat="36.697465" lon="126.641036"/><trkpt lat="36.697462" lon="126.641084"/><trkpt lat="36.697466" lon="126.641181"/><trkpt lat="36.697493" lon="126.64154"/><trkpt lat="36.697501" lon="126.641587"/><trkpt lat="36.697513" lon="126.641634"/><trkpt lat="36.697594" lon="126.641861"/><trkpt lat="36.697729" lon="126.642238"/><trkpt lat="36.697742" lon="126.642284"/><trkpt lat="36.697751" lon="126.642332"/><trkpt lat="36.697759" lon="126.642413"/><trkpt lat="36.697768" lon="126.642459"/><trkpt lat="36.69779" lon="126.64253"/><trkpt lat="36.697794" lon="126.642571"/><trkpt lat="36.697788" lon="126.642622"/><trkpt lat="36.697786" lon="126.642669"/><trkpt lat="36.69779" lon="126.642733"/><trkpt lat="36.697799" lon="126.642814"/><trkpt lat="36.697807" lon="126.642861"/><trkpt lat="36.697822" lon="126.642906"/><trkpt lat="36.697843" lon="126.642948"/><trkpt lat="36.698077" lon="126.643376"/><trkpt lat="36.698114" lon="126.643439"/><trkpt lat="36.698133" lon="126.643462"/><trkpt lat="36.698145" lon="126.643459"/><trkpt lat="36.698158" lon="126.643443"/><trkpt lat="36.698174" lon="126.643454"/><trkpt lat="36.698192" lon="126.64348"/><trkpt lat="36.698209" lon="126.643517"/><trkpt lat="36.698223" lon="126.643562"/><trkpt lat="36.698262" lon="126.64372"/></trkseg>
<trkseg><trkpt lat="36.691876" lon="126.631416"/><trkpt lat="36.691912" lon="126.631416"/><trkpt lat="36.691982" lon="126.631451"/><trkpt lat="36.692019" lon="126.631466"/><trkpt lat="36.692076" lon="126.631475"/><trkpt lat="36.692107" lon="126.631483"/><trkpt lat="36.692139" lon="126.631507"/><trkpt lat="36.692177" lon="126.63155"/><trkpt lat="36.692446" lon="126.631892"/><trkpt lat="36.692485" lon="126.631936"/><trkpt lat="36.692517" lon="126.631962"/><trkpt lat="36.692553" lon="126.631979"/><trkpt lat="36.692629" lon="126.632005"/><trkpt lat="36.69268" lon="126.632018"/><trkpt lat="36.692718" lon="126.632022"/><trkpt lat="36.692755" lon="126.632015"/><trkpt lat="36.692815" lon="126.631997"/><trkpt lat="36.692852" lon="126.63199"/><trkpt lat="36.69289" lon="126.631995"/><trkpt lat="36.692928" lon="126.632007"/><trkpt lat="36.692962" lon="126.632026"/><trkpt lat="36.692988" lon="126.632057"/><trkpt lat="36.693008" lon="126.632098"/><trkpt lat="36.693041" lon="126.63217"/><trkpt lat="36.693065" lon="126.63221"/><trkpt lat="36.693121" lon="126.63228"/><trkpt lat="36.693306" lon="126.632497"/><trkpt lat="36.693344" lon="126.632544"/><trkpt lat="36.693368" lon="126.632583"/><trkpt lat="36.693388" lon="126.632625"/><trkpt lat="36.693452" lon="126.632788"/><trkpt lat="36.693489" lon="126.632875"/><trkpt lat="36.693512" lon="126.632914"/><trkpt lat="36.69354" lon="126.63295"/><trkpt lat="36.69363" lon="126.633049"/><trkpt lat="36.693659" lon="126.633084"/><trkpt lat="36.693683" lon="126.633123"/><trkpt lat="36.693712" lon="126.633178"/><trkpt lat="36.693775" lon="126.633305"/><trkpt lat="36.6938" lon="126.633343"/><trkpt lat="36.693831" lon="126.633373"/><trkpt lat="36.693876" lon="126.633408"/><trkpt lat="36.694051" lon="126.633532"/><trkpt lat="36.694087" lon="126.63355"/><trkpt lat="36.694124" lon="126.633554"/><trkpt lat="36.694162" lon="126.633548"/><trkpt lat="36.694315" lon="126.633503"/><trkpt lat="36.694405" lon="126.633478"/><trkpt lat="36.694444" lon="126.633472"/><trkpt lat="36.694484" lon="126.633472"/><trkpt lat="36.69459" lon="126.633485"/><trkpt lat="36.694643" lon="126.63349"/><trkpt lat="36.694682" lon="126.633488"/><trkpt lat="36.694719" lon="126.633475"/><trkpt lat="36.694753" lon="126.633453"/><trkpt lat="36.694977" lon="126.633273"/><trkpt lat="36.695009" lon="126.633243"/><trkpt lat="36.695038" lon="126.633209"/><trkpt lat="36.695081" lon="126.633145"/><trkpt lat="36.695196" lon="126.632959"/><trkpt lat="36.69523" lon="126.632908"/><trkpt lat="36.695259" lon="126.632875"/><trkpt lat="36.69529" lon="126.632849"/><trkpt lat="36.695323" lon="126.632829"/><trkpt lat="36.695358" lon="126.632817"/><trkpt lat="36.695396" lon="126.632811"/><trkpt lat="36.695459" lon="126.632807"/><trkpt lat="36.695496" lon="126.632809"/><trkpt lat="36.695531" lon="126.63282"/><trkpt lat="36.695576" lon="126.632846"/><trkpt lat="36.695608" lon="126.632863"/><trkpt lat="36.695643" lon="126.632863"/><trkpt lat="36.695679" lon="126.63285"/><trkpt lat="36.695887" lon="126.632737"/><trkpt lat="36.696179" lon="126.632577"/><trkpt lat="36.696214" lon="126.632553"/><trkpt lat="36.696269" lon="126.632506"/><trkpt lat="36.696668" lon="126.632139"/><trkpt lat="36.696698" lon="126.632107"/><trkpt lat="36.696724" lon="126.632072"/><trkpt lat="36.696762" lon="126.632007"/><trkpt lat="36.696821" lon="126.631902"/><trkpt lat="36.696845" lon="126.631869"/><trkpt lat="36.696873" lon="126.631847"/><trkpt lat="36.69692" lon="126.631831"/><trkpt lat="36.696954" lon="126.631812"/><trkpt lat="36.697" lon="126.631782"/><trkpt lat="36.697056" lon="126.63174"/><trkpt lat="36.697088" lon="126.631713"/><trkpt lat="36.697114" lon="126.631679"/><trkpt lat="36.697138" lon="126.631641"/><trkpt lat="36.697191" lon="126.631551"/><trkpt lat="36.697218" lon="126.631516"/><trkpt lat="36.697259" lon="126.631473"/><trkpt lat="36.697366" lon="126.63137"/><trkpt lat="36.697399" lon="126.631341"/><trkpt lat="36.697433" lon="126.63132"/><trkpt lat="36.697467" lon="126.63131"/><trkpt lat="36.697525" lon="126.631298"/><trkpt lat="36.697562" lon="126.63128"/><trkpt lat="36.697608" lon="126.631249"/><trkpt lat="36.697712" lon="126.631175"/><trkpt lat="36.697747" lon="126.631156"/><trkpt lat="36.697783" lon="126.63115"/><trkpt lat="36.697819" lon="126.631161"/><trkpt lat="36.697881" lon="126.631193"/><trkpt lat="36.698078" lon="126.631303"/><trkpt lat="36.698115" lon="126.63132"/><trkpt lat="36.698153" lon="126.631332"/><trkpt lat="36.698295" lon="126.631365"/><trkpt lat="36.698371" lon="126.631386"/><trkpt lat="36.698407" lon="126.631403"/><trkpt lat="36.698458" lon="126.631445"/><trkpt lat="36.698489" lon="126.631464"/><trkpt lat="36.698525" lon="126.631468"/><trkpt lat="36.698563" lon="126.63146"/><trkpt lat="36.698684" lon="126.631423"/><trkpt lat="36.698693" lon="126.63142"/></trkseg>
<trkseg><trkpt lat="36.74663" lon="126.58429"/><trkpt lat="36.746341" lon="126.584896"/><trkpt lat="36.746319" lon="126.584935"/><trkpt lat="36.746295" lon="126.584965"/><trkpt lat="36.746263" lon="126.584979"/><trkpt lat="36.746243" lon="126.584992"/><trkpt lat="36.746229" lon="126.585027"/><trkpt lat="36.74621" lon="126.58512"/><trkpt lat="36.746199" lon="126.585167"/><trkpt lat="36.746183" lon="126.585212"/><trkpt lat="36.746161" lon="126.585252"/><trkpt lat="36.746136" lon="126.585288"/><trkpt lat="36.746111" lon="126.58532"/><trkpt lat="36.746089" lon="126.585339"/><trkpt lat="36.746072" lon="126.585333"/><trkpt lat="36.746057" lon="126.585312"/><trkpt lat="36.746047" lon="126.585321"/><trkpt lat="36.746035" lon="126.58537"/><trkpt lat="36.745912" lon="126.585848"/><trkpt lat="36.74589" lon="126.586109"/><trkpt lat="36.745876" lon="126.586154"/><trkpt lat="36.745856" lon="126.586194"/><trkpt lat="36.745819" lon="126.586241"/><trkpt lat="36.7457" lon="126.586376"/><trkpt lat="36.74567" lon="126.586406"/><trkpt lat="36.74564" lon="126.586429"/><trkpt lat="36.745597" lon="126.586435"/><trkpt lat="36.745581" lon="126.586447"/><trkpt lat="36.745577" lon="126.586483"/><trkpt lat="36.745578" lon="126.586529"/><trkpt lat="36.745595" lon="126.586797"/><trkpt lat="36.745597" lon="126.586864"/><trkpt lat="36.745594" lon="126.586913"/><trkpt lat="36.745584" lon="126.586978"/><trkpt lat="36.74547" lon="126.587539"/><trkpt lat="36.745455" lon="126.58762"/><trkpt lat="36.745449" lon="126.587685"/><trkpt lat="36.745424" lon="126.588365"/><trkpt lat="36.745412" lon="126.588664"/><trkpt lat="36.745412" lon="126.588712"/><trkpt lat="36.745419" lon="126.588758"/><trkpt lat="36.745439" lon="126.588797"/><trkpt lat="36.745475" lon="126.588845"/><trkpt lat="36.745648" lon="126.589056"/><trkpt lat="36.745678" lon="126.589089"/><trkpt lat="36.745711" lon="126.589115"/><trkpt lat="36.745748" lon="126.589133"/><trkpt lat="36.745838" lon="126.589165"/><trkpt lat="36.745872" lon="126.589172"/><trkpt lat="36.745897" lon="126.589166"/><trkpt lat="36.745904" lon="126.589136"/><trkpt lat="36.745896" lon="126.589047"/><trkpt lat="36.745895" lon="126.589004"/><trkpt lat="36.745908" lon="126.588974"/><trkpt lat="36.745937" lon="126.588958"/><trkpt lat="36.745974" lon="126.588949"/><trkpt lat="36.746091" lon="126.588931"/><trkpt lat="36.746129" lon="126.58893"/><trkpt lat="36.746166" lon="126.588939"/><trkpt lat="36.7462" lon="126.58896"/><trkpt lat="36.746243" lon="126.588997"/><trkpt lat="36.746438" lon="126.589169"/><trkpt lat="36.746478" lon="126.58921"/><trkpt lat="36.746502" lon="126.589246"/><trkpt lat="36.746518" lon="126.589289"/><trkpt lat="36.746535" lon="126.589351"/><trkpt lat="36.746583" lon="126.58954"/><trkpt lat="36.746599" lon="126.589584"/><trkpt lat="36.746621" lon="126.589619"/><trkpt lat="36.746653" lon="126.589645"/><trkpt lat="36.746701" lon="126.589674"/><trkpt lat="36.746811" lon="126.589734"/><trkpt lat="36.746842" lon="126.589756"/><trkpt lat="36.74686" lon="126.589782"/><trkpt lat="36.746854" lon="126.589815"/><trkpt lat="36.746834" lon="126.589853"/><trkpt lat="36.746788" lon="126.589932"/><trkpt lat="36.74677" lon="126.589974"/><trkpt lat="36.746763" lon="126.590021"/><trkpt lat="36.746761" lon="126.590069"/><trkpt lat="36.746762" lon="126.590217"/><trkpt lat="36.746759" lon="126.590265"/><trkpt lat="36.74675" lon="126.590309"/><trkpt lat="36.746729" lon="126.590346"/><trkpt lat="36.746701" lon="126.59038"/><trkpt lat="36.746436" lon="126.590625"/><trkpt lat="36.746114" lon="126.590984"/><trkpt lat="36.746085" lon="126.591017"/><trkpt lat="36.746061" lon="126.591053"/><trkpt lat="36.746049" lon="126.591094"/><trkpt lat="36.746047" lon="126.591141"/><trkpt lat="36.746049" lon="126.591207"/><trkpt lat="36.746062" lon="126.591471"/><trkpt lat="36.74607" lon="126.591668"/><trkpt lat="36.746075" lon="126.591716"/><trkpt lat="36.746088" lon="126.591759"/><trkpt lat="36.746111" lon="126.591799"/><trkpt lat="36.746146" lon="126.591848"/><trkpt lat="36.746229" lon="126.591957"/><trkpt lat="36.746259" lon="126.59199"/><trkpt lat="36.746292" lon="126.592017"/><trkpt lat="36.746327" lon="126.592039"/><trkpt lat="36.746486" lon="126.592124"/><trkpt lat="36.746534" lon="126.592152"/><trkpt lat="36.746567" lon="126.592178"/><trkpt lat="36.746597" lon="126.59221"/><trkpt lat="36.74676" lon="126.592407"/><trkpt lat="36.746922" lon="126.592604"/><trkpt lat="36.746947" lon="126.592641"/><trkpt lat="36.746964" lon="126.592683"/><trkpt lat="36.746976" lon="126.592727"/><trkpt lat="36.746998" lon="126.592818"/><trkpt lat="36.747014" lon="126.592859"/><trkpt lat="36.747039" lon="126.592895"/><trkpt lat="36.747068" lon="126.592927"/><trkpt lat="36.747226" lon="126.593078"/><trkpt lat="36.747287" lon="126.593138"/><trkpt lat="36.747309" lon="126.593168"/><trkpt lat="36.747313" lon="126.593197"/><trkpt lat="36.747293" lon="126.593238"/><trkpt lat="36.747285" lon="126.593277"/><trkpt lat="36.747287" lon="126.593322"/><trkpt lat="36.747297" lon="126.593385"/><trkpt lat="36.747307" lon="126.593432"/><trkpt lat="36.747323" lon="126.593475"/><trkpt lat="36.747347" lon="126.593511"/><trkpt lat="36.747386" lon="126.593553"/><trkpt lat="36.747552" lon="126.593716"/><trkpt lat="36.747581" lon="126.593748"/><trkpt lat="36.747603" lon="126.593782"/><trkpt lat="36.74761" lon="126.593821"/><trkpt lat="36.747604" lon="126.593894"/><trkpt lat="36.747602" lon="126.593937"/><trkpt lat="36.747613" lon="126.593977"/><trkpt lat="36.747635" lon="126.594015"/><trkpt lat="36.747679" lon="126.594076"/><trkpt lat="36.747815" lon="126.594257"/><trkpt lat="36.74784" lon="126.594295"/><trkpt lat="36.747862" lon="126.594335"/><trkpt lat="36.747879" lon="126.594379"/><trkpt lat="36.747911" lon="126.594464"/><trkpt lat="36.747928" lon="126.594499"/><trkpt lat="36.747949" lon="126.594516"/><trkpt lat="36.74798" lon="126.594519"/><trkpt lat="36.748" lon="126.594537"/><trkpt lat="36.748014" lon="126.594576"/><trkpt lat="36.748029" lon="126.594637"/><trkpt lat="36.748151" lon="126.595168"/><trkpt lat="36.748207" lon="126.595408"/><trkpt lat="36.748215" lon="126.595456"/><trkpt lat="36.748215" lon="126.595503"/><trkpt lat="36.748205" lon="126.595549"/><trkpt lat="36.748181" lon="126.595625"/><trkpt lat="36.748126" lon="126.595788"/><trkpt lat="36.748112" lon="126.59582"/><trkpt lat="36.7481" lon="126.595827"/><trkpt lat="36.748086" lon="126.595805"/><trkpt lat="36.74807" lon="126.595798"/><trkpt lat="36.748048" lon="126.595815"/><trkpt lat="36.748013" lon="126.595854"/><trkpt lat="36.747979" lon="126.5959"/><trkpt lat="36.747957" lon="126.595937"/><trkpt lat="36.747941" lon="126.595979"/><trkpt lat="36.747928" lon="126.596042"/><trkpt lat="36.7479" lon="126.596235"/><trkpt lat="36.747893" lon="126.596298"/><trkpt lat="36.747893" lon="126.596344"/><trkpt lat="36.747904" lon="126.596383"/><trkpt lat="36.747926" lon="126.596429"/><trkpt lat="36.747933" lon="126.59646"/><trkpt lat="36.747918" lon="126.596487"/><trkpt lat="36.74789" lon="126.596513"/><trkpt lat="36.747741" lon="126.596618"/><trkpt lat="36.747685" lon="126.596658"/></trkseg>
<trkseg><trkpt lat="36.72449" lon="126.586609"/><trkpt lat="36.72468" lon="126.586447"/><trkpt lat="36.724713" lon="126.586425"/><trkpt lat="36.724745" lon="126.586416"/><trkpt lat="36.724774" lon="126.586433"/><trkpt lat="36.724803" lon="126.586463"/><trkpt lat="36.724831" lon="126.586498"/><trkpt lat="36.724856" lon="126.586535"/><trkpt lat="36.724877" lon="126.586576"/><trkpt lat="36.724892" lon="126.586622"/><trkpt lat="36.724924" lon="126.58675"/><trkpt lat="36.724937" lon="126.586796"/><trkpt lat="36.724956" lon="126.586838"/><trkpt lat="36.724982" lon="126.586871"/><trkpt lat="36.725014" lon="126.586899"/><trkpt lat="36.725171" lon="126.587021"/><trkpt lat="36.725214" lon="126.587059"/><trkpt lat="36.725241" lon="126.587091"/><trkpt lat="36.725259" lon="126.587129"/><trkpt lat="36.725286" lon="126.587192"/><trkpt lat="36.725312" lon="126.587223"/><trkpt lat="36.725346" lon="126.587246"/><trkpt lat="36.725493" lon="126.587323"/><trkpt lat="36.725556" lon="126.587351"/><trkpt lat="36.725594" lon="126.587362"/><trkpt lat="36.725671" lon="126.587372"/><trkpt lat="36.725723" lon="126.587375"/><trkpt lat="36.72576" lon="126.587371"/><trkpt lat="36.725818" lon="126.58735"/><trkpt lat="36.725854" lon="126.587341"/><trkpt lat="36.725904" lon="126.587337"/><trkpt lat="36.72594" lon="126.587325"/><trkpt lat="36.725997" lon="126.58729"/><trkpt lat="36.726031" lon="126.587273"/><trkpt lat="36.726065" lon="126.587269"/><trkpt lat="36.726109" lon="126.587274"/><trkpt lat="36.726143" lon="126.587271"/><trkpt lat="36.7262" lon="126.587256"/><trkpt lat="36.726237" lon="126.587254"/><trkpt lat="36.726277" lon="126.58726"/><trkpt lat="36.726487" lon="126.587313"/><trkpt lat="36.726539" lon="126.587328"/><trkpt lat="36.726577" lon="126.587343"/><trkpt lat="36.72661" lon="126.587366"/><trkpt lat="36.726662" lon="126.587409"/><trkpt lat="36.726696" lon="126.587423"/><trkpt lat="36.726734" lon="126.587429"/><trkpt lat="36.726825" lon="126.587432"/><trkpt lat="36.726876" lon="126.587431"/><trkpt lat="36.726912" lon="126.587423"/><trkpt lat="36.726942" lon="126.587402"/><trkpt lat="36.726969" lon="126.587369"/><trkpt lat="36.727035" lon="126.587268"/><trkpt lat="36.727068" lon="126.587218"/><trkpt lat="36.727096" lon="126.587184"/><trkpt lat="36.727158" lon="126.587124"/><trkpt lat="36.727233" lon="126.58706"/><trkpt lat="36.727266" lon="126.587036"/><trkpt lat="36.727299" lon="126.587021"/><trkpt lat="36.727335" lon="126.587023"/><trkpt lat="36.727385" lon="126.587029"/><trkpt lat="36.727422" lon="126.587023"/><trkpt lat="36.727496" lon="126.587003"/><trkpt lat="36.727535" lon="126.587001"/><trkpt lat="36.727601" lon="126.587007"/><trkpt lat="36.727641" lon="126.587014"/><trkpt lat="36.727679" lon="126.587026"/><trkpt lat="36.727716" lon="126.587045"/><trkpt lat="36.727788" lon="126.587085"/><trkpt lat="36.727822" lon="126.587098"/><trkpt lat="36.727851" lon="126.587092"/><trkpt lat="36.727875" lon="126.587063"/><trkpt lat="36.727896" lon="126.587025"/><trkpt lat="36.727938" lon="126.586942"/><trkpt lat="36.727962" lon="126.586905"/><trkpt lat="36.727991" lon="126.586879"/><trkpt lat="36.728025" lon="126.586868"/><trkpt lat="36.72806" lon="126.586874"/><trkpt lat="36.728096" lon="126.586891"/><trkpt lat="36.728207" lon="126.586957"/><trkpt lat="36.728215" lon="126.586961"/></trkseg>
<trkseg><trkpt lat="36.728215" lon="126.586961"/><trkpt lat="36.728199" lon="126.586973"/><trkpt lat="36.728172" lon="126.58701"/><trkpt lat="36.728154" lon="126.587062"/><trkpt lat="36.728144" lon="126.587126"/><trkpt lat="36.728141" lon="126.587173"/><trkpt lat="36.728142" lon="126.587219"/><trkpt lat="36.72815" lon="126.587265"/><trkpt lat="36.728167" lon="126.587326"/><trkpt lat="36.728217" lon="126.587493"/><trkpt lat="36.728227" lon="126.587538"/><trkpt lat="36.728231" lon="126.587585"/><trkpt lat="36.728227" lon="126.587632"/><trkpt lat="36.728205" lon="126.587758"/><trkpt lat="36.728193" lon="126.587837"/><trkpt lat="36.72819" lon="126.587883"/><trkpt lat="36.728198" lon="126.587951"/><trkpt lat="36.728199" lon="126.587987"/><trkpt lat="36.728184" lon="126.588023"/><trkpt lat="36.728143" lon="126.588081"/><trkpt lat="36.72812" lon="126.588118"/><trkpt lat="36.728107" lon="126.588162"/><trkpt lat="36.728099" lon="126.588226"/><trkpt lat="36.727708" lon="126.58828"/><trkpt lat="36.727641" lon="126.58829"/><trkpt lat="36.727603" lon="126.588301"/><trkpt lat="36.727569" lon="126.588322"/><trkpt lat="36.727537" lon="126.588349"/><trkpt lat="36.727497" lon="126.588388"/><trkpt lat="36.727468" lon="126.588421"/><trkpt lat="36.727417" lon="126.588499"/><trkpt lat="36.727372" lon="126.588669"/><trkpt lat="36.727345" lon="126.588703"/><trkpt lat="36.727313" lon="126.588725"/><trkpt lat="36.727278" lon="126.58873"/><trkpt lat="36.72724" lon="126.588727"/><trkpt lat="36.727205" lon="126.588715"/><trkpt lat="36.72718" lon="126.588692"/><trkpt lat="36.727161" lon="126.588661"/><trkpt lat="36.727154" lon="126.588618"/><trkpt lat="36.727152" lon="126.588488"/><trkpt lat="36.72715" lon="126.588441"/><trkpt lat="36.727139" lon="126.588399"/><trkpt lat="36.727117" lon="126.588363"/><trkpt lat="36.72709" lon="126.58833"/><trkpt lat="36.727061" lon="126.5883"/><trkpt lat="36.727029" lon="126.588276"/><trkpt lat="36.726993" lon="126.588263"/><trkpt lat="36.726942" lon="126.588254"/><trkpt lat="36.726753" lon="126.588227"/><trkpt lat="36.726689" lon="126.588215"/><trkpt lat="36.726651" lon="126.588202"/><trkpt lat="36.726602" lon="126.588179"/><trkpt lat="36.72627" lon="126.588009"/><trkpt lat="36.72622" lon="126.587988"/><trkpt lat="36.726181" lon="126.58798"/><trkpt lat="36.726104" lon="126.587975"/><trkpt lat="36.726067" lon="126.587969"/><trkpt lat="36.726032" lon="126.587953"/><trkpt lat="36.725966" lon="126.587909"/><trkpt lat="36.725931" lon="126.587893"/><trkpt lat="36.725894" lon="126.587887"/><trkpt lat="36.725856" lon="126.587885"/><trkpt lat="36.725817" lon="126.587887"/><trkpt lat="36.72578" lon="126.587896"/><trkpt lat="36.725743" lon="126.587913"/><trkpt lat="36.725492" lon="126.588061"/><trkpt lat="36.725408" lon="126.588108"/><trkpt lat="36.725371" lon="126.588122"/><trkpt lat="36.725334" lon="126.588128"/><trkpt lat="36.725283" lon="126.58813"/><trkpt lat="36.725155" lon="126.588128"/><trkpt lat="36.725089" lon="126.588121"/><trkpt lat="36.724891" lon="126.588088"/><trkpt lat="36.724825" lon="126.588073"/><trkpt lat="36.724774" lon="126.588055"/><trkpt lat="36.724156" lon="126.587801"/></trkseg>
<trkseg><trkpt lat="36.695237" lon="126.628109"/><trkpt lat="36.694646" lon="126.628622"/><trkpt lat="36.694604" lon="126.628662"/><trkpt lat="36.694575" lon="126.628695"/><trkpt lat="36.694495" lon="126.628803"/><trkpt lat="36.694458" lon="126.628849"/><trkpt lat="36.694427" lon="126.628877"/><trkpt lat="36.694393" lon="126.6289"/><trkpt lat="36.694209" lon="126.628992"/><trkpt lat="36.694124" lon="126.629037"/><trkpt lat="36.694089" lon="126.62906"/><trkpt lat="36.694044" lon="126.629098"/><trkpt lat="36.693644" lon="126.629466"/><trkpt lat="36.693581" lon="126.629528"/><trkpt lat="36.693522" lon="126.629596"/><trkpt lat="36.693446" lon="126.62969"/><trkpt lat="36.69342" lon="126.629728"/><trkpt lat="36.693397" lon="126.629768"/><trkpt lat="36.693337" lon="126.629898"/><trkpt lat="36.693309" lon="126.629954"/><trkpt lat="36.693285" lon="126.629992"/><trkpt lat="36.693257" lon="126.630025"/><trkpt lat="36.693188" lon="126.630097"/><trkpt lat="36.693106" lon="126.630177"/><trkpt lat="36.692716" lon="126.630477"/><trkpt lat="36.692636" lon="126.630541"/><trkpt lat="36.692523" lon="126.630651"/><trkpt lat="36.69237" lon="126.630804"/><trkpt lat="36.692337" lon="126.630829"/><trkpt lat="36.692301" lon="126.630843"/><trkpt lat="36.69225" lon="126.630851"/><trkpt lat="36.692158" lon="126.630857"/><trkpt lat="36.692119" lon="126.630862"/><trkpt lat="36.692084" lon="126.630875"/><trkpt lat="36.692053" lon="126.630901"/><trkpt lat="36.692016" lon="126.630946"/><trkpt lat="36.691953" lon="126.63103"/><trkpt lat="36.691923" lon="126.631061"/><trkpt lat="36.69186" lon="126.631108"/><trkpt lat="36.691833" lon="126.631133"/><trkpt lat="36.691814" lon="126.631168"/><trkpt lat="36.691806" lon="126.631209"/><trkpt lat="36.691813" lon="126.631247"/><trkpt lat="36.691831" lon="126.631295"/><trkpt lat="36.691834" lon="126.631337"/><trkpt lat="36.691849" lon="126.631399"/><trkpt lat="36.691876" lon="126.631416"/></trkseg>
<trkseg><trkpt lat="36.716048" lon="126.617491"/><trkpt lat="36.71614" lon="126.617519"/><trkpt lat="36.716178" lon="126.617535"/><trkpt lat="36.716201" lon="126.617553"/><trkpt lat="36.716218" lon="126.617582"/><trkpt lat="36.716244" lon="126.617611"/><trkpt lat="36.716295" lon="126.61766"/><trkpt lat="36.716329" lon="126.617687"/><trkpt lat="36.716399" lon="126.617732"/><trkpt lat="36.716591" lon="126.617842"/><trkpt lat="36.716627" lon="126.617859"/><trkpt lat="36.716664" lon="126.617867"/><trkpt lat="36.716703" lon="126.617864"/><trkpt lat="36.716793" lon="126.617844"/><trkpt lat="36.716858" lon="126.617827"/><trkpt lat="36.716894" lon="126.617811"/><trkpt lat="36.716924" lon="126.617786"/><trkpt lat="36.71695" lon="126.617754"/><trkpt lat="36.717008" lon="126.617671"/><trkpt lat="36.717036" lon="126.61764"/><trkpt lat="36.717069" lon="126.617614"/><trkpt lat="36.717195" lon="126.617527"/><trkpt lat="36.717242" lon="126.617499"/><trkpt lat="36.71728" lon="126.617486"/><trkpt lat="36.717319" lon="126.617481"/><trkpt lat="36.717373" lon="126.617482"/><trkpt lat="36.717413" lon="126.617487"/><trkpt lat="36.717451" lon="126.617499"/><trkpt lat="36.717502" lon="126.617522"/><trkpt lat="36.71755" lon="126.61755"/><trkpt lat="36.717584" lon="126.617575"/><trkpt lat="36.717611" lon="126.617607"/><trkpt lat="36.71764" lon="126.617661"/><trkpt lat="36.71772" lon="126.617831"/><trkpt lat="36.717743" lon="126.61789"/><trkpt lat="36.717757" lon="126.617937"/><trkpt lat="36.71777" lon="126.618001"/><trkpt lat="36.717777" lon="126.61805"/><trkpt lat="36.717778" lon="126.618098"/><trkpt lat="36.717772" lon="126.618145"/><trkpt lat="36.717743" lon="126.618286"/><trkpt lat="36.717732" lon="126.618347"/><trkpt lat="36.717731" lon="126.618393"/><trkpt lat="36.71774" lon="126.618439"/><trkpt lat="36.717767" lon="126.618531"/><trkpt lat="36.717773" lon="126.618578"/><trkpt lat="36.717775" lon="126.618627"/><trkpt lat="36.717775" lon="126.618757"/><trkpt lat="36.717778" lon="126.61882"/><trkpt lat="36.717789" lon="126.618865"/><trkpt lat="36.717809" lon="126.618904"/><trkpt lat="36.717838" lon="126.618935"/><trkpt lat="36.717873" lon="126.618955"/><trkpt lat="36.718049" lon="126.619007"/><trkpt lat="36.718289" lon="126.619099"/><trkpt lat="36.718323" lon="126.619146"/><trkpt lat="36.718354" lon="126.619171"/><trkpt lat="36.718374" lon="126.619209"/><trkpt lat="36.718388" lon="126.619254"/><trkpt lat="36.7184" lon="126.619302"/><trkpt lat="36.71841" lon="126.619368"/><trkpt lat="36.718425" lon="126.619536"/><trkpt lat="36.718426" lon="126.619583"/><trkpt lat="36.718419" lon="126.619626"/><trkpt lat="36.718401" lon="126.619656"/><trkpt lat="36.718374" lon="126.619696"/><trkpt lat="36.71836" lon="126.619738"/><trkpt lat="36.718352" lon="126.619801"/><trkpt lat="36.718342" lon="126.619881"/><trkpt lat="36.718331" lon="126.619924"/><trkpt lat="36.718327" lon="126.620009"/><trkpt lat="36.718352" lon="126.62004"/><trkpt lat="36.718378" lon="126.620054"/><trkpt lat="36.718393" lon="126.620091"/><trkpt lat="36.718403" lon="126.620137"/><trkpt lat="36.718443" lon="126.620365"/><trkpt lat="36.718486" lon="126.620591"/><trkpt lat="36.718495" lon="126.620655"/><trkpt lat="36.718493" lon="126.6207"/><trkpt lat="36.718478" lon="126.62074"/><trkpt lat="36.718455" lon="126.620778"/><trkpt lat="36.718397" lon="126.621046"/><trkpt lat="36.718299" lon="126.621382"/><trkpt lat="36.718142" lon="126.62187"/><trkpt lat="36.718162" lon="126.621979"/><trkpt lat="36.718173" lon="126.622025"/><trkpt lat="36.718189" lon="126.622069"/><trkpt lat="36.718273" lon="126.622316"/><trkpt lat="36.718309" lon="126.622419"/><trkpt lat="36.718324" lon="126.622463"/><trkpt lat="36.71833" lon="126.622506"/><trkpt lat="36.718332" lon="126.622663"/><trkpt lat="36.718326" lon="126.622711"/><trkpt lat="36.71832" lon="126.622843"/><trkpt lat="36.718264" lon="126.623295"/><trkpt lat="36.718259" lon="126.623344"/><trkpt lat="36.718253" lon="126.623426"/><trkpt lat="36.718222" lon="126.623836"/><trkpt lat="36.718169" lon="126.623982"/><trkpt lat="36.718133" lon="126.624202"/><trkpt lat="36.718114" lon="126.624282"/><trkpt lat="36.718108" lon="126.624331"/><trkpt lat="36.718108" lon="126.624379"/><trkpt lat="36.718112" lon="126.624428"/><trkpt lat="36.718124" lon="126.624474"/><trkpt lat="36.718141" lon="126.624518"/><trkpt lat="36.718193" lon="126.624731"/><trkpt lat="36.718197" lon="126.624779"/><trkpt lat="36.718197" lon="126.624828"/><trkpt lat="36.718193" lon="126.625025"/><trkpt lat="36.718187" lon="126.625091"/><trkpt lat="36.718173" lon="126.625173"/><trkpt lat="36.717872" lon="126.626867"/></trkseg>
<trkseg><trkpt lat="36.771227" lon="126.608451"/><trkpt lat="36.771281" lon="126.607879"/><trkpt lat="36.77129" lon="126.607798"/><trkpt lat="36.771301" lon="126.607753"/><trkpt lat="36.771322" lon="126.607717"/><trkpt lat="36.771352" lon="126.607687"/><trkpt lat="36.77159" lon="126.607499"/><trkpt lat="36.771645" lon="126.607453"/><trkpt lat="36.771673" lon="126.607422"/><trkpt lat="36.771693" lon="126.607382"/><trkpt lat="36.771705" lon="126.607336"/><trkpt lat="36.771745" lon="126.607123"/><trkpt lat="36.771826" lon="126.60668"/><trkpt lat="36.771837" lon="126.606633"/><trkpt lat="36.771854" lon="126.606592"/><trkpt lat="36.771882" lon="126.606561"/><trkpt lat="36.771916" lon="126.606537"/><trkpt lat="36.772096" lon="126.606425"/><trkpt lat="36.772132" lon="126.606406"/><trkpt lat="36.772169" lon="126.606395"/><trkpt lat="36.772228" lon="126.6064"/><trkpt lat="36.772262" lon="126.606399"/><trkpt lat="36.772295" lon="126.606381"/><trkpt lat="36.772327" lon="126.606352"/><trkpt lat="36.772388" lon="126.606287"/><trkpt lat="36.772428" lon="126.606242"/><trkpt lat="36.772452" lon="126.606207"/><trkpt lat="36.772464" lon="126.606169"/><trkpt lat="36.772459" lon="126.606125"/><trkpt lat="36.772448" lon="126.60608"/><trkpt lat="36.772398" lon="126.60591"/><trkpt lat="36.772382" lon="126.605849"/><trkpt lat="36.772375" lon="126.605806"/><trkpt lat="36.772381" lon="126.605768"/><trkpt lat="36.772414" lon="126.605719"/><trkpt lat="36.77243" lon="126.605688"/><trkpt lat="36.77243" lon="126.60565"/><trkpt lat="36.772425" lon="126.605594"/><trkpt lat="36.772433" lon="126.605551"/><trkpt lat="36.772456" lon="126.605493"/><trkpt lat="36.772567" lon="126.605247"/><trkpt lat="36.772671" lon="126.605017"/><trkpt lat="36.772693" lon="126.604978"/><trkpt lat="36.77272" lon="126.604948"/><trkpt lat="36.772753" lon="126.60493"/><trkpt lat="36.772824" lon="126.604903"/><trkpt lat="36.772856" lon="126.604884"/><trkpt lat="36.77288" lon="126.604853"/><trkpt lat="36.772898" lon="126.60481"/><trkpt lat="36.772924" lon="126.604734"/><trkpt lat="36.77294" lon="126.604691"/><trkpt lat="36.772963" lon="126.60466"/><trkpt lat="36.772993" lon="126.60465"/><trkpt lat="36.773038" lon="126.604644"/><trkpt lat="36.773068" lon="126.604628"/><trkpt lat="36.77311" lon="126.604597"/><trkpt lat="36.773133" lon="126.604604"/><trkpt lat="36.773155" lon="126.604634"/><trkpt lat="36.773191" lon="126.6047"/><trkpt lat="36.773217" lon="126.604756"/><trkpt lat="36.773231" lon="126.604797"/><trkpt lat="36.773231" lon="126.604836"/><trkpt lat="36.773214" lon="126.604875"/><trkpt lat="36.77319" lon="126.604921"/><trkpt lat="36.773191" lon="126.604949"/><trkpt lat="36.773215" lon="126.60497"/><trkpt lat="36.773261" lon="126.604992"/><trkpt lat="36.773312" lon="126.605011"/><trkpt lat="36.773349" lon="126.605019"/><trkpt lat="36.773383" lon="126.605012"/><trkpt lat="36.773412" lon="126.604987"/><trkpt lat="36.77344" lon="126.604953"/><trkpt lat="36.773559" lon="126.604797"/><trkpt lat="36.773669" lon="126.604655"/><trkpt lat="36.773695" lon="126.604618"/><trkpt lat="36.773713" lon="126.604581"/><trkpt lat="36.773715" lon="126.60454"/><trkpt lat="36.773703" lon="126.604495"/><trkpt lat="36.77368" lon="126.604434"/><trkpt lat="36.773625" lon="126.604298"/><trkpt lat="36.773614" lon="126.604258"/><trkpt lat="36.77362" lon="126.604234"/><trkpt lat="36.773652" lon="126.60422"/><trkpt lat="36.773766" lon="126.604157"/><trkpt lat="36.773782" lon="126.604144"/></trkseg>
<trkseg><trkpt lat="36.761673" lon="126.602976"/><trkpt lat="36.761765" lon="126.60239"/><trkpt lat="36.761815" lon="126.602172"/><trkpt lat="36.761907" lon="126.60214"/><trkpt lat="36.761915" lon="126.602111"/><trkpt lat="36.761908" lon="126.60207"/><trkpt lat="36.762089" lon="126.601818"/><trkpt lat="36.762074" lon="126.601001"/><trkpt lat="36.761836" lon="126.600781"/><trkpt lat="36.761527" lon="126.600812"/><trkpt lat="36.761522" lon="126.600764"/><trkpt lat="36.761489" lon="126.600633"/><trkpt lat="36.761394" lon="126.600408"/><trkpt lat="36.761388" lon="126.600302"/><trkpt lat="36.761378" lon="126.600255"/><trkpt lat="36.761323" lon="126.600072"/><trkpt lat="36.761299" lon="126.599996"/><trkpt lat="36.761282" lon="126.599953"/><trkpt lat="36.761259" lon="126.599915"/><trkpt lat="36.76123" lon="126.599881"/><trkpt lat="36.760989" lon="126.599468"/><trkpt lat="36.760948" lon="126.599426"/><trkpt lat="36.760916" lon="126.599399"/><trkpt lat="36.760882" lon="126.599386"/><trkpt lat="36.760845" lon="126.599389"/><trkpt lat="36.760808" lon="126.599399"/><trkpt lat="36.760566" lon="126.599478"/><trkpt lat="36.760489" lon="126.599499"/><trkpt lat="36.760409" lon="126.59951"/><trkpt lat="36.760115" lon="126.599541"/><trkpt lat="36.760063" lon="126.59955"/><trkpt lat="36.760026" lon="126.599564"/><trkpt lat="36.759991" lon="126.599587"/><trkpt lat="36.759857" lon="126.599698"/><trkpt lat="36.759791" lon="126.599751"/><trkpt lat="36.759756" lon="126.599771"/><trkpt lat="36.75972" lon="126.599775"/><trkpt lat="36.759683" lon="126.599768"/><trkpt lat="36.759583" lon="126.599735"/><trkpt lat="36.759533" lon="126.599722"/><trkpt lat="36.759495" lon="126.599721"/><trkpt lat="36.759457" lon="126.599731"/><trkpt lat="36.759332" lon="126.599781"/><trkpt lat="36.759282" lon="126.599801"/><trkpt lat="36.759244" lon="126.599811"/><trkpt lat="36.759207" lon="126.599811"/><trkpt lat="36.75917" lon="126.599805"/><trkpt lat="36.759071" lon="126.599782"/><trkpt lat="36.759033" lon="126.599778"/><trkpt lat="36.75898" lon="126.599783"/><trkpt lat="36.758463" lon="126.599869"/><trkpt lat="36.758397" lon="126.599878"/><trkpt lat="36.758357" lon="126.599877"/><trkpt lat="36.758319" lon="126.599869"/><trkpt lat="36.758228" lon="126.599843"/><trkpt lat="36.758177" lon="126.599826"/><trkpt lat="36.758143" lon="126.599808"/><trkpt lat="36.758115" lon="126.599779"/><trkpt lat="36.758092" lon="126.599741"/><trkpt lat="36.758018" lon="126.599589"/><trkpt lat="36.757986" lon="126.599519"/><trkpt lat="36.757969" lon="126.599475"/><trkpt lat="36.757943" lon="126.59938"/><trkpt lat="36.757647" lon="126.598232"/><trkpt lat="36.75759" lon="126.598008"/><trkpt lat="36.757581" lon="126.597961"/><trkpt lat="36.757582" lon="126.597913"/><trkpt lat="36.757592" lon="126.597867"/><trkpt lat="36.757615" lon="126.59779"/><trkpt lat="36.757622" lon="126.597744"/><trkpt lat="36.757615" lon="126.597702"/><trkpt lat="36.757601" lon="126.59766"/><trkpt lat="36.757578" lon="126.597606"/><trkpt lat="36.757557" lon="126.597567"/><trkpt lat="36.757532" lon="126.597529"/><trkpt lat="36.757485" lon="126.597471"/><trkpt lat="36.757242" lon="126.59717"/><trkpt lat="36.757217" lon="126.597133"/><trkpt lat="36.757197" lon="126.597092"/><trkpt lat="36.757175" lon="126.597031"/><trkpt lat="36.757006" lon="126.596484"/><trkpt lat="36.75698" lon="126.596407"/><trkpt lat="36.756961" lon="126.596363"/><trkpt lat="36.756931" lon="126.596309"/><trkpt lat="36.756726" lon="126.595983"/><trkpt lat="36.756684" lon="126.59592"/><trkpt lat="36.756656" lon="126.595886"/><trkpt lat="36.756612" lon="126.595847"/><trkpt lat="36.756292" lon="126.595595"/><trkpt lat="36.756121" lon="126.59546"/><trkpt lat="36.75609" lon="126.595429"/><trkpt lat="36.756067" lon="126.595392"/><trkpt lat="36.75605" lon="126.595348"/><trkpt lat="36.755951" lon="126.595043"/><trkpt lat="36.755909" lon="126.594922"/><trkpt lat="36.75589" lon="126.59488"/><trkpt lat="36.755866" lon="126.594844"/><trkpt lat="36.755827" lon="126.594799"/><trkpt lat="36.755742" lon="126.594709"/></trkseg>
<trkseg><trkpt lat="36.771227" lon="126.608451"/><trkpt lat="36.771331" lon="126.608731"/><trkpt lat="36.771354" lon="126.608789"/><trkpt lat="36.771375" lon="126.608829"/><trkpt lat="36.771402" lon="126.608864"/><trkpt lat="36.771443" lon="126.608907"/><trkpt lat="36.77157" lon="126.609032"/><trkpt lat="36.771604" lon="126.60906"/><trkpt lat="36.77164" lon="126.609082"/><trkpt lat="36.771689" lon="126.609107"/><trkpt lat="36.771726" lon="126.60912"/><trkpt lat="36.771762" lon="126.609123"/><trkpt lat="36.771793" lon="126.609108"/><trkpt lat="36.771837" lon="126.609081"/><trkpt lat="36.771886" lon="126.609062"/><trkpt lat="36.771987" lon="126.609031"/><trkpt lat="36.772115" lon="126.608997"/><trkpt lat="36.772154" lon="126.608991"/><trkpt lat="36.772221" lon="126.608991"/><trkpt lat="36.772409" lon="126.608998"/><trkpt lat="36.772449" lon="126.608997"/><trkpt lat="36.772487" lon="126.60899"/><trkpt lat="36.772522" lon="126.608969"/><trkpt lat="36.772556" lon="126.608942"/><trkpt lat="36.772644" lon="126.608865"/><trkpt lat="36.772679" lon="126.608841"/><trkpt lat="36.772715" lon="126.608823"/><trkpt lat="36.772816" lon="126.608786"/><trkpt lat="36.772865" lon="126.608765"/><trkpt lat="36.772898" lon="126.608742"/><trkpt lat="36.772927" lon="126.608712"/><trkpt lat="36.772982" lon="126.608641"/><trkpt lat="36.773162" lon="126.608403"/><trkpt lat="36.7732" lon="126.608359"/><trkpt lat="36.773241" lon="126.608318"/><trkpt lat="36.773458" lon="126.60813"/><trkpt lat="36.773501" lon="126.608091"/><trkpt lat="36.773529" lon="126.608058"/><trkpt lat="36.773553" lon="126.608021"/><trkpt lat="36.773604" lon="126.607926"/><trkpt lat="36.773628" lon="126.607889"/><trkpt lat="36.773655" lon="126.607857"/><trkpt lat="36.773723" lon="126.607786"/><trkpt lat="36.773754" lon="126.607759"/><trkpt lat="36.773787" lon="126.607737"/><trkpt lat="36.773824" lon="126.607722"/><trkpt lat="36.773993" lon="126.607676"/><trkpt lat="36.774045" lon="126.607665"/><trkpt lat="36.774139" lon="126.607652"/><trkpt lat="36.774839" lon="126.607582"/><trkpt lat="36.774892" lon="126.607574"/><trkpt lat="36.774931" lon="126.607562"/><trkpt lat="36.774967" lon="126.607544"/><trkpt lat="36.775312" lon="126.607335"/><trkpt lat="36.775371" lon="126.6073"/><trkpt lat="36.775408" lon="126.607283"/><trkpt lat="36.775446" lon="126.607274"/><trkpt lat="36.775525" lon="126.607266"/><trkpt lat="36.775562" lon="126.607255"/><trkpt lat="36.775595" lon="126.607232"/><trkpt lat="36.775637" lon="126.607191"/><trkpt lat="36.776033" lon="126.606762"/><trkpt lat="36.776084" lon="126.606709"/><trkpt lat="36.776117" lon="126.606682"/><trkpt lat="36.776177" lon="126.606645"/><trkpt lat="36.776348" lon="126.60655"/><trkpt lat="36.776396" lon="126.606521"/><trkpt lat="36.77643" lon="126.606495"/><trkpt lat="36.776472" lon="126.606454"/><trkpt lat="36.776554" lon="126.606371"/><trkpt lat="36.776587" lon="126.606346"/><trkpt lat="36.776624" lon="126.606327"/><trkpt lat="36.776737" lon="126.606281"/><trkpt lat="36.776851" lon="126.606239"/><trkpt lat="36.776889" lon="126.60623"/><trkpt lat="36.776952" lon="126.606226"/><trkpt lat="36.776989" lon="126.606222"/><trkpt lat="36.777026" lon="126.60621"/><trkpt lat="36.777074" lon="126.606186"/><trkpt lat="36.777157" lon="126.606139"/><trkpt lat="36.777203" lon="126.606108"/><trkpt lat="36.777246" lon="126.60607"/><trkpt lat="36.777287" lon="126.606029"/><trkpt lat="36.777313" lon="126.605994"/><trkpt lat="36.777332" lon="126.605952"/><trkpt lat="36.777371" lon="126.60583"/><trkpt lat="36.777387" lon="126.605786"/><trkpt lat="36.777406" lon="126.605749"/><trkpt lat="36.777434" lon="126.60573"/><trkpt lat="36.777476" lon="126.605717"/><trkpt lat="36.777497" lon="126.605696"/><trkpt lat="36.777503" lon="126.605658"/><trkpt lat="36.777502" lon="126.605611"/><trkpt lat="36.777475" lon="126.605197"/><trkpt lat="36.777472" lon="126.605115"/><trkpt lat="36.777475" lon="126.605067"/><trkpt lat="36.777488" lon="126.605026"/><trkpt lat="36.777523" lon="126.604963"/><trkpt lat="36.777543" lon="126.604925"/><trkpt lat="36.777553" lon="126.604885"/><trkpt lat="36.777557" lon="126.604828"/><trkpt lat="36.777568" lon="126.604787"/><trkpt lat="36.777588" lon="126.604748"/><trkpt lat="36.777672" lon="126.604621"/><trkpt lat="36.777702" lon="126.60457"/><trkpt lat="36.777715" lon="126.604533"/><trkpt lat="36.777711" lon="126.604499"/><trkpt lat="36.777692" lon="126.604458"/><trkpt lat="36.777689" lon="126.604427"/><trkpt lat="36.777707" lon="126.604396"/><trkpt lat="36.777743" lon="126.604356"/><trkpt lat="36.777835" lon="126.604265"/><trkpt lat="36.777877" lon="126.604228"/><trkpt lat="36.777911" lon="126.604208"/><trkpt lat="36.777947" lon="126.604194"/><trkpt lat="36.778021" lon="126.604173"/><trkpt lat="36.778053" lon="126.604159"/><trkpt lat="36.778077" lon="126.604133"/><trkpt lat="36.778089" lon="126.604092"/><trkpt lat="36.778096" lon="126.604045"/><trkpt lat="36.778146" lon="126.603672"/><trkpt lat="36.778137" lon="126.603501"/></trkseg>
<trkseg><trkpt lat="36.696383" lon="126.645756"/><trkpt lat="36.696389" lon="126.645851"/><trkpt lat="36.696388" lon="126.645908"/><trkpt lat="36.696377" lon="126.64595"/><trkpt lat="36.69635" lon="126.645999"/><trkpt lat="36.696333" lon="126.646035"/><trkpt lat="36.696327" lon="126.646082"/><trkpt lat="36.69632" lon="126.646121"/><trkpt lat="36.696304" lon="126.64619"/><trkpt lat="36.69631" lon="126.64623"/><trkpt lat="36.696329" lon="126.646269"/><trkpt lat="36.696415" lon="126.646396"/><trkpt lat="36.696447" lon="126.646446"/><trkpt lat="36.696463" lon="126.646481"/><trkpt lat="36.696461" lon="126.64651"/><trkpt lat="36.696429" lon="126.64654"/><trkpt lat="36.696408" lon="126.646567"/><trkpt lat="36.696406" lon="126.646604"/><trkpt lat="36.696415" lon="126.646648"/><trkpt lat="36.696429" lon="126.646693"/><trkpt lat="36.696445" lon="126.646738"/><trkpt lat="36.696466" lon="126.646778"/><trkpt lat="36.696494" lon="126.64681"/><trkpt lat="36.696526" lon="126.646836"/><trkpt lat="36.69656" lon="126.646859"/><trkpt lat="36.696595" lon="126.646877"/><trkpt lat="36.696633" lon="126.646885"/><trkpt lat="36.696726" lon="126.646889"/><trkpt lat="36.696913" lon="126.646893"/><trkpt lat="36.696951" lon="126.646898"/><trkpt lat="36.696984" lon="126.646913"/><trkpt lat="36.697005" lon="126.646945"/><trkpt lat="36.697022" lon="126.646987"/><trkpt lat="36.69704" lon="126.647047"/><trkpt lat="36.697049" lon="126.647092"/><trkpt lat="36.69705" lon="126.647135"/><trkpt lat="36.697033" lon="126.647174"/><trkpt lat="36.697007" lon="126.647209"/><trkpt lat="36.69686" lon="126.647383"/><trkpt lat="36.696557" lon="126.64774"/><trkpt lat="36.696529" lon="126.647776"/><trkpt lat="36.696505" lon="126.647815"/><trkpt lat="36.69649" lon="126.647859"/><trkpt lat="36.696475" lon="126.647923"/><trkpt lat="36.696408" lon="126.648247"/><trkpt lat="36.696398" lon="126.648312"/><trkpt lat="36.696397" lon="126.64836"/><trkpt lat="36.696402" lon="126.648441"/><trkpt lat="36.696429" lon="126.6487"/><trkpt lat="36.696432" lon="126.648764"/><trkpt lat="36.696429" lon="126.648812"/><trkpt lat="36.696418" lon="126.648859"/><trkpt lat="36.696306" lon="126.649216"/><trkpt lat="36.696248" lon="126.649403"/><trkpt lat="36.696237" lon="126.64945"/><trkpt lat="36.696233" lon="126.649497"/><trkpt lat="36.696239" lon="126.649545"/><trkpt lat="36.69626" lon="126.649642"/><trkpt lat="36.696306" lon="126.649835"/><trkpt lat="36.69632" lon="126.649882"/><trkpt lat="36.696355" lon="126.649971"/><trkpt lat="36.696715" lon="126.650842"/><trkpt lat="36.696743" lon="126.650917"/><trkpt lat="36.696754" lon="126.650963"/><trkpt lat="36.69676" lon="126.65101"/><trkpt lat="36.696768" lon="126.651153"/><trkpt lat="36.696768" lon="126.651204"/><trkpt lat="36.696761" lon="126.651265"/><trkpt lat="36.696748" lon="126.651313"/><trkpt lat="36.69674" lon="126.651333"/></trkseg>
<trkseg><trkpt lat="36.698081" lon="126.646038"/><trkpt lat="36.698265" lon="126.646158"/><trkpt lat="36.698297" lon="126.646183"/><trkpt lat="36.698325" lon="126.646214"/><trkpt lat="36.698348" lon="126.646252"/><trkpt lat="36.698375" lon="126.646307"/><trkpt lat="36.698461" lon="126.646488"/><trkpt lat="36.698483" lon="126.646527"/><trkpt lat="36.69851" lon="126.646562"/><trkpt lat="36.69858" lon="126.646633"/><trkpt lat="36.69862" lon="126.646675"/><trkpt lat="36.698646" lon="126.64671"/><trkpt lat="36.69867" lon="126.64675"/><trkpt lat="36.698733" lon="126.646878"/><trkpt lat="36.69876" lon="126.646936"/><trkpt lat="36.698776" lon="126.64698"/><trkpt lat="36.698791" lon="126.647051"/><trkpt lat="36.698802" lon="126.647089"/><trkpt lat="36.698826" lon="126.647122"/><trkpt lat="36.698877" lon="126.647168"/><trkpt lat="36.698906" lon="126.647197"/><trkpt lat="36.698927" lon="126.647232"/><trkpt lat="36.698936" lon="126.647274"/><trkpt lat="36.698943" lon="126.647349"/><trkpt lat="36.698949" lon="126.647395"/><trkpt lat="36.698959" lon="126.647443"/><trkpt lat="36.699039" lon="126.647707"/><trkpt lat="36.699071" lon="126.647817"/><trkpt lat="36.699082" lon="126.647865"/><trkpt lat="36.699087" lon="126.647912"/><trkpt lat="36.699091" lon="126.647989"/><trkpt lat="36.699099" lon="126.648027"/><trkpt lat="36.699122" lon="126.64805"/><trkpt lat="36.699157" lon="126.648059"/><trkpt lat="36.69921" lon="126.648063"/><trkpt lat="36.699305" lon="126.648068"/><trkpt lat="36.699344" lon="126.648075"/><trkpt lat="36.699379" lon="126.648092"/><trkpt lat="36.699408" lon="126.648118"/><trkpt lat="36.699464" lon="126.648181"/><trkpt lat="36.699494" lon="126.648208"/><trkpt lat="36.699529" lon="126.648226"/><trkpt lat="36.699578" lon="126.648243"/><trkpt lat="36.699678" lon="126.648275"/><trkpt lat="36.699713" lon="126.648292"/><trkpt lat="36.699742" lon="126.648318"/><trkpt lat="36.699774" lon="126.648365"/><trkpt lat="36.699822" lon="126.648439"/><trkpt lat="36.699848" lon="126.648472"/><trkpt lat="36.69988" lon="126.6485"/><trkpt lat="36.699934" lon="126.648545"/><trkpt lat="36.699959" lon="126.64858"/><trkpt lat="36.699979" lon="126.648622"/><trkpt lat="36.700026" lon="126.648738"/><trkpt lat="36.700047" lon="126.648778"/><trkpt lat="36.700073" lon="126.648809"/><trkpt lat="36.700098" lon="126.648837"/><trkpt lat="36.700128" lon="126.648866"/><trkpt lat="36.700157" lon="126.648895"/><trkpt lat="36.700183" lon="126.648928"/><trkpt lat="36.70023" lon="126.649002"/><trkpt lat="36.700258" lon="126.649053"/><trkpt lat="36.700276" lon="126.649097"/><trkpt lat="36.700295" lon="126.649159"/><trkpt lat="36.700398" lon="126.649596"/><trkpt lat="36.7004" lon="126.649661"/><trkpt lat="36.700403" lon="126.649707"/><trkpt lat="36.700393" lon="126.64975"/><trkpt lat="36.700371" lon="126.649807"/><trkpt lat="36.700367" lon="126.649853"/><trkpt lat="36.70036" lon="126.649901"/><trkpt lat="36.700373" lon="126.649979"/><trkpt lat="36.700378" lon="126.650024"/><trkpt lat="36.700379" lon="126.650067"/><trkpt lat="36.700387" lon="126.650157"/><trkpt lat="36.700399" lon="126.650233"/><trkpt lat="36.7004" lon="126.650295"/><trkpt lat="36.700405" lon="126.650342"/><trkpt lat="36.700415" lon="126.650389"/><trkpt lat="36.700509" lon="126.650697"/></trkseg>
<trkseg><trkpt lat="36.724156" lon="126.587801"/><trkpt lat="36.72412" lon="126.587771"/><trkpt lat="36.724084" lon="126.587734"/><trkpt lat="36.724058" lon="126.587693"/><trkpt lat="36.724046" lon="126.587648"/><trkpt lat="36.724041" lon="126.587601"/><trkpt lat="36.724045" lon="126.587554"/><trkpt lat="36.724058" lon="126.587508"/><trkpt lat="36.724136" lon="126.587312"/><trkpt lat="36.724182" lon="126.587192"/><trkpt lat="36.724196" lon="126.587145"/><trkpt lat="36.724214" lon="126.587066"/><trkpt lat="36.724243" lon="126.586921"/><trkpt lat="36.724257" lon="126.586876"/><trkpt lat="36.724278" lon="126.586837"/><trkpt lat="36.724306" lon="126.586802"/><trkpt lat="36.724439" lon="126.586663"/><trkpt lat="36.72449" lon="126.586609"/></trkseg>
<trkseg><trkpt lat="36.724621" lon="126.584623"/><trkpt lat="36.724626" lon="126.58481"/><trkpt lat="36.724638" lon="126.584868"/><trkpt lat="36.724645" lon="126.584938"/><trkpt lat="36.724655" lon="126.585404"/><trkpt lat="36.724655" lon="126.585504"/><trkpt lat="36.724651" lon="126.585553"/><trkpt lat="36.724642" lon="126.5856"/><trkpt lat="36.724611" lon="126.585708"/><trkpt lat="36.724601" lon="126.585754"/><trkpt lat="36.724601" lon="126.585799"/><trkpt lat="36.724621" lon="126.585873"/><trkpt lat="36.72463" lon="126.585918"/><trkpt lat="36.724628" lon="126.585965"/><trkpt lat="36.72462" lon="126.586013"/><trkpt lat="36.72449" lon="126.586609"/></trkseg>
<trkseg><trkpt lat="36.700509" lon="126.650697"/><trkpt lat="36.700556" lon="126.650688"/><trkpt lat="36.700605" lon="126.650683"/><trkpt lat="36.700646" lon="126.650691"/><trkpt lat="36.700676" lon="126.650713"/><trkpt lat="36.700701" lon="126.650746"/><trkpt lat="36.700721" lon="126.650788"/><trkpt lat="36.700783" lon="126.650955"/><trkpt lat="36.700918" lon="126.651318"/><trkpt lat="36.700943" lon="126.651377"/><trkpt lat="36.70098" lon="126.651445"/><trkpt lat="36.701027" lon="126.651524"/><trkpt lat="36.701052" lon="126.651561"/><trkpt lat="36.701081" lon="126.651594"/><trkpt lat="36.701125" lon="126.65163"/><trkpt lat="36.701193" lon="126.65168"/><trkpt lat="36.701223" lon="126.651708"/><trkpt lat="36.701246" lon="126.651745"/><trkpt lat="36.701261" lon="126.651789"/><trkpt lat="36.701282" lon="126.651866"/><trkpt lat="36.701317" lon="126.652008"/><trkpt lat="36.701326" lon="126.652055"/><trkpt lat="36.701332" lon="126.65212"/><trkpt lat="36.701339" lon="126.652233"/><trkpt lat="36.70134" lon="126.652297"/><trkpt lat="36.701336" lon="126.652344"/><trkpt lat="36.701324" lon="126.652391"/><trkpt lat="36.701299" lon="126.652467"/><trkpt lat="36.701267" lon="126.652558"/><trkpt lat="36.701248" lon="126.652601"/><trkpt lat="36.701226" lon="126.652642"/><trkpt lat="36.701176" lon="126.652719"/><trkpt lat="36.701066" lon="126.652885"/><trkpt lat="36.701044" lon="126.652925"/><trkpt lat="36.701026" lon="126.652969"/><trkpt lat="36.701002" lon="126.653044"/><trkpt lat="36.700993" lon="126.653088"/><trkpt lat="36.70098" lon="126.653132"/><trkpt lat="36.700886" lon="126.653125"/><trkpt lat="36.700852" lon="126.6531"/><trkpt lat="36.700805" lon="126.65309"/><trkpt lat="36.700762" lon="126.65309"/><trkpt lat="36.70072" lon="126.653072"/></trkseg>
<trkseg><trkpt lat="36.700509" lon="126.650697"/><trkpt lat="36.700507" lon="126.650722"/><trkpt lat="36.700474" lon="126.650748"/><trkpt lat="36.700442" lon="126.650755"/><trkpt lat="36.700412" lon="126.650758"/><trkpt lat="36.700381" lon="126.650763"/><trkpt lat="36.7003" lon="126.650758"/><trkpt lat="36.700264" lon="126.650764"/><trkpt lat="36.700225" lon="126.650768"/><trkpt lat="36.700047" lon="126.650762"/><trkpt lat="36.699894" lon="126.650874"/><trkpt lat="36.699818" lon="126.651031"/><trkpt lat="36.699549" lon="126.651404"/><trkpt lat="36.699359" lon="126.651661"/></trkseg>
<trkseg><trkpt lat="36.717872" lon="126.626867"/><trkpt lat="36.717746" lon="126.627152"/><trkpt lat="36.717728" lon="126.627195"/><trkpt lat="36.717704" lon="126.627272"/><trkpt lat="36.71759" lon="126.627678"/><trkpt lat="36.71757" lon="126.627757"/><trkpt lat="36.717551" lon="126.627871"/><trkpt lat="36.71745" lon="126.628512"/><trkpt lat="36.717436" lon="126.628576"/><trkpt lat="36.717421" lon="126.628622"/><trkpt lat="36.717388" lon="126.628694"/><trkpt lat="36.717063" lon="126.629368"/><trkpt lat="36.716959" lon="126.629582"/><trkpt lat="36.716936" lon="126.629623"/><trkpt lat="36.716908" lon="126.629657"/><trkpt lat="36.716876" lon="126.629687"/><trkpt lat="36.715665" lon="126.630582"/><trkpt lat="36.71525" lon="126.631062"/><trkpt lat="36.715193" lon="126.631106"/><trkpt lat="36.714971" lon="126.631255"/><trkpt lat="36.714735" lon="126.631413"/><trkpt lat="36.714688" lon="126.631443"/><trkpt lat="36.714658" lon="126.631457"/><trkpt lat="36.714142" lon="126.631745"/></trkseg>
<trkseg><trkpt lat="36.755742" lon="126.594709"/><trkpt lat="36.755755" lon="126.594708"/><trkpt lat="36.755778" lon="126.594678"/><trkpt lat="36.755796" lon="126.594626"/><trkpt lat="36.755805" lon="126.594577"/><trkpt lat="36.755808" lon="126.59453"/><trkpt lat="36.7558" lon="126.594485"/><trkpt lat="36.755783" lon="126.59444"/><trkpt lat="36.75571" lon="126.594279"/><trkpt lat="36.755677" lon="126.594205"/><trkpt lat="36.755663" lon="126.59416"/><trkpt lat="36.755661" lon="126.594114"/><trkpt lat="36.75567" lon="126.594072"/><trkpt lat="36.755688" lon="126.594042"/><trkpt lat="36.755718" lon="126.594037"/><trkpt lat="36.755754" lon="126.594045"/><trkpt lat="36.755921" lon="126.594102"/><trkpt lat="36.755985" lon="126.594122"/><trkpt lat="36.756024" lon="126.594129"/><trkpt lat="36.756063" lon="126.594127"/><trkpt lat="36.756102" lon="126.59412"/><trkpt lat="36.75614" lon="126.594109"/><trkpt lat="36.756175" lon="126.59409"/><trkpt lat="36.756203" lon="126.59406"/><trkpt lat="36.756218" lon="126.594025"/><trkpt lat="36.756212" lon="126.59399"/><trkpt lat="36.756194" lon="126.593955"/><trkpt lat="36.756167" lon="126.593928"/><trkpt lat="36.75613" lon="126.593911"/><trkpt lat="36.75605" lon="126.593889"/><trkpt lat="36.755999" lon="126.593872"/><trkpt lat="36.755966" lon="126.593852"/><trkpt lat="36.755943" lon="126.593817"/><trkpt lat="36.755924" lon="126.593775"/><trkpt lat="36.75587" lon="126.593624"/><trkpt lat="36.755856" lon="126.593578"/><trkpt lat="36.755849" lon="126.593533"/><trkpt lat="36.755855" lon="126.593497"/><trkpt lat="36.755874" lon="126.593467"/><trkpt lat="36.755905" lon="126.593445"/><trkpt lat="36.75594" lon="126.593432"/><trkpt lat="36.755975" lon="126.59343"/><trkpt lat="36.756009" lon="126.593446"/><trkpt lat="36.756041" lon="126.593471"/><trkpt lat="36.756094" lon="126.593515"/><trkpt lat="36.756127" lon="126.593536"/><trkpt lat="36.75616" lon="126.593545"/><trkpt lat="36.756193" lon="126.593545"/><trkpt lat="36.75623" lon="126.593536"/><trkpt lat="36.756268" lon="126.593519"/><trkpt lat="36.756554" lon="126.593368"/><trkpt lat="36.756728" lon="126.593277"/><trkpt lat="36.756765" lon="126.593264"/><trkpt lat="36.756803" lon="126.593261"/><trkpt lat="36.756854" lon="126.593271"/><trkpt lat="36.757006" lon="126.593312"/><trkpt lat="36.757044" lon="126.593324"/><trkpt lat="36.757078" lon="126.593342"/><trkpt lat="36.757109" lon="126.593371"/><trkpt lat="36.757156" lon="126.593429"/><trkpt lat="36.757504" lon="126.593891"/><trkpt lat="36.75755" lon="126.593949"/><trkpt lat="36.757582" lon="126.593977"/><trkpt lat="36.757617" lon="126.593994"/><trkpt lat="36.757668" lon="126.594007"/><trkpt lat="36.757993" lon="126.594078"/><trkpt lat="36.758045" lon="126.594087"/><trkpt lat="36.758084" lon="126.594088"/><trkpt lat="36.758136" lon="126.594079"/><trkpt lat="36.758373" lon="126.59402"/><trkpt lat="36.758451" lon="126.593999"/><trkpt lat="36.758489" lon="126.593984"/><trkpt lat="36.758526" lon="126.593965"/><trkpt lat="36.758803" lon="126.593795"/><trkpt lat="36.758851" lon="126.593767"/><trkpt lat="36.758888" lon="126.59375"/><trkpt lat="36.758926" lon="126.593745"/><trkpt lat="36.758965" lon="126.593747"/><trkpt lat="36.759123" lon="126.593773"/><trkpt lat="36.759215" lon="126.593786"/><trkpt lat="36.759255" lon="126.593786"/><trkpt lat="36.759295" lon="126.593781"/><trkpt lat="36.759642" lon="126.593714"/><trkpt lat="36.759802" lon="126.593683"/><trkpt lat="36.759841" lon="126.59367"/><trkpt lat="36.759875" lon="126.59365"/><trkpt lat="36.759907" lon="126.593622"/><trkpt lat="36.76003" lon="126.5935"/><trkpt lat="36.760082" lon="126.593451"/><trkpt lat="36.760115" lon="126.593427"/><trkpt lat="36.760151" lon="126.593409"/><trkpt lat="36.760332" lon="126.593353"/><trkpt lat="36.760383" lon="126.59334"/><trkpt lat="36.76042" lon="126.59334"/><trkpt lat="36.760452" lon="126.593356"/><trkpt lat="36.760479" lon="126.593386"/><trkpt lat="36.7605" lon="126.593425"/><trkpt lat="36.76053" lon="126.593497"/><trkpt lat="36.760593" lon="126.593658"/><trkpt lat="36.760613" lon="126.593699"/><trkpt lat="36.760638" lon="126.593734"/><trkpt lat="36.760669" lon="126.593763"/><trkpt lat="36.760726" lon="126.593804"/><trkpt lat="36.760773" lon="126.593832"/><trkpt lat="36.760809" lon="126.593844"/><trkpt lat="36.760847" lon="126.593838"/><trkpt lat="36.760884" lon="126.593824"/><trkpt lat="36.760986" lon="126.593775"/><trkpt lat="36.761034" lon="126.593749"/><trkpt lat="36.761064" lon="126.593726"/><trkpt lat="36.761083" lon="126.5937"/><trkpt lat="36.761103" lon="126.593679"/><trkpt lat="36.761135" lon="126.59367"/><trkpt lat="36.761184" lon="126.593667"/><trkpt lat="36.761381" lon="126.59367"/><trkpt lat="36.761433" lon="126.593675"/><trkpt lat="36.761472" lon="126.593683"/><trkpt lat="36.761728" lon="126.593763"/><trkpt lat="36.761791" lon="126.593785"/><trkpt lat="36.761828" lon="126.593801"/><trkpt lat="36.761863" lon="126.593824"/><trkpt lat="36.761918" lon="126.593867"/><trkpt lat="36.762073" lon="126.593991"/><trkpt lat="36.762108" lon="126.594014"/><trkpt lat="36.762145" lon="126.594031"/><trkpt lat="36.762404" lon="126.594114"/><trkpt lat="36.763051" lon="126.594322"/><trkpt lat="36.763103" lon="126.594336"/><trkpt lat="36.763141" lon="126.59434"/><trkpt lat="36.763177" lon="126.594333"/><trkpt lat="36.763213" lon="126.594319"/><trkpt lat="36.763247" lon="126.594301"/><trkpt lat="36.763277" lon="126.594278"/><trkpt lat="36.763302" lon="126.594242"/><trkpt lat="36.763324" lon="126.594201"/><trkpt lat="36.763397" lon="126.594042"/><trkpt lat="36.763426" lon="126.593987"/><trkpt lat="36.763452" lon="126.593954"/><trkpt lat="36.763483" lon="126.593932"/><trkpt lat="36.763519" lon="126.593921"/><trkpt lat="36.763558" lon="126.593921"/><trkpt lat="36.763597" lon="126.593926"/><trkpt lat="36.763636" lon="126.593935"/><trkpt lat="36.763673" lon="126.593953"/><trkpt lat="36.76372" lon="126.593985"/><trkpt lat="36.7638" lon="126.594046"/><trkpt lat="36.763844" lon="126.594083"/><trkpt lat="36.763873" lon="126.594115"/><trkpt lat="36.763898" lon="126.594153"/><trkpt lat="36.763975" lon="126.594286"/><trkpt lat="36.764007" lon="126.594337"/><trkpt lat="36.764036" lon="126.594369"/><trkpt lat="36.76409" lon="126.594412"/><trkpt lat="36.764118" lon="126.594442"/><trkpt lat="36.764137" lon="126.594482"/><trkpt lat="36.764161" lon="126.594557"/><trkpt lat="36.76418" lon="126.594599"/><trkpt lat="36.764205" lon="126.594635"/><trkpt lat="36.764253" lon="126.594691"/><trkpt lat="36.764294" lon="126.594733"/><trkpt lat="36.764325" lon="126.594758"/><trkpt lat="36.764354" lon="126.594768"/><trkpt lat="36.764384" lon="126.594765"/><trkpt lat="36.764417" lon="126.594745"/><trkpt lat="36.764473" lon="126.594707"/><trkpt lat="36.76451" lon="126.594694"/><trkpt lat="36.764576" lon="126.59468"/><trkpt lat="36.764827" lon="126.594642"/><trkpt lat="36.765" lon="126.594614"/><trkpt lat="36.765038" lon="126.594611"/><trkpt lat="36.765074" lon="126.594614"/><trkpt lat="36.765103" lon="126.594635"/><trkpt lat="36.765126" lon="126.594669"/><trkpt lat="36.765169" lon="126.594748"/><trkpt lat="36.765194" lon="126.594784"/><trkpt lat="36.765224" lon="126.594817"/><trkpt lat="36.765359" lon="126.59495"/><trkpt lat="36.765474" lon="126.59506"/><trkpt lat="36.765506" lon="126.595086"/><trkpt lat="36.765541" lon="126.595102"/><trkpt lat="36.76558" lon="126.595106"/><trkpt lat="36.765646" lon="126.595102"/><trkpt lat="36.765927" lon="126.595078"/><trkpt lat="36.765967" lon="126.595078"/><trkpt lat="36.766005" lon="126.595085"/><trkpt lat="36.766041" lon="126.5951"/><trkpt lat="36.766113" lon="126.595137"/><trkpt lat="36.766149" lon="126.595151"/><trkpt lat="36.766186" lon="126.595156"/><trkpt lat="36.766225" lon="126.595153"/><trkpt lat="36.766353" lon="126.595131"/><trkpt lat="36.76643" lon="126.595114"/><trkpt lat="36.766467" lon="126.595101"/><trkpt lat="36.766553" lon="126.595063"/><trkpt lat="36.766588" lon="126.595043"/><trkpt lat="36.76662" lon="126.595019"/><trkpt lat="36.766647" lon="126.594988"/><trkpt lat="36.766689" lon="126.594931"/><trkpt lat="36.766715" lon="126.5949"/><trkpt lat="36.766746" lon="126.594879"/><trkpt lat="36.76678" lon="126.594872"/><trkpt lat="36.766814" lon="126.594879"/><trkpt lat="36.766846" lon="126.594904"/><trkpt lat="36.766898" lon="126.594958"/><trkpt lat="36.76726" lon="126.595356"/><trkpt lat="36.767321" lon="126.595421"/><trkpt lat="36.767354" lon="126.595449"/><trkpt lat="36.767411" lon="126.59549"/><trkpt lat="36.767565" lon="126.59559"/><trkpt lat="36.767599" lon="126.595616"/><trkpt lat="36.767629" lon="126.595646"/><trkpt lat="36.767654" lon="126.595682"/><trkpt lat="36.767694" lon="126.595746"/><trkpt lat="36.767795" lon="126.595917"/><trkpt lat="36.767819" lon="126.595954"/><trkpt lat="36.767847" lon="126.595986"/><trkpt lat="36.767879" lon="126.596013"/><trkpt lat="36.76797" lon="126.596076"/><trkpt lat="36.768062" lon="126.596136"/><trkpt lat="36.768123" lon="126.596168"/><trkpt lat="36.7688" lon="126.596485"/><trkpt lat="36.768849" lon="126.596511"/><trkpt lat="36.768883" lon="126.596536"/><trkpt lat="36.76895" lon="126.596591"/><trkpt lat="36.768984" lon="126.596614"/><trkpt lat="36.769021" lon="126.596626"/><trkpt lat="36.769087" lon="126.596631"/><trkpt lat="36.769125" lon="126.596635"/><trkpt lat="36.769159" lon="126.596652"/><trkpt lat="36.769187" lon="126.596682"/><trkpt lat="36.76922" lon="126.596732"/><trkpt lat="36.769303" lon="126.596862"/><trkpt lat="36.76933" lon="126.596897"/><trkpt lat="36.76936" lon="126.596924"/><trkpt lat="36.769395" lon="126.59694"/><trkpt lat="36.769458" lon="126.59696"/><trkpt lat="36.769573" lon="126.596991"/><trkpt lat="36.769611" lon="126.596997"/><trkpt lat="36.769688" lon="126.596999"/><trkpt lat="36.769777" lon="126.596997"/><trkpt lat="36.769813" lon="126.59699"/><trkpt lat="36.769848" lon="126.596974"/><trkpt lat="36.769881" lon="126.596949"/><trkpt lat="36.769955" lon="126.596884"/><trkpt lat="36.769989" lon="126.59686"/><trkpt lat="36.770024" lon="126.596845"/><trkpt lat="36.770073" lon="126.596834"/><trkpt lat="36.770174" lon="126.596815"/><trkpt lat="36.770211" lon="126.596801"/><trkpt lat="36.770261" lon="126.596775"/><trkpt lat="36.770529" lon="126.59662"/><trkpt lat="36.770589" lon="126.596582"/><trkpt lat="36.770623" lon="126.596555"/><trkpt lat="36.770685" lon="126.596492"/><trkpt lat="36.770942" lon="126.596225"/><trkpt lat="36.770974" lon="126.596195"/><trkpt lat="36.771008" lon="126.596169"/><trkpt lat="36.771082" lon="126.596127"/><trkpt lat="36.771144" lon="126.596097"/><trkpt lat="36.771183" lon="126.596083"/><trkpt lat="36.771262" lon="126.596064"/><trkpt lat="36.771659" lon="126.595977"/><trkpt lat="36.771712" lon="126.595969"/><trkpt lat="36.771749" lon="126.595968"/><trkpt lat="36.771836" lon="126.595977"/><trkpt lat="36.771872" lon="126.595976"/><trkpt lat="36.771911" lon="126.595968"/><trkpt lat="36.771962" lon="126.59595"/><trkpt lat="36.772243" lon="126.595841"/><trkpt lat="36.772293" lon="126.595819"/><trkpt lat="36.772329" lon="126.595798"/><trkpt lat="36.772374" lon="126.595762"/><trkpt lat="36.772699" lon="126.595467"/><trkpt lat="36.772743" lon="126.59543"/><trkpt lat="36.772779" lon="126.595407"/><trkpt lat="36.772828" lon="126.595382"/><trkpt lat="36.773064" lon="126.595268"/><trkpt lat="36.773113" lon="126.595242"/><trkpt lat="36.77316" lon="126.595211"/><trkpt lat="36.77349" lon="126.594959"/><trkpt lat="36.773536" lon="126.594926"/><trkpt lat="36.773585" lon="126.594898"/><trkpt lat="36.774102" lon="126.594652"/><trkpt lat="36.774177" lon="126.594614"/><trkpt lat="36.774213" lon="126.594592"/><trkpt lat="36.77427" lon="126.594549"/><trkpt lat="36.774495" lon="126.594366"/><trkpt lat="36.774527" lon="126.594336"/><trkpt lat="36.774556" lon="126.594301"/><trkpt lat="36.774618" lon="126.594215"/><trkpt lat="36.77475" lon="126.594027"/><trkpt lat="36.774778" lon="126.593994"/><trkpt lat="36.774808" lon="126.59397"/><trkpt lat="36.774841" lon="126.593961"/><trkpt lat="36.774886" lon="126.593953"/><trkpt lat="36.774919" lon="126.593933"/><trkpt lat="36.774972" lon="126.593886"/><trkpt lat="36.775005" lon="126.593859"/><trkpt lat="36.775041" lon="126.593841"/><trkpt lat="36.775079" lon="126.593829"/><trkpt lat="36.775357" lon="126.593772"/><trkpt lat="36.77541" lon="126.593764"/><trkpt lat="36.775449" lon="126.593764"/><trkpt lat="36.775485" lon="126.593775"/><trkpt lat="36.775521" lon="126.593793"/><trkpt lat="36.775555" lon="126.593815"/><trkpt lat="36.775586" lon="126.593844"/><trkpt lat="36.775634" lon="126.593901"/><trkpt lat="36.775857" lon="126.594185"/><trkpt lat="36.775996" lon="126.594362"/><trkpt lat="36.776022" lon="126.594399"/><trkpt lat="36.776043" lon="126.594441"/><trkpt lat="36.776078" lon="126.59453"/><trkpt lat="36.776276" lon="126.595079"/><trkpt lat="36.776305" lon="126.595154"/><trkpt lat="36.776327" lon="126.595195"/><trkpt lat="36.776352" lon="126.595232"/><trkpt lat="36.776526" lon="126.595456"/><trkpt lat="36.776564" lon="126.5955"/><trkpt lat="36.776596" lon="126.595528"/><trkpt lat="36.776642" lon="126.59556"/><trkpt lat="36.777034" lon="126.595806"/><trkpt lat="36.777082" lon="126.595834"/><trkpt lat="36.777119" lon="126.595851"/><trkpt lat="36.777183" lon="126.59587"/><trkpt lat="36.777392" lon="126.595921"/><trkpt lat="36.777431" lon="126.595926"/><trkpt lat="36.77747" lon="126.595925"/><trkpt lat="36.777523" lon="126.595914"/><trkpt lat="36.77764" lon="126.595882"/><trkpt lat="36.777678" lon="126.595867"/><trkpt lat="36.777713" lon="126.595846"/><trkpt lat="36.777779" lon="126.595791"/><trkpt lat="36.777964" lon="126.595625"/><trkpt lat="36.778006" lon="126.595584"/><trkpt lat="36.778034" lon="126.595549"/><trkpt lat="36.778057" lon="126.595509"/><trkpt lat="36.778153" lon="126.595307"/><trkpt lat="36.778189" lon="126.595237"/><trkpt lat="36.778215" lon="126.595199"/><trkpt lat="36.778245" lon="126.595167"/><trkpt lat="36.77843" lon="126.594999"/><trkpt lat="36.778604" lon="126.594839"/><trkpt lat="36.778648" lon="126.594803"/><trkpt lat="36.778684" lon="126.594784"/><trkpt lat="36.778723" lon="126.594774"/><trkpt lat="36.778963" lon="126.594741"/><trkpt lat="36.779309" lon="126.594695"/><trkpt lat="36.779349" lon="126.594695"/><trkpt lat="36.779443" lon="126.594702"/><trkpt lat="36.779658" lon="126.594722"/><trkpt lat="36.779711" lon="126.594723"/><trkpt lat="36.77975" lon="126.594718"/><trkpt lat="36.779907" lon="126.594686"/><trkpt lat="36.780051" lon="126.594655"/><trkpt lat="36.780089" lon="126.594643"/><trkpt lat="36.780123" lon="126.594622"/><trkpt lat="36.780152" lon="126.594591"/><trkpt lat="36.780188" lon="126.594542"/><trkpt lat="36.780546" lon="126.594043"/><trkpt lat="36.780592" lon="126.593983"/><trkpt lat="36.780622" lon="126.593951"/><trkpt lat="36.780656" lon="126.593927"/><trkpt lat="36.780752" lon="126.593874"/><trkpt lat="36.780787" lon="126.593851"/><trkpt lat="36.780831" lon="126.593816"/><trkpt lat="36.781057" lon="126.593618"/><trkpt lat="36.78111" lon="126.59357"/><trkpt lat="36.781139" lon="126.593538"/><trkpt lat="36.781165" lon="126.593502"/><trkpt lat="36.781237" lon="126.593386"/><trkpt lat="36.781262" lon="126.593349"/><trkpt lat="36.781291" lon="126.593317"/><trkpt lat="36.781323" lon="126.593289"/><trkpt lat="36.781423" lon="126.59321"/><trkpt lat="36.781468" lon="126.593178"/><trkpt lat="36.781505" lon="126.593162"/><trkpt lat="36.781544" lon="126.59315"/><trkpt lat="36.781913" lon="126.593059"/><trkpt lat="36.78211" lon="126.59301"/><trkpt lat="36.782147" lon="126.592994"/><trkpt lat="36.782181" lon="126.592972"/><trkpt lat="36.782267" lon="126.5929"/><trkpt lat="36.782352" lon="126.592824"/><trkpt lat="36.782402" lon="126.59277"/><trkpt lat="36.782984" lon="126.592104"/><trkpt lat="36.783044" lon="126.592038"/><trkpt lat="36.783076" lon="126.592009"/><trkpt lat="36.783111" lon="126.591987"/><trkpt lat="36.783199" lon="126.591946"/><trkpt lat="36.7833" lon="126.591903"/><trkpt lat="36.783337" lon="126.591893"/><trkpt lat="36.783372" lon="126.591896"/><trkpt lat="36.783427" lon="126.591925"/><trkpt lat="36.783462" lon="126.591939"/><trkpt lat="36.783501" lon="126.591943"/><trkpt lat="36.783541" lon="126.591942"/><trkpt lat="36.78358" lon="126.591938"/><trkpt lat="36.783619" lon="126.591928"/><trkpt lat="36.783654" lon="126.591908"/><trkpt lat="36.783722" lon="126.591855"/><trkpt lat="36.783989" lon="126.591637"/><trkpt lat="36.784047" lon="126.591595"/><trkpt lat="36.784618" lon="126.591217"/><trkpt lat="36.784881" lon="126.591045"/><trkpt lat="36.784918" lon="126.591027"/><trkpt lat="36.784957" lon="126.591016"/><trkpt lat="36.785036" lon="126.591003"/><trkpt lat="36.78561" lon="126.590925"/><trkpt lat="36.785676" lon="126.590913"/><trkpt lat="36.785714" lon="126.590901"/><trkpt lat="36.78575" lon="126.590883"/><trkpt lat="36.785904" lon="126.590792"/><trkpt lat="36.785952" lon="126.590768"/><trkpt lat="36.786003" lon="126.590749"/><trkpt lat="36.786398" lon="126.590639"/></trkseg>
<trkseg><trkpt lat="36.697111" lon="126.582185"/><trkpt lat="36.696961" lon="126.582089"/><trkpt lat="36.696914" lon="126.582064"/><trkpt lat="36.696878" lon="126.582053"/><trkpt lat="36.696842" lon="126.582055"/><trkpt lat="36.69681" lon="126.582072"/><trkpt lat="36.696782" lon="126.582103"/><trkpt lat="36.696745" lon="126.582147"/><trkpt lat="36.696714" lon="126.582169"/><trkpt lat="36.696679" lon="126.582176"/><trkpt lat="36.696628" lon="126.582178"/><trkpt lat="36.696551" lon="126.582173"/><trkpt lat="36.696519" lon="126.582166"/><trkpt lat="36.696383" lon="126.5821"/><trkpt lat="36.696374" lon="126.582089"/></trkseg>
<trkseg><trkpt lat="36.698621" lon="126.584034"/><trkpt lat="36.698424" lon="126.58383"/><trkpt lat="36.698392" lon="126.5838"/><trkpt lat="36.698358" lon="126.583776"/><trkpt lat="36.698287" lon="126.583735"/><trkpt lat="36.698108" lon="126.583638"/><trkpt lat="36.698074" lon="126.583616"/><trkpt lat="36.69803" lon="126.58358"/><trkpt lat="36.697934" lon="126.583493"/><trkpt lat="36.697894" lon="126.583453"/><trkpt lat="36.697867" lon="126.583419"/><trkpt lat="36.697847" lon="126.583377"/><trkpt lat="36.69782" lon="126.583302"/><trkpt lat="36.697738" lon="126.583056"/><trkpt lat="36.697709" lon="126.582971"/><trkpt lat="36.697686" lon="126.582932"/><trkpt lat="36.697647" lon="126.582889"/><trkpt lat="36.697559" lon="126.582795"/><trkpt lat="36.697533" lon="126.582757"/><trkpt lat="36.697505" lon="126.582709"/><trkpt lat="36.697427" lon="126.58263"/><trkpt lat="36.69741" lon="126.582583"/><trkpt lat="36.697373" lon="126.58255"/><trkpt lat="36.697349" lon="126.582517"/><trkpt lat="36.697327" lon="126.58249"/><trkpt lat="36.69731" lon="126.582441"/><trkpt lat="36.697283" lon="126.58241"/><trkpt lat="36.69726" lon="126.582372"/><trkpt lat="36.697225" lon="126.582304"/><trkpt lat="36.697198" lon="126.582265"/><trkpt lat="36.697161" lon="126.582227"/><trkpt lat="36.697111" lon="126.582185"/></trkseg>
<trkseg><trkpt lat="36.701466" lon="126.593294"/><trkpt lat="36.701416" lon="126.59287"/><trkpt lat="36.701412" lon="126.592805"/><trkpt lat="36.701415" lon="126.592757"/><trkpt lat="36.701424" lon="126.59271"/><trkpt lat="36.701466" lon="126.592553"/><trkpt lat="36.701486" lon="126.592474"/><trkpt lat="36.701492" lon="126.592428"/><trkpt lat="36.701488" lon="126.592383"/><trkpt lat="36.701476" lon="126.592339"/><trkpt lat="36.701455" lon="126.592266"/><trkpt lat="36.701447" lon="126.592219"/><trkpt lat="36.701445" lon="126.592171"/><trkpt lat="36.701446" lon="126.591941"/><trkpt lat="36.701447" lon="126.591712"/><trkpt lat="36.701444" lon="126.591664"/><trkpt lat="36.701433" lon="126.59162"/><trkpt lat="36.701413" lon="126.591579"/><trkpt lat="36.701358" lon="126.591489"/><trkpt lat="36.701338" lon="126.59145"/><trkpt lat="36.701331" lon="126.591409"/><trkpt lat="36.701338" lon="126.591366"/><trkpt lat="36.701358" lon="126.591292"/><trkpt lat="36.701366" lon="126.591248"/><trkpt lat="36.701362" lon="126.591204"/><trkpt lat="36.701349" lon="126.591161"/><trkpt lat="36.701311" lon="126.59106"/><trkpt lat="36.701298" lon="126.591016"/><trkpt lat="36.701295" lon="126.590971"/><trkpt lat="36.701299" lon="126.590925"/><trkpt lat="36.701308" lon="126.59088"/><trkpt lat="36.70132" lon="126.590837"/><trkpt lat="36.70134" lon="126.590796"/><trkpt lat="36.701386" lon="126.590719"/><trkpt lat="36.701405" lon="126.590679"/><trkpt lat="36.701416" lon="126.590637"/><trkpt lat="36.701428" lon="126.590567"/><trkpt lat="36.701447" lon="126.59053"/><trkpt lat="36.701488" lon="126.590472"/><trkpt lat="36.701512" lon="126.590437"/><trkpt lat="36.701534" lon="126.590382"/><trkpt lat="36.701549" lon="126.59036"/><trkpt lat="36.701574" lon="126.590335"/><trkpt lat="36.701584" lon="126.590297"/><trkpt lat="36.701596" lon="126.590202"/><trkpt lat="36.701618" lon="126.589969"/><trkpt lat="36.701627" lon="126.589921"/><trkpt lat="36.70164" lon="126.589881"/><trkpt lat="36.701656" lon="126.589843"/><trkpt lat="36.701678" lon="126.589811"/><trkpt lat="36.701713" lon="126.589782"/><trkpt lat="36.701742" lon="126.589756"/><trkpt lat="36.701768" lon="126.589722"/><trkpt lat="36.701791" lon="126.589685"/><trkpt lat="36.701806" lon="126.589644"/><trkpt lat="36.701809" lon="126.589599"/><trkpt lat="36.701808" lon="126.589522"/><trkpt lat="36.701817" lon="126.589478"/><trkpt lat="36.701834" lon="126.589434"/><trkpt lat="36.701862" lon="126.589378"/><trkpt lat="36.701933" lon="126.589239"/><trkpt lat="36.701948" lon="126.589197"/><trkpt lat="36.701951" lon="126.589158"/><trkpt lat="36.701931" lon="126.589097"/><trkpt lat="36.701923" lon="126.589058"/><trkpt lat="36.701925" lon="126.589014"/><trkpt lat="36.701934" lon="126.588924"/><trkpt lat="36.70193" lon="126.58888"/><trkpt lat="36.701915" lon="126.588805"/><trkpt lat="36.701908" lon="126.588759"/><trkpt lat="36.701905" lon="126.588662"/><trkpt lat="36.701905" lon="126.588417"/><trkpt lat="36.701902" lon="126.588353"/><trkpt lat="36.701895" lon="126.588307"/><trkpt lat="36.701879" lon="126.588267"/><trkpt lat="36.701844" lon="126.588204"/><trkpt lat="36.701824" lon="126.588166"/><trkpt lat="36.701811" lon="126.588127"/><trkpt lat="36.701809" lon="126.588077"/><trkpt lat="36.701805" lon="126.588038"/><trkpt lat="36.701788" lon="126.587981"/><trkpt lat="36.701783" lon="126.587936"/><trkpt lat="36.701785" lon="126.587889"/><trkpt lat="36.701806" lon="126.587728"/><trkpt lat="36.701817" lon="126.587665"/><trkpt lat="36.70183" lon="126.587621"/><trkpt lat="36.701867" lon="126.58754"/><trkpt lat="36.701883" lon="126.5875"/><trkpt lat="36.701891" lon="126.587458"/><trkpt lat="36.701887" lon="126.587414"/><trkpt lat="36.701874" lon="126.587371"/><trkpt lat="36.701853" lon="126.587331"/><trkpt lat="36.70181" lon="126.58727"/><trkpt lat="36.701786" lon="126.587233"/><trkpt lat="36.701771" lon="126.587194"/><trkpt lat="36.701771" lon="126.587152"/><trkpt lat="36.70179" lon="126.587061"/><trkpt lat="36.701797" lon="126.587013"/><trkpt lat="36.701799" lon="126.586963"/><trkpt lat="36.701796" lon="126.586711"/><trkpt lat="36.701792" lon="126.58651"/><trkpt lat="36.701788" lon="126.586461"/><trkpt lat="36.701775" lon="126.586417"/><trkpt lat="36.701752" lon="126.586379"/><trkpt lat="36.70166" lon="126.58626"/><trkpt lat="36.701606" lon="126.586188"/><trkpt lat="36.701582" lon="126.586148"/><trkpt lat="36.701396" lon="126.585752"/><trkpt lat="36.701355" lon="126.585669"/><trkpt lat="36.701333" lon="126.585631"/><trkpt lat="36.701307" lon="126.585602"/><trkpt lat="36.70127" lon="126.585569"/><trkpt lat="36.701247" lon="126.585534"/><trkpt lat="36.701211" lon="126.585473"/><trkpt lat="36.701183" lon="126.585449"/><trkpt lat="36.701147" lon="126.585438"/><trkpt lat="36.701097" lon="126.585427"/><trkpt lat="36.701047" lon="126.585408"/><trkpt lat="36.700935" lon="126.585355"/><trkpt lat="36.700899" lon="126.585335"/><trkpt lat="36.700865" lon="126.585311"/><trkpt lat="36.700826" lon="126.585271"/><trkpt lat="36.700796" lon="126.585243"/><trkpt lat="36.70076" lon="126.585225"/><trkpt lat="36.700708" lon="126.585209"/><trkpt lat="36.700655" lon="126.585198"/><trkpt lat="36.700614" lon="126.585194"/><trkpt lat="36.700575" lon="126.585196"/><trkpt lat="36.700536" lon="126.585204"/><trkpt lat="36.7005" lon="126.585221"/><trkpt lat="36.700469" lon="126.585247"/><trkpt lat="36.700381" lon="126.585343"/><trkpt lat="36.70035" lon="126.585372"/><trkpt lat="36.700318" lon="126.585394"/><trkpt lat="36.700284" lon="126.585409"/><trkpt lat="36.700249" lon="126.585419"/><trkpt lat="36.700211" lon="126.585421"/><trkpt lat="36.700171" lon="126.585416"/><trkpt lat="36.699892" lon="126.585363"/><trkpt lat="36.699826" lon="126.585348"/><trkpt lat="36.699789" lon="126.585334"/><trkpt lat="36.699755" lon="126.58531"/><trkpt lat="36.699712" lon="126.585271"/><trkpt lat="36.699544" lon="126.585105"/><trkpt lat="36.699515" lon="126.585072"/><trkpt lat="36.69949" lon="126.585034"/><trkpt lat="36.699462" lon="126.584978"/><trkpt lat="36.699402" lon="126.584851"/><trkpt lat="36.699378" lon="126.584812"/><trkpt lat="36.69935" lon="126.584781"/><trkpt lat="36.699298" lon="126.584735"/><trkpt lat="36.699232" lon="126.584685"/><trkpt lat="36.699198" lon="126.584665"/><trkpt lat="36.699149" lon="126.584646"/><trkpt lat="36.699114" lon="126.58463"/><trkpt lat="36.699086" lon="126.584603"/><trkpt lat="36.699063" lon="126.584566"/><trkpt lat="36.699016" lon="126.584472"/><trkpt lat="36.698993" lon="126.584433"/><trkpt lat="36.698966" lon="126.584398"/><trkpt lat="36.698916" lon="126.584343"/><trkpt lat="36.698621" lon="126.584034"/></trkseg>
<trkseg><trkpt lat="36.71371" lon="126.612566"/><trkpt lat="36.71371" lon="126.612838"/><trkpt lat="36.713714" lon="126.612883"/><trkpt lat="36.713725" lon="126.612933"/><trkpt lat="36.713731" lon="126.612973"/><trkpt lat="36.713728" lon="126.613018"/><trkpt lat="36.713715" lon="126.613114"/><trkpt lat="36.713691" lon="126.613274"/><trkpt lat="36.713678" lon="126.613337"/><trkpt lat="36.713663" lon="126.613379"/><trkpt lat="36.713636" lon="126.613429"/><trkpt lat="36.713617" lon="126.613466"/><trkpt lat="36.713608" lon="126.613508"/><trkpt lat="36.713607" lon="126.613553"/><trkpt lat="36.713612" lon="126.613615"/><trkpt lat="36.713619" lon="126.613661"/><trkpt lat="36.71363" lon="126.613707"/><trkpt lat="36.713651" lon="126.613767"/><trkpt lat="36.713794" lon="126.614139"/><trkpt lat="36.713813" lon="126.614182"/><trkpt lat="36.713835" lon="126.614222"/><trkpt lat="36.713862" lon="126.614259"/><trkpt lat="36.713939" lon="126.614353"/><trkpt lat="36.713975" lon="126.614402"/><trkpt lat="36.713996" lon="126.614444"/><trkpt lat="36.714018" lon="126.614504"/><trkpt lat="36.714077" lon="126.61469"/><trkpt lat="36.714094" lon="126.614752"/><trkpt lat="36.714103" lon="126.614799"/><trkpt lat="36.71412" lon="126.614958"/><trkpt lat="36.714128" lon="126.615019"/><trkpt lat="36.71414" lon="126.61506"/><trkpt lat="36.714162" lon="126.61509"/><trkpt lat="36.714201" lon="126.615122"/><trkpt lat="36.714227" lon="126.615154"/><trkpt lat="36.714247" lon="126.615195"/><trkpt lat="36.714259" lon="126.61524"/><trkpt lat="36.714264" lon="126.615288"/><trkpt lat="36.714267" lon="126.615387"/><trkpt lat="36.714272" lon="126.615434"/><trkpt lat="36.714284" lon="126.615479"/><trkpt lat="36.714302" lon="126.615521"/><trkpt lat="36.714409" lon="126.615727"/><trkpt lat="36.714445" lon="126.615793"/><trkpt lat="36.71447" lon="126.615828"/><trkpt lat="36.7145" lon="126.615851"/><trkpt lat="36.714535" lon="126.615866"/><trkpt lat="36.714607" lon="126.615891"/><trkpt lat="36.714641" lon="126.615908"/><trkpt lat="36.714673" lon="126.615934"/><trkpt lat="36.714713" lon="126.615977"/><trkpt lat="36.714802" lon="126.616075"/><trkpt lat="36.714833" lon="126.616105"/><trkpt lat="36.714868" lon="126.616129"/><trkpt lat="36.71504" lon="126.616222"/><trkpt lat="36.715113" lon="126.616263"/><trkpt lat="36.715148" lon="126.616287"/><trkpt lat="36.715176" lon="126.616316"/><trkpt lat="36.715207" lon="126.61636"/><trkpt lat="36.715236" lon="126.616385"/><trkpt lat="36.715271" lon="126.616403"/><trkpt lat="36.715347" lon="126.616431"/><trkpt lat="36.715411" lon="126.61645"/><trkpt lat="36.715449" lon="126.616456"/><trkpt lat="36.715488" lon="126.616453"/><trkpt lat="36.715541" lon="126.616441"/><trkpt lat="36.71583" lon="126.616363"/><trkpt lat="36.715869" lon="126.616356"/><trkpt lat="36.715906" lon="126.616358"/><trkpt lat="36.715938" lon="126.616376"/><trkpt lat="36.715969" lon="126.616403"/><trkpt lat="36.716018" lon="126.616455"/><trkpt lat="36.716046" lon="126.616489"/><trkpt lat="36.716078" lon="126.61654"/><trkpt lat="36.716131" lon="126.616635"/><trkpt lat="36.71615" lon="126.616676"/><trkpt lat="36.716161" lon="126.616719"/><trkpt lat="36.71616" lon="126.616761"/><trkpt lat="36.716141" lon="126.616849"/><trkpt lat="36.716134" lon="126.616894"/><trkpt lat="36.716132" lon="126.616939"/><trkpt lat="36.716131" lon="126.617014"/><trkpt lat="36.716122" lon="126.617058"/><trkpt lat="36.716107" lon="126.617114"/><trkpt lat="36.716101" lon="126.617163"/><trkpt lat="36.716087" lon="126.617201"/><trkpt lat="36.716042" lon="126.617276"/><trkpt lat="36.716021" lon="126.617315"/><trkpt lat="36.716008" lon="126.617358"/><trkpt lat="36.716002" lon="126.617401"/><trkpt lat="36.716002" lon="126.61744"/><trkpt lat="36.716012" lon="126.617461"/><trkpt lat="36.716039" lon="126.617474"/><trkpt lat="36.716048" lon="126.617491"/></trkseg>
<trkseg><trkpt lat="36.764851" lon="126.613131"/><trkpt lat="36.764899" lon="126.613253"/><trkpt lat="36.764914" lon="126.6133"/><trkpt lat="36.764924" lon="126.613346"/><trkpt lat="36.764937" lon="126.613461"/><trkpt lat="36.764948" lon="126.613593"/><trkpt lat="36.764949" lon="126.613641"/><trkpt lat="36.764947" lon="126.613688"/><trkpt lat="36.764941" lon="126.613731"/><trkpt lat="36.76493" lon="126.613769"/><trkpt lat="36.76491" lon="126.613801"/><trkpt lat="36.764905" lon="126.613831"/><trkpt lat="36.76491" lon="126.613877"/><trkpt lat="36.764901" lon="126.613905"/><trkpt lat="36.764875" lon="126.613924"/><trkpt lat="36.764827" lon="126.613949"/><trkpt lat="36.764818" lon="126.613968"/><trkpt lat="36.764833" lon="126.613989"/><trkpt lat="36.764862" lon="126.614002"/><trkpt lat="36.764937" lon="126.614009"/><trkpt lat="36.76497" lon="126.614016"/><trkpt lat="36.764989" lon="126.614035"/><trkpt lat="36.764988" lon="126.61406"/><trkpt lat="36.764975" lon="126.614095"/><trkpt lat="36.764984" lon="126.614119"/><trkpt lat="36.76501" lon="126.614139"/><trkpt lat="36.765054" lon="126.614165"/><trkpt lat="36.765126" lon="126.6142"/><trkpt lat="36.765163" lon="126.614212"/><trkpt lat="36.765202" lon="126.614216"/><trkpt lat="36.765241" lon="126.614214"/><trkpt lat="36.765278" lon="126.614208"/><trkpt lat="36.76531" lon="126.614195"/><trkpt lat="36.76533" lon="126.614166"/><trkpt lat="36.765347" lon="126.614112"/><trkpt lat="36.765366" lon="126.614079"/><trkpt lat="36.765395" lon="126.614059"/><trkpt lat="36.765426" lon="126.614048"/><trkpt lat="36.765451" lon="126.614048"/><trkpt lat="36.765462" lon="126.614068"/><trkpt lat="36.765464" lon="126.614116"/><trkpt lat="36.76547" lon="126.614158"/><trkpt lat="36.765493" lon="126.61423"/><trkpt lat="36.765505" lon="126.614274"/><trkpt lat="36.76551" lon="126.614318"/><trkpt lat="36.765509" lon="126.61436"/><trkpt lat="36.765498" lon="126.614395"/><trkpt lat="36.765472" lon="126.614418"/><trkpt lat="36.765436" lon="126.614433"/><trkpt lat="36.765112" lon="126.61451"/><trkpt lat="36.765049" lon="126.614531"/><trkpt lat="36.765013" lon="126.614547"/><trkpt lat="36.764983" lon="126.614573"/><trkpt lat="36.764927" lon="126.614594"/><trkpt lat="36.764888" lon="126.614624"/><trkpt lat="36.764874" lon="126.614633"/></trkseg>
<trkseg><trkpt lat="36.722399" lon="126.620222"/><trkpt lat="36.72271" lon="126.619995"/><trkpt lat="36.722755" lon="126.619959"/><trkpt lat="36.722785" lon="126.619927"/><trkpt lat="36.72282" lon="126.619877"/><trkpt lat="36.723026" lon="126.619544"/><trkpt lat="36.723065" lon="126.619476"/><trkpt lat="36.723105" lon="126.619391"/><trkpt lat="36.723199" lon="126.619174"/><trkpt lat="36.723215" lon="126.619129"/><trkpt lat="36.723225" lon="126.619082"/><trkpt lat="36.723245" lon="126.618954"/><trkpt lat="36.723255" lon="126.618907"/><trkpt lat="36.723269" lon="126.618861"/><trkpt lat="36.72331" lon="126.618759"/><trkpt lat="36.723451" lon="126.618407"/><trkpt lat="36.723464" lon="126.618361"/><trkpt lat="36.723478" lon="126.61827"/><trkpt lat="36.723488" lon="126.618224"/><trkpt lat="36.72351" lon="126.618164"/><trkpt lat="36.723691" lon="126.617753"/><trkpt lat="36.723879" lon="126.617327"/><trkpt lat="36.723913" lon="126.617256"/><trkpt lat="36.723937" lon="126.617216"/><trkpt lat="36.72399" lon="126.617141"/><trkpt lat="36.724444" lon="126.616524"/><trkpt lat="36.724488" lon="126.616461"/><trkpt lat="36.724511" lon="126.61642"/><trkpt lat="36.724534" lon="126.616361"/><trkpt lat="36.724656" lon="126.616011"/><trkpt lat="36.724679" lon="126.615952"/><trkpt lat="36.724699" lon="126.61591"/><trkpt lat="36.724731" lon="126.615859"/><trkpt lat="36.724833" lon="126.615711"/><trkpt lat="36.724856" lon="126.615672"/><trkpt lat="36.724874" lon="126.615632"/><trkpt lat="36.724884" lon="126.615587"/><trkpt lat="36.724889" lon="126.615524"/><trkpt lat="36.724897" lon="126.615347"/><trkpt lat="36.724902" lon="126.615299"/><trkpt lat="36.724911" lon="126.615251"/><trkpt lat="36.724937" lon="126.615157"/><trkpt lat="36.724985" lon="126.615001"/><trkpt lat="36.725003" lon="126.614962"/><trkpt lat="36.725029" lon="126.614937"/><trkpt lat="36.725063" lon="126.614932"/><trkpt lat="36.725141" lon="126.614936"/><trkpt lat="36.725181" lon="126.614934"/><trkpt lat="36.725273" lon="126.614919"/><trkpt lat="36.725638" lon="126.614843"/><trkpt lat="36.725677" lon="126.614831"/><trkpt lat="36.725777" lon="126.614789"/><trkpt lat="36.725839" lon="126.61476"/><trkpt lat="36.725875" lon="126.61474"/><trkpt lat="36.725906" lon="126.614712"/><trkpt lat="36.725931" lon="126.614676"/><trkpt lat="36.72595" lon="126.614635"/><trkpt lat="36.725963" lon="126.61459"/><trkpt lat="36.725984" lon="126.614496"/><trkpt lat="36.725994" lon="126.614433"/><trkpt lat="36.725997" lon="126.614385"/><trkpt lat="36.725999" lon="126.614257"/><trkpt lat="36.725998" lon="126.61416"/><trkpt lat="36.725995" lon="126.614113"/><trkpt lat="36.725986" lon="126.614067"/><trkpt lat="36.725963" lon="126.613976"/><trkpt lat="36.725955" lon="126.61393"/><trkpt lat="36.725953" lon="126.613882"/><trkpt lat="36.72596" lon="126.613784"/><trkpt lat="36.725974" lon="126.613642"/></trkseg>
<trkseg><trkpt lat="36.764851" lon="126.613131"/><trkpt lat="36.765137" lon="126.612951"/><trkpt lat="36.76517" lon="126.612924"/><trkpt lat="36.765206" lon="126.612881"/><trkpt lat="36.765233" lon="126.612853"/><trkpt lat="36.765263" lon="126.612841"/><trkpt lat="36.76532" lon="126.612829"/><trkpt lat="36.765354" lon="126.612816"/><trkpt lat="36.765387" lon="126.612799"/><trkpt lat="36.765416" lon="126.612779"/><trkpt lat="36.76544" lon="126.612751"/><trkpt lat="36.765462" lon="126.612736"/><trkpt lat="36.765496" lon="126.61273"/><trkpt lat="36.765601" lon="126.612722"/><trkpt lat="36.76564" lon="126.612714"/><trkpt lat="36.765678" lon="126.612698"/><trkpt lat="36.765727" lon="126.612671"/><trkpt lat="36.765836" lon="126.612607"/><trkpt lat="36.765873" lon="126.61259"/><trkpt lat="36.765912" lon="126.612582"/><trkpt lat="36.765977" lon="126.612578"/><trkpt lat="36.766015" lon="126.612569"/><trkpt lat="36.766051" lon="126.61255"/><trkpt lat="36.766122" lon="126.612503"/><trkpt lat="36.766356" lon="126.612339"/><trkpt lat="36.766404" lon="126.612309"/><trkpt lat="36.766612" lon="126.612204"/><trkpt lat="36.766809" lon="126.612107"/><trkpt lat="36.766847" lon="126.612092"/><trkpt lat="36.766886" lon="126.612084"/><trkpt lat="36.767206" lon="126.612052"/><trkpt lat="36.767408" lon="126.612034"/><trkpt lat="36.767446" lon="126.612028"/><trkpt lat="36.76748" lon="126.612015"/><trkpt lat="36.7675" lon="126.611986"/><trkpt lat="36.767509" lon="126.611946"/><trkpt lat="36.767512" lon="126.611903"/><trkpt lat="36.767506" lon="126.611847"/><trkpt lat="36.767511" lon="126.611804"/><trkpt lat="36.767525" lon="126.611761"/><trkpt lat="36.767583" lon="126.611613"/><trkpt lat="36.767605" lon="126.611554"/><trkpt lat="36.767619" lon="126.611509"/><trkpt lat="36.767623" lon="126.611464"/><trkpt lat="36.767618" lon="126.611391"/><trkpt lat="36.767627" lon="126.611356"/><trkpt lat="36.767652" lon="126.61133"/><trkpt lat="36.767697" lon="126.611303"/><trkpt lat="36.767816" lon="126.611235"/><trkpt lat="36.76785" lon="126.611211"/><trkpt lat="36.767904" lon="126.611163"/><trkpt lat="36.767934" lon="126.611132"/><trkpt lat="36.767961" lon="126.611097"/><trkpt lat="36.767987" lon="126.611052"/><trkpt lat="36.768012" lon="126.611024"/><trkpt lat="36.768055" lon="126.610996"/><trkpt lat="36.768107" lon="126.610966"/><trkpt lat="36.768128" lon="126.610947"/><trkpt lat="36.768142" lon="126.610919"/><trkpt lat="36.768164" lon="126.61089"/><trkpt lat="36.768211" lon="126.610838"/><trkpt lat="36.768332" lon="126.610711"/><trkpt lat="36.76836" lon="126.610677"/><trkpt lat="36.76838" lon="126.610639"/><trkpt lat="36.768393" lon="126.610598"/><trkpt lat="36.768416" lon="126.610512"/><trkpt lat="36.768435" lon="126.610471"/><trkpt lat="36.76846" lon="126.610433"/><trkpt lat="36.768639" lon="126.610186"/><trkpt lat="36.768676" lon="126.610138"/><trkpt lat="36.768706" lon="126.610106"/><trkpt lat="36.76875" lon="126.61007"/><trkpt lat="36.768989" lon="126.609893"/><trkpt lat="36.769055" lon="126.609839"/><trkpt lat="36.769086" lon="126.609808"/><trkpt lat="36.76918" lon="126.609691"/><trkpt lat="36.769211" lon="126.60966"/><trkpt lat="36.769245" lon="126.609636"/><trkpt lat="36.769319" lon="126.609596"/><trkpt lat="36.769467" lon="126.60952"/><trkpt lat="36.769502" lon="126.609497"/><trkpt lat="36.76953" lon="126.609465"/><trkpt lat="36.769555" lon="126.609428"/><trkpt lat="36.769606" lon="126.609333"/><trkpt lat="36.769625" lon="126.609291"/><trkpt lat="36.769637" lon="126.609247"/><trkpt lat="36.769642" lon="126.609202"/><trkpt lat="36.769648" lon="126.609125"/><trkpt lat="36.769656" lon="126.609081"/><trkpt lat="36.769675" lon="126.609039"/><trkpt lat="36.769726" lon="126.608962"/><trkpt lat="36.769758" lon="126.60891"/><trkpt lat="36.769775" lon="126.608867"/><trkpt lat="36.769784" lon="126.608821"/><trkpt lat="36.769798" lon="126.608744"/><trkpt lat="36.769813" lon="126.6087"/><trkpt lat="36.769835" lon="126.608658"/><trkpt lat="36.769965" lon="126.608442"/><trkpt lat="36.769998" lon="126.60839"/><trkpt lat="36.770026" lon="126.608357"/><trkpt lat="36.770059" lon="126.608337"/><trkpt lat="36.770097" lon="126.608328"/><trkpt lat="36.770271" lon="126.60831"/><trkpt lat="36.770459" lon="126.608289"/><trkpt lat="36.770498" lon="126.608281"/><trkpt lat="36.770535" lon="126.608267"/><trkpt lat="36.770603" lon="126.608222"/><trkpt lat="36.770635" lon="126.608204"/><trkpt lat="36.770663" lon="126.608201"/><trkpt lat="36.770717" lon="126.608191"/><trkpt lat="36.770752" lon="126.608192"/><trkpt lat="36.770787" lon="126.608202"/><trkpt lat="36.770822" lon="126.608217"/><trkpt lat="36.770855" lon="126.608239"/><trkpt lat="36.770885" lon="126.608269"/><trkpt lat="36.770953" lon="126.608347"/><trkpt lat="36.770983" lon="126.608378"/><trkpt lat="36.771016" lon="126.608401"/><trkpt lat="36.771054" lon="126.608415"/><trkpt lat="36.771093" lon="126.608425"/><trkpt lat="36.771227" lon="126.608451"/></trkseg>
<trkseg><trkpt lat="36.698262" lon="126.64372"/><trkpt lat="36.698294" lon="126.643733"/><trkpt lat="36.698336" lon="126.643761"/><trkpt lat="36.698366" lon="126.643802"/><trkpt lat="36.698381" lon="126.643844"/><trkpt lat="36.698387" lon="126.643891"/><trkpt lat="36.698387" lon="126.64394"/><trkpt lat="36.698381" lon="126.643988"/><trkpt lat="36.698366" lon="126.644033"/><trkpt lat="36.698345" lon="126.644075"/><trkpt lat="36.698274" lon="126.644196"/><trkpt lat="36.698253" lon="126.644237"/><trkpt lat="36.69824" lon="126.644281"/><trkpt lat="36.698236" lon="126.644329"/><trkpt lat="36.698237" lon="126.644394"/><trkpt lat="36.698242" lon="126.644625"/><trkpt lat="36.69824" lon="126.644674"/><trkpt lat="36.698233" lon="126.644722"/><trkpt lat="36.698191" lon="126.644913"/><trkpt lat="36.698178" lon="126.644976"/><trkpt lat="36.698173" lon="126.645024"/><trkpt lat="36.698177" lon="126.64507"/><trkpt lat="36.698188" lon="126.645116"/><trkpt lat="36.698238" lon="126.645268"/><trkpt lat="36.698267" lon="126.64536"/><trkpt lat="36.698276" lon="126.645406"/><trkpt lat="36.698281" lon="126.645453"/><trkpt lat="36.698284" lon="126.645515"/><trkpt lat="36.698282" lon="126.645561"/><trkpt lat="36.698272" lon="126.645607"/><trkpt lat="36.698255" lon="126.64565"/><trkpt lat="36.698165" lon="126.645851"/><trkpt lat="36.698081" lon="126.646038"/></trkseg>
<trkseg><trkpt lat="36.698262" lon="126.64372"/><trkpt lat="36.698265" lon="126.643738"/><trkpt lat="36.69825" lon="126.643766"/><trkpt lat="36.698212" lon="126.643785"/><trkpt lat="36.698171" lon="126.643789"/><trkpt lat="36.698132" lon="126.643784"/><trkpt lat="36.698094" lon="126.64377"/><trkpt lat="36.697954" lon="126.643702"/><trkpt lat="36.697891" lon="126.643673"/><trkpt lat="36.697854" lon="126.643665"/><trkpt lat="36.697822" lon="126.643675"/><trkpt lat="36.697794" lon="126.6437"/><trkpt lat="36.697771" lon="126.643733"/><trkpt lat="36.697756" lon="126.643776"/><trkpt lat="36.697735" lon="126.64385"/><trkpt lat="36.697715" lon="126.643888"/><trkpt lat="36.697686" lon="126.643918"/><trkpt lat="36.697642" lon="126.643953"/><trkpt lat="36.697227" lon="126.644251"/><trkpt lat="36.697171" lon="126.644292"/><trkpt lat="36.697145" lon="126.644317"/><trkpt lat="36.697135" lon="126.644343"/><trkpt lat="36.697138" lon="126.644368"/><trkpt lat="36.697131" lon="126.644397"/><trkpt lat="36.697097" lon="126.644452"/><trkpt lat="36.697075" lon="126.644489"/><trkpt lat="36.697056" lon="126.644532"/><trkpt lat="36.696988" lon="126.644713"/><trkpt lat="36.696964" lon="126.644771"/><trkpt lat="36.696942" lon="126.644809"/><trkpt lat="36.696913" lon="126.644836"/><trkpt lat="36.696877" lon="126.644852"/><trkpt lat="36.696817" lon="126.644876"/><trkpt lat="36.696788" lon="126.644893"/><trkpt lat="36.696767" lon="126.644925"/><trkpt lat="36.696745" lon="126.644942"/><trkpt lat="36.696711" lon="126.644949"/><trkpt lat="36.696605" lon="126.644956"/><trkpt lat="36.696565" lon="126.644962"/><trkpt lat="36.696528" lon="126.644977"/><trkpt lat="36.696493" lon="126.644999"/><trkpt lat="36.696196" lon="126.645217"/><trkpt lat="36.696152" lon="126.645252"/><trkpt lat="36.696122" lon="126.645283"/><trkpt lat="36.696098" lon="126.64532"/><trkpt lat="36.696065" lon="126.645388"/><trkpt lat="36.696035" lon="126.645458"/><trkpt lat="36.696021" lon="126.645499"/><trkpt lat="36.696016" lon="126.645538"/><trkpt lat="36.696027" lon="126.645581"/><trkpt lat="36.696035" lon="126.64562"/><trkpt lat="36.696035" lon="126.645714"/><trkpt lat="36.696037" lon="126.64576"/><trkpt lat="36.696049" lon="126.645796"/><trkpt lat="36.696069" lon="126.645819"/><trkpt lat="36.696101" lon="126.645825"/><trkpt lat="36.696138" lon="126.64582"/><trkpt lat="36.696303" lon="126.645777"/><trkpt lat="36.696383" lon="126.645756"/></trkseg>
<trkseg><trkpt lat="36.716048" lon="126.617491"/><trkpt lat="36.715892" lon="126.617755"/><trkpt lat="36.71587" lon="126.617796"/><trkpt lat="36.715851" lon="126.617839"/><trkpt lat="36.715819" lon="126.617929"/><trkpt lat="36.715767" lon="126.61808"/><trkpt lat="36.715749" lon="126.618122"/><trkpt lat="36.715726" lon="126.618157"/><trkpt lat="36.715697" lon="126.618181"/><trkpt lat="36.715664" lon="126.618201"/><trkpt lat="36.715629" lon="126.618215"/><trkpt lat="36.71559" lon="126.618223"/><trkpt lat="36.715098" lon="126.618286"/><trkpt lat="36.715019" lon="126.618299"/><trkpt lat="36.714981" lon="126.61831"/><trkpt lat="36.714921" lon="126.618338"/><trkpt lat="36.71484" lon="126.618384"/><trkpt lat="36.714808" lon="126.618408"/><trkpt lat="36.714778" lon="126.61844"/><trkpt lat="36.714732" lon="126.618501"/><trkpt lat="36.714641" lon="126.618624"/><trkpt lat="36.714613" lon="126.618654"/><trkpt lat="36.714581" lon="126.618667"/><trkpt lat="36.714548" lon="126.618662"/><trkpt lat="36.714489" lon="126.618638"/><trkpt lat="36.714452" lon="126.618625"/><trkpt lat="36.714417" lon="126.618619"/><trkpt lat="36.714348" lon="126.618615"/><trkpt lat="36.71431" lon="126.6186"/><trkpt lat="36.714282" lon="126.618593"/><trkpt lat="36.714246" lon="126.618599"/><trkpt lat="36.714184" lon="126.61862"/><trkpt lat="36.714146" lon="126.618628"/><trkpt lat="36.714108" lon="126.618628"/><trkpt lat="36.714045" lon="126.618621"/><trkpt lat="36.714008" lon="126.618613"/><trkpt lat="36.713973" lon="126.6186"/><trkpt lat="36.713941" lon="126.618581"/><trkpt lat="36.71391" lon="126.618553"/><trkpt lat="36.713853" lon="126.618487"/><trkpt lat="36.713822" lon="126.618459"/><trkpt lat="36.713787" lon="126.618437"/><trkpt lat="36.713711" lon="126.618406"/><trkpt lat="36.713596" lon="126.618361"/><trkpt lat="36.713559" lon="126.618343"/><trkpt lat="36.713527" lon="126.618318"/><trkpt lat="36.713499" lon="126.618283"/><trkpt lat="36.713457" lon="126.618218"/><trkpt lat="36.713268" lon="126.617914"/><trkpt lat="36.713242" lon="126.617877"/><trkpt lat="36.713211" lon="126.617846"/><trkpt lat="36.713156" lon="126.6178"/><trkpt lat="36.712858" lon="126.617576"/><trkpt lat="36.712823" lon="126.617553"/><trkpt lat="36.712786" lon="126.617539"/><trkpt lat="36.712748" lon="126.617535"/><trkpt lat="36.712467" lon="126.617544"/><trkpt lat="36.712387" lon="126.61755"/><trkpt lat="36.712348" lon="126.617558"/><trkpt lat="36.712288" lon="126.617582"/><trkpt lat="36.712257" lon="126.617584"/><trkpt lat="36.712233" lon="126.617559"/><trkpt lat="36.712213" lon="126.617519"/><trkpt lat="36.712176" lon="126.617431"/><trkpt lat="36.712156" lon="126.617391"/><trkpt lat="36.712132" lon="126.617366"/><trkpt lat="36.712103" lon="126.617363"/><trkpt lat="36.712059" lon="126.617368"/><trkpt lat="36.712023" lon="126.617359"/><trkpt lat="36.711974" lon="126.617335"/><trkpt lat="36.711646" lon="126.617146"/><trkpt lat="36.711586" lon="126.617109"/><trkpt lat="36.711553" lon="126.617082"/><trkpt lat="36.711523" lon="126.617051"/><trkpt lat="36.711408" lon="126.616913"/><trkpt lat="36.711368" lon="126.61687"/><trkpt lat="36.711325" lon="126.616835"/><trkpt lat="36.711204" lon="126.616747"/><trkpt lat="36.711172" lon="126.616721"/><trkpt lat="36.711141" lon="126.61669"/><trkpt lat="36.711103" lon="126.616644"/><trkpt lat="36.710944" lon="126.616441"/><trkpt lat="36.710915" lon="126.616409"/><trkpt lat="36.710884" lon="126.616387"/><trkpt lat="36.710848" lon="126.616383"/><trkpt lat="36.710809" lon="126.61639"/><trkpt lat="36.71065" lon="126.61643"/><trkpt lat="36.710597" lon="126.61644"/><trkpt lat="36.710544" lon="126.616443"/><trkpt lat="36.71041" lon="126.616444"/><trkpt lat="36.710344" lon="126.616441"/><trkpt lat="36.710305" lon="126.616435"/><trkpt lat="36.710255" lon="126.616419"/><trkpt lat="36.710093" lon="126.616356"/><trkpt lat="36.710043" lon="126.61634"/><trkpt lat="36.710004" lon="126.616334"/><trkpt lat="36.709965" lon="126.616334"/><trkpt lat="36.709834" lon="126.616348"/><trkpt lat="36.709794" lon="126.61635"/><trkpt lat="36.709755" lon="126.616347"/><trkpt lat="36.709517" lon="126.616295"/><trkpt lat="36.709346" lon="126.616257"/></trkseg>
<trkseg><trkpt lat="36.696383" lon="126.645756"/><trkpt lat="36.696454" lon="126.645642"/><trkpt lat="36.696488" lon="126.645591"/><trkpt lat="36.696516" lon="126.645559"/><trkpt lat="36.696549" lon="126.645539"/><trkpt lat="36.696587" lon="126.645528"/><trkpt lat="36.697206" lon="126.645411"/></trkseg>
<trkseg><trkpt lat="36.697206" lon="126.645411"/><trkpt lat="36.697256" lon="126.645086"/><trkpt lat="36.697266" lon="126.645041"/><trkpt lat="36.69728" lon="126.645"/><trkpt lat="36.697304" lon="126.644968"/><trkpt lat="36.697333" lon="126.64494"/><trkpt lat="36.697364" lon="126.644917"/><trkpt lat="36.697398" lon="126.644899"/><trkpt lat="36.697436" lon="126.644893"/><trkpt lat="36.697481" lon="126.644907"/><trkpt lat="36.697517" lon="126.644932"/><trkpt lat="36.697532" lon="126.644946"/></trkseg>
<trkseg><trkpt lat="36.697206" lon="126.645411"/><trkpt lat="36.697525" lon="126.645691"/><trkpt lat="36.697566" lon="126.645731"/><trkpt lat="36.69759" lon="126.645764"/><trkpt lat="36.6976" lon="126.645801"/><trkpt lat="36.697609" lon="126.645845"/><trkpt lat="36.697634" lon="126.645859"/><trkpt lat="36.697669" lon="126.645862"/><trkpt lat="36.697828" lon="126.645855"/><trkpt lat="36.697881" lon="126.645855"/><trkpt lat="36.697918" lon="126.64586"/><trkpt lat="36.697951" lon="126.645879"/><trkpt lat="36.697981" lon="126.645908"/><trkpt lat="36.698036" lon="126.645979"/><trkpt lat="36.698081" lon="126.646038"/></trkseg>
<trkseg><trkpt lat="36.733683" lon="126.621441"/><trkpt lat="36.733847" lon="126.621455"/><trkpt lat="36.734276" lon="126.621331"/><trkpt lat="36.734717" lon="126.621454"/><trkpt lat="36.73495" lon="126.621147"/><trkpt lat="36.735091" lon="126.620593"/><trkpt lat="36.735153" lon="126.619973"/><trkpt lat="36.735155" lon="126.61997"/><trkpt lat="36.735159" lon="126.619966"/><trkpt lat="36.735168" lon="126.619955"/><trkpt lat="36.735384" lon="126.619708"/><trkpt lat="36.735648" lon="126.619657"/><trkpt lat="36.735945" lon="126.619925"/><trkpt lat="36.736125" lon="126.619941"/><trkpt lat="36.736133" lon="126.619935"/><trkpt lat="36.736144" lon="126.619926"/><trkpt lat="36.736232" lon="126.619929"/><trkpt lat="36.736298" lon="126.619932"/><trkpt lat="36.736337" lon="126.619929"/><trkpt lat="36.736389" lon="126.619917"/><trkpt lat="36.736595" lon="126.619854"/><trkpt lat="36.736634" lon="126.619846"/><trkpt lat="36.736672" lon="126.619845"/><trkpt lat="36.736711" lon="126.619852"/><trkpt lat="36.736774" lon="126.619873"/><trkpt lat="36.73694" lon="126.61993"/></trkseg>
<trkseg><trkpt lat="36.747685" lon="126.596658"/><trkpt lat="36.747826" lon="126.596662"/><trkpt lat="36.747876" lon="126.596668"/><trkpt lat="36.747911" lon="126.59668"/><trkpt lat="36.747944" lon="126.596703"/><trkpt lat="36.748008" lon="126.596759"/><trkpt lat="36.748042" lon="126.596773"/><trkpt lat="36.748077" lon="126.596771"/><trkpt lat="36.748112" lon="126.596761"/><trkpt lat="36.748149" lon="126.596743"/><trkpt lat="36.748575" lon="126.596483"/><trkpt lat="36.748769" lon="126.596366"/><trkpt lat="36.748806" lon="126.596349"/><trkpt lat="36.748843" lon="126.596342"/><trkpt lat="36.748904" lon="126.596339"/><trkpt lat="36.748941" lon="126.596331"/><trkpt lat="36.748992" lon="126.596311"/><trkpt lat="36.749116" lon="126.596254"/><trkpt lat="36.749154" lon="126.596242"/><trkpt lat="36.749193" lon="126.59624"/><trkpt lat="36.749244" lon="126.596243"/><trkpt lat="36.749388" lon="126.596258"/><trkpt lat="36.749439" lon="126.59626"/><trkpt lat="36.749476" lon="126.596256"/><trkpt lat="36.749507" lon="126.596238"/><trkpt lat="36.749535" lon="126.59621"/><trkpt lat="36.749581" lon="126.596159"/><trkpt lat="36.749611" lon="126.596135"/><trkpt lat="36.749645" lon="126.596123"/><trkpt lat="36.749706" lon="126.596111"/><trkpt lat="36.749743" lon="126.596097"/><trkpt lat="36.74978" lon="126.596076"/><trkpt lat="36.750113" lon="126.595856"/><trkpt lat="36.750185" lon="126.59581"/><trkpt lat="36.750222" lon="126.595791"/><trkpt lat="36.750259" lon="126.595779"/><trkpt lat="36.750323" lon="126.595766"/><trkpt lat="36.750492" lon="126.595735"/><trkpt lat="36.750529" lon="126.595724"/><trkpt lat="36.750563" lon="126.595704"/><trkpt lat="36.750593" lon="126.595673"/><trkpt lat="36.75063" lon="126.595626"/><trkpt lat="36.750879" lon="126.595295"/><trkpt lat="36.750917" lon="126.595248"/><trkpt lat="36.750948" lon="126.595217"/><trkpt lat="36.75109" lon="126.595098"/><trkpt lat="36.751211" lon="126.595"/><trkpt lat="36.751245" lon="126.594978"/><trkpt lat="36.751281" lon="126.594966"/><trkpt lat="36.751317" lon="126.594967"/><trkpt lat="36.751379" lon="126.594974"/><trkpt lat="36.751415" lon="126.594974"/><trkpt lat="36.75145" lon="126.59496"/><trkpt lat="36.751483" lon="126.594934"/><trkpt lat="36.751598" lon="126.59482"/><trkpt lat="36.751734" lon="126.594684"/><trkpt lat="36.751763" lon="126.594649"/><trkpt lat="36.751815" lon="126.594573"/><trkpt lat="36.751908" lon="126.59443"/><trkpt lat="36.751936" lon="126.594394"/><trkpt lat="36.751966" lon="126.594363"/><trkpt lat="36.752011" lon="126.594328"/><trkpt lat="36.752208" lon="126.594189"/><trkpt lat="36.752243" lon="126.594169"/><trkpt lat="36.75228" lon="126.594159"/><trkpt lat="36.752319" lon="126.594161"/><trkpt lat="36.752371" lon="126.594173"/><trkpt lat="36.752543" lon="126.594215"/><trkpt lat="36.752596" lon="126.594223"/><trkpt lat="36.752635" lon="126.594222"/><trkpt lat="36.752712" lon="126.594208"/><trkpt lat="36.752878" lon="126.59417"/><trkpt lat="36.75293" lon="126.594164"/><trkpt lat="36.75301" lon="126.594164"/><trkpt lat="36.753678" lon="126.594187"/><trkpt lat="36.753838" lon="126.594192"/><trkpt lat="36.753877" lon="126.594197"/><trkpt lat="36.753914" lon="126.594211"/><trkpt lat="36.753947" lon="126.594236"/><trkpt lat="36.75401" lon="126.594297"/><trkpt lat="36.754177" lon="126.594462"/><trkpt lat="36.75421" lon="126.594489"/><trkpt lat="36.754246" lon="126.59451"/><trkpt lat="36.754297" lon="126.594531"/><trkpt lat="36.754763" lon="126.594696"/><trkpt lat="36.755112" lon="126.594821"/><trkpt lat="36.755151" lon="126.594832"/><trkpt lat="36.75519" lon="126.594836"/><trkpt lat="36.755229" lon="126.594831"/><trkpt lat="36.755453" lon="126.594778"/><trkpt lat="36.755742" lon="126.594709"/></trkseg>
<trkseg><trkpt lat="36.718158" lon="126.59977"/><trkpt lat="36.718032" lon="126.599514"/><trkpt lat="36.718015" lon="126.59947"/><trkpt lat="36.718007" lon="126.599424"/><trkpt lat="36.718006" lon="126.599375"/><trkpt lat="36.718008" lon="126.599244"/><trkpt lat="36.718007" lon="126.599196"/><trkpt lat="36.718001" lon="126.59915"/><trkpt lat="36.717984" lon="126.599107"/><trkpt lat="36.717953" lon="126.599053"/><trkpt lat="36.717862" lon="126.598908"/><trkpt lat="36.717835" lon="126.598871"/><trkpt lat="36.717805" lon="126.59884"/><trkpt lat="36.71775" lon="126.598795"/><trkpt lat="36.717431" lon="126.598558"/><trkpt lat="36.717376" lon="126.598514"/><trkpt lat="36.717348" lon="126.598483"/><trkpt lat="36.717314" lon="126.598429"/><trkpt lat="36.717287" lon="126.598401"/><trkpt lat="36.717253" lon="126.598379"/><trkpt lat="36.717155" lon="126.598328"/><trkpt lat="36.717108" lon="126.5983"/><trkpt lat="36.717076" lon="126.598272"/><trkpt lat="36.717046" lon="126.598239"/><trkpt lat="36.716818" lon="126.597958"/><trkpt lat="36.716608" lon="126.597702"/><trkpt lat="36.716573" lon="126.597652"/><trkpt lat="36.716553" lon="126.597611"/><trkpt lat="36.716537" lon="126.597566"/><trkpt lat="36.716465" lon="126.597333"/><trkpt lat="36.716443" lon="126.597272"/><trkpt lat="36.716418" lon="126.597215"/><trkpt lat="36.716228" lon="126.596836"/><trkpt lat="36.716184" lon="126.596753"/><trkpt lat="36.716158" lon="126.596715"/><trkpt lat="36.71613" lon="126.59668"/><trkpt lat="36.716102" lon="126.596651"/><trkpt lat="36.716075" lon="126.596637"/><trkpt lat="36.71605" lon="126.596645"/><trkpt lat="36.716039" lon="126.59664"/><trkpt lat="36.716038" lon="126.596608"/><trkpt lat="36.716042" lon="126.596548"/><trkpt lat="36.716064" lon="126.596315"/><trkpt lat="36.716066" lon="126.59625"/><trkpt lat="36.716062" lon="126.596202"/><trkpt lat="36.716049" lon="126.596156"/><trkpt lat="36.715996" lon="126.596006"/><trkpt lat="36.715982" lon="126.59596"/><trkpt lat="36.715975" lon="126.595914"/><trkpt lat="36.715972" lon="126.595838"/><trkpt lat="36.715962" lon="126.595797"/><trkpt lat="36.715939" lon="126.59576"/><trkpt lat="36.715892" lon="126.595702"/><trkpt lat="36.715586" lon="126.595351"/><trkpt lat="36.715548" lon="126.595305"/><trkpt lat="36.715523" lon="126.595267"/><trkpt lat="36.715488" lon="126.595198"/><trkpt lat="36.715438" lon="126.595085"/><trkpt lat="36.715423" lon="126.59504"/><trkpt lat="36.715415" lon="126.594993"/><trkpt lat="36.715399" lon="126.594814"/><trkpt lat="36.715391" lon="126.594733"/><trkpt lat="36.715383" lon="126.594687"/><trkpt lat="36.715367" lon="126.594644"/><trkpt lat="36.715345" lon="126.594604"/><trkpt lat="36.715227" lon="126.594427"/><trkpt lat="36.715186" lon="126.594363"/><trkpt lat="36.715167" lon="126.594324"/><trkpt lat="36.715161" lon="126.594284"/><trkpt lat="36.715169" lon="126.594243"/><trkpt lat="36.715191" lon="126.594172"/><trkpt lat="36.715199" lon="126.594128"/><trkpt lat="36.715196" lon="126.594081"/><trkpt lat="36.71518" lon="126.594003"/><trkpt lat="36.715172" lon="126.593955"/><trkpt lat="36.715173" lon="126.593908"/><trkpt lat="36.715184" lon="126.593844"/><trkpt lat="36.715362" lon="126.593091"/><trkpt lat="36.715422" lon="126.592835"/><trkpt lat="36.715428" lon="126.592787"/><trkpt lat="36.715426" lon="126.592739"/><trkpt lat="36.715412" lon="126.592675"/><trkpt lat="36.715376" lon="126.592532"/><trkpt lat="36.715368" lon="126.592483"/><trkpt lat="36.715366" lon="126.592434"/><trkpt lat="36.715371" lon="126.592335"/><trkpt lat="36.715378" lon="126.59227"/><trkpt lat="36.715387" lon="126.592223"/><trkpt lat="36.715402" lon="126.592178"/><trkpt lat="36.715467" lon="126.592017"/><trkpt lat="36.715483" lon="126.591973"/><trkpt lat="36.715492" lon="126.591928"/><trkpt lat="36.715489" lon="126.591881"/><trkpt lat="36.71548" lon="126.591833"/><trkpt lat="36.715422" lon="126.591592"/><trkpt lat="36.715342" lon="126.591386"/></trkseg>
<trkseg><trkpt lat="36.704195" lon="126.6087"/><trkpt lat="36.703748" lon="126.608808"/><trkpt lat="36.703696" lon="126.608819"/><trkpt lat="36.703657" lon="126.608822"/><trkpt lat="36.70362" lon="126.608811"/><trkpt lat="36.703585" lon="126.60879"/><trkpt lat="36.70355" lon="126.608765"/><trkpt lat="36.703517" lon="126.608737"/><trkpt lat="36.703488" lon="126.608704"/><trkpt lat="36.703469" lon="126.608666"/><trkpt lat="36.703443" lon="126.608597"/><trkpt lat="36.703424" lon="126.608559"/><trkpt lat="36.703397" lon="126.608526"/><trkpt lat="36.703344" lon="126.608479"/><trkpt lat="36.703314" lon="126.608449"/><trkpt lat="36.703293" lon="126.608412"/><trkpt lat="36.703282" lon="126.608369"/><trkpt lat="36.70327" lon="126.608309"/><trkpt lat="36.703254" lon="126.60827"/><trkpt lat="36.703228" lon="126.608238"/><trkpt lat="36.703176" lon="126.608191"/><trkpt lat="36.703111" lon="126.608138"/><trkpt lat="36.703078" lon="126.608115"/><trkpt lat="36.703043" lon="126.608102"/><trkpt lat="36.703005" lon="126.6081"/><trkpt lat="36.702929" lon="126.608105"/><trkpt lat="36.702892" lon="126.608102"/><trkpt lat="36.702859" lon="126.608089"/><trkpt lat="36.702828" lon="126.608068"/><trkpt lat="36.702799" lon="126.608041"/><trkpt lat="36.702761" lon="126.607994"/><trkpt lat="36.702628" lon="126.607806"/><trkpt lat="36.702494" lon="126.60762"/><trkpt lat="36.702462" lon="126.607568"/><trkpt lat="36.702444" lon="126.607526"/><trkpt lat="36.702434" lon="126.607478"/><trkpt lat="36.70241" lon="126.607263"/><trkpt lat="36.702366" lon="126.606866"/><trkpt lat="36.702358" lon="126.606818"/><trkpt lat="36.702344" lon="126.606773"/><trkpt lat="36.70232" lon="126.606716"/><trkpt lat="36.702256" lon="126.606577"/><trkpt lat="36.70224" lon="126.606534"/><trkpt lat="36.702228" lon="126.606487"/><trkpt lat="36.702211" lon="126.606406"/><trkpt lat="36.702095" lon="126.605785"/><trkpt lat="36.702083" lon="126.60574"/><trkpt lat="36.702064" lon="126.605705"/><trkpt lat="36.702034" lon="126.605688"/><trkpt lat="36.701988" lon="126.605675"/><trkpt lat="36.701958" lon="126.605658"/><trkpt lat="36.701938" lon="126.605627"/><trkpt lat="36.701916" lon="126.605578"/><trkpt lat="36.70189" lon="126.605551"/><trkpt lat="36.701856" lon="126.605532"/><trkpt lat="36.701757" lon="126.605495"/><trkpt lat="36.701708" lon="126.605475"/><trkpt lat="36.701674" lon="126.605456"/><trkpt lat="36.70165" lon="126.60543"/><trkpt lat="36.70163" lon="126.605388"/><trkpt lat="36.701606" lon="126.605359"/><trkpt lat="36.701574" lon="126.605336"/><trkpt lat="36.701513" lon="126.605305"/><trkpt lat="36.701477" lon="126.60529"/><trkpt lat="36.701443" lon="126.605285"/><trkpt lat="36.701413" lon="126.6053"/><trkpt lat="36.701372" lon="126.605354"/><trkpt lat="36.701346" lon="126.605382"/><trkpt lat="36.701316" lon="126.60539"/><trkpt lat="36.701263" lon="126.605383"/><trkpt lat="36.701228" lon="126.605383"/><trkpt lat="36.701203" lon="126.605369"/><trkpt lat="36.701171" lon="126.605328"/><trkpt lat="36.701143" lon="126.605299"/><trkpt lat="36.70111" lon="126.605279"/><trkpt lat="36.701062" lon="126.605257"/><trkpt lat="36.701002" lon="126.605234"/><trkpt lat="36.700965" lon="126.605224"/><trkpt lat="36.700927" lon="126.605221"/><trkpt lat="36.700826" lon="126.605224"/><trkpt lat="36.700788" lon="126.605223"/><trkpt lat="36.700751" lon="126.605214"/><trkpt lat="36.70068" lon="126.605187"/><trkpt lat="36.700644" lon="126.605175"/><trkpt lat="36.700607" lon="126.605169"/><trkpt lat="36.700568" lon="126.605172"/><trkpt lat="36.70049" lon="126.605184"/><trkpt lat="36.700451" lon="126.605185"/><trkpt lat="36.700413" lon="126.605175"/><trkpt lat="36.700363" lon="126.605155"/><trkpt lat="36.700252" lon="126.605106"/><trkpt lat="36.700215" lon="126.605098"/><trkpt lat="36.700181" lon="126.605104"/><trkpt lat="36.700127" lon="126.605134"/><trkpt lat="36.700094" lon="126.60515"/><trkpt lat="36.700059" lon="126.605152"/><trkpt lat="36.700022" lon="126.605142"/><trkpt lat="36.69991" lon="126.605096"/><trkpt lat="36.699847" lon="126.605072"/><trkpt lat="36.699809" lon="126.605063"/><trkpt lat="36.699772" lon="126.605063"/><trkpt lat="36.699697" lon="126.60507"/><trkpt lat="36.699659" lon="126.605069"/><trkpt lat="36.699606" lon="126.605058"/><trkpt lat="36.699463" lon="126.605015"/><trkpt lat="36.699385" lon="126.604988"/><trkpt lat="36.699335" lon="126.604966"/><trkpt lat="36.698866" lon="126.604731"/><trkpt lat="36.698828" lon="126.604716"/><trkpt lat="36.698789" lon="126.604706"/><trkpt lat="36.698749" lon="126.604701"/><trkpt lat="36.698587" lon="126.604688"/><trkpt lat="36.69855" lon="126.604681"/><trkpt lat="36.698523" lon="126.604663"/><trkpt lat="36.698514" lon="126.604627"/><trkpt lat="36.698514" lon="126.604581"/><trkpt lat="36.698554" lon="126.60405"/><trkpt lat="36.698559" lon="126.603951"/><trkpt lat="36.698557" lon="126.603903"/><trkpt lat="36.698548" lon="126.603856"/><trkpt lat="36.698529" lon="126.603794"/><trkpt lat="36.698417" lon="126.603453"/><trkpt lat="36.698396" lon="126.603392"/><trkpt lat="36.698376" lon="126.60335"/><trkpt lat="36.698353" lon="126.603319"/><trkpt lat="36.698326" lon="126.603297"/><trkpt lat="36.698293" lon="126.603289"/><trkpt lat="36.698256" lon="126.603294"/><trkpt lat="36.698165" lon="126.603318"/><trkpt lat="36.698114" lon="126.603331"/><trkpt lat="36.698077" lon="126.603335"/><trkpt lat="36.698043" lon="126.603325"/><trkpt lat="36.698013" lon="126.603298"/><trkpt lat="36.697966" lon="126.603243"/><trkpt lat="36.697935" lon="126.603214"/><trkpt lat="36.697901" lon="126.603195"/><trkpt lat="36.697802" lon="126.603163"/><trkpt lat="36.697767" lon="126.603149"/><trkpt lat="36.697733" lon="126.603128"/><trkpt lat="36.697704" lon="126.603096"/><trkpt lat="36.697568" lon="126.602912"/><trkpt lat="36.697467" lon="126.602777"/><trkpt lat="36.697429" lon="126.602731"/><trkpt lat="36.697398" lon="126.602704"/><trkpt lat="36.697338" lon="126.602657"/><trkpt lat="36.697312" lon="126.602623"/><trkpt lat="36.697284" lon="126.602568"/><trkpt lat="36.697136" lon="126.602232"/><trkpt lat="36.697112" lon="126.602173"/><trkpt lat="36.697097" lon="126.602127"/><trkpt lat="36.697081" lon="126.602064"/><trkpt lat="36.696992" lon="126.601646"/><trkpt lat="36.69698" lon="126.601581"/><trkpt lat="36.696975" lon="126.601534"/><trkpt lat="36.69698" lon="126.601488"/><trkpt lat="36.696993" lon="126.601443"/><trkpt lat="36.697042" lon="126.601309"/><trkpt lat="36.697056" lon="126.601263"/><trkpt lat="36.697065" lon="126.601217"/><trkpt lat="36.697068" lon="126.601169"/><trkpt lat="36.697066" lon="126.601006"/><trkpt lat="36.697063" lon="126.600941"/><trkpt lat="36.697056" lon="126.600894"/><trkpt lat="36.697039" lon="126.600832"/><trkpt lat="36.697006" lon="126.600724"/><trkpt lat="36.696996" lon="126.600677"/><trkpt lat="36.696992" lon="126.600629"/><trkpt lat="36.696993" lon="126.600497"/><trkpt lat="36.696991" lon="126.600432"/><trkpt lat="36.696984" lon="126.600384"/><trkpt lat="36.696973" lon="126.600336"/><trkpt lat="36.696888" lon="126.600038"/></trkseg>
<trkseg><trkpt lat="36.700124" lon="126.621696"/><trkpt lat="36.700139" lon="126.621407"/><trkpt lat="36.700138" lon="126.62136"/><trkpt lat="36.700129" lon="126.621315"/><trkpt lat="36.700114" lon="126.621273"/><trkpt lat="36.700095" lon="126.621235"/><trkpt lat="36.70007" lon="126.621203"/><trkpt lat="36.700019" lon="126.621165"/><trkpt lat="36.7" lon="126.621138"/><trkpt lat="36.699988" lon="126.621094"/><trkpt lat="36.699973" lon="126.621053"/><trkpt lat="36.699937" lon="126.620968"/><trkpt lat="36.699892" lon="126.620868"/><trkpt lat="36.699871" lon="126.620827"/><trkpt lat="36.699847" lon="126.620792"/><trkpt lat="36.699816" lon="126.620766"/><trkpt lat="36.69978" lon="126.620748"/><trkpt lat="36.699737" lon="126.620732"/><trkpt lat="36.699662" lon="126.620659"/><trkpt lat="36.699633" lon="126.620582"/><trkpt lat="36.699627" lon="126.620534"/><trkpt lat="36.699618" lon="126.620486"/><trkpt lat="36.699586" lon="126.620359"/><trkpt lat="36.699571" lon="126.620313"/><trkpt lat="36.69955" lon="126.62027"/><trkpt lat="36.699519" lon="126.62022"/><trkpt lat="36.699441" lon="126.620085"/></trkseg>
<trkseg><trkpt lat="36.702842" lon="126.614648"/><trkpt lat="36.703124" lon="126.614401"/><trkpt lat="36.703167" lon="126.614361"/><trkpt lat="36.703195" lon="126.614328"/><trkpt lat="36.703217" lon="126.61429"/><trkpt lat="36.703257" lon="126.614209"/><trkpt lat="36.70328" lon="126.614171"/><trkpt lat="36.703309" lon="126.614139"/><trkpt lat="36.70337" lon="126.614081"/><trkpt lat="36.703397" lon="126.614048"/><trkpt lat="36.703417" lon="126.614007"/><trkpt lat="36.703443" lon="126.613931"/><trkpt lat="36.703465" lon="126.613853"/><trkpt lat="36.703472" lon="126.613806"/><trkpt lat="36.703467" lon="126.613761"/><trkpt lat="36.703451" lon="126.613718"/><trkpt lat="36.70342" lon="126.613645"/><trkpt lat="36.703404" lon="126.6136"/><trkpt lat="36.703395" lon="126.613556"/><trkpt lat="36.703383" lon="126.613485"/><trkpt lat="36.703367" lon="126.613448"/><trkpt lat="36.703338" lon="126.613404"/><trkpt lat="36.703319" lon="126.613372"/><trkpt lat="36.703315" lon="126.61334"/><trkpt lat="36.70334" lon="126.613281"/><trkpt lat="36.703353" lon="126.61324"/><trkpt lat="36.703355" lon="126.613193"/><trkpt lat="36.703351" lon="126.613111"/><trkpt lat="36.703353" lon="126.613063"/><trkpt lat="36.703365" lon="126.61302"/><trkpt lat="36.703385" lon="126.61298"/><trkpt lat="36.70345" lon="126.612878"/><trkpt lat="36.703481" lon="126.612826"/><trkpt lat="36.703501" lon="126.612785"/><trkpt lat="36.703514" lon="126.61274"/><trkpt lat="36.703519" lon="126.612695"/><trkpt lat="36.703512" lon="126.612655"/><trkpt lat="36.703488" lon="126.61261"/><trkpt lat="36.703471" lon="126.612574"/><trkpt lat="36.703461" lon="126.612532"/><trkpt lat="36.703448" lon="126.612462"/><trkpt lat="36.703435" lon="126.612428"/><trkpt lat="36.703403" lon="126.612394"/><trkpt lat="36.703389" lon="126.612358"/><trkpt lat="36.70338" lon="126.612314"/><trkpt lat="36.70337" lon="126.612235"/><trkpt lat="36.703367" lon="126.612188"/><trkpt lat="36.703373" lon="126.612145"/><trkpt lat="36.703393" lon="126.612107"/><trkpt lat="36.703421" lon="126.612074"/><trkpt lat="36.703526" lon="126.611967"/><trkpt lat="36.703629" lon="126.611859"/><trkpt lat="36.703657" lon="126.611824"/><trkpt lat="36.703679" lon="126.611787"/><trkpt lat="36.703707" lon="126.61173"/><trkpt lat="36.703733" lon="126.611717"/><trkpt lat="36.703789" lon="126.611718"/><trkpt lat="36.70382" lon="126.611707"/><trkpt lat="36.703844" lon="126.611684"/><trkpt lat="36.70387" lon="126.611637"/><trkpt lat="36.703896" lon="126.611605"/><trkpt lat="36.703976" lon="126.611522"/><trkpt lat="36.704005" lon="126.61149"/><trkpt lat="36.704027" lon="126.611453"/><trkpt lat="36.704043" lon="126.611412"/><trkpt lat="36.704064" lon="126.611339"/><trkpt lat="36.70408" lon="126.611298"/><trkpt lat="36.704101" lon="126.61126"/><trkpt lat="36.704129" lon="126.611226"/><trkpt lat="36.704186" lon="126.61116"/><trkpt lat="36.704211" lon="126.611124"/><trkpt lat="36.704227" lon="126.611087"/><trkpt lat="36.704245" lon="126.611039"/><trkpt lat="36.704269" lon="126.611011"/><trkpt lat="36.704303" lon="126.610993"/><trkpt lat="36.704367" lon="126.610969"/><trkpt lat="36.704562" lon="126.610902"/><trkpt lat="36.704602" lon="126.610893"/><trkpt lat="36.704652" lon="126.610891"/><trkpt lat="36.70474" lon="126.610892"/><trkpt lat="36.704774" lon="126.610885"/><trkpt lat="36.704801" lon="126.610861"/><trkpt lat="36.704823" lon="126.610825"/><trkpt lat="36.704848" lon="126.610769"/><trkpt lat="36.704865" lon="126.610726"/><trkpt lat="36.704875" lon="126.610683"/><trkpt lat="36.704871" lon="126.610642"/><trkpt lat="36.704854" lon="126.610602"/><trkpt lat="36.704827" lon="126.610553"/><trkpt lat="36.704779" lon="126.610475"/><trkpt lat="36.704778" lon="126.610472"/></trkseg>
<trkseg><trkpt lat="36.702842" lon="126.614648"/><trkpt lat="36.702599" lon="126.613963"/><trkpt lat="36.702571" lon="126.613888"/><trkpt lat="36.702551" lon="126.613847"/><trkpt lat="36.702524" lon="126.613815"/><trkpt lat="36.702491" lon="126.61379"/><trkpt lat="36.702326" lon="126.613687"/><trkpt lat="36.702161" lon="126.613583"/><trkpt lat="36.702127" lon="126.613557"/><trkpt lat="36.702085" lon="126.613517"/><trkpt lat="36.702056" lon="126.613484"/><trkpt lat="36.702031" lon="126.613449"/><trkpt lat="36.702019" lon="126.613406"/><trkpt lat="36.702016" lon="126.613358"/><trkpt lat="36.702017" lon="126.613242"/><trkpt lat="36.702021" lon="126.613159"/><trkpt lat="36.702028" lon="126.61311"/><trkpt lat="36.702041" lon="126.613064"/><trkpt lat="36.702078" lon="126.612976"/><trkpt lat="36.702225" lon="126.612638"/><trkpt lat="36.702239" lon="126.612593"/><trkpt lat="36.702247" lon="126.612546"/><trkpt lat="36.702247" lon="126.612481"/><trkpt lat="36.702236" lon="126.612153"/><trkpt lat="36.702232" lon="126.612088"/><trkpt lat="36.702225" lon="126.61204"/><trkpt lat="36.702206" lon="126.611961"/><trkpt lat="36.702157" lon="126.61179"/><trkpt lat="36.702142" lon="126.611728"/><trkpt lat="36.702136" lon="126.611681"/><trkpt lat="36.702139" lon="126.611633"/><trkpt lat="36.702153" lon="126.611552"/><trkpt lat="36.702174" lon="126.611457"/><trkpt lat="36.702188" lon="126.61141"/><trkpt lat="36.702206" lon="126.611369"/><trkpt lat="36.702267" lon="126.611267"/><trkpt lat="36.702289" lon="126.611229"/><trkpt lat="36.702306" lon="126.611187"/><trkpt lat="36.702316" lon="126.611142"/><trkpt lat="36.702331" lon="126.611049"/><trkpt lat="36.702339" lon="126.61097"/><trkpt lat="36.70234" lon="126.610923"/><trkpt lat="36.702337" lon="126.610874"/><trkpt lat="36.702276" lon="126.610387"/><trkpt lat="36.702269" lon="126.610323"/><trkpt lat="36.702268" lon="126.610274"/><trkpt lat="36.702271" lon="126.610226"/><trkpt lat="36.702283" lon="126.610147"/><trkpt lat="36.702313" lon="126.609972"/><trkpt lat="36.702317" lon="126.609924"/><trkpt lat="36.702316" lon="126.609878"/><trkpt lat="36.702308" lon="126.609833"/><trkpt lat="36.702296" lon="126.60979"/><trkpt lat="36.702277" lon="126.609752"/><trkpt lat="36.702249" lon="126.609718"/><trkpt lat="36.702197" lon="126.609668"/><trkpt lat="36.702067" lon="126.609549"/><trkpt lat="36.702038" lon="126.609516"/><trkpt lat="36.702014" lon="126.609478"/><trkpt lat="36.701993" lon="126.609436"/><trkpt lat="36.701826" lon="126.60904"/><trkpt lat="36.701794" lon="126.608969"/><trkpt lat="36.70177" lon="126.60893"/><trkpt lat="36.701742" lon="126.608895"/><trkpt lat="36.701682" lon="126.60883"/><trkpt lat="36.70163" lon="126.608778"/><trkpt lat="36.701596" lon="126.608752"/><trkpt lat="36.70156" lon="126.608731"/><trkpt lat="36.701461" lon="126.608681"/><trkpt lat="36.701399" lon="126.608649"/><trkpt lat="36.701366" lon="126.608625"/><trkpt lat="36.70134" lon="126.608592"/><trkpt lat="36.701319" lon="126.608551"/><trkpt lat="36.701296" lon="126.608493"/><trkpt lat="36.701282" lon="126.608452"/><trkpt lat="36.701277" lon="126.608419"/><trkpt lat="36.701292" lon="126.608406"/><trkpt lat="36.701323" lon="126.60841"/><trkpt lat="36.701374" lon="126.608424"/><trkpt lat="36.701609" lon="126.608494"/><trkpt lat="36.701647" lon="126.608509"/><trkpt lat="36.701684" lon="126.608527"/><trkpt lat="36.701827" lon="126.608615"/><trkpt lat="36.701885" lon="126.608655"/><trkpt lat="36.701918" lon="126.608682"/><trkpt lat="36.702001" lon="126.608765"/><trkpt lat="36.702083" lon="126.60885"/><trkpt lat="36.702111" lon="126.608885"/><trkpt lat="36.702135" lon="126.608923"/><trkpt lat="36.702213" lon="126.609071"/><trkpt lat="36.702242" lon="126.609124"/><trkpt lat="36.702268" lon="126.609161"/><trkpt lat="36.702317" lon="126.609218"/><trkpt lat="36.702625" lon="126.60954"/><trkpt lat="36.702675" lon="126.609594"/><trkpt lat="36.702701" lon="126.60963"/><trkpt lat="36.702719" lon="126.609672"/><trkpt lat="36.70273" lon="126.609718"/><trkpt lat="36.702769" lon="126.609961"/><trkpt lat="36.702789" lon="126.610074"/><trkpt lat="36.702801" lon="126.610121"/><trkpt lat="36.702827" lon="126.610197"/><trkpt lat="36.703071" lon="126.610849"/><trkpt lat="36.703172" lon="126.611122"/><trkpt lat="36.703185" lon="126.611167"/><trkpt lat="36.703194" lon="126.611212"/><trkpt lat="36.703201" lon="126.611257"/><trkpt lat="36.703203" lon="126.611304"/><trkpt lat="36.7032" lon="126.611353"/><trkpt lat="36.703187" lon="126.611467"/><trkpt lat="36.703162" lon="126.611663"/><trkpt lat="36.70316" lon="126.611706"/><trkpt lat="36.703167" lon="126.611734"/><trkpt lat="36.70319" lon="126.611735"/><trkpt lat="36.703223" lon="126.61172"/><trkpt lat="36.703282" lon="126.611686"/><trkpt lat="36.703317" lon="126.611663"/><trkpt lat="36.703345" lon="126.611634"/><trkpt lat="36.703365" lon="126.611593"/><trkpt lat="36.703378" lon="126.611547"/><trkpt lat="36.703386" lon="126.611498"/><trkpt lat="36.70339" lon="126.611449"/><trkpt lat="36.703388" lon="126.611382"/><trkpt lat="36.703357" lon="126.61075"/><trkpt lat="36.70335" lon="126.610684"/><trkpt lat="36.703338" lon="126.610619"/><trkpt lat="36.703278" lon="126.610327"/><trkpt lat="36.703267" lon="126.610262"/><trkpt lat="36.703264" lon="126.610214"/><trkpt lat="36.703266" lon="126.610168"/><trkpt lat="36.70327" lon="126.610122"/><trkpt lat="36.703281" lon="126.610076"/><trkpt lat="36.703306" lon="126.610001"/><trkpt lat="36.703383" lon="126.60979"/><trkpt lat="36.703406" lon="126.609738"/><trkpt lat="36.703423" lon="126.60972"/><trkpt lat="36.703442" lon="126.609737"/><trkpt lat="36.703467" lon="126.609788"/><trkpt lat="36.703505" lon="126.609878"/><trkpt lat="36.70352" lon="126.609924"/><trkpt lat="36.703526" lon="126.609969"/><trkpt lat="36.703522" lon="126.610015"/><trkpt lat="36.70351" lon="126.610091"/><trkpt lat="36.703511" lon="126.610136"/><trkpt lat="36.703522" lon="126.610182"/><trkpt lat="36.70355" lon="126.610258"/><trkpt lat="36.703568" lon="126.610301"/><trkpt lat="36.703589" lon="126.610339"/><trkpt lat="36.703616" lon="126.610361"/><trkpt lat="36.703651" lon="126.610364"/><trkpt lat="36.703702" lon="126.610355"/><trkpt lat="36.703768" lon="126.610339"/><trkpt lat="36.703806" lon="126.610324"/><trkpt lat="36.703841" lon="126.610303"/><trkpt lat="36.703953" lon="126.610219"/><trkpt lat="36.703987" lon="126.610199"/><trkpt lat="36.704024" lon="126.610188"/><trkpt lat="36.704063" lon="126.610185"/><trkpt lat="36.704274" lon="126.610191"/><trkpt lat="36.704512" lon="126.610197"/></trkseg>
<trkseg><trkpt lat="36.718641" lon="126.602217"/><trkpt lat="36.718691" lon="126.602274"/><trkpt lat="36.71873" lon="126.602316"/><trkpt lat="36.718764" lon="126.602344"/><trkpt lat="36.718801" lon="126.602362"/><trkpt lat="36.719022" lon="126.602434"/><trkpt lat="36.719191" lon="126.602487"/><trkpt lat="36.719229" lon="126.602503"/><trkpt lat="36.719264" lon="126.602525"/><trkpt lat="36.719294" lon="126.602556"/><trkpt lat="36.719434" lon="126.602731"/><trkpt lat="36.719694" lon="126.60306"/><trkpt lat="36.719733" lon="126.603104"/><trkpt lat="36.719766" lon="126.60313"/><trkpt lat="36.719814" lon="126.603158"/><trkpt lat="36.720129" lon="126.603329"/><trkpt lat="36.720191" lon="126.603359"/><trkpt lat="36.720228" lon="126.60337"/><trkpt lat="36.720267" lon="126.603374"/><trkpt lat="36.720386" lon="126.603375"/><trkpt lat="36.720465" lon="126.603372"/><trkpt lat="36.720503" lon="126.603365"/><trkpt lat="36.720539" lon="126.603351"/><trkpt lat="36.720586" lon="126.603325"/><trkpt lat="36.720692" lon="126.603265"/><trkpt lat="36.720728" lon="126.60325"/><trkpt lat="36.720766" lon="126.603245"/><trkpt lat="36.720818" lon="126.603252"/><trkpt lat="36.720911" lon="126.603271"/><trkpt lat="36.720949" lon="126.603284"/><trkpt lat="36.720985" lon="126.603303"/><trkpt lat="36.721019" lon="126.603328"/><trkpt lat="36.721073" lon="126.603374"/><trkpt lat="36.721102" lon="126.603404"/><trkpt lat="36.721122" lon="126.603436"/><trkpt lat="36.721133" lon="126.603482"/><trkpt lat="36.72115" lon="126.603512"/><trkpt lat="36.721181" lon="126.603536"/><trkpt lat="36.721252" lon="126.603577"/><trkpt lat="36.721387" lon="126.603651"/><trkpt lat="36.721421" lon="126.603674"/><trkpt lat="36.721447" lon="126.603704"/><trkpt lat="36.721459" lon="126.603745"/><trkpt lat="36.721464" lon="126.603793"/><trkpt lat="36.72147" lon="126.603875"/><trkpt lat="36.721479" lon="126.603921"/><trkpt lat="36.721499" lon="126.603957"/><trkpt lat="36.721528" lon="126.603987"/><trkpt lat="36.721592" lon="126.604043"/><trkpt lat="36.721622" lon="126.604074"/><trkpt lat="36.721646" lon="126.604111"/><trkpt lat="36.721675" lon="126.604165"/><trkpt lat="36.721798" lon="126.604415"/><trkpt lat="36.721815" lon="126.604457"/><trkpt lat="36.721824" lon="126.604502"/><trkpt lat="36.721824" lon="126.60455"/><trkpt lat="36.72182" lon="126.604646"/><trkpt lat="36.721827" lon="126.604691"/><trkpt lat="36.721845" lon="126.604733"/><trkpt lat="36.721884" lon="126.6048"/><trkpt lat="36.722014" lon="126.605013"/><trkpt lat="36.722049" lon="126.605064"/><trkpt lat="36.722077" lon="126.605099"/><trkpt lat="36.722279" lon="126.605296"/><trkpt lat="36.722345" lon="126.605355"/><trkpt lat="36.722379" lon="126.605378"/><trkpt lat="36.722416" lon="126.605395"/><trkpt lat="36.722737" lon="126.60551"/><trkpt lat="36.722903" lon="126.60557"/><trkpt lat="36.72294" lon="126.605587"/><trkpt lat="36.722974" lon="126.605611"/><trkpt lat="36.723017" lon="126.605652"/><trkpt lat="36.723275" lon="126.605922"/><trkpt lat="36.723421" lon="126.606072"/><trkpt lat="36.723453" lon="126.6061"/><trkpt lat="36.723489" lon="126.60612"/><trkpt lat="36.723528" lon="126.606132"/><trkpt lat="36.723651" lon="126.60616"/><trkpt lat="36.723661" lon="126.606162"/></trkseg>
<trkseg><trkpt lat="36.726134" lon="126.611743"/><trkpt lat="36.726148" lon="126.611684"/><trkpt lat="36.726171" lon="126.611631"/><trkpt lat="36.726202" lon="126.611601"/><trkpt lat="36.726258" lon="126.611566"/><trkpt lat="36.726289" lon="126.61154"/><trkpt lat="36.726312" lon="126.611506"/><trkpt lat="36.726352" lon="126.61143"/><trkpt lat="36.726376" lon="126.611397"/><trkpt lat="36.726407" lon="126.611373"/><trkpt lat="36.726454" lon="126.611348"/><trkpt lat="36.726564" lon="126.611298"/><trkpt lat="36.726599" lon="126.611279"/><trkpt lat="36.726632" lon="126.611253"/><trkpt lat="36.726662" lon="126.611221"/><trkpt lat="36.726897" lon="126.610955"/><trkpt lat="36.726935" lon="126.610909"/><trkpt lat="36.726961" lon="126.610872"/><trkpt lat="36.726982" lon="126.610831"/><trkpt lat="36.727024" lon="126.610726"/><trkpt lat="36.727056" lon="126.610634"/><trkpt lat="36.727066" lon="126.610588"/><trkpt lat="36.727071" lon="126.610533"/><trkpt lat="36.727076" lon="126.610497"/><trkpt lat="36.727096" lon="126.610472"/><trkpt lat="36.727127" lon="126.610456"/><trkpt lat="36.7272" lon="126.610434"/><trkpt lat="36.727249" lon="126.610417"/><trkpt lat="36.727284" lon="126.610396"/><trkpt lat="36.72736" lon="126.610331"/><trkpt lat="36.727393" lon="126.610306"/><trkpt lat="36.727427" lon="126.610289"/><trkpt lat="36.727463" lon="126.610289"/><trkpt lat="36.727512" lon="126.6103"/><trkpt lat="36.727575" lon="126.610317"/><trkpt lat="36.727613" lon="126.610321"/><trkpt lat="36.727652" lon="126.610316"/><trkpt lat="36.727705" lon="126.610301"/><trkpt lat="36.727809" lon="126.610268"/><trkpt lat="36.727848" lon="126.61026"/><trkpt lat="36.727882" lon="126.61026"/><trkpt lat="36.727918" lon="126.610261"/><trkpt lat="36.727948" lon="126.610244"/><trkpt lat="36.727976" lon="126.610215"/><trkpt lat="36.728051" lon="126.610125"/><trkpt lat="36.728081" lon="126.610094"/><trkpt lat="36.728112" lon="126.610074"/><trkpt lat="36.728144" lon="126.610072"/><trkpt lat="36.728214" lon="126.610083"/><trkpt lat="36.728235" lon="126.610094"/><trkpt lat="36.728249" lon="126.610129"/><trkpt lat="36.728271" lon="126.610195"/><trkpt lat="36.728293" lon="126.610214"/><trkpt lat="36.728325" lon="126.610208"/><trkpt lat="36.728386" lon="126.610181"/><trkpt lat="36.728421" lon="126.610168"/><trkpt lat="36.728456" lon="126.610116"/><trkpt lat="36.728457" lon="126.610055"/><trkpt lat="36.728443" lon="126.610041"/><trkpt lat="36.728444" lon="126.610023"/><trkpt lat="36.728461" lon="126.609998"/><trkpt lat="36.728487" lon="126.609973"/><trkpt lat="36.72853" lon="126.609949"/><trkpt lat="36.728562" lon="126.609927"/><trkpt lat="36.728581" lon="126.609894"/><trkpt lat="36.728583" lon="126.609882"/></trkseg>
<trkseg><trkpt lat="36.725119" lon="126.606917"/><trkpt lat="36.725583" lon="126.607297"/><trkpt lat="36.725628" lon="126.60733"/><trkpt lat="36.725665" lon="126.607351"/><trkpt lat="36.725866" lon="126.607445"/><trkpt lat="36.725915" lon="126.607471"/><trkpt lat="36.72595" lon="126.607496"/><trkpt lat="36.726302" lon="126.607778"/><trkpt lat="36.726414" lon="126.607872"/><trkpt lat="36.726489" lon="126.60794"/><trkpt lat="36.726517" lon="126.607974"/><trkpt lat="36.726537" lon="126.608014"/><trkpt lat="36.726558" lon="126.608089"/><trkpt lat="36.726575" lon="126.608131"/><trkpt lat="36.726599" lon="126.608167"/><trkpt lat="36.726654" lon="126.608235"/><trkpt lat="36.726702" lon="126.608287"/><trkpt lat="36.726733" lon="126.608313"/><trkpt lat="36.726769" lon="126.608329"/><trkpt lat="36.72682" lon="126.608344"/><trkpt lat="36.727118" lon="126.608413"/><trkpt lat="36.72717" lon="126.608428"/><trkpt lat="36.727206" lon="126.608443"/><trkpt lat="36.727241" lon="126.608463"/><trkpt lat="36.727307" lon="126.60851"/><trkpt lat="36.727338" lon="126.608537"/><trkpt lat="36.727365" lon="126.608572"/><trkpt lat="36.727387" lon="126.608612"/><trkpt lat="36.727444" lon="126.608725"/><trkpt lat="36.727468" lon="126.608763"/><trkpt lat="36.727497" lon="126.60879"/><trkpt lat="36.727533" lon="126.608803"/><trkpt lat="36.72761" lon="126.608823"/><trkpt lat="36.727643" lon="126.608844"/><trkpt lat="36.72767" lon="126.608876"/><trkpt lat="36.727739" lon="126.608994"/><trkpt lat="36.727771" lon="126.609046"/><trkpt lat="36.727798" lon="126.609079"/><trkpt lat="36.72783" lon="126.609104"/><trkpt lat="36.727865" lon="126.609125"/><trkpt lat="36.727985" lon="126.609187"/><trkpt lat="36.728032" lon="126.609215"/><trkpt lat="36.728065" lon="126.60924"/><trkpt lat="36.728094" lon="126.609271"/><trkpt lat="36.728169" lon="126.609361"/><trkpt lat="36.728231" lon="126.609443"/><trkpt lat="36.728254" lon="126.609481"/><trkpt lat="36.728292" lon="126.609562"/><trkpt lat="36.728311" lon="126.609601"/><trkpt lat="36.728335" lon="126.609635"/><trkpt lat="36.728363" lon="126.609662"/><trkpt lat="36.728425" lon="126.609712"/><trkpt lat="36.728454" lon="126.609741"/><trkpt lat="36.72848" lon="126.609777"/><trkpt lat="36.728516" lon="126.609831"/><trkpt lat="36.728549" lon="126.609869"/><trkpt lat="36.728576" lon="126.609884"/><trkpt lat="36.728583" lon="126.609882"/></trkseg>
<trkseg><trkpt lat="36.72447" lon="126.608296"/><trkpt lat="36.724483" lon="126.608288"/><trkpt lat="36.724511" lon="126.608259"/><trkpt lat="36.724543" lon="126.60821"/><trkpt lat="36.724577" lon="126.608135"/><trkpt lat="36.724657" lon="126.607951"/><trkpt lat="36.724672" lon="126.607927"/><trkpt lat="36.724679" lon="126.607934"/><trkpt lat="36.724684" lon="126.607963"/><trkpt lat="36.724694" lon="126.607946"/><trkpt lat="36.724712" lon="126.607893"/><trkpt lat="36.724799" lon="126.607628"/><trkpt lat="36.724816" lon="126.607583"/><trkpt lat="36.724854" lon="126.607495"/><trkpt lat="36.725119" lon="126.606917"/></trkseg>
<trkseg><trkpt lat="36.723661" lon="126.606162"/><trkpt lat="36.72395" lon="126.606229"/><trkpt lat="36.724001" lon="126.606244"/><trkpt lat="36.724038" lon="126.60626"/><trkpt lat="36.724071" lon="126.606285"/><trkpt lat="36.724143" lon="126.606357"/><trkpt lat="36.724174" lon="126.606386"/><trkpt lat="36.724209" lon="126.606407"/><trkpt lat="36.724246" lon="126.60642"/><trkpt lat="36.724325" lon="126.606436"/><trkpt lat="36.72468" lon="126.6065"/><trkpt lat="36.724717" lon="126.606512"/><trkpt lat="36.724752" lon="126.606534"/><trkpt lat="36.724794" lon="126.606573"/><trkpt lat="36.725119" lon="126.606917"/></trkseg>
<trkseg><trkpt lat="36.730875" lon="126.595421"/><trkpt lat="36.730602" lon="126.595542"/><trkpt lat="36.730566" lon="126.59556"/><trkpt lat="36.730533" lon="126.595583"/><trkpt lat="36.730503" lon="126.595615"/><trkpt lat="36.730468" lon="126.595664"/><trkpt lat="36.730418" lon="126.595741"/><trkpt lat="36.730396" lon="126.595781"/><trkpt lat="36.730381" lon="126.595823"/><trkpt lat="36.73037" lon="126.595895"/><trkpt lat="36.730362" lon="126.595937"/><trkpt lat="36.730346" lon="126.59598"/><trkpt lat="36.730325" lon="126.59602"/><trkpt lat="36.730302" lon="126.596058"/><trkpt lat="36.730277" lon="126.596093"/><trkpt lat="36.730246" lon="126.596116"/><trkpt lat="36.730209" lon="126.596125"/><trkpt lat="36.730169" lon="126.596129"/><trkpt lat="36.73013" lon="126.596128"/><trkpt lat="36.730092" lon="126.596121"/><trkpt lat="36.73006" lon="126.596103"/><trkpt lat="36.73002" lon="126.596074"/><trkpt lat="36.729984" lon="126.596062"/><trkpt lat="36.729933" lon="126.596057"/><trkpt lat="36.729802" lon="126.596053"/><trkpt lat="36.729763" lon="126.596055"/><trkpt lat="36.729723" lon="126.596062"/><trkpt lat="36.729644" lon="126.596081"/><trkpt lat="36.72958" lon="126.596101"/><trkpt lat="36.729543" lon="126.59612"/><trkpt lat="36.729509" lon="126.596145"/><trkpt lat="36.729422" lon="126.596222"/><trkpt lat="36.729388" lon="126.596247"/><trkpt lat="36.729353" lon="126.596264"/><trkpt lat="36.729316" lon="126.596274"/><trkpt lat="36.729266" lon="126.596283"/><trkpt lat="36.72923" lon="126.596283"/><trkpt lat="36.729199" lon="126.596273"/><trkpt lat="36.729163" lon="126.596249"/><trkpt lat="36.729129" lon="126.596241"/><trkpt lat="36.729093" lon="126.596242"/><trkpt lat="36.729057" lon="126.59625"/><trkpt lat="36.72902" lon="126.596267"/><trkpt lat="36.728901" lon="126.596342"/><trkpt lat="36.728853" lon="126.59637"/><trkpt lat="36.728816" lon="126.596386"/><trkpt lat="36.728778" lon="126.596391"/><trkpt lat="36.728699" lon="126.596381"/><trkpt lat="36.728659" lon="126.596379"/><trkpt lat="36.728621" lon="126.596385"/><trkpt lat="36.728569" lon="126.596401"/><trkpt lat="36.728237" lon="126.596516"/><trkpt lat="36.728189" lon="126.596537"/><trkpt lat="36.728159" lon="126.59656"/><trkpt lat="36.728132" lon="126.596605"/><trkpt lat="36.728108" lon="126.596638"/><trkpt lat="36.728067" lon="126.596676"/><trkpt lat="36.727923" lon="126.596792"/><trkpt lat="36.727867" lon="126.596833"/><trkpt lat="36.727832" lon="126.596853"/><trkpt lat="36.727795" lon="126.596864"/><trkpt lat="36.727731" lon="126.596875"/><trkpt lat="36.727616" lon="126.59689"/><trkpt lat="36.72758" lon="126.5969"/><trkpt lat="36.727549" lon="126.596921"/><trkpt lat="36.727524" lon="126.596952"/><trkpt lat="36.727486" lon="126.597012"/><trkpt lat="36.727461" lon="126.597045"/><trkpt lat="36.72743" lon="126.59707"/><trkpt lat="36.727349" lon="126.597116"/><trkpt lat="36.727315" lon="126.597137"/><trkpt lat="36.727286" lon="126.597166"/><trkpt lat="36.727262" lon="126.597205"/><trkpt lat="36.727226" lon="126.597275"/><trkpt lat="36.727196" lon="126.59733"/><trkpt lat="36.727168" lon="126.597365"/><trkpt lat="36.727135" lon="126.597392"/><trkpt lat="36.727099" lon="126.597413"/><trkpt lat="36.727048" lon="126.597433"/><trkpt lat="36.726635" lon="126.597574"/><trkpt lat="36.726546" lon="126.597608"/><trkpt lat="36.726497" lon="126.597632"/><trkpt lat="36.726292" lon="126.597745"/><trkpt lat="36.72626" lon="126.597768"/><trkpt lat="36.726236" lon="126.5978"/><trkpt lat="36.726223" lon="126.597843"/><trkpt lat="36.726203" lon="126.59797"/><trkpt lat="36.726194" lon="126.598016"/><trkpt lat="36.726178" lon="126.598057"/><trkpt lat="36.726152" lon="126.59809"/><trkpt lat="36.726109" lon="126.598126"/><trkpt lat="36.725889" lon="126.598286"/><trkpt lat="36.725603" lon="126.598499"/><trkpt lat="36.725567" lon="126.598522"/><trkpt lat="36.725531" lon="126.598537"/><trkpt lat="36.725492" lon="126.598542"/><trkpt lat="36.725426" lon="126.598545"/><trkpt lat="36.725161" lon="126.59855"/><trkpt lat="36.725122" lon="126.598556"/><trkpt lat="36.725085" lon="126.598569"/><trkpt lat="36.725049" lon="126.598588"/><trkpt lat="36.724919" lon="126.59867"/><trkpt lat="36.724872" lon="126.598696"/><trkpt lat="36.724834" lon="126.598708"/><trkpt lat="36.724795" lon="126.598711"/><trkpt lat="36.724449" lon="126.598693"/><trkpt lat="36.724356" lon="126.59869"/><trkpt lat="36.724317" lon="126.598695"/><trkpt lat="36.724253" lon="126.598712"/><trkpt lat="36.724102" lon="126.598763"/><trkpt lat="36.724053" lon="126.598783"/><trkpt lat="36.724017" lon="126.598802"/><trkpt lat="36.723949" lon="126.59885"/><trkpt lat="36.723915" lon="126.598873"/><trkpt lat="36.723879" lon="126.598888"/><trkpt lat="36.723828" lon="126.598901"/><trkpt lat="36.723752" lon="126.598912"/><trkpt lat="36.723714" lon="126.598914"/><trkpt lat="36.723676" lon="126.598907"/><trkpt lat="36.723616" lon="126.59889"/><trkpt lat="36.723581" lon="126.598889"/><trkpt lat="36.723535" lon="126.598904"/><trkpt lat="36.723501" lon="126.59891"/><trkpt lat="36.723467" lon="126.598899"/><trkpt lat="36.723433" lon="126.598878"/><trkpt lat="36.723355" lon="126.598823"/><trkpt lat="36.723319" lon="126.598807"/><trkpt lat="36.723281" lon="126.598803"/><trkpt lat="36.723228" lon="126.598809"/><trkpt lat="36.723135" lon="126.598822"/><trkpt lat="36.723095" lon="126.598824"/><trkpt lat="36.723058" lon="126.598818"/><trkpt lat="36.723" lon="126.598804"/><trkpt lat="36.722966" lon="126.598807"/><trkpt lat="36.722932" lon="126.598825"/><trkpt lat="36.722875" lon="126.598863"/><trkpt lat="36.72284" lon="126.598883"/><trkpt lat="36.722801" lon="126.598899"/><trkpt lat="36.72242" lon="126.599012"/><trkpt lat="36.722118" lon="126.599101"/><trkpt lat="36.722079" lon="126.599108"/><trkpt lat="36.722039" lon="126.599109"/><trkpt lat="36.721958" lon="126.599104"/><trkpt lat="36.721356" lon="126.599053"/><trkpt lat="36.721289" lon="126.59905"/><trkpt lat="36.72125" lon="126.599054"/><trkpt lat="36.721159" lon="126.599067"/><trkpt lat="36.72112" lon="126.599065"/><trkpt lat="36.721081" lon="126.599056"/><trkpt lat="36.720901" lon="126.598988"/><trkpt lat="36.720849" lon="126.598971"/><trkpt lat="36.72081" lon="126.598963"/><trkpt lat="36.720771" lon="126.598965"/><trkpt lat="36.720693" lon="126.59898"/><trkpt lat="36.720341" lon="126.599059"/><trkpt lat="36.720276" lon="126.599071"/><trkpt lat="36.720237" lon="126.599072"/><trkpt lat="36.72018" lon="126.59906"/><trkpt lat="36.720146" lon="126.599056"/><trkpt lat="36.720109" lon="126.599065"/><trkpt lat="36.720072" lon="126.599081"/><trkpt lat="36.719948" lon="126.599144"/><trkpt lat="36.719912" lon="126.599158"/><trkpt lat="36.719876" lon="126.599163"/><trkpt lat="36.719833" lon="126.599158"/><trkpt lat="36.719795" lon="126.599161"/><trkpt lat="36.71973" lon="126.599175"/><trkpt lat="36.719575" lon="126.599217"/><trkpt lat="36.719523" lon="126.599228"/><trkpt lat="36.719485" lon="126.59923"/><trkpt lat="36.719435" lon="126.599225"/><trkpt lat="36.719399" lon="126.599232"/><trkpt lat="36.719363" lon="126.599246"/><trkpt lat="36.719278" lon="126.599281"/><trkpt lat="36.719241" lon="126.59929"/><trkpt lat="36.719189" lon="126.599292"/><trkpt lat="36.719034" lon="126.599285"/><trkpt lat="36.718983" lon="126.599285"/><trkpt lat="36.718943" lon="126.59929"/><trkpt lat="36.718891" lon="126.599303"/><trkpt lat="36.718787" lon="126.599332"/><trkpt lat="36.718737" lon="126.59935"/><trkpt lat="36.718701" lon="126.599371"/><trkpt lat="36.718645" lon="126.599415"/><trkpt lat="36.718489" lon="126.599546"/><trkpt lat="36.718454" lon="126.599571"/><trkpt lat="36.718407" lon="126.599595"/><trkpt lat="36.718296" lon="126.599643"/><trkpt lat="36.718261" lon="126.599662"/><trkpt lat="36.718225" lon="126.599692"/><trkpt lat="36.718189" lon="126.599731"/><trkpt lat="36.718158" lon="126.59977"/></trkseg>
<trkseg><trkpt lat="36.699441" lon="126.620085"/><trkpt lat="36.699449" lon="126.620064"/><trkpt lat="36.699478" lon="126.620038"/><trkpt lat="36.699534" lon="126.620017"/><trkpt lat="36.699567" lon="126.619997"/><trkpt lat="36.699642" lon="126.619936"/><trkpt lat="36.699675" lon="126.619912"/><trkpt lat="36.699708" lon="126.619894"/><trkpt lat="36.699761" lon="126.619874"/><trkpt lat="36.699787" lon="126.619849"/><trkpt lat="36.699825" lon="126.619794"/><trkpt lat="36.699849" lon="126.619772"/><trkpt lat="36.69988" lon="126.619772"/><trkpt lat="36.699915" lon="126.619787"/><trkpt lat="36.699987" lon="126.619824"/><trkpt lat="36.700023" lon="126.619839"/><trkpt lat="36.700059" lon="126.619843"/><trkpt lat="36.700093" lon="126.619834"/><trkpt lat="36.700125" lon="126.619817"/><trkpt lat="36.700153" lon="126.619794"/><trkpt lat="36.70017" lon="126.619765"/><trkpt lat="36.70019" lon="126.619725"/><trkpt lat="36.700219" lon="126.619703"/><trkpt lat="36.700255" lon="126.619689"/><trkpt lat="36.700333" lon="126.619665"/><trkpt lat="36.700369" lon="126.619651"/><trkpt lat="36.700399" lon="126.61963"/><trkpt lat="36.700429" lon="126.619602"/><trkpt lat="36.700462" lon="126.619588"/><trkpt lat="36.700524" lon="126.619576"/><trkpt lat="36.700559" lon="126.619562"/><trkpt lat="36.700587" lon="126.619532"/><trkpt lat="36.700619" lon="126.619481"/><trkpt lat="36.700804" lon="126.619151"/><trkpt lat="36.700833" lon="126.619095"/><trkpt lat="36.700851" lon="126.619052"/><trkpt lat="36.700868" lon="126.61899"/><trkpt lat="36.700927" lon="126.618721"/><trkpt lat="36.700943" lon="126.618658"/><trkpt lat="36.700958" lon="126.618615"/><trkpt lat="36.700981" lon="126.618577"/><trkpt lat="36.70101" lon="126.618545"/><trkpt lat="36.701107" lon="126.618456"/><trkpt lat="36.701138" lon="126.618424"/><trkpt lat="36.701165" lon="126.618389"/><trkpt lat="36.701195" lon="126.618335"/><trkpt lat="36.701256" lon="126.618208"/><trkpt lat="36.701295" lon="126.618122"/><trkpt lat="36.70131" lon="126.618077"/><trkpt lat="36.701322" lon="126.618029"/><trkpt lat="36.701357" lon="126.61785"/><trkpt lat="36.701374" lon="126.617769"/><trkpt lat="36.701388" lon="126.617724"/><trkpt lat="36.701411" lon="126.617686"/><trkpt lat="36.70144" lon="126.617653"/><trkpt lat="36.701514" lon="126.617582"/><trkpt lat="36.701558" lon="126.617545"/><trkpt lat="36.701592" lon="126.617524"/><trkpt lat="36.701628" lon="126.617512"/><trkpt lat="36.701728" lon="126.617488"/><trkpt lat="36.701764" lon="126.617476"/><trkpt lat="36.701798" lon="126.617456"/><trkpt lat="36.701841" lon="126.617421"/><trkpt lat="36.701988" lon="126.617286"/><trkpt lat="36.702028" lon="126.617244"/><trkpt lat="36.702055" lon="126.617211"/><trkpt lat="36.702091" lon="126.61716"/><trkpt lat="36.702116" lon="126.617149"/><trkpt lat="36.702148" lon="126.61716"/><trkpt lat="36.702206" lon="126.617189"/><trkpt lat="36.702242" lon="126.617192"/><trkpt lat="36.702278" lon="126.617184"/><trkpt lat="36.702328" lon="126.617168"/><trkpt lat="36.702414" lon="126.617133"/><trkpt lat="36.702448" lon="126.617113"/><trkpt lat="36.702478" lon="126.617085"/><trkpt lat="36.702503" lon="126.617048"/><trkpt lat="36.702526" lon="126.617009"/><trkpt lat="36.702544" lon="126.616968"/><trkpt lat="36.702551" lon="126.616928"/><trkpt lat="36.702547" lon="126.616863"/><trkpt lat="36.702551" lon="126.616802"/><trkpt lat="36.702549" lon="126.616757"/><trkpt lat="36.702537" lon="126.616714"/><trkpt lat="36.702507" lon="126.616643"/><trkpt lat="36.702425" lon="126.616458"/><trkpt lat="36.702411" lon="126.616415"/><trkpt lat="36.702407" lon="126.616372"/><trkpt lat="36.702418" lon="126.616297"/><trkpt lat="36.702416" lon="126.616254"/><trkpt lat="36.702401" lon="126.616184"/><trkpt lat="36.702399" lon="126.616141"/><trkpt lat="36.702406" lon="126.616096"/><trkpt lat="36.70243" lon="126.616005"/><trkpt lat="36.702472" lon="126.615869"/><trkpt lat="36.702489" lon="126.615827"/><trkpt lat="36.702512" lon="126.615788"/><trkpt lat="36.702647" lon="126.615609"/><trkpt lat="36.702709" lon="126.615525"/><trkpt lat="36.702734" lon="126.615487"/><trkpt lat="36.702792" lon="126.615381"/><trkpt lat="36.702833" lon="126.6153"/><trkpt lat="36.702851" lon="126.615257"/><trkpt lat="36.702863" lon="126.615201"/><trkpt lat="36.702876" lon="126.615105"/></trkseg>
<trkseg><trkpt lat="36.732418" lon="126.62968"/><trkpt lat="36.732388" lon="126.629769"/><trkpt lat="36.732362" lon="126.629837"/><trkpt lat="36.732342" lon="126.629875"/><trkpt lat="36.732314" lon="126.629907"/><trkpt lat="36.73224" lon="126.629972"/><trkpt lat="36.732208" lon="126.63"/><trkpt lat="36.732181" lon="126.630032"/><trkpt lat="36.732159" lon="126.630072"/><trkpt lat="36.732135" lon="126.630131"/><trkpt lat="36.731943" lon="126.630642"/><trkpt lat="36.731919" lon="126.630701"/><trkpt lat="36.731898" lon="126.630742"/><trkpt lat="36.731865" lon="126.630792"/><trkpt lat="36.73177" lon="126.630924"/><trkpt lat="36.731716" lon="126.630994"/><trkpt lat="36.731687" lon="126.631027"/><trkpt lat="36.731644" lon="126.631066"/><trkpt lat="36.731566" lon="126.631131"/><trkpt lat="36.731521" lon="126.631166"/><trkpt lat="36.731485" lon="126.631187"/><trkpt lat="36.731434" lon="126.631207"/><trkpt lat="36.731369" lon="126.631227"/><trkpt lat="36.731329" lon="126.631235"/><trkpt lat="36.731289" lon="126.631239"/><trkpt lat="36.73093" lon="126.631244"/><trkpt lat="36.730851" lon="126.631246"/><trkpt lat="36.730811" lon="126.631251"/><trkpt lat="36.730773" lon="126.631264"/><trkpt lat="36.730608" lon="126.631337"/><trkpt lat="36.730444" lon="126.631412"/><trkpt lat="36.730408" lon="126.631434"/><trkpt lat="36.730376" lon="126.631461"/><trkpt lat="36.730212" lon="126.631627"/><trkpt lat="36.730039" lon="126.631806"/><trkpt lat="36.730001" lon="126.631851"/><trkpt lat="36.729776" lon="126.632158"/><trkpt lat="36.729751" lon="126.632197"/><trkpt lat="36.729731" lon="126.632237"/><trkpt lat="36.729711" lon="126.632294"/><trkpt lat="36.729693" lon="126.632352"/><trkpt lat="36.729684" lon="126.632396"/><trkpt lat="36.729683" lon="126.632441"/><trkpt lat="36.729691" lon="126.632516"/><trkpt lat="36.729693" lon="126.632561"/><trkpt lat="36.729686" lon="126.632605"/><trkpt lat="36.729672" lon="126.632648"/><trkpt lat="36.729641" lon="126.632718"/><trkpt lat="36.729613" lon="126.632773"/><trkpt lat="36.729589" lon="126.63281"/><trkpt lat="36.729561" lon="126.632843"/><trkpt lat="36.72945" lon="126.632955"/><trkpt lat="36.72939" lon="126.633017"/><trkpt lat="36.729364" lon="126.633051"/><trkpt lat="36.729342" lon="126.633091"/><trkpt lat="36.729298" lon="126.633191"/><trkpt lat="36.729272" lon="126.633248"/><trkpt lat="36.729249" lon="126.633287"/><trkpt lat="36.729222" lon="126.633321"/><trkpt lat="36.729069" lon="126.633523"/><trkpt lat="36.729061" lon="126.633622"/></trkseg>
<trkseg><trkpt lat="36.700042" lon="126.626965"/><trkpt lat="36.700055" lon="126.626935"/><trkpt lat="36.700079" lon="126.626891"/><trkpt lat="36.700115" lon="126.62685"/><trkpt lat="36.700171" lon="126.626807"/><trkpt lat="36.700285" lon="126.626725"/><trkpt lat="36.700316" lon="126.626697"/><trkpt lat="36.700339" lon="126.626662"/><trkpt lat="36.700354" lon="126.626618"/><trkpt lat="36.700371" lon="126.626539"/><trkpt lat="36.700483" lon="126.625977"/><trkpt lat="36.700499" lon="126.625915"/><trkpt lat="36.700515" lon="126.62587"/><trkpt lat="36.700544" lon="126.625817"/><trkpt lat="36.700599" lon="126.625726"/><trkpt lat="36.700618" lon="126.625687"/><trkpt lat="36.700627" lon="126.625644"/><trkpt lat="36.700621" lon="126.625598"/><trkpt lat="36.700598" lon="126.625504"/><trkpt lat="36.700584" lon="126.625439"/><trkpt lat="36.700579" lon="126.625391"/><trkpt lat="36.700574" lon="126.625261"/><trkpt lat="36.700576" lon="126.625196"/><trkpt lat="36.700582" lon="126.625133"/><trkpt lat="36.700607" lon="126.62496"/><trkpt lat="36.700619" lon="126.624898"/><trkpt lat="36.700631" lon="126.624852"/><trkpt lat="36.700648" lon="126.624807"/><trkpt lat="36.700768" lon="126.624544"/><trkpt lat="36.70108" lon="126.623857"/><trkpt lat="36.701112" lon="126.623784"/><trkpt lat="36.701124" lon="126.623739"/><trkpt lat="36.701123" lon="126.623696"/><trkpt lat="36.701111" lon="126.623652"/><trkpt lat="36.701089" lon="126.623593"/><trkpt lat="36.701041" lon="126.623476"/><trkpt lat="36.701021" lon="126.623434"/><trkpt lat="36.700999" lon="126.623395"/><trkpt lat="36.700908" lon="126.623259"/><trkpt lat="36.700877" lon="126.623209"/><trkpt lat="36.700859" lon="126.623168"/><trkpt lat="36.70085" lon="126.623124"/><trkpt lat="36.700846" lon="126.623076"/><trkpt lat="36.700839" lon="126.622933"/><trkpt lat="36.700833" lon="126.622886"/><trkpt lat="36.700819" lon="126.622841"/><trkpt lat="36.700801" lon="126.622796"/><trkpt lat="36.700768" lon="126.622724"/><trkpt lat="36.700745" lon="126.622682"/><trkpt lat="36.70071" lon="126.622642"/><trkpt lat="36.700674" lon="126.62261"/><trkpt lat="36.700649" lon="126.622592"/></trkseg>
<trkseg><trkpt lat="36.702727" lon="126.614988"/><trkpt lat="36.702718" lon="126.614963"/><trkpt lat="36.702714" lon="126.614936"/><trkpt lat="36.702718" lon="126.614913"/><trkpt lat="36.702776" lon="126.614787"/><trkpt lat="36.702842" lon="126.614648"/></trkseg>
<trkseg><trkpt lat="36.756998" lon="126.614996"/><trkpt lat="36.757568" lon="126.614524"/><trkpt lat="36.757611" lon="126.614484"/><trkpt lat="36.75765" lon="126.614441"/><trkpt lat="36.757724" lon="126.614351"/><trkpt lat="36.757754" lon="126.614322"/><trkpt lat="36.757788" lon="126.614302"/><trkpt lat="36.757824" lon="126.614291"/><trkpt lat="36.757862" lon="126.614283"/><trkpt lat="36.7579" lon="126.614279"/><trkpt lat="36.757938" lon="126.614282"/><trkpt lat="36.757977" lon="126.614292"/><trkpt lat="36.758246" lon="126.614375"/><trkpt lat="36.758297" lon="126.614387"/><trkpt lat="36.758336" lon="126.614388"/><trkpt lat="36.758373" lon="126.614381"/><trkpt lat="36.758461" lon="126.614352"/><trkpt lat="36.758512" lon="126.614339"/><trkpt lat="36.758565" lon="126.614332"/><trkpt lat="36.758967" lon="126.614313"/><trkpt lat="36.759048" lon="126.614308"/><trkpt lat="36.759087" lon="126.614303"/><trkpt lat="36.759164" lon="126.614283"/><trkpt lat="36.759214" lon="126.614267"/><trkpt lat="36.759251" lon="126.614251"/><trkpt lat="36.759323" lon="126.614206"/><trkpt lat="36.759454" lon="126.61412"/><trkpt lat="36.759491" lon="126.6141"/><trkpt lat="36.759542" lon="126.614081"/><trkpt lat="36.760106" lon="126.613923"/><trkpt lat="36.760158" lon="126.613904"/><trkpt lat="36.760194" lon="126.613885"/><trkpt lat="36.760346" lon="126.613789"/><trkpt lat="36.760497" lon="126.613691"/><trkpt lat="36.76053" lon="126.613665"/><trkpt lat="36.760558" lon="126.613632"/><trkpt lat="36.760583" lon="126.613595"/><trkpt lat="36.760728" lon="126.613341"/><trkpt lat="36.760782" lon="126.613248"/><trkpt lat="36.760808" lon="126.613212"/><trkpt lat="36.760839" lon="126.613181"/><trkpt lat="36.760883" lon="126.613144"/><trkpt lat="36.760986" lon="126.613066"/><trkpt lat="36.761022" lon="126.613044"/><trkpt lat="36.761086" lon="126.613017"/><trkpt lat="36.761408" lon="126.612894"/><trkpt lat="36.761471" lon="126.612866"/><trkpt lat="36.76154" lon="126.612827"/><trkpt lat="36.761596" lon="126.612791"/><trkpt lat="36.761628" lon="126.612767"/><trkpt lat="36.761656" lon="126.612736"/><trkpt lat="36.761699" lon="126.612678"/><trkpt lat="36.761729" lon="126.61265"/><trkpt lat="36.761763" lon="126.612628"/><trkpt lat="36.761813" lon="126.612605"/><trkpt lat="36.761888" lon="126.612575"/><trkpt lat="36.761927" lon="126.612567"/><trkpt lat="36.761966" lon="126.612569"/><trkpt lat="36.762019" lon="126.612579"/><trkpt lat="36.762125" lon="126.612602"/><trkpt lat="36.762161" lon="126.612604"/><trkpt lat="36.76219" lon="126.61259"/><trkpt lat="36.76221" lon="126.612558"/><trkpt lat="36.762241" lon="126.612493"/><trkpt lat="36.762265" lon="126.612458"/><trkpt lat="36.762296" lon="126.61243"/><trkpt lat="36.762343" lon="126.612399"/><trkpt lat="36.762631" lon="126.612221"/></trkseg>
<trkseg><trkpt lat="36.698693" lon="126.63142"/><trkpt lat="36.699184" lon="126.630983"/><trkpt lat="36.699226" lon="126.630942"/><trkpt lat="36.699253" lon="126.630906"/><trkpt lat="36.699283" lon="126.630852"/><trkpt lat="36.699389" lon="126.630621"/><trkpt lat="36.69943" lon="126.630537"/><trkpt lat="36.699456" lon="126.6305"/><trkpt lat="36.699495" lon="126.630459"/><trkpt lat="36.699633" lon="126.630335"/><trkpt lat="36.699674" lon="126.630295"/><trkpt lat="36.699702" lon="126.630262"/><trkpt lat="36.699734" lon="126.630215"/><trkpt lat="36.699772" lon="126.630151"/><trkpt lat="36.699791" lon="126.630111"/><trkpt lat="36.699808" lon="126.630068"/><trkpt lat="36.699891" lon="126.62981"/><trkpt lat="36.699918" lon="126.629719"/><trkpt lat="36.699929" lon="126.629672"/><trkpt lat="36.699934" lon="126.629625"/><trkpt lat="36.699942" lon="126.629531"/><trkpt lat="36.699951" lon="126.629484"/><trkpt lat="36.69998" lon="126.629393"/><trkpt lat="36.700079" lon="126.629106"/><trkpt lat="36.700093" lon="126.62906"/><trkpt lat="36.700101" lon="126.629014"/><trkpt lat="36.700099" lon="126.628967"/><trkpt lat="36.700091" lon="126.628919"/><trkpt lat="36.700047" lon="126.62871"/><trkpt lat="36.700036" lon="126.628645"/><trkpt lat="36.700031" lon="126.628597"/><trkpt lat="36.700033" lon="126.628548"/><trkpt lat="36.700042" lon="126.628482"/><trkpt lat="36.70014" lon="126.627839"/><trkpt lat="36.700143" lon="126.62779"/><trkpt lat="36.700141" lon="126.62774"/><trkpt lat="36.700101" lon="126.627427"/><trkpt lat="36.700042" lon="126.626965"/></trkseg>
<trkseg><trkpt lat="36.702876" lon="126.615105"/><trkpt lat="36.702727" lon="126.614988"/></trkseg>
<trkseg><trkpt lat="36.700649" lon="126.622592"/><trkpt lat="36.700124" lon="126.621696"/></trkseg>
<trkseg><trkpt lat="36.700124" lon="126.621696"/><trkpt lat="36.700104" lon="126.621689"/><trkpt lat="36.700058" lon="126.621683"/><trkpt lat="36.70001" lon="126.62169"/><trkpt lat="36.699975" lon="126.621705"/><trkpt lat="36.699952" lon="126.621725"/><trkpt lat="36.69995" lon="126.621754"/><trkpt lat="36.699967" lon="126.621801"/><trkpt lat="36.699977" lon="126.621834"/><trkpt lat="36.699967" lon="126.621869"/><trkpt lat="36.699986" lon="126.622029"/><trkpt lat="36.70004" lon="126.622271"/><trkpt lat="36.700149" lon="126.62239"/><trkpt lat="36.700184" lon="126.622411"/><trkpt lat="36.700233" lon="126.622433"/><trkpt lat="36.700649" lon="126.622592"/></trkseg>
<trkseg><trkpt lat="36.723661" lon="126.606162"/><trkpt lat="36.724048" lon="126.606785"/><trkpt lat="36.724079" lon="126.606839"/><trkpt lat="36.724098" lon="126.606883"/><trkpt lat="36.724127" lon="126.606973"/><trkpt lat="36.724145" lon="126.60701"/><trkpt lat="36.724172" lon="126.607029"/><trkpt lat="36.724207" lon="126.607034"/><trkpt lat="36.724283" lon="126.607033"/><trkpt lat="36.724319" lon="126.607037"/><trkpt lat="36.72435" lon="126.607053"/><trkpt lat="36.724373" lon="126.607084"/><trkpt lat="36.724388" lon="126.607123"/><trkpt lat="36.724393" lon="126.60717"/><trkpt lat="36.724388" lon="126.60727"/><trkpt lat="36.724387" lon="126.607337"/><trkpt lat="36.724393" lon="126.607386"/><trkpt lat="36.724404" lon="126.607433"/><trkpt lat="36.724454" lon="126.607607"/><trkpt lat="36.724464" lon="126.607654"/><trkpt lat="36.724468" lon="126.607702"/><trkpt lat="36.724466" lon="126.607767"/><trkpt lat="36.724445" lon="126.608045"/><trkpt lat="36.724441" lon="126.608126"/><trkpt lat="36.724445" lon="126.608181"/><trkpt lat="36.724456" lon="126.608241"/><trkpt lat="36.72447" lon="126.608296"/></trkseg>
<trkseg><trkpt lat="36.706619" lon="126.608323"/><trkpt lat="36.706322" lon="126.608105"/></trkseg>
<trkseg><trkpt lat="36.7064" lon="126.609422"/><trkpt lat="36.706551" lon="126.609322"/><trkpt lat="36.706584" lon="126.609298"/><trkpt lat="36.706612" lon="126.609269"/><trkpt lat="36.706629" lon="126.60923"/><trkpt lat="36.706637" lon="126.609183"/><trkpt lat="36.70664" lon="126.609134"/><trkpt lat="36.70664" lon="126.609084"/><trkpt lat="36.706633" lon="126.609036"/><trkpt lat="36.706609" lon="126.608926"/><trkpt lat="36.706603" lon="126.608879"/><trkpt lat="36.706604" lon="126.608833"/><trkpt lat="36.706614" lon="126.608772"/><trkpt lat="36.706633" lon="126.608681"/><trkpt lat="36.706637" lon="126.608635"/><trkpt lat="36.706632" lon="126.608591"/><trkpt lat="36.706618" lon="126.608548"/><trkpt lat="36.706586" lon="126.608462"/><trkpt lat="36.706582" lon="126.608412"/><trkpt lat="36.706596" lon="126.608364"/><trkpt lat="36.706614" lon="126.608331"/><trkpt lat="36.706619" lon="126.608323"/></trkseg>
<trkseg><trkpt lat="36.708837" lon="126.606574"/><trkpt lat="36.708705" lon="126.606682"/><trkpt lat="36.708674" lon="126.606712"/><trkpt lat="36.708647" lon="126.606746"/><trkpt lat="36.708613" lon="126.606798"/><trkpt lat="36.708539" lon="126.606917"/><trkpt lat="36.708513" lon="126.606954"/><trkpt lat="36.708484" lon="126.606985"/><trkpt lat="36.70845" lon="126.607008"/><trkpt lat="36.708381" lon="126.60705"/><trkpt lat="36.70835" lon="126.607073"/><trkpt lat="36.708329" lon="126.607102"/><trkpt lat="36.708317" lon="126.607136"/><trkpt lat="36.708295" lon="126.607165"/><trkpt lat="36.708262" lon="126.607187"/><trkpt lat="36.708201" lon="126.607217"/><trkpt lat="36.708086" lon="126.607268"/><trkpt lat="36.708047" lon="126.607281"/><trkpt lat="36.708009" lon="126.607287"/><trkpt lat="36.707933" lon="126.60729"/><trkpt lat="36.707897" lon="126.607296"/><trkpt lat="36.707866" lon="126.607317"/><trkpt lat="36.707838" lon="126.607349"/><trkpt lat="36.707726" lon="126.607512"/><trkpt lat="36.707606" lon="126.607688"/><trkpt lat="36.707579" lon="126.607723"/><trkpt lat="36.707548" lon="126.607755"/><trkpt lat="36.707504" lon="126.607792"/><trkpt lat="36.707379" lon="126.607889"/><trkpt lat="36.707345" lon="126.607913"/><trkpt lat="36.707309" lon="126.607932"/><trkpt lat="36.707258" lon="126.607949"/><trkpt lat="36.707181" lon="126.607972"/><trkpt lat="36.707146" lon="126.607989"/><trkpt lat="36.707118" lon="126.608017"/><trkpt lat="36.707078" lon="126.608077"/><trkpt lat="36.707053" lon="126.60811"/><trkpt lat="36.707021" lon="126.608132"/><trkpt lat="36.706984" lon="126.608143"/><trkpt lat="36.706892" lon="126.60816"/><trkpt lat="36.706854" lon="126.608171"/><trkpt lat="36.706817" lon="126.608189"/><trkpt lat="36.706735" lon="126.608243"/><trkpt lat="36.706619" lon="126.608323"/></trkseg>
<trkseg><trkpt lat="36.704512" lon="126.610197"/><trkpt lat="36.704583" lon="126.61011"/><trkpt lat="36.704623" lon="126.610059"/><trkpt lat="36.704646" lon="126.610021"/><trkpt lat="36.704663" lon="126.609979"/><trkpt lat="36.704674" lon="126.609932"/><trkpt lat="36.704699" lon="126.609803"/><trkpt lat="36.704712" lon="126.609757"/><trkpt lat="36.704731" lon="126.609716"/><trkpt lat="36.704764" lon="126.609665"/><trkpt lat="36.704828" lon="126.609581"/><trkpt lat="36.704866" lon="126.609535"/><trkpt lat="36.704897" lon="126.609507"/><trkpt lat="36.704932" lon="126.609487"/><trkpt lat="36.70504" lon="126.609434"/><trkpt lat="36.705074" lon="126.609412"/><trkpt lat="36.705103" lon="126.609382"/><trkpt lat="36.705135" lon="126.609332"/><trkpt lat="36.705187" lon="126.609237"/><trkpt lat="36.705206" lon="126.609195"/><trkpt lat="36.70522" lon="126.609151"/><trkpt lat="36.705238" lon="126.609076"/><trkpt lat="36.705244" lon="126.609023"/><trkpt lat="36.70524" lon="126.608967"/><trkpt lat="36.705227" lon="126.608929"/><trkpt lat="36.705221" lon="126.60892"/></trkseg>
<trkseg><trkpt lat="36.706322" lon="126.608105"/><trkpt lat="36.706316" lon="126.608123"/><trkpt lat="36.706294" lon="126.608158"/><trkpt lat="36.706255" lon="126.60819"/><trkpt lat="36.706193" lon="126.608215"/><trkpt lat="36.706165" lon="126.608237"/><trkpt lat="36.706146" lon="126.608279"/><trkpt lat="36.706126" lon="126.608303"/><trkpt lat="36.706096" lon="126.608312"/><trkpt lat="36.70605" lon="126.608322"/><trkpt lat="36.706019" lon="126.608341"/><trkpt lat="36.705992" lon="126.608371"/><trkpt lat="36.705967" lon="126.608404"/><trkpt lat="36.705945" lon="126.608442"/><trkpt lat="36.705929" lon="126.608484"/><trkpt lat="36.7059" lon="126.60857"/><trkpt lat="36.705883" lon="126.608609"/><trkpt lat="36.705857" lon="126.60864"/><trkpt lat="36.705824" lon="126.608664"/><trkpt lat="36.70574" lon="126.608712"/><trkpt lat="36.70568" lon="126.608743"/><trkpt lat="36.705642" lon="126.608756"/><trkpt lat="36.705604" lon="126.608762"/><trkpt lat="36.705551" lon="126.608766"/><trkpt lat="36.705513" lon="126.608765"/><trkpt lat="36.705474" lon="126.608757"/><trkpt lat="36.705385" lon="126.608722"/><trkpt lat="36.705335" lon="126.608703"/><trkpt lat="36.705296" lon="126.608696"/><trkpt lat="36.70526" lon="126.608698"/><trkpt lat="36.705187" lon="126.608709"/><trkpt lat="36.705149" lon="126.608705"/><trkpt lat="36.705111" lon="126.608694"/><trkpt lat="36.704999" lon="126.608648"/><trkpt lat="36.704948" lon="126.608631"/><trkpt lat="36.704911" lon="126.608624"/><trkpt lat="36.704873" lon="126.608628"/><trkpt lat="36.704823" lon="126.608643"/><trkpt lat="36.704673" lon="126.608694"/><trkpt lat="36.704622" lon="126.608706"/><trkpt lat="36.704569" lon="126.608709"/><trkpt lat="36.704195" lon="126.6087"/></trkseg>
<trkseg><trkpt lat="36.717999" lon="126.602139"/><trkpt lat="36.717944" lon="126.602137"/><trkpt lat="36.717933" lon="126.602141"/><trkpt lat="36.717913" lon="126.602158"/><trkpt lat="36.717825" lon="126.602249"/></trkseg>
<trkseg><trkpt lat="36.717825" lon="126.602249"/><trkpt lat="36.717827" lon="126.602303"/><trkpt lat="36.717821" lon="126.602359"/><trkpt lat="36.7178" lon="126.602407"/><trkpt lat="36.717773" lon="126.602443"/><trkpt lat="36.71749" lon="126.602798"/><trkpt lat="36.717442" lon="126.602856"/><trkpt lat="36.717411" lon="126.602887"/><trkpt lat="36.717367" lon="126.602924"/><trkpt lat="36.717196" lon="126.603055"/><trkpt lat="36.71714" lon="126.603101"/><trkpt lat="36.717109" lon="126.603132"/><trkpt lat="36.717022" lon="126.603236"/><trkpt lat="36.716981" lon="126.603279"/><trkpt lat="36.716949" lon="126.603306"/><trkpt lat="36.716895" lon="126.603339"/><trkpt lat="36.716866" lon="126.603363"/><trkpt lat="36.716846" lon="126.6034"/><trkpt lat="36.716832" lon="126.603443"/><trkpt lat="36.716795" lon="126.603581"/><trkpt lat="36.716781" lon="126.603625"/><trkpt lat="36.716762" lon="126.603664"/><trkpt lat="36.716733" lon="126.603695"/><trkpt lat="36.716699" lon="126.60372"/><trkpt lat="36.716628" lon="126.603765"/><trkpt lat="36.716592" lon="126.603784"/><trkpt lat="36.716554" lon="126.603796"/><trkpt lat="36.716502" lon="126.603805"/><trkpt lat="36.716291" lon="126.603831"/><trkpt lat="36.716239" lon="126.603839"/><trkpt lat="36.716201" lon="126.603851"/><trkpt lat="36.716167" lon="126.603872"/><trkpt lat="36.716122" lon="126.603907"/><trkpt lat="36.716023" lon="126.60399"/><trkpt lat="36.715989" lon="126.604013"/><trkpt lat="36.715954" lon="126.604029"/><trkpt lat="36.715899" lon="126.604051"/><trkpt lat="36.715875" lon="126.604074"/><trkpt lat="36.715847" lon="126.604094"/><trkpt lat="36.715811" lon="126.604106"/><trkpt lat="36.715695" lon="126.604134"/><trkpt lat="36.715657" lon="126.604148"/><trkpt lat="36.715623" lon="126.604169"/><trkpt lat="36.715525" lon="126.604245"/><trkpt lat="36.71548" lon="126.604276"/><trkpt lat="36.715444" lon="126.604294"/><trkpt lat="36.715406" lon="126.604308"/><trkpt lat="36.71516" lon="126.604378"/></trkseg>
<trkseg><trkpt lat="36.710184" lon="126.605439"/><trkpt lat="36.71006" lon="126.60563"/><trkpt lat="36.710034" lon="126.605665"/><trkpt lat="36.710006" lon="126.605694"/><trkpt lat="36.709973" lon="126.605706"/><trkpt lat="36.709936" lon="126.605705"/><trkpt lat="36.709819" lon="126.605688"/><trkpt lat="36.70978" lon="126.605685"/><trkpt lat="36.709743" lon="126.60569"/><trkpt lat="36.709709" lon="126.605704"/><trkpt lat="36.709682" lon="126.605728"/><trkpt lat="36.709667" lon="126.605764"/><trkpt lat="36.709654" lon="126.605822"/><trkpt lat="36.709637" lon="126.605865"/><trkpt lat="36.709614" lon="126.605905"/><trkpt lat="36.709589" lon="126.605944"/><trkpt lat="36.709562" lon="126.60598"/><trkpt lat="36.709532" lon="126.606007"/><trkpt lat="36.709498" lon="126.606019"/><trkpt lat="36.709424" lon="126.606027"/><trkpt lat="36.709387" lon="126.606032"/><trkpt lat="36.709351" lon="126.606045"/><trkpt lat="36.709317" lon="126.606069"/><trkpt lat="36.709187" lon="126.606187"/><trkpt lat="36.709122" lon="126.606246"/><trkpt lat="36.709089" lon="126.606272"/><trkpt lat="36.709055" lon="126.60629"/><trkpt lat="36.70901" lon="126.6063"/><trkpt lat="36.708981" lon="126.60632"/><trkpt lat="36.708956" lon="126.606354"/><trkpt lat="36.708918" lon="126.606421"/><trkpt lat="36.708837" lon="126.606574"/></trkseg>
<trkseg><trkpt lat="36.710868" lon="126.605216"/><trkpt lat="36.710851" lon="126.605215"/><trkpt lat="36.710816" lon="126.605196"/><trkpt lat="36.710768" lon="126.605156"/><trkpt lat="36.710725" lon="126.605136"/><trkpt lat="36.710697" lon="126.60512"/><trkpt lat="36.71068" lon="126.605091"/><trkpt lat="36.71066" lon="126.605068"/><trkpt lat="36.710632" lon="126.605059"/><trkpt lat="36.710599" lon="126.60506"/><trkpt lat="36.710564" lon="126.605072"/><trkpt lat="36.710516" lon="126.605101"/><trkpt lat="36.710411" lon="126.605174"/><trkpt lat="36.710354" lon="126.605217"/><trkpt lat="36.710325" lon="126.605247"/><trkpt lat="36.710307" lon="126.605281"/><trkpt lat="36.710284" lon="126.605329"/><trkpt lat="36.710251" lon="126.605372"/><trkpt lat="36.710212" lon="126.605412"/><trkpt lat="36.710184" lon="126.605439"/></trkseg>
<trkseg><trkpt lat="36.710184" lon="126.605439"/><trkpt lat="36.710198" lon="126.605433"/><trkpt lat="36.710225" lon="126.605444"/><trkpt lat="36.710249" lon="126.605484"/><trkpt lat="36.710268" lon="126.605547"/><trkpt lat="36.710282" lon="126.605588"/><trkpt lat="36.710299" lon="126.60561"/><trkpt lat="36.710324" lon="126.605601"/><trkpt lat="36.710354" lon="126.605575"/><trkpt lat="36.710425" lon="126.605501"/><trkpt lat="36.710458" lon="126.605473"/><trkpt lat="36.710494" lon="126.605452"/><trkpt lat="36.710532" lon="126.605436"/><trkpt lat="36.71078" lon="126.605358"/><trkpt lat="36.710845" lon="126.605336"/><trkpt lat="36.710878" lon="126.605317"/><trkpt lat="36.710894" lon="126.605283"/><trkpt lat="36.710891" lon="126.605244"/><trkpt lat="36.710875" lon="126.60522"/><trkpt lat="36.710868" lon="126.605216"/></trkseg>
<trkseg><trkpt lat="36.71516" lon="126.604378"/><trkpt lat="36.715047" lon="126.604463"/><trkpt lat="36.715012" lon="126.604484"/><trkpt lat="36.714974" lon="126.604499"/><trkpt lat="36.71479" lon="126.604555"/><trkpt lat="36.714698" lon="126.60458"/><trkpt lat="36.714659" lon="126.604585"/><trkpt lat="36.714584" lon="126.604586"/><trkpt lat="36.714533" lon="126.604583"/><trkpt lat="36.714497" lon="126.604576"/><trkpt lat="36.71446" lon="126.60456"/><trkpt lat="36.714402" lon="126.604523"/><trkpt lat="36.714285" lon="126.604445"/><trkpt lat="36.71425" lon="126.604426"/><trkpt lat="36.714215" lon="126.604416"/><trkpt lat="36.714159" lon="126.604414"/><trkpt lat="36.714125" lon="126.604406"/><trkpt lat="36.714057" lon="126.604372"/><trkpt lat="36.714023" lon="126.604358"/><trkpt lat="36.713986" lon="126.604351"/><trkpt lat="36.713948" lon="126.604351"/><trkpt lat="36.71391" lon="126.604356"/><trkpt lat="36.713873" lon="126.604364"/><trkpt lat="36.713838" lon="126.604379"/><trkpt lat="36.713805" lon="126.604404"/><trkpt lat="36.713752" lon="126.604448"/><trkpt lat="36.713717" lon="126.604467"/><trkpt lat="36.713678" lon="126.604477"/><trkpt lat="36.713625" lon="126.604485"/><trkpt lat="36.713504" lon="126.604501"/><trkpt lat="36.713465" lon="126.60451"/><trkpt lat="36.713427" lon="126.604525"/><trkpt lat="36.713341" lon="126.604567"/><trkpt lat="36.713306" lon="126.604588"/><trkpt lat="36.713274" lon="126.604612"/><trkpt lat="36.713238" lon="126.604661"/><trkpt lat="36.713212" lon="126.604691"/><trkpt lat="36.713179" lon="126.604716"/><trkpt lat="36.713062" lon="126.604789"/><trkpt lat="36.71299" lon="126.60483"/><trkpt lat="36.712953" lon="126.604846"/><trkpt lat="36.712888" lon="126.604859"/><trkpt lat="36.712849" lon="126.604869"/><trkpt lat="36.712814" lon="126.604887"/><trkpt lat="36.712746" lon="126.604935"/><trkpt lat="36.712612" lon="126.605037"/><trkpt lat="36.712578" lon="126.60506"/><trkpt lat="36.712542" lon="126.605079"/><trkpt lat="36.712468" lon="126.605109"/><trkpt lat="36.712407" lon="126.605129"/><trkpt lat="36.712374" lon="126.605132"/><trkpt lat="36.712337" lon="126.605115"/><trkpt lat="36.712305" lon="126.605104"/><trkpt lat="36.712256" lon="126.605096"/><trkpt lat="36.712178" lon="126.605091"/><trkpt lat="36.712141" lon="126.605093"/><trkpt lat="36.712105" lon="126.605104"/><trkpt lat="36.712062" lon="126.605132"/><trkpt lat="36.712029" lon="126.605151"/><trkpt lat="36.711991" lon="126.605159"/><trkpt lat="36.711952" lon="126.605159"/><trkpt lat="36.711859" lon="126.605157"/><trkpt lat="36.711821" lon="126.605164"/><trkpt lat="36.711787" lon="126.605183"/><trkpt lat="36.711731" lon="126.60522"/><trkpt lat="36.711694" lon="126.605232"/><trkpt lat="36.711655" lon="126.605236"/><trkpt lat="36.711482" lon="126.605238"/><trkpt lat="36.711296" lon="126.605239"/><trkpt lat="36.711257" lon="126.605235"/><trkpt lat="36.71122" lon="126.605224"/><trkpt lat="36.711148" lon="126.605188"/><trkpt lat="36.711101" lon="126.605166"/><trkpt lat="36.711065" lon="126.60516"/><trkpt lat="36.711029" lon="126.605164"/><trkpt lat="36.710991" lon="126.605175"/><trkpt lat="36.710868" lon="126.605216"/></trkseg>
<trkseg><trkpt lat="36.728583" lon="126.609882"/><trkpt lat="36.729292" lon="126.610064"/><trkpt lat="36.729345" lon="126.610074"/><trkpt lat="36.729384" lon="126.610074"/><trkpt lat="36.729451" lon="126.610063"/><trkpt lat="36.729651" lon="126.610023"/><trkpt lat="36.729691" lon="126.610017"/><trkpt lat="36.72973" lon="126.610018"/><trkpt lat="36.729768" lon="126.610031"/><trkpt lat="36.729817" lon="126.610057"/><trkpt lat="36.73006" lon="126.610202"/><trkpt lat="36.730122" lon="126.610235"/><trkpt lat="36.730159" lon="126.610248"/><trkpt lat="36.730198" lon="126.610249"/><trkpt lat="36.730276" lon="126.610236"/><trkpt lat="36.730657" lon="126.610161"/><trkpt lat="36.730722" lon="126.61015"/><trkpt lat="36.73076" lon="126.61015"/><trkpt lat="36.730795" lon="126.610164"/><trkpt lat="36.730828" lon="126.610189"/><trkpt lat="36.730935" lon="126.61029"/><trkpt lat="36.731148" lon="126.610493"/><trkpt lat="36.731178" lon="126.610525"/><trkpt lat="36.731205" lon="126.610573"/><trkpt lat="36.731222" lon="126.610628"/><trkpt lat="36.73123" lon="126.610666"/></trkseg>
<trkseg><trkpt lat="36.718158" lon="126.59977"/><trkpt lat="36.718158" lon="126.59997"/><trkpt lat="36.718155" lon="126.600019"/><trkpt lat="36.718145" lon="126.600066"/><trkpt lat="36.71811" lon="126.600172"/><trkpt lat="36.718097" lon="126.600218"/><trkpt lat="36.718091" lon="126.600265"/><trkpt lat="36.718094" lon="126.600313"/><trkpt lat="36.718107" lon="126.600394"/><trkpt lat="36.718185" lon="126.600832"/><trkpt lat="36.718197" lon="126.600913"/><trkpt lat="36.718198" lon="126.600962"/><trkpt lat="36.718191" lon="126.601027"/><trkpt lat="36.717999" lon="126.602139"/></trkseg>
<trkseg><trkpt lat="36.704512" lon="126.610197"/><trkpt lat="36.70457" lon="126.61025"/><trkpt lat="36.704587" lon="126.610273"/><trkpt lat="36.704596" lon="126.610299"/><trkpt lat="36.704605" lon="126.610338"/><trkpt lat="36.704626" lon="126.610435"/><trkpt lat="36.704636" lon="126.610459"/><trkpt lat="36.704652" lon="126.610471"/><trkpt lat="36.704673" lon="126.610475"/><trkpt lat="36.704727" lon="126.610474"/><trkpt lat="36.704778" lon="126.610472"/></trkseg>
<trkseg><trkpt lat="36.704778" lon="126.610472"/><trkpt lat="36.704788" lon="126.610414"/><trkpt lat="36.704802" lon="126.610355"/><trkpt lat="36.704824" lon="126.610314"/><trkpt lat="36.704855" lon="126.610288"/><trkpt lat="36.704974" lon="126.610218"/><trkpt lat="36.705059" lon="126.610172"/><trkpt lat="36.705096" lon="126.610158"/><trkpt lat="36.705135" lon="126.610151"/><trkpt lat="36.705215" lon="126.610147"/><trkpt lat="36.705565" lon="126.61014"/><trkpt lat="36.705604" lon="126.610135"/><trkpt lat="36.705642" lon="126.610121"/><trkpt lat="36.705677" lon="126.6101"/><trkpt lat="36.705723" lon="126.610068"/><trkpt lat="36.705754" lon="126.610041"/><trkpt lat="36.705777" lon="126.610009"/><trkpt lat="36.705786" lon="126.609967"/><trkpt lat="36.705786" lon="126.609918"/><trkpt lat="36.705782" lon="126.609801"/><trkpt lat="36.705784" lon="126.609753"/><trkpt lat="36.705795" lon="126.609709"/><trkpt lat="36.705813" lon="126.609669"/><trkpt lat="36.705836" lon="126.609634"/><trkpt lat="36.705866" lon="126.609608"/><trkpt lat="36.705903" lon="126.609594"/><trkpt lat="36.705956" lon="126.609583"/><trkpt lat="36.706036" lon="126.609568"/><trkpt lat="36.706074" lon="126.609556"/><trkpt lat="36.706107" lon="126.609536"/><trkpt lat="36.706145" lon="126.609497"/><trkpt lat="36.706178" lon="126.609476"/><trkpt lat="36.706215" lon="126.609463"/><trkpt lat="36.706298" lon="126.609443"/><trkpt lat="36.7064" lon="126.609422"/></trkseg>
<trkseg><trkpt lat="36.717999" lon="126.602139"/><trkpt lat="36.718027" lon="126.602187"/><trkpt lat="36.718059" lon="126.602234"/><trkpt lat="36.718091" lon="126.602264"/><trkpt lat="36.718127" lon="126.602271"/><trkpt lat="36.718178" lon="126.602269"/><trkpt lat="36.718377" lon="126.602246"/><trkpt lat="36.718641" lon="126.602217"/></trkseg>
<trkseg><trkpt lat="36.786398" lon="126.590639"/><trkpt lat="36.786475" lon="126.590136"/><trkpt lat="36.786485" lon="126.590055"/><trkpt lat="36.786486" lon="126.590009"/><trkpt lat="36.786476" lon="126.589964"/><trkpt lat="36.786456" lon="126.589923"/><trkpt lat="36.786352" lon="126.589747"/><trkpt lat="36.786273" lon="126.589611"/><trkpt lat="36.786252" lon="126.589569"/><trkpt lat="36.786236" lon="126.589524"/><trkpt lat="36.786214" lon="126.589445"/><trkpt lat="36.786151" lon="126.589208"/><trkpt lat="36.786142" lon="126.58916"/><trkpt lat="36.786139" lon="126.589111"/><trkpt lat="36.786139" lon="126.589044"/><trkpt lat="36.786139" lon="126.588877"/><trkpt lat="36.786134" lon="126.588829"/><trkpt lat="36.786118" lon="126.588787"/><trkpt lat="36.786094" lon="126.58875"/><trkpt lat="36.78599" lon="126.58862"/><trkpt lat="36.785576" lon="126.5881"/><trkpt lat="36.78553" lon="126.58804"/><trkpt lat="36.785507" lon="126.588001"/><trkpt lat="36.785489" lon="126.587957"/><trkpt lat="36.785471" lon="126.587895"/><trkpt lat="36.78542" lon="126.587706"/><trkpt lat="36.785403" lon="126.587662"/><trkpt lat="36.785381" lon="126.587621"/><trkpt lat="36.785339" lon="126.587558"/><trkpt lat="36.785312" lon="126.587524"/><trkpt lat="36.785283" lon="126.587494"/><trkpt lat="36.785251" lon="126.587477"/><trkpt lat="36.785201" lon="126.587457"/><trkpt lat="36.785179" lon="126.587429"/><trkpt lat="36.785165" lon="126.587388"/><trkpt lat="36.785133" lon="126.587227"/><trkpt lat="36.78512" lon="126.587163"/><trkpt lat="36.785107" lon="126.587118"/><trkpt lat="36.785087" lon="126.587077"/><trkpt lat="36.785052" lon="126.58703"/><trkpt lat="36.784969" lon="126.586927"/><trkpt lat="36.784944" lon="126.586891"/><trkpt lat="36.784926" lon="126.586852"/><trkpt lat="36.784918" lon="126.586809"/><trkpt lat="36.784915" lon="126.586733"/><trkpt lat="36.784909" lon="126.586688"/><trkpt lat="36.784892" lon="126.586645"/><trkpt lat="36.784862" lon="126.586591"/><trkpt lat="36.78479" lon="126.586471"/><trkpt lat="36.78477" lon="126.586428"/><trkpt lat="36.784754" lon="126.586383"/><trkpt lat="36.784734" lon="126.586303"/><trkpt lat="36.784611" lon="126.585789"/><trkpt lat="36.784554" lon="126.585549"/><trkpt lat="36.784546" lon="126.5855"/><trkpt lat="36.784545" lon="126.585453"/><trkpt lat="36.784556" lon="126.585358"/><trkpt lat="36.784559" lon="126.585311"/><trkpt lat="36.784558" lon="126.585244"/><trkpt lat="36.784535" lon="126.584961"/><trkpt lat="36.784532" lon="126.584894"/><trkpt lat="36.784533" lon="126.584845"/><trkpt lat="36.784543" lon="126.584749"/><trkpt lat="36.784561" lon="126.584589"/><trkpt lat="36.784564" lon="126.584541"/><trkpt lat="36.784562" lon="126.584492"/><trkpt lat="36.784551" lon="126.584409"/><trkpt lat="36.784429" lon="126.583654"/><trkpt lat="36.784416" lon="126.583554"/><trkpt lat="36.784414" lon="126.583507"/><trkpt lat="36.784416" lon="126.583445"/><trkpt lat="36.78442" lon="126.583399"/><trkpt lat="36.784429" lon="126.583356"/><trkpt lat="36.784449" lon="126.583319"/><trkpt lat="36.784477" lon="126.583288"/><trkpt lat="36.78465" lon="126.583134"/><trkpt lat="36.784703" lon="126.583085"/><trkpt lat="36.784732" lon="126.583053"/><trkpt lat="36.784756" lon="126.583015"/><trkpt lat="36.784775" lon="126.582971"/><trkpt lat="36.784927" lon="126.582558"/><trkpt lat="36.784956" lon="126.582483"/><trkpt lat="36.784977" lon="126.582442"/><trkpt lat="36.785005" lon="126.582412"/><trkpt lat="36.785038" lon="126.58239"/><trkpt lat="36.785146" lon="126.582335"/><trkpt lat="36.785205" lon="126.582303"/><trkpt lat="36.785236" lon="126.582279"/><trkpt lat="36.785259" lon="126.582245"/><trkpt lat="36.785276" lon="126.582203"/><trkpt lat="36.78532" lon="126.58205"/><trkpt lat="36.785338" lon="126.58199"/><trkpt lat="36.785355" lon="126.581947"/><trkpt lat="36.785377" lon="126.581909"/><trkpt lat="36.785405" lon="126.581874"/><trkpt lat="36.785553" lon="126.581712"/><trkpt lat="36.785621" lon="126.581635"/><trkpt lat="36.785646" lon="126.581599"/><trkpt lat="36.785664" lon="126.581557"/><trkpt lat="36.78569" lon="126.581481"/><trkpt lat="36.785755" lon="126.581266"/><trkpt lat="36.785777" lon="126.581206"/><trkpt lat="36.785798" lon="126.581165"/><trkpt lat="36.78583" lon="126.581114"/><trkpt lat="36.786001" lon="126.580866"/><trkpt lat="36.786045" lon="126.580806"/><trkpt lat="36.786075" lon="126.580774"/><trkpt lat="36.786108" lon="126.580746"/><trkpt lat="36.786328" lon="126.580584"/><trkpt lat="36.786376" lon="126.580554"/><trkpt lat="36.786413" lon="126.580535"/><trkpt lat="36.78667" lon="126.580433"/><trkpt lat="36.786746" lon="126.5804"/><trkpt lat="36.786781" lon="126.580378"/><trkpt lat="36.786828" lon="126.580335"/><trkpt lat="36.786857" lon="126.580323"/><trkpt lat="36.786891" lon="126.580326"/><trkpt lat="36.786937" lon="126.580335"/><trkpt lat="36.786967" lon="126.580326"/><trkpt lat="36.786991" lon="126.580296"/><trkpt lat="36.787013" lon="126.580257"/><trkpt lat="36.787123" lon="126.580075"/><trkpt lat="36.787202" lon="126.57988"/><trkpt lat="36.787218" lon="126.579838"/><trkpt lat="36.787221" lon="126.579796"/><trkpt lat="36.78721" lon="126.579753"/><trkpt lat="36.787181" lon="126.579682"/><trkpt lat="36.787165" lon="126.579639"/><trkpt lat="36.787154" lon="126.579595"/><trkpt lat="36.787155" lon="126.57955"/><trkpt lat="36.787165" lon="126.579488"/><trkpt lat="36.787202" lon="126.579315"/><trkpt lat="36.787214" lon="126.57927"/><trkpt lat="36.78723" lon="126.579228"/><trkpt lat="36.787255" lon="126.579191"/><trkpt lat="36.787335" lon="126.579104"/><trkpt lat="36.787364" lon="126.57907"/><trkpt lat="36.787386" lon="126.579033"/><trkpt lat="36.787396" lon="126.578988"/><trkpt lat="36.7874" lon="126.57894"/><trkpt lat="36.787404" lon="126.578772"/><trkpt lat="36.787402" lon="126.578723"/><trkpt lat="36.787393" lon="126.578678"/><trkpt lat="36.787375" lon="126.578638"/><trkpt lat="36.787326" lon="126.578548"/><trkpt lat="36.787307" lon="126.578507"/><trkpt lat="36.787295" lon="126.578462"/><trkpt lat="36.787285" lon="126.578381"/><trkpt lat="36.787276" lon="126.578335"/><trkpt lat="36.787258" lon="126.578298"/><trkpt lat="36.78723" lon="126.578274"/><trkpt lat="36.787175" lon="126.578238"/><trkpt lat="36.787147" lon="126.578214"/><trkpt lat="36.787128" lon="126.578177"/><trkpt lat="36.787119" lon="126.578132"/><trkpt lat="36.787105" lon="126.577966"/><trkpt lat="36.787093" lon="126.577867"/><trkpt lat="36.787083" lon="126.57782"/><trkpt lat="36.787067" lon="126.577778"/><trkpt lat="36.787034" lon="126.577694"/><trkpt lat="36.787022" lon="126.577662"/><trkpt lat="36.787018" lon="126.57734"/><trkpt lat="36.787059" lon="126.576782"/><trkpt lat="36.787239" lon="126.576617"/><trkpt lat="36.787363" lon="126.57626"/><trkpt lat="36.787615" lon="126.575892"/><trkpt lat="36.787945" lon="126.57543"/><trkpt lat="36.787973" lon="126.57528"/><trkpt lat="36.787962" lon="126.575066"/><trkpt lat="36.788221" lon="126.574534"/><trkpt lat="36.788295" lon="126.57438"/><trkpt lat="36.788324" lon="126.574075"/><trkpt lat="36.788706" lon="126.573842"/><trkpt lat="36.78877" lon="126.573776"/><trkpt lat="36.789021" lon="126.573307"/><trkpt lat="36.789224" lon="126.573059"/><trkpt lat="36.789307" lon="126.573004"/><trkpt lat="36.789388" lon="126.572911"/><trkpt lat="36.789461" lon="126.572792"/><trkpt lat="36.789682" lon="126.572454"/><trkpt lat="36.789703" lon="126.572362"/><trkpt lat="36.789674" lon="126.572294"/><trkpt lat="36.789272" lon="126.5721"/><trkpt lat="36.789114" lon="126.571998"/></trkseg>
<trkseg><trkpt lat="36.786398" lon="126.590639"/><trkpt lat="36.786772" lon="126.591192"/><trkpt lat="36.786825" lon="126.591268"/><trkpt lat="36.786855" lon="126.591301"/><trkpt lat="36.786888" lon="126.591326"/><trkpt lat="36.786961" lon="126.591367"/><trkpt lat="36.787613" lon="126.591716"/><trkpt lat="36.787697" lon="126.591767"/><trkpt lat="36.787813" lon="126.591852"/><trkpt lat="36.787892" lon="126.591914"/><trkpt lat="36.787924" lon="126.591944"/><trkpt lat="36.787953" lon="126.591977"/><trkpt lat="36.788073" lon="126.59213"/><trkpt lat="36.788099" lon="126.592166"/><trkpt lat="36.788119" lon="126.592204"/><trkpt lat="36.788125" lon="126.592247"/><trkpt lat="36.788119" lon="126.592294"/><trkpt lat="36.788077" lon="126.592489"/><trkpt lat="36.788022" lon="126.592749"/><trkpt lat="36.788016" lon="126.592798"/><trkpt lat="36.788018" lon="126.592846"/><trkpt lat="36.788031" lon="126.59291"/><trkpt lat="36.788179" lon="126.593517"/><trkpt lat="36.788244" lon="126.593789"/><trkpt lat="36.788251" lon="126.593837"/><trkpt lat="36.788253" lon="126.593886"/><trkpt lat="36.788243" lon="126.594153"/><trkpt lat="36.788222" lon="126.59467"/><trkpt lat="36.788222" lon="126.594735"/><trkpt lat="36.788231" lon="126.594781"/><trkpt lat="36.788247" lon="126.594824"/><trkpt lat="36.788282" lon="126.594893"/><trkpt lat="36.788361" lon="126.595043"/><trkpt lat="36.788378" lon="126.595085"/><trkpt lat="36.788387" lon="126.59513"/><trkpt lat="36.788385" lon="126.595177"/><trkpt lat="36.788371" lon="126.595273"/><trkpt lat="36.788366" lon="126.595322"/><trkpt lat="36.788367" lon="126.59537"/><trkpt lat="36.788375" lon="126.595436"/><trkpt lat="36.788463" lon="126.595975"/><trkpt lat="36.788537" lon="126.596432"/><trkpt lat="36.78855" lon="126.596496"/><trkpt lat="36.788566" lon="126.596541"/><trkpt lat="36.788592" lon="126.596598"/><trkpt lat="36.788726" lon="126.596867"/><trkpt lat="36.788882" lon="126.597177"/><trkpt lat="36.788903" lon="126.597212"/><trkpt lat="36.788921" lon="126.597229"/><trkpt lat="36.788938" lon="126.597218"/><trkpt lat="36.788949" lon="126.597219"/><trkpt lat="36.78896" lon="126.597247"/><trkpt lat="36.788977" lon="126.597317"/><trkpt lat="36.788984" lon="126.597363"/><trkpt lat="36.788983" lon="126.597406"/><trkpt lat="36.788967" lon="126.597447"/><trkpt lat="36.788943" lon="126.597486"/><trkpt lat="36.78872" lon="126.597797"/><trkpt lat="36.788683" lon="126.597844"/><trkpt lat="36.788654" lon="126.597875"/><trkpt lat="36.78862" lon="126.597895"/><trkpt lat="36.788577" lon="126.597918"/><trkpt lat="36.788558" lon="126.597949"/><trkpt lat="36.788548" lon="126.597992"/><trkpt lat="36.788537" lon="126.598051"/><trkpt lat="36.788522" lon="126.598084"/><trkpt lat="36.788493" lon="126.598096"/><trkpt lat="36.788457" lon="126.598096"/><trkpt lat="36.788313" lon="126.598078"/><trkpt lat="36.788261" lon="126.59807"/><trkpt lat="36.788224" lon="126.598059"/><trkpt lat="36.78819" lon="126.598038"/><trkpt lat="36.78816" lon="126.598008"/><trkpt lat="36.788092" lon="126.597929"/><trkpt lat="36.788046" lon="126.59787"/><trkpt lat="36.788023" lon="126.597831"/><trkpt lat="36.788" lon="126.597771"/><trkpt lat="36.787995" lon="126.597759"/><trkpt lat="36.787892" lon="126.597542"/></trkseg>
<trkseg><trkpt lat="36.787715" lon="126.596084"/><trkpt lat="36.787829" lon="126.596765"/><trkpt lat="36.787889" lon="126.597538"/></trkseg>
<trkseg><trkpt lat="36.732418" lon="126.62968"/><trkpt lat="36.732506" lon="126.629861"/><trkpt lat="36.732524" lon="126.629905"/><trkpt lat="36.732537" lon="126.62995"/><trkpt lat="36.732546" lon="126.629996"/><trkpt lat="36.732561" lon="126.630088"/><trkpt lat="36.732574" lon="126.630124"/><trkpt lat="36.732598" lon="126.63014"/><trkpt lat="36.732632" lon="126.630141"/><trkpt lat="36.732708" lon="126.630131"/><trkpt lat="36.732746" lon="126.630127"/><trkpt lat="36.732784" lon="126.630129"/><trkpt lat="36.732822" lon="126.630139"/><trkpt lat="36.73291" lon="126.630171"/><trkpt lat="36.733098" lon="126.630243"/><trkpt lat="36.733149" lon="126.630258"/><trkpt lat="36.733188" lon="126.630262"/><trkpt lat="36.733241" lon="126.63026"/><trkpt lat="36.733439" lon="126.63024"/><trkpt lat="36.733478" lon="126.630234"/><trkpt lat="36.733516" lon="126.63022"/><trkpt lat="36.733551" lon="126.630198"/><trkpt lat="36.733769" lon="126.630028"/><trkpt lat="36.733827" lon="126.629986"/><trkpt lat="36.733863" lon="126.629965"/><trkpt lat="36.733902" lon="126.629954"/><trkpt lat="36.733968" lon="126.629943"/><trkpt lat="36.734479" lon="126.629874"/><trkpt lat="36.734532" lon="126.629864"/><trkpt lat="36.734569" lon="126.62985"/><trkpt lat="36.734601" lon="126.629825"/><trkpt lat="36.734631" lon="126.629794"/><trkpt lat="36.734805" lon="126.629592"/><trkpt lat="36.734842" lon="126.629545"/><trkpt lat="36.734874" lon="126.629493"/><trkpt lat="36.73495" lon="126.629357"/><trkpt lat="36.734977" lon="126.629302"/><trkpt lat="36.734994" lon="126.629257"/><trkpt lat="36.735015" lon="126.629177"/><trkpt lat="36.735079" lon="126.62892"/><trkpt lat="36.735097" lon="126.628862"/><trkpt lat="36.73512" lon="126.628821"/><trkpt lat="36.735134" lon="126.628788"/><trkpt lat="36.735142" lon="126.628745"/><trkpt lat="36.735154" lon="126.628652"/><trkpt lat="36.735163" lon="126.628606"/><trkpt lat="36.735179" lon="126.628564"/><trkpt lat="36.735203" lon="126.628526"/><trkpt lat="36.735237" lon="126.628477"/><trkpt lat="36.735275" lon="126.628431"/><trkpt lat="36.735306" lon="126.628401"/><trkpt lat="36.735352" lon="126.628367"/><trkpt lat="36.73548" lon="126.628277"/><trkpt lat="36.735513" lon="126.628249"/><trkpt lat="36.73554" lon="126.628217"/><trkpt lat="36.735582" lon="126.628161"/><trkpt lat="36.735612" lon="126.628135"/><trkpt lat="36.735647" lon="126.628119"/><trkpt lat="36.735711" lon="126.628102"/><trkpt lat="36.736088" lon="126.628012"/><trkpt lat="36.73614" lon="126.627998"/><trkpt lat="36.736177" lon="126.627982"/><trkpt lat="36.736213" lon="126.627961"/><trkpt lat="36.736644" lon="126.62767"/><trkpt lat="36.736724" lon="126.627612"/><trkpt lat="36.736757" lon="126.627583"/><trkpt lat="36.736818" lon="126.627518"/><trkpt lat="36.73685" lon="126.627491"/><trkpt lat="36.736884" lon="126.627476"/><trkpt lat="36.73692" lon="126.627472"/><trkpt lat="36.736957" lon="126.627474"/><trkpt lat="36.736993" lon="126.62748"/><trkpt lat="36.737026" lon="126.627493"/><trkpt lat="36.737054" lon="126.62751"/><trkpt lat="36.737066" lon="126.627537"/><trkpt lat="36.737059" lon="126.627576"/><trkpt lat="36.737037" lon="126.627635"/><trkpt lat="36.736987" lon="126.627755"/><trkpt lat="36.736972" lon="126.627801"/><trkpt lat="36.736966" lon="126.627845"/><trkpt lat="36.736971" lon="126.627887"/><trkpt lat="36.736985" lon="126.62793"/><trkpt lat="36.737016" lon="126.628002"/><trkpt lat="36.737131" lon="126.628244"/><trkpt lat="36.737154" lon="126.628303"/><trkpt lat="36.737203" lon="126.628473"/><trkpt lat="36.737264" lon="126.628691"/><trkpt lat="36.737279" lon="126.628735"/><trkpt lat="36.737302" lon="126.628772"/><trkpt lat="36.737332" lon="126.628802"/><trkpt lat="36.737507" lon="126.628929"/><trkpt lat="36.738616" lon="126.629731"/><trkpt lat="36.738697" lon="126.629792"/><trkpt lat="36.738761" lon="126.629851"/><trkpt lat="36.739026" lon="126.630105"/><trkpt lat="36.739055" lon="126.630138"/><trkpt lat="36.739077" lon="126.630176"/><trkpt lat="36.739092" lon="126.630219"/><trkpt lat="36.739132" lon="126.63039"/><trkpt lat="36.739148" lon="126.630451"/><trkpt lat="36.739164" lon="126.630495"/><trkpt lat="36.739185" lon="126.630537"/><trkpt lat="36.739447" lon="126.630996"/><trkpt lat="36.739494" lon="126.631075"/><trkpt lat="36.739521" lon="126.631111"/><trkpt lat="36.739567" lon="126.631156"/><trkpt lat="36.739591" lon="126.631183"/><trkpt lat="36.739607" lon="126.631219"/><trkpt lat="36.73962" lon="126.631256"/><trkpt lat="36.739646" lon="126.631283"/><trkpt lat="36.73968" lon="126.631304"/><trkpt lat="36.739881" lon="126.631403"/><trkpt lat="36.739929" lon="126.631429"/><trkpt lat="36.739959" lon="126.631454"/><trkpt lat="36.739975" lon="126.631491"/><trkpt lat="36.739981" lon="126.631537"/><trkpt lat="36.739983" lon="126.631688"/><trkpt lat="36.739985" lon="126.631771"/><trkpt lat="36.739991" lon="126.631819"/><trkpt lat="36.740006" lon="126.631862"/><trkpt lat="36.740027" lon="126.631902"/><trkpt lat="36.740136" lon="126.632069"/><trkpt lat="36.740193" lon="126.63216"/><trkpt lat="36.740215" lon="126.632201"/><trkpt lat="36.740241" lon="126.632259"/><trkpt lat="36.74034" lon="126.632498"/><trkpt lat="36.740372" lon="126.632572"/><trkpt lat="36.740395" lon="126.632612"/><trkpt lat="36.740514" lon="126.632788"/><trkpt lat="36.740627" lon="126.63295"/><trkpt lat="36.740655" lon="126.632984"/><trkpt lat="36.740686" lon="126.633011"/><trkpt lat="36.740719" lon="126.633035"/><trkpt lat="36.740753" lon="126.633055"/><trkpt lat="36.740788" lon="126.633067"/><trkpt lat="36.740825" lon="126.633067"/><trkpt lat="36.740864" lon="126.633058"/><trkpt lat="36.741084" lon="126.632995"/><trkpt lat="36.74125" lon="126.632939"/><trkpt lat="36.741339" lon="126.632906"/><trkpt lat="36.741374" lon="126.632887"/><trkpt lat="36.741406" lon="126.632858"/><trkpt lat="36.741474" lon="126.632779"/><trkpt lat="36.741504" lon="126.632747"/><trkpt lat="36.741537" lon="126.632719"/><trkpt lat="36.741585" lon="126.632689"/><trkpt lat="36.741803" lon="126.632563"/><trkpt lat="36.741841" lon="126.632546"/><trkpt lat="36.741878" lon="126.632536"/><trkpt lat="36.741917" lon="126.632531"/><trkpt lat="36.742021" lon="126.632525"/><trkpt lat="36.742072" lon="126.632525"/><trkpt lat="36.742111" lon="126.632532"/><trkpt lat="36.742149" lon="126.632548"/><trkpt lat="36.742335" lon="126.632648"/><trkpt lat="36.742533" lon="126.632755"/><trkpt lat="36.742568" lon="126.632779"/><trkpt lat="36.7426" lon="126.632809"/><trkpt lat="36.74266" lon="126.632877"/><trkpt lat="36.742906" lon="126.633164"/><trkpt lat="36.742947" lon="126.633206"/><trkpt lat="36.742981" lon="126.633231"/><trkpt lat="36.743018" lon="126.633251"/><trkpt lat="36.743455" lon="126.633462"/><trkpt lat="36.743517" lon="126.633493"/><trkpt lat="36.743551" lon="126.633517"/><trkpt lat="36.743582" lon="126.633546"/><trkpt lat="36.743606" lon="126.633581"/><trkpt lat="36.743625" lon="126.633623"/><trkpt lat="36.74368" lon="126.633786"/><trkpt lat="36.743701" lon="126.633845"/><trkpt lat="36.74372" lon="126.633885"/><trkpt lat="36.743746" lon="126.633918"/><trkpt lat="36.743777" lon="126.633945"/><trkpt lat="36.743834" lon="126.633984"/><trkpt lat="36.743869" lon="126.634005"/><trkpt lat="36.743904" lon="126.634019"/><trkpt lat="36.74394" lon="126.63402"/><trkpt lat="36.744014" lon="126.634009"/><trkpt lat="36.744063" lon="126.634004"/><trkpt lat="36.744103" lon="126.634008"/><trkpt lat="36.744169" lon="126.63402"/><trkpt lat="36.7445" lon="126.634093"/><trkpt lat="36.744565" lon="126.634113"/><trkpt lat="36.745117" lon="126.634326"/><trkpt lat="36.745258" lon="126.634381"/><trkpt lat="36.745296" lon="126.634391"/><trkpt lat="36.745334" lon="126.634391"/><trkpt lat="36.74537" lon="126.634379"/><trkpt lat="36.74543" lon="126.634348"/><trkpt lat="36.74561" lon="126.634249"/><trkpt lat="36.745644" lon="126.634226"/><trkpt lat="36.745673" lon="126.6342"/><trkpt lat="36.745715" lon="126.634158"/><trkpt lat="36.745742" lon="126.634149"/><trkpt lat="36.745783" lon="126.634142"/><trkpt lat="36.745815" lon="126.634121"/><trkpt lat="36.745847" lon="126.634094"/><trkpt lat="36.746027" lon="126.633921"/><trkpt lat="36.746068" lon="126.633883"/><trkpt lat="36.746097" lon="126.633863"/><trkpt lat="36.74612" lon="126.633866"/><trkpt lat="36.746136" lon="126.633899"/><trkpt lat="36.746162" lon="126.63399"/><trkpt lat="36.746176" lon="126.634036"/><trkpt lat="36.746196" lon="126.634073"/><trkpt lat="36.746226" lon="126.634096"/><trkpt lat="36.746262" lon="126.63411"/><trkpt lat="36.746326" lon="126.634129"/><trkpt lat="36.746365" lon="126.634137"/><trkpt lat="36.746403" lon="126.634141"/><trkpt lat="36.746454" lon="126.634136"/><trkpt lat="36.746504" lon="126.634127"/><trkpt lat="36.74654" lon="126.634115"/><trkpt lat="36.746574" lon="126.634096"/><trkpt lat="36.746617" lon="126.634059"/><trkpt lat="36.746711" lon="126.633972"/><trkpt lat="36.746744" lon="126.633947"/><trkpt lat="36.746792" lon="126.633918"/><trkpt lat="36.746913" lon="126.633852"/><trkpt lat="36.746974" lon="126.633821"/><trkpt lat="36.747012" lon="126.633808"/><trkpt lat="36.74709" lon="126.63379"/><trkpt lat="36.747353" lon="126.633735"/><trkpt lat="36.747418" lon="126.633725"/><trkpt lat="36.747458" lon="126.633725"/><trkpt lat="36.747523" lon="126.633733"/><trkpt lat="36.747785" lon="126.633774"/><trkpt lat="36.747825" lon="126.633777"/><trkpt lat="36.747892" lon="126.633775"/><trkpt lat="36.748553" lon="126.633726"/><trkpt lat="36.748648" lon="126.633721"/><trkpt lat="36.748687" lon="126.633723"/><trkpt lat="36.748722" lon="126.633732"/><trkpt lat="36.748759" lon="126.633747"/><trkpt lat="36.748787" lon="126.633739"/><trkpt lat="36.748815" lon="126.633713"/><trkpt lat="36.748853" lon="126.633669"/><trkpt lat="36.749032" lon="126.633446"/><trkpt lat="36.749071" lon="126.633403"/><trkpt lat="36.749104" lon="126.633379"/><trkpt lat="36.749141" lon="126.633363"/><trkpt lat="36.749193" lon="126.633349"/><trkpt lat="36.749389" lon="126.633299"/><trkpt lat="36.749428" lon="126.633286"/><trkpt lat="36.749465" lon="126.633268"/><trkpt lat="36.749547" lon="126.633214"/><trkpt lat="36.749594" lon="126.633184"/><trkpt lat="36.74963" lon="126.633166"/><trkpt lat="36.749668" lon="126.633158"/><trkpt lat="36.749748" lon="126.633153"/><trkpt lat="36.750107" lon="126.633142"/><trkpt lat="36.750173" lon="126.633137"/><trkpt lat="36.750881" lon="126.633013"/><trkpt lat="36.751135" lon="126.632969"/><trkpt lat="36.751175" lon="126.632967"/><trkpt lat="36.751215" lon="126.632972"/><trkpt lat="36.75132" lon="126.632997"/><trkpt lat="36.751451" lon="126.633031"/><trkpt lat="36.75149" lon="126.633037"/><trkpt lat="36.751526" lon="126.633033"/><trkpt lat="36.751557" lon="126.63301"/><trkpt lat="36.751585" lon="126.632978"/><trkpt lat="36.751659" lon="126.632882"/><trkpt lat="36.751689" lon="126.632849"/><trkpt lat="36.751722" lon="126.632823"/><trkpt lat="36.751758" lon="126.632803"/><trkpt lat="36.751846" lon="126.632762"/><trkpt lat="36.751897" lon="126.632744"/><trkpt lat="36.751936" lon="126.632739"/><trkpt lat="36.752003" lon="126.632742"/><trkpt lat="36.75207" lon="126.632749"/><trkpt lat="36.752108" lon="126.632757"/><trkpt lat="36.752142" lon="126.632776"/><trkpt lat="36.75217" lon="126.632806"/><trkpt lat="36.75223" lon="126.632889"/><trkpt lat="36.752274" lon="126.632948"/><trkpt lat="36.752304" lon="126.63298"/><trkpt lat="36.752359" lon="126.633028"/><trkpt lat="36.752781" lon="126.633379"/><trkpt lat="36.752827" lon="126.633414"/><trkpt lat="36.752862" lon="126.633434"/><trkpt lat="36.752901" lon="126.633442"/><trkpt lat="36.752941" lon="126.633444"/><trkpt lat="36.753008" lon="126.633442"/><trkpt lat="36.753047" lon="126.633436"/><trkpt lat="36.753082" lon="126.63342"/><trkpt lat="36.753111" lon="126.63339"/><trkpt lat="36.753157" lon="126.63333"/><trkpt lat="36.753264" lon="126.633183"/><trkpt lat="36.753293" lon="126.633151"/><trkpt lat="36.753326" lon="126.633128"/><trkpt lat="36.753376" lon="126.633108"/><trkpt lat="36.753658" lon="126.633016"/><trkpt lat="36.753734" lon="126.632988"/><trkpt lat="36.753771" lon="126.63297"/><trkpt lat="36.75398" lon="126.632851"/><trkpt lat="36.754066" lon="126.632805"/><trkpt lat="36.754104" lon="126.632789"/><trkpt lat="36.754169" lon="126.632767"/><trkpt lat="36.754208" lon="126.632759"/><trkpt lat="36.754246" lon="126.632757"/><trkpt lat="36.754376" lon="126.632764"/><trkpt lat="36.754427" lon="126.632766"/><trkpt lat="36.754466" lon="126.632762"/><trkpt lat="36.754518" lon="126.632749"/><trkpt lat="36.75496" lon="126.632611"/><trkpt lat="36.755233" lon="126.632526"/><trkpt lat="36.75527" lon="126.632511"/><trkpt lat="36.755304" lon="126.632487"/><trkpt lat="36.755333" lon="126.632455"/><trkpt lat="36.755448" lon="126.632291"/><trkpt lat="36.755668" lon="126.631973"/><trkpt lat="36.755696" lon="126.631938"/><trkpt lat="36.755726" lon="126.63191"/><trkpt lat="36.755761" lon="126.631896"/><trkpt lat="36.755798" lon="126.63189"/><trkpt lat="36.755849" lon="126.631886"/><trkpt lat="36.755887" lon="126.631888"/><trkpt lat="36.755924" lon="126.631899"/><trkpt lat="36.755961" lon="126.631916"/><trkpt lat="36.756314" lon="126.632115"/><trkpt lat="36.756375" lon="126.632148"/><trkpt lat="36.756412" lon="126.632162"/><trkpt lat="36.756449" lon="126.632164"/><trkpt lat="36.756487" lon="126.632157"/><trkpt lat="36.756575" lon="126.632131"/><trkpt lat="36.756611" lon="126.632116"/><trkpt lat="36.756642" lon="126.632094"/><trkpt lat="36.756664" lon="126.632062"/><trkpt lat="36.756696" lon="126.631998"/><trkpt lat="36.756721" lon="126.631962"/><trkpt lat="36.756749" lon="126.631932"/><trkpt lat="36.756775" lon="126.631917"/><trkpt lat="36.756791" lon="126.631932"/><trkpt lat="36.756799" lon="126.631971"/><trkpt lat="36.756806" lon="126.632034"/><trkpt lat="36.756832" lon="126.632343"/><trkpt lat="36.75674" lon="126.632849"/><trkpt lat="36.757052" lon="126.633476"/><trkpt lat="36.757663" lon="126.633704"/><trkpt lat="36.758191" lon="126.633538"/><trkpt lat="36.758321" lon="126.633784"/></trkseg>
<trkseg><trkpt lat="36.699291" lon="126.613795"/><trkpt lat="36.699298" lon="126.613799"/></trkseg>
<trkseg><trkpt lat="36.699298" lon="126.613799"/><trkpt lat="36.699189" lon="126.613812"/><trkpt lat="36.698651" lon="126.614172"/><trkpt lat="36.698299" lon="126.614399"/><trkpt lat="36.698158" lon="126.614382"/><trkpt lat="36.698158" lon="126.614184"/><trkpt lat="36.698394" lon="126.613496"/><trkpt lat="36.698315" lon="126.61339"/><trkpt lat="36.698105" lon="126.613432"/><trkpt lat="36.697072" lon="126.614012"/><trkpt lat="36.696941" lon="126.613962"/><trkpt lat="36.696928" lon="126.613778"/><trkpt lat="36.696996" lon="126.613449"/><trkpt lat="36.696925" lon="126.613379"/><trkpt lat="36.696741" lon="126.613483"/><trkpt lat="36.696522" lon="126.613618"/><trkpt lat="36.69642" lon="126.613512"/><trkpt lat="36.696419" lon="126.613224"/><trkpt lat="36.69632" lon="126.61297"/><trkpt lat="36.696115" lon="126.612885"/><trkpt lat="36.693659" lon="126.613753"/><trkpt lat="36.693473" lon="126.613736"/><trkpt lat="36.693387" lon="126.613589"/><trkpt lat="36.693386" lon="126.613334"/><trkpt lat="36.693295" lon="126.613246"/><trkpt lat="36.693102" lon="126.613211"/><trkpt lat="36.692748" lon="126.613385"/><trkpt lat="36.692607" lon="126.613454"/><trkpt lat="36.692497" lon="126.613365"/><trkpt lat="36.692444" lon="126.613135"/><trkpt lat="36.692403" lon="126.613034"/><trkpt lat="36.691773" lon="126.612812"/><trkpt lat="36.691515" lon="126.612755"/><trkpt lat="36.691334" lon="126.612747"/><trkpt lat="36.691102" lon="126.612552"/><trkpt lat="36.690743" lon="126.612205"/><trkpt lat="36.690543" lon="126.612126"/><trkpt lat="36.69036" lon="126.612275"/><trkpt lat="36.690107" lon="126.612368"/><trkpt lat="36.68969" lon="126.612213"/><trkpt lat="36.689368" lon="126.612173"/><trkpt lat="36.689125" lon="126.612331"/><trkpt lat="36.688768" lon="126.612526"/><trkpt lat="36.688498" lon="126.612497"/><trkpt lat="36.688021" lon="126.612284"/><trkpt lat="36.687782" lon="126.612279"/><trkpt lat="36.687461" lon="126.612354"/><trkpt lat="36.687139" lon="126.612454"/><trkpt lat="36.686801" lon="126.612669"/><trkpt lat="36.686501" lon="126.61277"/><trkpt lat="36.686099" lon="126.613074"/><trkpt lat="36.68592" lon="126.613108"/><trkpt lat="36.685698" lon="126.6131"/><trkpt lat="36.685336" lon="126.613188"/><trkpt lat="36.685091" lon="126.613402"/><trkpt lat="36.684749" lon="126.613738"/><trkpt lat="36.684432" lon="126.613633"/><trkpt lat="36.684224" lon="126.613596"/><trkpt lat="36.68401" lon="126.613751"/><trkpt lat="36.683748" lon="126.613791"/><trkpt lat="36.68366" lon="126.613853"/><trkpt lat="36.683494" lon="126.614116"/><trkpt lat="36.683212" lon="126.614561"/><trkpt lat="36.68318" lon="126.614615"/><trkpt lat="36.683161" lon="126.614658"/><trkpt lat="36.683123" lon="126.614762"/><trkpt lat="36.682996" lon="126.615124"/><trkpt lat="36.682976" lon="126.615166"/><trkpt lat="36.682946" lon="126.615219"/><trkpt lat="36.682809" lon="126.61544"/><trkpt lat="36.682779" lon="126.615493"/><trkpt lat="36.682762" lon="126.615533"/><trkpt lat="36.682755" lon="126.615573"/><trkpt lat="36.682712" lon="126.615651"/><trkpt lat="36.682564" lon="126.615751"/></trkseg>
<trkseg><trkpt lat="36.699298" lon="126.613799"/><trkpt lat="36.699341" lon="126.613869"/><trkpt lat="36.699385" lon="126.614156"/><trkpt lat="36.699462" lon="126.614357"/><trkpt lat="36.699562" lon="126.614357"/><trkpt lat="36.699712" lon="126.614113"/><trkpt lat="36.699812" lon="126.613991"/><trkpt lat="36.6999" lon="126.614029"/><trkpt lat="36.699989" lon="126.614198"/><trkpt lat="36.700103" lon="126.614274"/><trkpt lat="36.700194" lon="126.614203"/><trkpt lat="36.700248" lon="126.614045"/><trkpt lat="36.70041" lon="126.613988"/><trkpt lat="36.700482" lon="126.614049"/><trkpt lat="36.700516" lon="126.614277"/><trkpt lat="36.700645" lon="126.614424"/><trkpt lat="36.700741" lon="126.614391"/><trkpt lat="36.700809" lon="126.614225"/><trkpt lat="36.700742" lon="126.614021"/><trkpt lat="36.700547" lon="126.61351"/><trkpt lat="36.70063" lon="126.613409"/><trkpt lat="36.700716" lon="126.613444"/><trkpt lat="36.700812" lon="126.613594"/><trkpt lat="36.701006" lon="126.613883"/><trkpt lat="36.701274" lon="126.614125"/><trkpt lat="36.701391" lon="126.614358"/><trkpt lat="36.701418" lon="126.614645"/><trkpt lat="36.701416" lon="126.614653"/><trkpt lat="36.701416" lon="126.614654"/><trkpt lat="36.701416" lon="126.614656"/><trkpt lat="36.701416" lon="126.614656"/><trkpt lat="36.701393" lon="126.61469"/><trkpt lat="36.701342" lon="126.61474"/><trkpt lat="36.701329" lon="126.614915"/><trkpt lat="36.701432" lon="126.614986"/><trkpt lat="36.701586" lon="126.614952"/><trkpt lat="36.701755" lon="126.61488"/><trkpt lat="36.701915" lon="126.614829"/><trkpt lat="36.701991" lon="126.614746"/><trkpt lat="36.702014" lon="126.614548"/><trkpt lat="36.702054" lon="126.614405"/><trkpt lat="36.702159" lon="126.614381"/><trkpt lat="36.702236" lon="126.614437"/><trkpt lat="36.702394" lon="126.614676"/><trkpt lat="36.702491" lon="126.614767"/><trkpt lat="36.702727" lon="126.614988"/></trkseg>
<trkseg><trkpt lat="36.696356" lon="126.587839"/><trkpt lat="36.6963" lon="126.588109"/><trkpt lat="36.696176" lon="126.588177"/><trkpt lat="36.696" lon="126.588175"/><trkpt lat="36.695852" lon="126.58828"/><trkpt lat="36.695683" lon="126.588307"/><trkpt lat="36.695516" lon="126.588305"/><trkpt lat="36.69533" lon="126.588306"/><trkpt lat="36.69509" lon="126.588361"/><trkpt lat="36.694885" lon="126.588409"/><trkpt lat="36.694593" lon="126.588461"/><trkpt lat="36.694301" lon="126.588323"/><trkpt lat="36.694095" lon="126.587952"/><trkpt lat="36.693886" lon="126.587494"/><trkpt lat="36.693646" lon="126.587033"/><trkpt lat="36.693578" lon="126.586604"/><trkpt lat="36.693348" lon="126.586301"/><trkpt lat="36.693032" lon="126.586027"/><trkpt lat="36.692752" lon="126.585688"/><trkpt lat="36.692646" lon="126.585313"/><trkpt lat="36.692591" lon="126.58475"/><trkpt lat="36.692545" lon="126.584292"/><trkpt lat="36.692395" lon="126.583804"/><trkpt lat="36.692098" lon="126.58337"/><trkpt lat="36.691815" lon="126.582999"/><trkpt lat="36.691536" lon="126.582308"/><trkpt lat="36.691274" lon="126.581604"/><trkpt lat="36.691086" lon="126.580922"/></trkseg>
<trkseg><trkpt lat="36.696351" lon="126.587833"/><trkpt lat="36.696322" lon="126.587676"/><trkpt lat="36.696279" lon="126.587436"/><trkpt lat="36.696273" lon="126.587387"/><trkpt lat="36.696274" lon="126.58734"/><trkpt lat="36.696283" lon="126.587293"/><trkpt lat="36.696297" lon="126.587249"/><trkpt lat="36.696316" lon="126.58721"/><trkpt lat="36.696344" lon="126.587183"/><trkpt lat="36.69638" lon="126.587167"/><trkpt lat="36.696457" lon="126.587143"/><trkpt lat="36.696509" lon="126.58713"/><trkpt lat="36.696548" lon="126.587128"/><trkpt lat="36.696586" lon="126.587137"/><trkpt lat="36.696662" lon="126.587167"/><trkpt lat="36.696698" lon="126.58718"/><trkpt lat="36.696731" lon="126.587179"/><trkpt lat="36.696758" lon="126.587155"/><trkpt lat="36.696799" lon="126.587093"/><trkpt lat="36.696825" lon="126.587056"/><trkpt lat="36.696853" lon="126.587027"/><trkpt lat="36.696884" lon="126.587001"/><trkpt lat="36.696916" lon="126.586979"/><trkpt lat="36.696951" lon="126.586964"/><trkpt lat="36.697001" lon="126.586956"/><trkpt lat="36.697063" lon="126.586948"/><trkpt lat="36.697096" lon="126.586937"/><trkpt lat="36.697122" lon="126.58691"/><trkpt lat="36.697141" lon="126.58687"/><trkpt lat="36.697179" lon="126.586766"/><trkpt lat="36.697196" lon="126.586722"/><trkpt lat="36.697218" lon="126.586685"/><trkpt lat="36.697249" lon="126.586656"/><trkpt lat="36.69732" lon="126.58661"/><trkpt lat="36.697355" lon="126.586586"/><trkpt lat="36.697383" lon="126.586555"/><trkpt lat="36.697404" lon="126.586514"/><trkpt lat="36.697432" lon="126.58644"/><trkpt lat="36.697579" lon="126.586033"/><trkpt lat="36.697603" lon="126.585974"/><trkpt lat="36.697625" lon="126.585934"/><trkpt lat="36.697662" lon="126.585888"/><trkpt lat="36.697741" lon="126.585798"/><trkpt lat="36.697767" lon="126.585762"/><trkpt lat="36.697786" lon="126.585722"/><trkpt lat="36.697809" lon="126.585649"/><trkpt lat="36.697824" lon="126.585607"/><trkpt lat="36.697845" lon="126.58557"/><trkpt lat="36.697874" lon="126.58554"/><trkpt lat="36.697972" lon="126.585461"/><trkpt lat="36.698011" lon="126.585426"/><trkpt lat="36.69803" lon="126.585397"/><trkpt lat="36.698038" lon="126.585355"/><trkpt lat="36.69805" lon="126.585313"/><trkpt lat="36.698078" lon="126.585239"/><trkpt lat="36.698119" lon="126.585134"/><trkpt lat="36.698133" lon="126.585088"/><trkpt lat="36.698139" lon="126.585043"/><trkpt lat="36.698135" lon="126.58497"/><trkpt lat="36.698136" lon="126.584925"/><trkpt lat="36.698144" lon="126.584878"/><trkpt lat="36.698216" lon="126.58463"/><trkpt lat="36.698284" lon="126.584398"/><trkpt lat="36.698301" lon="126.584358"/><trkpt lat="36.698324" lon="126.584331"/><trkpt lat="36.698363" lon="126.58431"/><trkpt lat="36.698396" lon="126.584287"/><trkpt lat="36.698494" lon="126.584203"/><trkpt lat="36.698548" lon="126.584153"/><trkpt lat="36.698583" lon="126.584109"/><trkpt lat="36.698608" lon="126.584064"/><trkpt lat="36.698621" lon="126.584034"/></trkseg>
<trkseg><trkpt lat="36.706322" lon="126.608105"/><trkpt lat="36.706329" lon="126.60807"/><trkpt lat="36.706346" lon="126.608022"/><trkpt lat="36.706377" lon="126.607986"/><trkpt lat="36.706413" lon="126.607972"/><trkpt lat="36.706491" lon="126.60795"/><trkpt lat="36.706527" lon="126.607936"/><trkpt lat="36.706559" lon="126.607913"/><trkpt lat="36.706584" lon="126.607879"/><trkpt lat="36.706605" lon="126.607841"/><trkpt lat="36.706622" lon="126.607799"/><trkpt lat="36.706635" lon="126.607752"/><trkpt lat="36.706671" lon="126.607555"/><trkpt lat="36.706747" lon="126.607128"/><trkpt lat="36.706756" lon="126.607063"/><trkpt lat="36.70676" lon="126.607013"/><trkpt lat="36.706765" lon="126.606897"/><trkpt lat="36.706766" lon="126.606831"/><trkpt lat="36.706761" lon="126.606783"/><trkpt lat="36.706749" lon="126.606737"/><trkpt lat="36.706733" lon="126.606692"/><trkpt lat="36.706666" lon="126.606529"/><trkpt lat="36.70665" lon="126.606483"/><trkpt lat="36.70664" lon="126.606437"/><trkpt lat="36.706636" lon="126.606388"/><trkpt lat="36.706638" lon="126.606105"/><trkpt lat="36.706637" lon="126.606006"/><trkpt lat="36.706633" lon="126.605958"/><trkpt lat="36.706621" lon="126.605887"/><trkpt lat="36.706626" lon="126.605845"/><trkpt lat="36.706649" lon="126.605789"/><trkpt lat="36.706664" lon="126.605745"/><trkpt lat="36.706667" lon="126.605702"/><trkpt lat="36.706659" lon="126.605661"/><trkpt lat="36.706641" lon="126.605633"/><trkpt lat="36.706615" lon="126.605619"/><trkpt lat="36.706584" lon="126.605624"/><trkpt lat="36.706551" lon="126.605646"/><trkpt lat="36.706475" lon="126.605711"/><trkpt lat="36.706431" lon="126.605748"/><trkpt lat="36.706396" lon="126.60577"/><trkpt lat="36.706358" lon="126.605785"/><trkpt lat="36.706319" lon="126.605793"/><trkpt lat="36.706279" lon="126.605795"/><trkpt lat="36.706243" lon="126.605785"/><trkpt lat="36.706208" lon="126.605765"/><trkpt lat="36.706176" lon="126.605739"/><trkpt lat="36.706147" lon="126.605705"/><trkpt lat="36.706012" lon="126.605517"/><trkpt lat="36.705762" lon="126.605167"/><trkpt lat="36.705733" lon="126.605132"/><trkpt lat="36.705692" lon="126.605091"/><trkpt lat="36.705507" lon="126.604926"/><trkpt lat="36.705354" lon="126.60479"/><trkpt lat="36.705326" lon="126.604759"/><trkpt lat="36.705309" lon="126.604721"/><trkpt lat="36.705306" lon="126.604675"/><trkpt lat="36.705312" lon="126.604593"/><trkpt lat="36.705363" lon="126.604078"/><trkpt lat="36.705369" lon="126.603996"/><trkpt lat="36.70537" lon="126.603946"/><trkpt lat="36.705365" lon="126.603897"/><trkpt lat="36.70535" lon="126.603817"/><trkpt lat="36.705227" lon="126.603171"/><trkpt lat="36.705174" lon="126.602897"/><trkpt lat="36.705161" lon="126.602851"/><trkpt lat="36.70514" lon="126.602811"/><trkpt lat="36.705099" lon="126.602751"/><trkpt lat="36.705078" lon="126.602713"/><trkpt lat="36.705066" lon="126.602668"/><trkpt lat="36.70506" lon="126.60262"/><trkpt lat="36.705037" lon="126.602341"/><trkpt lat="36.705034" lon="126.602277"/><trkpt lat="36.705036" lon="126.602231"/><trkpt lat="36.70505" lon="126.602191"/><trkpt lat="36.705074" lon="126.602138"/><trkpt lat="36.705089" lon="126.602094"/><trkpt lat="36.705113" lon="126.602"/><trkpt lat="36.705176" lon="126.601731"/><trkpt lat="36.705187" lon="126.601669"/><trkpt lat="36.705187" lon="126.601625"/><trkpt lat="36.705174" lon="126.601588"/><trkpt lat="36.705146" lon="126.601526"/><trkpt lat="36.705136" lon="126.60148"/><trkpt lat="36.705131" lon="126.601432"/><trkpt lat="36.705117" lon="126.601104"/><trkpt lat="36.705117" lon="126.601022"/><trkpt lat="36.705131" lon="126.600687"/><trkpt lat="36.705144" lon="126.600387"/><trkpt lat="36.70515" lon="126.600338"/><trkpt lat="36.705163" lon="126.600276"/><trkpt lat="36.705226" lon="126.600063"/><trkpt lat="36.705256" lon="126.599956"/><trkpt lat="36.705265" lon="126.59991"/><trkpt lat="36.705275" lon="126.59983"/><trkpt lat="36.705291" lon="126.599654"/><trkpt lat="36.705294" lon="126.599589"/><trkpt lat="36.705293" lon="126.599421"/><trkpt lat="36.705289" lon="126.599355"/><trkpt lat="36.705282" lon="126.599307"/><trkpt lat="36.705268" lon="126.599262"/><trkpt lat="36.705213" lon="126.599113"/><trkpt lat="36.705193" lon="126.599053"/><trkpt lat="36.705185" lon="126.599008"/><trkpt lat="36.705188" lon="126.598961"/><trkpt lat="36.705198" lon="126.598913"/><trkpt lat="36.70525" lon="126.598706"/><trkpt lat="36.705264" lon="126.598642"/><trkpt lat="36.705269" lon="126.598594"/><trkpt lat="36.705265" lon="126.598546"/><trkpt lat="36.705254" lon="126.598482"/><trkpt lat="36.705172" lon="126.59808"/><trkpt lat="36.705158" lon="126.598016"/><trkpt lat="36.705145" lon="126.597972"/><trkpt lat="36.705123" lon="126.597937"/><trkpt lat="36.705091" lon="126.597913"/><trkpt lat="36.705042" lon="126.597887"/><trkpt lat="36.704864" lon="126.597804"/><trkpt lat="36.704828" lon="126.597782"/><trkpt lat="36.704797" lon="126.597758"/><trkpt lat="36.704768" lon="126.59773"/><trkpt lat="36.704743" lon="126.5977"/><trkpt lat="36.704726" lon="126.597663"/><trkpt lat="36.70472" lon="126.597616"/><trkpt lat="36.704718" lon="126.597533"/><trkpt lat="36.70472" lon="126.597095"/><trkpt lat="36.704713" lon="126.597039"/></trkseg>
<trkseg><trkpt lat="36.694593" lon="126.588461"/><trkpt lat="36.694812" lon="126.588711"/><trkpt lat="36.695436" lon="126.589107"/><trkpt lat="36.695816" lon="126.589383"/><trkpt lat="36.695871" lon="126.589543"/><trkpt lat="36.695884" lon="126.5897"/><trkpt lat="36.696111" lon="126.589826"/><trkpt lat="36.696397" lon="126.589875"/><trkpt lat="36.696569" lon="126.590093"/><trkpt lat="36.696749" lon="126.59021"/><trkpt lat="36.697081" lon="126.590629"/><trkpt lat="36.697267" lon="126.591066"/><trkpt lat="36.697356" lon="126.591356"/><trkpt lat="36.698031" lon="126.592029"/><trkpt lat="36.698129" lon="126.592161"/><trkpt lat="36.698162" lon="126.592187"/><trkpt lat="36.698198" lon="126.592205"/><trkpt lat="36.698262" lon="126.592226"/><trkpt lat="36.698432" lon="126.592274"/><trkpt lat="36.698471" lon="126.592281"/><trkpt lat="36.698524" lon="126.592282"/><trkpt lat="36.698752" lon="126.592271"/><trkpt lat="36.698805" lon="126.59227"/><trkpt lat="36.698844" lon="126.592274"/><trkpt lat="36.698882" lon="126.592285"/><trkpt lat="36.699078" lon="126.592369"/><trkpt lat="36.699128" lon="126.592386"/><trkpt lat="36.699163" lon="126.592388"/><trkpt lat="36.699192" lon="126.592372"/><trkpt lat="36.699285" lon="126.592273"/><trkpt lat="36.699313" lon="126.592241"/><trkpt lat="36.699343" lon="126.592224"/><trkpt lat="36.699374" lon="126.592218"/><trkpt lat="36.699409" lon="126.592226"/><trkpt lat="36.699443" lon="126.592246"/><trkpt lat="36.699473" lon="126.592277"/><trkpt lat="36.699558" lon="126.592384"/><trkpt lat="36.699609" lon="126.592502"/><trkpt lat="36.699619" lon="126.592556"/><trkpt lat="36.699642" lon="126.592589"/><trkpt lat="36.699668" lon="126.592608"/><trkpt lat="36.699698" lon="126.592614"/><trkpt lat="36.699727" lon="126.592604"/><trkpt lat="36.699754" lon="126.592576"/><trkpt lat="36.699787" lon="126.592528"/><trkpt lat="36.699815" lon="126.592498"/><trkpt lat="36.69985" lon="126.592483"/><trkpt lat="36.699887" lon="126.592478"/><trkpt lat="36.699923" lon="126.59248"/><trkpt lat="36.699951" lon="126.592499"/><trkpt lat="36.69997" lon="126.592535"/><trkpt lat="36.699984" lon="126.592579"/><trkpt lat="36.699981" lon="126.59267"/><trkpt lat="36.699945" lon="126.592932"/><trkpt lat="36.69992" lon="126.593122"/><trkpt lat="36.699919" lon="126.593169"/><trkpt lat="36.699928" lon="126.593206"/><trkpt lat="36.699953" lon="126.593225"/><trkpt lat="36.699987" lon="126.59323"/><trkpt lat="36.700023" lon="126.593222"/><trkpt lat="36.70006" lon="126.593203"/><trkpt lat="36.700196" lon="126.593137"/><trkpt lat="36.700256" lon="126.5931"/><trkpt lat="36.700291" lon="126.593084"/><trkpt lat="36.700324" lon="126.593084"/><trkpt lat="36.70035" lon="126.593105"/><trkpt lat="36.700362" lon="126.593139"/><trkpt lat="36.700357" lon="126.593182"/><trkpt lat="36.700345" lon="126.593228"/><trkpt lat="36.70032" lon="126.593305"/><trkpt lat="36.700301" lon="126.593349"/><trkpt lat="36.700272" lon="126.593404"/><trkpt lat="36.700177" lon="126.593567"/><trkpt lat="36.700155" lon="126.593609"/><trkpt lat="36.70014" lon="126.593651"/><trkpt lat="36.700138" lon="126.593693"/><trkpt lat="36.700151" lon="126.593733"/><trkpt lat="36.700176" lon="126.593766"/><trkpt lat="36.70021" lon="126.59379"/><trkpt lat="36.700247" lon="126.593805"/><trkpt lat="36.700285" lon="126.593805"/><trkpt lat="36.700322" lon="126.593793"/><trkpt lat="36.700384" lon="126.593765"/><trkpt lat="36.70042" lon="126.593745"/><trkpt lat="36.700453" lon="126.593719"/><trkpt lat="36.700501" lon="126.593666"/><trkpt lat="36.700532" lon="126.59364"/><trkpt lat="36.700566" lon="126.593623"/><trkpt lat="36.700625" lon="126.593598"/><trkpt lat="36.70066" lon="126.59358"/><trkpt lat="36.700706" lon="126.593547"/><trkpt lat="36.700808" lon="126.593466"/><trkpt lat="36.700842" lon="126.593441"/><trkpt lat="36.700878" lon="126.593422"/><trkpt lat="36.701144" lon="126.593357"/><trkpt lat="36.701466" lon="126.593294"/></trkseg>
<trkseg><trkpt lat="36.692744" lon="126.580326"/><trkpt lat="36.692741" lon="126.580329"/></trkseg>
<trkseg><trkpt lat="36.697111" lon="126.582185"/><trkpt lat="36.697346" lon="126.58196"/><trkpt lat="36.69739" lon="126.581922"/><trkpt lat="36.697425" lon="126.5819"/><trkpt lat="36.697463" lon="126.581887"/><trkpt lat="36.697581" lon="126.581857"/><trkpt lat="36.697632" lon="126.58184"/><trkpt lat="36.697666" lon="126.581819"/><trkpt lat="36.69768" lon="126.581778"/><trkpt lat="36.697791" lon="126.581648"/><trkpt lat="36.697898" lon="126.581508"/><trkpt lat="36.69793" lon="126.581472"/><trkpt lat="36.697949" lon="126.581429"/><trkpt lat="36.697967" lon="126.581366"/><trkpt lat="36.69799" lon="126.58127"/><trkpt lat="36.698" lon="126.581221"/><trkpt lat="36.698004" lon="126.581173"/><trkpt lat="36.698" lon="126.581125"/><trkpt lat="36.697971" lon="126.580982"/><trkpt lat="36.697971" lon="126.580924"/><trkpt lat="36.697964" lon="126.580871"/><trkpt lat="36.697947" lon="126.58081"/><trkpt lat="36.697946" lon="126.580715"/><trkpt lat="36.698008" lon="126.580558"/><trkpt lat="36.698028" lon="126.580508"/><trkpt lat="36.698035" lon="126.580455"/><trkpt lat="36.698146" lon="126.58027"/><trkpt lat="36.698182" lon="126.580227"/><trkpt lat="36.698198" lon="126.58019"/><trkpt lat="36.698194" lon="126.580158"/><trkpt lat="36.698169" lon="126.580135"/><trkpt lat="36.698134" lon="126.580117"/><trkpt lat="36.698097" lon="126.580102"/><trkpt lat="36.698059" lon="126.58009"/><trkpt lat="36.698021" lon="126.580086"/><trkpt lat="36.697968" lon="126.580091"/><trkpt lat="36.697732" lon="126.580128"/><trkpt lat="36.697654" lon="126.580137"/><trkpt lat="36.697615" lon="126.580136"/><trkpt lat="36.697562" lon="126.580128"/><trkpt lat="36.697416" lon="126.580103"/><trkpt lat="36.697376" lon="126.580102"/><trkpt lat="36.69734" lon="126.580108"/><trkpt lat="36.697281" lon="126.580126"/><trkpt lat="36.697247" lon="126.580132"/><trkpt lat="36.697214" lon="126.580123"/><trkpt lat="36.69718" lon="126.5801"/><trkpt lat="36.697137" lon="126.580062"/><trkpt lat="36.697062" lon="126.579991"/><trkpt lat="36.697032" lon="126.579958"/><trkpt lat="36.697006" lon="126.57992"/><trkpt lat="36.696957" lon="126.579843"/><trkpt lat="36.69693" lon="126.579812"/><trkpt lat="36.696898" lon="126.579799"/><trkpt lat="36.696821" lon="126.579803"/><trkpt lat="36.696785" lon="126.5798"/><trkpt lat="36.696754" lon="126.579781"/><trkpt lat="36.69671" lon="126.579727"/><trkpt lat="36.69668" lon="126.579697"/><trkpt lat="36.696646" lon="126.579674"/><trkpt lat="36.696609" lon="126.579659"/><trkpt lat="36.696571" lon="126.579654"/><trkpt lat="36.696491" lon="126.579661"/><trkpt lat="36.696452" lon="126.579663"/><trkpt lat="36.696414" lon="126.579658"/><trkpt lat="36.696377" lon="126.579642"/><trkpt lat="36.696329" lon="126.579616"/><trkpt lat="36.696222" lon="126.579554"/><trkpt lat="36.696185" lon="126.579537"/><trkpt lat="36.696148" lon="126.57953"/><trkpt lat="36.69611" lon="126.579534"/><trkpt lat="36.696046" lon="126.579552"/><trkpt lat="36.696008" lon="126.579566"/><trkpt lat="36.695973" lon="126.579585"/><trkpt lat="36.695939" lon="126.579612"/><trkpt lat="36.69579" lon="126.579754"/><trkpt lat="36.695748" lon="126.579792"/><trkpt lat="36.695718" lon="126.579812"/><trkpt lat="36.695693" lon="126.579808"/><trkpt lat="36.695675" lon="126.579777"/><trkpt lat="36.695647" lon="126.579708"/><trkpt lat="36.695627" lon="126.579673"/><trkpt lat="36.695601" lon="126.579661"/><trkpt lat="36.695572" lon="126.579674"/><trkpt lat="36.695546" lon="126.579704"/><trkpt lat="36.695501" lon="126.57976"/><trkpt lat="36.695469" lon="126.579784"/><trkpt lat="36.695434" lon="126.579799"/><trkpt lat="36.695398" lon="126.579806"/><trkpt lat="36.695363" lon="126.579801"/><trkpt lat="36.695318" lon="126.579781"/><trkpt lat="36.695282" lon="126.579776"/><trkpt lat="36.695244" lon="126.579781"/><trkpt lat="36.69514" lon="126.579808"/><trkpt lat="36.695102" lon="126.579815"/><trkpt lat="36.695065" lon="126.579814"/><trkpt lat="36.695008" lon="126.579796"/><trkpt lat="36.694973" lon="126.579793"/><trkpt lat="36.694937" lon="126.579801"/><trkpt lat="36.694851" lon="126.579832"/><trkpt lat="36.694813" lon="126.579841"/><trkpt lat="36.694774" lon="126.579845"/><trkpt lat="36.694656" lon="126.579846"/><trkpt lat="36.694578" lon="126.579843"/><trkpt lat="36.694539" lon="126.579837"/><trkpt lat="36.694487" lon="126.57982"/><trkpt lat="36.694372" lon="126.579776"/><trkpt lat="36.694333" lon="126.579764"/><trkpt lat="36.694295" lon="126.57976"/><trkpt lat="36.694258" lon="126.579771"/><trkpt lat="36.694221" lon="126.579789"/><trkpt lat="36.693839" lon="126.580011"/><trkpt lat="36.693621" lon="126.580088"/><trkpt lat="36.693168" lon="126.580083"/><trkpt lat="36.69295" lon="126.580195"/><trkpt lat="36.692787" lon="126.580291"/><trkpt lat="36.692741" lon="126.580329"/></trkseg>
<trkseg><trkpt lat="36.692741" lon="126.580329"/><trkpt lat="36.692701" lon="126.580362"/><trkpt lat="36.692667" lon="126.580384"/><trkpt lat="36.692631" lon="126.580393"/><trkpt lat="36.692592" lon="126.580392"/><trkpt lat="36.69246" lon="126.580374"/><trkpt lat="36.69242" lon="126.580373"/><trkpt lat="36.692381" lon="126.58038"/><trkpt lat="36.692343" lon="126.580394"/><trkpt lat="36.692166" lon="126.580472"/><trkpt lat="36.692128" lon="126.580486"/><trkpt lat="36.692089" lon="126.580492"/><trkpt lat="36.69205" lon="126.580489"/><trkpt lat="36.691908" lon="126.580462"/><trkpt lat="36.691815" lon="126.580423"/></trkseg>
<trkseg><trkpt lat="36.717872" lon="126.626867"/><trkpt lat="36.719314" lon="126.624056"/><trkpt lat="36.719353" lon="126.623876"/><trkpt lat="36.71938" lon="126.623797"/><trkpt lat="36.719391" lon="126.623752"/><trkpt lat="36.719395" lon="126.623706"/><trkpt lat="36.719391" lon="126.623629"/><trkpt lat="36.719392" lon="126.623583"/><trkpt lat="36.719401" lon="126.623538"/><trkpt lat="36.719418" lon="126.623495"/><trkpt lat="36.719506" lon="126.623258"/><trkpt lat="36.719646" lon="126.622973"/><trkpt lat="36.719803" lon="126.622639"/><trkpt lat="36.720072" lon="126.622415"/><trkpt lat="36.720346" lon="126.622313"/><trkpt lat="36.720603" lon="126.622051"/><trkpt lat="36.720885" lon="126.62168"/><trkpt lat="36.720999" lon="126.621651"/><trkpt lat="36.721047" lon="126.621621"/><trkpt lat="36.721081" lon="126.621595"/><trkpt lat="36.721109" lon="126.621562"/><trkpt lat="36.721144" lon="126.621514"/><trkpt lat="36.721225" lon="126.621382"/></trkseg>
<trkseg><trkpt lat="36.721613" lon="126.620879"/><trkpt lat="36.721695" lon="126.620721"/><trkpt lat="36.721723" lon="126.620685"/><trkpt lat="36.721753" lon="126.620654"/><trkpt lat="36.722044" lon="126.620521"/><trkpt lat="36.722399" lon="126.620222"/></trkseg>
<trkseg><trkpt lat="36.721613" lon="126.620879"/><trkpt lat="36.721406" lon="126.621245"/><trkpt lat="36.721268" lon="126.621362"/><trkpt lat="36.721231" lon="126.621366"/></trkseg>
<trkseg><trkpt lat="36.721613" lon="126.620879"/><trkpt lat="36.721613" lon="126.620879"/></trkseg>
<trkseg><trkpt lat="36.704713" lon="126.597039"/><trkpt lat="36.704409" lon="126.597091"/><trkpt lat="36.704175" lon="126.597143"/><trkpt lat="36.703956" lon="126.597061"/><trkpt lat="36.703743" lon="126.59695"/><trkpt lat="36.703733" lon="126.596698"/><trkpt lat="36.703648" lon="126.596503"/><trkpt lat="36.703458" lon="126.596483"/><trkpt lat="36.703317" lon="126.596531"/><trkpt lat="36.703162" lon="126.596541"/><trkpt lat="36.703004" lon="126.596358"/><trkpt lat="36.702939" lon="126.596196"/><trkpt lat="36.702951" lon="126.596065"/><trkpt lat="36.703095" lon="126.595786"/><trkpt lat="36.703128" lon="126.595597"/><trkpt lat="36.703153" lon="126.595371"/><trkpt lat="36.703253" lon="126.595122"/><trkpt lat="36.703264" lon="126.594956"/><trkpt lat="36.703053" lon="126.59462"/><trkpt lat="36.702873" lon="126.594366"/><trkpt lat="36.702759" lon="126.594269"/><trkpt lat="36.702623" lon="126.594202"/><trkpt lat="36.702551" lon="126.594093"/><trkpt lat="36.702309" lon="126.593978"/><trkpt lat="36.702053" lon="126.593678"/><trkpt lat="36.7019" lon="126.593362"/><trkpt lat="36.701856" lon="126.593158"/><trkpt lat="36.701831" lon="126.592888"/><trkpt lat="36.701654" lon="126.592676"/><trkpt lat="36.701578" lon="126.592668"/><trkpt lat="36.70154" lon="126.592748"/><trkpt lat="36.701598" lon="126.59289"/><trkpt lat="36.701644" lon="126.593159"/><trkpt lat="36.701592" lon="126.593248"/><trkpt lat="36.701466" lon="126.593294"/></trkseg>
<trkseg><trkpt lat="36.705404" lon="126.596742"/><trkpt lat="36.705211" lon="126.596968"/><trkpt lat="36.704975" lon="126.597002"/><trkpt lat="36.704754" lon="126.597042"/><trkpt lat="36.704713" lon="126.597039"/></trkseg>
<trkseg><trkpt lat="36.70541" lon="126.596749"/><trkpt lat="36.705669" lon="126.596636"/><trkpt lat="36.706165" lon="126.59668"/><trkpt lat="36.706575" lon="126.596616"/><trkpt lat="36.706715" lon="126.596592"/><trkpt lat="36.706842" lon="126.596715"/><trkpt lat="36.707081" lon="126.597001"/><trkpt lat="36.707456" lon="126.59715"/><trkpt lat="36.707673" lon="126.597117"/><trkpt lat="36.707824" lon="126.596758"/><trkpt lat="36.708041" lon="126.596623"/><trkpt lat="36.708248" lon="126.596593"/><trkpt lat="36.70858" lon="126.596674"/><trkpt lat="36.70884" lon="126.596809"/><trkpt lat="36.709055" lon="126.59689"/><trkpt lat="36.709177" lon="126.597032"/><trkpt lat="36.70957" lon="126.597634"/><trkpt lat="36.709758" lon="126.597618"/><trkpt lat="36.709877" lon="126.597413"/><trkpt lat="36.710008" lon="126.597324"/><trkpt lat="36.71023" lon="126.597325"/><trkpt lat="36.71049" lon="126.597398"/><trkpt lat="36.710888" lon="126.597435"/><trkpt lat="36.711332" lon="126.597571"/><trkpt lat="36.711594" lon="126.59762"/><trkpt lat="36.711761" lon="126.597507"/><trkpt lat="36.712002" lon="126.59747"/><trkpt lat="36.712221" lon="126.597475"/><trkpt lat="36.712373" lon="126.597474"/><trkpt lat="36.712383" lon="126.597409"/><trkpt lat="36.712211" lon="126.597241"/><trkpt lat="36.71215" lon="126.596984"/><trkpt lat="36.712269" lon="126.596986"/><trkpt lat="36.712721" lon="126.597206"/><trkpt lat="36.712799" lon="126.597161"/><trkpt lat="36.712632" lon="126.596978"/><trkpt lat="36.712469" lon="126.596837"/><trkpt lat="36.712442" lon="126.596654"/><trkpt lat="36.712324" lon="126.596325"/><trkpt lat="36.712061" lon="126.596128"/><trkpt lat="36.712042" lon="126.595912"/><trkpt lat="36.712179" lon="126.59566"/><trkpt lat="36.712247" lon="126.595384"/><trkpt lat="36.712376" lon="126.595324"/><trkpt lat="36.712593" lon="126.595293"/><trkpt lat="36.712796" lon="126.595253"/><trkpt lat="36.712934" lon="126.595134"/><trkpt lat="36.713138" lon="126.595041"/><trkpt lat="36.713312" lon="126.59493"/><trkpt lat="36.7134" lon="126.594892"/><trkpt lat="36.713524" lon="126.59498"/><trkpt lat="36.713785" lon="126.59507"/><trkpt lat="36.713932" lon="126.595004"/><trkpt lat="36.713975" lon="126.594909"/><trkpt lat="36.713903" lon="126.59472"/><trkpt lat="36.713869" lon="126.594605"/><trkpt lat="36.713916" lon="126.594513"/><trkpt lat="36.714078" lon="126.594385"/><trkpt lat="36.714118" lon="126.594284"/><trkpt lat="36.714103" lon="126.594085"/><trkpt lat="36.714177" lon="126.593838"/><trkpt lat="36.714288" lon="126.593488"/><trkpt lat="36.71438" lon="126.59315"/><trkpt lat="36.714497" lon="126.59307"/><trkpt lat="36.714811" lon="126.592887"/><trkpt lat="36.71495" lon="126.592614"/><trkpt lat="36.715081" lon="126.592436"/><trkpt lat="36.715168" lon="126.592207"/><trkpt lat="36.715151" lon="126.59208"/><trkpt lat="36.715108" lon="126.591903"/><trkpt lat="36.715162" lon="126.591808"/><trkpt lat="36.715229" lon="126.591745"/><trkpt lat="36.71529" lon="126.59162"/><trkpt lat="36.715301" lon="126.591599"/><trkpt lat="36.715308" lon="126.591578"/><trkpt lat="36.715319" lon="126.591529"/><trkpt lat="36.715342" lon="126.591386"/><trkpt lat="36.715343" lon="126.591383"/></trkseg>
</trk>
</gpx>
