<?xml version="1.0" encoding="UTF-8"?>
<gpx version="1.1" creator="letnaturechoose" xmlns="http://www.topografix.com/GPX/1/1">
<metadata><name>고덕산 등산로</name></metadata>
<trk><name>고덕산</name>
<trkseg><trkpt lat="35.792786" lon="127.170041"/><trkpt lat="35.792704" lon="127.170056"/><trkpt lat="35.792656" lon="127.17006"/><trkpt lat="35.792616" lon="127.170055"/><trkpt lat="35.792565" lon="127.170041"/><trkpt lat="35.79219" lon="127.16992"/><trkpt lat="35.792153" lon="127.169905"/><trkpt lat="35.792121" lon="127.169882"/><trkpt lat="35.792098" lon="127.169848"/><trkpt lat="35.792081" lon="127.169808"/><trkpt lat="35.792028" lon="127.169662"/><trkpt lat="35.792009" lon="127.169622"/><trkpt lat="35.791986" lon="127.169588"/><trkpt lat="35.791955" lon="127.169561"/><trkpt lat="35.791899" lon="127.169524"/><trkpt lat="35.791818" lon="127.169475"/><trkpt lat="35.79177" lon="127.169451"/><trkpt lat="35.79172" lon="127.169435"/><trkpt lat="35.791593" lon="127.169404"/><trkpt lat="35.791555" lon="127.169393"/><trkpt lat="35.79152" lon="127.169375"/><trkpt lat="35.791487" lon="127.169349"/><trkpt lat="35.791381" lon="127.169247"/><trkpt lat="35.791305" lon="127.169177"/><trkpt lat="35.791272" lon="127.169151"/><trkpt lat="35.791227" lon="127.169127"/><trkpt lat="35.791201" lon="127.16911"/><trkpt lat="35.791193" lon="127.169093"/><trkpt lat="35.791189" lon="127.16908"/><trkpt lat="35.791168" lon="127.169076"/><trkpt lat="35.791109" lon="127.169082"/><trkpt lat="35.79107" lon="127.16908"/><trkpt lat="35.791018" lon="127.16907"/><trkpt lat="35.790824" lon="127.169023"/><trkpt lat="35.79076" lon="127.169004"/><trkpt lat="35.79071" lon="127.168982"/><trkpt lat="35.790525" lon="127.168891"/><trkpt lat="35.790477" lon="127.168863"/><trkpt lat="35.790434" lon="127.168828"/><trkpt lat="35.79032" lon="127.168723"/><trkpt lat="35.790288" lon="127.168698"/><trkpt lat="35.790255" lon="127.168683"/><trkpt lat="35.79022" lon="127.168687"/><trkpt lat="35.790183" lon="127.168702"/><trkpt lat="35.789911" lon="127.168839"/><trkpt lat="35.789861" lon="127.168861"/><trkpt lat="35.789823" lon="127.168871"/><trkpt lat="35.789785" lon="127.168873"/><trkpt lat="35.789721" lon="127.168871"/><trkpt lat="35.789683" lon="127.168866"/><trkpt lat="35.789646" lon="127.168855"/><trkpt lat="35.789596" lon="127.168833"/><trkpt lat="35.789449" lon="127.168761"/><trkpt lat="35.789401" lon="127.16874"/><trkpt lat="35.789366" lon="127.168734"/><trkpt lat="35.789335" lon="127.168747"/><trkpt lat="35.789309" lon="127.168779"/><trkpt lat="35.789288" lon="127.168818"/><trkpt lat="35.789277" lon="127.168862"/><trkpt lat="35.789268" lon="127.168919"/><trkpt lat="35.789253" lon="127.168946"/><trkpt lat="35.789229" lon="127.168953"/><trkpt lat="35.789196" lon="127.168947"/><trkpt lat="35.789159" lon="127.168931"/><trkpt lat="35.788803" lon="127.168739"/><trkpt lat="35.788631" lon="127.168648"/><trkpt lat="35.788593" lon="127.168633"/><trkpt lat="35.788558" lon="127.168626"/><trkpt lat="35.788523" lon="127.168623"/><trkpt lat="35.788487" lon="127.168628"/><trkpt lat="35.788449" lon="127.168641"/><trkpt lat="35.788276" lon="127.16872"/><trkpt lat="35.788227" lon="127.168742"/><trkpt lat="35.78819" lon="127.168752"/><trkpt lat="35.788151" lon="127.168752"/><trkpt lat="35.788099" lon="127.168739"/><trkpt lat="35.787682" lon="127.168598"/><trkpt lat="35.787616" lon="127.168579"/><trkpt lat="35.787577" lon="127.168573"/><trkpt lat="35.787538" lon="127.168574"/><trkpt lat="35.787364" lon="127.168592"/><trkpt lat="35.787311" lon="127.168596"/><trkpt lat="35.787274" lon="127.168592"/><trkpt lat="35.787247" lon="127.168576"/><trkpt lat="35.787234" lon="127.168547"/><trkpt lat="35.787234" lon="127.168509"/><trkpt lat="35.787244" lon="127.168468"/><trkpt lat="35.787238" lon="127.168364"/><trkpt lat="35.787125" lon="127.16837"/><trkpt lat="35.787084" lon="127.168374"/><trkpt lat="35.787044" lon="127.168372"/><trkpt lat="35.786993" lon="127.168364"/><trkpt lat="35.786813" lon="127.168325"/><trkpt lat="35.786762" lon="127.168312"/><trkpt lat="35.786725" lon="127.168298"/><trkpt lat="35.786676" lon="127.168273"/><trkpt lat="35.78658" lon="127.168221"/><trkpt lat="35.786544" lon="127.168209"/><trkpt lat="35.786507" lon="127.168211"/><trkpt lat="35.786457" lon="127.168229"/><trkpt lat="35.78642" lon="127.16824"/><trkpt lat="35.786384" lon="127.168236"/><trkpt lat="35.786349" lon="127.16822"/><trkpt lat="35.786255" lon="127.168165"/><trkpt lat="35.786195" lon="127.168132"/><trkpt lat="35.786159" lon="127.168117"/><trkpt lat="35.786121" lon="127.168107"/><trkpt lat="35.785966" lon="127.168082"/><trkpt lat="35.785875" lon="127.16807"/><trkpt lat="35.785837" lon="127.16807"/><trkpt lat="35.785799" lon="127.168073"/><trkpt lat="35.785762" lon="127.16808"/><trkpt lat="35.785726" lon="127.168094"/><trkpt lat="35.785691" lon="127.168117"/><trkpt lat="35.785602" lon="127.168186"/><trkpt lat="35.785568" lon="127.168207"/><trkpt lat="35.785534" lon="127.168215"/><trkpt lat="35.785478" lon="127.168207"/><trkpt lat="35.785442" lon="127.168206"/><trkpt lat="35.785405" lon="127.168211"/><trkpt lat="35.785355" lon="127.168222"/><trkpt lat="35.785319" lon="127.168235"/><trkpt lat="35.785284" lon="127.168256"/><trkpt lat="35.785239" lon="127.168292"/><trkpt lat="35.784903" lon="127.168596"/><trkpt lat="35.784837" lon="127.168653"/><trkpt lat="35.784803" lon="127.168677"/><trkpt lat="35.784766" lon="127.168694"/><trkpt lat="35.784701" lon="127.168715"/><trkpt lat="35.78449" lon="127.168776"/><trkpt lat="35.784451" lon="127.168782"/><trkpt lat="35.784413" lon="127.16878"/><trkpt lat="35.78434" lon="127.168764"/><trkpt lat="35.784304" lon="127.168762"/><trkpt lat="35.784267" lon="127.168771"/><trkpt lat="35.784232" lon="127.168788"/><trkpt lat="35.784197" lon="127.168809"/><trkpt lat="35.784166" lon="127.168835"/><trkpt lat="35.784127" lon="127.168889"/><trkpt lat="35.784102" lon="127.168919"/><trkpt lat="35.78407" lon="127.16894"/><trkpt lat="35.784033" lon="127.168955"/><trkpt lat="35.783932" lon="127.168986"/><trkpt lat="35.783855" lon="127.169008"/><trkpt lat="35.783817" lon="127.169015"/><trkpt lat="35.783779" lon="127.169014"/><trkpt lat="35.783716" lon="127.169008"/><trkpt lat="35.783681" lon="127.169014"/><trkpt lat="35.783636" lon="127.169025"/><trkpt lat="35.783603" lon="127.169025"/><trkpt lat="35.78356" lon="127.169019"/><trkpt lat="35.78353" lon="127.169031"/><trkpt lat="35.783491" lon="127.169064"/><trkpt lat="35.783457" lon="127.169081"/><trkpt lat="35.783419" lon="127.169088"/><trkpt lat="35.783314" lon="127.169097"/><trkpt lat="35.783262" lon="127.169104"/><trkpt lat="35.783227" lon="127.169117"/><trkpt lat="35.783197" lon="127.169142"/><trkpt lat="35.783149" lon="127.169192"/><trkpt lat="35.783118" lon="127.169214"/><trkpt lat="35.783084" lon="127.169232"/><trkpt lat="35.783049" lon="127.169246"/><trkpt lat="35.783012" lon="127.169256"/><trkpt lat="35.782971" lon="127.169261"/><trkpt lat="35.782849" lon="127.169266"/><trkpt lat="35.78281" lon="127.169273"/><trkpt lat="35.782779" lon="127.169289"/><trkpt lat="35.782761" lon="127.169317"/><trkpt lat="35.782764" lon="127.16935"/><trkpt lat="35.782782" lon="127.169386"/><trkpt lat="35.782814" lon="127.169433"/><trkpt lat="35.782842" lon="127.169466"/><trkpt lat="35.782872" lon="127.169494"/><trkpt lat="35.782907" lon="127.169514"/><trkpt lat="35.782943" lon="127.16953"/><trkpt lat="35.782979" lon="127.169537"/><trkpt lat="35.783015" lon="127.169531"/><trkpt lat="35.783072" lon="127.169506"/><trkpt lat="35.783106" lon="127.169502"/><trkpt lat="35.783141" lon="127.169513"/><trkpt lat="35.7832" lon="127.169546"/><trkpt lat="35.783294" lon="127.169603"/><trkpt lat="35.783322" lon="127.169624"/><trkpt lat="35.783337" lon="127.169647"/><trkpt lat="35.783326" lon="127.16967"/><trkpt lat="35.783296" lon="127.169709"/><trkpt lat="35.783259" lon="127.169774"/><trkpt lat="35.783236" lon="127.169809"/><trkpt lat="35.783209" lon="127.169832"/><trkpt lat="35.783159" lon="127.169846"/><trkpt lat="35.783131" lon="127.169867"/><trkpt lat="35.783107" lon="127.169899"/><trkpt lat="35.783066" lon="127.169956"/><trkpt lat="35.783038" lon="127.169982"/><trkpt lat="35.782999" lon="127.170005"/><trkpt lat="35.782983" lon="127.17003"/><trkpt lat="35.782967" lon="127.170068"/><trkpt lat="35.782938" lon="127.170097"/><trkpt lat="35.782921" lon="127.170125"/><trkpt lat="35.782909" lon="127.170174"/><trkpt lat="35.78289" lon="127.170207"/><trkpt lat="35.782848" lon="127.170259"/><trkpt lat="35.782829" lon="127.170294"/><trkpt lat="35.782824" lon="127.170335"/><trkpt lat="35.782826" lon="127.170411"/><trkpt lat="35.782821" lon="127.170456"/><trkpt lat="35.782808" lon="127.1705"/><trkpt lat="35.782784" lon="127.170558"/><trkpt lat="35.782757" lon="127.170615"/><trkpt lat="35.782735" lon="127.170655"/><trkpt lat="35.782708" lon="127.17069"/><trkpt lat="35.782677" lon="127.17072"/><trkpt lat="35.782461" lon="127.170908"/><trkpt lat="35.782428" lon="127.170933"/><trkpt lat="35.782394" lon="127.170952"/><trkpt lat="35.782336" lon="127.170971"/><trkpt lat="35.782302" lon="127.170983"/><trkpt lat="35.782266" lon="127.171002"/><trkpt lat="35.782163" lon="127.171073"/><trkpt lat="35.782118" lon="127.171101"/><trkpt lat="35.782082" lon="127.171114"/><trkpt lat="35.782045" lon="127.171112"/><trkpt lat="35.781993" lon="127.171097"/><trkpt lat="35.781851" lon="127.171046"/><trkpt lat="35.781799" lon="127.171031"/><trkpt lat="35.781759" lon="127.171026"/><trkpt lat="35.781626" lon="127.171029"/><trkpt lat="35.781573" lon="127.171027"/><trkpt lat="35.781536" lon="127.171018"/><trkpt lat="35.781482" lon="127.171001"/><trkpt lat="35.781446" lon="127.171016"/><trkpt lat="35.781406" lon="127.171046"/><trkpt lat="35.78137" lon="127.17108"/></trkseg>
<trkseg><trkpt lat="35.781911" lon="127.164556"/><trkpt lat="35.781961" lon="127.164213"/><trkpt lat="35.781965" lon="127.164164"/><trkpt lat="35.781965" lon="127.164116"/><trkpt lat="35.781954" lon="127.164019"/><trkpt lat="35.781931" lon="127.163843"/><trkpt lat="35.781929" lon="127.163795"/><trkpt lat="35.781934" lon="127.16375"/><trkpt lat="35.78195" lon="127.163706"/><trkpt lat="35.781976" lon="127.16365"/><trkpt lat="35.782083" lon="127.16344"/><trkpt lat="35.782107" lon="127.163401"/><trkpt lat="35.782136" lon="127.163368"/><trkpt lat="35.782344" lon="127.163173"/><trkpt lat="35.782408" lon="127.163117"/><trkpt lat="35.782478" lon="127.163072"/><trkpt lat="35.782646" lon="127.162974"/><trkpt lat="35.782683" lon="127.162957"/><trkpt lat="35.78272" lon="127.162947"/><trkpt lat="35.782783" lon="127.162936"/><trkpt lat="35.782847" lon="127.162928"/><trkpt lat="35.782885" lon="127.162925"/><trkpt lat="35.782923" lon="127.16293"/><trkpt lat="35.782962" lon="127.162942"/><trkpt lat="35.783025" lon="127.162965"/><trkpt lat="35.783062" lon="127.162969"/><trkpt lat="35.783095" lon="127.162956"/><trkpt lat="35.783127" lon="127.162933"/><trkpt lat="35.783155" lon="127.162904"/><trkpt lat="35.783178" lon="127.162867"/><trkpt lat="35.783196" lon="127.162825"/><trkpt lat="35.783235" lon="127.162724"/><trkpt lat="35.783255" lon="127.162686"/><trkpt lat="35.783284" lon="127.162659"/><trkpt lat="35.783319" lon="127.162643"/><trkpt lat="35.783473" lon="127.162593"/><trkpt lat="35.783781" lon="127.162492"/><trkpt lat="35.783833" lon="127.162477"/><trkpt lat="35.783871" lon="127.16247"/><trkpt lat="35.783911" lon="127.162471"/><trkpt lat="35.784094" lon="127.162502"/><trkpt lat="35.784278" lon="127.162535"/><trkpt lat="35.784315" lon="127.162548"/><trkpt lat="35.784348" lon="127.162569"/><trkpt lat="35.784378" lon="127.162598"/><trkpt lat="35.784463" lon="127.162695"/><trkpt lat="35.784493" lon="127.162723"/><trkpt lat="35.784526" lon="127.162743"/><trkpt lat="35.784563" lon="127.162752"/><trkpt lat="35.784628" lon="127.162757"/><trkpt lat="35.784824" lon="127.16277"/><trkpt lat="35.784863" lon="127.162776"/><trkpt lat="35.7849" lon="127.162788"/><trkpt lat="35.785011" lon="127.162832"/><trkpt lat="35.785084" lon="127.162864"/><trkpt lat="35.785116" lon="127.162885"/><trkpt lat="35.785143" lon="127.162916"/><trkpt lat="35.785165" lon="127.162955"/><trkpt lat="35.785217" lon="127.163068"/><trkpt lat="35.785239" lon="127.163108"/><trkpt lat="35.785265" lon="127.163142"/><trkpt lat="35.785307" lon="127.163182"/><trkpt lat="35.785415" lon="127.163277"/><trkpt lat="35.785445" lon="127.163309"/><trkpt lat="35.785468" lon="127.163344"/><trkpt lat="35.785507" lon="127.16342"/><trkpt lat="35.785529" lon="127.163453"/><trkpt lat="35.785561" lon="127.163479"/><trkpt lat="35.785621" lon="127.163514"/><trkpt lat="35.785654" lon="127.163539"/><trkpt lat="35.785694" lon="127.16358"/><trkpt lat="35.785778" lon="127.163681"/><trkpt lat="35.785808" lon="127.163712"/><trkpt lat="35.785841" lon="127.163739"/><trkpt lat="35.785888" lon="127.163768"/><trkpt lat="35.785974" lon="127.163815"/><trkpt lat="35.786011" lon="127.163831"/><trkpt lat="35.786049" lon="127.16384"/><trkpt lat="35.786087" lon="127.163837"/><trkpt lat="35.786153" lon="127.163826"/><trkpt lat="35.78631" lon="127.163793"/><trkpt lat="35.786348" lon="127.163781"/><trkpt lat="35.786385" lon="127.163763"/><trkpt lat="35.786529" lon="127.163676"/><trkpt lat="35.786602" lon="127.163634"/><trkpt lat="35.786639" lon="127.163617"/><trkpt lat="35.78669" lon="127.163603"/><trkpt lat="35.786908" lon="127.163554"/><trkpt lat="35.786945" lon="127.163543"/><trkpt lat="35.78698" lon="127.163525"/><trkpt lat="35.787013" lon="127.163499"/><trkpt lat="35.787129" lon="127.163387"/><trkpt lat="35.787171" lon="127.163347"/><trkpt lat="35.787205" lon="127.163322"/><trkpt lat="35.787241" lon="127.163304"/><trkpt lat="35.787291" lon="127.163286"/><trkpt lat="35.787572" lon="127.163192"/><trkpt lat="35.78761" lon="127.163182"/><trkpt lat="35.787648" lon="127.163179"/><trkpt lat="35.787686" lon="127.163183"/><trkpt lat="35.787825" lon="127.163212"/><trkpt lat="35.787877" lon="127.163219"/><trkpt lat="35.78797" lon="127.16322"/><trkpt lat="35.788373" lon="127.163211"/><trkpt lat="35.788426" lon="127.163206"/><trkpt lat="35.788479" lon="127.163195"/><trkpt lat="35.788809" lon="127.163103"/><trkpt lat="35.788862" lon="127.16309"/><trkpt lat="35.788915" lon="127.163084"/><trkpt lat="35.78917" lon="127.163079"/><trkpt lat="35.78984" lon="127.163067"/><trkpt lat="35.789892" lon="127.163062"/><trkpt lat="35.789931" lon="127.16305"/><trkpt lat="35.789992" lon="127.163021"/><trkpt lat="35.790029" lon="127.163005"/><trkpt lat="35.790066" lon="127.162997"/><trkpt lat="35.790104" lon="127.162999"/><trkpt lat="35.790218" lon="127.163019"/><trkpt lat="35.790257" lon="127.163021"/><trkpt lat="35.79031" lon="127.163016"/><trkpt lat="35.790826" lon="127.162933"/><trkpt lat="35.790879" lon="127.162923"/><trkpt lat="35.790917" lon="127.162911"/><trkpt lat="35.790953" lon="127.162892"/><trkpt lat="35.791035" lon="127.162836"/><trkpt lat="35.791126" lon="127.162768"/><trkpt lat="35.791158" lon="127.16274"/><trkpt lat="35.791183" lon="127.162705"/><trkpt lat="35.791203" lon="127.162664"/><trkpt lat="35.791236" lon="127.162582"/><trkpt lat="35.791272" lon="127.16249"/></trkseg>
<trkseg><trkpt lat="35.780439" lon="127.170809"/><trkpt lat="35.780469" lon="127.17038"/><trkpt lat="35.780469" lon="127.170314"/><trkpt lat="35.780449" lon="127.16994"/><trkpt lat="35.780446" lon="127.169859"/><trkpt lat="35.78045" lon="127.169812"/><trkpt lat="35.780462" lon="127.16977"/><trkpt lat="35.780483" lon="127.169731"/><trkpt lat="35.780536" lon="127.16964"/><trkpt lat="35.780556" lon="127.169599"/><trkpt lat="35.780594" lon="127.169495"/><trkpt lat="35.780655" lon="127.169315"/><trkpt lat="35.780672" lon="127.169254"/><trkpt lat="35.780691" lon="127.169159"/><trkpt lat="35.780748" lon="127.168841"/><trkpt lat="35.780752" lon="127.168793"/><trkpt lat="35.780753" lon="127.168728"/><trkpt lat="35.780752" lon="127.16858"/><trkpt lat="35.780758" lon="127.168533"/><trkpt lat="35.780769" lon="127.168486"/><trkpt lat="35.78086" lon="127.168194"/><trkpt lat="35.780975" lon="127.167826"/><trkpt lat="35.780992" lon="127.167781"/><trkpt lat="35.781037" lon="127.167689"/><trkpt lat="35.781062" lon="127.167636"/><trkpt lat="35.781077" lon="127.167594"/><trkpt lat="35.781086" lon="127.167547"/><trkpt lat="35.781105" lon="127.167404"/><trkpt lat="35.781114" lon="127.167358"/><trkpt lat="35.781131" lon="127.167316"/><trkpt lat="35.781156" lon="127.16728"/><trkpt lat="35.781204" lon="127.167225"/><trkpt lat="35.781433" lon="127.166973"/><trkpt lat="35.781461" lon="127.166939"/><trkpt lat="35.781485" lon="127.166902"/><trkpt lat="35.781511" lon="127.166849"/><trkpt lat="35.781541" lon="127.166781"/><trkpt lat="35.781556" lon="127.166738"/><trkpt lat="35.781565" lon="127.166691"/><trkpt lat="35.781577" lon="127.166594"/><trkpt lat="35.781647" lon="127.165929"/><trkpt lat="35.781656" lon="127.165865"/><trkpt lat="35.781667" lon="127.165819"/><trkpt lat="35.781684" lon="127.165777"/><trkpt lat="35.781721" lon="127.165711"/><trkpt lat="35.781822" lon="127.165542"/><trkpt lat="35.781843" lon="127.165502"/><trkpt lat="35.781857" lon="127.165458"/><trkpt lat="35.781864" lon="127.165411"/><trkpt lat="35.781881" lon="127.165098"/><trkpt lat="35.781911" lon="127.164556"/></trkseg>
<trkseg><trkpt lat="35.761247" lon="127.139278"/><trkpt lat="35.761203" lon="127.139544"/><trkpt lat="35.761197" lon="127.139591"/><trkpt lat="35.761196" lon="127.139639"/><trkpt lat="35.7612" lon="127.139851"/><trkpt lat="35.761206" lon="127.140096"/><trkpt lat="35.761203" lon="127.140143"/><trkpt lat="35.761192" lon="127.140186"/><trkpt lat="35.761169" lon="127.140224"/><trkpt lat="35.761133" lon="127.140271"/><trkpt lat="35.760965" lon="127.140482"/><trkpt lat="35.760939" lon="127.140519"/><trkpt lat="35.760917" lon="127.140559"/><trkpt lat="35.76082" lon="127.140751"/><trkpt lat="35.76078" lon="127.140834"/><trkpt lat="35.760763" lon="127.140877"/><trkpt lat="35.76075" lon="127.140923"/><trkpt lat="35.760715" lon="127.1411"/><trkpt lat="35.760698" lon="127.141197"/><trkpt lat="35.760694" lon="127.141245"/><trkpt lat="35.760696" lon="127.141294"/><trkpt lat="35.760721" lon="127.141603"/><trkpt lat="35.760725" lon="127.141668"/><trkpt lat="35.760724" lon="127.141715"/><trkpt lat="35.760714" lon="127.141761"/><trkpt lat="35.760696" lon="127.141804"/><trkpt lat="35.760568" lon="127.142057"/><trkpt lat="35.760306" lon="127.142578"/></trkseg>
<trkseg><trkpt lat="35.760814" lon="127.173511"/><trkpt lat="35.760832" lon="127.173585"/><trkpt lat="35.760843" lon="127.173644"/><trkpt lat="35.760842" lon="127.173693"/><trkpt lat="35.760832" lon="127.17374"/><trkpt lat="35.760808" lon="127.173834"/><trkpt lat="35.760802" lon="127.17388"/><trkpt lat="35.760808" lon="127.173922"/><trkpt lat="35.760823" lon="127.173952"/><trkpt lat="35.760845" lon="127.173953"/><trkpt lat="35.760884" lon="127.173926"/><trkpt lat="35.760917" lon="127.173909"/><trkpt lat="35.76095" lon="127.17391"/><trkpt lat="35.761021" lon="127.173932"/><trkpt lat="35.761057" lon="127.17394"/><trkpt lat="35.761095" lon="127.173937"/><trkpt lat="35.761147" lon="127.173926"/><trkpt lat="35.761314" lon="127.173878"/><trkpt lat="35.761353" lon="127.17387"/><trkpt lat="35.761391" lon="127.173868"/><trkpt lat="35.761429" lon="127.173874"/><trkpt lat="35.761517" lon="127.173892"/><trkpt lat="35.761556" lon="127.173895"/><trkpt lat="35.761636" lon="127.173891"/><trkpt lat="35.76177" lon="127.173882"/><trkpt lat="35.761809" lon="127.173884"/><trkpt lat="35.761844" lon="127.173895"/><trkpt lat="35.7619" lon="127.173921"/><trkpt lat="35.761937" lon="127.173924"/><trkpt lat="35.762015" lon="127.173919"/><trkpt lat="35.762052" lon="127.173918"/><trkpt lat="35.762086" lon="127.173924"/><trkpt lat="35.762107" lon="127.173941"/><trkpt lat="35.762115" lon="127.173969"/><trkpt lat="35.76213" lon="127.173985"/><trkpt lat="35.762162" lon="127.173994"/><trkpt lat="35.762252" lon="127.17401"/><trkpt lat="35.762319" lon="127.174018"/><trkpt lat="35.762358" lon="127.174018"/><trkpt lat="35.762395" lon="127.174008"/><trkpt lat="35.762441" lon="127.173984"/><trkpt lat="35.762512" lon="127.173945"/><trkpt lat="35.762548" lon="127.173932"/><trkpt lat="35.7626" lon="127.173924"/><trkpt lat="35.763023" lon="127.173892"/><trkpt lat="35.763075" lon="127.173891"/><trkpt lat="35.763112" lon="127.173897"/><trkpt lat="35.763146" lon="127.173917"/><trkpt lat="35.763178" lon="127.173943"/><trkpt lat="35.763271" lon="127.17403"/><trkpt lat="35.763321" lon="127.174081"/><trkpt lat="35.763347" lon="127.174115"/><trkpt lat="35.763379" lon="127.174164"/><trkpt lat="35.763448" lon="127.174277"/><trkpt lat="35.763475" lon="127.17431"/><trkpt lat="35.763507" lon="127.174338"/><trkpt lat="35.763577" lon="127.174385"/><trkpt lat="35.763745" lon="127.17449"/><trkpt lat="35.763781" lon="127.17451"/><trkpt lat="35.763819" lon="127.174524"/><trkpt lat="35.763936" lon="127.174552"/><trkpt lat="35.763969" lon="127.174562"/><trkpt lat="35.76399" lon="127.174576"/><trkpt lat="35.763994" lon="127.174594"/><trkpt lat="35.764004" lon="127.17462"/><trkpt lat="35.764026" lon="127.174652"/><trkpt lat="35.764053" lon="127.174684"/><trkpt lat="35.764083" lon="127.174715"/><trkpt lat="35.764116" lon="127.174739"/><trkpt lat="35.764153" lon="127.174751"/><trkpt lat="35.764192" lon="127.174756"/><trkpt lat="35.764394" lon="127.174769"/><trkpt lat="35.764622" lon="127.174783"/><trkpt lat="35.764661" lon="127.17478"/><trkpt lat="35.764714" lon="127.17477"/><trkpt lat="35.76487" lon="127.17473"/><trkpt lat="35.764906" lon="127.174725"/><trkpt lat="35.764934" lon="127.174732"/><trkpt lat="35.764957" lon="127.174765"/><trkpt lat="35.764982" lon="127.174795"/><trkpt lat="35.765042" lon="127.174853"/><trkpt lat="35.765127" lon="127.174925"/><trkpt lat="35.76523" lon="127.174998"/><trkpt lat="35.765435" lon="127.175141"/><trkpt lat="35.765466" lon="127.175168"/><trkpt lat="35.765492" lon="127.175203"/><trkpt lat="35.765531" lon="127.175269"/><trkpt lat="35.765557" lon="127.175304"/><trkpt lat="35.765587" lon="127.175333"/><trkpt lat="35.765685" lon="127.175409"/><trkpt lat="35.765728" lon="127.175444"/><trkpt lat="35.765758" lon="127.175474"/><trkpt lat="35.765786" lon="127.175508"/><trkpt lat="35.76588" lon="127.175644"/><trkpt lat="35.765914" lon="127.175692"/><trkpt lat="35.765942" lon="127.175724"/><trkpt lat="35.765973" lon="127.175745"/><trkpt lat="35.766031" lon="127.175759"/><trkpt lat="35.766068" lon="127.17577"/><trkpt lat="35.76613" lon="127.175798"/><trkpt lat="35.766338" lon="127.175903"/><trkpt lat="35.766386" lon="127.17593"/><trkpt lat="35.766418" lon="127.175955"/><trkpt lat="35.766444" lon="127.175989"/><trkpt lat="35.766473" lon="127.17604"/><trkpt lat="35.766523" lon="127.176131"/><trkpt lat="35.766546" lon="127.176161"/><trkpt lat="35.766572" lon="127.176174"/><trkpt lat="35.766609" lon="127.176169"/><trkpt lat="35.766641" lon="127.176168"/><trkpt lat="35.766675" lon="127.176175"/><trkpt lat="35.766709" lon="127.176189"/><trkpt lat="35.766742" lon="127.176209"/><trkpt lat="35.766828" lon="127.176275"/><trkpt lat="35.766861" lon="127.176297"/><trkpt lat="35.766896" lon="127.176316"/><trkpt lat="35.766984" lon="127.176347"/><trkpt lat="35.767034" lon="127.176367"/><trkpt lat="35.767068" lon="127.176388"/><trkpt lat="35.767121" lon="127.176435"/><trkpt lat="35.767154" lon="127.176455"/><trkpt lat="35.767189" lon="127.17646"/><trkpt lat="35.767238" lon="127.17646"/><trkpt lat="35.767282" lon="127.176472"/><trkpt lat="35.767317" lon="127.176475"/><trkpt lat="35.767354" lon="127.176467"/><trkpt lat="35.767429" lon="127.176441"/><trkpt lat="35.767467" lon="127.176431"/><trkpt lat="35.767506" lon="127.176429"/><trkpt lat="35.767595" lon="127.176437"/><trkpt lat="35.767633" lon="127.176443"/><trkpt lat="35.76767" lon="127.176454"/><trkpt lat="35.767702" lon="127.176476"/><trkpt lat="35.767731" lon="127.176507"/><trkpt lat="35.767917" lon="127.176739"/><trkpt lat="35.767952" lon="127.176787"/><trkpt lat="35.767973" lon="127.176826"/><trkpt lat="35.767987" lon="127.176871"/><trkpt lat="35.768002" lon="127.17695"/><trkpt lat="35.768014" lon="127.176995"/><trkpt lat="35.768035" lon="127.177032"/><trkpt lat="35.768063" lon="127.177062"/><trkpt lat="35.768169" lon="127.177156"/><trkpt lat="35.76822" lon="127.177204"/><trkpt lat="35.768247" lon="127.177236"/><trkpt lat="35.768267" lon="127.177274"/><trkpt lat="35.768287" lon="127.177329"/><trkpt lat="35.768306" lon="127.177366"/><trkpt lat="35.768337" lon="127.17739"/><trkpt lat="35.768373" lon="127.177408"/><trkpt lat="35.768617" lon="127.1775"/><trkpt lat="35.769027" lon="127.177657"/><trkpt lat="35.769079" lon="127.177673"/><trkpt lat="35.769145" lon="127.177684"/><trkpt lat="35.769277" lon="127.177699"/><trkpt lat="35.76933" lon="127.177702"/><trkpt lat="35.76937" lon="127.1777"/><trkpt lat="35.76945" lon="127.177687"/><trkpt lat="35.769623" lon="127.177657"/><trkpt lat="35.769663" lon="127.177654"/><trkpt lat="35.769702" lon="127.177656"/><trkpt lat="35.769768" lon="127.17767"/><trkpt lat="35.770598" lon="127.177873"/><trkpt lat="35.77077" lon="127.177915"/><trkpt lat="35.770808" lon="127.177928"/><trkpt lat="35.770841" lon="127.177949"/><trkpt lat="35.77087" lon="127.177979"/><trkpt lat="35.770931" lon="127.178061"/><trkpt lat="35.77098" lon="127.178134"/><trkpt lat="35.771001" lon="127.178173"/><trkpt lat="35.771015" lon="127.178218"/><trkpt lat="35.771028" lon="127.178281"/><trkpt lat="35.771059" lon="127.178441"/><trkpt lat="35.771071" lon="127.178488"/><trkpt lat="35.771088" lon="127.178528"/><trkpt lat="35.771107" lon="127.178566"/><trkpt lat="35.771129" lon="127.178601"/><trkpt lat="35.771157" lon="127.178628"/><trkpt lat="35.771192" lon="127.178646"/><trkpt lat="35.771242" lon="127.178664"/><trkpt lat="35.771461" lon="127.178732"/><trkpt lat="35.771498" lon="127.178747"/><trkpt lat="35.771534" lon="127.178766"/><trkpt lat="35.771568" lon="127.178791"/><trkpt lat="35.771647" lon="127.178854"/><trkpt lat="35.771682" lon="127.178874"/><trkpt lat="35.771739" lon="127.17889"/><trkpt lat="35.771772" lon="127.178902"/><trkpt lat="35.771804" lon="127.178926"/><trkpt lat="35.771843" lon="127.17897"/><trkpt lat="35.77192" lon="127.179061"/><trkpt lat="35.771951" lon="127.17909"/><trkpt lat="35.771985" lon="127.179107"/><trkpt lat="35.772045" lon="127.179121"/><trkpt lat="35.772085" lon="127.179137"/><trkpt lat="35.772123" lon="127.179169"/><trkpt lat="35.772149" lon="127.179199"/><trkpt lat="35.772155" lon="127.179207"/></trkseg>
<trkseg><trkpt lat="35.784088" lon="127.179019"/><trkpt lat="35.784053" lon="127.178985"/><trkpt lat="35.784011" lon="127.178955"/><trkpt lat="35.783968" lon="127.178936"/><trkpt lat="35.783583" lon="127.178819"/><trkpt lat="35.783506" lon="127.178793"/><trkpt lat="35.783458" lon="127.178769"/><trkpt lat="35.78334" lon="127.178701"/><trkpt lat="35.783305" lon="127.178686"/><trkpt lat="35.78328" lon="127.178541"/><trkpt lat="35.783297" lon="127.178501"/><trkpt lat="35.783304" lon="127.178463"/><trkpt lat="35.783288" lon="127.178429"/><trkpt lat="35.783262" lon="127.178396"/><trkpt lat="35.783157" lon="127.178292"/><trkpt lat="35.782762" lon="127.177893"/><trkpt lat="35.782723" lon="127.177849"/><trkpt lat="35.782686" lon="127.177802"/><trkpt lat="35.782453" lon="127.17747"/><trkpt lat="35.7824" lon="127.177398"/><trkpt lat="35.782371" lon="127.177365"/><trkpt lat="35.782338" lon="127.177338"/><trkpt lat="35.782269" lon="127.177289"/><trkpt lat="35.782235" lon="127.177262"/><trkpt lat="35.782205" lon="127.17723"/><trkpt lat="35.782158" lon="127.177172"/><trkpt lat="35.782047" lon="127.177028"/><trkpt lat="35.782021" lon="127.176991"/><trkpt lat="35.781998" lon="127.176951"/><trkpt lat="35.781942" lon="127.176822"/><trkpt lat="35.781915" lon="127.176767"/><trkpt lat="35.781891" lon="127.176732"/><trkpt lat="35.781859" lon="127.176708"/><trkpt lat="35.781799" lon="127.176675"/><trkpt lat="35.781766" lon="127.176651"/><trkpt lat="35.781735" lon="127.176622"/><trkpt lat="35.781604" lon="127.176486"/><trkpt lat="35.781543" lon="127.176426"/><trkpt lat="35.78151" lon="127.176402"/><trkpt lat="35.781472" lon="127.176387"/><trkpt lat="35.781408" lon="127.176368"/><trkpt lat="35.781373" lon="127.176349"/><trkpt lat="35.781333" lon="127.176312"/><trkpt lat="35.781301" lon="127.176286"/><trkpt lat="35.781265" lon="127.176268"/><trkpt lat="35.781201" lon="127.176248"/><trkpt lat="35.780913" lon="127.176175"/><trkpt lat="35.780873" lon="127.176169"/><trkpt lat="35.780658" lon="127.176155"/><trkpt lat="35.780592" lon="127.176149"/><trkpt lat="35.780553" lon="127.17614"/><trkpt lat="35.780515" lon="127.176123"/><trkpt lat="35.780443" lon="127.176078"/><trkpt lat="35.780289" lon="127.175976"/><trkpt lat="35.780255" lon="127.175949"/><trkpt lat="35.780225" lon="127.175917"/><trkpt lat="35.780169" lon="127.175846"/><trkpt lat="35.779614" lon="127.175126"/><trkpt lat="35.779566" lon="127.175068"/><trkpt lat="35.779534" lon="127.175038"/><trkpt lat="35.779489" lon="127.175001"/><trkpt lat="35.779248" lon="127.174818"/><trkpt lat="35.779201" lon="127.174787"/><trkpt lat="35.779164" lon="127.17477"/><trkpt lat="35.779127" lon="127.174762"/><trkpt lat="35.779" lon="127.174748"/><trkpt lat="35.778963" lon="127.174739"/><trkpt lat="35.778928" lon="127.174722"/><trkpt lat="35.778896" lon="127.174699"/><trkpt lat="35.778865" lon="127.174671"/><trkpt lat="35.778836" lon="127.174641"/><trkpt lat="35.77881" lon="127.174606"/><trkpt lat="35.778673" lon="127.174391"/><trkpt lat="35.778626" lon="127.174314"/><trkpt lat="35.778607" lon="127.174272"/><trkpt lat="35.778592" lon="127.174227"/><trkpt lat="35.778525" lon="127.173996"/><trkpt lat="35.778482" lon="127.173842"/></trkseg>
<trkseg><trkpt lat="35.784088" lon="127.179019"/><trkpt lat="35.783538" lon="127.179132"/><trkpt lat="35.783499" lon="127.179138"/><trkpt lat="35.78346" lon="127.179139"/><trkpt lat="35.78342" lon="127.179133"/><trkpt lat="35.783261" lon="127.179097"/><trkpt lat="35.783168" lon="127.179078"/><trkpt lat="35.783128" lon="127.179074"/><trkpt lat="35.782939" lon="127.179071"/><trkpt lat="35.78279" lon="127.179069"/><trkpt lat="35.78275" lon="127.179073"/><trkpt lat="35.782716" lon="127.179085"/><trkpt lat="35.782693" lon="127.17911"/><trkpt lat="35.782685" lon="127.179147"/><trkpt lat="35.782691" lon="127.179192"/><trkpt lat="35.782701" lon="127.179238"/><trkpt lat="35.782715" lon="127.179284"/><trkpt lat="35.782734" lon="127.179327"/><trkpt lat="35.782759" lon="127.179366"/><trkpt lat="35.782806" lon="127.179426"/><trkpt lat="35.782835" lon="127.179457"/><trkpt lat="35.782869" lon="127.179479"/><trkpt lat="35.782906" lon="127.179488"/><trkpt lat="35.782983" lon="127.179502"/><trkpt lat="35.783015" lon="127.179519"/><trkpt lat="35.783041" lon="127.179549"/><trkpt lat="35.783061" lon="127.179584"/><trkpt lat="35.783074" lon="127.179623"/><trkpt lat="35.783077" lon="127.179661"/><trkpt lat="35.783069" lon="127.179699"/><trkpt lat="35.783049" lon="127.179738"/><trkpt lat="35.783013" lon="127.179787"/><trkpt lat="35.78293" lon="127.179895"/><trkpt lat="35.782901" lon="127.179927"/><trkpt lat="35.782869" lon="127.179949"/><trkpt lat="35.782833" lon="127.17996"/><trkpt lat="35.782718" lon="127.179975"/><trkpt lat="35.782654" lon="127.179986"/><trkpt lat="35.782619" lon="127.179998"/><trkpt lat="35.782575" lon="127.180026"/><trkpt lat="35.782542" lon="127.180043"/><trkpt lat="35.782505" lon="127.180047"/><trkpt lat="35.782441" lon="127.180039"/><trkpt lat="35.782402" lon="127.180036"/><trkpt lat="35.782363" lon="127.18004"/><trkpt lat="35.782312" lon="127.180051"/><trkpt lat="35.782198" lon="127.180081"/><trkpt lat="35.782148" lon="127.180097"/><trkpt lat="35.78211" lon="127.180113"/><trkpt lat="35.782025" lon="127.18016"/><trkpt lat="35.781806" lon="127.180286"/><trkpt lat="35.781768" lon="127.180301"/><trkpt lat="35.781731" lon="127.180308"/><trkpt lat="35.781694" lon="127.180308"/><trkpt lat="35.781656" lon="127.180302"/><trkpt lat="35.781619" lon="127.180289"/><trkpt lat="35.781433" lon="127.180205"/><trkpt lat="35.781371" lon="127.18018"/><trkpt lat="35.781335" lon="127.180172"/><trkpt lat="35.781301" lon="127.180178"/><trkpt lat="35.781269" lon="127.180195"/><trkpt lat="35.781214" lon="127.180227"/><trkpt lat="35.781177" lon="127.18024"/><trkpt lat="35.781125" lon="127.180251"/><trkpt lat="35.781034" lon="127.180265"/><trkpt lat="35.780997" lon="127.180277"/><trkpt lat="35.780965" lon="127.180299"/><trkpt lat="35.780916" lon="127.180342"/><trkpt lat="35.780881" lon="127.180357"/><trkpt lat="35.780843" lon="127.180365"/><trkpt lat="35.780713" lon="127.180382"/><trkpt lat="35.780675" lon="127.18039"/><trkpt lat="35.780639" lon="127.180404"/><trkpt lat="35.780608" lon="127.180429"/><trkpt lat="35.78056" lon="127.180479"/><trkpt lat="35.780529" lon="127.180504"/><trkpt lat="35.780495" lon="127.180514"/><trkpt lat="35.780457" lon="127.180512"/><trkpt lat="35.780392" lon="127.180501"/><trkpt lat="35.780156" lon="127.180455"/><trkpt lat="35.780118" lon="127.180454"/><trkpt lat="35.780085" lon="127.180464"/><trkpt lat="35.780057" lon="127.180485"/><trkpt lat="35.780008" lon="127.180527"/><trkpt lat="35.77996" lon="127.180555"/><trkpt lat="35.77977" lon="127.180646"/><trkpt lat="35.779696" lon="127.180684"/><trkpt lat="35.779663" lon="127.180709"/><trkpt lat="35.779634" lon="127.180742"/><trkpt lat="35.77959" lon="127.1808"/><trkpt lat="35.779559" lon="127.180822"/><trkpt lat="35.779523" lon="127.18083"/><trkpt lat="35.779444" lon="127.18083"/><trkpt lat="35.779113" lon="127.180822"/><trkpt lat="35.779061" lon="127.180824"/><trkpt lat="35.779023" lon="127.180834"/><trkpt lat="35.778987" lon="127.180853"/><trkpt lat="35.778953" lon="127.180876"/><trkpt lat="35.77892" lon="127.180904"/><trkpt lat="35.778891" lon="127.180937"/><trkpt lat="35.778829" lon="127.181023"/><trkpt lat="35.778724" lon="127.181172"/><trkpt lat="35.778697" lon="127.181206"/><trkpt lat="35.778666" lon="127.181231"/><trkpt lat="35.77863" lon="127.181242"/><trkpt lat="35.77859" lon="127.181244"/><trkpt lat="35.778483" lon="127.181243"/><trkpt lat="35.778445" lon="127.181247"/><trkpt lat="35.778412" lon="127.181263"/><trkpt lat="35.778386" lon="127.18129"/><trkpt lat="35.778352" lon="127.181329"/><trkpt lat="35.778322" lon="127.181351"/><trkpt lat="35.778287" lon="127.181366"/><trkpt lat="35.778202" lon="127.181394"/><trkpt lat="35.778167" lon="127.18141"/><trkpt lat="35.778132" lon="127.181431"/><trkpt lat="35.778076" lon="127.18147"/><trkpt lat="35.778044" lon="127.181496"/><trkpt lat="35.778017" lon="127.181525"/><trkpt lat="35.778" lon="127.181564"/><trkpt lat="35.777992" lon="127.181611"/><trkpt lat="35.77798" lon="127.18169"/><trkpt lat="35.777966" lon="127.18173"/><trkpt lat="35.777939" lon="127.181757"/><trkpt lat="35.777906" lon="127.181777"/><trkpt lat="35.777796" lon="127.181831"/><trkpt lat="35.777762" lon="127.181852"/><trkpt lat="35.777734" lon="127.181881"/><trkpt lat="35.777712" lon="127.18192"/><trkpt lat="35.77767" lon="127.182022"/><trkpt lat="35.777645" lon="127.182079"/><trkpt lat="35.777621" lon="127.182115"/><trkpt lat="35.777592" lon="127.182144"/><trkpt lat="35.777527" lon="127.182196"/><trkpt lat="35.777483" lon="127.182229"/><trkpt lat="35.777449" lon="127.182249"/><trkpt lat="35.777412" lon="127.182264"/><trkpt lat="35.777312" lon="127.182295"/><trkpt lat="35.777262" lon="127.182313"/><trkpt lat="35.777215" lon="127.182339"/><trkpt lat="35.776997" lon="127.18248"/></trkseg>
<trkseg><trkpt lat="35.779241" lon="127.185454"/><trkpt lat="35.779479" lon="127.185344"/><trkpt lat="35.779543" lon="127.185321"/><trkpt lat="35.779899" lon="127.185228"/><trkpt lat="35.779978" lon="127.18521"/><trkpt lat="35.780017" lon="127.185206"/><trkpt lat="35.780145" lon="127.185203"/><trkpt lat="35.780182" lon="127.185198"/><trkpt lat="35.780219" lon="127.185183"/><trkpt lat="35.780254" lon="127.185161"/><trkpt lat="35.780324" lon="127.185113"/><trkpt lat="35.78036" lon="127.185096"/><trkpt lat="35.780397" lon="127.185094"/><trkpt lat="35.780461" lon="127.185109"/><trkpt lat="35.7805" lon="127.185115"/><trkpt lat="35.780553" lon="127.185115"/><trkpt lat="35.78082" lon="127.185088"/><trkpt lat="35.780913" lon="127.185081"/><trkpt lat="35.780967" lon="127.185083"/><trkpt lat="35.781423" lon="127.185135"/><trkpt lat="35.781651" lon="127.18516"/><trkpt lat="35.781691" lon="127.18516"/><trkpt lat="35.78173" lon="127.185152"/><trkpt lat="35.781806" lon="127.185129"/><trkpt lat="35.782086" lon="127.185037"/><trkpt lat="35.782124" lon="127.185027"/><trkpt lat="35.782163" lon="127.185024"/><trkpt lat="35.782255" lon="127.185028"/><trkpt lat="35.782307" lon="127.185029"/><trkpt lat="35.782344" lon="127.185023"/><trkpt lat="35.782378" lon="127.185006"/><trkpt lat="35.782432" lon="127.184974"/><trkpt lat="35.782468" lon="127.184966"/><trkpt lat="35.782507" lon="127.184967"/><trkpt lat="35.78273" lon="127.185006"/><trkpt lat="35.782822" lon="127.18502"/><trkpt lat="35.782861" lon="127.185023"/><trkpt lat="35.782901" lon="127.185022"/><trkpt lat="35.783341" lon="127.184961"/><trkpt lat="35.783541" lon="127.184934"/><trkpt lat="35.783581" lon="127.184933"/><trkpt lat="35.783619" lon="127.184939"/><trkpt lat="35.783681" lon="127.184959"/><trkpt lat="35.783842" lon="127.18502"/><trkpt lat="35.78388" lon="127.18503"/><trkpt lat="35.783919" lon="127.185035"/><trkpt lat="35.784091" lon="127.185037"/><trkpt lat="35.78417" lon="127.185034"/><trkpt lat="35.78421" lon="127.185027"/><trkpt lat="35.7843" lon="127.185"/><trkpt lat="35.78466" lon="127.184883"/><trkpt lat="35.784699" lon="127.184872"/><trkpt lat="35.784739" lon="127.184866"/><trkpt lat="35.784792" lon="127.184863"/><trkpt lat="35.785129" lon="127.184855"/><trkpt lat="35.785182" lon="127.184851"/><trkpt lat="35.785221" lon="127.184842"/><trkpt lat="35.785258" lon="127.184826"/><trkpt lat="35.78544" lon="127.184731"/><trkpt lat="35.785511" lon="127.184691"/><trkpt lat="35.785546" lon="127.184666"/><trkpt lat="35.785599" lon="127.184617"/><trkpt lat="35.785746" lon="127.184469"/><trkpt lat="35.785789" lon="127.184429"/><trkpt lat="35.785823" lon="127.184406"/><trkpt lat="35.78586" lon="127.184392"/><trkpt lat="35.785925" lon="127.18438"/><trkpt lat="35.786377" lon="127.184311"/><trkpt lat="35.78643" lon="127.184307"/><trkpt lat="35.786483" lon="127.18431"/><trkpt lat="35.786908" lon="127.184364"/><trkpt lat="35.786987" lon="127.184376"/><trkpt lat="35.787103" lon="127.184407"/><trkpt lat="35.787308" lon="127.184465"/><trkpt lat="35.787347" lon="127.184472"/><trkpt lat="35.787386" lon="127.184474"/><trkpt lat="35.787614" lon="127.18446"/><trkpt lat="35.787895" lon="127.184439"/><trkpt lat="35.787934" lon="127.184431"/><trkpt lat="35.788099" lon="127.184378"/><trkpt lat="35.788175" lon="127.184353"/><trkpt lat="35.788214" lon="127.184344"/><trkpt lat="35.788252" lon="127.18434"/><trkpt lat="35.78838" lon="127.184336"/><trkpt lat="35.788431" lon="127.184332"/><trkpt lat="35.788468" lon="127.184323"/><trkpt lat="35.788505" lon="127.184308"/><trkpt lat="35.788711" lon="127.184201"/><trkpt lat="35.788809" lon="127.184152"/><trkpt lat="35.788846" lon="127.184138"/><trkpt lat="35.788923" lon="127.184118"/><trkpt lat="35.789052" lon="127.184089"/><trkpt lat="35.789089" lon="127.184077"/><trkpt lat="35.789126" lon="127.184059"/><trkpt lat="35.789184" lon="127.184018"/><trkpt lat="35.789344" lon="127.183895"/><trkpt lat="35.78939" lon="127.183863"/><trkpt lat="35.789427" lon="127.183846"/><trkpt lat="35.789465" lon="127.183837"/><trkpt lat="35.789505" lon="127.183834"/><trkpt lat="35.789543" lon="127.183836"/><trkpt lat="35.789607" lon="127.183844"/><trkpt lat="35.789658" lon="127.183855"/><trkpt lat="35.789695" lon="127.183868"/><trkpt lat="35.789745" lon="127.183892"/><trkpt lat="35.790014" lon="127.184032"/><trkpt lat="35.790076" lon="127.184061"/><trkpt lat="35.790114" lon="127.184073"/><trkpt lat="35.790153" lon="127.184077"/><trkpt lat="35.79038" lon="127.184084"/><trkpt lat="35.790633" lon="127.184089"/><trkpt lat="35.790673" lon="127.184084"/><trkpt lat="35.790712" lon="127.184074"/><trkpt lat="35.791103" lon="127.183941"/><trkpt lat="35.791155" lon="127.183922"/><trkpt lat="35.791191" lon="127.183904"/><trkpt lat="35.791223" lon="127.183878"/><trkpt lat="35.791252" lon="127.183845"/><trkpt lat="35.791474" lon="127.183543"/><trkpt lat="35.791598" lon="127.183374"/><trkpt lat="35.791623" lon="127.183336"/><trkpt lat="35.791643" lon="127.183294"/><trkpt lat="35.791669" lon="127.183218"/><trkpt lat="35.791745" lon="127.18297"/></trkseg>
<trkseg><trkpt lat="35.783342" lon="127.161674"/><trkpt lat="35.7833" lon="127.161607"/><trkpt lat="35.783267" lon="127.161558"/><trkpt lat="35.783238" lon="127.161526"/><trkpt lat="35.783204" lon="127.161507"/><trkpt lat="35.783166" lon="127.161498"/><trkpt lat="35.783074" lon="127.161483"/><trkpt lat="35.783037" lon="127.16147"/><trkpt lat="35.782989" lon="127.161444"/><trkpt lat="35.78252" lon="127.161139"/><trkpt lat="35.782451" lon="127.161091"/><trkpt lat="35.782406" lon="127.161054"/><trkpt lat="35.781929" lon="127.160592"/><trkpt lat="35.781877" lon="127.160539"/><trkpt lat="35.78185" lon="127.160505"/><trkpt lat="35.781826" lon="127.160469"/><trkpt lat="35.781784" lon="127.160392"/><trkpt lat="35.781767" lon="127.160352"/><trkpt lat="35.781752" lon="127.16031"/><trkpt lat="35.781741" lon="127.160268"/><trkpt lat="35.781736" lon="127.160225"/><trkpt lat="35.781739" lon="127.160179"/><trkpt lat="35.781749" lon="127.160132"/><trkpt lat="35.781799" lon="127.159931"/><trkpt lat="35.781812" lon="127.159868"/><trkpt lat="35.781817" lon="127.159821"/><trkpt lat="35.781818" lon="127.159774"/><trkpt lat="35.781816" lon="127.159728"/><trkpt lat="35.781809" lon="127.159684"/><trkpt lat="35.781792" lon="127.159643"/><trkpt lat="35.781762" lon="127.159592"/><trkpt lat="35.781664" lon="127.159441"/><trkpt lat="35.781634" lon="127.15939"/><trkpt lat="35.781615" lon="127.159348"/><trkpt lat="35.7816" lon="127.159303"/><trkpt lat="35.781515" lon="127.15899"/><trkpt lat="35.781488" lon="127.158897"/><trkpt lat="35.781469" lon="127.158856"/><trkpt lat="35.781443" lon="127.158822"/><trkpt lat="35.78139" lon="127.158772"/><trkpt lat="35.781193" lon="127.1586"/><trkpt lat="35.781152" lon="127.158559"/><trkpt lat="35.781085" lon="127.158479"/><trkpt lat="35.780963" lon="127.158328"/><trkpt lat="35.780937" lon="127.158292"/><trkpt lat="35.780914" lon="127.158253"/><trkpt lat="35.780888" lon="127.158187"/><trkpt lat="35.780868" lon="127.158156"/><trkpt lat="35.780838" lon="127.158134"/><trkpt lat="35.780783" lon="127.158103"/><trkpt lat="35.780752" lon="127.158078"/><trkpt lat="35.780724" lon="127.158043"/><trkpt lat="35.780674" lon="127.157966"/><trkpt lat="35.780517" lon="127.157717"/><trkpt lat="35.780481" lon="127.157668"/><trkpt lat="35.780442" lon="127.157626"/><trkpt lat="35.780371" lon="127.157557"/><trkpt lat="35.780344" lon="127.157526"/><trkpt lat="35.780327" lon="127.157488"/><trkpt lat="35.780321" lon="127.157443"/><trkpt lat="35.78032" lon="127.157395"/><trkpt lat="35.780326" lon="127.157066"/><trkpt lat="35.780326" lon="127.156984"/><trkpt lat="35.780322" lon="127.156936"/><trkpt lat="35.780312" lon="127.156889"/><trkpt lat="35.7803" lon="127.156843"/><trkpt lat="35.780284" lon="127.156799"/><trkpt lat="35.780257" lon="127.156743"/><trkpt lat="35.780048" lon="127.15636"/><trkpt lat="35.780013" lon="127.156291"/><trkpt lat="35.779997" lon="127.156249"/><trkpt lat="35.779993" lon="127.156205"/><trkpt lat="35.779998" lon="127.156159"/><trkpt lat="35.780018" lon="127.156049"/><trkpt lat="35.780024" lon="127.156002"/><trkpt lat="35.780023" lon="127.155956"/><trkpt lat="35.780017" lon="127.15588"/><trkpt lat="35.780018" lon="127.155835"/><trkpt lat="35.780026" lon="127.155789"/><trkpt lat="35.780049" lon="127.155698"/><trkpt lat="35.780056" lon="127.155653"/><trkpt lat="35.780051" lon="127.15561"/><trkpt lat="35.780029" lon="127.155559"/><trkpt lat="35.779984" lon="127.155474"/><trkpt lat="35.779983" lon="127.155471"/></trkseg>
<trkseg><trkpt lat="35.786471" lon="127.149069"/><trkpt lat="35.786272" lon="127.149111"/><trkpt lat="35.786233" lon="127.149122"/><trkpt lat="35.786196" lon="127.149138"/><trkpt lat="35.78608" lon="127.149206"/><trkpt lat="35.786033" lon="127.149231"/><trkpt lat="35.785998" lon="127.149243"/><trkpt lat="35.785957" lon="127.14925"/><trkpt lat="35.78593" lon="127.149269"/><trkpt lat="35.78589" lon="127.149328"/><trkpt lat="35.785863" lon="127.149363"/><trkpt lat="35.785832" lon="127.149392"/><trkpt lat="35.785753" lon="127.149453"/><trkpt lat="35.785583" lon="127.14958"/><trkpt lat="35.785551" lon="127.149609"/><trkpt lat="35.785481" lon="127.149684"/><trkpt lat="35.785088" lon="127.150122"/><trkpt lat="35.785057" lon="127.150151"/><trkpt lat="35.785023" lon="127.150176"/><trkpt lat="35.784855" lon="127.150278"/><trkpt lat="35.784675" lon="127.150385"/><trkpt lat="35.784638" lon="127.150401"/><trkpt lat="35.784595" lon="127.15041"/><trkpt lat="35.784528" lon="127.150414"/><trkpt lat="35.784495" lon="127.150415"/></trkseg>
<trkseg><trkpt lat="35.787351" lon="127.148264"/><trkpt lat="35.787044" lon="127.148675"/><trkpt lat="35.787015" lon="127.148708"/><trkpt lat="35.786983" lon="127.148733"/><trkpt lat="35.786947" lon="127.14875"/><trkpt lat="35.786882" lon="127.148771"/><trkpt lat="35.786597" lon="127.148857"/><trkpt lat="35.786561" lon="127.148873"/><trkpt lat="35.786528" lon="127.148897"/><trkpt lat="35.786505" lon="127.148935"/><trkpt lat="35.786488" lon="127.148992"/><trkpt lat="35.786472" lon="127.149067"/><trkpt lat="35.786471" lon="127.149069"/></trkseg>
<trkseg><trkpt lat="35.78926" lon="127.148916"/><trkpt lat="35.789228" lon="127.148957"/><trkpt lat="35.789197" lon="127.149005"/><trkpt lat="35.789176" lon="127.149054"/><trkpt lat="35.789114" lon="127.149237"/><trkpt lat="35.789097" lon="127.149298"/><trkpt lat="35.789091" lon="127.149344"/><trkpt lat="35.789097" lon="127.149389"/><trkpt lat="35.789115" lon="127.149463"/><trkpt lat="35.789118" lon="127.149505"/><trkpt lat="35.789107" lon="127.149538"/><trkpt lat="35.789087" lon="127.149564"/><trkpt lat="35.78906" lon="127.149573"/><trkpt lat="35.789026" lon="127.149561"/><trkpt lat="35.788991" lon="127.149538"/><trkpt lat="35.788896" lon="127.149472"/><trkpt lat="35.788859" lon="127.149452"/><trkpt lat="35.788824" lon="127.149442"/><trkpt lat="35.788788" lon="127.149438"/><trkpt lat="35.788752" lon="127.149438"/><trkpt lat="35.788715" lon="127.149446"/><trkpt lat="35.788652" lon="127.149465"/><trkpt lat="35.788614" lon="127.149464"/><trkpt lat="35.788576" lon="127.149452"/><trkpt lat="35.788475" lon="127.149408"/><trkpt lat="35.788437" lon="127.149395"/><trkpt lat="35.7884" lon="127.149391"/><trkpt lat="35.788367" lon="127.149406"/><trkpt lat="35.788324" lon="127.149439"/><trkpt lat="35.788218" lon="127.149534"/><trkpt lat="35.788186" lon="127.14956"/><trkpt lat="35.788152" lon="127.14958"/><trkpt lat="35.788116" lon="127.14959"/><trkpt lat="35.788078" lon="127.149593"/><trkpt lat="35.788041" lon="127.149589"/><trkpt lat="35.788008" lon="127.149575"/><trkpt lat="35.787954" lon="127.149547"/><trkpt lat="35.787919" lon="127.149541"/><trkpt lat="35.787857" lon="127.149541"/><trkpt lat="35.787818" lon="127.149535"/><trkpt lat="35.787753" lon="127.149519"/><trkpt lat="35.787519" lon="127.149455"/><trkpt lat="35.787483" lon="127.149441"/><trkpt lat="35.787451" lon="127.149421"/><trkpt lat="35.787426" lon="127.149385"/><trkpt lat="35.787401" lon="127.149357"/><trkpt lat="35.787369" lon="127.149332"/><trkpt lat="35.787289" lon="127.149281"/><trkpt lat="35.787229" lon="127.149249"/><trkpt lat="35.787193" lon="127.149236"/><trkpt lat="35.787155" lon="127.149229"/><trkpt lat="35.787026" lon="127.149221"/><trkpt lat="35.786988" lon="127.149216"/><trkpt lat="35.786951" lon="127.149207"/><trkpt lat="35.786916" lon="127.149188"/><trkpt lat="35.786859" lon="127.149151"/><trkpt lat="35.786825" lon="127.149136"/><trkpt lat="35.78679" lon="127.149136"/><trkpt lat="35.786742" lon="127.149153"/><trkpt lat="35.786705" lon="127.149163"/><trkpt lat="35.786665" lon="127.149165"/><trkpt lat="35.786612" lon="127.149161"/><trkpt lat="35.786572" lon="127.149155"/><trkpt lat="35.786528" lon="127.149134"/><trkpt lat="35.786492" lon="127.149099"/><trkpt lat="35.786471" lon="127.149069"/></trkseg>
<trkseg><trkpt lat="35.761259" lon="127.127615"/><trkpt lat="35.761208" lon="127.127568"/><trkpt lat="35.761162" lon="127.12754"/><trkpt lat="35.76112" lon="127.127533"/><trkpt lat="35.761081" lon="127.127537"/><trkpt lat="35.761042" lon="127.127546"/><trkpt lat="35.761005" lon="127.127562"/><trkpt lat="35.760937" lon="127.127608"/><trkpt lat="35.760824" lon="127.12769"/><trkpt lat="35.760781" lon="127.127726"/><trkpt lat="35.760753" lon="127.127759"/><trkpt lat="35.760717" lon="127.127804"/><trkpt lat="35.760687" lon="127.127826"/><trkpt lat="35.760653" lon="127.127831"/><trkpt lat="35.76062" lon="127.12782"/><trkpt lat="35.76059" lon="127.127796"/><trkpt lat="35.76053" lon="127.12774"/><trkpt lat="35.760496" lon="127.127717"/><trkpt lat="35.760436" lon="127.127686"/><trkpt lat="35.760337" lon="127.127642"/><trkpt lat="35.7603" lon="127.12763"/><trkpt lat="35.760262" lon="127.127626"/><trkpt lat="35.760224" lon="127.127631"/><trkpt lat="35.760187" lon="127.127639"/><trkpt lat="35.760154" lon="127.127652"/><trkpt lat="35.760133" lon="127.127678"/><trkpt lat="35.760124" lon="127.127719"/><trkpt lat="35.760122" lon="127.127818"/><trkpt lat="35.760119" lon="127.127883"/><trkpt lat="35.760109" lon="127.12793"/><trkpt lat="35.760091" lon="127.127972"/><trkpt lat="35.760059" lon="127.128041"/><trkpt lat="35.760048" lon="127.128083"/><trkpt lat="35.760051" lon="127.128121"/><trkpt lat="35.760063" lon="127.128157"/><trkpt lat="35.760085" lon="127.12819"/><trkpt lat="35.760118" lon="127.128231"/><trkpt lat="35.760135" lon="127.128269"/><trkpt lat="35.760145" lon="127.128314"/><trkpt lat="35.760161" lon="127.128423"/><trkpt lat="35.76017" lon="127.12847"/><trkpt lat="35.760184" lon="127.128515"/><trkpt lat="35.760229" lon="127.128634"/><trkpt lat="35.760243" lon="127.128679"/><trkpt lat="35.76025" lon="127.128725"/><trkpt lat="35.760254" lon="127.128802"/><trkpt lat="35.76026" lon="127.128847"/><trkpt lat="35.760275" lon="127.128889"/><trkpt lat="35.760306" lon="127.128956"/><trkpt lat="35.760322" lon="127.128997"/><trkpt lat="35.760328" lon="127.129039"/><trkpt lat="35.760322" lon="127.129084"/><trkpt lat="35.760302" lon="127.129162"/><trkpt lat="35.760179" lon="127.129596"/><trkpt lat="35.76016" lon="127.129657"/><trkpt lat="35.760141" lon="127.1297"/><trkpt lat="35.760103" lon="127.129766"/><trkpt lat="35.760082" lon="127.129805"/><trkpt lat="35.760073" lon="127.129843"/><trkpt lat="35.760082" lon="127.129879"/><trkpt lat="35.760117" lon="127.12994"/><trkpt lat="35.760137" lon="127.129979"/><trkpt lat="35.760151" lon="127.130023"/><trkpt lat="35.760166" lon="127.130101"/><trkpt lat="35.760195" lon="127.130258"/><trkpt lat="35.760206" lon="127.130304"/><trkpt lat="35.76028" lon="127.130545"/><trkpt lat="35.760301" lon="127.130603"/><trkpt lat="35.76032" lon="127.130645"/><trkpt lat="35.760367" lon="127.130721"/><trkpt lat="35.760388" lon="127.13076"/><trkpt lat="35.760403" lon="127.130802"/><trkpt lat="35.760416" lon="127.130864"/><trkpt lat="35.760437" lon="127.130989"/><trkpt lat="35.760447" lon="127.131035"/><trkpt lat="35.760462" lon="127.131079"/><trkpt lat="35.760511" lon="127.131192"/><trkpt lat="35.760532" lon="127.13125"/><trkpt lat="35.760542" lon="127.131295"/><trkpt lat="35.76055" lon="127.131375"/><trkpt lat="35.760568" lon="127.131651"/><trkpt lat="35.760568" lon="127.131698"/><trkpt lat="35.76056" lon="127.131742"/><trkpt lat="35.760536" lon="127.131808"/><trkpt lat="35.76053" lon="127.131849"/><trkpt lat="35.760538" lon="127.131891"/><trkpt lat="35.760571" lon="127.131991"/><trkpt lat="35.760583" lon="127.132034"/><trkpt lat="35.760586" lon="127.132075"/><trkpt lat="35.760574" lon="127.132115"/><trkpt lat="35.760553" lon="127.132154"/><trkpt lat="35.760446" lon="127.13232"/><trkpt lat="35.760415" lon="127.132372"/><trkpt lat="35.760388" lon="127.132427"/><trkpt lat="35.760272" lon="127.132697"/><trkpt lat="35.760251" lon="127.132756"/><trkpt lat="35.760236" lon="127.132817"/><trkpt lat="35.760178" lon="127.133134"/><trkpt lat="35.76015" lon="127.133275"/><trkpt lat="35.760137" lon="127.133321"/><trkpt lat="35.7601" lon="127.133426"/><trkpt lat="35.759967" lon="127.133784"/><trkpt lat="35.759954" lon="127.133829"/><trkpt lat="35.759948" lon="127.133874"/><trkpt lat="35.759945" lon="127.133948"/><trkpt lat="35.75994" lon="127.133992"/><trkpt lat="35.759925" lon="127.134034"/><trkpt lat="35.759899" lon="127.134088"/><trkpt lat="35.759847" lon="127.134179"/><trkpt lat="35.759822" lon="127.134216"/><trkpt lat="35.759784" lon="127.134259"/><trkpt lat="35.759716" lon="127.134332"/><trkpt lat="35.759691" lon="127.134367"/><trkpt lat="35.759675" lon="127.134409"/><trkpt lat="35.759662" lon="127.134455"/><trkpt lat="35.759618" lon="127.134661"/><trkpt lat="35.759611" lon="127.134709"/><trkpt lat="35.75961" lon="127.134756"/><trkpt lat="35.759616" lon="127.134803"/><trkpt lat="35.759666" lon="127.135023"/><trkpt lat="35.759721" lon="127.135258"/><trkpt lat="35.759734" lon="127.135304"/><trkpt lat="35.759753" lon="127.135346"/><trkpt lat="35.759783" lon="127.135398"/><trkpt lat="35.759978" lon="127.135703"/><trkpt lat="35.760029" lon="127.135777"/><trkpt lat="35.760059" lon="127.13581"/><trkpt lat="35.760102" lon="127.135849"/><trkpt lat="35.760821" lon="127.136463"/><trkpt lat="35.760954" lon="127.136576"/><trkpt lat="35.760984" lon="127.136608"/><trkpt lat="35.761008" lon="127.136646"/><trkpt lat="35.761025" lon="127.136689"/><trkpt lat="35.761037" lon="127.136735"/><trkpt lat="35.761041" lon="127.136782"/><trkpt lat="35.761042" lon="127.136862"/><trkpt lat="35.761041" lon="127.137024"/><trkpt lat="35.761043" lon="127.137071"/><trkpt lat="35.761052" lon="127.137116"/><trkpt lat="35.761069" lon="127.13716"/><trkpt lat="35.761108" lon="127.137246"/><trkpt lat="35.761122" lon="127.13729"/><trkpt lat="35.761137" lon="127.137368"/><trkpt lat="35.761146" lon="127.13743"/><trkpt lat="35.761148" lon="127.137476"/><trkpt lat="35.76114" lon="127.137519"/><trkpt lat="35.761124" lon="127.137561"/><trkpt lat="35.761046" lon="127.137725"/><trkpt lat="35.761029" lon="127.137767"/><trkpt lat="35.761016" lon="127.137813"/><trkpt lat="35.761008" lon="127.137861"/><trkpt lat="35.760968" lon="127.138154"/><trkpt lat="35.760958" lon="127.138236"/><trkpt lat="35.760957" lon="127.138285"/><trkpt lat="35.76096" lon="127.138334"/><trkpt lat="35.76097" lon="127.138415"/><trkpt lat="35.76098" lon="127.138463"/><trkpt lat="35.760998" lon="127.138525"/><trkpt lat="35.761247" lon="127.139278"/></trkseg>
<trkseg><trkpt lat="35.783342" lon="127.161674"/><trkpt lat="35.783423" lon="127.161224"/><trkpt lat="35.783435" lon="127.161178"/><trkpt lat="35.78345" lon="127.161134"/><trkpt lat="35.783472" lon="127.161096"/><trkpt lat="35.783536" lon="127.160998"/><trkpt lat="35.783558" lon="127.160961"/><trkpt lat="35.783575" lon="127.160921"/><trkpt lat="35.78358" lon="127.160877"/><trkpt lat="35.78358" lon="127.16083"/><trkpt lat="35.783569" lon="127.160621"/><trkpt lat="35.783569" lon="127.160558"/><trkpt lat="35.783574" lon="127.160512"/><trkpt lat="35.783588" lon="127.160453"/><trkpt lat="35.783605" lon="127.160394"/><trkpt lat="35.783621" lon="127.160352"/><trkpt lat="35.783642" lon="127.160309"/><trkpt lat="35.783853" lon="127.159925"/><trkpt lat="35.783899" lon="127.159844"/><trkpt lat="35.783926" lon="127.159808"/><trkpt lat="35.783957" lon="127.159777"/><trkpt lat="35.784054" lon="127.15969"/><trkpt lat="35.784109" lon="127.159646"/><trkpt lat="35.784144" lon="127.159626"/><trkpt lat="35.784216" lon="127.1596"/><trkpt lat="35.784251" lon="127.159585"/><trkpt lat="35.784284" lon="127.159561"/><trkpt lat="35.784335" lon="127.159511"/><trkpt lat="35.784415" lon="127.159429"/><trkpt lat="35.784447" lon="127.159402"/><trkpt lat="35.784482" lon="127.159384"/><trkpt lat="35.784521" lon="127.159373"/><trkpt lat="35.78472" lon="127.159332"/><trkpt lat="35.784785" lon="127.159316"/><trkpt lat="35.784823" lon="127.159302"/><trkpt lat="35.784897" lon="127.159262"/><trkpt lat="35.7856" lon="127.15884"/><trkpt lat="35.785758" lon="127.158746"/><trkpt lat="35.785792" lon="127.158721"/><trkpt lat="35.785819" lon="127.158689"/><trkpt lat="35.785838" lon="127.158649"/><trkpt lat="35.785859" lon="127.158589"/><trkpt lat="35.785899" lon="127.158469"/><trkpt lat="35.785916" lon="127.158425"/><trkpt lat="35.785939" lon="127.158387"/><trkpt lat="35.785986" lon="127.158333"/><trkpt lat="35.786011" lon="127.158299"/><trkpt lat="35.786027" lon="127.15826"/><trkpt lat="35.786047" lon="127.158191"/><trkpt lat="35.786067" lon="127.158151"/><trkpt lat="35.786244" lon="127.157886"/><trkpt lat="35.786379" lon="127.157685"/><trkpt lat="35.786414" lon="127.157638"/><trkpt lat="35.786445" lon="127.157609"/><trkpt lat="35.78648" lon="127.157588"/><trkpt lat="35.786653" lon="127.157511"/><trkpt lat="35.786815" lon="127.157441"/><trkpt lat="35.786852" lon="127.157429"/><trkpt lat="35.786889" lon="127.157427"/><trkpt lat="35.78695" lon="127.157443"/><trkpt lat="35.786986" lon="127.157451"/><trkpt lat="35.78702" lon="127.157446"/><trkpt lat="35.787065" lon="127.157428"/><trkpt lat="35.787099" lon="127.15742"/><trkpt lat="35.787159" lon="127.157415"/><trkpt lat="35.787193" lon="127.157404"/><trkpt lat="35.787227" lon="127.157383"/><trkpt lat="35.787291" lon="127.157331"/><trkpt lat="35.787334" lon="127.157299"/><trkpt lat="35.787369" lon="127.157284"/><trkpt lat="35.787408" lon="127.157278"/><trkpt lat="35.78753" lon="127.157278"/><trkpt lat="35.787584" lon="127.157277"/><trkpt lat="35.787623" lon="127.157269"/><trkpt lat="35.787655" lon="127.157253"/><trkpt lat="35.787683" lon="127.15723"/><trkpt lat="35.787704" lon="127.157198"/><trkpt lat="35.787717" lon="127.157156"/><trkpt lat="35.787734" lon="127.157083"/><trkpt lat="35.787748" lon="127.157044"/><trkpt lat="35.78777" lon="127.157016"/><trkpt lat="35.78782" lon="127.156982"/><trkpt lat="35.787849" lon="127.156957"/><trkpt lat="35.787877" lon="127.156923"/><trkpt lat="35.787951" lon="127.156806"/><trkpt lat="35.787977" lon="127.156769"/><trkpt lat="35.788016" lon="127.156724"/><trkpt lat="35.788191" lon="127.156548"/><trkpt lat="35.788251" lon="127.156485"/><trkpt lat="35.788276" lon="127.156448"/><trkpt lat="35.788292" lon="127.156407"/><trkpt lat="35.788304" lon="127.156362"/><trkpt lat="35.78834" lon="127.156191"/><trkpt lat="35.788356" lon="127.156132"/><trkpt lat="35.788375" lon="127.156094"/><trkpt lat="35.788402" lon="127.15607"/><trkpt lat="35.788436" lon="127.156054"/><trkpt lat="35.788472" lon="127.156042"/><trkpt lat="35.788509" lon="127.156037"/><trkpt lat="35.788549" lon="127.156041"/><trkpt lat="35.78867" lon="127.156065"/><trkpt lat="35.788709" lon="127.156069"/><trkpt lat="35.788747" lon="127.156064"/><trkpt lat="35.788783" lon="127.156049"/><trkpt lat="35.78884" lon="127.156014"/><trkpt lat="35.788873" lon="127.15599"/><trkpt lat="35.788904" lon="127.155962"/><trkpt lat="35.788931" lon="127.155927"/><trkpt lat="35.78897" lon="127.155862"/><trkpt lat="35.789139" lon="127.155568"/><trkpt lat="35.789164" lon="127.155531"/><trkpt lat="35.789192" lon="127.155498"/><trkpt lat="35.789233" lon="127.155459"/><trkpt lat="35.789338" lon="127.155366"/><trkpt lat="35.789367" lon="127.155335"/><trkpt lat="35.789394" lon="127.155299"/><trkpt lat="35.789569" lon="127.15501"/><trkpt lat="35.78968" lon="127.154827"/><trkpt lat="35.789706" lon="127.154791"/><trkpt lat="35.789737" lon="127.154761"/><trkpt lat="35.789782" lon="127.154728"/><trkpt lat="35.789864" lon="127.154672"/><trkpt lat="35.789898" lon="127.154646"/><trkpt lat="35.789928" lon="127.154614"/><trkpt lat="35.790004" lon="127.154521"/><trkpt lat="35.790043" lon="127.154477"/><trkpt lat="35.790074" lon="127.154449"/><trkpt lat="35.79012" lon="127.15442"/><trkpt lat="35.790201" lon="127.154374"/><trkpt lat="35.790234" lon="127.154349"/><trkpt lat="35.790275" lon="127.154308"/><trkpt lat="35.790353" lon="127.154217"/><trkpt lat="35.7904" lon="127.154158"/><trkpt lat="35.79044" lon="127.154094"/><trkpt lat="35.790647" lon="127.153733"/><trkpt lat="35.790679" lon="127.153681"/><trkpt lat="35.790705" lon="127.153645"/><trkpt lat="35.790744" lon="127.153601"/><trkpt lat="35.791037" lon="127.153299"/><trkpt lat="35.791075" lon="127.153255"/><trkpt lat="35.791106" lon="127.153204"/><trkpt lat="35.791221" lon="127.152989"/><trkpt lat="35.791273" lon="127.152896"/><trkpt lat="35.791297" lon="127.152858"/><trkpt lat="35.791335" lon="127.152812"/><trkpt lat="35.791599" lon="127.152507"/><trkpt lat="35.791784" lon="127.152293"/><trkpt lat="35.791825" lon="127.15225"/><trkpt lat="35.791858" lon="127.152225"/><trkpt lat="35.791895" lon="127.152206"/><trkpt lat="35.791996" lon="127.152165"/><trkpt lat="35.792041" lon="127.152143"/><trkpt lat="35.792067" lon="127.152122"/><trkpt lat="35.79209" lon="127.152113"/><trkpt lat="35.792124" lon="127.152113"/><trkpt lat="35.792242" lon="127.15213"/><trkpt lat="35.792309" lon="127.152137"/><trkpt lat="35.792346" lon="127.152134"/><trkpt lat="35.792376" lon="127.152115"/><trkpt lat="35.792401" lon="127.152085"/><trkpt lat="35.792422" lon="127.152049"/><trkpt lat="35.792439" lon="127.15201"/><trkpt lat="35.792449" lon="127.151966"/><trkpt lat="35.792462" lon="127.151891"/><trkpt lat="35.792474" lon="127.151848"/><trkpt lat="35.792494" lon="127.15181"/><trkpt lat="35.792519" lon="127.151774"/><trkpt lat="35.792628" lon="127.151635"/><trkpt lat="35.792676" lon="127.151581"/><trkpt lat="35.79274" lon="127.151523"/><trkpt lat="35.792851" lon="127.151434"/><trkpt lat="35.792885" lon="127.151413"/><trkpt lat="35.79292" lon="127.151405"/><trkpt lat="35.792954" lon="127.151411"/><trkpt lat="35.793011" lon="127.151425"/><trkpt lat="35.793043" lon="127.151419"/><trkpt lat="35.793073" lon="127.151394"/><trkpt lat="35.793102" lon="127.151361"/><trkpt lat="35.793316" lon="127.151085"/><trkpt lat="35.793374" lon="127.151016"/><trkpt lat="35.793405" lon="127.150987"/><trkpt lat="35.793438" lon="127.150966"/><trkpt lat="35.793495" lon="127.150936"/><trkpt lat="35.793532" lon="127.150921"/><trkpt lat="35.79361" lon="127.150901"/><trkpt lat="35.794217" lon="127.15076"/><trkpt lat="35.794269" lon="127.150745"/><trkpt lat="35.794307" lon="127.150729"/><trkpt lat="35.794379" lon="127.150693"/><trkpt lat="35.794414" lon="127.150684"/><trkpt lat="35.794443" lon="127.150689"/><trkpt lat="35.794482" lon="127.150701"/><trkpt lat="35.794519" lon="127.150699"/><trkpt lat="35.794556" lon="127.150689"/><trkpt lat="35.79459" lon="127.150672"/><trkpt lat="35.79462" lon="127.15065"/><trkpt lat="35.794647" lon="127.150621"/><trkpt lat="35.794672" lon="127.15061"/><trkpt lat="35.794713" lon="127.150607"/><trkpt lat="35.794749" lon="127.150597"/><trkpt lat="35.794786" lon="127.150581"/><trkpt lat="35.794822" lon="127.150562"/><trkpt lat="35.794856" lon="127.150538"/><trkpt lat="35.794883" lon="127.150508"/><trkpt lat="35.794922" lon="127.150451"/><trkpt lat="35.794948" lon="127.150418"/><trkpt lat="35.794979" lon="127.15039"/><trkpt lat="35.795047" lon="127.15034"/><trkpt lat="35.795094" lon="127.150311"/><trkpt lat="35.79513" lon="127.150296"/><trkpt lat="35.795168" lon="127.150292"/><trkpt lat="35.795219" lon="127.150297"/><trkpt lat="35.795284" lon="127.150308"/><trkpt lat="35.795322" lon="127.150319"/><trkpt lat="35.795372" lon="127.150341"/><trkpt lat="35.795456" lon="127.150385"/><trkpt lat="35.795491" lon="127.150396"/><trkpt lat="35.795521" lon="127.15039"/><trkpt lat="35.795547" lon="127.150362"/><trkpt lat="35.795571" lon="127.150324"/><trkpt lat="35.795686" lon="127.150121"/><trkpt lat="35.796071" lon="127.149447"/><trkpt lat="35.79611" lon="127.149382"/><trkpt lat="35.796137" lon="127.149348"/><trkpt lat="35.79617" lon="127.149327"/><trkpt lat="35.796208" lon="127.149315"/><trkpt lat="35.796261" lon="127.149305"/><trkpt lat="35.796341" lon="127.149295"/><trkpt lat="35.796381" lon="127.149296"/><trkpt lat="35.796485" lon="127.14931"/><trkpt lat="35.796535" lon="127.149316"/><trkpt lat="35.796572" lon="127.149305"/><trkpt lat="35.796594" lon="127.149271"/><trkpt lat="35.796601" lon="127.149246"/></trkseg>
<trkseg><trkpt lat="35.781725" lon="127.144444"/><trkpt lat="35.781687" lon="127.14451"/><trkpt lat="35.781664" lon="127.144565"/><trkpt lat="35.781656" lon="127.144612"/><trkpt lat="35.781651" lon="127.144739"/><trkpt lat="35.781647" lon="127.144803"/><trkpt lat="35.78164" lon="127.144851"/><trkpt lat="35.781618" lon="127.144945"/><trkpt lat="35.781524" lon="127.145305"/><trkpt lat="35.781509" lon="127.145351"/><trkpt lat="35.781377" lon="127.145668"/><trkpt lat="35.781339" lon="127.145753"/><trkpt lat="35.781315" lon="127.145792"/><trkpt lat="35.78128" lon="127.145841"/><trkpt lat="35.780575" lon="127.146771"/><trkpt lat="35.780521" lon="127.146845"/><trkpt lat="35.780497" lon="127.146884"/><trkpt lat="35.780457" lon="127.146969"/><trkpt lat="35.780361" lon="127.147187"/><trkpt lat="35.780344" lon="127.147231"/><trkpt lat="35.780332" lon="127.147277"/><trkpt lat="35.780321" lon="127.14734"/><trkpt lat="35.780276" lon="127.14764"/><trkpt lat="35.780273" lon="127.147688"/><trkpt lat="35.780275" lon="127.147735"/><trkpt lat="35.780286" lon="127.147798"/><trkpt lat="35.78035" lon="127.148097"/><trkpt lat="35.780364" lon="127.148176"/><trkpt lat="35.780368" lon="127.148224"/><trkpt lat="35.780366" lon="127.148273"/><trkpt lat="35.780349" lon="127.148471"/><trkpt lat="35.780322" lon="127.148801"/><trkpt lat="35.780313" lon="127.148866"/><trkpt lat="35.7803" lon="127.148911"/><trkpt lat="35.780278" lon="127.148951"/><trkpt lat="35.780245" lon="127.149003"/><trkpt lat="35.779962" lon="127.149427"/><trkpt lat="35.77992" lon="127.149492"/><trkpt lat="35.7799" lon="127.149533"/><trkpt lat="35.779889" lon="127.149577"/><trkpt lat="35.779885" lon="127.149624"/><trkpt lat="35.779884" lon="127.149884"/><trkpt lat="35.779882" lon="127.149998"/><trkpt lat="35.779879" lon="127.150046"/><trkpt lat="35.779871" lon="127.150094"/><trkpt lat="35.77978" lon="127.150473"/><trkpt lat="35.779726" lon="127.150694"/><trkpt lat="35.779719" lon="127.150742"/><trkpt lat="35.779718" lon="127.150789"/><trkpt lat="35.779725" lon="127.150852"/><trkpt lat="35.77977" lon="127.151155"/><trkpt lat="35.779782" lon="127.151217"/><trkpt lat="35.779794" lon="127.151262"/><trkpt lat="35.779818" lon="127.151319"/><trkpt lat="35.779933" lon="127.151554"/><trkpt lat="35.779959" lon="127.151609"/><trkpt lat="35.779973" lon="127.151652"/><trkpt lat="35.779978" lon="127.151697"/><trkpt lat="35.779974" lon="127.151744"/><trkpt lat="35.779939" lon="127.151953"/><trkpt lat="35.779916" lon="127.152095"/></trkseg>
<trkseg><trkpt lat="35.781143" lon="127.152391"/><trkpt lat="35.781122" lon="127.152366"/><trkpt lat="35.781086" lon="127.152335"/><trkpt lat="35.781041" lon="127.152311"/><trkpt lat="35.78094" lon="127.152274"/><trkpt lat="35.780839" lon="127.152242"/><trkpt lat="35.780761" lon="127.152225"/><trkpt lat="35.780395" lon="127.152154"/><trkpt lat="35.78033" lon="127.152145"/><trkpt lat="35.780291" lon="127.152145"/><trkpt lat="35.780173" lon="127.152159"/><trkpt lat="35.780121" lon="127.152162"/><trkpt lat="35.780082" lon="127.152156"/><trkpt lat="35.780043" lon="127.152144"/><trkpt lat="35.779916" lon="127.152095"/></trkseg>
<trkseg><trkpt lat="35.778451" lon="127.153388"/><trkpt lat="35.778416" lon="127.153429"/><trkpt lat="35.778354" lon="127.153498"/><trkpt lat="35.778323" lon="127.153526"/><trkpt lat="35.778288" lon="127.153544"/><trkpt lat="35.778237" lon="127.153556"/><trkpt lat="35.778186" lon="127.153565"/><trkpt lat="35.778148" lon="127.153567"/><trkpt lat="35.778111" lon="127.153561"/><trkpt lat="35.778074" lon="127.153543"/><trkpt lat="35.778002" lon="127.153498"/><trkpt lat="35.777871" lon="127.153412"/><trkpt lat="35.777835" lon="127.153392"/><trkpt lat="35.777797" lon="127.153379"/><trkpt lat="35.777758" lon="127.153374"/><trkpt lat="35.777461" lon="127.153371"/><trkpt lat="35.777354" lon="127.153369"/><trkpt lat="35.777314" lon="127.153364"/><trkpt lat="35.777275" lon="127.153355"/><trkpt lat="35.777109" lon="127.153297"/><trkpt lat="35.776955" lon="127.153243"/><trkpt lat="35.776919" lon="127.153226"/><trkpt lat="35.776885" lon="127.153201"/><trkpt lat="35.776854" lon="127.15317"/><trkpt lat="35.776665" lon="127.152958"/><trkpt lat="35.776607" lon="127.152889"/><trkpt lat="35.776582" lon="127.152851"/><trkpt lat="35.776562" lon="127.15281"/><trkpt lat="35.776519" lon="127.152714"/><trkpt lat="35.776497" lon="127.152679"/><trkpt lat="35.776467" lon="127.152656"/><trkpt lat="35.77643" lon="127.152643"/><trkpt lat="35.776246" lon="127.152605"/><trkpt lat="35.776154" lon="127.152584"/><trkpt lat="35.776116" lon="127.15257"/><trkpt lat="35.776054" lon="127.152537"/><trkpt lat="35.775945" lon="127.152472"/><trkpt lat="35.775899" lon="127.152441"/><trkpt lat="35.77587" lon="127.152411"/><trkpt lat="35.775851" lon="127.152372"/><trkpt lat="35.775837" lon="127.152328"/><trkpt lat="35.775772" lon="127.15208"/><trkpt lat="35.775698" lon="127.151802"/></trkseg>
<trkseg><trkpt lat="35.778952" lon="127.153592"/><trkpt lat="35.779053" lon="127.153739"/><trkpt lat="35.779081" lon="127.153772"/><trkpt lat="35.779112" lon="127.153802"/><trkpt lat="35.779208" lon="127.153884"/><trkpt lat="35.779237" lon="127.153914"/><trkpt lat="35.779259" lon="127.153951"/><trkpt lat="35.779275" lon="127.153993"/><trkpt lat="35.779303" lon="127.154082"/><trkpt lat="35.779319" lon="127.154142"/><trkpt lat="35.779325" lon="127.154189"/><trkpt lat="35.779327" lon="127.154254"/><trkpt lat="35.779329" lon="127.154383"/><trkpt lat="35.779335" lon="127.154429"/><trkpt lat="35.779348" lon="127.154473"/><trkpt lat="35.779377" lon="127.154527"/><trkpt lat="35.779504" lon="127.154737"/><trkpt lat="35.779534" lon="127.15479"/><trkpt lat="35.779551" lon="127.154834"/><trkpt lat="35.779563" lon="127.15488"/><trkpt lat="35.779595" lon="127.155042"/><trkpt lat="35.779609" lon="127.155105"/><trkpt lat="35.779625" lon="127.155148"/><trkpt lat="35.779657" lon="127.155188"/><trkpt lat="35.779695" lon="127.155222"/><trkpt lat="35.779721" lon="127.155243"/></trkseg>
<trkseg><trkpt lat="35.763743" lon="127.147054"/><trkpt lat="35.76378" lon="127.147125"/><trkpt lat="35.763819" lon="127.147193"/><trkpt lat="35.763845" lon="127.147224"/><trkpt lat="35.763878" lon="127.147239"/><trkpt lat="35.763914" lon="127.147239"/><trkpt lat="35.763952" lon="127.147232"/><trkpt lat="35.763989" lon="127.147215"/><trkpt lat="35.764229" lon="127.147067"/><trkpt lat="35.764277" lon="127.147038"/><trkpt lat="35.764314" lon="127.147021"/><trkpt lat="35.764352" lon="127.147014"/><trkpt lat="35.764403" lon="127.147015"/><trkpt lat="35.764532" lon="127.147028"/><trkpt lat="35.76457" lon="127.147035"/><trkpt lat="35.764607" lon="127.147047"/><trkpt lat="35.764668" lon="127.147077"/><trkpt lat="35.764935" lon="127.147216"/><trkpt lat="35.764982" lon="127.147244"/><trkpt lat="35.765013" lon="127.147271"/><trkpt lat="35.76504" lon="127.147306"/><trkpt lat="35.765129" lon="127.147446"/><trkpt lat="35.765178" lon="127.147522"/><trkpt lat="35.765205" lon="127.147557"/><trkpt lat="35.765236" lon="127.147585"/><trkpt lat="35.765304" lon="127.147631"/><trkpt lat="35.765335" lon="127.147659"/><trkpt lat="35.765361" lon="127.147693"/><trkpt lat="35.765384" lon="127.147731"/><trkpt lat="35.765403" lon="127.147771"/><trkpt lat="35.765417" lon="127.147817"/><trkpt lat="35.765435" lon="127.147896"/><trkpt lat="35.765492" lon="127.148184"/><trkpt lat="35.765504" lon="127.14823"/><trkpt lat="35.765522" lon="127.148273"/><trkpt lat="35.765546" lon="127.148311"/><trkpt lat="35.765734" lon="127.148548"/><trkpt lat="35.765773" lon="127.148593"/><trkpt lat="35.765804" lon="127.148625"/><trkpt lat="35.765881" lon="127.148692"/><trkpt lat="35.766057" lon="127.148844"/><trkpt lat="35.766087" lon="127.148876"/><trkpt lat="35.766112" lon="127.148914"/><trkpt lat="35.76617" lon="127.149026"/><trkpt lat="35.766199" lon="127.149081"/><trkpt lat="35.766224" lon="127.149118"/><trkpt lat="35.766255" lon="127.149145"/><trkpt lat="35.76629" lon="127.149165"/><trkpt lat="35.766492" lon="127.149254"/><trkpt lat="35.766555" lon="127.149278"/><trkpt lat="35.766593" lon="127.149288"/><trkpt lat="35.766708" lon="127.149304"/><trkpt lat="35.766758" lon="127.149314"/><trkpt lat="35.766793" lon="127.149328"/><trkpt lat="35.766826" lon="127.149352"/><trkpt lat="35.766933" lon="127.149445"/><trkpt lat="35.766973" lon="127.149485"/><trkpt lat="35.766997" lon="127.149519"/><trkpt lat="35.767012" lon="127.149562"/><trkpt lat="35.767022" lon="127.149609"/><trkpt lat="35.767086" lon="127.150032"/><trkpt lat="35.767096" lon="127.150079"/><trkpt lat="35.767112" lon="127.150119"/><trkpt lat="35.767139" lon="127.150149"/><trkpt lat="35.767172" lon="127.150172"/><trkpt lat="35.767232" lon="127.150206"/><trkpt lat="35.767269" lon="127.150222"/><trkpt lat="35.767306" lon="127.150231"/><trkpt lat="35.767395" lon="127.150242"/><trkpt lat="35.767446" lon="127.150245"/><trkpt lat="35.767484" lon="127.150242"/><trkpt lat="35.767522" lon="127.150233"/><trkpt lat="35.767661" lon="127.15019"/><trkpt lat="35.767699" lon="127.150183"/><trkpt lat="35.767738" lon="127.150183"/><trkpt lat="35.767791" lon="127.150192"/><trkpt lat="35.768001" lon="127.150242"/><trkpt lat="35.768053" lon="127.150251"/><trkpt lat="35.768093" lon="127.150253"/><trkpt lat="35.768158" lon="127.150251"/><trkpt lat="35.768462" lon="127.15023"/><trkpt lat="35.768514" lon="127.150225"/><trkpt lat="35.768551" lon="127.150217"/><trkpt lat="35.76858" lon="127.150195"/><trkpt lat="35.7686" lon="127.150158"/><trkpt lat="35.768616" lon="127.150114"/><trkpt lat="35.768685" lon="127.149897"/><trkpt lat="35.768811" lon="127.149513"/><trkpt lat="35.768829" lon="127.149469"/><trkpt lat="35.768851" lon="127.149429"/><trkpt lat="35.769019" lon="127.149179"/><trkpt lat="35.769062" lon="127.149119"/><trkpt lat="35.769091" lon="127.149087"/><trkpt lat="35.769123" lon="127.14906"/><trkpt lat="35.769257" lon="127.148962"/><trkpt lat="35.769288" lon="127.148936"/><trkpt lat="35.769316" lon="127.148904"/><trkpt lat="35.769339" lon="127.148867"/><trkpt lat="35.76939" lon="127.148777"/><trkpt lat="35.769415" lon="127.148745"/><trkpt lat="35.769454" lon="127.148713"/><trkpt lat="35.76948" lon="127.148685"/><trkpt lat="35.769511" lon="127.148626"/><trkpt lat="35.769529" lon="127.148599"/><trkpt lat="35.769553" lon="127.148597"/><trkpt lat="35.769581" lon="127.148618"/><trkpt lat="35.769622" lon="127.148656"/><trkpt lat="35.76987" lon="127.148904"/><trkpt lat="35.769922" lon="127.148953"/><trkpt lat="35.769956" lon="127.148974"/><trkpt lat="35.769993" lon="127.148985"/><trkpt lat="35.770032" lon="127.148989"/><trkpt lat="35.770313" lon="127.148999"/><trkpt lat="35.770366" lon="127.149003"/><trkpt lat="35.770405" lon="127.149011"/><trkpt lat="35.770455" lon="127.149031"/><trkpt lat="35.770579" lon="127.149089"/><trkpt lat="35.770639" lon="127.14912"/><trkpt lat="35.770673" lon="127.149143"/><trkpt lat="35.770745" lon="127.14921"/><trkpt lat="35.770785" lon="127.149247"/><trkpt lat="35.770818" lon="127.149268"/><trkpt lat="35.770855" lon="127.149278"/><trkpt lat="35.770908" lon="127.149282"/><trkpt lat="35.771255" lon="127.149292"/><trkpt lat="35.771429" lon="127.149298"/><trkpt lat="35.771468" lon="127.149303"/><trkpt lat="35.771506" lon="127.149315"/><trkpt lat="35.771567" lon="127.149347"/><trkpt lat="35.77205" lon="127.149629"/><trkpt lat="35.772111" lon="127.149662"/><trkpt lat="35.772149" lon="127.149675"/><trkpt lat="35.772185" lon="127.149678"/><trkpt lat="35.772223" lon="127.149676"/><trkpt lat="35.772273" lon="127.149668"/><trkpt lat="35.772309" lon="127.149658"/><trkpt lat="35.772342" lon="127.149637"/><trkpt lat="35.772383" lon="127.149597"/><trkpt lat="35.772611" lon="127.149343"/><trkpt lat="35.772671" lon="127.149278"/><trkpt lat="35.772702" lon="127.149248"/><trkpt lat="35.772737" lon="127.149223"/><trkpt lat="35.772953" lon="127.149088"/><trkpt lat="35.773146" lon="127.148969"/></trkseg>
<trkseg><trkpt lat="35.773146" lon="127.148969"/><trkpt lat="35.773164" lon="127.148676"/><trkpt lat="35.773164" lon="127.148628"/><trkpt lat="35.77316" lon="127.14858"/><trkpt lat="35.773148" lon="127.148518"/><trkpt lat="35.773115" lon="127.148347"/><trkpt lat="35.773109" lon="127.1483"/><trkpt lat="35.773109" lon="127.148252"/><trkpt lat="35.773114" lon="127.148155"/><trkpt lat="35.773113" lon="127.148107"/><trkpt lat="35.773102" lon="127.148064"/><trkpt lat="35.773083" lon="127.148023"/><trkpt lat="35.772978" lon="127.147837"/><trkpt lat="35.772934" lon="127.147757"/><trkpt lat="35.772915" lon="127.147715"/><trkpt lat="35.7729" lon="127.14767"/><trkpt lat="35.772837" lon="127.14742"/><trkpt lat="35.77282" lon="127.147341"/><trkpt lat="35.772815" lon="127.147294"/><trkpt lat="35.77282" lon="127.147248"/><trkpt lat="35.772843" lon="127.147156"/><trkpt lat="35.772971" lon="127.146679"/></trkseg>
<trkseg><trkpt lat="35.774251" lon="127.149671"/><trkpt lat="35.774295" lon="127.149693"/><trkpt lat="35.774339" lon="127.149722"/><trkpt lat="35.774372" lon="127.149755"/><trkpt lat="35.774393" lon="127.149795"/><trkpt lat="35.774466" lon="127.149971"/><trkpt lat="35.774501" lon="127.15006"/><trkpt lat="35.774516" lon="127.150105"/><trkpt lat="35.77453" lon="127.150165"/><trkpt lat="35.774541" lon="127.150225"/><trkpt lat="35.774545" lon="127.15027"/><trkpt lat="35.77454" lon="127.150314"/><trkpt lat="35.774519" lon="127.150388"/><trkpt lat="35.774508" lon="127.150432"/><trkpt lat="35.774506" lon="127.150476"/><trkpt lat="35.774512" lon="127.150519"/><trkpt lat="35.774523" lon="127.15056"/><trkpt lat="35.774544" lon="127.150599"/><trkpt lat="35.774571" lon="127.150635"/><trkpt lat="35.774747" lon="127.15084"/><trkpt lat="35.77502" lon="127.151159"/><trkpt lat="35.775061" lon="127.151202"/><trkpt lat="35.775093" lon="127.151228"/><trkpt lat="35.77517" lon="127.151282"/><trkpt lat="35.775212" lon="127.151315"/><trkpt lat="35.77524" lon="127.151347"/><trkpt lat="35.775273" lon="127.151397"/><trkpt lat="35.775372" lon="127.151568"/><trkpt lat="35.775396" lon="127.151605"/><trkpt lat="35.775425" lon="127.151637"/><trkpt lat="35.775458" lon="127.151662"/><trkpt lat="35.775622" lon="127.151758"/><trkpt lat="35.775698" lon="127.151802"/></trkseg>
<trkseg><trkpt lat="35.776718" lon="127.150066"/><trkpt lat="35.77673" lon="127.150083"/><trkpt lat="35.776749" lon="127.150125"/><trkpt lat="35.776753" lon="127.15018"/><trkpt lat="35.77674" lon="127.150244"/><trkpt lat="35.776706" lon="127.150382"/><trkpt lat="35.776699" lon="127.150429"/><trkpt lat="35.776699" lon="127.150476"/><trkpt lat="35.776709" lon="127.150588"/><trkpt lat="35.776718" lon="127.150668"/><trkpt lat="35.776727" lon="127.150713"/><trkpt lat="35.776744" lon="127.150752"/><trkpt lat="35.776772" lon="127.150782"/><trkpt lat="35.776804" lon="127.150804"/><trkpt lat="35.776837" lon="127.150813"/><trkpt lat="35.77687" lon="127.150802"/><trkpt lat="35.776933" lon="127.150756"/><trkpt lat="35.776961" lon="127.150739"/><trkpt lat="35.776982" lon="127.150744"/><trkpt lat="35.776993" lon="127.150776"/><trkpt lat="35.777007" lon="127.150851"/><trkpt lat="35.77702" lon="127.150897"/><trkpt lat="35.777039" lon="127.150939"/><trkpt lat="35.777084" lon="127.151021"/><trkpt lat="35.77731" lon="127.151421"/><trkpt lat="35.777342" lon="127.151473"/><trkpt lat="35.777369" lon="127.151508"/><trkpt lat="35.777427" lon="127.151573"/><trkpt lat="35.777615" lon="127.151775"/><trkpt lat="35.777651" lon="127.151819"/><trkpt lat="35.777669" lon="127.151855"/><trkpt lat="35.777675" lon="127.151928"/><trkpt lat="35.777682" lon="127.151975"/><trkpt lat="35.777699" lon="127.152055"/><trkpt lat="35.77773" lon="127.152181"/><trkpt lat="35.777748" lon="127.152243"/><trkpt lat="35.777767" lon="127.152285"/><trkpt lat="35.777792" lon="127.152323"/><trkpt lat="35.777875" lon="127.152431"/><trkpt lat="35.777912" lon="127.15248"/><trkpt lat="35.777936" lon="127.152518"/><trkpt lat="35.777955" lon="127.152559"/><trkpt lat="35.778012" lon="127.152719"/><trkpt lat="35.778038" lon="127.152791"/><trkpt lat="35.778056" lon="127.152833"/><trkpt lat="35.778079" lon="127.152873"/><trkpt lat="35.778164" lon="127.152998"/><trkpt lat="35.778205" lon="127.153061"/><trkpt lat="35.778227" lon="127.1531"/><trkpt lat="35.778245" lon="127.153149"/><trkpt lat="35.778261" lon="127.153184"/><trkpt lat="35.778287" lon="127.153219"/><trkpt lat="35.778347" lon="127.153283"/><trkpt lat="35.778451" lon="127.153388"/></trkseg>
<trkseg><trkpt lat="35.779518" lon="127.137505"/><trkpt lat="35.779482" lon="127.137541"/><trkpt lat="35.77942" lon="127.137604"/><trkpt lat="35.779394" lon="127.137637"/><trkpt lat="35.779377" lon="127.137675"/><trkpt lat="35.779369" lon="127.137718"/><trkpt lat="35.77936" lon="127.137794"/><trkpt lat="35.779351" lon="127.137839"/><trkpt lat="35.779333" lon="127.137899"/><trkpt lat="35.779209" lon="127.138237"/><trkpt lat="35.779186" lon="127.138294"/><trkpt lat="35.779165" lon="127.138336"/><trkpt lat="35.778946" lon="127.138693"/><trkpt lat="35.778816" lon="127.138905"/><trkpt lat="35.778794" lon="127.138946"/><trkpt lat="35.778777" lon="127.13899"/><trkpt lat="35.778757" lon="127.139068"/><trkpt lat="35.778738" lon="127.139163"/><trkpt lat="35.778732" lon="127.139211"/><trkpt lat="35.778732" lon="127.139275"/><trkpt lat="35.77873" lon="127.139321"/><trkpt lat="35.778717" lon="127.13936"/><trkpt lat="35.77868" lon="127.139416"/><trkpt lat="35.778658" lon="127.139451"/><trkpt lat="35.77864" lon="127.139494"/><trkpt lat="35.778617" lon="127.13957"/><trkpt lat="35.778554" lon="127.139803"/><trkpt lat="35.778545" lon="127.13985"/><trkpt lat="35.77854" lon="127.139897"/><trkpt lat="35.77853" lon="127.140054"/><trkpt lat="35.778523" lon="127.1401"/><trkpt lat="35.77851" lon="127.140146"/><trkpt lat="35.778458" lon="127.140281"/><trkpt lat="35.778416" lon="127.140384"/><trkpt lat="35.778394" lon="127.140426"/><trkpt lat="35.778369" lon="127.140463"/><trkpt lat="35.778332" lon="127.140509"/><trkpt lat="35.778247" lon="127.140612"/><trkpt lat="35.778224" lon="127.140649"/><trkpt lat="35.778209" lon="127.140692"/><trkpt lat="35.778202" lon="127.140739"/><trkpt lat="35.778191" lon="127.140904"/><trkpt lat="35.778184" lon="127.140985"/><trkpt lat="35.778175" lon="127.141032"/><trkpt lat="35.778158" lon="127.141073"/><trkpt lat="35.778133" lon="127.14111"/><trkpt lat="35.77805" lon="127.141217"/><trkpt lat="35.778014" lon="127.141265"/><trkpt lat="35.777993" lon="127.141306"/><trkpt lat="35.777977" lon="127.141351"/><trkpt lat="35.777912" lon="127.141586"/><trkpt lat="35.777788" lon="127.142043"/><trkpt lat="35.777769" lon="127.142104"/><trkpt lat="35.777749" lon="127.142146"/><trkpt lat="35.777724" lon="127.142182"/><trkpt lat="35.777694" lon="127.142205"/><trkpt lat="35.777639" lon="127.142233"/><trkpt lat="35.77761" lon="127.142255"/><trkpt lat="35.777578" lon="127.142293"/><trkpt lat="35.777549" lon="127.142315"/><trkpt lat="35.777493" lon="127.142344"/><trkpt lat="35.777463" lon="127.142368"/><trkpt lat="35.777437" lon="127.142403"/><trkpt lat="35.777406" lon="127.142457"/><trkpt lat="35.77702" lon="127.143175"/><trkpt lat="35.776872" lon="127.143451"/><trkpt lat="35.776854" lon="127.143494"/><trkpt lat="35.776841" lon="127.14354"/><trkpt lat="35.776819" lon="127.143651"/><trkpt lat="35.776781" lon="127.143858"/><trkpt lat="35.776769" lon="127.143903"/><trkpt lat="35.776751" lon="127.143945"/><trkpt lat="35.776719" lon="127.143997"/><trkpt lat="35.776482" lon="127.144346"/><trkpt lat="35.776434" lon="127.144423"/><trkpt lat="35.776392" lon="127.144506"/><trkpt lat="35.776192" lon="127.144932"/><trkpt lat="35.776168" lon="127.14499"/><trkpt lat="35.776154" lon="127.145036"/><trkpt lat="35.776069" lon="127.145381"/><trkpt lat="35.776056" lon="127.145445"/><trkpt lat="35.776052" lon="127.145492"/><trkpt lat="35.776054" lon="127.145555"/><trkpt lat="35.776064" lon="127.145698"/><trkpt lat="35.776065" lon="127.145745"/><trkpt lat="35.776062" lon="127.145792"/><trkpt lat="35.776045" lon="127.145915"/><trkpt lat="35.776035" lon="127.145976"/><trkpt lat="35.776023" lon="127.14602"/><trkpt lat="35.776006" lon="127.146064"/><trkpt lat="35.775903" lon="127.14629"/><trkpt lat="35.775863" lon="127.146373"/><trkpt lat="35.775839" lon="127.146412"/><trkpt lat="35.77557" lon="127.146811"/><trkpt lat="35.775521" lon="127.146887"/><trkpt lat="35.775475" lon="127.146969"/><trkpt lat="35.775092" lon="127.147673"/><trkpt lat="35.775057" lon="127.147743"/><trkpt lat="35.77504" lon="127.147787"/><trkpt lat="35.775008" lon="127.147893"/><trkpt lat="35.774876" lon="127.148351"/><trkpt lat="35.77486" lon="127.148395"/><trkpt lat="35.774835" lon="127.148452"/><trkpt lat="35.774714" lon="127.148706"/><trkpt lat="35.774696" lon="127.148749"/><trkpt lat="35.774684" lon="127.148794"/><trkpt lat="35.774678" lon="127.14884"/><trkpt lat="35.774668" lon="127.149"/><trkpt lat="35.774661" lon="127.149046"/><trkpt lat="35.774647" lon="127.149089"/><trkpt lat="35.774626" lon="127.149129"/><trkpt lat="35.774396" lon="127.149508"/><trkpt lat="35.774356" lon="127.149572"/><trkpt lat="35.774321" lon="127.149613"/><trkpt lat="35.77428" lon="127.149648"/><trkpt lat="35.774251" lon="127.149671"/></trkseg>
<trkseg><trkpt lat="35.79527" lon="127.16622"/><trkpt lat="35.795531" lon="127.166498"/><trkpt lat="35.79557" lon="127.166542"/><trkpt lat="35.795594" lon="127.16658"/><trkpt lat="35.79562" lon="127.166636"/><trkpt lat="35.795705" lon="127.166856"/><trkpt lat="35.795735" lon="127.166928"/><trkpt lat="35.795757" lon="127.166969"/><trkpt lat="35.795792" lon="127.167018"/><trkpt lat="35.795864" lon="127.167114"/><trkpt lat="35.795887" lon="127.167153"/><trkpt lat="35.795903" lon="127.167195"/><trkpt lat="35.795918" lon="127.167254"/><trkpt lat="35.795932" lon="127.167292"/><trkpt lat="35.795958" lon="127.167313"/><trkpt lat="35.795994" lon="127.167321"/><trkpt lat="35.796058" lon="127.16733"/><trkpt lat="35.796094" lon="127.167346"/><trkpt lat="35.796125" lon="127.167373"/><trkpt lat="35.796182" lon="127.167441"/><trkpt lat="35.796371" lon="127.167673"/><trkpt lat="35.796401" lon="127.167706"/><trkpt lat="35.796455" lon="127.167755"/><trkpt lat="35.796777" lon="127.168021"/><trkpt lat="35.796845" lon="127.168074"/><trkpt lat="35.796881" lon="127.168094"/><trkpt lat="35.796969" lon="127.168133"/><trkpt lat="35.797211" lon="127.168233"/><trkpt lat="35.797247" lon="127.168251"/><trkpt lat="35.79728" lon="127.168276"/><trkpt lat="35.797308" lon="127.168307"/><trkpt lat="35.797394" lon="127.168424"/><trkpt lat="35.797422" lon="127.168456"/><trkpt lat="35.797454" lon="127.168482"/><trkpt lat="35.797502" lon="127.16851"/><trkpt lat="35.797712" lon="127.168617"/><trkpt lat="35.797759" lon="127.168646"/><trkpt lat="35.797791" lon="127.168674"/><trkpt lat="35.797839" lon="127.16873"/><trkpt lat="35.798194" lon="127.169172"/><trkpt lat="35.798297" lon="127.1693"/><trkpt lat="35.798327" lon="127.169331"/><trkpt lat="35.79836" lon="127.169353"/><trkpt lat="35.798394" lon="127.169367"/><trkpt lat="35.798428" lon="127.169372"/><trkpt lat="35.798462" lon="127.169361"/><trkpt lat="35.798495" lon="127.169339"/><trkpt lat="35.798656" lon="127.169197"/><trkpt lat="35.798732" lon="127.169134"/><trkpt lat="35.798766" lon="127.169112"/><trkpt lat="35.798804" lon="127.169098"/><trkpt lat="35.798869" lon="127.169083"/><trkpt lat="35.799015" lon="127.169055"/><trkpt lat="35.799054" lon="127.16905"/><trkpt lat="35.799092" lon="127.169053"/><trkpt lat="35.799127" lon="127.169067"/><trkpt lat="35.799158" lon="127.16909"/><trkpt lat="35.799185" lon="127.169123"/><trkpt lat="35.799227" lon="127.16918"/><trkpt lat="35.799253" lon="127.169204"/><trkpt lat="35.799281" lon="127.169205"/><trkpt lat="35.799312" lon="127.169186"/><trkpt lat="35.799343" lon="127.169159"/><trkpt lat="35.799371" lon="127.169126"/><trkpt lat="35.799393" lon="127.169086"/><trkpt lat="35.799419" lon="127.169028"/><trkpt lat="35.799479" lon="127.16888"/><trkpt lat="35.799508" lon="127.168831"/><trkpt lat="35.799541" lon="127.168794"/><trkpt lat="35.799563" lon="127.168776"/><trkpt lat="35.799565" lon="127.168775"/></trkseg>
<trkseg><trkpt lat="35.795192" lon="127.170327"/><trkpt lat="35.795218" lon="127.170281"/><trkpt lat="35.795242" lon="127.17023"/><trkpt lat="35.795255" lon="127.170181"/><trkpt lat="35.795256" lon="127.170134"/><trkpt lat="35.795242" lon="127.169972"/><trkpt lat="35.795238" lon="127.169908"/><trkpt lat="35.795238" lon="127.16986"/><trkpt lat="35.795243" lon="127.169812"/><trkpt lat="35.795255" lon="127.169748"/><trkpt lat="35.795328" lon="127.169399"/><trkpt lat="35.795339" lon="127.169335"/><trkpt lat="35.795341" lon="127.169288"/><trkpt lat="35.795337" lon="127.16924"/><trkpt lat="35.795305" lon="127.169047"/><trkpt lat="35.795291" lon="127.168951"/><trkpt lat="35.795289" lon="127.168903"/><trkpt lat="35.795292" lon="127.168855"/><trkpt lat="35.795315" lon="127.16863"/><trkpt lat="35.795327" lon="127.168533"/><trkpt lat="35.795336" lon="127.168486"/><trkpt lat="35.795351" lon="127.168424"/><trkpt lat="35.795418" lon="127.168192"/><trkpt lat="35.795428" lon="127.168146"/><trkpt lat="35.795433" lon="127.168099"/><trkpt lat="35.795431" lon="127.168053"/><trkpt lat="35.795419" lon="127.167961"/><trkpt lat="35.79541" lon="127.167916"/><trkpt lat="35.795395" lon="127.167873"/><trkpt lat="35.795362" lon="127.167805"/><trkpt lat="35.795292" lon="127.167671"/><trkpt lat="35.795274" lon="127.16763"/><trkpt lat="35.795264" lon="127.167586"/><trkpt lat="35.795261" lon="127.167508"/><trkpt lat="35.795255" lon="127.167462"/><trkpt lat="35.79524" lon="127.167421"/><trkpt lat="35.79521" lon="127.16737"/><trkpt lat="35.795087" lon="127.167181"/><trkpt lat="35.795041" lon="127.167104"/><trkpt lat="35.795022" lon="127.167061"/><trkpt lat="35.794988" lon="127.166971"/><trkpt lat="35.794968" lon="127.166929"/><trkpt lat="35.794942" lon="127.166893"/><trkpt lat="35.794889" lon="127.166825"/><trkpt lat="35.79487" lon="127.166788"/><trkpt lat="35.794867" lon="127.166748"/><trkpt lat="35.794873" lon="127.166706"/><trkpt lat="35.794887" lon="127.166668"/><trkpt lat="35.794914" lon="127.166636"/><trkpt lat="35.794948" lon="127.16661"/><trkpt lat="35.79504" lon="127.166542"/><trkpt lat="35.795072" lon="127.166512"/><trkpt lat="35.7951" lon="127.166476"/><trkpt lat="35.79527" lon="127.16622"/></trkseg>
<trkseg><trkpt lat="35.791294" lon="127.182399"/><trkpt lat="35.791234" lon="127.182517"/><trkpt lat="35.791203" lon="127.182572"/><trkpt lat="35.791179" lon="127.182607"/><trkpt lat="35.791151" lon="127.182636"/><trkpt lat="35.791121" lon="127.182658"/><trkpt lat="35.791092" lon="127.18267"/><trkpt lat="35.791055" lon="127.182681"/><trkpt lat="35.791031" lon="127.182684"/><trkpt lat="35.79099" lon="127.182681"/><trkpt lat="35.790958" lon="127.182694"/><trkpt lat="35.790927" lon="127.182716"/><trkpt lat="35.790901" lon="127.182744"/><trkpt lat="35.790883" lon="127.182779"/><trkpt lat="35.790864" lon="127.18283"/><trkpt lat="35.790848" lon="127.18283"/><trkpt lat="35.79082" lon="127.182802"/><trkpt lat="35.790792" lon="127.18278"/><trkpt lat="35.790755" lon="127.182762"/><trkpt lat="35.790676" lon="127.182737"/><trkpt lat="35.790545" lon="127.182699"/><trkpt lat="35.79051" lon="127.182682"/><trkpt lat="35.790487" lon="127.182655"/><trkpt lat="35.790477" lon="127.182616"/><trkpt lat="35.790463" lon="127.182544"/><trkpt lat="35.790444" lon="127.182503"/><trkpt lat="35.790421" lon="127.182464"/><trkpt lat="35.790352" lon="127.182363"/><trkpt lat="35.790326" lon="127.18233"/><trkpt lat="35.790301" lon="127.182309"/><trkpt lat="35.79028" lon="127.182318"/><trkpt lat="35.79026" lon="127.182348"/><trkpt lat="35.790216" lon="127.182443"/><trkpt lat="35.790189" lon="127.182497"/><trkpt lat="35.790157" lon="127.182548"/><trkpt lat="35.790035" lon="127.182717"/><trkpt lat="35.790008" lon="127.18275"/><trkpt lat="35.789981" lon="127.182772"/><trkpt lat="35.789952" lon="127.182771"/><trkpt lat="35.789921" lon="127.18275"/><trkpt lat="35.789837" lon="127.182673"/><trkpt lat="35.789795" lon="127.182636"/><trkpt lat="35.789761" lon="127.182613"/><trkpt lat="35.789725" lon="127.182595"/><trkpt lat="35.789614" lon="127.182551"/><trkpt lat="35.789566" lon="127.182528"/><trkpt lat="35.789535" lon="127.182505"/><trkpt lat="35.789488" lon="127.18246"/><trkpt lat="35.789457" lon="127.182446"/><trkpt lat="35.789416" lon="127.18243"/><trkpt lat="35.789394" lon="127.182406"/><trkpt lat="35.789385" lon="127.18237"/><trkpt lat="35.78939" lon="127.182327"/><trkpt lat="35.789403" lon="127.182252"/><trkpt lat="35.789404" lon="127.182204"/><trkpt lat="35.789398" lon="127.182157"/><trkpt lat="35.789374" lon="127.18203"/><trkpt lat="35.789357" lon="127.181952"/><trkpt lat="35.789341" lon="127.181909"/><trkpt lat="35.789318" lon="127.181872"/><trkpt lat="35.789271" lon="127.181816"/><trkpt lat="35.789023" lon="127.181543"/><trkpt lat="35.788977" lon="127.18149"/><trkpt lat="35.788962" lon="127.181463"/><trkpt lat="35.788972" lon="127.181446"/><trkpt lat="35.789002" lon="127.181436"/><trkpt lat="35.789106" lon="127.181421"/><trkpt lat="35.789145" lon="127.181412"/><trkpt lat="35.789179" lon="127.181396"/><trkpt lat="35.789206" lon="127.181365"/><trkpt lat="35.789237" lon="127.181312"/><trkpt lat="35.789302" lon="127.181188"/><trkpt lat="35.789326" lon="127.181149"/><trkpt lat="35.789354" lon="127.181114"/><trkpt lat="35.789463" lon="127.180999"/><trkpt lat="35.789502" lon="127.180956"/><trkpt lat="35.789526" lon="127.18092"/><trkpt lat="35.789543" lon="127.180879"/><trkpt lat="35.789563" lon="127.180803"/><trkpt lat="35.789587" lon="127.180695"/><trkpt lat="35.789595" lon="127.180649"/><trkpt lat="35.789596" lon="127.180605"/><trkpt lat="35.789583" lon="127.180563"/><trkpt lat="35.789554" lon="127.180508"/><trkpt lat="35.789435" lon="127.180307"/></trkseg>
<trkseg><trkpt lat="35.789435" lon="127.180307"/><trkpt lat="35.789478" lon="127.180323"/><trkpt lat="35.789521" lon="127.180345"/><trkpt lat="35.78955" lon="127.180376"/><trkpt lat="35.789571" lon="127.180427"/><trkpt lat="35.789592" lon="127.180465"/><trkpt lat="35.789619" lon="127.180499"/><trkpt lat="35.789689" lon="127.180574"/><trkpt lat="35.78972" lon="127.180602"/><trkpt lat="35.789755" lon="127.180624"/><trkpt lat="35.789793" lon="127.180638"/><trkpt lat="35.790125" lon="127.180711"/><trkpt lat="35.790177" lon="127.180724"/><trkpt lat="35.790215" lon="127.180739"/><trkpt lat="35.790249" lon="127.180762"/><trkpt lat="35.790281" lon="127.18079"/><trkpt lat="35.79031" lon="127.180822"/><trkpt lat="35.790335" lon="127.180858"/><trkpt lat="35.790354" lon="127.180899"/><trkpt lat="35.790452" lon="127.181164"/><trkpt lat="35.790501" lon="127.181296"/><trkpt lat="35.790525" lon="127.181353"/><trkpt lat="35.790562" lon="127.181422"/><trkpt lat="35.79063" lon="127.181543"/><trkpt lat="35.790655" lon="127.181581"/><trkpt lat="35.790683" lon="127.181615"/><trkpt lat="35.790755" lon="127.181684"/><trkpt lat="35.790784" lon="127.181715"/><trkpt lat="35.790809" lon="127.18175"/><trkpt lat="35.790827" lon="127.181791"/><trkpt lat="35.79088" lon="127.181935"/><trkpt lat="35.790899" lon="127.181976"/><trkpt lat="35.790923" lon="127.182013"/><trkpt lat="35.790959" lon="127.182059"/><trkpt lat="35.791006" lon="127.182113"/><trkpt lat="35.791037" lon="127.182143"/><trkpt lat="35.791081" lon="127.182178"/><trkpt lat="35.791218" lon="127.182278"/><trkpt lat="35.791254" lon="127.182311"/><trkpt lat="35.791283" lon="127.182355"/><trkpt lat="35.791294" lon="127.182389"/><trkpt lat="35.791294" lon="127.182399"/></trkseg>
<trkseg><trkpt lat="35.791745" lon="127.18297"/><trkpt lat="35.791772" lon="127.18292"/><trkpt lat="35.791803" lon="127.182872"/><trkpt lat="35.791837" lon="127.18284"/><trkpt lat="35.791873" lon="127.182825"/><trkpt lat="35.792042" lon="127.182779"/><trkpt lat="35.792395" lon="127.182686"/><trkpt lat="35.792446" lon="127.182668"/><trkpt lat="35.792481" lon="127.182648"/><trkpt lat="35.792512" lon="127.182621"/><trkpt lat="35.792592" lon="127.182537"/><trkpt lat="35.792623" lon="127.182508"/><trkpt lat="35.792656" lon="127.182489"/><trkpt lat="35.792692" lon="127.182487"/><trkpt lat="35.792731" lon="127.182494"/><trkpt lat="35.79289" lon="127.182536"/><trkpt lat="35.793075" lon="127.182584"/><trkpt lat="35.793114" lon="127.182591"/><trkpt lat="35.793153" lon="127.18259"/><trkpt lat="35.793213" lon="127.182579"/><trkpt lat="35.793248" lon="127.182582"/><trkpt lat="35.793281" lon="127.182596"/><trkpt lat="35.793336" lon="127.182625"/><trkpt lat="35.793371" lon="127.182635"/><trkpt lat="35.79341" lon="127.182634"/><trkpt lat="35.793463" lon="127.182625"/><trkpt lat="35.793621" lon="127.182591"/><trkpt lat="35.793659" lon="127.182577"/><trkpt lat="35.793694" lon="127.182555"/><trkpt lat="35.793785" lon="127.182484"/><trkpt lat="35.794009" lon="127.1823"/><trkpt lat="35.794043" lon="127.182277"/><trkpt lat="35.79408" lon="127.182263"/><trkpt lat="35.794118" lon="127.18226"/><trkpt lat="35.794197" lon="127.182267"/><trkpt lat="35.794273" lon="127.182278"/><trkpt lat="35.794304" lon="127.182289"/><trkpt lat="35.794324" lon="127.182314"/><trkpt lat="35.794344" lon="127.182336"/><trkpt lat="35.794375" lon="127.182357"/><trkpt lat="35.794448" lon="127.182393"/><trkpt lat="35.79451" lon="127.182418"/><trkpt lat="35.794548" lon="127.182427"/><trkpt lat="35.794586" lon="127.182425"/><trkpt lat="35.794638" lon="127.182413"/><trkpt lat="35.795173" lon="127.182264"/><trkpt lat="35.79542" lon="127.182194"/><trkpt lat="35.795457" lon="127.182177"/><trkpt lat="35.795517" lon="127.18214"/><trkpt lat="35.795715" lon="127.182004"/><trkpt lat="35.795763" lon="127.181973"/><trkpt lat="35.795799" lon="127.181954"/><trkpt lat="35.795884" lon="127.181915"/><trkpt lat="35.796032" lon="127.181849"/><trkpt lat="35.796067" lon="127.181829"/><trkpt lat="35.796098" lon="127.181801"/><trkpt lat="35.796135" lon="127.181755"/><trkpt lat="35.796414" lon="127.181373"/><trkpt lat="35.79646" lon="127.181313"/><trkpt lat="35.796489" lon="127.181281"/><trkpt lat="35.796523" lon="127.181256"/><trkpt lat="35.796583" lon="127.181221"/><trkpt lat="35.796791" lon="127.181109"/><trkpt lat="35.796829" lon="127.181095"/><trkpt lat="35.796907" lon="127.181073"/><trkpt lat="35.796985" lon="127.181056"/><trkpt lat="35.797025" lon="127.181054"/><trkpt lat="35.797077" lon="127.181064"/><trkpt lat="35.797155" lon="127.181084"/><trkpt lat="35.79722" lon="127.181104"/><trkpt lat="35.797257" lon="127.181121"/><trkpt lat="35.797509" lon="127.181267"/><trkpt lat="35.797691" lon="127.181371"/><trkpt lat="35.797726" lon="127.181394"/><trkpt lat="35.797757" lon="127.181422"/><trkpt lat="35.797778" lon="127.181456"/><trkpt lat="35.79779" lon="127.181494"/><trkpt lat="35.797791" lon="127.181538"/><trkpt lat="35.797782" lon="127.181579"/><trkpt lat="35.797762" lon="127.181608"/><trkpt lat="35.79773" lon="127.181624"/><trkpt lat="35.79767" lon="127.181641"/><trkpt lat="35.797643" lon="127.181655"/><trkpt lat="35.797636" lon="127.181679"/><trkpt lat="35.797646" lon="127.181707"/><trkpt lat="35.79767" lon="127.181735"/><trkpt lat="35.797703" lon="127.181759"/><trkpt lat="35.797958" lon="127.181904"/><trkpt lat="35.798007" lon="127.181927"/><trkpt lat="35.798044" lon="127.181938"/><trkpt lat="35.79808" lon="127.181942"/><trkpt lat="35.798121" lon="127.181934"/><trkpt lat="35.798148" lon="127.181939"/><trkpt lat="35.798184" lon="127.181973"/><trkpt lat="35.798213" lon="127.181999"/><trkpt lat="35.798257" lon="127.182017"/><trkpt lat="35.798315" lon="127.182031"/><trkpt lat="35.798334" lon="127.182035"/></trkseg>
<trkseg><trkpt lat="35.781725" lon="127.144444"/><trkpt lat="35.781746" lon="127.144412"/><trkpt lat="35.781781" lon="127.144371"/><trkpt lat="35.781822" lon="127.144345"/><trkpt lat="35.781873" lon="127.144329"/><trkpt lat="35.781937" lon="127.144313"/><trkpt lat="35.781976" lon="127.144309"/><trkpt lat="35.782016" lon="127.14431"/><trkpt lat="35.782094" lon="127.144317"/><trkpt lat="35.782131" lon="127.144312"/><trkpt lat="35.782165" lon="127.144293"/><trkpt lat="35.782208" lon="127.144257"/><trkpt lat="35.782302" lon="127.144168"/><trkpt lat="35.782336" lon="127.144143"/><trkpt lat="35.782371" lon="127.144128"/><trkpt lat="35.782409" lon="127.14412"/><trkpt lat="35.782513" lon="127.144109"/><trkpt lat="35.782579" lon="127.144107"/><trkpt lat="35.782617" lon="127.144111"/><trkpt lat="35.782704" lon="127.14413"/><trkpt lat="35.78274" lon="127.144133"/><trkpt lat="35.782772" lon="127.144125"/><trkpt lat="35.782808" lon="127.144097"/><trkpt lat="35.782837" lon="127.14408"/><trkpt lat="35.782878" lon="127.144062"/><trkpt lat="35.782908" lon="127.144037"/><trkpt lat="35.782947" lon="127.143995"/><trkpt lat="35.783024" lon="127.143906"/><trkpt lat="35.783069" lon="127.143849"/><trkpt lat="35.783092" lon="127.14381"/><trkpt lat="35.783126" lon="127.143743"/><trkpt lat="35.783154" lon="127.14371"/><trkpt lat="35.783228" lon="127.143642"/><trkpt lat="35.78326" lon="127.143612"/><trkpt lat="35.783287" lon="127.143577"/><trkpt lat="35.783309" lon="127.143537"/><trkpt lat="35.783404" lon="127.143317"/><trkpt lat="35.783518" lon="127.143054"/><trkpt lat="35.78354" lon="127.143012"/><trkpt lat="35.783564" lon="127.142974"/><trkpt lat="35.783799" lon="127.142649"/></trkseg>
<trkseg><trkpt lat="35.783464" lon="127.142053"/><trkpt lat="35.783165" lon="127.14214"/><trkpt lat="35.783113" lon="127.142151"/><trkpt lat="35.783073" lon="127.142152"/><trkpt lat="35.783034" lon="127.142145"/><trkpt lat="35.782929" lon="127.142117"/><trkpt lat="35.782889" lon="127.142111"/><trkpt lat="35.782852" lon="127.142112"/><trkpt lat="35.782765" lon="127.142124"/><trkpt lat="35.782715" lon="127.142129"/><trkpt lat="35.782675" lon="127.142128"/><trkpt lat="35.782421" lon="127.142099"/><trkpt lat="35.782114" lon="127.142062"/></trkseg>
<trkseg><trkpt lat="35.782955" lon="127.139554"/><trkpt lat="35.78277" lon="127.139858"/><trkpt lat="35.782734" lon="127.139927"/><trkpt lat="35.782433" lon="127.14058"/><trkpt lat="35.782402" lon="127.140652"/><trkpt lat="35.782388" lon="127.140696"/><trkpt lat="35.782382" lon="127.140743"/><trkpt lat="35.782379" lon="127.140825"/><trkpt lat="35.782377" lon="127.14112"/><trkpt lat="35.782372" lon="127.141168"/><trkpt lat="35.78236" lon="127.141213"/><trkpt lat="35.782335" lon="127.141269"/><trkpt lat="35.782272" lon="127.141395"/><trkpt lat="35.782253" lon="127.141437"/><trkpt lat="35.78224" lon="127.141482"/><trkpt lat="35.782234" lon="127.141529"/><trkpt lat="35.782225" lon="127.141658"/><trkpt lat="35.782219" lon="127.141705"/><trkpt lat="35.782208" lon="127.141753"/><trkpt lat="35.782181" lon="127.141846"/><trkpt lat="35.782114" lon="127.142062"/></trkseg>
<trkseg><trkpt lat="35.781377" lon="127.155358"/><trkpt lat="35.781408" lon="127.155353"/><trkpt lat="35.781452" lon="127.155337"/><trkpt lat="35.781491" lon="127.155307"/><trkpt lat="35.781546" lon="127.155238"/><trkpt lat="35.781584" lon="127.155194"/><trkpt lat="35.781616" lon="127.155166"/><trkpt lat="35.781663" lon="127.155135"/><trkpt lat="35.781758" lon="127.155077"/><trkpt lat="35.781807" lon="127.155053"/><trkpt lat="35.781846" lon="127.15504"/><trkpt lat="35.782189" lon="127.154958"/><trkpt lat="35.782268" lon="127.154937"/><trkpt lat="35.782531" lon="127.154832"/><trkpt lat="35.782605" lon="127.154799"/><trkpt lat="35.782641" lon="127.154778"/><trkpt lat="35.782685" lon="127.154743"/><trkpt lat="35.783077" lon="127.154402"/><trkpt lat="35.783132" lon="127.154356"/><trkpt lat="35.783179" lon="127.154324"/><trkpt lat="35.783433" lon="127.15417"/><trkpt lat="35.784222" lon="127.153695"/><trkpt lat="35.784295" lon="127.153654"/><trkpt lat="35.784333" lon="127.153638"/><trkpt lat="35.784372" lon="127.153628"/><trkpt lat="35.78484" lon="127.15354"/><trkpt lat="35.784933" lon="127.153521"/><trkpt lat="35.784972" lon="127.153509"/><trkpt lat="35.785035" lon="127.15348"/><trkpt lat="35.785346" lon="127.153321"/><trkpt lat="35.785394" lon="127.153292"/><trkpt lat="35.785426" lon="127.153264"/><trkpt lat="35.785493" lon="127.153188"/><trkpt lat="35.785523" lon="127.153157"/><trkpt lat="35.785555" lon="127.153132"/><trkpt lat="35.785603" lon="127.153106"/><trkpt lat="35.785858" lon="127.152981"/><trkpt lat="35.785932" lon="127.152951"/><trkpt lat="35.786006" lon="127.152926"/><trkpt lat="35.786043" lon="127.152918"/><trkpt lat="35.78608" lon="127.152918"/><trkpt lat="35.786116" lon="127.152929"/><trkpt lat="35.786201" lon="127.152967"/><trkpt lat="35.786249" lon="127.152986"/><trkpt lat="35.786287" lon="127.152992"/><trkpt lat="35.786326" lon="127.152989"/><trkpt lat="35.786565" lon="127.152938"/><trkpt lat="35.786658" lon="127.15292"/><trkpt lat="35.786698" lon="127.152916"/><trkpt lat="35.786736" lon="127.15292"/><trkpt lat="35.7868" lon="127.152932"/><trkpt lat="35.786954" lon="127.152967"/><trkpt lat="35.786992" lon="127.152971"/><trkpt lat="35.78703" lon="127.152968"/><trkpt lat="35.787068" lon="127.152955"/><trkpt lat="35.787242" lon="127.152868"/><trkpt lat="35.787603" lon="127.152687"/><trkpt lat="35.787653" lon="127.152665"/><trkpt lat="35.787691" lon="127.152656"/><trkpt lat="35.787731" lon="127.152654"/><trkpt lat="35.787852" lon="127.152663"/><trkpt lat="35.787892" lon="127.152663"/><trkpt lat="35.787931" lon="127.152657"/><trkpt lat="35.787982" lon="127.152643"/><trkpt lat="35.78816" lon="127.152585"/><trkpt lat="35.788223" lon="127.152562"/><trkpt lat="35.788532" lon="127.152413"/><trkpt lat="35.788617" lon="127.152368"/><trkpt lat="35.7887" lon="127.152316"/><trkpt lat="35.789108" lon="127.152043"/><trkpt lat="35.789144" lon="127.152022"/><trkpt lat="35.789181" lon="127.152007"/><trkpt lat="35.789233" lon="127.151997"/><trkpt lat="35.789324" lon="127.151984"/><trkpt lat="35.789361" lon="127.151973"/><trkpt lat="35.789396" lon="127.151951"/><trkpt lat="35.789451" lon="127.151903"/><trkpt lat="35.789601" lon="127.151763"/><trkpt lat="35.78963" lon="127.151731"/><trkpt lat="35.789653" lon="127.151694"/><trkpt lat="35.789672" lon="127.151639"/><trkpt lat="35.789689" lon="127.151598"/><trkpt lat="35.789712" lon="127.151559"/><trkpt lat="35.789756" lon="127.151497"/><trkpt lat="35.790079" lon="127.151055"/><trkpt lat="35.790126" lon="127.150996"/><trkpt lat="35.790156" lon="127.150967"/><trkpt lat="35.79024" lon="127.150898"/><trkpt lat="35.790269" lon="127.150869"/><trkpt lat="35.790306" lon="127.150823"/><trkpt lat="35.790409" lon="127.150677"/><trkpt lat="35.790436" lon="127.150643"/><trkpt lat="35.790466" lon="127.150614"/><trkpt lat="35.790498" lon="127.150591"/><trkpt lat="35.790552" lon="127.150556"/><trkpt lat="35.790582" lon="127.15053"/><trkpt lat="35.790606" lon="127.150495"/><trkpt lat="35.790633" lon="127.15044"/><trkpt lat="35.790772" lon="127.150129"/></trkseg>
<trkseg><trkpt lat="35.786245" lon="127.139594"/><trkpt lat="35.785994" lon="127.139792"/><trkpt lat="35.785962" lon="127.13982"/><trkpt lat="35.785936" lon="127.139853"/><trkpt lat="35.78592" lon="127.139892"/><trkpt lat="35.78591" lon="127.139935"/><trkpt lat="35.785902" lon="127.13998"/><trkpt lat="35.785899" lon="127.140025"/><trkpt lat="35.785903" lon="127.14007"/><trkpt lat="35.785913" lon="127.140116"/><trkpt lat="35.78597" lon="127.140314"/><trkpt lat="35.786004" lon="127.140436"/><trkpt lat="35.786014" lon="127.140483"/><trkpt lat="35.786054" lon="127.140761"/><trkpt lat="35.786063" lon="127.140842"/><trkpt lat="35.786063" lon="127.140889"/><trkpt lat="35.786051" lon="127.14093"/><trkpt lat="35.786029" lon="127.140966"/><trkpt lat="35.785944" lon="127.141084"/><trkpt lat="35.78592" lon="127.14112"/><trkpt lat="35.785901" lon="127.141162"/><trkpt lat="35.78588" lon="127.141222"/><trkpt lat="35.785836" lon="127.14136"/><trkpt lat="35.785818" lon="127.141403"/><trkpt lat="35.785775" lon="127.141487"/><trkpt lat="35.785708" lon="127.14161"/><trkpt lat="35.78569" lon="127.141652"/><trkpt lat="35.785679" lon="127.141698"/><trkpt lat="35.785675" lon="127.141747"/><trkpt lat="35.78567" lon="127.141879"/><trkpt lat="35.785664" lon="127.141927"/><trkpt lat="35.785652" lon="127.141972"/><trkpt lat="35.785626" lon="127.142028"/><trkpt lat="35.785405" lon="127.142456"/><trkpt lat="35.785378" lon="127.142511"/><trkpt lat="35.785361" lon="127.142553"/><trkpt lat="35.785356" lon="127.142596"/><trkpt lat="35.785365" lon="127.142641"/><trkpt lat="35.785386" lon="127.142701"/><trkpt lat="35.78546" lon="127.142897"/><trkpt lat="35.78548" lon="127.142958"/><trkpt lat="35.785489" lon="127.143005"/><trkpt lat="35.785491" lon="127.143054"/><trkpt lat="35.785491" lon="127.143169"/><trkpt lat="35.785495" lon="127.143217"/><trkpt lat="35.785504" lon="127.143261"/><trkpt lat="35.785537" lon="127.143363"/><trkpt lat="35.785549" lon="127.143407"/><trkpt lat="35.785556" lon="127.143451"/><trkpt lat="35.785553" lon="127.143495"/><trkpt lat="35.785539" lon="127.14357"/><trkpt lat="35.785532" lon="127.143614"/><trkpt lat="35.785534" lon="127.143658"/><trkpt lat="35.78555" lon="127.143731"/><trkpt lat="35.785554" lon="127.143775"/><trkpt lat="35.78555" lon="127.143821"/><trkpt lat="35.785538" lon="127.143897"/><trkpt lat="35.785527" lon="127.143943"/><trkpt lat="35.785498" lon="127.144034"/><trkpt lat="35.785353" lon="127.144474"/><trkpt lat="35.785332" lon="127.144552"/><trkpt lat="35.785273" lon="127.144839"/><trkpt lat="35.785266" lon="127.144887"/><trkpt lat="35.785266" lon="127.144935"/><trkpt lat="35.785273" lon="127.144982"/><trkpt lat="35.785376" lon="127.145409"/><trkpt lat="35.7854" lon="127.145519"/><trkpt lat="35.785406" lon="127.145567"/><trkpt lat="35.785404" lon="127.145614"/><trkpt lat="35.78539" lon="127.145724"/><trkpt lat="35.785384" lon="127.145788"/><trkpt lat="35.785384" lon="127.145854"/><trkpt lat="35.785409" lon="127.146664"/><trkpt lat="35.785409" lon="127.146729"/><trkpt lat="35.785406" lon="127.146778"/><trkpt lat="35.785396" lon="127.146824"/><trkpt lat="35.785359" lon="127.146943"/><trkpt lat="35.78535" lon="127.146993"/><trkpt lat="35.785358" lon="127.147046"/><trkpt lat="35.785375" lon="127.147083"/><trkpt lat="35.785382" lon="127.147091"/></trkseg>
<trkseg><trkpt lat="35.790425" lon="127.142601"/><trkpt lat="35.789933" lon="127.142905"/><trkpt lat="35.78986" lon="127.142948"/><trkpt lat="35.789823" lon="127.142963"/><trkpt lat="35.789784" lon="127.142969"/><trkpt lat="35.789691" lon="127.142971"/><trkpt lat="35.789651" lon="127.142976"/><trkpt lat="35.789586" lon="127.142994"/><trkpt lat="35.789223" lon="127.143115"/><trkpt lat="35.789171" lon="127.143129"/><trkpt lat="35.789132" lon="127.143136"/><trkpt lat="35.789079" lon="127.143139"/><trkpt lat="35.788684" lon="127.143149"/></trkseg>
<trkseg><trkpt lat="35.791943" lon="127.142421"/><trkpt lat="35.791937" lon="127.142482"/><trkpt lat="35.791925" lon="127.142543"/><trkpt lat="35.791905" lon="127.14259"/><trkpt lat="35.791875" lon="127.142642"/><trkpt lat="35.791715" lon="127.142899"/><trkpt lat="35.791677" lon="127.142966"/><trkpt lat="35.791644" lon="127.143036"/><trkpt lat="35.791627" lon="127.14308"/><trkpt lat="35.791617" lon="127.143124"/><trkpt lat="35.791607" lon="127.143198"/><trkpt lat="35.791597" lon="127.143241"/><trkpt lat="35.79158" lon="127.143283"/><trkpt lat="35.791552" lon="127.143338"/><trkpt lat="35.791421" lon="127.143581"/><trkpt lat="35.791396" lon="127.143636"/><trkpt lat="35.791386" lon="127.143677"/><trkpt lat="35.791392" lon="127.14372"/><trkpt lat="35.791408" lon="127.143763"/><trkpt lat="35.791493" lon="127.143954"/><trkpt lat="35.791497" lon="127.143964"/></trkseg>
<trkseg><trkpt lat="35.78926" lon="127.148916"/><trkpt lat="35.789923" lon="127.149148"/><trkpt lat="35.789974" lon="127.149169"/><trkpt lat="35.790011" lon="127.149189"/><trkpt lat="35.790082" lon="127.149237"/><trkpt lat="35.790126" lon="127.149273"/><trkpt lat="35.790156" lon="127.149305"/><trkpt lat="35.790177" lon="127.149342"/><trkpt lat="35.7902" lon="127.149398"/><trkpt lat="35.790244" lon="127.149511"/><trkpt lat="35.790265" lon="127.14955"/><trkpt lat="35.790291" lon="127.149583"/><trkpt lat="35.790331" lon="127.149623"/><trkpt lat="35.790423" lon="127.14971"/><trkpt lat="35.790449" lon="127.149742"/><trkpt lat="35.790467" lon="127.14978"/><trkpt lat="35.790477" lon="127.149823"/><trkpt lat="35.790498" lon="127.149927"/><trkpt lat="35.790512" lon="127.149971"/><trkpt lat="35.790538" lon="127.150027"/><trkpt lat="35.790559" lon="127.150066"/><trkpt lat="35.790584" lon="127.1501"/><trkpt lat="35.790615" lon="127.150119"/><trkpt lat="35.790654" lon="127.150126"/><trkpt lat="35.790763" lon="127.150128"/><trkpt lat="35.790772" lon="127.150129"/></trkseg>
<trkseg><trkpt lat="35.788548" lon="127.140116"/><trkpt lat="35.788527" lon="127.140312"/><trkpt lat="35.788519" lon="127.140359"/><trkpt lat="35.788507" lon="127.140402"/><trkpt lat="35.788483" lon="127.140433"/><trkpt lat="35.788451" lon="127.140456"/><trkpt lat="35.788366" lon="127.1405"/><trkpt lat="35.78832" lon="127.140528"/><trkpt lat="35.788289" lon="127.140554"/><trkpt lat="35.788266" lon="127.14059"/><trkpt lat="35.78824" lon="127.140647"/><trkpt lat="35.788175" lon="127.140809"/><trkpt lat="35.788154" lon="127.14085"/><trkpt lat="35.78813" lon="127.140888"/><trkpt lat="35.788081" lon="127.140958"/><trkpt lat="35.788065" lon="127.140993"/><trkpt lat="35.788067" lon="127.141031"/><trkpt lat="35.788085" lon="127.14107"/><trkpt lat="35.788117" lon="127.141123"/><trkpt lat="35.788306" lon="127.141427"/><trkpt lat="35.788341" lon="127.141477"/><trkpt lat="35.78837" lon="127.141508"/><trkpt lat="35.788427" lon="127.14157"/><trkpt lat="35.788451" lon="127.141606"/><trkpt lat="35.78847" lon="127.141648"/><trkpt lat="35.788559" lon="127.141904"/><trkpt lat="35.788582" lon="127.141981"/><trkpt lat="35.788592" lon="127.142027"/><trkpt lat="35.78861" lon="127.14215"/><trkpt lat="35.788619" lon="127.142194"/><trkpt lat="35.788635" lon="127.142232"/><trkpt lat="35.788674" lon="127.142286"/><trkpt lat="35.788696" lon="127.142322"/><trkpt lat="35.788714" lon="127.142363"/><trkpt lat="35.788745" lon="127.142451"/><trkpt lat="35.788793" lon="127.142599"/><trkpt lat="35.78881" lon="127.142635"/><trkpt lat="35.788833" lon="127.142653"/><trkpt lat="35.788868" lon="127.142642"/><trkpt lat="35.788911" lon="127.142616"/><trkpt lat="35.788952" lon="127.142588"/></trkseg>
<trkseg><trkpt lat="35.790407" lon="127.140606"/><trkpt lat="35.790159" lon="127.14115"/><trkpt lat="35.790132" lon="127.141205"/><trkpt lat="35.790107" lon="127.141241"/><trkpt lat="35.790078" lon="127.141265"/><trkpt lat="35.790024" lon="127.1413"/><trkpt lat="35.789991" lon="127.141326"/><trkpt lat="35.78995" lon="127.141367"/><trkpt lat="35.789791" lon="127.141541"/><trkpt lat="35.789753" lon="127.141587"/><trkpt lat="35.789728" lon="127.141624"/><trkpt lat="35.789677" lon="127.141719"/><trkpt lat="35.78947" lon="127.142119"/></trkseg>
<trkseg><trkpt lat="35.790425" lon="127.142601"/><trkpt lat="35.790304" lon="127.142807"/><trkpt lat="35.790284" lon="127.142848"/><trkpt lat="35.79027" lon="127.142892"/><trkpt lat="35.790257" lon="127.142955"/><trkpt lat="35.790231" lon="127.1431"/><trkpt lat="35.790219" lon="127.143147"/><trkpt lat="35.790203" lon="127.143191"/><trkpt lat="35.790158" lon="127.143292"/><trkpt lat="35.790048" lon="127.143537"/><trkpt lat="35.790032" lon="127.143581"/><trkpt lat="35.790021" lon="127.143627"/><trkpt lat="35.790014" lon="127.14369"/><trkpt lat="35.789999" lon="127.143897"/><trkpt lat="35.789992" lon="127.143959"/><trkpt lat="35.789982" lon="127.144005"/><trkpt lat="35.78996" lon="127.144062"/><trkpt lat="35.789926" lon="127.144147"/><trkpt lat="35.789915" lon="127.14419"/><trkpt lat="35.789913" lon="127.144235"/><trkpt lat="35.789919" lon="127.144327"/><trkpt lat="35.78992" lon="127.144373"/><trkpt lat="35.789915" lon="127.144419"/><trkpt lat="35.78989" lon="127.144558"/><trkpt lat="35.789867" lon="127.144664"/><trkpt lat="35.789851" lon="127.144724"/><trkpt lat="35.789804" lon="127.144871"/><trkpt lat="35.789778" lon="127.144942"/><trkpt lat="35.789758" lon="127.144982"/><trkpt lat="35.789734" lon="127.145022"/><trkpt lat="35.789662" lon="127.14513"/></trkseg>
<trkseg><trkpt lat="35.7941" lon="127.146157"/><trkpt lat="35.794053" lon="127.146158"/><trkpt lat="35.794005" lon="127.146152"/><trkpt lat="35.793969" lon="127.14613"/><trkpt lat="35.793941" lon="127.146098"/><trkpt lat="35.793888" lon="127.146031"/><trkpt lat="35.793858" lon="127.146002"/><trkpt lat="35.793823" lon="127.145983"/><trkpt lat="35.793748" lon="127.145955"/><trkpt lat="35.793711" lon="127.14594"/><trkpt lat="35.793679" lon="127.145918"/><trkpt lat="35.793656" lon="127.145886"/><trkpt lat="35.793637" lon="127.145847"/><trkpt lat="35.793621" lon="127.145806"/><trkpt lat="35.793608" lon="127.145763"/><trkpt lat="35.793598" lon="127.145716"/><trkpt lat="35.793564" lon="127.145473"/><trkpt lat="35.793547" lon="127.145361"/><trkpt lat="35.79353" lon="127.145309"/><trkpt lat="35.793503" lon="127.145264"/><trkpt lat="35.793473" lon="127.145226"/></trkseg>
<trkseg><trkpt lat="35.795054" lon="127.145762"/><trkpt lat="35.794999" lon="127.145718"/><trkpt lat="35.794955" lon="127.145689"/><trkpt lat="35.794915" lon="127.145675"/><trkpt lat="35.794694" lon="127.145627"/><trkpt lat="35.794498" lon="127.145585"/><trkpt lat="35.794459" lon="127.145581"/><trkpt lat="35.794423" lon="127.145587"/><trkpt lat="35.794391" lon="127.145601"/><trkpt lat="35.794362" lon="127.145625"/><trkpt lat="35.794337" lon="127.145659"/><trkpt lat="35.794304" lon="127.145716"/><trkpt lat="35.794252" lon="127.145814"/><trkpt lat="35.79425" lon="127.145816"/></trkseg>
<trkseg><trkpt lat="35.795054" lon="127.145762"/><trkpt lat="35.79425" lon="127.145816"/></trkseg>
<trkseg><trkpt lat="35.797082" lon="127.148033"/><trkpt lat="35.796641" lon="127.147627"/><trkpt lat="35.796607" lon="127.1476"/><trkpt lat="35.796572" lon="127.147577"/><trkpt lat="35.79651" lon="127.147545"/><trkpt lat="35.795985" lon="127.147295"/><trkpt lat="35.795911" lon="127.147257"/><trkpt lat="35.795878" lon="127.147232"/><trkpt lat="35.795851" lon="127.147201"/><trkpt lat="35.795791" lon="127.147101"/><trkpt lat="35.79576" lon="127.147052"/><trkpt lat="35.795733" lon="127.147017"/><trkpt lat="35.795672" lon="127.146952"/><trkpt lat="35.795342" lon="127.146616"/><trkpt lat="35.795197" lon="127.146469"/><trkpt lat="35.795165" lon="127.146442"/><trkpt lat="35.795129" lon="127.146422"/><trkpt lat="35.795091" lon="127.146408"/><trkpt lat="35.794856" lon="127.14634"/><trkpt lat="35.794779" lon="127.146314"/><trkpt lat="35.794707" lon="127.146277"/><trkpt lat="35.79459" lon="127.146211"/><trkpt lat="35.794553" lon="127.146196"/><trkpt lat="35.794515" lon="127.146186"/><trkpt lat="35.794476" lon="127.146182"/><trkpt lat="35.794438" lon="127.146181"/><trkpt lat="35.794401" lon="127.14619"/><trkpt lat="35.794341" lon="127.146219"/><trkpt lat="35.794305" lon="127.146227"/><trkpt lat="35.794267" lon="127.146221"/><trkpt lat="35.794199" lon="127.146197"/><trkpt lat="35.7941" lon="127.146157"/></trkseg>
<trkseg><trkpt lat="35.798768" lon="127.152977"/><trkpt lat="35.798359" lon="127.153355"/></trkseg>
<trkseg><trkpt lat="35.798287" lon="127.152954"/><trkpt lat="35.798359" lon="127.153355"/></trkseg>
<trkseg><trkpt lat="35.794853" lon="127.164068"/><trkpt lat="35.794832" lon="127.164011"/><trkpt lat="35.794818" lon="127.163953"/><trkpt lat="35.794824" lon="127.163907"/><trkpt lat="35.794852" lon="127.16384"/><trkpt lat="35.794861" lon="127.163797"/><trkpt lat="35.79486" lon="127.16375"/><trkpt lat="35.794851" lon="127.163686"/><trkpt lat="35.794801" lon="127.163393"/><trkpt lat="35.794794" lon="127.163345"/><trkpt lat="35.794794" lon="127.1633"/><trkpt lat="35.794807" lon="127.16326"/><trkpt lat="35.794832" lon="127.163225"/><trkpt lat="35.79487" lon="127.16318"/><trkpt lat="35.795105" lon="127.162914"/><trkpt lat="35.795133" lon="127.16288"/><trkpt lat="35.795157" lon="127.162842"/><trkpt lat="35.795174" lon="127.162802"/><trkpt lat="35.795185" lon="127.162759"/><trkpt lat="35.795185" lon="127.162715"/><trkpt lat="35.795177" lon="127.16267"/><trkpt lat="35.795157" lon="127.162595"/><trkpt lat="35.795137" lon="127.162537"/><trkpt lat="35.795118" lon="127.162495"/><trkpt lat="35.794993" lon="127.162267"/><trkpt lat="35.794958" lon="127.162199"/><trkpt lat="35.794941" lon="127.162157"/><trkpt lat="35.794929" lon="127.162113"/><trkpt lat="35.794913" lon="127.162038"/><trkpt lat="35.794906" lon="127.161993"/><trkpt lat="35.794905" lon="127.161947"/><trkpt lat="35.79491" lon="127.161899"/><trkpt lat="35.794937" lon="127.161755"/><trkpt lat="35.794952" lon="127.161692"/><trkpt lat="35.794968" lon="127.161649"/><trkpt lat="35.79499" lon="127.161609"/><trkpt lat="35.795134" lon="127.161398"/><trkpt lat="35.795252" lon="127.161223"/><trkpt lat="35.795287" lon="127.161176"/><trkpt lat="35.795317" lon="127.161148"/><trkpt lat="35.795353" lon="127.161132"/><trkpt lat="35.795391" lon="127.161123"/><trkpt lat="35.795471" lon="127.161108"/><trkpt lat="35.795509" lon="127.161096"/><trkpt lat="35.795544" lon="127.161076"/><trkpt lat="35.795577" lon="127.16105"/><trkpt lat="35.795608" lon="127.161021"/><trkpt lat="35.795635" lon="127.160988"/><trkpt lat="35.795658" lon="127.16095"/><trkpt lat="35.79572" lon="127.160829"/><trkpt lat="35.795741" lon="127.160795"/><trkpt lat="35.795764" lon="127.160772"/><trkpt lat="35.795787" lon="127.160766"/><trkpt lat="35.795808" lon="127.160754"/><trkpt lat="35.795825" lon="127.160721"/><trkpt lat="35.795843" lon="127.160662"/><trkpt lat="35.79601" lon="127.160033"/><trkpt lat="35.796032" lon="127.159955"/><trkpt lat="35.796048" lon="127.159911"/><trkpt lat="35.796083" lon="127.159841"/><trkpt lat="35.796287" lon="127.159458"/><trkpt lat="35.796335" lon="127.159379"/><trkpt lat="35.796612" lon="127.158939"/><trkpt lat="35.796647" lon="127.15889"/><trkpt lat="35.796939" lon="127.158535"/><trkpt lat="35.796976" lon="127.158488"/><trkpt lat="35.797001" lon="127.158451"/><trkpt lat="35.797022" lon="127.15841"/><trkpt lat="35.79725" lon="127.157925"/><trkpt lat="35.797291" lon="127.157841"/><trkpt lat="35.797314" lon="127.157801"/><trkpt lat="35.797342" lon="127.157767"/><trkpt lat="35.797401" lon="127.157703"/><trkpt lat="35.797766" lon="127.157325"/><trkpt lat="35.797794" lon="127.157291"/><trkpt lat="35.797827" lon="127.15724"/><trkpt lat="35.798045" lon="127.156845"/><trkpt lat="35.798082" lon="127.156777"/><trkpt lat="35.798102" lon="127.156728"/><trkpt lat="35.798117" lon="127.156667"/><trkpt lat="35.798128" lon="127.156608"/></trkseg>
<trkseg><trkpt lat="35.800982" lon="127.156744"/><trkpt lat="35.800837" lon="127.156432"/><trkpt lat="35.800808" lon="127.156378"/><trkpt lat="35.800783" lon="127.15634"/><trkpt lat="35.800728" lon="127.156267"/><trkpt lat="35.80068" lon="127.15621"/><trkpt lat="35.800649" lon="127.156179"/><trkpt lat="35.800614" lon="127.156154"/><trkpt lat="35.800542" lon="127.156107"/><trkpt lat="35.800505" lon="127.156087"/><trkpt lat="35.800468" lon="127.156075"/><trkpt lat="35.800436" lon="127.156079"/><trkpt lat="35.800407" lon="127.156098"/><trkpt lat="35.800384" lon="127.156132"/><trkpt lat="35.800349" lon="127.156199"/><trkpt lat="35.800326" lon="127.156237"/><trkpt lat="35.800297" lon="127.156269"/><trkpt lat="35.800267" lon="127.156296"/><trkpt lat="35.800234" lon="127.156314"/><trkpt lat="35.800201" lon="127.156314"/><trkpt lat="35.800143" lon="127.156291"/><trkpt lat="35.800107" lon="127.156279"/><trkpt lat="35.800069" lon="127.156277"/><trkpt lat="35.800033" lon="127.156283"/><trkpt lat="35.800004" lon="127.156297"/><trkpt lat="35.79999" lon="127.156327"/><trkpt lat="35.799992" lon="127.156369"/><trkpt lat="35.800002" lon="127.156411"/><trkpt lat="35.800023" lon="127.156449"/><trkpt lat="35.800052" lon="127.15648"/><trkpt lat="35.800094" lon="127.156519"/><trkpt lat="35.800223" lon="127.156632"/><trkpt lat="35.800251" lon="127.156662"/><trkpt lat="35.800268" lon="127.156695"/><trkpt lat="35.800266" lon="127.156735"/><trkpt lat="35.800253" lon="127.156779"/><trkpt lat="35.800197" lon="127.15693"/><trkpt lat="35.800182" lon="127.156975"/><trkpt lat="35.800172" lon="127.15702"/><trkpt lat="35.800175" lon="127.157066"/><trkpt lat="35.800191" lon="127.157125"/><trkpt lat="35.8002" lon="127.157168"/><trkpt lat="35.800195" lon="127.157203"/><trkpt lat="35.800171" lon="127.157231"/><trkpt lat="35.800127" lon="127.157274"/><trkpt lat="35.800117" lon="127.157303"/><trkpt lat="35.800128" lon="127.157345"/><trkpt lat="35.800135" lon="127.157379"/><trkpt lat="35.800127" lon="127.157418"/><trkpt lat="35.800103" lon="127.157471"/><trkpt lat="35.800086" lon="127.157521"/><trkpt lat="35.800085" lon="127.157573"/><trkpt lat="35.800093" lon="127.15761"/><trkpt lat="35.800096" lon="127.157619"/></trkseg>
<trkseg><trkpt lat="35.800982" lon="127.156744"/><trkpt lat="35.800994" lon="127.156759"/><trkpt lat="35.801028" lon="127.156782"/><trkpt lat="35.801074" lon="127.156794"/><trkpt lat="35.80114" lon="127.156796"/><trkpt lat="35.801191" lon="127.156797"/><trkpt lat="35.801228" lon="127.156803"/><trkpt lat="35.801265" lon="127.156819"/><trkpt lat="35.801314" lon="127.156846"/><trkpt lat="35.801506" lon="127.156964"/><trkpt lat="35.80154" lon="127.156989"/><trkpt lat="35.801581" lon="127.157029"/><trkpt lat="35.801747" lon="127.157212"/><trkpt lat="35.801807" lon="127.157275"/><trkpt lat="35.801838" lon="127.157303"/><trkpt lat="35.801872" lon="127.157326"/><trkpt lat="35.802028" lon="127.157407"/><trkpt lat="35.802099" lon="127.157447"/><trkpt lat="35.802133" lon="127.157471"/><trkpt lat="35.802416" lon="127.157718"/></trkseg>
<trkseg><trkpt lat="35.80104" lon="127.159432"/><trkpt lat="35.801049" lon="127.15942"/><trkpt lat="35.80108" lon="127.15941"/><trkpt lat="35.801125" lon="127.159415"/><trkpt lat="35.80119" lon="127.159437"/><trkpt lat="35.80124" lon="127.159454"/><trkpt lat="35.801279" lon="127.159459"/><trkpt lat="35.80133" lon="127.15946"/><trkpt lat="35.801367" lon="127.159467"/><trkpt lat="35.801402" lon="127.159485"/><trkpt lat="35.801448" lon="127.159515"/><trkpt lat="35.801575" lon="127.159602"/><trkpt lat="35.801611" lon="127.159622"/><trkpt lat="35.801649" lon="127.159635"/><trkpt lat="35.801701" lon="127.159647"/><trkpt lat="35.801857" lon="127.159679"/><trkpt lat="35.801894" lon="127.159691"/><trkpt lat="35.801927" lon="127.159709"/><trkpt lat="35.801973" lon="127.15975"/><trkpt lat="35.802008" lon="127.159772"/><trkpt lat="35.802056" lon="127.159796"/><trkpt lat="35.802368" lon="127.159935"/><trkpt lat="35.802455" lon="127.159972"/><trkpt lat="35.802494" lon="127.159984"/><trkpt lat="35.802798" lon="127.160056"/><trkpt lat="35.803024" lon="127.160108"/><trkpt lat="35.803063" lon="127.160121"/><trkpt lat="35.803098" lon="127.160141"/><trkpt lat="35.803129" lon="127.160168"/><trkpt lat="35.803157" lon="127.160199"/><trkpt lat="35.803175" lon="127.160234"/><trkpt lat="35.803178" lon="127.160276"/><trkpt lat="35.803178" lon="127.160333"/><trkpt lat="35.803192" lon="127.160364"/><trkpt lat="35.803218" lon="127.160386"/><trkpt lat="35.80325" lon="127.160403"/><trkpt lat="35.803365" lon="127.160443"/><trkpt lat="35.803415" lon="127.160462"/><trkpt lat="35.803451" lon="127.160481"/><trkpt lat="35.803497" lon="127.160514"/><trkpt lat="35.803577" lon="127.160576"/><trkpt lat="35.803612" lon="127.160596"/><trkpt lat="35.803649" lon="127.160608"/><trkpt lat="35.803753" lon="127.160625"/><trkpt lat="35.803804" lon="127.160636"/><trkpt lat="35.80384" lon="127.160651"/><trkpt lat="35.803888" lon="127.160678"/><trkpt lat="35.804052" lon="127.16078"/><trkpt lat="35.804087" lon="127.160799"/><trkpt lat="35.804124" lon="127.160812"/><trkpt lat="35.804163" lon="127.160817"/><trkpt lat="35.804306" lon="127.160821"/><trkpt lat="35.804384" lon="127.160825"/><trkpt lat="35.804425" lon="127.160841"/><trkpt lat="35.804461" lon="127.160874"/><trkpt lat="35.80449" lon="127.160913"/></trkseg>
<trkseg><trkpt lat="35.78104" lon="127.137971"/><trkpt lat="35.780942" lon="127.138204"/><trkpt lat="35.780926" lon="127.138249"/><trkpt lat="35.780915" lon="127.138295"/><trkpt lat="35.780911" lon="127.138344"/><trkpt lat="35.780902" lon="127.138692"/><trkpt lat="35.780898" lon="127.138775"/><trkpt lat="35.780892" lon="127.138822"/><trkpt lat="35.780876" lon="127.138865"/><trkpt lat="35.780854" lon="127.138905"/><trkpt lat="35.780796" lon="127.138995"/><trkpt lat="35.780778" lon="127.139037"/><trkpt lat="35.780768" lon="127.139082"/><trkpt lat="35.78076" lon="127.13916"/><trkpt lat="35.780751" lon="127.139207"/><trkpt lat="35.780734" lon="127.139268"/><trkpt lat="35.780582" lon="127.139738"/><trkpt lat="35.780564" lon="127.139799"/><trkpt lat="35.780554" lon="127.139846"/><trkpt lat="35.780548" lon="127.139911"/><trkpt lat="35.78052" lon="127.14042"/><trkpt lat="35.780506" lon="127.140667"/><trkpt lat="35.780499" lon="127.140715"/><trkpt lat="35.780487" lon="127.14076"/><trkpt lat="35.780471" lon="127.140803"/><trkpt lat="35.78035" lon="127.141072"/><trkpt lat="35.780315" lon="127.141158"/><trkpt lat="35.780286" lon="127.141251"/><trkpt lat="35.780082" lon="127.141948"/><trkpt lat="35.78005" lon="127.142037"/><trkpt lat="35.77994" lon="127.14231"/><trkpt lat="35.779915" lon="127.142366"/><trkpt lat="35.779894" lon="127.142405"/><trkpt lat="35.77986" lon="127.142454"/><trkpt lat="35.7798" lon="127.142536"/><trkpt lat="35.779777" lon="127.142572"/><trkpt lat="35.779764" lon="127.142613"/><trkpt lat="35.77976" lon="127.142658"/><trkpt lat="35.779763" lon="127.142722"/><trkpt lat="35.779783" lon="127.143083"/><trkpt lat="35.779784" lon="127.143131"/><trkpt lat="35.779779" lon="127.143174"/><trkpt lat="35.779762" lon="127.143205"/><trkpt lat="35.779736" lon="127.143225"/><trkpt lat="35.779703" lon="127.143231"/><trkpt lat="35.779665" lon="127.143223"/><trkpt lat="35.779614" lon="127.143201"/><trkpt lat="35.779238" lon="127.14292"/><trkpt lat="35.779188" lon="127.142899"/><trkpt lat="35.779151" lon="127.142889"/><trkpt lat="35.779117" lon="127.142894"/><trkpt lat="35.779089" lon="127.142917"/><trkpt lat="35.779053" lon="127.142937"/><trkpt lat="35.779036" lon="127.142952"/><trkpt lat="35.779027" lon="127.142981"/><trkpt lat="35.779015" lon="127.143054"/><trkpt lat="35.778952" lon="127.143504"/><trkpt lat="35.778939" lon="127.143583"/><trkpt lat="35.778926" lon="127.143629"/><trkpt lat="35.778908" lon="127.143672"/><trkpt lat="35.778793" lon="127.143912"/><trkpt lat="35.77852" lon="127.144476"/><trkpt lat="35.778502" lon="127.144519"/><trkpt lat="35.778489" lon="127.144563"/><trkpt lat="35.778484" lon="127.14464"/><trkpt lat="35.778477" lon="127.144685"/><trkpt lat="35.778463" lon="127.144729"/><trkpt lat="35.778431" lon="127.144799"/><trkpt lat="35.778402" lon="127.144854"/><trkpt lat="35.778234" lon="127.14515"/><trkpt lat="35.778205" lon="127.145205"/><trkpt lat="35.778188" lon="127.145249"/><trkpt lat="35.778176" lon="127.145294"/><trkpt lat="35.778134" lon="127.145512"/><trkpt lat="35.778111" lon="127.14562"/><trkpt lat="35.778099" lon="127.145666"/><trkpt lat="35.778079" lon="127.145725"/><trkpt lat="35.777964" lon="127.146033"/><trkpt lat="35.777943" lon="127.146092"/><trkpt lat="35.777931" lon="127.146138"/><trkpt lat="35.777919" lon="127.146218"/><trkpt lat="35.7779" lon="127.146381"/><trkpt lat="35.777898" lon="127.14643"/><trkpt lat="35.777899" lon="127.146495"/><trkpt lat="35.777911" lon="127.146786"/><trkpt lat="35.777911" lon="127.14685"/><trkpt lat="35.777906" lon="127.146898"/><trkpt lat="35.777893" lon="127.146961"/><trkpt lat="35.777844" lon="127.147183"/><trkpt lat="35.77783" lon="127.147229"/><trkpt lat="35.777812" lon="127.14727"/><trkpt lat="35.777781" lon="127.147322"/><trkpt lat="35.777658" lon="127.147511"/><trkpt lat="35.777627" lon="127.147563"/><trkpt lat="35.777599" lon="127.147618"/><trkpt lat="35.777541" lon="127.147747"/><trkpt lat="35.777518" lon="127.147805"/><trkpt lat="35.777505" lon="127.147849"/><trkpt lat="35.777494" lon="127.147904"/><trkpt lat="35.777476" lon="127.147942"/><trkpt lat="35.777443" lon="127.147988"/><trkpt lat="35.777422" lon="127.148028"/><trkpt lat="35.777405" lon="127.148072"/><trkpt lat="35.777295" lon="127.148445"/><trkpt lat="35.777131" lon="127.149005"/><trkpt lat="35.777111" lon="127.149084"/><trkpt lat="35.777102" lon="127.149131"/><trkpt lat="35.777079" lon="127.149306"/><trkpt lat="35.77707" lon="127.149352"/><trkpt lat="35.777058" lon="127.149396"/><trkpt lat="35.777036" lon="127.149436"/><trkpt lat="35.777001" lon="127.149484"/><trkpt lat="35.776813" lon="127.14972"/><trkpt lat="35.776769" lon="127.14978"/><trkpt lat="35.776747" lon="127.149819"/><trkpt lat="35.776736" lon="127.149862"/><trkpt lat="35.77673" lon="127.149909"/><trkpt lat="35.776719" lon="127.150056"/><trkpt lat="35.776718" lon="127.150066"/></trkseg>
<trkseg><trkpt lat="35.797766" lon="127.155858"/><trkpt lat="35.797759" lon="127.155844"/><trkpt lat="35.797756" lon="127.155805"/><trkpt lat="35.79777" lon="127.155752"/><trkpt lat="35.797799" lon="127.155693"/><trkpt lat="35.797817" lon="127.155651"/><trkpt lat="35.797822" lon="127.155608"/><trkpt lat="35.797813" lon="127.155564"/><trkpt lat="35.797798" lon="127.155519"/><trkpt lat="35.797779" lon="127.155476"/><trkpt lat="35.797756" lon="127.155441"/><trkpt lat="35.797732" lon="127.155425"/><trkpt lat="35.797702" lon="127.155421"/><trkpt lat="35.79767" lon="127.155426"/><trkpt lat="35.797642" lon="127.155419"/><trkpt lat="35.797609" lon="127.155384"/><trkpt lat="35.797579" lon="127.15536"/><trkpt lat="35.797532" lon="127.155333"/><trkpt lat="35.79747" lon="127.155304"/><trkpt lat="35.797123" lon="127.155172"/><trkpt lat="35.796378" lon="127.154892"/><trkpt lat="35.796326" lon="127.154877"/><trkpt lat="35.795931" lon="127.154777"/><trkpt lat="35.795865" lon="127.154762"/><trkpt lat="35.795824" lon="127.154757"/><trkpt lat="35.795773" lon="127.154762"/><trkpt lat="35.795707" lon="127.154774"/></trkseg>
<trkseg><trkpt lat="35.797766" lon="127.155858"/><trkpt lat="35.797505" lon="127.156083"/><trkpt lat="35.797471" lon="127.156107"/><trkpt lat="35.797435" lon="127.156126"/><trkpt lat="35.797373" lon="127.156149"/><trkpt lat="35.797335" lon="127.156159"/><trkpt lat="35.797298" lon="127.156162"/><trkpt lat="35.79726" lon="127.156155"/><trkpt lat="35.797196" lon="127.156135"/><trkpt lat="35.797147" lon="127.156116"/><trkpt lat="35.797113" lon="127.156095"/><trkpt lat="35.797084" lon="127.156064"/><trkpt lat="35.797048" lon="127.156015"/><trkpt lat="35.796971" lon="127.155901"/><trkpt lat="35.796943" lon="127.155867"/><trkpt lat="35.796911" lon="127.155842"/><trkpt lat="35.796862" lon="127.15582"/><trkpt lat="35.796622" lon="127.155731"/></trkseg>
<trkseg><trkpt lat="35.799214" lon="127.157953"/><trkpt lat="35.799295" lon="127.157823"/><trkpt lat="35.799317" lon="127.157783"/><trkpt lat="35.799336" lon="127.15774"/><trkpt lat="35.799424" lon="127.157485"/><trkpt lat="35.799443" lon="127.157424"/><trkpt lat="35.799452" lon="127.157379"/><trkpt lat="35.799451" lon="127.157334"/><trkpt lat="35.799442" lon="127.157291"/><trkpt lat="35.799429" lon="127.157248"/><trkpt lat="35.799409" lon="127.157206"/><trkpt lat="35.799378" lon="127.157152"/><trkpt lat="35.799169" lon="127.156805"/><trkpt lat="35.799144" lon="127.156767"/><trkpt lat="35.799115" lon="127.156733"/><trkpt lat="35.799052" lon="127.156672"/><trkpt lat="35.798924" lon="127.156555"/><trkpt lat="35.798893" lon="127.156535"/><trkpt lat="35.798863" lon="127.156534"/><trkpt lat="35.798825" lon="127.156563"/><trkpt lat="35.798792" lon="127.156582"/><trkpt lat="35.798754" lon="127.156592"/><trkpt lat="35.798715" lon="127.156596"/><trkpt lat="35.798677" lon="127.156591"/><trkpt lat="35.798643" lon="127.156571"/><trkpt lat="35.7986" lon="127.156532"/><trkpt lat="35.798537" lon="127.156472"/><trkpt lat="35.798505" lon="127.156448"/><trkpt lat="35.798472" lon="127.15644"/><trkpt lat="35.798438" lon="127.156453"/><trkpt lat="35.798392" lon="127.156482"/><trkpt lat="35.798276" lon="127.156561"/><trkpt lat="35.798237" lon="127.156582"/><trkpt lat="35.798189" lon="127.156596"/><trkpt lat="35.798128" lon="127.156608"/></trkseg>
<trkseg><trkpt lat="35.800982" lon="127.156744"/><trkpt lat="35.800755" lon="127.157155"/><trkpt lat="35.80073" lon="127.157193"/><trkpt lat="35.800702" lon="127.157227"/><trkpt lat="35.800669" lon="127.157253"/><trkpt lat="35.800454" lon="127.15739"/><trkpt lat="35.800096" lon="127.157619"/></trkseg>
<trkseg><trkpt lat="35.761507" lon="127.14239"/><trkpt lat="35.761579" lon="127.142446"/><trkpt lat="35.761633" lon="127.142486"/><trkpt lat="35.761669" lon="127.142506"/><trkpt lat="35.761707" lon="127.142514"/><trkpt lat="35.761744" lon="127.142511"/><trkpt lat="35.761773" lon="127.142499"/><trkpt lat="35.761785" lon="127.142469"/><trkpt lat="35.761782" lon="127.142426"/><trkpt lat="35.761766" lon="127.142329"/><trkpt lat="35.761761" lon="127.142281"/><trkpt lat="35.761764" lon="127.142232"/><trkpt lat="35.761779" lon="127.142169"/><trkpt lat="35.761811" lon="127.142057"/><trkpt lat="35.761833" lon="127.141997"/><trkpt lat="35.761852" lon="127.141963"/><trkpt lat="35.761874" lon="127.141948"/><trkpt lat="35.761892" lon="127.141963"/><trkpt lat="35.761959" lon="127.142012"/><trkpt lat="35.762004" lon="127.142012"/><trkpt lat="35.76204" lon="127.14202"/><trkpt lat="35.762194" lon="127.142072"/><trkpt lat="35.762269" lon="127.142101"/><trkpt lat="35.762305" lon="127.142121"/><trkpt lat="35.762395" lon="127.142186"/><trkpt lat="35.762483" lon="127.142254"/><trkpt lat="35.762511" lon="127.142282"/><trkpt lat="35.762529" lon="127.142314"/><trkpt lat="35.762548" lon="127.142364"/><trkpt lat="35.762578" lon="127.142414"/><trkpt lat="35.762673" lon="127.142548"/><trkpt lat="35.762697" lon="127.142586"/><trkpt lat="35.762715" lon="127.142628"/><trkpt lat="35.762726" lon="127.142674"/><trkpt lat="35.76274" lon="127.142754"/><trkpt lat="35.762789" lon="127.143075"/><trkpt lat="35.762799" lon="127.143122"/><trkpt lat="35.762814" lon="127.143167"/><trkpt lat="35.76284" lon="127.143223"/><trkpt lat="35.762869" lon="127.143275"/><trkpt lat="35.762896" lon="127.143308"/><trkpt lat="35.762929" lon="127.14333"/><trkpt lat="35.762966" lon="127.143346"/><trkpt lat="35.763271" lon="127.143458"/></trkseg>
<trkseg><trkpt lat="35.760746" lon="127.143208"/><trkpt lat="35.761539" lon="127.143262"/><trkpt lat="35.761606" lon="127.143268"/><trkpt lat="35.761644" lon="127.143277"/><trkpt lat="35.761677" lon="127.143299"/><trkpt lat="35.761706" lon="127.14333"/><trkpt lat="35.761752" lon="127.143389"/><trkpt lat="35.761786" lon="127.143439"/><trkpt lat="35.761807" lon="127.143479"/><trkpt lat="35.761835" lon="127.143542"/><trkpt lat="35.761859" lon="127.143569"/><trkpt lat="35.761893" lon="127.143584"/><trkpt lat="35.761931" lon="127.143592"/><trkpt lat="35.762115" lon="127.143621"/><trkpt lat="35.762167" lon="127.143626"/><trkpt lat="35.762207" lon="127.143624"/><trkpt lat="35.76226" lon="127.143615"/><trkpt lat="35.762589" lon="127.143542"/><trkpt lat="35.762669" lon="127.143528"/><trkpt lat="35.762749" lon="127.143526"/><trkpt lat="35.763055" lon="127.143531"/><trkpt lat="35.763108" lon="127.143529"/><trkpt lat="35.763146" lon="127.143522"/><trkpt lat="35.763187" lon="127.143504"/><trkpt lat="35.763271" lon="127.143458"/></trkseg>
<trkseg><trkpt lat="35.761582" lon="127.145755"/><trkpt lat="35.762431" lon="127.145286"/><trkpt lat="35.762479" lon="127.145257"/><trkpt lat="35.762512" lon="127.145231"/><trkpt lat="35.76254" lon="127.145198"/><trkpt lat="35.762572" lon="127.145148"/><trkpt lat="35.762601" lon="127.145096"/><trkpt lat="35.762618" lon="127.145053"/><trkpt lat="35.762637" lon="127.144976"/><trkpt lat="35.762649" lon="127.144931"/><trkpt lat="35.762668" lon="127.14489"/><trkpt lat="35.762692" lon="127.144852"/><trkpt lat="35.762737" lon="127.144792"/><trkpt lat="35.762775" lon="127.144746"/><trkpt lat="35.762806" lon="127.144716"/><trkpt lat="35.762852" lon="127.144684"/><trkpt lat="35.762912" lon="127.144648"/><trkpt lat="35.762948" lon="127.144631"/><trkpt lat="35.762985" lon="127.144622"/><trkpt lat="35.763048" lon="127.144618"/><trkpt lat="35.763083" lon="127.144614"/><trkpt lat="35.763113" lon="127.1446"/><trkpt lat="35.763132" lon="127.144569"/><trkpt lat="35.763142" lon="127.144527"/><trkpt lat="35.763141" lon="127.144481"/><trkpt lat="35.763133" lon="127.144432"/><trkpt lat="35.763118" lon="127.144351"/><trkpt lat="35.763116" lon="127.144306"/><trkpt lat="35.763129" lon="127.144268"/><trkpt lat="35.763154" lon="127.144236"/><trkpt lat="35.763194" lon="127.144197"/><trkpt lat="35.763226" lon="127.14417"/><trkpt lat="35.76326" lon="127.144149"/><trkpt lat="35.763297" lon="127.144139"/><trkpt lat="35.763336" lon="127.144133"/><trkpt lat="35.763402" lon="127.144129"/><trkpt lat="35.763439" lon="127.14413"/><trkpt lat="35.763469" lon="127.144139"/><trkpt lat="35.763483" lon="127.144165"/><trkpt lat="35.763488" lon="127.144229"/><trkpt lat="35.763494" lon="127.144262"/><trkpt lat="35.763514" lon="127.144275"/><trkpt lat="35.763547" lon="127.14427"/><trkpt lat="35.763713" lon="127.144213"/><trkpt lat="35.763777" lon="127.144188"/><trkpt lat="35.763814" lon="127.144171"/><trkpt lat="35.763872" lon="127.144134"/><trkpt lat="35.764102" lon="127.143975"/><trkpt lat="35.764149" lon="127.143947"/><trkpt lat="35.764185" lon="127.143933"/><trkpt lat="35.764222" lon="127.143924"/><trkpt lat="35.764259" lon="127.143919"/><trkpt lat="35.764295" lon="127.143918"/><trkpt lat="35.764327" lon="127.143928"/><trkpt lat="35.764347" lon="127.143948"/><trkpt lat="35.764344" lon="127.143981"/><trkpt lat="35.764328" lon="127.144021"/><trkpt lat="35.764257" lon="127.144162"/><trkpt lat="35.764231" lon="127.14422"/><trkpt lat="35.764218" lon="127.144263"/><trkpt lat="35.764209" lon="127.144306"/><trkpt lat="35.764207" lon="127.144334"/></trkseg>
<trkseg><trkpt lat="35.772971" lon="127.146679"/><trkpt lat="35.772945" lon="127.146683"/><trkpt lat="35.772906" lon="127.146697"/><trkpt lat="35.772865" lon="127.146729"/><trkpt lat="35.772827" lon="127.146776"/><trkpt lat="35.772657" lon="127.147009"/><trkpt lat="35.772629" lon="127.147044"/><trkpt lat="35.772598" lon="127.147072"/><trkpt lat="35.772563" lon="127.147089"/><trkpt lat="35.772488" lon="127.147111"/><trkpt lat="35.772439" lon="127.147128"/><trkpt lat="35.772389" lon="127.147153"/><trkpt lat="35.772368" lon="127.147149"/><trkpt lat="35.772354" lon="127.147116"/><trkpt lat="35.772337" lon="127.147058"/><trkpt lat="35.772319" lon="127.147017"/><trkpt lat="35.772294" lon="127.146984"/><trkpt lat="35.772258" lon="127.146942"/><trkpt lat="35.772237" lon="127.146903"/><trkpt lat="35.772215" lon="127.146846"/><trkpt lat="35.772178" lon="127.146743"/><trkpt lat="35.772157" lon="127.146702"/><trkpt lat="35.772132" lon="127.146668"/><trkpt lat="35.772086" lon="127.146615"/><trkpt lat="35.772061" lon="127.14658"/><trkpt lat="35.772042" lon="127.14654"/><trkpt lat="35.772028" lon="127.1465"/><trkpt lat="35.772019" lon="127.146461"/><trkpt lat="35.772013" lon="127.146419"/><trkpt lat="35.771995" lon="127.146384"/><trkpt lat="35.771947" lon="127.146314"/><trkpt lat="35.771893" lon="127.146245"/><trkpt lat="35.771865" lon="127.146213"/><trkpt lat="35.771833" lon="127.146184"/><trkpt lat="35.771481" lon="127.145913"/><trkpt lat="35.771414" lon="127.14586"/><trkpt lat="35.771383" lon="127.14583"/><trkpt lat="35.771355" lon="127.145795"/><trkpt lat="35.771192" lon="127.145555"/><trkpt lat="35.771098" lon="127.145417"/><trkpt lat="35.771041" lon="127.145349"/><trkpt lat="35.770823" lon="127.145107"/><trkpt lat="35.770791" lon="127.145079"/><trkpt lat="35.77076" lon="127.145058"/><trkpt lat="35.770733" lon="127.145047"/><trkpt lat="35.770717" lon="127.145055"/><trkpt lat="35.770713" lon="127.145086"/><trkpt lat="35.770712" lon="127.145157"/><trkpt lat="35.770706" lon="127.145205"/><trkpt lat="35.77068" lon="127.145329"/><trkpt lat="35.770674" lon="127.14537"/><trkpt lat="35.770676" lon="127.145399"/><trkpt lat="35.770684" lon="127.145436"/><trkpt lat="35.770686" lon="127.145494"/><trkpt lat="35.770676" lon="127.145836"/><trkpt lat="35.770672" lon="127.145901"/><trkpt lat="35.770663" lon="127.145943"/><trkpt lat="35.770641" lon="127.145973"/><trkpt lat="35.770609" lon="127.145987"/><trkpt lat="35.770576" lon="127.14598"/><trkpt lat="35.770544" lon="127.145958"/><trkpt lat="35.770439" lon="127.145863"/><trkpt lat="35.770396" lon="127.145827"/><trkpt lat="35.770362" lon="127.145803"/><trkpt lat="35.770326" lon="127.145782"/><trkpt lat="35.770151" lon="127.145694"/><trkpt lat="35.770103" lon="127.145668"/><trkpt lat="35.770071" lon="127.145644"/><trkpt lat="35.770051" lon="127.145612"/><trkpt lat="35.770043" lon="127.145579"/><trkpt lat="35.77005" lon="127.145553"/><trkpt lat="35.770061" lon="127.145499"/><trkpt lat="35.770069" lon="127.145455"/><trkpt lat="35.770057" lon="127.145418"/><trkpt lat="35.770038" lon="127.145379"/><trkpt lat="35.769933" lon="127.145194"/><trkpt lat="35.769913" lon="127.145154"/><trkpt lat="35.769898" lon="127.145112"/><trkpt lat="35.769893" lon="127.145065"/><trkpt lat="35.769892" lon="127.145017"/><trkpt lat="35.769917" lon="127.144363"/><trkpt lat="35.769918" lon="127.144265"/><trkpt lat="35.769913" lon="127.144217"/><trkpt lat="35.769897" lon="127.144121"/><trkpt lat="35.769857" lon="127.143915"/><trkpt lat="35.769852" lon="127.143867"/><trkpt lat="35.769854" lon="127.143819"/><trkpt lat="35.769864" lon="127.143755"/><trkpt lat="35.76992" lon="127.143482"/><trkpt lat="35.769934" lon="127.143401"/><trkpt lat="35.76994" lon="127.143336"/><trkpt lat="35.769957" lon="127.142716"/><trkpt lat="35.769961" lon="127.142651"/><trkpt lat="35.770025" lon="127.142179"/><trkpt lat="35.77004" lon="127.142065"/><trkpt lat="35.770043" lon="127.142017"/><trkpt lat="35.770043" lon="127.141953"/><trkpt lat="35.770039" lon="127.141746"/><trkpt lat="35.770041" lon="127.141683"/><trkpt lat="35.770048" lon="127.141635"/><trkpt lat="35.770071" lon="127.141524"/><trkpt lat="35.77013" lon="127.141255"/><trkpt lat="35.770138" lon="127.141207"/><trkpt lat="35.77014" lon="127.141159"/><trkpt lat="35.770136" lon="127.141111"/><trkpt lat="35.770094" lon="127.140868"/><trkpt lat="35.770081" lon="127.140787"/><trkpt lat="35.770077" lon="127.140738"/><trkpt lat="35.770079" lon="127.140692"/><trkpt lat="35.770098" lon="127.140585"/><trkpt lat="35.770108" lon="127.140524"/><trkpt lat="35.770111" lon="127.140477"/><trkpt lat="35.770109" lon="127.140412"/><trkpt lat="35.7701" lon="127.140233"/><trkpt lat="35.7701" lon="127.140184"/><trkpt lat="35.770126" lon="127.139837"/><trkpt lat="35.770157" lon="127.139425"/><trkpt lat="35.770166" lon="127.139361"/><trkpt lat="35.770196" lon="127.139223"/><trkpt lat="35.770203" lon="127.139178"/><trkpt lat="35.7702" lon="127.139131"/><trkpt lat="35.770189" lon="127.139085"/><trkpt lat="35.77016" lon="127.138975"/><trkpt lat="35.770151" lon="127.138927"/><trkpt lat="35.770141" lon="127.138831"/><trkpt lat="35.770109" lon="127.138492"/><trkpt lat="35.770102" lon="127.138445"/><trkpt lat="35.77009" lon="127.138401"/><trkpt lat="35.770062" lon="127.138335"/><trkpt lat="35.770048" lon="127.138293"/><trkpt lat="35.770038" lon="127.138245"/><trkpt lat="35.769998" lon="127.137902"/><trkpt lat="35.769963" lon="127.137591"/><trkpt lat="35.769962" lon="127.137542"/><trkpt lat="35.769969" lon="127.137495"/><trkpt lat="35.769986" lon="127.137415"/><trkpt lat="35.770083" lon="127.137004"/><trkpt lat="35.77009" lon="127.136957"/><trkpt lat="35.770089" lon="127.136911"/><trkpt lat="35.770078" lon="127.13686"/><trkpt lat="35.770048" lon="127.136751"/><trkpt lat="35.770048" lon="127.136748"/></trkseg>
<trkseg><trkpt lat="35.777013" lon="127.137414"/><trkpt lat="35.776777" lon="127.137412"/><trkpt lat="35.776725" lon="127.137415"/><trkpt lat="35.776688" lon="127.137424"/><trkpt lat="35.776654" lon="127.137442"/><trkpt lat="35.776624" lon="127.137468"/><trkpt lat="35.776603" lon="127.137505"/><trkpt lat="35.776576" lon="127.137596"/><trkpt lat="35.77656" lon="127.137641"/><trkpt lat="35.77654" lon="127.137682"/><trkpt lat="35.776517" lon="127.137721"/><trkpt lat="35.776491" lon="127.137756"/><trkpt lat="35.776462" lon="127.137785"/><trkpt lat="35.776428" lon="127.137805"/><trkpt lat="35.776392" lon="127.13782"/><trkpt lat="35.776355" lon="127.137831"/><trkpt lat="35.776318" lon="127.137835"/><trkpt lat="35.776271" lon="127.137825"/><trkpt lat="35.776237" lon="127.13782"/><trkpt lat="35.776202" lon="127.13783"/><trkpt lat="35.776169" lon="127.137849"/><trkpt lat="35.776139" lon="127.137875"/><trkpt lat="35.776113" lon="127.137908"/><trkpt lat="35.776094" lon="127.13795"/><trkpt lat="35.776047" lon="127.138087"/><trkpt lat="35.776014" lon="127.138177"/><trkpt lat="35.775994" lon="127.138219"/><trkpt lat="35.775962" lon="127.138272"/><trkpt lat="35.775674" lon="127.138725"/><trkpt lat="35.775643" lon="127.138778"/><trkpt lat="35.775616" lon="127.138834"/><trkpt lat="35.77547" lon="127.13916"/><trkpt lat="35.775442" lon="127.139214"/><trkpt lat="35.775418" lon="127.139248"/><trkpt lat="35.775387" lon="127.139288"/><trkpt lat="35.775369" lon="127.139328"/><trkpt lat="35.775356" lon="127.139373"/><trkpt lat="35.775327" lon="127.139479"/><trkpt lat="35.775309" lon="127.139519"/><trkpt lat="35.775283" lon="127.139553"/><trkpt lat="35.77524" lon="127.139593"/><trkpt lat="35.774943" lon="127.139849"/><trkpt lat="35.774887" lon="127.139894"/><trkpt lat="35.774852" lon="127.139916"/><trkpt lat="35.774779" lon="127.139943"/><trkpt lat="35.774744" lon="127.139959"/><trkpt lat="35.774711" lon="127.139981"/><trkpt lat="35.774668" lon="127.140015"/><trkpt lat="35.774627" lon="127.140052"/><trkpt lat="35.774598" lon="127.140083"/><trkpt lat="35.774564" lon="127.140133"/><trkpt lat="35.774304" lon="127.140553"/><trkpt lat="35.774254" lon="127.14063"/><trkpt lat="35.774226" lon="127.140666"/><trkpt lat="35.774186" lon="127.14071"/><trkpt lat="35.774105" lon="127.140796"/><trkpt lat="35.774078" lon="127.140831"/><trkpt lat="35.774048" lon="127.140882"/><trkpt lat="35.774008" lon="127.140961"/><trkpt lat="35.773991" lon="127.141002"/><trkpt lat="35.773982" lon="127.141046"/><trkpt lat="35.773981" lon="127.141094"/><trkpt lat="35.773991" lon="127.141208"/><trkpt lat="35.773992" lon="127.141256"/><trkpt lat="35.773985" lon="127.141301"/><trkpt lat="35.773967" lon="127.141342"/><trkpt lat="35.77393" lon="127.141409"/><trkpt lat="35.773749" lon="127.141713"/><trkpt lat="35.773728" lon="127.141755"/><trkpt lat="35.773712" lon="127.141799"/><trkpt lat="35.773692" lon="127.141878"/><trkpt lat="35.773632" lon="127.14215"/><trkpt lat="35.77362" lon="127.142196"/><trkpt lat="35.773602" lon="127.14224"/><trkpt lat="35.773579" lon="127.142279"/><trkpt lat="35.773455" lon="127.142453"/><trkpt lat="35.773233" lon="127.142762"/><trkpt lat="35.773199" lon="127.142813"/><trkpt lat="35.773179" lon="127.142855"/><trkpt lat="35.77316" lon="127.142914"/><trkpt lat="35.77309" lon="127.14319"/><trkpt lat="35.773064" lon="127.143281"/><trkpt lat="35.773032" lon="127.14337"/><trkpt lat="35.772913" lon="127.143676"/><trkpt lat="35.772893" lon="127.143735"/><trkpt lat="35.772882" lon="127.143781"/><trkpt lat="35.772878" lon="127.143829"/><trkpt lat="35.772871" lon="127.144057"/><trkpt lat="35.772857" lon="127.144481"/><trkpt lat="35.772856" lon="127.144578"/><trkpt lat="35.77286" lon="127.144626"/><trkpt lat="35.772871" lon="127.144672"/><trkpt lat="35.772903" lon="127.144763"/><trkpt lat="35.773067" lon="127.145197"/><trkpt lat="35.773082" lon="127.145242"/><trkpt lat="35.77309" lon="127.145288"/><trkpt lat="35.773088" lon="127.145335"/><trkpt lat="35.773079" lon="127.145383"/><trkpt lat="35.773049" lon="127.145527"/><trkpt lat="35.773045" lon="127.145575"/><trkpt lat="35.773049" lon="127.145622"/><trkpt lat="35.773073" lon="127.145748"/><trkpt lat="35.773085" lon="127.145811"/><trkpt lat="35.77309" lon="127.145859"/><trkpt lat="35.773088" lon="127.145907"/><trkpt lat="35.773077" lon="127.145987"/><trkpt lat="35.772971" lon="127.146679"/></trkseg>
<trkseg><trkpt lat="35.801173" lon="127.152515"/><trkpt lat="35.801197" lon="127.152436"/><trkpt lat="35.801222" lon="127.152359"/><trkpt lat="35.80124" lon="127.152317"/><trkpt lat="35.801264" lon="127.152284"/><trkpt lat="35.801295" lon="127.152263"/><trkpt lat="35.801328" lon="127.152251"/><trkpt lat="35.801363" lon="127.15225"/><trkpt lat="35.801419" lon="127.152255"/><trkpt lat="35.801451" lon="127.152243"/><trkpt lat="35.801482" lon="127.152216"/><trkpt lat="35.801541" lon="127.152154"/><trkpt lat="35.801573" lon="127.152129"/><trkpt lat="35.801607" lon="127.152118"/><trkpt lat="35.801645" lon="127.152119"/><trkpt lat="35.801734" lon="127.152133"/><trkpt lat="35.801773" lon="127.152135"/><trkpt lat="35.80181" lon="127.152129"/><trkpt lat="35.801848" lon="127.152116"/><trkpt lat="35.801983" lon="127.152058"/><trkpt lat="35.80202" lon="127.152044"/><trkpt lat="35.802058" lon="127.152035"/><trkpt lat="35.802096" lon="127.152031"/><trkpt lat="35.802227" lon="127.152031"/><trkpt lat="35.802264" lon="127.152027"/><trkpt lat="35.802297" lon="127.152015"/><trkpt lat="35.802333" lon="127.151978"/><trkpt lat="35.802362" lon="127.151953"/><trkpt lat="35.802398" lon="127.15194"/><trkpt lat="35.802448" lon="127.151925"/><trkpt lat="35.802481" lon="127.151904"/><trkpt lat="35.802508" lon="127.151871"/><trkpt lat="35.802547" lon="127.151805"/><trkpt lat="35.802647" lon="127.151626"/></trkseg>
<trkseg><trkpt lat="35.781634" lon="127.1325"/><trkpt lat="35.781592" lon="127.132515"/><trkpt lat="35.78155" lon="127.132539"/><trkpt lat="35.781514" lon="127.132572"/><trkpt lat="35.781489" lon="127.132607"/><trkpt lat="35.781465" lon="127.132645"/><trkpt lat="35.781446" lon="127.132685"/><trkpt lat="35.781431" lon="127.132728"/><trkpt lat="35.781415" lon="127.132786"/><trkpt lat="35.781408" lon="127.13283"/><trkpt lat="35.781411" lon="127.132872"/><trkpt lat="35.781427" lon="127.132914"/><trkpt lat="35.78147" lon="127.132996"/><trkpt lat="35.781489" lon="127.133038"/><trkpt lat="35.781498" lon="127.13308"/><trkpt lat="35.781496" lon="127.133123"/><trkpt lat="35.781488" lon="127.133167"/><trkpt lat="35.781475" lon="127.13321"/><trkpt lat="35.781439" lon="127.133298"/><trkpt lat="35.781381" lon="127.133428"/><trkpt lat="35.78136" lon="127.133469"/><trkpt lat="35.781335" lon="127.133507"/><trkpt lat="35.781289" lon="127.133566"/><trkpt lat="35.781077" lon="127.133816"/><trkpt lat="35.781041" lon="127.133864"/><trkpt lat="35.78102" lon="127.133903"/><trkpt lat="35.781006" lon="127.133947"/><trkpt lat="35.780981" lon="127.134053"/><trkpt lat="35.780962" lon="127.134129"/><trkpt lat="35.780946" lon="127.134171"/><trkpt lat="35.780923" lon="127.134208"/><trkpt lat="35.780875" lon="127.134264"/><trkpt lat="35.780698" lon="127.134463"/><trkpt lat="35.780671" lon="127.134489"/><trkpt lat="35.780647" lon="127.134498"/><trkpt lat="35.78063" lon="127.134474"/><trkpt lat="35.780618" lon="127.134432"/><trkpt lat="35.780585" lon="127.134287"/><trkpt lat="35.780571" lon="127.134241"/><trkpt lat="35.780549" lon="127.134203"/><trkpt lat="35.78052" lon="127.134176"/><trkpt lat="35.780486" lon="127.134153"/><trkpt lat="35.780452" lon="127.134134"/><trkpt lat="35.78042" lon="127.134122"/><trkpt lat="35.780395" lon="127.13413"/><trkpt lat="35.780377" lon="127.134162"/><trkpt lat="35.780358" lon="127.134219"/><trkpt lat="35.7803" lon="127.134417"/><trkpt lat="35.780282" lon="127.134461"/><trkpt lat="35.78005" lon="127.134944"/><trkpt lat="35.779941" lon="127.135171"/><trkpt lat="35.779925" lon="127.135214"/><trkpt lat="35.779917" lon="127.135261"/><trkpt lat="35.779915" lon="127.135325"/><trkpt lat="35.779928" lon="127.135914"/><trkpt lat="35.779934" lon="127.136192"/><trkpt lat="35.779932" lon="127.13624"/><trkpt lat="35.779924" lon="127.136288"/><trkpt lat="35.779907" lon="127.13635"/><trkpt lat="35.779855" lon="127.136518"/><trkpt lat="35.779833" lon="127.136577"/><trkpt lat="35.779812" lon="127.13662"/><trkpt lat="35.77972" lon="127.136783"/><trkpt lat="35.779684" lon="127.136851"/><trkpt lat="35.779666" lon="127.136895"/><trkpt lat="35.779656" lon="127.136939"/><trkpt lat="35.779641" lon="127.137061"/><trkpt lat="35.779633" lon="127.137123"/><trkpt lat="35.779623" lon="127.137169"/><trkpt lat="35.779605" lon="127.137231"/><trkpt lat="35.779518" lon="127.137505"/></trkseg>
<trkseg><trkpt lat="35.784262" lon="127.139848"/><trkpt lat="35.783744" lon="127.139671"/><trkpt lat="35.783643" lon="127.139628"/><trkpt lat="35.783343" lon="127.139491"/><trkpt lat="35.783299" lon="127.139463"/><trkpt lat="35.783261" lon="127.139429"/><trkpt lat="35.783239" lon="127.139403"/></trkseg>
<trkseg><trkpt lat="35.791347" lon="127.141808"/><trkpt lat="35.791745" lon="127.142014"/><trkpt lat="35.791781" lon="127.142036"/><trkpt lat="35.791813" lon="127.142063"/><trkpt lat="35.79184" lon="127.142096"/><trkpt lat="35.791864" lon="127.142133"/><trkpt lat="35.791884" lon="127.142173"/><trkpt lat="35.791899" lon="127.142217"/><trkpt lat="35.791918" lon="127.142301"/><trkpt lat="35.791943" lon="127.142421"/></trkseg>
<trkseg><trkpt lat="35.792108" lon="127.141685"/><trkpt lat="35.792119" lon="127.141716"/><trkpt lat="35.792142" lon="127.141758"/><trkpt lat="35.792179" lon="127.141799"/><trkpt lat="35.792238" lon="127.141839"/><trkpt lat="35.79242" lon="127.141953"/><trkpt lat="35.792454" lon="127.141977"/><trkpt lat="35.792482" lon="127.142006"/><trkpt lat="35.792495" lon="127.142043"/><trkpt lat="35.792495" lon="127.142088"/><trkpt lat="35.792489" lon="127.142133"/><trkpt lat="35.792475" lon="127.142175"/><trkpt lat="35.792451" lon="127.142208"/><trkpt lat="35.792421" lon="127.142237"/><trkpt lat="35.792357" lon="127.142289"/><trkpt lat="35.792323" lon="127.142312"/><trkpt lat="35.792288" lon="127.142327"/><trkpt lat="35.792248" lon="127.142334"/><trkpt lat="35.792114" lon="127.142342"/><trkpt lat="35.792074" lon="127.142347"/><trkpt lat="35.792032" lon="127.142364"/><trkpt lat="35.791986" lon="127.142391"/><trkpt lat="35.791943" lon="127.142421"/></trkseg>
<trkseg><trkpt lat="35.790841" lon="127.138665"/><trkpt lat="35.790845" lon="127.138727"/><trkpt lat="35.790849" lon="127.138812"/><trkpt lat="35.790847" lon="127.138862"/><trkpt lat="35.790838" lon="127.138906"/><trkpt lat="35.79082" lon="127.138946"/><trkpt lat="35.790797" lon="127.138983"/><trkpt lat="35.790772" lon="127.139017"/><trkpt lat="35.790741" lon="127.139046"/><trkpt lat="35.79066" lon="127.139102"/><trkpt lat="35.790628" lon="127.139127"/><trkpt lat="35.790605" lon="127.139157"/><trkpt lat="35.790599" lon="127.139198"/><trkpt lat="35.790598" lon="127.139259"/><trkpt lat="35.790588" lon="127.139304"/><trkpt lat="35.790572" lon="127.139349"/><trkpt lat="35.7905" lon="127.139525"/><trkpt lat="35.790472" lon="127.1396"/><trkpt lat="35.79046" lon="127.139645"/><trkpt lat="35.790452" lon="127.139693"/><trkpt lat="35.790402" lon="127.140158"/><trkpt lat="35.790394" lon="127.140254"/><trkpt lat="35.790394" lon="127.140302"/><trkpt lat="35.790407" lon="127.140606"/></trkseg>
<trkseg><trkpt lat="35.790809" lon="127.140079"/><trkpt lat="35.79052" lon="127.140526"/><trkpt lat="35.790494" lon="127.140559"/><trkpt lat="35.790458" lon="127.140587"/><trkpt lat="35.790423" lon="127.140602"/><trkpt lat="35.790407" lon="127.140606"/></trkseg>
<trkseg><trkpt lat="35.796534" lon="127.144656"/><trkpt lat="35.796415" lon="127.144906"/><trkpt lat="35.796393" lon="127.144944"/><trkpt lat="35.796365" lon="127.144979"/><trkpt lat="35.796323" lon="127.145019"/><trkpt lat="35.796215" lon="127.145116"/><trkpt lat="35.796184" lon="127.145147"/><trkpt lat="35.796158" lon="127.145184"/><trkpt lat="35.796128" lon="127.145238"/><trkpt lat="35.795999" lon="127.145492"/><trkpt lat="35.795962" lon="127.14556"/><trkpt lat="35.795936" lon="127.145597"/><trkpt lat="35.795907" lon="127.145628"/><trkpt lat="35.795762" lon="127.145767"/><trkpt lat="35.79567" lon="127.145853"/></trkseg>
<trkseg><trkpt lat="35.798052" lon="127.147053"/><trkpt lat="35.798039" lon="127.147086"/><trkpt lat="35.798016" lon="127.147134"/><trkpt lat="35.797984" lon="127.14718"/><trkpt lat="35.797944" lon="127.147223"/><trkpt lat="35.797864" lon="127.147307"/><trkpt lat="35.797837" lon="127.147341"/><trkpt lat="35.797815" lon="127.14738"/><trkpt lat="35.797786" lon="127.14747"/><trkpt lat="35.79777" lon="127.147513"/><trkpt lat="35.797749" lon="127.147553"/><trkpt lat="35.797677" lon="127.147665"/><trkpt lat="35.797644" lon="127.147712"/><trkpt lat="35.797615" lon="127.147743"/><trkpt lat="35.797583" lon="127.147768"/><trkpt lat="35.79747" lon="127.147842"/><trkpt lat="35.797424" lon="127.147868"/><trkpt lat="35.797387" lon="127.147883"/><trkpt lat="35.797336" lon="127.147898"/><trkpt lat="35.797208" lon="127.147931"/><trkpt lat="35.79717" lon="127.147946"/><trkpt lat="35.797129" lon="127.147978"/><trkpt lat="35.797096" lon="127.148015"/><trkpt lat="35.797082" lon="127.148033"/></trkseg>
<trkseg><trkpt lat="35.800144" lon="127.148174"/><trkpt lat="35.799845" lon="127.148023"/><trkpt lat="35.799809" lon="127.147999"/><trkpt lat="35.799742" lon="127.147945"/><trkpt lat="35.79961" lon="127.147832"/><trkpt lat="35.799575" lon="127.147807"/><trkpt lat="35.799526" lon="127.147781"/><trkpt lat="35.798052" lon="127.147053"/></trkseg>
<trkseg><trkpt lat="35.801167" lon="127.151199"/><trkpt lat="35.801159" lon="127.151217"/><trkpt lat="35.801129" lon="127.151241"/><trkpt lat="35.801085" lon="127.151255"/><trkpt lat="35.800991" lon="127.15126"/><trkpt lat="35.800956" lon="127.151266"/><trkpt lat="35.800929" lon="127.151282"/><trkpt lat="35.800919" lon="127.151315"/><trkpt lat="35.800919" lon="127.151355"/><trkpt lat="35.800929" lon="127.151395"/><trkpt lat="35.800945" lon="127.151439"/><trkpt lat="35.800938" lon="127.151464"/><trkpt lat="35.800901" lon="127.151502"/><trkpt lat="35.800882" lon="127.151536"/><trkpt lat="35.800868" lon="127.151579"/><trkpt lat="35.800842" lon="127.151688"/><trkpt lat="35.800806" lon="127.15186"/><trkpt lat="35.800801" lon="127.151906"/><trkpt lat="35.800805" lon="127.151953"/><trkpt lat="35.800822" lon="127.152014"/><trkpt lat="35.800862" lon="127.152138"/><trkpt lat="35.800884" lon="127.152198"/><trkpt lat="35.800904" lon="127.152239"/><trkpt lat="35.800929" lon="127.152274"/><trkpt lat="35.800989" lon="127.152335"/><trkpt lat="35.801173" lon="127.152515"/></trkseg>
<trkseg><trkpt lat="35.805318" lon="127.155804"/><trkpt lat="35.805159" lon="127.155629"/><trkpt lat="35.805118" lon="127.155589"/><trkpt lat="35.805084" lon="127.155564"/><trkpt lat="35.805" lon="127.155518"/><trkpt lat="35.804793" lon="127.15541"/><trkpt lat="35.804758" lon="127.155389"/><trkpt lat="35.804726" lon="127.155362"/><trkpt lat="35.804657" lon="127.155288"/><trkpt lat="35.804475" lon="127.155078"/><trkpt lat="35.804423" lon="127.155004"/><trkpt lat="35.80422" lon="127.1547"/><trkpt lat="35.804185" lon="127.154651"/><trkpt lat="35.804155" lon="127.15462"/><trkpt lat="35.80409" lon="127.154563"/><trkpt lat="35.803924" lon="127.154427"/><trkpt lat="35.803883" lon="127.154387"/><trkpt lat="35.80378" lon="127.154261"/><trkpt lat="35.803743" lon="127.154217"/><trkpt lat="35.803712" lon="127.154187"/><trkpt lat="35.803677" lon="127.154164"/><trkpt lat="35.803615" lon="127.154133"/><trkpt lat="35.803438" lon="127.15405"/><trkpt lat="35.803403" lon="127.154028"/><trkpt lat="35.803372" lon="127.153999"/><trkpt lat="35.803335" lon="127.153952"/><trkpt lat="35.803265" lon="127.153852"/><trkpt lat="35.803237" lon="127.153819"/><trkpt lat="35.803205" lon="127.153793"/><trkpt lat="35.803168" lon="127.153779"/><trkpt lat="35.803102" lon="127.153763"/><trkpt lat="35.802797" lon="127.153695"/><trkpt lat="35.802744" lon="127.153686"/><trkpt lat="35.802705" lon="127.153684"/><trkpt lat="35.802585" lon="127.153687"/><trkpt lat="35.802546" lon="127.153683"/><trkpt lat="35.802508" lon="127.153671"/><trkpt lat="35.802471" lon="127.153654"/><trkpt lat="35.802411" lon="127.153622"/><trkpt lat="35.80238" lon="127.1536"/><trkpt lat="35.802361" lon="127.153573"/><trkpt lat="35.802341" lon="127.153538"/><trkpt lat="35.802313" lon="127.15352"/><trkpt lat="35.802279" lon="127.153505"/><trkpt lat="35.802142" lon="127.153458"/><trkpt lat="35.802093" lon="127.153436"/><trkpt lat="35.801986" lon="127.153372"/><trkpt lat="35.801798" lon="127.153253"/><trkpt lat="35.801762" lon="127.153234"/><trkpt lat="35.801724" lon="127.15322"/><trkpt lat="35.801671" lon="127.153208"/><trkpt lat="35.801381" lon="127.153157"/><trkpt lat="35.801328" lon="127.153145"/><trkpt lat="35.80129" lon="127.153132"/><trkpt lat="35.80104" lon="127.153023"/><trkpt lat="35.800716" lon="127.152879"/></trkseg>
<trkseg><trkpt lat="35.798783" lon="127.15064"/><trkpt lat="35.798819" lon="127.150692"/><trkpt lat="35.798857" lon="127.150733"/><trkpt lat="35.798882" lon="127.150773"/><trkpt lat="35.798886" lon="127.15081"/><trkpt lat="35.798872" lon="127.150841"/><trkpt lat="35.798843" lon="127.150852"/><trkpt lat="35.79877" lon="127.150857"/><trkpt lat="35.798732" lon="127.150862"/><trkpt lat="35.798694" lon="127.150875"/><trkpt lat="35.798644" lon="127.150901"/><trkpt lat="35.798609" lon="127.150924"/><trkpt lat="35.798578" lon="127.150952"/><trkpt lat="35.798554" lon="127.150987"/><trkpt lat="35.798504" lon="127.151098"/><trkpt lat="35.798478" lon="127.151153"/><trkpt lat="35.798455" lon="127.15119"/><trkpt lat="35.798427" lon="127.151222"/><trkpt lat="35.798364" lon="127.151277"/><trkpt lat="35.798256" lon="127.151367"/><trkpt lat="35.798226" lon="127.151396"/><trkpt lat="35.798199" lon="127.15143"/><trkpt lat="35.798179" lon="127.15147"/><trkpt lat="35.798113" lon="127.151629"/><trkpt lat="35.798043" lon="127.151803"/><trkpt lat="35.798029" lon="127.151848"/><trkpt lat="35.79802" lon="127.151894"/><trkpt lat="35.798014" lon="127.151958"/><trkpt lat="35.79801" lon="127.152022"/><trkpt lat="35.798013" lon="127.152069"/><trkpt lat="35.798021" lon="127.152114"/><trkpt lat="35.798044" lon="127.152218"/><trkpt lat="35.79805" lon="127.152262"/><trkpt lat="35.798048" lon="127.152313"/><trkpt lat="35.798052" lon="127.152353"/><trkpt lat="35.798065" lon="127.152397"/><trkpt lat="35.798099" lon="127.152485"/><trkpt lat="35.798287" lon="127.152954"/></trkseg>
<trkseg><trkpt lat="35.78104" lon="127.137971"/><trkpt lat="35.781357" lon="127.138046"/><trkpt lat="35.781397" lon="127.13805"/><trkpt lat="35.781451" lon="127.138051"/><trkpt lat="35.781612" lon="127.138044"/><trkpt lat="35.78169" lon="127.138033"/><trkpt lat="35.781806" lon="127.13801"/><trkpt lat="35.781856" lon="127.137997"/><trkpt lat="35.781894" lon="127.137982"/><trkpt lat="35.782327" lon="127.137754"/><trkpt lat="35.782377" lon="127.137729"/><trkpt lat="35.782415" lon="127.137715"/><trkpt lat="35.782466" lon="127.137703"/><trkpt lat="35.782738" lon="127.137694"/><trkpt lat="35.78356" lon="127.138144"/><trkpt lat="35.783941" lon="127.138481"/><trkpt lat="35.783948" lon="127.138768"/><trkpt lat="35.783788" lon="127.138993"/><trkpt lat="35.783745" lon="127.139032"/><trkpt lat="35.783712" lon="127.139055"/><trkpt lat="35.783677" lon="127.139074"/><trkpt lat="35.783631" lon="127.139095"/><trkpt lat="35.783595" lon="127.139105"/><trkpt lat="35.783558" lon="127.139106"/><trkpt lat="35.783519" lon="127.139097"/><trkpt lat="35.783481" lon="127.139085"/><trkpt lat="35.783444" lon="127.139068"/><trkpt lat="35.78341" lon="127.139044"/><trkpt lat="35.783368" lon="127.139003"/><trkpt lat="35.783284" lon="127.138919"/><trkpt lat="35.783251" lon="127.138894"/><trkpt lat="35.783216" lon="127.138884"/><trkpt lat="35.783181" lon="127.138886"/><trkpt lat="35.78315" lon="127.1389"/><trkpt lat="35.783128" lon="127.13893"/><trkpt lat="35.783116" lon="127.138973"/><trkpt lat="35.783076" lon="127.139217"/><trkpt lat="35.783054" lon="127.139346"/><trkpt lat="35.783044" lon="127.139393"/><trkpt lat="35.783026" lon="127.139438"/><trkpt lat="35.782996" lon="127.139489"/><trkpt lat="35.782955" lon="127.139554"/></trkseg>
<trkseg><trkpt lat="35.779518" lon="127.137505"/><trkpt lat="35.779708" lon="127.137492"/><trkpt lat="35.779748" lon="127.137492"/><trkpt lat="35.779785" lon="127.137498"/><trkpt lat="35.779817" lon="127.137518"/><trkpt lat="35.779843" lon="127.137548"/><trkpt lat="35.779895" lon="127.137615"/><trkpt lat="35.779924" lon="127.137642"/><trkpt lat="35.779959" lon="127.137658"/><trkpt lat="35.779996" lon="127.137664"/><trkpt lat="35.780033" lon="127.137657"/><trkpt lat="35.780068" lon="127.137636"/><trkpt lat="35.780113" lon="127.1376"/><trkpt lat="35.780203" lon="127.137524"/><trkpt lat="35.780237" lon="127.1375"/><trkpt lat="35.780271" lon="127.137487"/><trkpt lat="35.780306" lon="127.137496"/><trkpt lat="35.780341" lon="127.137517"/><trkpt lat="35.780482" lon="127.137616"/><trkpt lat="35.78053" lon="127.137646"/><trkpt lat="35.780566" lon="127.137662"/><trkpt lat="35.780609" lon="127.137676"/><trkpt lat="35.780702" lon="127.137699"/></trkseg>
<trkseg><trkpt lat="35.777095" lon="127.138362"/><trkpt lat="35.777057" lon="127.138175"/><trkpt lat="35.777053" lon="127.138038"/><trkpt lat="35.777052" lon="127.137977"/><trkpt lat="35.777013" lon="127.137414"/></trkseg>
<trkseg><trkpt lat="35.789244" lon="127.138857"/><trkpt lat="35.789164" lon="127.139295"/><trkpt lat="35.78916" lon="127.139343"/><trkpt lat="35.789158" lon="127.139424"/><trkpt lat="35.789161" lon="127.139784"/><trkpt lat="35.789158" lon="127.139848"/><trkpt lat="35.789149" lon="127.139893"/><trkpt lat="35.789132" lon="127.139936"/><trkpt lat="35.789089" lon="127.140017"/><trkpt lat="35.789058" lon="127.14007"/><trkpt lat="35.789032" lon="127.140105"/><trkpt lat="35.789003" lon="127.140131"/><trkpt lat="35.788971" lon="127.140148"/><trkpt lat="35.788933" lon="127.140154"/><trkpt lat="35.788894" lon="127.140152"/><trkpt lat="35.788708" lon="127.140132"/><trkpt lat="35.788548" lon="127.140116"/></trkseg>
<trkseg><trkpt lat="35.792028" lon="127.140573"/><trkpt lat="35.792004" lon="127.140593"/><trkpt lat="35.791965" lon="127.140613"/><trkpt lat="35.791921" lon="127.140616"/><trkpt lat="35.791848" lon="127.140593"/><trkpt lat="35.791725" lon="127.140548"/><trkpt lat="35.791691" lon="127.14053"/><trkpt lat="35.791662" lon="127.140503"/><trkpt lat="35.791629" lon="127.140458"/><trkpt lat="35.791514" lon="127.140272"/></trkseg>
<trkseg><trkpt lat="35.792287" lon="127.14053"/><trkpt lat="35.792284" lon="127.140458"/><trkpt lat="35.792274" lon="127.140399"/><trkpt lat="35.792255" lon="127.140352"/><trkpt lat="35.792216" lon="127.140289"/><trkpt lat="35.792192" lon="127.140254"/><trkpt lat="35.792164" lon="127.140226"/><trkpt lat="35.792131" lon="127.140213"/><trkpt lat="35.792092" lon="127.140212"/><trkpt lat="35.791931" lon="127.140229"/><trkpt lat="35.791514" lon="127.140272"/></trkseg>
<trkseg><trkpt lat="35.791514" lon="127.140272"/><trkpt lat="35.791913" lon="127.139933"/></trkseg>
<trkseg><trkpt lat="35.796486" lon="127.143369"/><trkpt lat="35.796405" lon="127.143473"/><trkpt lat="35.796378" lon="127.143522"/><trkpt lat="35.796361" lon="127.143562"/><trkpt lat="35.796355" lon="127.143606"/><trkpt lat="35.796358" lon="127.143653"/><trkpt lat="35.796364" lon="127.1437"/><trkpt lat="35.796374" lon="127.143747"/><trkpt lat="35.796394" lon="127.143808"/><trkpt lat="35.796428" lon="127.143897"/><trkpt lat="35.796448" lon="127.143938"/><trkpt lat="35.796474" lon="127.143974"/><trkpt lat="35.796512" lon="127.144019"/><trkpt lat="35.796609" lon="127.144129"/><trkpt lat="35.796631" lon="127.144164"/><trkpt lat="35.796638" lon="127.144207"/><trkpt lat="35.79663" lon="127.144265"/><trkpt lat="35.796612" lon="127.144337"/><trkpt lat="35.796612" lon="127.14434"/></trkseg>
<trkseg><trkpt lat="35.797003" lon="127.144356"/><trkpt lat="35.796971" lon="127.144347"/><trkpt lat="35.796938" lon="127.144333"/><trkpt lat="35.796911" lon="127.144311"/><trkpt lat="35.796842" lon="127.144228"/><trkpt lat="35.796814" lon="127.144199"/><trkpt lat="35.796793" lon="127.144188"/><trkpt lat="35.796771" lon="127.144195"/><trkpt lat="35.796748" lon="127.144212"/><trkpt lat="35.796612" lon="127.14434"/></trkseg>
<trkseg><trkpt lat="35.797003" lon="127.144356"/><trkpt lat="35.796772" lon="127.144577"/><trkpt lat="35.796736" lon="127.144607"/><trkpt lat="35.796708" lon="127.144623"/><trkpt lat="35.796679" lon="127.144632"/><trkpt lat="35.796534" lon="127.144656"/></trkseg>
<trkseg><trkpt lat="35.799804" lon="127.149092"/><trkpt lat="35.79986" lon="127.14905"/><trkpt lat="35.799899" lon="127.149014"/><trkpt lat="35.799916" lon="127.148981"/><trkpt lat="35.799912" lon="127.148947"/><trkpt lat="35.799902" lon="127.148903"/><trkpt lat="35.799908" lon="127.148881"/><trkpt lat="35.799934" lon="127.148876"/><trkpt lat="35.799964" lon="127.148885"/><trkpt lat="35.8" lon="127.148906"/><trkpt lat="35.800026" lon="127.14891"/><trkpt lat="35.800064" lon="127.148895"/><trkpt lat="35.800102" lon="127.14889"/><trkpt lat="35.800196" lon="127.148885"/><trkpt lat="35.800235" lon="127.148879"/><trkpt lat="35.800269" lon="127.148862"/><trkpt lat="35.800298" lon="127.148834"/><trkpt lat="35.80032" lon="127.148798"/><trkpt lat="35.800333" lon="127.148752"/><trkpt lat="35.800345" lon="127.148688"/><trkpt lat="35.800389" lon="127.148429"/><trkpt lat="35.800392" lon="127.148389"/><trkpt lat="35.800382" lon="127.148368"/><trkpt lat="35.80035" lon="127.148366"/><trkpt lat="35.800321" lon="127.148359"/><trkpt lat="35.800291" lon="127.148341"/><trkpt lat="35.800259" lon="127.148313"/><trkpt lat="35.800229" lon="127.148278"/><trkpt lat="35.800144" lon="127.148174"/></trkseg>
<trkseg><trkpt lat="35.805127" lon="127.156047"/><trkpt lat="35.805112" lon="127.156059"/><trkpt lat="35.805074" lon="127.156073"/><trkpt lat="35.805028" lon="127.156068"/><trkpt lat="35.804992" lon="127.15605"/><trkpt lat="35.804964" lon="127.156021"/><trkpt lat="35.804943" lon="127.155982"/><trkpt lat="35.80492" lon="127.155924"/><trkpt lat="35.804887" lon="127.155835"/><trkpt lat="35.804876" lon="127.155793"/><trkpt lat="35.804875" lon="127.155755"/><trkpt lat="35.804893" lon="127.155729"/><trkpt lat="35.804922" lon="127.15571"/><trkpt lat="35.804954" lon="127.155699"/><trkpt lat="35.804988" lon="127.155704"/><trkpt lat="35.805023" lon="127.155721"/><trkpt lat="35.805139" lon="127.155796"/><trkpt lat="35.805175" lon="127.155813"/><trkpt lat="35.805217" lon="127.15582"/><trkpt lat="35.805268" lon="127.155814"/><trkpt lat="35.805318" lon="127.155804"/></trkseg>
<trkseg><trkpt lat="35.805897" lon="127.15516"/><trkpt lat="35.805893" lon="127.155184"/><trkpt lat="35.805897" lon="127.155236"/><trkpt lat="35.805915" lon="127.155307"/><trkpt lat="35.80592" lon="127.155349"/><trkpt lat="35.805914" lon="127.155389"/><trkpt lat="35.805902" lon="127.155428"/><trkpt lat="35.805882" lon="127.15547"/><trkpt lat="35.805788" lon="127.155629"/><trkpt lat="35.805747" lon="127.155693"/><trkpt lat="35.80572" lon="127.155727"/><trkpt lat="35.80569" lon="127.155756"/><trkpt lat="35.805638" lon="127.155801"/><trkpt lat="35.805584" lon="127.155843"/><trkpt lat="35.80555" lon="127.155861"/><trkpt lat="35.805515" lon="127.155872"/><trkpt lat="35.805479" lon="127.155878"/><trkpt lat="35.805444" lon="127.155877"/><trkpt lat="35.805403" lon="127.155861"/><trkpt lat="35.805359" lon="127.155833"/><trkpt lat="35.805318" lon="127.155804"/></trkseg>
<trkseg><trkpt lat="35.789244" lon="127.138857"/><trkpt lat="35.789284" lon="127.138825"/><trkpt lat="35.789327" lon="127.138794"/><trkpt lat="35.789369" lon="127.138776"/><trkpt lat="35.789408" lon="127.138773"/><trkpt lat="35.789447" lon="127.138774"/><trkpt lat="35.789483" lon="127.138782"/><trkpt lat="35.789512" lon="127.138801"/><trkpt lat="35.789541" lon="127.138836"/><trkpt lat="35.789569" lon="127.13885"/><trkpt lat="35.789603" lon="127.138849"/><trkpt lat="35.789639" lon="127.13884"/><trkpt lat="35.789675" lon="127.138825"/><trkpt lat="35.789733" lon="127.13879"/><trkpt lat="35.789835" lon="127.138722"/><trkpt lat="35.789867" lon="127.138697"/><trkpt lat="35.789896" lon="127.138665"/><trkpt lat="35.789944" lon="127.13861"/><trkpt lat="35.789976" lon="127.138587"/><trkpt lat="35.790012" lon="127.138573"/><trkpt lat="35.790113" lon="127.138543"/><trkpt lat="35.790202" lon="127.13852"/><trkpt lat="35.79024" lon="127.138513"/><trkpt lat="35.79028" lon="127.138513"/><trkpt lat="35.790374" lon="127.138521"/><trkpt lat="35.790576" lon="127.138542"/><trkpt lat="35.790615" lon="127.138541"/><trkpt lat="35.790651" lon="127.13853"/><trkpt lat="35.790687" lon="127.138496"/><trkpt lat="35.79072" lon="127.138454"/><trkpt lat="35.790741" lon="127.138426"/></trkseg>
<trkseg><trkpt lat="35.790741" lon="127.138426"/><trkpt lat="35.790841" lon="127.138665"/></trkseg>
<trkseg><trkpt lat="35.790642" lon="127.137739"/><trkpt lat="35.790727" lon="127.138016"/><trkpt lat="35.790737" lon="127.138056"/><trkpt lat="35.790742" lon="127.138096"/><trkpt lat="35.790743" lon="127.138151"/><trkpt lat="35.790741" lon="127.138426"/></trkseg>
<trkseg><trkpt lat="35.788902" lon="127.138492"/><trkpt lat="35.789096" lon="127.138626"/><trkpt lat="35.789127" lon="127.13865"/><trkpt lat="35.789147" lon="127.138671"/><trkpt lat="35.789168" lon="127.138706"/><trkpt lat="35.789244" lon="127.138857"/></trkseg>
<trkseg><trkpt lat="35.797225" lon="127.144124"/><trkpt lat="35.797003" lon="127.144356"/></trkseg>
<trkseg><trkpt lat="35.777051" lon="127.136842"/><trkpt lat="35.777013" lon="127.137414"/></trkseg>
<trkseg><trkpt lat="35.788548" lon="127.140116"/><trkpt lat="35.78813" lon="127.140137"/><trkpt lat="35.788076" lon="127.140136"/><trkpt lat="35.788038" lon="127.140127"/><trkpt lat="35.788003" lon="127.14011"/><trkpt lat="35.787934" lon="127.140063"/><trkpt lat="35.787879" lon="127.140023"/></trkseg>
<trkseg><trkpt lat="35.791012" lon="127.13904"/><trkpt lat="35.7909" lon="127.139258"/><trkpt lat="35.790881" lon="127.1393"/><trkpt lat="35.790869" lon="127.139343"/><trkpt lat="35.790858" lon="127.139415"/><trkpt lat="35.790851" lon="127.139458"/><trkpt lat="35.790838" lon="127.139505"/><trkpt lat="35.790805" lon="127.139595"/><trkpt lat="35.790759" lon="127.139715"/><trkpt lat="35.790745" lon="127.13976"/><trkpt lat="35.79074" lon="127.139805"/><trkpt lat="35.790746" lon="127.13985"/><trkpt lat="35.790766" lon="127.139927"/><trkpt lat="35.790809" lon="127.140079"/></trkseg>
<trkseg><trkpt lat="35.791012" lon="127.13904"/><trkpt lat="35.791167" lon="127.139527"/><trkpt lat="35.791182" lon="127.139564"/><trkpt lat="35.791207" lon="127.139595"/><trkpt lat="35.791244" lon="127.139616"/><trkpt lat="35.791281" lon="127.139631"/></trkseg>
<trkseg><trkpt lat="35.791429" lon="127.139325"/><trkpt lat="35.79128" lon="127.139514"/><trkpt lat="35.791269" lon="127.139531"/><trkpt lat="35.791263" lon="127.13955"/><trkpt lat="35.791266" lon="127.139574"/><trkpt lat="35.791276" lon="127.139612"/><trkpt lat="35.791281" lon="127.139631"/></trkseg>
<trkseg><trkpt lat="35.791281" lon="127.139631"/><trkpt lat="35.791449" lon="127.139902"/><trkpt lat="35.791475" lon="127.139949"/><trkpt lat="35.791488" lon="127.139986"/><trkpt lat="35.791495" lon="127.140028"/><trkpt lat="35.791502" lon="127.140099"/><trkpt lat="35.791514" lon="127.140272"/></trkseg>
<trkseg><trkpt lat="35.791514" lon="127.140272"/><trkpt lat="35.791367" lon="127.140237"/><trkpt lat="35.791315" lon="127.140227"/><trkpt lat="35.791281" lon="127.140226"/><trkpt lat="35.791259" lon="127.140243"/><trkpt lat="35.79125" lon="127.14028"/><trkpt lat="35.791246" lon="127.140389"/><trkpt lat="35.791243" lon="127.140437"/><trkpt lat="35.791236" lon="127.140485"/><trkpt lat="35.79122" lon="127.140548"/><trkpt lat="35.791189" lon="127.140656"/><trkpt lat="35.791162" lon="127.140732"/><trkpt lat="35.790828" lon="127.141609"/><trkpt lat="35.790786" lon="127.141712"/><trkpt lat="35.790766" lon="127.141755"/><trkpt lat="35.790666" lon="127.141932"/><trkpt lat="35.790636" lon="127.141987"/><trkpt lat="35.790619" lon="127.142029"/><trkpt lat="35.790614" lon="127.142072"/><trkpt lat="35.79062" lon="127.142114"/><trkpt lat="35.790638" lon="127.142152"/><trkpt lat="35.790686" lon="127.142202"/><trkpt lat="35.790708" lon="127.142231"/><trkpt lat="35.79071" lon="127.142262"/><trkpt lat="35.790696" lon="127.142294"/><trkpt lat="35.790674" lon="127.142323"/><trkpt lat="35.79065" lon="127.142341"/><trkpt lat="35.790621" lon="127.142361"/><trkpt lat="35.790603" lon="127.142396"/><trkpt lat="35.790578" lon="127.142469"/><trkpt lat="35.79056" lon="127.14251"/><trkpt lat="35.790533" lon="127.142543"/><trkpt lat="35.790488" lon="127.142571"/><trkpt lat="35.790427" lon="127.1426"/><trkpt lat="35.790425" lon="127.142601"/></trkseg>
<trkseg><trkpt lat="35.796612" lon="127.14434"/><trkpt lat="35.796534" lon="127.144656"/></trkseg>
<trkseg><trkpt lat="35.800209" lon="127.147799"/><trkpt lat="35.800215" lon="127.147818"/><trkpt lat="35.800216" lon="127.147845"/><trkpt lat="35.800208" lon="127.147872"/><trkpt lat="35.80016" lon="127.147954"/><trkpt lat="35.800151" lon="127.147975"/><trkpt lat="35.800147" lon="127.147997"/><trkpt lat="35.800152" lon="127.14802"/><trkpt lat="35.800167" lon="127.148067"/><trkpt lat="35.800171" lon="127.14809"/><trkpt lat="35.800166" lon="127.148116"/><trkpt lat="35.800152" lon="127.148155"/><trkpt lat="35.800144" lon="127.148174"/></trkseg>
<trkseg><trkpt lat="35.790841" lon="127.138665"/><trkpt lat="35.791012" lon="127.13904"/></trkseg>
<trkseg><trkpt lat="35.791281" lon="127.139631"/><trkpt lat="35.790809" lon="127.140079"/></trkseg>
<trkseg><trkpt lat="35.798052" lon="127.147053"/><trkpt lat="35.797753" lon="127.146923"/><trkpt lat="35.797705" lon="127.146895"/><trkpt lat="35.797369" lon="127.146664"/><trkpt lat="35.797298" lon="127.146619"/><trkpt lat="35.796824" lon="127.14638"/><trkpt lat="35.796408" lon="127.146183"/><trkpt lat="35.796182" lon="127.146077"/><trkpt lat="35.796131" lon="127.146056"/><trkpt lat="35.796041" lon="127.14603"/><trkpt lat="35.795797" lon="127.145962"/><trkpt lat="35.795759" lon="127.145946"/><trkpt lat="35.795718" lon="127.145911"/><trkpt lat="35.795684" lon="127.145872"/><trkpt lat="35.79567" lon="127.145853"/></trkseg>
<trkseg><trkpt lat="35.800716" lon="127.152879"/><trkpt lat="35.801005" lon="127.152694"/><trkpt lat="35.801032" lon="127.152672"/><trkpt lat="35.801064" lon="127.152639"/><trkpt lat="35.801173" lon="127.152515"/></trkseg>
<trkseg><trkpt lat="35.798399" lon="127.155319"/><trkpt lat="35.798701" lon="127.1546"/><trkpt lat="35.798721" lon="127.154558"/><trkpt lat="35.798744" lon="127.154518"/><trkpt lat="35.798782" lon="127.154472"/><trkpt lat="35.798862" lon="127.154383"/><trkpt lat="35.79889" lon="127.154348"/><trkpt lat="35.798911" lon="127.154309"/><trkpt lat="35.798924" lon="127.154266"/><trkpt lat="35.798946" lon="127.15416"/><trkpt lat="35.798963" lon="127.154085"/><trkpt lat="35.798978" lon="127.154041"/><trkpt lat="35.799038" lon="127.153901"/><trkpt lat="35.799061" lon="127.153844"/><trkpt lat="35.799076" lon="127.153801"/><trkpt lat="35.799097" lon="127.153711"/><trkpt lat="35.799103" lon="127.153665"/><trkpt lat="35.799105" lon="127.153617"/><trkpt lat="35.799086" lon="127.153192"/><trkpt lat="35.799083" lon="127.153094"/><trkpt lat="35.799086" lon="127.153046"/><trkpt lat="35.799097" lon="127.153002"/><trkpt lat="35.799118" lon="127.152945"/><trkpt lat="35.799192" lon="127.152759"/></trkseg>
<trkseg><trkpt lat="35.798214" lon="127.156242"/><trkpt lat="35.797766" lon="127.155858"/></trkseg>
<trkseg><trkpt lat="35.783464" lon="127.142053"/><trkpt lat="35.78352" lon="127.142271"/><trkpt lat="35.783533" lon="127.142312"/><trkpt lat="35.78355" lon="127.142348"/><trkpt lat="35.783577" lon="127.142371"/><trkpt lat="35.783635" lon="127.142391"/><trkpt lat="35.783668" lon="127.142406"/><trkpt lat="35.783695" lon="127.142431"/><trkpt lat="35.783716" lon="127.142465"/><trkpt lat="35.783741" lon="127.142516"/><trkpt lat="35.783799" lon="127.142649"/></trkseg>
<trkseg><trkpt lat="35.783799" lon="127.142649"/><trkpt lat="35.78385" lon="127.142884"/><trkpt lat="35.783856" lon="127.142932"/><trkpt lat="35.783856" lon="127.14298"/><trkpt lat="35.783851" lon="127.143028"/><trkpt lat="35.783838" lon="127.143108"/><trkpt lat="35.783826" lon="127.143154"/><trkpt lat="35.783809" lon="127.143197"/><trkpt lat="35.783755" lon="127.143307"/><trkpt lat="35.783737" lon="127.143349"/><trkpt lat="35.783724" lon="127.143392"/><trkpt lat="35.783722" lon="127.143439"/><trkpt lat="35.783726" lon="127.143487"/><trkpt lat="35.783754" lon="127.143716"/><trkpt lat="35.783762" lon="127.143798"/><trkpt lat="35.783762" lon="127.143846"/><trkpt lat="35.783757" lon="127.143894"/><trkpt lat="35.783699" lon="127.14424"/></trkseg>
<trkseg><trkpt lat="35.793473" lon="127.145226"/><trkpt lat="35.793081" lon="127.145562"/></trkseg>
<trkseg><trkpt lat="35.799192" lon="127.152759"/><trkpt lat="35.798999" lon="127.152791"/><trkpt lat="35.798964" lon="127.1528"/><trkpt lat="35.798938" lon="127.152812"/><trkpt lat="35.798915" lon="127.152831"/><trkpt lat="35.798768" lon="127.152977"/></trkseg>
<trkseg><trkpt lat="35.782955" lon="127.139554"/><trkpt lat="35.783239" lon="127.139403"/></trkseg>
<trkseg><trkpt lat="35.800716" lon="127.152879"/><trkpt lat="35.800244" lon="127.152848"/><trkpt lat="35.800191" lon="127.152842"/><trkpt lat="35.800151" lon="127.152833"/><trkpt lat="35.799971" lon="127.152768"/></trkseg>
<trkseg><trkpt lat="35.800716" lon="127.152879"/><trkpt lat="35.800311" lon="127.152713"/><trkpt lat="35.800273" lon="127.152701"/><trkpt lat="35.800235" lon="127.152697"/><trkpt lat="35.800198" lon="127.152702"/><trkpt lat="35.800135" lon="127.152719"/><trkpt lat="35.799971" lon="127.152768"/></trkseg>
<trkseg><trkpt lat="35.799971" lon="127.152768"/><trkpt lat="35.79949" lon="127.152813"/><trkpt lat="35.799437" lon="127.152815"/><trkpt lat="35.799398" lon="127.152811"/><trkpt lat="35.799321" lon="127.152793"/><trkpt lat="35.799192" lon="127.152759"/></trkseg>
<trkseg><trkpt lat="35.798128" lon="127.156608"/><trkpt lat="35.798214" lon="127.156242"/></trkseg>
<trkseg><trkpt lat="35.79567" lon="127.145853"/><trkpt lat="35.795612" lon="127.145887"/><trkpt lat="35.795566" lon="127.145903"/><trkpt lat="35.795529" lon="127.145901"/><trkpt lat="35.79548" lon="127.145889"/><trkpt lat="35.795054" lon="127.145762"/></trkseg>
<trkseg><trkpt lat="35.798287" lon="127.152954"/><trkpt lat="35.79855" lon="127.1529"/><trkpt lat="35.798589" lon="127.152895"/><trkpt lat="35.798617" lon="127.152898"/><trkpt lat="35.798644" lon="127.152908"/><trkpt lat="35.798768" lon="127.152977"/></trkseg>
<trkseg><trkpt lat="35.792665" lon="127.163134"/><trkpt lat="35.79268" lon="127.163122"/><trkpt lat="35.79272" lon="127.163112"/><trkpt lat="35.792767" lon="127.163117"/><trkpt lat="35.792831" lon="127.163138"/><trkpt lat="35.792868" lon="127.163154"/><trkpt lat="35.792902" lon="127.163175"/><trkpt lat="35.792945" lon="127.163214"/><trkpt lat="35.79311" lon="127.163384"/><trkpt lat="35.793153" lon="127.163425"/><trkpt lat="35.793197" lon="127.163461"/><trkpt lat="35.793641" lon="127.163775"/><trkpt lat="35.793688" lon="127.163806"/><trkpt lat="35.793725" lon="127.163824"/><trkpt lat="35.793763" lon="127.163833"/><trkpt lat="35.793854" lon="127.163842"/><trkpt lat="35.793986" lon="127.16385"/><trkpt lat="35.794025" lon="127.163849"/><trkpt lat="35.794064" lon="127.163842"/><trkpt lat="35.794102" lon="127.163829"/><trkpt lat="35.79424" lon="127.163774"/><trkpt lat="35.794277" lon="127.163764"/><trkpt lat="35.794314" lon="127.163764"/><trkpt lat="35.79435" lon="127.163778"/><trkpt lat="35.79441" lon="127.163811"/><trkpt lat="35.794853" lon="127.164068"/></trkseg>
<trkseg><trkpt lat="35.791745" lon="127.18297"/><trkpt lat="35.791747" lon="127.182947"/><trkpt lat="35.791746" lon="127.182898"/><trkpt lat="35.791731" lon="127.182846"/><trkpt lat="35.791701" lon="127.182796"/><trkpt lat="35.791681" lon="127.18276"/><trkpt lat="35.791665" lon="127.182717"/><trkpt lat="35.791649" lon="127.182657"/><trkpt lat="35.791619" lon="127.182535"/><trkpt lat="35.791604" lon="127.182492"/><trkpt lat="35.791583" lon="127.182457"/><trkpt lat="35.791556" lon="127.182428"/><trkpt lat="35.791526" lon="127.182404"/><trkpt lat="35.791492" lon="127.182389"/><trkpt lat="35.791454" lon="127.182385"/><trkpt lat="35.791396" lon="127.182388"/><trkpt lat="35.791296" lon="127.182399"/><trkpt lat="35.791294" lon="127.182399"/></trkseg>
<trkseg><trkpt lat="35.786527" lon="127.145732"/><trkpt lat="35.786431" lon="127.145816"/><trkpt lat="35.786389" lon="127.145857"/><trkpt lat="35.786363" lon="127.145891"/><trkpt lat="35.786343" lon="127.145932"/><trkpt lat="35.786314" lon="127.146023"/><trkpt lat="35.786257" lon="127.146206"/><trkpt lat="35.786235" lon="127.146265"/><trkpt lat="35.786194" lon="127.146351"/><trkpt lat="35.785997" lon="127.146748"/><trkpt lat="35.785967" lon="127.146802"/><trkpt lat="35.78594" lon="127.146837"/><trkpt lat="35.7859" lon="127.14688"/><trkpt lat="35.785774" lon="127.147003"/><trkpt lat="35.785741" lon="127.147029"/><trkpt lat="35.785705" lon="127.147045"/><trkpt lat="35.785655" lon="127.147056"/><trkpt lat="35.785382" lon="127.147091"/></trkseg>
<trkseg><trkpt lat="35.787351" lon="127.148264"/><trkpt lat="35.787318" lon="127.148124"/><trkpt lat="35.787303" lon="127.148077"/><trkpt lat="35.787283" lon="127.148035"/><trkpt lat="35.787251" lon="127.147983"/><trkpt lat="35.787106" lon="127.147767"/><trkpt lat="35.787083" lon="127.147729"/><trkpt lat="35.787068" lon="127.147691"/><trkpt lat="35.787069" lon="127.147643"/><trkpt lat="35.78707" lon="127.147602"/><trkpt lat="35.787066" lon="127.147559"/><trkpt lat="35.787058" lon="127.147517"/><trkpt lat="35.787042" lon="127.147481"/><trkpt lat="35.787" lon="127.14743"/><trkpt lat="35.786975" lon="127.147395"/><trkpt lat="35.786947" lon="127.147342"/><trkpt lat="35.78691" lon="127.147259"/><trkpt lat="35.786896" lon="127.147215"/><trkpt lat="35.786887" lon="127.147169"/><trkpt lat="35.78688" lon="127.147105"/><trkpt lat="35.786862" lon="127.146913"/><trkpt lat="35.786853" lon="127.146865"/><trkpt lat="35.786828" lon="127.146771"/><trkpt lat="35.786787" lon="127.146631"/><trkpt lat="35.786776" lon="127.146583"/><trkpt lat="35.786767" lon="127.146519"/><trkpt lat="35.786738" lon="127.146193"/><trkpt lat="35.786717" lon="127.145965"/><trkpt lat="35.786708" lon="127.145918"/><trkpt lat="35.786694" lon="127.145876"/><trkpt lat="35.786675" lon="127.145838"/><trkpt lat="35.78665" lon="127.145806"/><trkpt lat="35.786613" lon="127.145779"/><trkpt lat="35.786555" lon="127.145746"/><trkpt lat="35.786527" lon="127.145732"/></trkseg>
<trkseg><trkpt lat="35.787351" lon="127.148264"/><trkpt lat="35.787465" lon="127.148307"/><trkpt lat="35.787503" lon="127.148324"/><trkpt lat="35.787538" lon="127.148345"/><trkpt lat="35.787565" lon="127.148375"/><trkpt lat="35.787601" lon="127.148435"/><trkpt lat="35.787624" lon="127.148469"/><trkpt lat="35.787652" lon="127.148492"/><trkpt lat="35.787688" lon="127.148501"/><trkpt lat="35.787765" lon="127.148508"/><trkpt lat="35.787804" lon="127.148514"/><trkpt lat="35.787842" lon="127.148525"/><trkpt lat="35.787968" lon="127.148577"/><trkpt lat="35.788031" lon="127.148601"/><trkpt lat="35.788069" lon="127.148611"/><trkpt lat="35.78812" lon="127.148614"/><trkpt lat="35.788223" lon="127.148619"/><trkpt lat="35.788262" lon="127.148627"/><trkpt lat="35.788313" lon="127.148645"/><trkpt lat="35.788887" lon="127.148876"/><trkpt lat="35.788938" lon="127.148894"/><trkpt lat="35.788977" lon="127.148904"/><trkpt lat="35.789031" lon="127.148909"/><trkpt lat="35.78926" lon="127.148916"/></trkseg>
<trkseg><trkpt lat="35.788453" lon="127.145721"/><trkpt lat="35.788288" lon="127.145974"/><trkpt lat="35.788266" lon="127.146013"/><trkpt lat="35.78825" lon="127.146055"/><trkpt lat="35.788246" lon="127.146099"/><trkpt lat="35.788249" lon="127.146146"/><trkpt lat="35.788275" lon="127.146385"/><trkpt lat="35.78828" lon="127.146449"/><trkpt lat="35.788281" lon="127.146497"/><trkpt lat="35.788273" lon="127.146595"/><trkpt lat="35.788255" lon="127.146776"/><trkpt lat="35.788253" lon="127.146823"/><trkpt lat="35.788259" lon="127.146866"/><trkpt lat="35.788282" lon="127.14692"/><trkpt lat="35.788287" lon="127.146961"/><trkpt lat="35.788285" lon="127.147007"/><trkpt lat="35.788273" lon="127.147133"/><trkpt lat="35.788271" lon="127.14718"/><trkpt lat="35.788278" lon="127.147226"/><trkpt lat="35.788292" lon="127.147273"/><trkpt lat="35.788342" lon="127.147399"/><trkpt lat="35.788343" lon="127.147402"/></trkseg>
<trkseg><trkpt lat="35.790728" lon="127.146639"/><trkpt lat="35.790652" lon="127.146684"/><trkpt lat="35.790596" lon="127.146715"/><trkpt lat="35.790558" lon="127.146729"/><trkpt lat="35.79052" lon="127.146733"/><trkpt lat="35.790428" lon="127.146728"/><trkpt lat="35.790216" lon="127.146713"/><trkpt lat="35.790177" lon="127.146715"/><trkpt lat="35.790141" lon="127.146725"/><trkpt lat="35.790106" lon="127.146748"/><trkpt lat="35.789921" lon="127.146912"/><trkpt lat="35.789462" lon="127.147319"/><trkpt lat="35.789428" lon="127.147345"/><trkpt lat="35.789393" lon="127.147364"/><trkpt lat="35.789355" lon="127.147374"/><trkpt lat="35.789157" lon="127.147401"/><trkpt lat="35.788921" lon="127.147433"/><trkpt lat="35.788881" lon="127.147436"/><trkpt lat="35.7888" lon="127.147434"/><trkpt lat="35.788343" lon="127.147402"/></trkseg>
<trkseg><trkpt lat="35.791269" lon="127.146615"/><trkpt lat="35.791021" lon="127.146456"/><trkpt lat="35.790987" lon="127.146437"/><trkpt lat="35.790954" lon="127.146425"/><trkpt lat="35.790923" lon="127.146434"/><trkpt lat="35.790893" lon="127.146458"/><trkpt lat="35.790854" lon="127.146499"/><trkpt lat="35.790728" lon="127.146639"/></trkseg>
<trkseg><trkpt lat="35.798359" lon="127.153355"/><trkpt lat="35.798331" lon="127.153369"/><trkpt lat="35.798296" lon="127.153396"/><trkpt lat="35.798277" lon="127.153432"/><trkpt lat="35.798286" lon="127.153496"/><trkpt lat="35.798288" lon="127.153529"/><trkpt lat="35.798271" lon="127.153549"/><trkpt lat="35.798238" lon="127.153557"/><trkpt lat="35.798186" lon="127.153562"/><trkpt lat="35.797797" lon="127.153588"/><trkpt lat="35.79773" lon="127.153593"/><trkpt lat="35.797691" lon="127.1536"/><trkpt lat="35.797656" lon="127.153615"/><trkpt lat="35.797625" lon="127.153639"/><trkpt lat="35.797574" lon="127.153681"/><trkpt lat="35.79754" lon="127.1537"/><trkpt lat="35.797502" lon="127.153714"/><trkpt lat="35.797374" lon="127.153753"/><trkpt lat="35.797337" lon="127.153769"/><trkpt lat="35.797305" lon="127.153793"/><trkpt lat="35.797276" lon="127.153825"/><trkpt lat="35.797165" lon="127.153963"/><trkpt lat="35.797126" lon="127.154006"/><trkpt lat="35.797094" lon="127.154033"/><trkpt lat="35.797024" lon="127.154077"/><trkpt lat="35.796871" lon="127.154167"/><trkpt lat="35.796835" lon="127.154184"/><trkpt lat="35.796797" lon="127.154195"/><trkpt lat="35.796746" lon="127.154202"/><trkpt lat="35.796551" lon="127.154217"/><trkpt lat="35.796499" lon="127.154223"/><trkpt lat="35.796461" lon="127.154233"/><trkpt lat="35.796412" lon="127.154255"/><trkpt lat="35.796315" lon="127.154305"/><trkpt lat="35.79628" lon="127.154319"/><trkpt lat="35.79625" lon="127.154325"/><trkpt lat="35.796229" lon="127.15431"/><trkpt lat="35.796207" lon="127.154284"/><trkpt lat="35.796183" lon="127.154292"/><trkpt lat="35.796156" lon="127.154315"/><trkpt lat="35.796076" lon="127.154397"/><trkpt lat="35.796034" lon="127.154435"/><trkpt lat="35.796" lon="127.154455"/><trkpt lat="35.795962" lon="127.154465"/><trkpt lat="35.795884" lon="127.154475"/><trkpt lat="35.795684" lon="127.154495"/><trkpt lat="35.795647" lon="127.154503"/><trkpt lat="35.79562" lon="127.154522"/><trkpt lat="35.795611" lon="127.154554"/><trkpt lat="35.795621" lon="127.154593"/><trkpt lat="35.795638" lon="127.154635"/><trkpt lat="35.795706" lon="127.154772"/><trkpt lat="35.795707" lon="127.154774"/></trkseg>
<trkseg><trkpt lat="35.794853" lon="127.164068"/><trkpt lat="35.795171" lon="127.164204"/><trkpt lat="35.795221" lon="127.164228"/><trkpt lat="35.795256" lon="127.164251"/><trkpt lat="35.795289" lon="127.164278"/><trkpt lat="35.795405" lon="127.164389"/><trkpt lat="35.795447" lon="127.164429"/><trkpt lat="35.795479" lon="127.164452"/><trkpt lat="35.795513" lon="127.16446"/><trkpt lat="35.795548" lon="127.164449"/><trkpt lat="35.795619" lon="127.164409"/><trkpt lat="35.795763" lon="127.164322"/><trkpt lat="35.795809" lon="127.164288"/><trkpt lat="35.79625" lon="127.163934"/><trkpt lat="35.796296" lon="127.1639"/><trkpt lat="35.796332" lon="127.16388"/><trkpt lat="35.79637" lon="127.163869"/><trkpt lat="35.796437" lon="127.163861"/><trkpt lat="35.796719" lon="127.163835"/><trkpt lat="35.796772" lon="127.163825"/><trkpt lat="35.796821" lon="127.16381"/><trkpt lat="35.796957" lon="127.163761"/><trkpt lat="35.796993" lon="127.163745"/><trkpt lat="35.79704" lon="127.163714"/><trkpt lat="35.797335" lon="127.163485"/><trkpt lat="35.797562" lon="127.16331"/><trkpt lat="35.797594" lon="127.163282"/><trkpt lat="35.797621" lon="127.163248"/><trkpt lat="35.797641" lon="127.163208"/><trkpt lat="35.797665" lon="127.163151"/><trkpt lat="35.797733" lon="127.162978"/><trkpt lat="35.797753" lon="127.162937"/><trkpt lat="35.797778" lon="127.1629"/><trkpt lat="35.797807" lon="127.162868"/><trkpt lat="35.798032" lon="127.162639"/><trkpt lat="35.798082" lon="127.162586"/><trkpt lat="35.798109" lon="127.162552"/><trkpt lat="35.798129" lon="127.162511"/><trkpt lat="35.798143" lon="127.162466"/><trkpt lat="35.798194" lon="127.16226"/><trkpt lat="35.798208" lon="127.162213"/><trkpt lat="35.798226" lon="127.162169"/><trkpt lat="35.798254" lon="127.162114"/><trkpt lat="35.798419" lon="127.16181"/><trkpt lat="35.798443" lon="127.161772"/><trkpt lat="35.798469" lon="127.161741"/><trkpt lat="35.7985" lon="127.161729"/><trkpt lat="35.798548" lon="127.16173"/><trkpt lat="35.798585" lon="127.161728"/><trkpt lat="35.798622" lon="127.161716"/><trkpt lat="35.798658" lon="127.161696"/><trkpt lat="35.798788" lon="127.161613"/><trkpt lat="35.798824" lon="127.161594"/><trkpt lat="35.798862" lon="127.161583"/><trkpt lat="35.798902" lon="127.161578"/><trkpt lat="35.799239" lon="127.16156"/><trkpt lat="35.799306" lon="127.161553"/><trkpt lat="35.799345" lon="127.161542"/><trkpt lat="35.799394" lon="127.161518"/><trkpt lat="35.800192" lon="127.161038"/><trkpt lat="35.800398" lon="127.160914"/><trkpt lat="35.800435" lon="127.160896"/><trkpt lat="35.800473" lon="127.160886"/><trkpt lat="35.800512" lon="127.160886"/><trkpt lat="35.800604" lon="127.160895"/><trkpt lat="35.800641" lon="127.160895"/><trkpt lat="35.80067" lon="127.160884"/><trkpt lat="35.800685" lon="127.160851"/><trkpt lat="35.800693" lon="127.160807"/><trkpt lat="35.800729" lon="127.160431"/><trkpt lat="35.80074" lon="127.160334"/><trkpt lat="35.800748" lon="127.160288"/><trkpt lat="35.800769" lon="127.160242"/><trkpt lat="35.800801" lon="127.160195"/><trkpt lat="35.800834" lon="127.160152"/></trkseg>
<trkseg><trkpt lat="35.796622" lon="127.155731"/><trkpt lat="35.796622" lon="127.155784"/><trkpt lat="35.796613" lon="127.155836"/><trkpt lat="35.796591" lon="127.155872"/><trkpt lat="35.796558" lon="127.155891"/><trkpt lat="35.796474" lon="127.155927"/><trkpt lat="35.796425" lon="127.155943"/><trkpt lat="35.796388" lon="127.155946"/><trkpt lat="35.79635" lon="127.155941"/><trkpt lat="35.796261" lon="127.155917"/><trkpt lat="35.796223" lon="127.155911"/><trkpt lat="35.796187" lon="127.155916"/><trkpt lat="35.796152" lon="127.155934"/><trkpt lat="35.796106" lon="127.15596"/><trkpt lat="35.796068" lon="127.155971"/><trkpt lat="35.796028" lon="127.155974"/><trkpt lat="35.795975" lon="127.155973"/><trkpt lat="35.795935" lon="127.155969"/><trkpt lat="35.795899" lon="127.155957"/><trkpt lat="35.795869" lon="127.155931"/><trkpt lat="35.795843" lon="127.155897"/><trkpt lat="35.79579" lon="127.155826"/><trkpt lat="35.795761" lon="127.155796"/><trkpt lat="35.795727" lon="127.155776"/><trkpt lat="35.795655" lon="127.155745"/><trkpt lat="35.795619" lon="127.155729"/><trkpt lat="35.795584" lon="127.155707"/><trkpt lat="35.795519" lon="127.155653"/><trkpt lat="35.795221" lon="127.155386"/></trkseg>
<trkseg><trkpt lat="35.796622" lon="127.155731"/><trkpt lat="35.796315" lon="127.155612"/><trkpt lat="35.796278" lon="127.155593"/><trkpt lat="35.796244" lon="127.15557"/><trkpt lat="35.796212" lon="127.155543"/><trkpt lat="35.796185" lon="127.155512"/><trkpt lat="35.796162" lon="127.155478"/><trkpt lat="35.796135" lon="127.155454"/><trkpt lat="35.796101" lon="127.15544"/><trkpt lat="35.796001" lon="127.155412"/><trkpt lat="35.795964" lon="127.155399"/><trkpt lat="35.795928" lon="127.155379"/><trkpt lat="35.79588" lon="127.155347"/><trkpt lat="35.795763" lon="127.155267"/><trkpt lat="35.795727" lon="127.155247"/><trkpt lat="35.795689" lon="127.155236"/><trkpt lat="35.795613" lon="127.155227"/><trkpt lat="35.795578" lon="127.15522"/><trkpt lat="35.795551" lon="127.1552"/><trkpt lat="35.795536" lon="127.155161"/><trkpt lat="35.795524" lon="127.155101"/><trkpt lat="35.795512" lon="127.15502"/></trkseg>
<trkseg><trkpt lat="35.800834" lon="127.160152"/><trkpt lat="35.800792" lon="127.160161"/><trkpt lat="35.800747" lon="127.160174"/><trkpt lat="35.800708" lon="127.160196"/><trkpt lat="35.800656" lon="127.160238"/><trkpt lat="35.800625" lon="127.160262"/><trkpt lat="35.80059" lon="127.160279"/><trkpt lat="35.800528" lon="127.160297"/><trkpt lat="35.800453" lon="127.160314"/><trkpt lat="35.800402" lon="127.160322"/><trkpt lat="35.800365" lon="127.160319"/><trkpt lat="35.800328" lon="127.160306"/><trkpt lat="35.800216" lon="127.160251"/><trkpt lat="35.800167" lon="127.160229"/><trkpt lat="35.800129" lon="127.160219"/><trkpt lat="35.80009" lon="127.160221"/><trkpt lat="35.800051" lon="127.16023"/><trkpt lat="35.799933" lon="127.160264"/><trkpt lat="35.79988" lon="127.160275"/><trkpt lat="35.799842" lon="127.160275"/><trkpt lat="35.799804" lon="127.160264"/><trkpt lat="35.799544" lon="127.160153"/><trkpt lat="35.799482" lon="127.160125"/><trkpt lat="35.799435" lon="127.160095"/><trkpt lat="35.799092" lon="127.159842"/><trkpt lat="35.799025" lon="127.159789"/><trkpt lat="35.798995" lon="127.159758"/><trkpt lat="35.798969" lon="127.159721"/><trkpt lat="35.798913" lon="127.159631"/><trkpt lat="35.798891" lon="127.159591"/><trkpt lat="35.798873" lon="127.159548"/><trkpt lat="35.798862" lon="127.159502"/><trkpt lat="35.798829" lon="127.159327"/><trkpt lat="35.798816" lon="127.159247"/><trkpt lat="35.798812" lon="127.1592"/><trkpt lat="35.798817" lon="127.159153"/><trkpt lat="35.798829" lon="127.159108"/><trkpt lat="35.798931" lon="127.158804"/><trkpt lat="35.799214" lon="127.157953"/></trkseg>
<trkseg><trkpt lat="35.79979" lon="127.157832"/><trkpt lat="35.799807" lon="127.157869"/><trkpt lat="35.799838" lon="127.157913"/><trkpt lat="35.799877" lon="127.157936"/><trkpt lat="35.799914" lon="127.157943"/><trkpt lat="35.800097" lon="127.157966"/><trkpt lat="35.800148" lon="127.157975"/><trkpt lat="35.800185" lon="127.157988"/><trkpt lat="35.800232" lon="127.158013"/><trkpt lat="35.8003" lon="127.158058"/><trkpt lat="35.800355" lon="127.158098"/><trkpt lat="35.800385" lon="127.158127"/><trkpt lat="35.800411" lon="127.158161"/><trkpt lat="35.800493" lon="127.158286"/><trkpt lat="35.800532" lon="127.15835"/><trkpt lat="35.800558" lon="127.158406"/><trkpt lat="35.800674" lon="127.158695"/><trkpt lat="35.800715" lon="127.158796"/><trkpt lat="35.800736" lon="127.158837"/><trkpt lat="35.800808" lon="127.158956"/><trkpt lat="35.800941" lon="127.159165"/><trkpt lat="35.800963" lon="127.159206"/><trkpt lat="35.800981" lon="127.159249"/><trkpt lat="35.80104" lon="127.159432"/></trkseg>
<trkseg><trkpt lat="35.760306" lon="127.142578"/><trkpt lat="35.760179" lon="127.142619"/><trkpt lat="35.760142" lon="127.142635"/><trkpt lat="35.760106" lon="127.142656"/><trkpt lat="35.76005" lon="127.1427"/><trkpt lat="35.760019" lon="127.142729"/><trkpt lat="35.75999" lon="127.142763"/><trkpt lat="35.759957" lon="127.142815"/><trkpt lat="35.759912" lon="127.142898"/><trkpt lat="35.759892" lon="127.142941"/><trkpt lat="35.759876" lon="127.142986"/><trkpt lat="35.759868" lon="127.143032"/><trkpt lat="35.759866" lon="127.143078"/><trkpt lat="35.759873" lon="127.143122"/><trkpt lat="35.759891" lon="127.143163"/><trkpt lat="35.759916" lon="127.143201"/><trkpt lat="35.759945" lon="127.143234"/><trkpt lat="35.759979" lon="127.14326"/><trkpt lat="35.760072" lon="127.143324"/><trkpt lat="35.760103" lon="127.143349"/><trkpt lat="35.760123" lon="127.143379"/><trkpt lat="35.760123" lon="127.143417"/><trkpt lat="35.760104" lon="127.14349"/><trkpt lat="35.760093" lon="127.143535"/><trkpt lat="35.76009" lon="127.143582"/><trkpt lat="35.760094" lon="127.14363"/><trkpt lat="35.760108" lon="127.143743"/><trkpt lat="35.760111" lon="127.14379"/><trkpt lat="35.760106" lon="127.143835"/><trkpt lat="35.760091" lon="127.143879"/><trkpt lat="35.760064" lon="127.143935"/><trkpt lat="35.759942" lon="127.144173"/><trkpt lat="35.759923" lon="127.144216"/><trkpt lat="35.75991" lon="127.14426"/><trkpt lat="35.759904" lon="127.144307"/><trkpt lat="35.759891" lon="127.144547"/><trkpt lat="35.759884" lon="127.144658"/><trkpt lat="35.759878" lon="127.144706"/><trkpt lat="35.759859" lon="127.1448"/><trkpt lat="35.759753" lon="127.14527"/><trkpt lat="35.759746" lon="127.145317"/><trkpt lat="35.759743" lon="127.145365"/><trkpt lat="35.759745" lon="127.145414"/><trkpt lat="35.759758" lon="127.145592"/><trkpt lat="35.759759" lon="127.145639"/><trkpt lat="35.759752" lon="127.145682"/><trkpt lat="35.759731" lon="127.145719"/><trkpt lat="35.759702" lon="127.145752"/><trkpt lat="35.759642" lon="127.145817"/><trkpt lat="35.759615" lon="127.145853"/><trkpt lat="35.759593" lon="127.145893"/><trkpt lat="35.759561" lon="127.145964"/><trkpt lat="35.759538" lon="127.146022"/><trkpt lat="35.759527" lon="127.146067"/><trkpt lat="35.759523" lon="127.146114"/><trkpt lat="35.759521" lon="127.146257"/><trkpt lat="35.759524" lon="127.146321"/><trkpt lat="35.759537" lon="127.146376"/><trkpt lat="35.75956" lon="127.146424"/><trkpt lat="35.759577" lon="127.146454"/></trkseg>
<trkseg><trkpt lat="35.759577" lon="127.146454"/><trkpt lat="35.759616" lon="127.146491"/><trkpt lat="35.759657" lon="127.146525"/><trkpt lat="35.759694" lon="127.146541"/><trkpt lat="35.759729" lon="127.146533"/><trkpt lat="35.759775" lon="127.146508"/><trkpt lat="35.759894" lon="127.146437"/><trkpt lat="35.759931" lon="127.146421"/><trkpt lat="35.759969" lon="127.14641"/><trkpt lat="35.760272" lon="127.146344"/><trkpt lat="35.760311" lon="127.146339"/><trkpt lat="35.76035" lon="127.14634"/><trkpt lat="35.760387" lon="127.146351"/><trkpt lat="35.760475" lon="127.146383"/><trkpt lat="35.760511" lon="127.146391"/><trkpt lat="35.760546" lon="127.146387"/><trkpt lat="35.760579" lon="127.146366"/><trkpt lat="35.76061" lon="127.146337"/><trkpt lat="35.76065" lon="127.146295"/><trkpt lat="35.760677" lon="127.146259"/><trkpt lat="35.760698" lon="127.146221"/><trkpt lat="35.760732" lon="127.146138"/><trkpt lat="35.760757" lon="127.146085"/><trkpt lat="35.760782" lon="127.146052"/><trkpt lat="35.760814" lon="127.146026"/><trkpt lat="35.760874" lon="127.14599"/><trkpt lat="35.761058" lon="127.145885"/><trkpt lat="35.761107" lon="127.14586"/><trkpt lat="35.761145" lon="127.145846"/><trkpt lat="35.761383" lon="127.145796"/><trkpt lat="35.761582" lon="127.145755"/></trkseg>
<trkseg><trkpt lat="35.775698" lon="127.151802"/><trkpt lat="35.775759" lon="127.151639"/><trkpt lat="35.775773" lon="127.151595"/><trkpt lat="35.775784" lon="127.15155"/><trkpt lat="35.775784" lon="127.151505"/><trkpt lat="35.775769" lon="127.151417"/><trkpt lat="35.775763" lon="127.151372"/><trkpt lat="35.775762" lon="127.151324"/><trkpt lat="35.775767" lon="127.151243"/><trkpt lat="35.775775" lon="127.151179"/><trkpt lat="35.775786" lon="127.151134"/><trkpt lat="35.775818" lon="127.15107"/><trkpt lat="35.775833" lon="127.151032"/><trkpt lat="35.775835" lon="127.150992"/><trkpt lat="35.775833" lon="127.15094"/><trkpt lat="35.775843" lon="127.150907"/><trkpt lat="35.77587" lon="127.150881"/><trkpt lat="35.77594" lon="127.150839"/><trkpt lat="35.775975" lon="127.150816"/><trkpt lat="35.776007" lon="127.150787"/><trkpt lat="35.776054" lon="127.150732"/><trkpt lat="35.776119" lon="127.150653"/><trkpt lat="35.776149" lon="127.150624"/><trkpt lat="35.776182" lon="127.150604"/><trkpt lat="35.776255" lon="127.15058"/><trkpt lat="35.776288" lon="127.150567"/><trkpt lat="35.776311" lon="127.150548"/><trkpt lat="35.776321" lon="127.150503"/><trkpt lat="35.776335" lon="127.150467"/><trkpt lat="35.77636" lon="127.150434"/><trkpt lat="35.776409" lon="127.15038"/><trkpt lat="35.776718" lon="127.150066"/></trkseg>
<trkseg><trkpt lat="35.79527" lon="127.16622"/><trkpt lat="35.795137" lon="127.165616"/><trkpt lat="35.795126" lon="127.165552"/><trkpt lat="35.795122" lon="127.165504"/><trkpt lat="35.795121" lon="127.165376"/><trkpt lat="35.795118" lon="127.16533"/><trkpt lat="35.795106" lon="127.165288"/><trkpt lat="35.795084" lon="127.165252"/><trkpt lat="35.795011" lon="127.165163"/><trkpt lat="35.794974" lon="127.165117"/><trkpt lat="35.794951" lon="127.16508"/><trkpt lat="35.794933" lon="127.165037"/><trkpt lat="35.794911" lon="127.16496"/><trkpt lat="35.794781" lon="127.164472"/><trkpt lat="35.794765" lon="127.164409"/><trkpt lat="35.794756" lon="127.164361"/><trkpt lat="35.794751" lon="127.164313"/><trkpt lat="35.794748" lon="127.164266"/><trkpt lat="35.794756" lon="127.164222"/><trkpt lat="35.794776" lon="127.16418"/><trkpt lat="35.794808" lon="127.164131"/><trkpt lat="35.794853" lon="127.164068"/></trkseg>
<trkseg><trkpt lat="35.782114" lon="127.142062"/><trkpt lat="35.782077" lon="127.142251"/><trkpt lat="35.782067" lon="127.142297"/><trkpt lat="35.782052" lon="127.142338"/><trkpt lat="35.782027" lon="127.142379"/><trkpt lat="35.782011" lon="127.142413"/><trkpt lat="35.781993" lon="127.142483"/><trkpt lat="35.781981" lon="127.142526"/><trkpt lat="35.781963" lon="127.142569"/><trkpt lat="35.781922" lon="127.142652"/><trkpt lat="35.781782" lon="127.142929"/><trkpt lat="35.781762" lon="127.14297"/><trkpt lat="35.781749" lon="127.143012"/><trkpt lat="35.781749" lon="127.143056"/><trkpt lat="35.781759" lon="127.143101"/><trkpt lat="35.781831" lon="127.143312"/><trkpt lat="35.781886" lon="127.143479"/><trkpt lat="35.781899" lon="127.143525"/><trkpt lat="35.781906" lon="127.143569"/><trkpt lat="35.781908" lon="127.143613"/><trkpt lat="35.781907" lon="127.143657"/><trkpt lat="35.781901" lon="127.143704"/><trkpt lat="35.78188" lon="127.143799"/><trkpt lat="35.781725" lon="127.144444"/></trkseg>
<trkseg><trkpt lat="35.789662" lon="127.14513"/><trkpt lat="35.789478" lon="127.145541"/><trkpt lat="35.789457" lon="127.145582"/><trkpt lat="35.789432" lon="127.145621"/><trkpt lat="35.78937" lon="127.145708"/><trkpt lat="35.789342" lon="127.145742"/><trkpt lat="35.789311" lon="127.145769"/><trkpt lat="35.789274" lon="127.145784"/><trkpt lat="35.789236" lon="127.145792"/><trkpt lat="35.789023" lon="127.145819"/><trkpt lat="35.78877" lon="127.145854"/><trkpt lat="35.788717" lon="127.145858"/><trkpt lat="35.788679" lon="127.145852"/><trkpt lat="35.788643" lon="127.145836"/><trkpt lat="35.788583" lon="127.145802"/><trkpt lat="35.788453" lon="127.145721"/></trkseg>
<trkseg><trkpt lat="35.788684" lon="127.143149"/><trkpt lat="35.788627" lon="127.143414"/><trkpt lat="35.788615" lon="127.14346"/><trkpt lat="35.788592" lon="127.143519"/><trkpt lat="35.788517" lon="127.143691"/><trkpt lat="35.7885" lon="127.143735"/><trkpt lat="35.788488" lon="127.143781"/><trkpt lat="35.788474" lon="127.14386"/><trkpt lat="35.788451" lon="127.14402"/><trkpt lat="35.788445" lon="127.144083"/><trkpt lat="35.788446" lon="127.144129"/><trkpt lat="35.788453" lon="127.144202"/><trkpt lat="35.788448" lon="127.144249"/><trkpt lat="35.788427" lon="127.144343"/><trkpt lat="35.788388" lon="127.1445"/><trkpt lat="35.788379" lon="127.144548"/><trkpt lat="35.788376" lon="127.144596"/><trkpt lat="35.788375" lon="127.144677"/><trkpt lat="35.788379" lon="127.145084"/><trkpt lat="35.788389" lon="127.145182"/><trkpt lat="35.788453" lon="127.145721"/></trkseg>
<trkseg><trkpt lat="35.792316" lon="127.146932"/><trkpt lat="35.792119" lon="127.146901"/><trkpt lat="35.79208" lon="127.146893"/><trkpt lat="35.792044" lon="127.146878"/><trkpt lat="35.791997" lon="127.146846"/><trkpt lat="35.791963" lon="127.146827"/><trkpt lat="35.791925" lon="127.146812"/><trkpt lat="35.791676" lon="127.146737"/><trkpt lat="35.791269" lon="127.146615"/></trkseg>
<trkseg><trkpt lat="35.79979" lon="127.157832"/><trkpt lat="35.799759" lon="127.157815"/><trkpt lat="35.799726" lon="127.157804"/><trkpt lat="35.799695" lon="127.157805"/><trkpt lat="35.799611" lon="127.157831"/><trkpt lat="35.799566" lon="127.15785"/><trkpt lat="35.799542" lon="127.157867"/><trkpt lat="35.799516" lon="127.157899"/><trkpt lat="35.799402" lon="127.158069"/></trkseg>
<trkseg><trkpt lat="35.761582" lon="127.145755"/><trkpt lat="35.762467" lon="127.146103"/><trkpt lat="35.762519" lon="127.146119"/><trkpt lat="35.762558" lon="127.146123"/><trkpt lat="35.762637" lon="127.14612"/><trkpt lat="35.762781" lon="127.146105"/><trkpt lat="35.762819" lon="127.146096"/><trkpt lat="35.762855" lon="127.146081"/><trkpt lat="35.762926" lon="127.146045"/><trkpt lat="35.762963" lon="127.146034"/><trkpt lat="35.763002" lon="127.146031"/><trkpt lat="35.76316" lon="127.14604"/><trkpt lat="35.763213" lon="127.146045"/><trkpt lat="35.763252" lon="127.146053"/><trkpt lat="35.763303" lon="127.146069"/><trkpt lat="35.763378" lon="127.146099"/><trkpt lat="35.763414" lon="127.146118"/><trkpt lat="35.763447" lon="127.146142"/><trkpt lat="35.763509" lon="127.146204"/><trkpt lat="35.763704" lon="127.146406"/><trkpt lat="35.763742" lon="127.14645"/><trkpt lat="35.763764" lon="127.146484"/><trkpt lat="35.763769" lon="127.146524"/><trkpt lat="35.76376" lon="127.146568"/><trkpt lat="35.7637" lon="127.146752"/><trkpt lat="35.76362" lon="127.147"/><trkpt lat="35.763609" lon="127.147046"/><trkpt lat="35.763606" lon="127.147089"/><trkpt lat="35.763615" lon="127.147122"/><trkpt lat="35.763629" lon="127.147129"/><trkpt lat="35.763645" lon="127.147104"/><trkpt lat="35.763671" lon="127.147069"/><trkpt lat="35.763711" lon="127.147051"/><trkpt lat="35.76374" lon="127.147052"/><trkpt lat="35.763743" lon="127.147054"/></trkseg>
<trkseg><trkpt lat="35.791918" lon="127.144346"/><trkpt lat="35.79157" lon="127.144942"/></trkseg>
<trkseg><trkpt lat="35.791497" lon="127.143964"/><trkpt lat="35.791749" lon="127.144237"/><trkpt lat="35.791774" lon="127.144257"/><trkpt lat="35.791828" lon="127.144292"/><trkpt lat="35.791918" lon="127.144346"/></trkseg>
<trkseg><trkpt lat="35.786621" lon="127.145175"/><trkpt lat="35.786853" lon="127.145159"/><trkpt lat="35.786891" lon="127.145153"/><trkpt lat="35.786928" lon="127.145142"/><trkpt lat="35.786977" lon="127.14512"/><trkpt lat="35.787099" lon="127.145061"/><trkpt lat="35.787136" lon="127.145047"/><trkpt lat="35.787175" lon="127.145041"/><trkpt lat="35.787241" lon="127.145036"/><trkpt lat="35.787279" lon="127.145024"/><trkpt lat="35.787315" lon="127.145005"/><trkpt lat="35.787387" lon="127.144959"/><trkpt lat="35.787421" lon="127.144934"/><trkpt lat="35.787452" lon="127.144903"/><trkpt lat="35.787477" lon="127.144866"/><trkpt lat="35.787563" lon="127.144716"/><trkpt lat="35.787655" lon="127.144553"/><trkpt lat="35.787675" lon="127.14451"/><trkpt lat="35.78769" lon="127.144466"/><trkpt lat="35.787783" lon="127.144112"/><trkpt lat="35.787809" lon="127.144022"/><trkpt lat="35.787826" lon="127.143979"/><trkpt lat="35.787859" lon="127.143915"/><trkpt lat="35.787878" lon="127.143876"/><trkpt lat="35.787891" lon="127.143835"/><trkpt lat="35.787897" lon="127.14379"/><trkpt lat="35.787905" lon="127.1437"/><trkpt lat="35.787915" lon="127.143659"/><trkpt lat="35.787938" lon="127.143623"/><trkpt lat="35.787968" lon="127.143592"/><trkpt lat="35.788237" lon="127.143343"/><trkpt lat="35.788303" lon="127.143285"/><trkpt lat="35.788337" lon="127.14326"/><trkpt lat="35.788373" lon="127.143241"/><trkpt lat="35.78852" lon="127.143176"/><trkpt lat="35.788571" lon="127.143156"/><trkpt lat="35.78862" lon="127.143146"/><trkpt lat="35.788665" lon="127.143146"/><trkpt lat="35.788684" lon="127.143149"/></trkseg>
<trkseg><trkpt lat="35.79157" lon="127.144942"/><trkpt lat="35.791209" lon="127.144992"/><trkpt lat="35.791157" lon="127.144995"/><trkpt lat="35.791119" lon="127.144988"/><trkpt lat="35.791083" lon="127.14497"/><trkpt lat="35.790932" lon="127.144865"/><trkpt lat="35.790618" lon="127.144646"/><trkpt lat="35.790582" lon="127.144625"/><trkpt lat="35.790545" lon="127.144611"/><trkpt lat="35.790507" lon="127.144607"/><trkpt lat="35.790442" lon="127.144608"/><trkpt lat="35.790405" lon="127.144613"/><trkpt lat="35.790375" lon="127.144628"/><trkpt lat="35.790354" lon="127.144662"/><trkpt lat="35.790341" lon="127.144706"/><trkpt lat="35.790296" lon="127.144899"/><trkpt lat="35.790283" lon="127.144946"/><trkpt lat="35.790266" lon="127.144991"/><trkpt lat="35.790243" lon="127.145028"/><trkpt lat="35.790216" lon="127.14506"/><trkpt lat="35.790185" lon="127.145087"/><trkpt lat="35.79015" lon="127.145102"/><trkpt lat="35.790111" lon="127.145108"/><trkpt lat="35.789913" lon="127.145117"/><trkpt lat="35.789662" lon="127.14513"/></trkseg>
<trkseg><trkpt lat="35.7941" lon="127.146157"/><trkpt lat="35.79396" lon="127.146438"/><trkpt lat="35.793942" lon="127.146482"/><trkpt lat="35.793931" lon="127.146528"/><trkpt lat="35.793924" lon="127.146575"/><trkpt lat="35.793911" lon="127.146721"/><trkpt lat="35.793904" lon="127.146766"/><trkpt lat="35.793893" lon="127.146803"/><trkpt lat="35.793869" lon="127.146819"/><trkpt lat="35.793835" lon="127.146819"/><trkpt lat="35.793746" lon="127.146802"/><trkpt lat="35.793695" lon="127.146796"/><trkpt lat="35.793656" lon="127.1468"/><trkpt lat="35.793603" lon="127.146813"/><trkpt lat="35.793163" lon="127.146959"/><trkpt lat="35.793084" lon="127.146981"/><trkpt lat="35.793044" lon="127.146986"/><trkpt lat="35.792642" lon="127.147012"/></trkseg>
<trkseg><trkpt lat="35.7941" lon="127.146157"/><trkpt lat="35.794077" lon="127.146182"/><trkpt lat="35.794039" lon="127.146214"/><trkpt lat="35.793994" lon="127.146234"/><trkpt lat="35.793929" lon="127.146246"/><trkpt lat="35.793586" lon="127.146294"/><trkpt lat="35.793534" lon="127.146303"/><trkpt lat="35.793496" lon="127.146316"/><trkpt lat="35.793463" lon="127.146337"/><trkpt lat="35.793421" lon="127.146372"/><trkpt lat="35.793295" lon="127.146484"/><trkpt lat="35.793238" lon="127.146525"/><trkpt lat="35.792775" lon="127.146824"/><trkpt lat="35.792717" lon="127.146864"/><trkpt lat="35.792686" lon="127.146898"/><trkpt lat="35.792662" lon="127.146946"/><trkpt lat="35.792647" lon="127.146992"/><trkpt lat="35.792642" lon="127.147012"/></trkseg>
<trkseg><trkpt lat="35.79157" lon="127.144942"/><trkpt lat="35.791573" lon="127.145045"/><trkpt lat="35.791577" lon="127.14512"/><trkpt lat="35.791586" lon="127.145166"/><trkpt lat="35.791603" lon="127.145208"/><trkpt lat="35.791632" lon="127.145262"/><trkpt lat="35.791723" lon="127.145422"/><trkpt lat="35.791742" lon="127.145464"/><trkpt lat="35.791761" lon="127.145522"/><trkpt lat="35.791802" lon="127.14567"/><trkpt lat="35.791817" lon="127.145712"/><trkpt lat="35.791838" lon="127.145751"/><trkpt lat="35.791863" lon="127.145786"/><trkpt lat="35.791962" lon="127.145909"/><trkpt lat="35.791987" lon="127.145945"/><trkpt lat="35.79201" lon="127.145985"/><trkpt lat="35.792138" lon="127.146239"/><trkpt lat="35.792458" lon="127.146874"/><trkpt lat="35.792481" lon="127.146914"/><trkpt lat="35.792508" lon="127.146946"/><trkpt lat="35.792547" lon="127.14697"/><trkpt lat="35.79261" lon="127.146999"/><trkpt lat="35.792642" lon="127.147012"/></trkseg>
<trkseg><trkpt lat="35.789662" lon="127.14513"/><trkpt lat="35.789661" lon="127.14511"/><trkpt lat="35.789651" lon="127.145068"/><trkpt lat="35.789624" lon="127.14502"/><trkpt lat="35.789592" lon="127.144987"/><trkpt lat="35.789452" lon="127.144866"/><trkpt lat="35.789422" lon="127.144836"/><trkpt lat="35.789393" lon="127.144801"/><trkpt lat="35.789204" lon="127.144545"/><trkpt lat="35.789179" lon="127.144507"/><trkpt lat="35.78916" lon="127.144466"/><trkpt lat="35.789148" lon="127.144422"/><trkpt lat="35.789115" lon="127.144253"/><trkpt lat="35.789103" lon="127.144208"/><trkpt lat="35.789087" lon="127.144165"/><trkpt lat="35.789067" lon="127.144123"/><trkpt lat="35.788837" lon="127.143704"/><trkpt lat="35.78881" lon="127.143648"/><trkpt lat="35.788794" lon="127.143604"/><trkpt lat="35.788777" lon="127.143542"/><trkpt lat="35.788684" lon="127.143149"/></trkseg>
<trkseg><trkpt lat="35.788684" lon="127.143149"/><trkpt lat="35.788952" lon="127.142588"/></trkseg>
<trkseg><trkpt lat="35.78947" lon="127.142119"/><trkpt lat="35.789134" lon="127.142755"/><trkpt lat="35.789102" lon="127.142807"/><trkpt lat="35.789074" lon="127.142842"/><trkpt lat="35.788994" lon="127.14293"/><trkpt lat="35.788942" lon="127.142982"/><trkpt lat="35.788909" lon="127.14301"/><trkpt lat="35.788863" lon="127.143041"/><trkpt lat="35.788684" lon="127.143149"/></trkseg>
<trkseg><trkpt lat="35.788952" lon="127.142588"/><trkpt lat="35.789245" lon="127.142265"/><trkpt lat="35.789284" lon="127.142226"/><trkpt lat="35.789316" lon="127.142201"/><trkpt lat="35.789351" lon="127.142181"/><trkpt lat="35.78947" lon="127.142119"/></trkseg>
<trkseg><trkpt lat="35.79425" lon="127.145816"/><trkpt lat="35.7941" lon="127.146157"/></trkseg>
<trkseg><trkpt lat="35.791497" lon="127.143964"/><trkpt lat="35.7916" lon="127.144703"/><trkpt lat="35.791604" lon="127.14475"/><trkpt lat="35.791603" lon="127.144798"/><trkpt lat="35.791593" lon="127.144854"/><trkpt lat="35.79157" lon="127.144942"/></trkseg>
<trkseg><trkpt lat="35.786527" lon="127.145732"/><trkpt lat="35.786526" lon="127.145379"/><trkpt lat="35.786524" lon="127.145339"/><trkpt lat="35.786518" lon="127.145302"/><trkpt lat="35.786508" lon="127.145267"/><trkpt lat="35.786511" lon="127.145242"/><trkpt lat="35.786525" lon="127.145216"/><trkpt lat="35.786552" lon="127.145192"/><trkpt lat="35.786586" lon="127.145179"/><trkpt lat="35.786614" lon="127.145175"/><trkpt lat="35.786621" lon="127.145175"/></trkseg>
<trkseg><trkpt lat="35.792316" lon="127.146932"/><trkpt lat="35.79197" lon="127.147204"/><trkpt lat="35.791924" lon="127.147235"/><trkpt lat="35.791887" lon="127.147251"/><trkpt lat="35.791822" lon="127.147269"/><trkpt lat="35.791201" lon="127.14741"/><trkpt lat="35.791122" lon="127.14743"/><trkpt lat="35.791085" lon="127.147446"/><trkpt lat="35.791051" lon="127.147471"/><trkpt lat="35.790997" lon="127.147521"/><trkpt lat="35.790881" lon="127.147634"/><trkpt lat="35.790847" lon="127.147661"/><trkpt lat="35.7908" lon="127.14769"/><trkpt lat="35.790677" lon="127.147753"/><trkpt lat="35.790642" lon="127.147774"/><trkpt lat="35.790611" lon="127.147802"/><trkpt lat="35.790584" lon="127.147836"/><trkpt lat="35.790505" lon="127.147964"/><trkpt lat="35.790464" lon="127.148027"/><trkpt lat="35.790437" lon="127.14806"/><trkpt lat="35.790397" lon="127.148099"/><trkpt lat="35.790323" lon="127.148161"/><trkpt lat="35.79028" lon="127.148193"/><trkpt lat="35.790245" lon="127.14821"/><trkpt lat="35.790207" lon="127.148219"/><trkpt lat="35.790089" lon="127.148233"/><trkpt lat="35.790037" lon="127.14824"/><trkpt lat="35.79" lon="127.148251"/><trkpt lat="35.789966" lon="127.148269"/><trkpt lat="35.789934" lon="127.148293"/><trkpt lat="35.789905" lon="127.148321"/><trkpt lat="35.789881" lon="127.148357"/><trkpt lat="35.789861" lon="127.148399"/><trkpt lat="35.789822" lon="127.148482"/><trkpt lat="35.789798" lon="127.148517"/><trkpt lat="35.789765" lon="127.14854"/><trkpt lat="35.789728" lon="127.148556"/><trkpt lat="35.789416" lon="127.148664"/><trkpt lat="35.789379" lon="127.14868"/><trkpt lat="35.789347" lon="127.148702"/><trkpt lat="35.789324" lon="127.148737"/><trkpt lat="35.789305" lon="127.148781"/><trkpt lat="35.789264" lon="127.148906"/><trkpt lat="35.78926" lon="127.148916"/></trkseg>
<trkseg><trkpt lat="35.792642" lon="127.147012"/><trkpt lat="35.792316" lon="127.146932"/></trkseg>
<trkseg><trkpt lat="35.786621" lon="127.145175"/><trkpt lat="35.786661" lon="127.145387"/><trkpt lat="35.78667" lon="127.145417"/><trkpt lat="35.786682" lon="127.145434"/><trkpt lat="35.786699" lon="127.145442"/><trkpt lat="35.786733" lon="127.14545"/><trkpt lat="35.786811" lon="127.145464"/></trkseg>
<trkseg><trkpt lat="35.800096" lon="127.157619"/><trkpt lat="35.79979" lon="127.157832"/></trkseg>
<trkseg><trkpt lat="35.760306" lon="127.142578"/><trkpt lat="35.760537" lon="127.142694"/><trkpt lat="35.760572" lon="127.142715"/><trkpt lat="35.760602" lon="127.142741"/><trkpt lat="35.760623" lon="127.142774"/><trkpt lat="35.760638" lon="127.142812"/><trkpt lat="35.760646" lon="127.142858"/><trkpt lat="35.760648" lon="127.142923"/><trkpt lat="35.760647" lon="127.143056"/><trkpt lat="35.760653" lon="127.143102"/><trkpt lat="35.760675" lon="127.143143"/><trkpt lat="35.76071" lon="127.143179"/><trkpt lat="35.760746" lon="127.143208"/></trkseg>
<trkseg><trkpt lat="35.760746" lon="127.143208"/><trkpt lat="35.760711" lon="127.143531"/><trkpt lat="35.760709" lon="127.143578"/><trkpt lat="35.760712" lon="127.143625"/><trkpt lat="35.760725" lon="127.143668"/><trkpt lat="35.760752" lon="127.143723"/><trkpt lat="35.760823" lon="127.143859"/><trkpt lat="35.760838" lon="127.143897"/><trkpt lat="35.760835" lon="127.143928"/><trkpt lat="35.760801" lon="127.143951"/><trkpt lat="35.760752" lon="127.14397"/><trkpt lat="35.760717" lon="127.143981"/></trkseg>
<trkseg><trkpt lat="35.799402" lon="127.158069"/><trkpt lat="35.799293" lon="127.158317"/><trkpt lat="35.799276" lon="127.158361"/><trkpt lat="35.799265" lon="127.158407"/><trkpt lat="35.799265" lon="127.158453"/><trkpt lat="35.799273" lon="127.158515"/><trkpt lat="35.799299" lon="127.158656"/><trkpt lat="35.799312" lon="127.158701"/><trkpt lat="35.799337" lon="127.158751"/><trkpt lat="35.799367" lon="127.158797"/><trkpt lat="35.799387" lon="127.158827"/></trkseg>
<trkseg><trkpt lat="35.799402" lon="127.158069"/><trkpt lat="35.799282" lon="127.158036"/><trkpt lat="35.799269" lon="127.158025"/><trkpt lat="35.799214" lon="127.157953"/></trkseg>
<trkseg><trkpt lat="35.791269" lon="127.146615"/><trkpt lat="35.790847" lon="127.146673"/><trkpt lat="35.7908" lon="127.146674"/><trkpt lat="35.790762" lon="127.146662"/><trkpt lat="35.790734" lon="127.146644"/><trkpt lat="35.790728" lon="127.146639"/></trkseg>
<trkseg><trkpt lat="35.781143" lon="127.152391"/><trkpt lat="35.780936" lon="127.152485"/><trkpt lat="35.780901" lon="127.152504"/><trkpt lat="35.78087" lon="127.15253"/><trkpt lat="35.780843" lon="127.152565"/><trkpt lat="35.780735" lon="127.152732"/><trkpt lat="35.780552" lon="127.153016"/><trkpt lat="35.780512" lon="127.153082"/><trkpt lat="35.780494" lon="127.153124"/><trkpt lat="35.780481" lon="127.153168"/><trkpt lat="35.780467" lon="127.15323"/><trkpt lat="35.780456" lon="127.153292"/><trkpt lat="35.780452" lon="127.153339"/><trkpt lat="35.780454" lon="127.153387"/><trkpt lat="35.780487" lon="127.15379"/><trkpt lat="35.780494" lon="127.153902"/><trkpt lat="35.780493" lon="127.15395"/><trkpt lat="35.780487" lon="127.153999"/><trkpt lat="35.780442" lon="127.154275"/><trkpt lat="35.780428" lon="127.154339"/><trkpt lat="35.780414" lon="127.154385"/><trkpt lat="35.780377" lon="127.154472"/><trkpt lat="35.780099" lon="127.155089"/></trkseg>
<trkseg><trkpt lat="35.780099" lon="127.155089"/><trkpt lat="35.780064" lon="127.155241"/><trkpt lat="35.780055" lon="127.155264"/><trkpt lat="35.780039" lon="127.155291"/><trkpt lat="35.779986" lon="127.155359"/><trkpt lat="35.779974" lon="127.155378"/><trkpt lat="35.779968" lon="127.155401"/><trkpt lat="35.779972" lon="127.155431"/><trkpt lat="35.779983" lon="127.155471"/></trkseg>
<trkseg><trkpt lat="35.779983" lon="127.155471"/><trkpt lat="35.780028" lon="127.155489"/><trkpt lat="35.780107" lon="127.155517"/><trkpt lat="35.780144" lon="127.155525"/><trkpt lat="35.780181" lon="127.155523"/><trkpt lat="35.780217" lon="127.155507"/><trkpt lat="35.780265" lon="127.15548"/><trkpt lat="35.780372" lon="127.155414"/><trkpt lat="35.780408" lon="127.155397"/><trkpt lat="35.780445" lon="127.155391"/><trkpt lat="35.780483" lon="127.155398"/><trkpt lat="35.780535" lon="127.155416"/><trkpt lat="35.780727" lon="127.155492"/><trkpt lat="35.780766" lon="127.155503"/><trkpt lat="35.780803" lon="127.155506"/><trkpt lat="35.780838" lon="127.155492"/><trkpt lat="35.780872" lon="127.155468"/><trkpt lat="35.780997" lon="127.155369"/><trkpt lat="35.781097" lon="127.155289"/></trkseg>
<trkseg><trkpt lat="35.785382" lon="127.147091"/><trkpt lat="35.785403" lon="127.147143"/><trkpt lat="35.785414" lon="127.147193"/><trkpt lat="35.785399" lon="127.147224"/><trkpt lat="35.785355" lon="127.147249"/><trkpt lat="35.785322" lon="127.147271"/><trkpt lat="35.785296" lon="127.147301"/><trkpt lat="35.785276" lon="127.14734"/><trkpt lat="35.785241" lon="127.147424"/><trkpt lat="35.785209" lon="127.14751"/><trkpt lat="35.785196" lon="127.147555"/><trkpt lat="35.785177" lon="127.14765"/><trkpt lat="35.785091" lon="127.148097"/><trkpt lat="35.785083" lon="127.148145"/><trkpt lat="35.785081" lon="127.148192"/><trkpt lat="35.785086" lon="127.148239"/><trkpt lat="35.785099" lon="127.148317"/><trkpt lat="35.785111" lon="127.148362"/><trkpt lat="35.785128" lon="127.148403"/><trkpt lat="35.78518" lon="127.148493"/><trkpt lat="35.7852" lon="127.148532"/><trkpt lat="35.785214" lon="127.148572"/><trkpt lat="35.785215" lon="127.148615"/><trkpt lat="35.785208" lon="127.148658"/><trkpt lat="35.785194" lon="127.148698"/><trkpt lat="35.78517" lon="127.14873"/><trkpt lat="35.785119" lon="127.148774"/><trkpt lat="35.785097" lon="127.148806"/><trkpt lat="35.785087" lon="127.148847"/><trkpt lat="35.785074" lon="127.148903"/><trkpt lat="35.785056" lon="127.148939"/><trkpt lat="35.785016" lon="127.148993"/><trkpt lat="35.784997" lon="127.14903"/><trkpt lat="35.784986" lon="127.149074"/><trkpt lat="35.784972" lon="127.149168"/><trkpt lat="35.784937" lon="127.149439"/><trkpt lat="35.784928" lon="127.149485"/><trkpt lat="35.784912" lon="127.149529"/><trkpt lat="35.784891" lon="127.149571"/><trkpt lat="35.784623" lon="127.150049"/><trkpt lat="35.784501" lon="127.150267"/><trkpt lat="35.784485" lon="127.150319"/><trkpt lat="35.784485" lon="127.150376"/><trkpt lat="35.784493" lon="127.150412"/><trkpt lat="35.784495" lon="127.150415"/></trkseg>
<trkseg><trkpt lat="35.788343" lon="127.147402"/><trkpt lat="35.788239" lon="127.147532"/><trkpt lat="35.78821" lon="127.147565"/><trkpt lat="35.788178" lon="127.147592"/><trkpt lat="35.788142" lon="127.14761"/><trkpt lat="35.78809" lon="127.147625"/><trkpt lat="35.787803" lon="127.1477"/><trkpt lat="35.787739" lon="127.147718"/><trkpt lat="35.787703" lon="127.147735"/><trkpt lat="35.787674" lon="127.147763"/><trkpt lat="35.78765" lon="127.1478"/><trkpt lat="35.787551" lon="127.147994"/><trkpt lat="35.787493" lon="127.148104"/><trkpt lat="35.787469" lon="127.148143"/><trkpt lat="35.78744" lon="127.148177"/><trkpt lat="35.787351" lon="127.148264"/></trkseg>
<trkseg><trkpt lat="35.791948" lon="127.162003"/><trkpt lat="35.791834" lon="127.162036"/><trkpt lat="35.791796" lon="127.162051"/><trkpt lat="35.791763" lon="127.162072"/><trkpt lat="35.791718" lon="127.162124"/><trkpt lat="35.791686" lon="127.162148"/><trkpt lat="35.791651" lon="127.162166"/><trkpt lat="35.791516" lon="127.162226"/><trkpt lat="35.791468" lon="127.162251"/><trkpt lat="35.791435" lon="127.162274"/><trkpt lat="35.791385" lon="127.162316"/><trkpt lat="35.791321" lon="127.162372"/></trkseg>
<trkseg><trkpt lat="35.791948" lon="127.162003"/><trkpt lat="35.79194" lon="127.162057"/><trkpt lat="35.791933" lon="127.162116"/><trkpt lat="35.791934" lon="127.162167"/><trkpt lat="35.791946" lon="127.162211"/><trkpt lat="35.791969" lon="127.162267"/><trkpt lat="35.79204" lon="127.162419"/><trkpt lat="35.792062" lon="127.162457"/><trkpt lat="35.79209" lon="127.16249"/><trkpt lat="35.792133" lon="127.162526"/><trkpt lat="35.792371" lon="127.162704"/><trkpt lat="35.792415" lon="127.16274"/><trkpt lat="35.792444" lon="127.162772"/><trkpt lat="35.79247" lon="127.162808"/><trkpt lat="35.792587" lon="127.163004"/><trkpt lat="35.792665" lon="127.163134"/></trkseg>
<trkseg><trkpt lat="35.779721" lon="127.155243"/><trkpt lat="35.779739" lon="127.155186"/><trkpt lat="35.779754" lon="127.155152"/><trkpt lat="35.779771" lon="127.155131"/><trkpt lat="35.779799" lon="127.155107"/><trkpt lat="35.779836" lon="127.155083"/><trkpt lat="35.77986" lon="127.155073"/><trkpt lat="35.779885" lon="127.15507"/><trkpt lat="35.78002" lon="127.155081"/><trkpt lat="35.780099" lon="127.155089"/></trkseg>
<trkseg><trkpt lat="35.795221" lon="127.155386"/><trkpt lat="35.794709" lon="127.155872"/><trkpt lat="35.794678" lon="127.155905"/><trkpt lat="35.794652" lon="127.15594"/><trkpt lat="35.794613" lon="127.156004"/><trkpt lat="35.794569" lon="127.156083"/><trkpt lat="35.794543" lon="127.156137"/><trkpt lat="35.794527" lon="127.156182"/><trkpt lat="35.794441" lon="127.156492"/><trkpt lat="35.7942" lon="127.157362"/><trkpt lat="35.794181" lon="127.157423"/><trkpt lat="35.794135" lon="127.157541"/><trkpt lat="35.793877" lon="127.158172"/><trkpt lat="35.793857" lon="127.158232"/><trkpt lat="35.793844" lon="127.158294"/><trkpt lat="35.793814" lon="127.158503"/><trkpt lat="35.793805" lon="127.15855"/><trkpt lat="35.79379" lon="127.158595"/><trkpt lat="35.793753" lon="127.158681"/><trkpt lat="35.793513" lon="127.159192"/><trkpt lat="35.793485" lon="127.159248"/><trkpt lat="35.793437" lon="127.159326"/><trkpt lat="35.793337" lon="127.159479"/><trkpt lat="35.793315" lon="127.159519"/><trkpt lat="35.79329" lon="127.159576"/><trkpt lat="35.79322" lon="127.159769"/><trkpt lat="35.793181" lon="127.159872"/><trkpt lat="35.793161" lon="127.159914"/><trkpt lat="35.793138" lon="127.159954"/><trkpt lat="35.79291" lon="127.160299"/><trkpt lat="35.792869" lon="127.160364"/><trkpt lat="35.792847" lon="127.160405"/><trkpt lat="35.79283" lon="127.160449"/><trkpt lat="35.792765" lon="127.160663"/><trkpt lat="35.792696" lon="127.160894"/><trkpt lat="35.792683" lon="127.160957"/><trkpt lat="35.792583" lon="127.161552"/><trkpt lat="35.792571" lon="127.161616"/><trkpt lat="35.792558" lon="127.161662"/><trkpt lat="35.792541" lon="127.161701"/><trkpt lat="35.79252" lon="127.161738"/><trkpt lat="35.792495" lon="127.161771"/><trkpt lat="35.792466" lon="127.161798"/><trkpt lat="35.792432" lon="127.161821"/><trkpt lat="35.792397" lon="127.16184"/><trkpt lat="35.79236" lon="127.161856"/><trkpt lat="35.791948" lon="127.162003"/></trkseg>
<trkseg><trkpt lat="35.791321" lon="127.162372"/><trkpt lat="35.791514" lon="127.162439"/><trkpt lat="35.791551" lon="127.162455"/><trkpt lat="35.791586" lon="127.162478"/><trkpt lat="35.791616" lon="127.162507"/><trkpt lat="35.791704" lon="127.162605"/><trkpt lat="35.791735" lon="127.162635"/><trkpt lat="35.791768" lon="127.162659"/><trkpt lat="35.791814" lon="127.162685"/><trkpt lat="35.79192" lon="127.16274"/><trkpt lat="35.791953" lon="127.162763"/><trkpt lat="35.792022" lon="127.162829"/><trkpt lat="35.792053" lon="127.162855"/><trkpt lat="35.792088" lon="127.162876"/><trkpt lat="35.79215" lon="127.162906"/><trkpt lat="35.792665" lon="127.163134"/></trkseg>
<trkseg><trkpt lat="35.781097" lon="127.155289"/><trkpt lat="35.781122" lon="127.155357"/><trkpt lat="35.781137" lon="127.155411"/><trkpt lat="35.78114" lon="127.155456"/><trkpt lat="35.781132" lon="127.155499"/><trkpt lat="35.781117" lon="127.155564"/><trkpt lat="35.781118" lon="127.155586"/><trkpt lat="35.781136" lon="127.155583"/><trkpt lat="35.781174" lon="127.155559"/><trkpt lat="35.7813" lon="127.155466"/><trkpt lat="35.781334" lon="127.155432"/><trkpt lat="35.781362" lon="127.15539"/><trkpt lat="35.781377" lon="127.155358"/></trkseg>
<trkseg><trkpt lat="35.781097" lon="127.155289"/><trkpt lat="35.781178" lon="127.155314"/><trkpt lat="35.781196" lon="127.155316"/><trkpt lat="35.781213" lon="127.155311"/><trkpt lat="35.781257" lon="127.155282"/><trkpt lat="35.781273" lon="127.155273"/><trkpt lat="35.781289" lon="127.155273"/><trkpt lat="35.781304" lon="127.155282"/><trkpt lat="35.781377" lon="127.155358"/></trkseg>
<trkseg><trkpt lat="35.795707" lon="127.154774"/><trkpt lat="35.795512" lon="127.15502"/></trkseg>
<trkseg><trkpt lat="35.795512" lon="127.15502"/><trkpt lat="35.795221" lon="127.155386"/></trkseg>
<trkseg><trkpt lat="35.800834" lon="127.160152"/><trkpt lat="35.80104" lon="127.159432"/></trkseg>
<trkseg><trkpt lat="35.791272" lon="127.16249"/><trkpt lat="35.791321" lon="127.162372"/></trkseg>
<trkseg><trkpt lat="35.783313" lon="127.151313"/><trkpt lat="35.782646" lon="127.151707"/><trkpt lat="35.782611" lon="127.151731"/><trkpt lat="35.78258" lon="127.15176"/><trkpt lat="35.782541" lon="127.151804"/><trkpt lat="35.782418" lon="127.151953"/><trkpt lat="35.78238" lon="127.151997"/><trkpt lat="35.782349" lon="127.152026"/><trkpt lat="35.782293" lon="127.152067"/><trkpt lat="35.782236" lon="127.152102"/><trkpt lat="35.782199" lon="127.152118"/><trkpt lat="35.782147" lon="127.152131"/><trkpt lat="35.781657" lon="127.152225"/></trkseg>
<trkseg><trkpt lat="35.783718" lon="127.151085"/><trkpt lat="35.783534" lon="127.151258"/><trkpt lat="35.783504" lon="127.151284"/><trkpt lat="35.78348" lon="127.151297"/><trkpt lat="35.783446" lon="127.151304"/><trkpt lat="35.783313" lon="127.151313"/></trkseg>
<trkseg><trkpt lat="35.783718" lon="127.151085"/><trkpt lat="35.783541" lon="127.151119"/><trkpt lat="35.783515" lon="127.151127"/><trkpt lat="35.783492" lon="127.151142"/><trkpt lat="35.783462" lon="127.151167"/><trkpt lat="35.783313" lon="127.151313"/></trkseg>
<trkseg><trkpt lat="35.784495" lon="127.150415"/><trkpt lat="35.784329" lon="127.150478"/><trkpt lat="35.784293" lon="127.150496"/><trkpt lat="35.784259" lon="127.150521"/><trkpt lat="35.784228" lon="127.150551"/><trkpt lat="35.783718" lon="127.151085"/></trkseg>
<trkseg><trkpt lat="35.779721" lon="127.155243"/><trkpt lat="35.779983" lon="127.155471"/></trkseg>
<trkseg><trkpt lat="35.781143" lon="127.152391"/><trkpt lat="35.781137" lon="127.15233"/><trkpt lat="35.781134" lon="127.152284"/><trkpt lat="35.781138" lon="127.152249"/><trkpt lat="35.781151" lon="127.152219"/><trkpt lat="35.781174" lon="127.152181"/><trkpt lat="35.781375" lon="127.151885"/></trkseg>
<trkseg><trkpt lat="35.781375" lon="127.151885"/><trkpt lat="35.781657" lon="127.152225"/></trkseg>
<trkseg><trkpt lat="35.781586" lon="127.152338"/><trkpt lat="35.781143" lon="127.152391"/></trkseg>
<trkseg><trkpt lat="35.781586" lon="127.152338"/><trkpt lat="35.781509" lon="127.15242"/><trkpt lat="35.781485" lon="127.152441"/><trkpt lat="35.781459" lon="127.152455"/><trkpt lat="35.781413" lon="127.152464"/><trkpt lat="35.781388" lon="127.152471"/><trkpt lat="35.781362" lon="127.152492"/><trkpt lat="35.781341" lon="127.152499"/><trkpt lat="35.781314" lon="127.152496"/><trkpt lat="35.781266" lon="127.152483"/><trkpt lat="35.781227" lon="127.152468"/><trkpt lat="35.781194" lon="127.152446"/><trkpt lat="35.781163" lon="127.152414"/><trkpt lat="35.781143" lon="127.152391"/></trkseg>
<trkseg><trkpt lat="35.781657" lon="127.152225"/><trkpt lat="35.781586" lon="127.152338"/></trkseg>
<trkseg><trkpt lat="35.772155" lon="127.179207"/><trkpt lat="35.772563" lon="127.178934"/><trkpt lat="35.77261" lon="127.178902"/><trkpt lat="35.772641" lon="127.178875"/><trkpt lat="35.772666" lon="127.17884"/><trkpt lat="35.772684" lon="127.1788"/><trkpt lat="35.772694" lon="127.178758"/><trkpt lat="35.77269" lon="127.178715"/><trkpt lat="35.772677" lon="127.178672"/><trkpt lat="35.772651" lon="127.178602"/><trkpt lat="35.772644" lon="127.178561"/><trkpt lat="35.77265" lon="127.178523"/><trkpt lat="35.772654" lon="127.178468"/><trkpt lat="35.772658" lon="127.178426"/><trkpt lat="35.772672" lon="127.178384"/><trkpt lat="35.772697" lon="127.178328"/><trkpt lat="35.772757" lon="127.178204"/><trkpt lat="35.772779" lon="127.178166"/><trkpt lat="35.772805" lon="127.178136"/><trkpt lat="35.772837" lon="127.178121"/><trkpt lat="35.772896" lon="127.178108"/><trkpt lat="35.772931" lon="127.178098"/><trkpt lat="35.772971" lon="127.178076"/><trkpt lat="35.773001" lon="127.178064"/><trkpt lat="35.773062" lon="127.178062"/><trkpt lat="35.773097" lon="127.17805"/><trkpt lat="35.773142" lon="127.178024"/><trkpt lat="35.773177" lon="127.178012"/><trkpt lat="35.773215" lon="127.178012"/><trkpt lat="35.773279" lon="127.178018"/><trkpt lat="35.773315" lon="127.178012"/><trkpt lat="35.773344" lon="127.177992"/><trkpt lat="35.773384" lon="127.177959"/><trkpt lat="35.773419" lon="127.177941"/><trkpt lat="35.773533" lon="127.177896"/><trkpt lat="35.773583" lon="127.177875"/><trkpt lat="35.773617" lon="127.177852"/><trkpt lat="35.773646" lon="127.177823"/><trkpt lat="35.773691" lon="127.177767"/><trkpt lat="35.773716" lon="127.17773"/><trkpt lat="35.77376" lon="127.177654"/><trkpt lat="35.773786" lon="127.177601"/><trkpt lat="35.773799" lon="127.17756"/><trkpt lat="35.773803" lon="127.177513"/><trkpt lat="35.773801" lon="127.177465"/><trkpt lat="35.77379" lon="127.177334"/><trkpt lat="35.773789" lon="127.177286"/><trkpt lat="35.773795" lon="127.177241"/><trkpt lat="35.773808" lon="127.177201"/><trkpt lat="35.773828" lon="127.177164"/><trkpt lat="35.773877" lon="127.17711"/><trkpt lat="35.773905" lon="127.177077"/><trkpt lat="35.773927" lon="127.177039"/><trkpt lat="35.773959" lon="127.176953"/><trkpt lat="35.773977" lon="127.176912"/><trkpt lat="35.774002" lon="127.176874"/><trkpt lat="35.774058" lon="127.176805"/><trkpt lat="35.774085" lon="127.176769"/><trkpt lat="35.774108" lon="127.17673"/><trkpt lat="35.774256" lon="127.176418"/><trkpt lat="35.774422" lon="127.176063"/><trkpt lat="35.774449" lon="127.17599"/><trkpt lat="35.774478" lon="127.175901"/><trkpt lat="35.774494" lon="127.17584"/><trkpt lat="35.7745" lon="127.175793"/><trkpt lat="35.774501" lon="127.175744"/><trkpt lat="35.774499" lon="127.175613"/><trkpt lat="35.7745" lon="127.175567"/><trkpt lat="35.774507" lon="127.175528"/><trkpt lat="35.77453" lon="127.175506"/><trkpt lat="35.774564" lon="127.175498"/><trkpt lat="35.774671" lon="127.175494"/><trkpt lat="35.774738" lon="127.17549"/><trkpt lat="35.774777" lon="127.175482"/><trkpt lat="35.774813" lon="127.175464"/><trkpt lat="35.774859" lon="127.175433"/><trkpt lat="35.775269" lon="127.175131"/><trkpt lat="35.775316" lon="127.175101"/><trkpt lat="35.775353" lon="127.175086"/><trkpt lat="35.775392" lon="127.175076"/><trkpt lat="35.775774" lon="127.174998"/><trkpt lat="35.775826" lon="127.174985"/><trkpt lat="35.775864" lon="127.174971"/><trkpt lat="35.77591" lon="127.174946"/><trkpt lat="35.77599" lon="127.174899"/><trkpt lat="35.776025" lon="127.174884"/><trkpt lat="35.776062" lon="127.174878"/><trkpt lat="35.776102" lon="127.17488"/><trkpt lat="35.776249" lon="127.174904"/><trkpt lat="35.776315" lon="127.174913"/><trkpt lat="35.776354" lon="127.174913"/><trkpt lat="35.776391" lon="127.174902"/><trkpt lat="35.776425" lon="127.174882"/><trkpt lat="35.77647" lon="127.174849"/><trkpt lat="35.776502" lon="127.174821"/><trkpt lat="35.776531" lon="127.174788"/><trkpt lat="35.776584" lon="127.174712"/><trkpt lat="35.776619" lon="127.174663"/><trkpt lat="35.776648" lon="127.174631"/><trkpt lat="35.776682" lon="127.174608"/><trkpt lat="35.776755" lon="127.174575"/><trkpt lat="35.776917" lon="127.174507"/><trkpt lat="35.776953" lon="127.174489"/><trkpt lat="35.776986" lon="127.174465"/><trkpt lat="35.777017" lon="127.174435"/><trkpt lat="35.777076" lon="127.174371"/><trkpt lat="35.777108" lon="127.174345"/><trkpt lat="35.777144" lon="127.174328"/><trkpt lat="35.777219" lon="127.174305"/><trkpt lat="35.777269" lon="127.174288"/><trkpt lat="35.777303" lon="127.174269"/><trkpt lat="35.777343" lon="127.174233"/><trkpt lat="35.777373" lon="127.174209"/><trkpt lat="35.77741" lon="127.174193"/><trkpt lat="35.777475" lon="127.174178"/><trkpt lat="35.777755" lon="127.174128"/><trkpt lat="35.777808" lon="127.174117"/><trkpt lat="35.777845" lon="127.174103"/><trkpt lat="35.777881" lon="127.174085"/><trkpt lat="35.778008" lon="127.17401"/><trkpt lat="35.778056" lon="127.173985"/><trkpt lat="35.778132" lon="127.173957"/><trkpt lat="35.778482" lon="127.173842"/></trkseg>
<trkseg><trkpt lat="35.772155" lon="127.179207"/><trkpt lat="35.772172" lon="127.17924"/><trkpt lat="35.772189" lon="127.179292"/><trkpt lat="35.772191" lon="127.179349"/><trkpt lat="35.772179" lon="127.179412"/><trkpt lat="35.772104" lon="127.179747"/><trkpt lat="35.772088" lon="127.179809"/><trkpt lat="35.77207" lon="127.179852"/><trkpt lat="35.772047" lon="127.179892"/><trkpt lat="35.771943" lon="127.180044"/><trkpt lat="35.771839" lon="127.180195"/><trkpt lat="35.771817" lon="127.180234"/><trkpt lat="35.771806" lon="127.180276"/><trkpt lat="35.771809" lon="127.180319"/><trkpt lat="35.771819" lon="127.180379"/><trkpt lat="35.771837" lon="127.180455"/><trkpt lat="35.77185" lon="127.180498"/><trkpt lat="35.771869" lon="127.180539"/><trkpt lat="35.771894" lon="127.180577"/><trkpt lat="35.771999" lon="127.180724"/><trkpt lat="35.772031" lon="127.180775"/><trkpt lat="35.772052" lon="127.180817"/><trkpt lat="35.772187" lon="127.18112"/><trkpt lat="35.772223" lon="127.181207"/><trkpt lat="35.772238" lon="127.181252"/><trkpt lat="35.772262" lon="127.181362"/><trkpt lat="35.772273" lon="127.181408"/><trkpt lat="35.772289" lon="127.181451"/><trkpt lat="35.772316" lon="127.181506"/><trkpt lat="35.772508" lon="127.181855"/><trkpt lat="35.772534" lon="127.18191"/><trkpt lat="35.772548" lon="127.181954"/><trkpt lat="35.772555" lon="127.182002"/><trkpt lat="35.772574" lon="127.182265"/><trkpt lat="35.772611" lon="127.182807"/><trkpt lat="35.772619" lon="127.182872"/><trkpt lat="35.772629" lon="127.182918"/><trkpt lat="35.772654" lon="127.182994"/><trkpt lat="35.772715" lon="127.183157"/><trkpt lat="35.772735" lon="127.183199"/><trkpt lat="35.772759" lon="127.183235"/><trkpt lat="35.772785" lon="127.183266"/><trkpt lat="35.772814" lon="127.183293"/><trkpt lat="35.772848" lon="127.183312"/><trkpt lat="35.772885" lon="127.183323"/><trkpt lat="35.773119" lon="127.183369"/><trkpt lat="35.773197" lon="127.183382"/><trkpt lat="35.773236" lon="127.183385"/><trkpt lat="35.773315" lon="127.183378"/><trkpt lat="35.774047" lon="127.183286"/><trkpt lat="35.774113" lon="127.183281"/><trkpt lat="35.774152" lon="127.183284"/><trkpt lat="35.774203" lon="127.1833"/><trkpt lat="35.774315" lon="127.183344"/><trkpt lat="35.774364" lon="127.183365"/><trkpt lat="35.774399" lon="127.183385"/><trkpt lat="35.774428" lon="127.183411"/><trkpt lat="35.774472" lon="127.183458"/><trkpt lat="35.774502" lon="127.183475"/><trkpt lat="35.774538" lon="127.183476"/><trkpt lat="35.774576" lon="127.183471"/><trkpt lat="35.77472" lon="127.183441"/><trkpt lat="35.774758" lon="127.18343"/><trkpt lat="35.774792" lon="127.183412"/><trkpt lat="35.77482" lon="127.183383"/><trkpt lat="35.774865" lon="127.183327"/><trkpt lat="35.774898" lon="127.183301"/><trkpt lat="35.774957" lon="127.183264"/><trkpt lat="35.775066" lon="127.183201"/><trkpt lat="35.7751" lon="127.183176"/><trkpt lat="35.775131" lon="127.183146"/><trkpt lat="35.775235" lon="127.183022"/><trkpt lat="35.77528" lon="127.182965"/><trkpt lat="35.775302" lon="127.182927"/><trkpt lat="35.775315" lon="127.182885"/><trkpt lat="35.775319" lon="127.182839"/><trkpt lat="35.775322" lon="127.182743"/><trkpt lat="35.775319" lon="127.182681"/><trkpt lat="35.77531" lon="127.182638"/><trkpt lat="35.775289" lon="127.182604"/><trkpt lat="35.775243" lon="127.182554"/><trkpt lat="35.775217" lon="127.182522"/><trkpt lat="35.7752" lon="127.182482"/><trkpt lat="35.77519" lon="127.182437"/><trkpt lat="35.775159" lon="127.182213"/><trkpt lat="35.775145" lon="127.182118"/><trkpt lat="35.775135" lon="127.182071"/><trkpt lat="35.77512" lon="127.18203"/><trkpt lat="35.775096" lon="127.181981"/><trkpt lat="35.775083" lon="127.181942"/><trkpt lat="35.775082" lon="127.181897"/><trkpt lat="35.775089" lon="127.181855"/><trkpt lat="35.775109" lon="127.181826"/><trkpt lat="35.775142" lon="127.181813"/><trkpt lat="35.775194" lon="127.181807"/><trkpt lat="35.77542" lon="127.18179"/><trkpt lat="35.775473" lon="127.181783"/><trkpt lat="35.775537" lon="127.181764"/><trkpt lat="35.775869" lon="127.181649"/><trkpt lat="35.775958" lon="127.181615"/><trkpt lat="35.775995" lon="127.181596"/><trkpt lat="35.776057" lon="127.181549"/><trkpt lat="35.776086" lon="127.18153"/><trkpt lat="35.776117" lon="127.181527"/><trkpt lat="35.776148" lon="127.181545"/><trkpt lat="35.77618" lon="127.181573"/><trkpt lat="35.776349" lon="127.181739"/><trkpt lat="35.776635" lon="127.182014"/><trkpt lat="35.776675" lon="127.182058"/><trkpt lat="35.77674" lon="127.182141"/><trkpt lat="35.776997" lon="127.18248"/></trkseg>
<trkseg><trkpt lat="35.78137" lon="127.17108"/><trkpt lat="35.781026" lon="127.170878"/><trkpt lat="35.780978" lon="127.170853"/><trkpt lat="35.78094" lon="127.170841"/><trkpt lat="35.780901" lon="127.170835"/><trkpt lat="35.780664" lon="127.170821"/><trkpt lat="35.780439" lon="127.170809"/></trkseg>
<trkseg><trkpt lat="35.778482" lon="127.173842"/><trkpt lat="35.778551" lon="127.173796"/><trkpt lat="35.778592" lon="127.173764"/><trkpt lat="35.778623" lon="127.173733"/><trkpt lat="35.778808" lon="127.173516"/><trkpt lat="35.779022" lon="127.173265"/><trkpt lat="35.779049" lon="127.173228"/><trkpt lat="35.779079" lon="127.173175"/><trkpt lat="35.779229" lon="127.172868"/><trkpt lat="35.779268" lon="127.172783"/><trkpt lat="35.779289" lon="127.172723"/><trkpt lat="35.779437" lon="127.172192"/><trkpt lat="35.779457" lon="127.172131"/><trkpt lat="35.779476" lon="127.172088"/><trkpt lat="35.779528" lon="127.171992"/><trkpt lat="35.779622" lon="127.171831"/></trkseg>
<trkseg><trkpt lat="35.781911" lon="127.164556"/><trkpt lat="35.781798" lon="127.164322"/><trkpt lat="35.781781" lon="127.16428"/><trkpt lat="35.781753" lon="127.164188"/><trkpt lat="35.781638" lon="127.163769"/><trkpt lat="35.781627" lon="127.163722"/><trkpt lat="35.781622" lon="127.163675"/><trkpt lat="35.781624" lon="127.163628"/><trkpt lat="35.781634" lon="127.16355"/><trkpt lat="35.781644" lon="127.163505"/><trkpt lat="35.78166" lon="127.163462"/><trkpt lat="35.781682" lon="127.163421"/><trkpt lat="35.781849" lon="127.163146"/><trkpt lat="35.781953" lon="127.162975"/><trkpt lat="35.781987" lon="127.162925"/><trkpt lat="35.782015" lon="127.162892"/><trkpt lat="35.782156" lon="127.162744"/><trkpt lat="35.782297" lon="127.162597"/><trkpt lat="35.782329" lon="127.162569"/><trkpt lat="35.782363" lon="127.162544"/><trkpt lat="35.782411" lon="127.162518"/><trkpt lat="35.782815" lon="127.162315"/><trkpt lat="35.782875" lon="127.162281"/><trkpt lat="35.782908" lon="127.162255"/><trkpt lat="35.78296" lon="127.162206"/><trkpt lat="35.783165" lon="127.161999"/><trkpt lat="35.783204" lon="127.161956"/><trkpt lat="35.783227" lon="127.16192"/><trkpt lat="35.783241" lon="127.161876"/><trkpt lat="35.783253" lon="127.161814"/><trkpt lat="35.783269" lon="127.161769"/><trkpt lat="35.783299" lon="127.161724"/><trkpt lat="35.783342" lon="127.161674"/></trkseg>
<trkseg><trkpt lat="35.779916" lon="127.152095"/><trkpt lat="35.779593" lon="127.152556"/><trkpt lat="35.779556" lon="127.152604"/><trkpt lat="35.779517" lon="127.152647"/><trkpt lat="35.77933" lon="127.15283"/><trkpt lat="35.779269" lon="127.152892"/><trkpt lat="35.779241" lon="127.152926"/><trkpt lat="35.779218" lon="127.152964"/><trkpt lat="35.779188" lon="127.153033"/><trkpt lat="35.779168" lon="127.153072"/><trkpt lat="35.779143" lon="127.153109"/><trkpt lat="35.779088" lon="127.153178"/><trkpt lat="35.778996" lon="127.153291"/></trkseg>
<trkseg><trkpt lat="35.773146" lon="127.148969"/><trkpt lat="35.773351" lon="127.149148"/><trkpt lat="35.773385" lon="127.149173"/><trkpt lat="35.773421" lon="127.149193"/><trkpt lat="35.773496" lon="127.149224"/><trkpt lat="35.77375" lon="127.149321"/><trkpt lat="35.7738" lon="127.149344"/><trkpt lat="35.774115" lon="127.149522"/><trkpt lat="35.774175" lon="127.149559"/><trkpt lat="35.774212" lon="127.149597"/><trkpt lat="35.774238" lon="127.14964"/><trkpt lat="35.774251" lon="127.149671"/></trkseg>
<trkseg><trkpt lat="35.778823" lon="127.153384"/><trkpt lat="35.778686" lon="127.153401"/><trkpt lat="35.778664" lon="127.153401"/><trkpt lat="35.778634" lon="127.153394"/><trkpt lat="35.778548" lon="127.153363"/><trkpt lat="35.778519" lon="127.153357"/><trkpt lat="35.778494" lon="127.153363"/><trkpt lat="35.778468" lon="127.153377"/><trkpt lat="35.778451" lon="127.153388"/></trkseg>
<trkseg><trkpt lat="35.778823" lon="127.153384"/><trkpt lat="35.778952" lon="127.153592"/></trkseg>
<trkseg><trkpt lat="35.778996" lon="127.153291"/><trkpt lat="35.778823" lon="127.153384"/></trkseg>
<trkseg><trkpt lat="35.778996" lon="127.153291"/><trkpt lat="35.778952" lon="127.153592"/></trkseg>
<trkseg><trkpt lat="35.779622" lon="127.171831"/><trkpt lat="35.779931" lon="127.171444"/><trkpt lat="35.779957" lon="127.171407"/><trkpt lat="35.77998" lon="127.171368"/><trkpt lat="35.780007" lon="127.171295"/><trkpt lat="35.780024" lon="127.171253"/><trkpt lat="35.780049" lon="127.17122"/><trkpt lat="35.780082" lon="127.171195"/><trkpt lat="35.780129" lon="127.171165"/><trkpt lat="35.78031" lon="127.171057"/><trkpt lat="35.780342" lon="127.171031"/><trkpt lat="35.780367" lon="127.170997"/><trkpt lat="35.780386" lon="127.170956"/><trkpt lat="35.780436" lon="127.170819"/><trkpt lat="35.780439" lon="127.170809"/></trkseg>
<trkseg><trkpt lat="35.77945" lon="127.171899"/><trkpt lat="35.779622" lon="127.171831"/></trkseg>
<trkseg><trkpt lat="35.776997" lon="127.18248"/><trkpt lat="35.777087" lon="127.18269"/><trkpt lat="35.777107" lon="127.182731"/><trkpt lat="35.777146" lon="127.182796"/><trkpt lat="35.777414" lon="127.1832"/><trkpt lat="35.777454" lon="127.183265"/><trkpt lat="35.777483" lon="127.183321"/><trkpt lat="35.777701" lon="127.183792"/><trkpt lat="35.777742" lon="127.183876"/><trkpt lat="35.777767" lon="127.183914"/><trkpt lat="35.777805" lon="127.183958"/><trkpt lat="35.777989" lon="127.184145"/><trkpt lat="35.778021" lon="127.184173"/><trkpt lat="35.778054" lon="127.184196"/><trkpt lat="35.778148" lon="127.184243"/><trkpt lat="35.778182" lon="127.184263"/><trkpt lat="35.778212" lon="127.184289"/><trkpt lat="35.778238" lon="127.184325"/><trkpt lat="35.778277" lon="127.18439"/><trkpt lat="35.77849" lon="127.184763"/><trkpt lat="35.778514" lon="127.184801"/><trkpt lat="35.778542" lon="127.184834"/><trkpt lat="35.778575" lon="127.184861"/><trkpt lat="35.778704" lon="127.184949"/><trkpt lat="35.778773" lon="127.184999"/><trkpt lat="35.778805" lon="127.185028"/><trkpt lat="35.778833" lon="127.185061"/><trkpt lat="35.778938" lon="127.185201"/><trkpt lat="35.778975" lon="127.185245"/><trkpt lat="35.779006" lon="127.185275"/><trkpt lat="35.77905" lon="127.18531"/><trkpt lat="35.779241" lon="127.185454"/></trkseg>
<trkseg><trkpt lat="35.759577" lon="127.146454"/><trkpt lat="35.759347" lon="127.146658"/><trkpt lat="35.759302" lon="127.146693"/><trkpt lat="35.759266" lon="127.146709"/><trkpt lat="35.759228" lon="127.146715"/><trkpt lat="35.759123" lon="127.146717"/><trkpt lat="35.759085" lon="127.146721"/><trkpt lat="35.759049" lon="127.146734"/><trkpt lat="35.759016" lon="127.146758"/><trkpt lat="35.758962" lon="127.146806"/><trkpt lat="35.758541" lon="127.147206"/><trkpt lat="35.758498" lon="127.147244"/><trkpt lat="35.758464" lon="127.147268"/><trkpt lat="35.758429" lon="127.147287"/><trkpt lat="35.758281" lon="127.147354"/><trkpt lat="35.758248" lon="127.147375"/><trkpt lat="35.75822" lon="127.147404"/><trkpt lat="35.758202" lon="127.147444"/><trkpt lat="35.758177" lon="127.14752"/><trkpt lat="35.758093" lon="127.147799"/><trkpt lat="35.758037" lon="127.147984"/><trkpt lat="35.758027" lon="127.148032"/><trkpt lat="35.758025" lon="127.148077"/><trkpt lat="35.758027" lon="127.148122"/><trkpt lat="35.758033" lon="127.148166"/><trkpt lat="35.758047" lon="127.14821"/><trkpt lat="35.758074" lon="127.148281"/><trkpt lat="35.758083" lon="127.148326"/><trkpt lat="35.758083" lon="127.148374"/><trkpt lat="35.758078" lon="127.148422"/><trkpt lat="35.758069" lon="127.148468"/><trkpt lat="35.758051" lon="127.148509"/><trkpt lat="35.758017" lon="127.148559"/><trkpt lat="35.757841" lon="127.148784"/><trkpt lat="35.757785" lon="127.148854"/><trkpt lat="35.757755" lon="127.148885"/><trkpt lat="35.757711" lon="127.148922"/><trkpt lat="35.757609" lon="127.148999"/><trkpt lat="35.757562" lon="127.14903"/><trkpt lat="35.757527" lon="127.149044"/><trkpt lat="35.757494" lon="127.149044"/><trkpt lat="35.757467" lon="127.149031"/><trkpt lat="35.757451" lon="127.148997"/><trkpt lat="35.757442" lon="127.148952"/><trkpt lat="35.757428" lon="127.148871"/><trkpt lat="35.757415" lon="127.148826"/><trkpt lat="35.75739" lon="127.148768"/><trkpt lat="35.757345" lon="127.148668"/><trkpt lat="35.75733" lon="127.148623"/><trkpt lat="35.75732" lon="127.148576"/><trkpt lat="35.757267" lon="127.148271"/><trkpt lat="35.757256" lon="127.148191"/><trkpt lat="35.757254" lon="127.148143"/><trkpt lat="35.75726" lon="127.148095"/><trkpt lat="35.75728" lon="127.148017"/><trkpt lat="35.757372" lon="127.147687"/><trkpt lat="35.757383" lon="127.147639"/><trkpt lat="35.757391" lon="127.147576"/><trkpt lat="35.757396" lon="127.147496"/><trkpt lat="35.757396" lon="127.147449"/><trkpt lat="35.757387" lon="127.147405"/><trkpt lat="35.757369" lon="127.147365"/><trkpt lat="35.75733" lon="127.1473"/><trkpt lat="35.75728" lon="127.147224"/><trkpt lat="35.757254" lon="127.147189"/><trkpt lat="35.757224" lon="127.147162"/><trkpt lat="35.75719" lon="127.147144"/><trkpt lat="35.757118" lon="127.147115"/><trkpt lat="35.757085" lon="127.147098"/><trkpt lat="35.757056" lon="127.147072"/><trkpt lat="35.757013" lon="127.147022"/><trkpt lat="35.756983" lon="127.147004"/><trkpt lat="35.756949" lon="127.146993"/><trkpt lat="35.756911" lon="127.14699"/><trkpt lat="35.756871" lon="127.146994"/><trkpt lat="35.756591" lon="127.147043"/><trkpt lat="35.756524" lon="127.147051"/><trkpt lat="35.756484" lon="127.147049"/><trkpt lat="35.756203" lon="127.147001"/><trkpt lat="35.755027" lon="127.146793"/><trkpt lat="35.754973" lon="127.146787"/><trkpt lat="35.754919" lon="127.146788"/><trkpt lat="35.754556" lon="127.146821"/><trkpt lat="35.754502" lon="127.146824"/><trkpt lat="35.754462" lon="127.146823"/><trkpt lat="35.754396" lon="127.146812"/><trkpt lat="35.754199" lon="127.146771"/><trkpt lat="35.754121" lon="127.146759"/><trkpt lat="35.754082" lon="127.146758"/><trkpt lat="35.754037" lon="127.146765"/><trkpt lat="35.754002" lon="127.146761"/><trkpt lat="35.753965" lon="127.146746"/><trkpt lat="35.753904" lon="127.146714"/><trkpt lat="35.753526" lon="127.146504"/><trkpt lat="35.753477" lon="127.146479"/><trkpt lat="35.753439" lon="127.146466"/><trkpt lat="35.7534" lon="127.146457"/><trkpt lat="35.753159" lon="127.146425"/><trkpt lat="35.753039" lon="127.146407"/><trkpt lat="35.752948" lon="127.146384"/><trkpt lat="35.752491" lon="127.146258"/><trkpt lat="35.752452" lon="127.146253"/><trkpt lat="35.752337" lon="127.146255"/><trkpt lat="35.752299" lon="127.146254"/><trkpt lat="35.752263" lon="127.146245"/><trkpt lat="35.752232" lon="127.146223"/><trkpt lat="35.752175" lon="127.146163"/><trkpt lat="35.752145" lon="127.146135"/><trkpt lat="35.752112" lon="127.146112"/><trkpt lat="35.752076" lon="127.146095"/><trkpt lat="35.751954" lon="127.146043"/><trkpt lat="35.751919" lon="127.146024"/><trkpt lat="35.751885" lon="127.145999"/><trkpt lat="35.751842" lon="127.145959"/><trkpt lat="35.751812" lon="127.145927"/><trkpt lat="35.751788" lon="127.14589"/><trkpt lat="35.751771" lon="127.145847"/><trkpt lat="35.751742" lon="127.145754"/><trkpt lat="35.751726" lon="127.145692"/><trkpt lat="35.751717" lon="127.145644"/><trkpt lat="35.751714" lon="127.145596"/><trkpt lat="35.751714" lon="127.145531"/><trkpt lat="35.751725" lon="127.145141"/><trkpt lat="35.751723" lon="127.145077"/><trkpt lat="35.751714" lon="127.145032"/><trkpt lat="35.751698" lon="127.14499"/><trkpt lat="35.751629" lon="127.144855"/><trkpt lat="35.751611" lon="127.144813"/><trkpt lat="35.751598" lon="127.144767"/><trkpt lat="35.751585" lon="127.144705"/><trkpt lat="35.751509" lon="127.144308"/><trkpt lat="35.751497" lon="127.144261"/><trkpt lat="35.751469" lon="127.144173"/><trkpt lat="35.751438" lon="127.144086"/><trkpt lat="35.751419" lon="127.144044"/><trkpt lat="35.751396" lon="127.144004"/><trkpt lat="35.751281" lon="127.143822"/><trkpt lat="35.751234" lon="127.143742"/><trkpt lat="35.751214" lon="127.1437"/><trkpt lat="35.751196" lon="127.143638"/><trkpt lat="35.751149" lon="127.143447"/><trkpt lat="35.751132" lon="127.143385"/><trkpt lat="35.751115" lon="127.143342"/><trkpt lat="35.75109" lon="127.143306"/><trkpt lat="35.751051" lon="127.143261"/><trkpt lat="35.750948" lon="127.143154"/><trkpt lat="35.75092" lon="127.14312"/><trkpt lat="35.750896" lon="127.143082"/><trkpt lat="35.750879" lon="127.143039"/><trkpt lat="35.75087" lon="127.142996"/><trkpt lat="35.750876" lon="127.142957"/><trkpt lat="35.750898" lon="127.142925"/><trkpt lat="35.750928" lon="127.142896"/><trkpt lat="35.751035" lon="127.142801"/><trkpt lat="35.751078" lon="127.142767"/><trkpt lat="35.751112" lon="127.142749"/><trkpt lat="35.751149" lon="127.142744"/><trkpt lat="35.751187" lon="127.142747"/><trkpt lat="35.751356" lon="127.142774"/><trkpt lat="35.751393" lon="127.142775"/><trkpt lat="35.751424" lon="127.142765"/><trkpt lat="35.751445" lon="127.142735"/><trkpt lat="35.75146" lon="127.142694"/><trkpt lat="35.751472" lon="127.142649"/><trkpt lat="35.751479" lon="127.142602"/><trkpt lat="35.751477" lon="127.142557"/><trkpt lat="35.751464" lon="127.142496"/><trkpt lat="35.75144" lon="127.142405"/><trkpt lat="35.751432" lon="127.14236"/><trkpt lat="35.751434" lon="127.142314"/><trkpt lat="35.751443" lon="127.142267"/><trkpt lat="35.751504" lon="127.142034"/><trkpt lat="35.751601" lon="127.141662"/><trkpt lat="35.75161" lon="127.141614"/><trkpt lat="35.751617" lon="127.141566"/><trkpt lat="35.751628" lon="127.141453"/><trkpt lat="35.751636" lon="127.141406"/><trkpt lat="35.751652" lon="127.141363"/><trkpt lat="35.751678" lon="127.141308"/><trkpt lat="35.751729" lon="127.141214"/><trkpt lat="35.751754" lon="127.141177"/><trkpt lat="35.751782" lon="127.141143"/><trkpt lat="35.751902" lon="127.141013"/><trkpt lat="35.751953" lon="127.140962"/><trkpt lat="35.751996" lon="127.140926"/><trkpt lat="35.752074" lon="127.140873"/><trkpt lat="35.752109" lon="127.140854"/><trkpt lat="35.752146" lon="127.140839"/><trkpt lat="35.752223" lon="127.140818"/><trkpt lat="35.752274" lon="127.140806"/><trkpt lat="35.752313" lon="127.140803"/><trkpt lat="35.752351" lon="127.140809"/><trkpt lat="35.752477" lon="127.140846"/><trkpt lat="35.752528" lon="127.14086"/><trkpt lat="35.752567" lon="127.140866"/><trkpt lat="35.75277" lon="127.140876"/><trkpt lat="35.752934" lon="127.140884"/><trkpt lat="35.752971" lon="127.140883"/><trkpt lat="35.753" lon="127.140876"/><trkpt lat="35.753009" lon="127.140852"/><trkpt lat="35.753005" lon="127.140799"/><trkpt lat="35.753004" lon="127.140751"/><trkpt lat="35.753008" lon="127.140669"/><trkpt lat="35.753018" lon="127.14052"/><trkpt lat="35.753024" lon="127.140454"/><trkpt lat="35.753034" lon="127.14039"/><trkpt lat="35.753099" lon="127.140086"/><trkpt lat="35.753166" lon="127.139783"/><trkpt lat="35.753179" lon="127.139736"/><trkpt lat="35.753217" lon="127.139631"/><trkpt lat="35.753553" lon="127.138749"/><trkpt lat="35.75358" lon="127.138674"/><trkpt lat="35.753593" lon="127.138627"/><trkpt lat="35.753607" lon="127.138548"/><trkpt lat="35.753641" lon="127.138306"/><trkpt lat="35.753652" lon="127.138242"/><trkpt lat="35.753667" lon="127.138179"/><trkpt lat="35.753758" lon="127.137856"/><trkpt lat="35.753787" lon="127.137765"/><trkpt lat="35.753804" lon="127.137721"/><trkpt lat="35.753839" lon="127.137649"/><trkpt lat="35.753972" lon="127.137381"/><trkpt lat="35.753989" lon="127.137337"/><trkpt lat="35.753999" lon="127.13729"/><trkpt lat="35.754041" lon="127.136963"/><trkpt lat="35.754081" lon="127.136652"/><trkpt lat="35.754082" lon="127.136604"/><trkpt lat="35.754075" lon="127.136558"/><trkpt lat="35.754057" lon="127.136498"/><trkpt lat="35.754027" lon="127.136409"/><trkpt lat="35.754017" lon="127.136363"/><trkpt lat="35.754007" lon="127.13627"/><trkpt lat="35.753999" lon="127.136176"/><trkpt lat="35.753998" lon="127.136129"/><trkpt lat="35.754003" lon="127.136066"/><trkpt lat="35.754024" lon="127.13591"/><trkpt lat="35.754027" lon="127.135864"/><trkpt lat="35.754023" lon="127.135818"/><trkpt lat="35.754012" lon="127.135775"/><trkpt lat="35.753971" lon="127.13566"/><trkpt lat="35.753947" lon="127.135604"/><trkpt lat="35.753927" lon="127.135568"/><trkpt lat="35.753904" lon="127.135536"/><trkpt lat="35.753877" lon="127.135513"/><trkpt lat="35.753843" lon="127.135501"/><trkpt lat="35.753806" lon="127.135501"/><trkpt lat="35.753767" lon="127.13551"/><trkpt lat="35.753638" lon="127.135558"/><trkpt lat="35.753603" lon="127.135567"/><trkpt lat="35.753575" lon="127.135563"/><trkpt lat="35.753561" lon="127.135541"/><trkpt lat="35.75354" lon="127.135496"/><trkpt lat="35.753502" lon="127.135435"/><trkpt lat="35.753485" lon="127.135397"/><trkpt lat="35.753482" lon="127.135358"/><trkpt lat="35.753491" lon="127.135305"/><trkpt lat="35.753492" lon="127.135274"/><trkpt lat="35.753518" lon="127.134903"/><trkpt lat="35.753757" lon="127.134471"/><trkpt lat="35.753758" lon="127.134181"/><trkpt lat="35.75373" lon="127.133669"/><trkpt lat="35.753861" lon="127.133362"/><trkpt lat="35.753812" lon="127.132897"/><trkpt lat="35.753576" lon="127.132522"/><trkpt lat="35.753019" lon="127.131933"/><trkpt lat="35.752769" lon="127.131623"/><trkpt lat="35.752588" lon="127.131102"/><trkpt lat="35.752576" lon="127.130763"/><trkpt lat="35.752481" lon="127.130362"/><trkpt lat="35.752453" lon="127.129797"/><trkpt lat="35.752492" lon="127.1293"/><trkpt lat="35.752526" lon="127.128507"/><trkpt lat="35.752417" lon="127.127811"/><trkpt lat="35.752338" lon="127.127399"/><trkpt lat="35.752361" lon="127.127255"/><trkpt lat="35.752389" lon="127.127091"/><trkpt lat="35.752247" lon="127.126643"/><trkpt lat="35.752164" lon="127.126073"/><trkpt lat="35.752093" lon="127.125941"/><trkpt lat="35.751816" lon="127.12554"/><trkpt lat="35.751685" lon="127.125533"/><trkpt lat="35.751618" lon="127.125583"/></trkseg>
<trkseg><trkpt lat="35.763271" lon="127.143458"/><trkpt lat="35.763697" lon="127.14342"/><trkpt lat="35.763917" lon="127.143332"/><trkpt lat="35.76412" lon="127.143292"/><trkpt lat="35.76473" lon="127.143228"/><trkpt lat="35.764876" lon="127.143232"/><trkpt lat="35.764907" lon="127.143232"/></trkseg>
<trkseg><trkpt lat="35.764207" lon="127.144334"/><trkpt lat="35.764522" lon="127.144047"/><trkpt lat="35.764811" lon="127.143691"/><trkpt lat="35.764907" lon="127.143232"/></trkseg>
<trkseg><trkpt lat="35.764207" lon="127.144334"/><trkpt lat="35.764253" lon="127.144477"/><trkpt lat="35.764395" lon="127.144641"/><trkpt lat="35.764556" lon="127.14485"/><trkpt lat="35.764686" lon="127.145041"/><trkpt lat="35.764788" lon="127.145152"/><trkpt lat="35.764713" lon="127.145263"/><trkpt lat="35.764482" lon="127.145259"/><trkpt lat="35.764332" lon="127.145219"/><trkpt lat="35.764239" lon="127.145311"/><trkpt lat="35.764256" lon="127.145662"/><trkpt lat="35.764319" lon="127.145893"/><trkpt lat="35.764401" lon="127.146019"/><trkpt lat="35.764401" lon="127.14617"/><trkpt lat="35.764187" lon="127.146547"/><trkpt lat="35.764133" lon="127.146619"/><trkpt lat="35.763743" lon="127.147054"/></trkseg>
<trkseg><trkpt lat="35.764907" lon="127.143232"/><trkpt lat="35.765149" lon="127.143116"/><trkpt lat="35.76527" lon="127.143101"/><trkpt lat="35.765383" lon="127.142969"/><trkpt lat="35.765458" lon="127.142911"/><trkpt lat="35.765533" lon="127.142908"/><trkpt lat="35.765659" lon="127.14285"/><trkpt lat="35.765832" lon="127.142671"/><trkpt lat="35.765967" lon="127.142515"/><trkpt lat="35.766131" lon="127.142383"/><trkpt lat="35.766306" lon="127.142288"/><trkpt lat="35.766447" lon="127.142171"/><trkpt lat="35.766587" lon="127.1421"/><trkpt lat="35.766743" lon="127.142101"/><trkpt lat="35.766931" lon="127.142083"/><trkpt lat="35.767099" lon="127.141929"/><trkpt lat="35.767227" lon="127.141766"/><trkpt lat="35.767403" lon="127.141791"/><trkpt lat="35.767586" lon="127.141721"/><trkpt lat="35.767724" lon="127.141558"/><trkpt lat="35.767837" lon="127.141416"/><trkpt lat="35.767892" lon="127.1413"/><trkpt lat="35.76799" lon="127.14118"/><trkpt lat="35.768071" lon="127.141057"/><trkpt lat="35.768199" lon="127.140956"/><trkpt lat="35.768334" lon="127.14079"/><trkpt lat="35.768523" lon="127.140165"/><trkpt lat="35.768747" lon="127.139664"/><trkpt lat="35.768877" lon="127.139468"/><trkpt lat="35.76896" lon="127.139255"/><trkpt lat="35.769013" lon="127.138994"/><trkpt lat="35.769137" lon="127.138609"/><trkpt lat="35.769185" lon="127.13837"/><trkpt lat="35.769213" lon="127.138123"/><trkpt lat="35.76925" lon="127.137917"/><trkpt lat="35.769333" lon="127.137733"/><trkpt lat="35.769469" lon="127.137582"/><trkpt lat="35.769569" lon="127.137447"/><trkpt lat="35.769835" lon="127.137203"/><trkpt lat="35.76996" lon="127.136945"/><trkpt lat="35.770048" lon="127.136748"/></trkseg>
<trkseg><trkpt lat="35.770048" lon="127.136748"/><trkpt lat="35.770113" lon="127.136542"/><trkpt lat="35.770373" lon="127.136288"/><trkpt lat="35.770483" lon="127.136112"/><trkpt lat="35.770514" lon="127.135913"/><trkpt lat="35.770636" lon="127.135717"/><trkpt lat="35.770779" lon="127.135578"/><trkpt lat="35.77131" lon="127.135017"/><trkpt lat="35.771453" lon="127.134777"/><trkpt lat="35.771506" lon="127.134452"/><trkpt lat="35.771957" lon="127.133727"/><trkpt lat="35.772294" lon="127.133362"/><trkpt lat="35.772774" lon="127.132941"/><trkpt lat="35.772953" lon="127.132409"/><trkpt lat="35.773075" lon="127.132049"/><trkpt lat="35.773471" lon="127.131728"/><trkpt lat="35.773527" lon="127.130997"/><trkpt lat="35.773613" lon="127.13069"/><trkpt lat="35.773749" lon="127.130216"/><trkpt lat="35.773812" lon="127.129631"/><trkpt lat="35.773855" lon="127.129303"/><trkpt lat="35.773873" lon="127.128841"/><trkpt lat="35.773835" lon="127.128431"/><trkpt lat="35.773825" lon="127.128323"/></trkseg>
<trkseg><trkpt lat="35.784262" lon="127.139848"/><trkpt lat="35.78425" lon="127.140226"/><trkpt lat="35.78423" lon="127.140756"/><trkpt lat="35.784054" lon="127.14094"/><trkpt lat="35.78395" lon="127.140956"/><trkpt lat="35.783913" lon="127.140956"/><trkpt lat="35.783874" lon="127.140965"/><trkpt lat="35.783824" lon="127.140984"/><trkpt lat="35.783749" lon="127.141017"/><trkpt lat="35.783715" lon="127.141037"/><trkpt lat="35.783687" lon="127.141066"/><trkpt lat="35.783667" lon="127.141106"/><trkpt lat="35.78364" lon="127.141181"/><trkpt lat="35.7835" lon="127.141592"/><trkpt lat="35.783482" lon="127.141653"/><trkpt lat="35.783472" lon="127.1417"/><trkpt lat="35.783468" lon="127.141763"/><trkpt lat="35.783464" lon="127.142053"/></trkseg>
<trkseg><trkpt lat="35.784404" lon="127.1396"/><trkpt lat="35.784342" lon="127.139728"/><trkpt lat="35.784262" lon="127.139848"/></trkseg>
<trkseg><trkpt lat="35.783239" lon="127.139403"/><trkpt lat="35.783598" lon="127.13925"/><trkpt lat="35.783637" lon="127.139239"/><trkpt lat="35.783915" lon="127.139188"/><trkpt lat="35.783968" lon="127.139181"/><trkpt lat="35.784008" lon="127.139181"/><trkpt lat="35.784046" lon="127.139189"/><trkpt lat="35.784123" lon="127.139216"/><trkpt lat="35.784161" lon="127.139225"/><trkpt lat="35.7842" lon="127.139228"/><trkpt lat="35.784291" lon="127.139223"/><trkpt lat="35.78433" lon="127.139225"/><trkpt lat="35.784365" lon="127.139236"/><trkpt lat="35.784407" lon="127.139253"/><trkpt lat="35.784433" lon="127.139262"/><trkpt lat="35.784436" lon="127.139288"/><trkpt lat="35.784426" lon="127.139343"/><trkpt lat="35.784398" lon="127.139466"/><trkpt lat="35.784393" lon="127.139518"/><trkpt lat="35.784404" lon="127.1396"/></trkseg>
<trkseg><trkpt lat="35.784404" lon="127.1396"/><trkpt lat="35.784576" lon="127.139198"/><trkpt lat="35.78479" lon="127.138276"/><trkpt lat="35.785218" lon="127.13737"/><trkpt lat="35.785836" lon="127.136604"/><trkpt lat="35.78589" lon="127.13656"/></trkseg>
<trkseg><trkpt lat="35.783699" lon="127.14424"/><trkpt lat="35.783682" lon="127.144545"/><trkpt lat="35.783634" lon="127.144626"/><trkpt lat="35.7836" lon="127.144743"/><trkpt lat="35.783579" lon="127.1448"/><trkpt lat="35.78356" lon="127.144842"/><trkpt lat="35.783535" lon="127.14488"/><trkpt lat="35.783506" lon="127.144914"/><trkpt lat="35.783476" lon="127.144945"/><trkpt lat="35.783435" lon="127.144973"/><trkpt lat="35.783387" lon="127.144987"/><trkpt lat="35.783318" lon="127.144961"/></trkseg>
<trkseg><trkpt lat="35.783699" lon="127.14424"/><trkpt lat="35.78358" lon="127.14429"/><trkpt lat="35.783472" lon="127.144372"/><trkpt lat="35.783339" lon="127.144709"/><trkpt lat="35.783299" lon="127.144887"/><trkpt lat="35.783318" lon="127.144961"/></trkseg>
<trkseg><trkpt lat="35.781375" lon="127.151885"/><trkpt lat="35.7815" lon="127.151557"/><trkpt lat="35.781519" lon="127.151514"/><trkpt lat="35.781541" lon="127.151474"/><trkpt lat="35.781755" lon="127.151141"/><trkpt lat="35.781871" lon="127.150962"/><trkpt lat="35.781892" lon="127.150922"/><trkpt lat="35.781906" lon="127.15088"/><trkpt lat="35.78191" lon="127.150833"/><trkpt lat="35.781909" lon="127.150768"/><trkpt lat="35.781901" lon="127.150507"/><trkpt lat="35.781897" lon="127.150443"/><trkpt lat="35.781888" lon="127.150398"/><trkpt lat="35.78187" lon="127.150357"/><trkpt lat="35.781843" lon="127.150304"/><trkpt lat="35.781835" lon="127.150263"/><trkpt lat="35.78184" lon="127.150223"/><trkpt lat="35.781854" lon="127.150182"/><trkpt lat="35.781883" lon="127.150129"/><trkpt lat="35.78196" lon="127.15"/><trkpt lat="35.781988" lon="127.149946"/><trkpt lat="35.782004" lon="127.149905"/><trkpt lat="35.782029" lon="127.149818"/><trkpt lat="35.782043" lon="127.149776"/><trkpt lat="35.782064" lon="127.149735"/><trkpt lat="35.782095" lon="127.149684"/><trkpt lat="35.782237" lon="127.149472"/><trkpt lat="35.782267" lon="127.149421"/><trkpt lat="35.782282" lon="127.14938"/><trkpt lat="35.782287" lon="127.149339"/><trkpt lat="35.78229" lon="127.149268"/><trkpt lat="35.7823" lon="127.149226"/><trkpt lat="35.782319" lon="127.149185"/><trkpt lat="35.782356" lon="127.149119"/><trkpt lat="35.782396" lon="127.149055"/><trkpt lat="35.782423" lon="127.149019"/><trkpt lat="35.782463" lon="127.148976"/><trkpt lat="35.782746" lon="127.148695"/><trkpt lat="35.782786" lon="127.148652"/><trkpt lat="35.782814" lon="127.148617"/><trkpt lat="35.782835" lon="127.148576"/><trkpt lat="35.782866" lon="127.148504"/><trkpt lat="35.783055" lon="127.148031"/><trkpt lat="35.783155" lon="127.14778"/><trkpt lat="35.783169" lon="127.147735"/><trkpt lat="35.783181" lon="127.147673"/><trkpt lat="35.783208" lon="127.147482"/><trkpt lat="35.783213" lon="127.14742"/><trkpt lat="35.78321" lon="127.147375"/><trkpt lat="35.783196" lon="127.147324"/><trkpt lat="35.783188" lon="127.14728"/><trkpt lat="35.783185" lon="127.147232"/><trkpt lat="35.783197" lon="127.146785"/><trkpt lat="35.783208" lon="127.146421"/><trkpt lat="35.783212" lon="127.146372"/><trkpt lat="35.78322" lon="127.146324"/><trkpt lat="35.783241" lon="127.146246"/><trkpt lat="35.783299" lon="127.146055"/><trkpt lat="35.78331" lon="127.145946"/><trkpt lat="35.783272" lon="127.145741"/><trkpt lat="35.78328" lon="127.145586"/><trkpt lat="35.783249" lon="127.145469"/><trkpt lat="35.783256" lon="127.145372"/><trkpt lat="35.783256" lon="127.145214"/><trkpt lat="35.783275" lon="127.145103"/><trkpt lat="35.783297" lon="127.144986"/><trkpt lat="35.783318" lon="127.144961"/></trkseg>
<trkseg><trkpt lat="35.785861" lon="127.139238"/><trkpt lat="35.786181" lon="127.139534"/><trkpt lat="35.786481" lon="127.139716"/><trkpt lat="35.786636" lon="127.139834"/><trkpt lat="35.786816" lon="127.140244"/><trkpt lat="35.786842" lon="127.140431"/><trkpt lat="35.786759" lon="127.140756"/><trkpt lat="35.786749" lon="127.140908"/><trkpt lat="35.786778" lon="127.141154"/><trkpt lat="35.786819" lon="127.141626"/><trkpt lat="35.786828" lon="127.141691"/><trkpt lat="35.786841" lon="127.141754"/><trkpt lat="35.787013" lon="127.142427"/><trkpt lat="35.787032" lon="127.142505"/><trkpt lat="35.78704" lon="127.142553"/><trkpt lat="35.787043" lon="127.142601"/><trkpt lat="35.787041" lon="127.142683"/><trkpt lat="35.787019" lon="127.143272"/><trkpt lat="35.787015" lon="127.143321"/><trkpt lat="35.787008" lon="127.143369"/><trkpt lat="35.786985" lon="127.143463"/><trkpt lat="35.786934" lon="127.143665"/><trkpt lat="35.786926" lon="127.143712"/><trkpt lat="35.786926" lon="127.143757"/><trkpt lat="35.786936" lon="127.143801"/><trkpt lat="35.786957" lon="127.14386"/><trkpt lat="35.787017" lon="127.14402"/><trkpt lat="35.78703" lon="127.144063"/><trkpt lat="35.787033" lon="127.144104"/><trkpt lat="35.787017" lon="127.144141"/><trkpt lat="35.78699" lon="127.144172"/><trkpt lat="35.786958" lon="127.144195"/><trkpt lat="35.786922" lon="127.144211"/><trkpt lat="35.786859" lon="127.144233"/><trkpt lat="35.786809" lon="127.144246"/><trkpt lat="35.78677" lon="127.14425"/><trkpt lat="35.786679" lon="127.144255"/><trkpt lat="35.786644" lon="127.144261"/><trkpt lat="35.786618" lon="127.144276"/><trkpt lat="35.786607" lon="127.14431"/><trkpt lat="35.786607" lon="127.144355"/><trkpt lat="35.786617" lon="127.144534"/><trkpt lat="35.786623" lon="127.144647"/><trkpt lat="35.786622" lon="127.144696"/><trkpt lat="35.786618" lon="127.144761"/><trkpt lat="35.786595" lon="127.145036"/><trkpt lat="35.786596" lon="127.145094"/><trkpt lat="35.786605" lon="127.145147"/><trkpt lat="35.786619" lon="127.145173"/><trkpt lat="35.786621" lon="127.145175"/></trkseg>
<trkseg><trkpt lat="35.795577" lon="127.143189"/><trkpt lat="35.795515" lon="127.143397"/><trkpt lat="35.79531" lon="127.143441"/><trkpt lat="35.795045" lon="127.143516"/><trkpt lat="35.794566" lon="127.143691"/><trkpt lat="35.794396" lon="127.143986"/><trkpt lat="35.794155" lon="127.14417"/><trkpt lat="35.793931" lon="127.144337"/><trkpt lat="35.793642" lon="127.144832"/><trkpt lat="35.793589" lon="127.144905"/><trkpt lat="35.793565" lon="127.144941"/><trkpt lat="35.793546" lon="127.144982"/><trkpt lat="35.79353" lon="127.145027"/><trkpt lat="35.793473" lon="127.145226"/></trkseg>
<trkseg><trkpt lat="35.797082" lon="127.148033"/><trkpt lat="35.79709" lon="127.148078"/><trkpt lat="35.797056" lon="127.148155"/><trkpt lat="35.797013" lon="127.148325"/><trkpt lat="35.797089" lon="127.148349"/><trkpt lat="35.797247" lon="127.148334"/><trkpt lat="35.797447" lon="127.148493"/><trkpt lat="35.797625" lon="127.14873"/><trkpt lat="35.797735" lon="127.148751"/></trkseg>
<trkseg><trkpt lat="35.790772" lon="127.150129"/><trkpt lat="35.791045" lon="127.149752"/><trkpt lat="35.791083" lon="127.149706"/><trkpt lat="35.791114" lon="127.149678"/><trkpt lat="35.791161" lon="127.149645"/><trkpt lat="35.791553" lon="127.149497"/><trkpt lat="35.791849" lon="127.149343"/><trkpt lat="35.792283" lon="127.14949"/><trkpt lat="35.792615" lon="127.149467"/><trkpt lat="35.79314" lon="127.149208"/><trkpt lat="35.79339" lon="127.149091"/><trkpt lat="35.793543" lon="127.148971"/><trkpt lat="35.793741" lon="127.148863"/><trkpt lat="35.793998" lon="127.148849"/><trkpt lat="35.794192" lon="127.148765"/><trkpt lat="35.794492" lon="127.148795"/><trkpt lat="35.794804" lon="127.148813"/><trkpt lat="35.795141" lon="127.148816"/><trkpt lat="35.795575" lon="127.148946"/><trkpt lat="35.795939" lon="127.149061"/><trkpt lat="35.796442" lon="127.149199"/><trkpt lat="35.796601" lon="127.149246"/></trkseg>
<trkseg><trkpt lat="35.796601" lon="127.149246"/><trkpt lat="35.796859" lon="127.149267"/><trkpt lat="35.796902" lon="127.149239"/></trkseg>
<trkseg><trkpt lat="35.791272" lon="127.16249"/><trkpt lat="35.791226" lon="127.162485"/><trkpt lat="35.791177" lon="127.162476"/><trkpt lat="35.791138" lon="127.162459"/><trkpt lat="35.791111" lon="127.162429"/><trkpt lat="35.79108" lon="127.162378"/><trkpt lat="35.791052" lon="127.162325"/><trkpt lat="35.791034" lon="127.162283"/><trkpt lat="35.791023" lon="127.16224"/><trkpt lat="35.791013" lon="127.162168"/><trkpt lat="35.791003" lon="127.162124"/><trkpt lat="35.790983" lon="127.162064"/><trkpt lat="35.790928" lon="127.161932"/><trkpt lat="35.790908" lon="127.16189"/><trkpt lat="35.790883" lon="127.161852"/><trkpt lat="35.790854" lon="127.16182"/><trkpt lat="35.790598" lon="127.161585"/><trkpt lat="35.790448" lon="127.161448"/><trkpt lat="35.790421" lon="127.161416"/><trkpt lat="35.790405" lon="127.161378"/><trkpt lat="35.790402" lon="127.161334"/><trkpt lat="35.790409" lon="127.161253"/><trkpt lat="35.790446" lon="127.160895"/><trkpt lat="35.79048" lon="127.160571"/><trkpt lat="35.790489" lon="127.160523"/><trkpt lat="35.790626" lon="127.159955"/><trkpt lat="35.79069" lon="127.159687"/><trkpt lat="35.790697" lon="127.159639"/><trkpt lat="35.7907" lon="127.159591"/><trkpt lat="35.790697" lon="127.159447"/><trkpt lat="35.790697" lon="127.159388"/><trkpt lat="35.790702" lon="127.159354"/><trkpt lat="35.790716" lon="127.159326"/><trkpt lat="35.790734" lon="127.159283"/><trkpt lat="35.790757" lon="127.15925"/><trkpt lat="35.790794" lon="127.159206"/><trkpt lat="35.790823" lon="127.159176"/><trkpt lat="35.790856" lon="127.159151"/><trkpt lat="35.790905" lon="127.159125"/><trkpt lat="35.791173" lon="127.159009"/><trkpt lat="35.791223" lon="127.158986"/><trkpt lat="35.79126" lon="127.158964"/><trkpt lat="35.791305" lon="127.15893"/><trkpt lat="35.791394" lon="127.158855"/><trkpt lat="35.791437" lon="127.158816"/><trkpt lat="35.791466" lon="127.158783"/><trkpt lat="35.791486" lon="127.158744"/><trkpt lat="35.791515" lon="127.158673"/><trkpt lat="35.791571" lon="127.158511"/><trkpt lat="35.791583" lon="127.158467"/><trkpt lat="35.791586" lon="127.158423"/><trkpt lat="35.79158" lon="127.158364"/><trkpt lat="35.791585" lon="127.158323"/><trkpt lat="35.791605" lon="127.158286"/><trkpt lat="35.791631" lon="127.158251"/><trkpt lat="35.791834" lon="127.158009"/><trkpt lat="35.79187" lon="127.157962"/><trkpt lat="35.791894" lon="127.157923"/><trkpt lat="35.791913" lon="127.15788"/><trkpt lat="35.792023" lon="127.157583"/><trkpt lat="35.792215" lon="127.157063"/><trkpt lat="35.792239" lon="127.156987"/><trkpt lat="35.792303" lon="127.156738"/><trkpt lat="35.792389" lon="127.156627"/><trkpt lat="35.792361" lon="127.156311"/><trkpt lat="35.79228" lon="127.15605"/><trkpt lat="35.792321" lon="127.155875"/><trkpt lat="35.792527" lon="127.155559"/><trkpt lat="35.792641" lon="127.155302"/><trkpt lat="35.792816" lon="127.155091"/><trkpt lat="35.793336" lon="127.154533"/><trkpt lat="35.793532" lon="127.154171"/><trkpt lat="35.793723" lon="127.153781"/><trkpt lat="35.793833" lon="127.15362"/><trkpt lat="35.793907" lon="127.153404"/><trkpt lat="35.794048" lon="127.153234"/><trkpt lat="35.794229" lon="127.153047"/><trkpt lat="35.794375" lon="127.152837"/><trkpt lat="35.794583" lon="127.152404"/><trkpt lat="35.794828" lon="127.151724"/><trkpt lat="35.794976" lon="127.151537"/><trkpt lat="35.795088" lon="127.151303"/><trkpt lat="35.795174" lon="127.151183"/><trkpt lat="35.795702" lon="127.151173"/><trkpt lat="35.795783" lon="127.151164"/><trkpt lat="35.79582" lon="127.151155"/><trkpt lat="35.795852" lon="127.151136"/><trkpt lat="35.795878" lon="127.151103"/><trkpt lat="35.795908" lon="127.151051"/><trkpt lat="35.795961" lon="127.150958"/><trkpt lat="35.795996" lon="127.150908"/><trkpt lat="35.796158" lon="127.150711"/><trkpt lat="35.797354" lon="127.149679"/></trkseg>
<trkseg><trkpt lat="35.798214" lon="127.156242"/><trkpt lat="35.798422" lon="127.155792"/><trkpt lat="35.79845" lon="127.155738"/><trkpt lat="35.798475" lon="127.1557"/><trkpt lat="35.798504" lon="127.155667"/><trkpt lat="35.798781" lon="127.155478"/><trkpt lat="35.798919" lon="127.155191"/><trkpt lat="35.79915" lon="127.155001"/><trkpt lat="35.799546" lon="127.154689"/><trkpt lat="35.799969" lon="127.154385"/><trkpt lat="35.800217" lon="127.154394"/><trkpt lat="35.800374" lon="127.1545"/><trkpt lat="35.800399" lon="127.154489"/></trkseg>
<trkseg><trkpt lat="35.800716" lon="127.152879"/><trkpt lat="35.800287" lon="127.153202"/><trkpt lat="35.800241" lon="127.153232"/><trkpt lat="35.800205" lon="127.153245"/><trkpt lat="35.800146" lon="127.153254"/><trkpt lat="35.800113" lon="127.153263"/><trkpt lat="35.800086" lon="127.153287"/><trkpt lat="35.800064" lon="127.153324"/><trkpt lat="35.800045" lon="127.153366"/><trkpt lat="35.80003" lon="127.153411"/><trkpt lat="35.80002" lon="127.153457"/><trkpt lat="35.800014" lon="127.153503"/><trkpt lat="35.800011" lon="127.153565"/><trkpt lat="35.800014" lon="127.15361"/><trkpt lat="35.800026" lon="127.153652"/><trkpt lat="35.800047" lon="127.153692"/><trkpt lat="35.800144" lon="127.153844"/><trkpt lat="35.800191" lon="127.153921"/><trkpt lat="35.800211" lon="127.153962"/><trkpt lat="35.800225" lon="127.154006"/><trkpt lat="35.800248" lon="127.154101"/><trkpt lat="35.800288" lon="127.15428"/><trkpt lat="35.800354" lon="127.154395"/><trkpt lat="35.800399" lon="127.154489"/></trkseg>
<trkseg><trkpt lat="35.805064" lon="127.156434"/><trkpt lat="35.804971" lon="127.156551"/><trkpt lat="35.804768" lon="127.156542"/><trkpt lat="35.804492" lon="127.15648"/><trkpt lat="35.804401" lon="127.156453"/><trkpt lat="35.804046" lon="127.156487"/><trkpt lat="35.803836" lon="127.156434"/><trkpt lat="35.80365" lon="127.156413"/><trkpt lat="35.803434" lon="127.156521"/><trkpt lat="35.803362" lon="127.156561"/><trkpt lat="35.803325" lon="127.156576"/><trkpt lat="35.803273" lon="127.156588"/><trkpt lat="35.803102" lon="127.156615"/><trkpt lat="35.80305" lon="127.156619"/><trkpt lat="35.803011" lon="127.156615"/><trkpt lat="35.802959" lon="127.156601"/><trkpt lat="35.802544" lon="127.15647"/><trkpt lat="35.802466" lon="127.156449"/><trkpt lat="35.802399" lon="127.156441"/><trkpt lat="35.801887" lon="127.156401"/><trkpt lat="35.80182" lon="127.156398"/><trkpt lat="35.80178" lon="127.156401"/><trkpt lat="35.801715" lon="127.156416"/><trkpt lat="35.801354" lon="127.156517"/><trkpt lat="35.801316" lon="127.156531"/><trkpt lat="35.801279" lon="127.156549"/><trkpt lat="35.801207" lon="127.156594"/><trkpt lat="35.800982" lon="127.156744"/></trkseg>
<trkseg><trkpt lat="35.806206" lon="127.157597"/><trkpt lat="35.805833" lon="127.157887"/><trkpt lat="35.805606" lon="127.15817"/><trkpt lat="35.805449" lon="127.158445"/><trkpt lat="35.805382" lon="127.158685"/><trkpt lat="35.80541" lon="127.158866"/><trkpt lat="35.805384" lon="127.159083"/><trkpt lat="35.805347" lon="127.159138"/><trkpt lat="35.805325" lon="127.15917"/><trkpt lat="35.805314" lon="127.159213"/><trkpt lat="35.805307" lon="127.159276"/><trkpt lat="35.805298" lon="127.159373"/><trkpt lat="35.805289" lon="127.159419"/><trkpt lat="35.805272" lon="127.15946"/><trkpt lat="35.805234" lon="127.159523"/><trkpt lat="35.80522" lon="127.159563"/><trkpt lat="35.805218" lon="127.159607"/><trkpt lat="35.805221" lon="127.159652"/><trkpt lat="35.805229" lon="127.159713"/><trkpt lat="35.805239" lon="127.159757"/><trkpt lat="35.805269" lon="127.159843"/><trkpt lat="35.805283" lon="127.159886"/><trkpt lat="35.805291" lon="127.159929"/><trkpt lat="35.805286" lon="127.159974"/><trkpt lat="35.805258" lon="127.16008"/><trkpt lat="35.805248" lon="127.160126"/><trkpt lat="35.805243" lon="127.160184"/><trkpt lat="35.805232" lon="127.160223"/><trkpt lat="35.805207" lon="127.160255"/><trkpt lat="35.805177" lon="127.160283"/><trkpt lat="35.804912" lon="127.160505"/><trkpt lat="35.804845" lon="127.160558"/><trkpt lat="35.80481" lon="127.16058"/><trkpt lat="35.80462" lon="127.160688"/><trkpt lat="35.804562" lon="127.160723"/><trkpt lat="35.804532" lon="127.160748"/><trkpt lat="35.804512" lon="127.160785"/><trkpt lat="35.804499" lon="127.160841"/><trkpt lat="35.804491" lon="127.16091"/><trkpt lat="35.80449" lon="127.160913"/></trkseg>
<trkseg><trkpt lat="35.80449" lon="127.160913"/><trkpt lat="35.804992" lon="127.161147"/><trkpt lat="35.805042" lon="127.161167"/><trkpt lat="35.805081" lon="127.161176"/><trkpt lat="35.805121" lon="127.161178"/><trkpt lat="35.805294" lon="127.16117"/><trkpt lat="35.805494" lon="127.16116"/><trkpt lat="35.805533" lon="127.161155"/><trkpt lat="35.805572" lon="127.161145"/><trkpt lat="35.805648" lon="127.161118"/><trkpt lat="35.805954" lon="127.161008"/><trkpt lat="35.806005" lon="127.160994"/><trkpt lat="35.806043" lon="127.160994"/><trkpt lat="35.80608" lon="127.161004"/><trkpt lat="35.806215" lon="127.161066"/><trkpt lat="35.806276" lon="127.161092"/><trkpt lat="35.806315" lon="127.161102"/><trkpt lat="35.806354" lon="127.161107"/><trkpt lat="35.806687" lon="127.161121"/><trkpt lat="35.806908" lon="127.161178"/><trkpt lat="35.806991" lon="127.161316"/><trkpt lat="35.806874" lon="127.16172"/><trkpt lat="35.806745" lon="127.16186"/><trkpt lat="35.80663" lon="127.162027"/><trkpt lat="35.806541" lon="127.162261"/><trkpt lat="35.806341" lon="127.162354"/><trkpt lat="35.806157" lon="127.162503"/><trkpt lat="35.805928" lon="127.16276"/></trkseg>
<trkseg><trkpt lat="35.78137" lon="127.17108"/><trkpt lat="35.781484" lon="127.171123"/><trkpt lat="35.781522" lon="127.171143"/><trkpt lat="35.781556" lon="127.171169"/><trkpt lat="35.78162" lon="127.171229"/><trkpt lat="35.781778" lon="127.171383"/><trkpt lat="35.781811" lon="127.171411"/><trkpt lat="35.781847" lon="127.171434"/><trkpt lat="35.781909" lon="127.171465"/><trkpt lat="35.782365" lon="127.171674"/><trkpt lat="35.782415" lon="127.1717"/><trkpt lat="35.782449" lon="127.171724"/><trkpt lat="35.78248" lon="127.171753"/><trkpt lat="35.782626" lon="127.171914"/><trkpt lat="35.782696" lon="127.171987"/><trkpt lat="35.782727" lon="127.172015"/><trkpt lat="35.782773" lon="127.172046"/><trkpt lat="35.782961" lon="127.172162"/><trkpt lat="35.78302" lon="127.172197"/><trkpt lat="35.783056" lon="127.172212"/><trkpt lat="35.783093" lon="127.172216"/><trkpt lat="35.783132" lon="127.17221"/><trkpt lat="35.783316" lon="127.172161"/><trkpt lat="35.783591" lon="127.17209"/><trkpt lat="35.783631" lon="127.172083"/><trkpt lat="35.783671" lon="127.172082"/><trkpt lat="35.783737" lon="127.172089"/><trkpt lat="35.78398" lon="127.172124"/><trkpt lat="35.784031" lon="127.172136"/><trkpt lat="35.784064" lon="127.172154"/><trkpt lat="35.784085" lon="127.172187"/><trkpt lat="35.784101" lon="127.172229"/><trkpt lat="35.784147" lon="127.17238"/><trkpt lat="35.784172" lon="127.172455"/><trkpt lat="35.78419" lon="127.172496"/><trkpt lat="35.784215" lon="127.172534"/><trkpt lat="35.784272" lon="127.172605"/><trkpt lat="35.784477" lon="127.172846"/><trkpt lat="35.784513" lon="127.172894"/><trkpt lat="35.784546" lon="127.172945"/><trkpt lat="35.784647" lon="127.173118"/><trkpt lat="35.784672" lon="127.173157"/><trkpt lat="35.7847" lon="127.17319"/><trkpt lat="35.784731" lon="127.173215"/><trkpt lat="35.7848" lon="127.173254"/><trkpt lat="35.78483" lon="127.173274"/><trkpt lat="35.784849" lon="127.173298"/><trkpt lat="35.784853" lon="127.173337"/><trkpt lat="35.784862" lon="127.173372"/><trkpt lat="35.784884" lon="127.173408"/><trkpt lat="35.784928" lon="127.173468"/><trkpt lat="35.785274" lon="127.173909"/><trkpt lat="35.785404" lon="127.174076"/><trkpt lat="35.785435" lon="127.174107"/><trkpt lat="35.785469" lon="127.174128"/><trkpt lat="35.785506" lon="127.174142"/><trkpt lat="35.786014" lon="127.174284"/><trkpt lat="35.786288" lon="127.17436"/><trkpt lat="35.786327" lon="127.174368"/><trkpt lat="35.786417" lon="127.174372"/><trkpt lat="35.786454" lon="127.174376"/><trkpt lat="35.786492" lon="127.174388"/><trkpt lat="35.786541" lon="127.174412"/><trkpt lat="35.786782" lon="127.174548"/><trkpt lat="35.786843" lon="127.174579"/><trkpt lat="35.78688" lon="127.174593"/><trkpt lat="35.786957" lon="127.17461"/><trkpt lat="35.786995" lon="127.17462"/><trkpt lat="35.787032" lon="127.174637"/><trkpt lat="35.787105" lon="127.174677"/><trkpt lat="35.787684" lon="127.175016"/><trkpt lat="35.787757" lon="127.175055"/><trkpt lat="35.787794" lon="127.175068"/><trkpt lat="35.78787" lon="127.175087"/><trkpt lat="35.787933" lon="127.175098"/><trkpt lat="35.787971" lon="127.175099"/><trkpt lat="35.78801" lon="127.175093"/><trkpt lat="35.788217" lon="127.175031"/><trkpt lat="35.788642" lon="127.174899"/><trkpt lat="35.788707" lon="127.174882"/><trkpt lat="35.788746" lon="127.174878"/><trkpt lat="35.788785" lon="127.174881"/><trkpt lat="35.788862" lon="127.174888"/><trkpt lat="35.788899" lon="127.174884"/><trkpt lat="35.788931" lon="127.174867"/><trkpt lat="35.788959" lon="127.174841"/><trkpt lat="35.78898" lon="127.174807"/><trkpt lat="35.788993" lon="127.174764"/><trkpt lat="35.789008" lon="127.174706"/><trkpt lat="35.789025" lon="127.174667"/><trkpt lat="35.789052" lon="127.174635"/><trkpt lat="35.789082" lon="127.174608"/><trkpt lat="35.789114" lon="127.174583"/><trkpt lat="35.789149" lon="127.174563"/><trkpt lat="35.789187" lon="127.174549"/><trkpt lat="35.78937" lon="127.1745"/><trkpt lat="35.789618" lon="127.174434"/><trkpt lat="35.789681" lon="127.174412"/><trkpt lat="35.789777" lon="127.17437"/><trkpt lat="35.789837" lon="127.174341"/><trkpt lat="35.789871" lon="127.17432"/><trkpt lat="35.789903" lon="127.174294"/><trkpt lat="35.789964" lon="127.174233"/><trkpt lat="35.790086" lon="127.174111"/><trkpt lat="35.790118" lon="127.174084"/><trkpt lat="35.790153" lon="127.174064"/><trkpt lat="35.790204" lon="127.174045"/><trkpt lat="35.790424" lon="127.173979"/><trkpt lat="35.790645" lon="127.173913"/><trkpt lat="35.790684" lon="127.173906"/><trkpt lat="35.790722" lon="127.173908"/><trkpt lat="35.790774" lon="127.173922"/><trkpt lat="35.7912" lon="127.174064"/><trkpt lat="35.791252" lon="127.17408"/><trkpt lat="35.791291" lon="127.174086"/><trkpt lat="35.791329" lon="127.174083"/><trkpt lat="35.791379" lon="127.174073"/><trkpt lat="35.791505" lon="127.174044"/><trkpt lat="35.791543" lon="127.17404"/><trkpt lat="35.791582" lon="127.174041"/><trkpt lat="35.791673" lon="127.174055"/><trkpt lat="35.791725" lon="127.174065"/><trkpt lat="35.791763" lon="127.174077"/><trkpt lat="35.791799" lon="127.174095"/><trkpt lat="35.791985" lon="127.174222"/><trkpt lat="35.792172" lon="127.174349"/><trkpt lat="35.792209" lon="127.174368"/><trkpt lat="35.792259" lon="127.174389"/><trkpt lat="35.792374" lon="127.174433"/><trkpt lat="35.792411" lon="127.174451"/><trkpt lat="35.792443" lon="127.174476"/><trkpt lat="35.792494" lon="127.174523"/><trkpt lat="35.792528" lon="127.174543"/><trkpt lat="35.792578" lon="127.174561"/><trkpt lat="35.792796" lon="127.174621"/><trkpt lat="35.792848" lon="127.174632"/><trkpt lat="35.792887" lon="127.174634"/><trkpt lat="35.792925" lon="127.17463"/><trkpt lat="35.792962" lon="127.174621"/><trkpt lat="35.792996" lon="127.174603"/><trkpt lat="35.793027" lon="127.174574"/><trkpt lat="35.793066" lon="127.174529"/><trkpt lat="35.793199" lon="127.174368"/><trkpt lat="35.793239" lon="127.174325"/><trkpt lat="35.793272" lon="127.174298"/><trkpt lat="35.793344" lon="127.174253"/><trkpt lat="35.793405" lon="127.17422"/><trkpt lat="35.793442" lon="127.174206"/><trkpt lat="35.793481" lon="127.174204"/><trkpt lat="35.793548" lon="127.174211"/><trkpt lat="35.793857" lon="127.174255"/><trkpt lat="35.794019" lon="127.174277"/><trkpt lat="35.794057" lon="127.174287"/><trkpt lat="35.794089" lon="127.174308"/><trkpt lat="35.794115" lon="127.174341"/><trkpt lat="35.794165" lon="127.174415"/><trkpt lat="35.794194" lon="127.174445"/><trkpt lat="35.794233" lon="127.174482"/><trkpt lat="35.794252" lon="127.174518"/><trkpt lat="35.794262" lon="127.174562"/><trkpt lat="35.794276" lon="127.174656"/><trkpt lat="35.794286" lon="127.174701"/><trkpt lat="35.794303" lon="127.174745"/><trkpt lat="35.794339" lon="127.174816"/><trkpt lat="35.794466" lon="127.175051"/><trkpt lat="35.794492" lon="127.175087"/><trkpt lat="35.794522" lon="127.175116"/><trkpt lat="35.794555" lon="127.17514"/><trkpt lat="35.794589" lon="127.17516"/><trkpt lat="35.794624" lon="127.17517"/><trkpt lat="35.794659" lon="127.175163"/><trkpt lat="35.794694" lon="127.175148"/><trkpt lat="35.794752" lon="127.175115"/><trkpt lat="35.794784" lon="127.175092"/><trkpt lat="35.794809" lon="127.175065"/><trkpt lat="35.794828" lon="127.175022"/><trkpt lat="35.794851" lon="127.174998"/><trkpt lat="35.794883" lon="127.174982"/><trkpt lat="35.794954" lon="127.174955"/><trkpt lat="35.794983" lon="127.174933"/><trkpt lat="35.795003" lon="127.1749"/><trkpt lat="35.795029" lon="127.174835"/><trkpt lat="35.795049" lon="127.174804"/><trkpt lat="35.795079" lon="127.174788"/><trkpt lat="35.795114" lon="127.174781"/><trkpt lat="35.795203" lon="127.174772"/><trkpt lat="35.795241" lon="127.174765"/><trkpt lat="35.795277" lon="127.174752"/><trkpt lat="35.795347" lon="127.174721"/><trkpt lat="35.795382" lon="127.174715"/><trkpt lat="35.795418" lon="127.17472"/><trkpt lat="35.795492" lon="127.174741"/><trkpt lat="35.795529" lon="127.174745"/><trkpt lat="35.795565" lon="127.174738"/><trkpt lat="35.795602" lon="127.174725"/><trkpt lat="35.795687" lon="127.174689"/><trkpt lat="35.795734" lon="127.174664"/><trkpt lat="35.795768" lon="127.174641"/><trkpt lat="35.795822" lon="127.174593"/><trkpt lat="35.795951" lon="127.174476"/><trkpt lat="35.795985" lon="127.17445"/><trkpt lat="35.79602" lon="127.174429"/><trkpt lat="35.796241" lon="127.174323"/><trkpt lat="35.796302" lon="127.174292"/><trkpt lat="35.796337" lon="127.17427"/><trkpt lat="35.796369" lon="127.174241"/><trkpt lat="35.796588" lon="127.173998"/><trkpt lat="35.796727" lon="127.173843"/><trkpt lat="35.796759" lon="127.173815"/><trkpt lat="35.796793" lon="127.173797"/><trkpt lat="35.796843" lon="127.173783"/><trkpt lat="35.796933" lon="127.173767"/><trkpt lat="35.796985" lon="127.173761"/><trkpt lat="35.797022" lon="127.173765"/><trkpt lat="35.797058" lon="127.173777"/><trkpt lat="35.797091" lon="127.173795"/><trkpt lat="35.797117" lon="127.173821"/><trkpt lat="35.79713" lon="127.173858"/><trkpt lat="35.797135" lon="127.173901"/><trkpt lat="35.797133" lon="127.173947"/><trkpt lat="35.797123" lon="127.174008"/><trkpt lat="35.797086" lon="127.174177"/><trkpt lat="35.796988" lon="127.174352"/><trkpt lat="35.797002" lon="127.174412"/><trkpt lat="35.797198" lon="127.174205"/><trkpt lat="35.797676" lon="127.173673"/><trkpt lat="35.797693" lon="127.173624"/></trkseg>
<trkseg><trkpt lat="35.789435" lon="127.180307"/><trkpt lat="35.789197" lon="127.179855"/><trkpt lat="35.789154" lon="127.179638"/><trkpt lat="35.789038" lon="127.179474"/><trkpt lat="35.788964" lon="127.17933"/><trkpt lat="35.788981" lon="127.179178"/><trkpt lat="35.78891" lon="127.178953"/><trkpt lat="35.788848" lon="127.178666"/></trkseg>
<trkseg><trkpt lat="35.799131" lon="127.178404"/><trkpt lat="35.798902" lon="127.178418"/><trkpt lat="35.798632" lon="127.178564"/><trkpt lat="35.797936" lon="127.17853"/><trkpt lat="35.794958" lon="127.17819"/><trkpt lat="35.794531" lon="127.178168"/><trkpt lat="35.794283" lon="127.178229"/><trkpt lat="35.794004" lon="127.178234"/><trkpt lat="35.792877" lon="127.177749"/><trkpt lat="35.792162" lon="127.177536"/><trkpt lat="35.791809" lon="127.177328"/><trkpt lat="35.791688" lon="127.176918"/><trkpt lat="35.791514" lon="127.176859"/><trkpt lat="35.790763" lon="127.177086"/><trkpt lat="35.790381" lon="127.177386"/><trkpt lat="35.79001" lon="127.178018"/><trkpt lat="35.789731" lon="127.178333"/><trkpt lat="35.789371" lon="127.178394"/><trkpt lat="35.788934" lon="127.178583"/><trkpt lat="35.788848" lon="127.178666"/></trkseg>
<trkseg><trkpt lat="35.784088" lon="127.179019"/><trkpt lat="35.78477" lon="127.179548"/><trkpt lat="35.785078" lon="127.179528"/><trkpt lat="35.785483" lon="127.179643"/><trkpt lat="35.786015" lon="127.179741"/><trkpt lat="35.78649" lon="127.179458"/><trkpt lat="35.787243" lon="127.179439"/><trkpt lat="35.787632" lon="127.179314"/><trkpt lat="35.788303" lon="127.178968"/><trkpt lat="35.788848" lon="127.178666"/></trkseg>
<trkseg><trkpt lat="35.779241" lon="127.185454"/><trkpt lat="35.779184" lon="127.185705"/><trkpt lat="35.779175" lon="127.185752"/><trkpt lat="35.779172" lon="127.1858"/><trkpt lat="35.779176" lon="127.185864"/><trkpt lat="35.779201" lon="127.186073"/><trkpt lat="35.77921" lon="127.18617"/><trkpt lat="35.779208" lon="127.186253"/><trkpt lat="35.779203" lon="127.186386"/><trkpt lat="35.779204" lon="127.186434"/><trkpt lat="35.779212" lon="127.18648"/><trkpt lat="35.77923" lon="127.186522"/><trkpt lat="35.779291" lon="127.186631"/><trkpt lat="35.779323" lon="127.186682"/><trkpt lat="35.77935" lon="127.186712"/><trkpt lat="35.779382" lon="127.186727"/><trkpt lat="35.779443" lon="127.186729"/><trkpt lat="35.779481" lon="127.186734"/><trkpt lat="35.779517" lon="127.186746"/><trkpt lat="35.779578" lon="127.186768"/><trkpt lat="35.779613" lon="127.186772"/><trkpt lat="35.779646" lon="127.186761"/><trkpt lat="35.779692" lon="127.186736"/><trkpt lat="35.779728" lon="127.186722"/><trkpt lat="35.779767" lon="127.186715"/><trkpt lat="35.779884" lon="127.186701"/><trkpt lat="35.779935" lon="127.186692"/><trkpt lat="35.77997" lon="127.186679"/><trkpt lat="35.780009" lon="127.186662"/><trkpt lat="35.780046" lon="127.186661"/><trkpt lat="35.780097" lon="127.186671"/><trkpt lat="35.780202" lon="127.186698"/><trkpt lat="35.78024" lon="127.186699"/><trkpt lat="35.780277" lon="127.186689"/><trkpt lat="35.780314" lon="127.186672"/><trkpt lat="35.78047" lon="127.186587"/><trkpt lat="35.780519" lon="127.186564"/><trkpt lat="35.780557" lon="127.186553"/><trkpt lat="35.780596" lon="127.18655"/><trkpt lat="35.780769" lon="127.186555"/><trkpt lat="35.781223" lon="127.18657"/><trkpt lat="35.781276" lon="127.186574"/><trkpt lat="35.781315" lon="127.186582"/><trkpt lat="35.781537" lon="127.186638"/><trkpt lat="35.781614" lon="127.18666"/><trkpt lat="35.781665" lon="127.186682"/><trkpt lat="35.781888" lon="127.186799"/><trkpt lat="35.781949" lon="127.186833"/><trkpt lat="35.781981" lon="127.18686"/><trkpt lat="35.782006" lon="127.186895"/><trkpt lat="35.782042" lon="127.186964"/><trkpt lat="35.782138" lon="127.187161"/><trkpt lat="35.782162" lon="127.1872"/><trkpt lat="35.782189" lon="127.187233"/><trkpt lat="35.782239" lon="127.187282"/><trkpt lat="35.78227" lon="127.187309"/><trkpt lat="35.782302" lon="127.187329"/><trkpt lat="35.782336" lon="127.187334"/><trkpt lat="35.782373" lon="127.187326"/><trkpt lat="35.782498" lon="127.18728"/><trkpt lat="35.782574" lon="127.187255"/><trkpt lat="35.782611" lon="127.187249"/><trkpt lat="35.782648" lon="127.187255"/><trkpt lat="35.782722" lon="127.187278"/><trkpt lat="35.782772" lon="127.187291"/><trkpt lat="35.782809" lon="127.187293"/><trkpt lat="35.782846" lon="127.187284"/><trkpt lat="35.782932" lon="127.187252"/><trkpt lat="35.782994" lon="127.187232"/><trkpt lat="35.783032" lon="127.187226"/><trkpt lat="35.78307" lon="127.187227"/><trkpt lat="35.783211" lon="127.187248"/><trkpt lat="35.783275" lon="127.187261"/><trkpt lat="35.783313" lon="127.187273"/><trkpt lat="35.783363" lon="127.187296"/><trkpt lat="35.78351" lon="127.187376"/><trkpt lat="35.783546" lon="127.187392"/><trkpt lat="35.783581" lon="127.1874"/><trkpt lat="35.78361" lon="127.187392"/><trkpt lat="35.783637" lon="127.187379"/><trkpt lat="35.783662" lon="127.187383"/><trkpt lat="35.78368" lon="127.187404"/><trkpt lat="35.783692" lon="127.18744"/><trkpt lat="35.783709" lon="127.187475"/><trkpt lat="35.783731" lon="127.187508"/><trkpt lat="35.783757" lon="127.187539"/><trkpt lat="35.783789" lon="127.187569"/><trkpt lat="35.784007" lon="127.187733"/><trkpt lat="35.784272" lon="127.18793"/><trkpt lat="35.784321" lon="127.187958"/><trkpt lat="35.784671" lon="127.188127"/><trkpt lat="35.784745" lon="127.188165"/><trkpt lat="35.78478" lon="127.188188"/><trkpt lat="35.784811" lon="127.188218"/><trkpt lat="35.784878" lon="127.188297"/><trkpt lat="35.784917" lon="127.188342"/><trkpt lat="35.784948" lon="127.188369"/><trkpt lat="35.784983" lon="127.188385"/><trkpt lat="35.785022" lon="127.18839"/><trkpt lat="35.785102" lon="127.188392"/><trkpt lat="35.785155" lon="127.188388"/><trkpt lat="35.785193" lon="127.188378"/><trkpt lat="35.785267" lon="127.188345"/><trkpt lat="35.78539" lon="127.188287"/><trkpt lat="35.785427" lon="127.188273"/><trkpt lat="35.785465" lon="127.188269"/><trkpt lat="35.785504" lon="127.188277"/><trkpt lat="35.785569" lon="127.188299"/><trkpt lat="35.785828" lon="127.188393"/><trkpt lat="35.785867" lon="127.188403"/><trkpt lat="35.785906" lon="127.188406"/><trkpt lat="35.785958" lon="127.188401"/><trkpt lat="35.786154" lon="127.18837"/><trkpt lat="35.786192" lon="127.188361"/><trkpt lat="35.786227" lon="127.188344"/><trkpt lat="35.786259" lon="127.188319"/><trkpt lat="35.786341" lon="127.18824"/><trkpt lat="35.786373" lon="127.188215"/><trkpt lat="35.786408" lon="127.188197"/><trkpt lat="35.786483" lon="127.188178"/><trkpt lat="35.78652" lon="127.188168"/><trkpt lat="35.786557" lon="127.188151"/><trkpt lat="35.786604" lon="127.188121"/><trkpt lat="35.787031" lon="127.187815"/><trkpt lat="35.78709" lon="127.187776"/><trkpt lat="35.787126" lon="127.187757"/><trkpt lat="35.787165" lon="127.187748"/><trkpt lat="35.787231" lon="127.187741"/><trkpt lat="35.787392" lon="127.18773"/><trkpt lat="35.78743" lon="127.187733"/><trkpt lat="35.787465" lon="127.187746"/><trkpt lat="35.787495" lon="127.187773"/><trkpt lat="35.787552" lon="127.187839"/><trkpt lat="35.787581" lon="127.18787"/><trkpt lat="35.787613" lon="127.187892"/><trkpt lat="35.787648" lon="127.187898"/><trkpt lat="35.787713" lon="127.187897"/><trkpt lat="35.787752" lon="127.187902"/><trkpt lat="35.787804" lon="127.187915"/><trkpt lat="35.788078" lon="127.187993"/><trkpt lat="35.788126" lon="127.188006"/><trkpt lat="35.788151" lon="127.188008"/><trkpt lat="35.788152" lon="127.187992"/><trkpt lat="35.78812" lon="127.187941"/><trkpt lat="35.788098" lon="127.187903"/><trkpt lat="35.788084" lon="127.187861"/><trkpt lat="35.788077" lon="127.187815"/><trkpt lat="35.788073" lon="127.187768"/><trkpt lat="35.788073" lon="127.187721"/><trkpt lat="35.788081" lon="127.187676"/><trkpt lat="35.788099" lon="127.187633"/><trkpt lat="35.788128" lon="127.187578"/><trkpt lat="35.788152" lon="127.187539"/><trkpt lat="35.78818" lon="127.187504"/><trkpt lat="35.788212" lon="127.187479"/><trkpt lat="35.78827" lon="127.187445"/><trkpt lat="35.788377" lon="127.187385"/><trkpt lat="35.788411" lon="127.187362"/><trkpt lat="35.788442" lon="127.187334"/><trkpt lat="35.78854" lon="127.187229"/><trkpt lat="35.78858" lon="127.187188"/><trkpt lat="35.788611" lon="127.187164"/><trkpt lat="35.788643" lon="127.187153"/><trkpt lat="35.788678" lon="127.187153"/><trkpt lat="35.788716" lon="127.187161"/><trkpt lat="35.788883" lon="127.187208"/><trkpt lat="35.788933" lon="127.187226"/><trkpt lat="35.788968" lon="127.187244"/><trkpt lat="35.789013" lon="127.187278"/><trkpt lat="35.789164" lon="127.187413"/><trkpt lat="35.789208" lon="127.187449"/><trkpt lat="35.789243" lon="127.187472"/><trkpt lat="35.789365" lon="127.187536"/><trkpt lat="35.78955" lon="127.18763"/><trkpt lat="35.789582" lon="127.187651"/><trkpt lat="35.789605" lon="127.187678"/><trkpt lat="35.78961" lon="127.187711"/><trkpt lat="35.789614" lon="127.187759"/><trkpt lat="35.78963" lon="127.187797"/><trkpt lat="35.789654" lon="127.187832"/><trkpt lat="35.789728" lon="127.187923"/><trkpt lat="35.789804" lon="127.188012"/><trkpt lat="35.789834" lon="127.188042"/><trkpt lat="35.789868" lon="127.188065"/><trkpt lat="35.789917" lon="127.188089"/><trkpt lat="35.790031" lon="127.188136"/><trkpt lat="35.790067" lon="127.188155"/><trkpt lat="35.790098" lon="127.18818"/><trkpt lat="35.79012" lon="127.188216"/><trkpt lat="35.790136" lon="127.188258"/><trkpt lat="35.790179" lon="127.188394"/><trkpt lat="35.790209" lon="127.188484"/><trkpt lat="35.790227" lon="127.188525"/><trkpt lat="35.790252" lon="127.18856"/><trkpt lat="35.790283" lon="127.18859"/><trkpt lat="35.790449" lon="127.18873"/><trkpt lat="35.791054" lon="127.18866"/><trkpt lat="35.791764" lon="127.18877"/><trkpt lat="35.792246" lon="127.188794"/><trkpt lat="35.79303" lon="127.18908"/><trkpt lat="35.79334" lon="127.18911"/><trkpt lat="35.793602" lon="127.189292"/><trkpt lat="35.793971" lon="127.189445"/><trkpt lat="35.794198" lon="127.189373"/><trkpt lat="35.794379" lon="127.189361"/><trkpt lat="35.794858" lon="127.189559"/><trkpt lat="35.795595" lon="127.18995"/><trkpt lat="35.795775" lon="127.190132"/><trkpt lat="35.796047" lon="127.190244"/><trkpt lat="35.79609" lon="127.190267"/></trkseg>
</trk>
</gpx>
