{"code":"457301901","name":"적상산","lines":[[[35.93004,127.71007],[35.93044,127.70986],[35.93062,127.70913],[35.93018,127.70828],[35.9305,127.70738],[35.93114,127.70682],[35.93133,127.70619],[35.93178,127.70573],[35.93238,127.70528],[35.93289,127.70502],[35.93336,127.70449],[35.93388,127.70393],[35.93429,127.70332],[35.93481,127.70278],[35.93537,127.70246],[35.93592,127.70203],[35.93638,127.70163],[35.93688,127.70118],[35.93724,127.70051],[35.93742,127.69973],[35.93787,127.69929],[35.93831,127.69875],[35.9388,127.69904],[35.93911,127.69982],[35.93957,127.69971],[35.9401,127.69941],[35.94053,127.69902],[35.94102,127.69849],[35.94145,127.69853],[35.94176,127.69868],[35.94177,127.69921],[35.9423,127.69951],[35.94283,127.69906],[35.94308,127.69831],[35.94367,127.69799],[35.94424,127.69752],[35.9447,127.6972],[35.94503,127.69647],[35.94545,127.69599],[35.94596,127.69546],[35.94653,127.69524],[35.9471,127.69534],[35.9477,127.69494],[35.94769,127.69469],[35.94819,127.69416],[35.94863,127.69362],[35.94834,127.69356],[35.94762,127.69368],[35.94698,127.69331],[35.94649,127.69279],[35.94587,127.69316],[35.94546,127.69278],[35.94497,127.6922],[35.94476,127.6915],[35.94528,127.69095],[35.94559,127.69021],[35.94615,127.68995],[35.9469,127.68986],[35.94755,127.68954],[35.94822,127.68913],[35.94887,127.6888],[35.94951,127.68846],[35.95019,127.68798],[35.95099,127.68809],[35.95172,127.68818],[35.95215,127.68803],[35.9528,127.68801],[35.95334,127.68788],[35.95389,127.68743],[35.9539,127.68668],[35.95388,127.68592],[35.95386,127.68511],[35.95385,127.68447],[35.95376,127.68444],[35.95384,127.68417],[35.95408,127.68367],[35.95405,127.68311],[35.95351,127.68345],[35.95347,127.68298],[35.95367,127.68245],[35.95323,127.68237],[35.95356,127.68182],[35.95374,127.68137],[35.95307,127.68133],[35.95239,127.68154],[35.95195,127.68209],[35.95141,127.68246],[35.95065,127.68209],[35.95046,127.68156],[35.95011,127.68083],[35.95029,127.68011],[35.95011,127.67932],[35.94975,127.67862],[35.94943,127.67782],[35.94941,127.677],[35.94942,127.67622],[35.94969,127.67555],[35.94967,127.67478],[35.94987,127.67397],[35.94973,127.67319],[35.94947,127.67267],[35.94901,127.67205],[35.94898,127.67135],[35.94894,127.67047],[35.94908,127.66963],[35.94929,127.66873],[35.94961,127.66786],[35.94991,127.667],[35.95029,127.66607],[35.95076,127.66532],[35.95135,127.66454],[35.95178,127.66371],[35.9523,127.66285],[35.95266,127.66267]]],"poiCounts":{"시종점":5,"분기점":4,"기타":4,"안내판또는지도":3,"이정표":1},"pois":[{"t":"시종점","lat":36.000134,"lng":127.666097},{"t":"분기점","lat":35.993092,"lng":127.666852},{"t":"시종점","lat":35.949611,"lng":127.672747},{"t":"시종점","lat":35.9385,"lng":127.682236},{"t":"분기점","lat":35.954352,"lng":127.683908},{"t":"분기점","lat":35.952916,"lng":127.688434},{"t":"시종점","lat":35.931194,"lng":127.706454},{"t":"기타","lat":35.952239,"lng":127.687808},{"t":"안내판또는지도","d":"안내판","lat":35.965201,"lng":127.684178},{"t":"기타","lat":35.97061,"lng":127.676156},{"t":"안내판또는지도","d":"안내판","lat":35.990481,"lng":127.667133},{"t":"기타","lat":35.992351,"lng":127.666734},{"t":"안내판또는지도","d":"안내판","lat":35.993933,"lng":127.666257},{"t":"이정표","lat":35.999371,"lng":127.663138},{"t":"시종점","lat":36.002793,"lng":127.663618},{"t":"기타","d":"향로봉","lat":35.956639,"lng":127.687033},{"t":"분기점","lat":35.945588,"lng":127.689994}],"peak":[35.95668,127.687225],"nearby":{"clat":35.94576421052631,"clng":127.68914175438594,"stops":[{"name":"치목","lat":35.930039,"lng":127.7098931}],"photos":[{"title":"적상산","url":"https://tong.visitkorea.or.kr/cms/resource_photo/32/4069932_image2_1.jpg","thumb":"https://tong.visitkorea.or.kr/cms/resource_photo/32/4069932_image2_1.jpg","location":"전북특별자치도 무주군 적상면","author":"조영권","keyword":"적상산,전북특별자치도 무주군,전라북도,11월 추천여행지,사진기자단,프레임코리아3기"},{"title":"적상산","url":"https://tong.visitkorea.or.kr/cms/resource_photo/33/4069933_image2_1.jpg","thumb":"https://tong.visitkorea.or.kr/cms/resource_photo/33/4069933_image2_1.jpg","location":"전북특별자치도 무주군 적상면","author":"조영권","keyword":"적상산,전북특별자치도 무주군,전라북도,11월 추천여행지,사진기자단,프레임코리아3기"},{"title":"적상산","url":"https://tong.visitkorea.or.kr/cms/resource_photo/34/4069934_image2_1.jpg","thumb":"https://tong.visitkorea.or.kr/cms/resource_photo/34/4069934_image2_1.jpg","location":"전북특별자치도 무주군 적상면","author":"조영권","keyword":"적상산,전북특별자치도 무주군,전라북도,11월 추천여행지,사진기자단,프레임코리아3기,향로봉,표지석"},{"title":"적상산","url":"https://tong.visitkorea.or.kr/cms/resource_photo/35/4069935_image2_1.jpg","thumb":"https://tong.visitkorea.or.kr/cms/resource_photo/35/4069935_image2_1.jpg","location":"전북특별자치도 무주군 적상면","author":"조영권","keyword":"적상산,전북특별자치도 무주군,전라북도,11월 추천여행지,사진기자단,프레임코리아3기,가을,단풍,추경"},{"title":"적상산","url":"https://tong.visitkorea.or.kr/cms/resource_photo/46/4069946_image2_1.jpg","thumb":"https://tong.visitkorea.or.kr/cms/resource_photo/46/4069946_image2_1.jpg","location":"전북특별자치도 무주군 적상면","author":"조영권","keyword":"적상산,전북특별자치도 무주군,전라북도,11월 추천여행지,사진기자단,프레임코리아3기,가을,단풍,추경,드라이브 코스,도로풍경,산길"},{"title":"적상산","url":"https://tong.visitkorea.or.kr/cms/resource_photo/47/4069947_image2_1.jpg","thumb":"https://tong.visitkorea.or.kr/cms/resource_photo/47/4069947_image2_1.jpg","location":"전북특별자치도 무주군 적상면","author":"조영권","keyword":"적상산,전북특별자치도 무주군,전라북도,11월 추천여행지,사진기자단,프레임코리아3기,가을,단풍,추경,드라이브 코스,도로풍경,산길"},{"title":"무주 안국사","url":"https://tong.visitkorea.or.kr/cms/resource_photo/18/4069918_image2_1.jpg","thumb":"https://tong.visitkorea.or.kr/cms/resource_photo/18/4069918_image2_1.jpg","location":"전북특별자치도 무주군 적상면","author":"조영권","keyword":"무주 안국사,전북특별자치도 무주군,전라북도,절,사찰,불교,적상산,가을,추경,11월 추천여행지,사진기자단,프레임코리아3기"},{"title":"무주 안국사","url":"https://tong.visitkorea.or.kr/cms/resource_photo/27/4069927_image2_1.jpg","thumb":"https://tong.visitkorea.or.kr/cms/resource_photo/27/4069927_image2_1.jpg","location":"전북특별자치도 무주군 적상면","author":"조영권","keyword":"무주 안국사,전북특별자치도 무주군,전라북도,절,사찰,불교,적상산,가을,추경,11월 추천여행지,사진기자단,프레임코리아3기,극락전,국가유산,시도유형문화유산"},{"title":"무주 안국사","url":"https://tong.visitkorea.or.kr/cms/resource_photo/28/4069928_image2_1.jpg","thumb":"https://tong.visitkorea.or.kr/cms/resource_photo/28/4069928_image2_1.jpg","location":"전북특별자치도 무주군 적상면","author":"조영권","keyword":"무주 안국사,전북특별자치도 무주군,전라북도,절,사찰,불교,적상산,가을,추경,11월 추천여행지,사진기자단,프레임코리아3기,드론촬영,드론사진,항공촬영"},{"title":"적상산","url":"http://tong.visitkorea.or.kr/cms2/website/58/2541558.jpg","thumb":"http://tong.visitkorea.or.kr/cms2/website/58/2541558.jpg","location":"전라북도 무주군 적상면","author":"IR 스튜디오","keyword":"적상산, 전라북도 무주군"},{"title":"적상산","url":"http://tong.visitkorea.or.kr/cms2/website/57/2541557.jpg","thumb":"http://tong.visitkorea.or.kr/cms2/website/57/2541557.jpg","location":"전라북도 무주군 적상면","author":"IR 스튜디오","keyword":"적상산, 전라북도 무주군, 적상산 전망대"},{"title":"적상산","url":"http://tong.visitkorea.or.kr/cms2/website/56/2541556.jpg","thumb":"http://tong.visitkorea.or.kr/cms2/website/56/2541556.jpg","location":"전라북도 무주군 적상면","author":"IR 스튜디오","keyword":"적상산, 전라북도 무주군, 적상산 전망대, 향적봉"},{"title":"적상산","url":"http://tong.visitkorea.or.kr/cms2/website/55/2541555.jpg","thumb":"http://tong.visitkorea.or.kr/cms2/website/55/2541555.jpg","location":"전라북도 무주군 적상면","author":"IR 스튜디오","keyword":"적상산, 전라북도 무주군, 적상산 전망대, 향적봉"},{"title":"안국사","url":"http://tong.visitkorea.or.kr/cms2/website/75/1964875.jpg","thumb":"http://tong.visitkorea.or.kr/cms2/website/75/1964875.jpg","location":"전라북도 무주군","author":"한국관광공사 이범수","keyword":"안국사, 적상산 안국사, 무주 안국사, 적상산, 사찰, 절, 무주, 전라북도 무주군, 전라북도무주군"},{"title":"적상산성","url":"http://tong.visitkorea.or.kr/cms2/website/65/1965365.jpg","thumb":"http://tong.visitkorea.or.kr/cms2/website/65/1965365.jpg","location":"전라북도 무주군","author":"한국관광공사 이범수","keyword":"적상산성, 산성, 고려말기 산성, 무주 적상산성, 적상산, 무주, 전라북도 무주군, 전라북도무주군"},{"title":"적상산성","url":"http://tong.visitkorea.or.kr/cms2/website/64/1965364.jpg","thumb":"http://tong.visitkorea.or.kr/cms2/website/64/1965364.jpg","location":"전라북도 무주군","author":"한국관광공사 이범수","keyword":"적상산성, 산성, 고려말기 산성, 무주 적상산성, 적상산, 무주, 전라북도 무주군, 전라북도무주군"},{"title":"적상산성","url":"http://tong.visitkorea.or.kr/cms2/website/63/1965363.jpg",