<?xml version="1.0" encoding="UTF-8"?>
<gpx version="1.1" creator="letnaturechoose" xmlns="http://www.topografix.com/GPX/1/1">
<metadata><name>백운봉 등산로</name></metadata>
<trk><name>백운봉</name>
<trkseg><trkpt lat="36.115448" lon="128.308963"/><trkpt lat="36.115437" lon="128.30908"/><trkpt lat="36.115462" lon="128.309171"/><trkpt lat="36.115473" lon="128.309204"/><trkpt lat="36.115479" lon="128.309227"/><trkpt lat="36.115448" lon="128.309271"/><trkpt lat="36.115407" lon="128.309376"/><trkpt lat="36.115383" lon="128.309519"/><trkpt lat="36.115386" lon="128.309656"/><trkpt lat="36.115378" lon="128.309739"/><trkpt lat="36.115386" lon="128.309816"/><trkpt lat="36.115399" lon="128.30995"/><trkpt lat="36.115404" lon="128.309984"/><trkpt lat="36.115414" lon="128.31008"/><trkpt lat="36.11544" lon="128.310202"/><trkpt lat="36.115452" lon="128.3103"/><trkpt lat="36.115462" lon="128.310418"/><trkpt lat="36.115486" lon="128.310605"/><trkpt lat="36.115491" lon="128.310659"/><trkpt lat="36.115507" lon="128.310774"/><trkpt lat="36.115496" lon="128.310944"/><trkpt lat="36.11553" lon="128.311014"/><trkpt lat="36.115582" lon="128.311143"/><trkpt lat="36.115606" lon="128.311282"/><trkpt lat="36.115639" lon="128.3114"/><trkpt lat="36.115695" lon="128.311553"/><trkpt lat="36.115685" lon="128.311661"/><trkpt lat="36.115644" lon="128.311782"/><trkpt lat="36.115625" lon="128.311892"/><trkpt lat="36.115605" lon="128.312047"/><trkpt lat="36.115575" lon="128.312088"/><trkpt lat="36.115527" lon="128.312177"/><trkpt lat="36.115505" lon="128.312325"/><trkpt lat="36.115553" lon="128.312406"/><trkpt lat="36.115547" lon="128.312502"/><trkpt lat="36.11552" lon="128.312598"/><trkpt lat="36.115485" lon="128.31269"/><trkpt lat="36.115464" lon="128.312801"/><trkpt lat="36.115435" lon="128.31293"/><trkpt lat="36.115396" lon="128.313032"/><trkpt lat="36.115355" lon="128.313166"/><trkpt lat="36.115322" lon="128.313296"/><trkpt lat="36.115327" lon="128.313454"/><trkpt lat="36.115321" lon="128.313548"/><trkpt lat="36.115307" lon="128.31362"/><trkpt lat="36.115285" lon="128.313712"/><trkpt lat="36.115291" lon="128.313805"/><trkpt lat="36.115329" lon="128.313915"/><trkpt lat="36.11531" lon="128.314044"/><trkpt lat="36.11532" lon="128.314171"/><trkpt lat="36.115374" lon="128.314319"/><trkpt lat="36.115468" lon="128.314321"/><trkpt lat="36.115565" lon="128.314274"/><trkpt lat="36.115633" lon="128.314245"/><trkpt lat="36.115727" lon="128.314245"/><trkpt lat="36.115786" lon="128.314256"/><trkpt lat="36.11584" lon="128.314294"/></trkseg>
<trkseg><trkpt lat="36.118922" lon="128.293267"/><trkpt lat="36.119056" lon="128.293353"/><trkpt lat="36.119167" lon="128.293463"/><trkpt lat="36.119229" lon="128.293589"/><trkpt lat="36.119299" lon="128.293679"/><trkpt lat="36.119369" lon="128.293726"/><trkpt lat="36.119456" lon="128.293771"/><trkpt lat="36.119566" lon="128.293869"/><trkpt lat="36.119663" lon="128.293945"/><trkpt lat="36.119755" lon="128.29404"/><trkpt lat="36.119852" lon="128.294078"/><trkpt lat="36.119962" lon="128.294141"/><trkpt lat="36.120031" lon="128.294196"/><trkpt lat="36.120107" lon="128.294257"/><trkpt lat="36.120174" lon="128.294363"/><trkpt lat="36.120207" lon="128.294602"/><trkpt lat="36.120248" lon="128.294767"/><trkpt lat="36.120304" lon="128.294963"/><trkpt lat="36.120325" lon="128.295102"/><trkpt lat="36.120378" lon="128.295175"/><trkpt lat="36.120411" lon="128.295325"/><trkpt lat="36.120404" lon="128.295404"/><trkpt lat="36.120415" lon="128.295505"/><trkpt lat="36.120477" lon="128.295592"/><trkpt lat="36.120482" lon="128.295677"/><trkpt lat="36.120503" lon="128.29577"/><trkpt lat="36.120527" lon="128.295838"/><trkpt lat="36.120636" lon="128.295915"/><trkpt lat="36.120722" lon="128.296002"/><trkpt lat="36.120807" lon="128.29614"/><trkpt lat="36.120866" lon="128.296232"/><trkpt lat="36.12096" lon="128.296349"/><trkpt lat="36.121056" lon="128.296478"/><trkpt lat="36.121141" lon="128.29663"/><trkpt lat="36.121246" lon="128.296791"/><trkpt lat="36.121304" lon="128.296968"/><trkpt lat="36.121349" lon="128.297126"/><trkpt lat="36.121404" lon="128.297264"/><trkpt lat="36.121426" lon="128.297422"/><trkpt lat="36.121415" lon="128.297611"/><trkpt lat="36.121454" lon="128.297789"/><trkpt lat="36.12147" lon="128.297963"/><trkpt lat="36.121506" lon="128.298095"/><trkpt lat="36.121506" lon="128.298185"/><trkpt lat="36.121465" lon="128.298353"/><trkpt lat="36.121444" lon="128.298523"/><trkpt lat="36.121449" lon="128.298673"/><trkpt lat="36.121424" lon="128.298828"/><trkpt lat="36.121387" lon="128.298917"/><trkpt lat="36.121412" lon="128.29903"/><trkpt lat="36.121426" lon="128.299139"/></trkseg>
<trkseg><trkpt lat="36.100125" lon="128.354868"/><trkpt lat="36.100267" lon="128.354708"/><trkpt lat="36.100402" lon="128.354706"/><trkpt lat="36.100471" lon="128.354719"/><trkpt lat="36.100534" lon="128.354712"/><trkpt lat="36.100586" lon="128.35465"/><trkpt lat="36.100626" lon="128.354562"/><trkpt lat="36.100664" lon="128.354494"/><trkpt lat="36.100706" lon="128.354402"/><trkpt lat="36.100724" lon="128.354314"/><trkpt lat="36.100759" lon="128.354222"/><trkpt lat="36.100762" lon="128.354136"/><trkpt lat="36.100772" lon="128.354044"/><trkpt lat="36.100811" lon="128.353969"/><trkpt lat="36.100887" lon="128.353888"/><trkpt lat="36.100881" lon="128.353817"/><trkpt lat="36.100913" lon="128.353729"/><trkpt lat="36.10088" lon="128.353625"/><trkpt lat="36.100799" lon="128.353538"/><trkpt lat="36.100725" lon="128.353447"/><trkpt lat="36.100675" lon="128.353351"/><trkpt lat="36.100651" lon="128.353227"/><trkpt lat="36.100622" lon="128.353103"/><trkpt lat="36.100583" lon="128.35299"/><trkpt lat="36.100532" lon="128.352868"/><trkpt lat="36.100445" lon="128.352721"/><trkpt lat="36.100367" lon="128.352569"/><trkpt lat="36.10032" lon="128.352446"/><trkpt lat="36.10034" lon="128.352292"/><trkpt lat="36.100375" lon="128.352136"/><trkpt lat="36.100447" lon="128.351975"/><trkpt lat="36.100516" lon="128.351821"/><trkpt lat="36.100595" lon="128.351694"/><trkpt lat="36.100673" lon="128.351538"/><trkpt lat="36.10076" lon="128.351406"/><trkpt lat="36.100844" lon="128.35132"/><trkpt lat="36.100916" lon="128.351241"/><trkpt lat="36.100977" lon="128.351185"/></trkseg>
<trkseg><trkpt lat="36.120055" lon="128.33866"/><trkpt lat="36.120117" lon="128.33858"/><trkpt lat="36.120147" lon="128.338426"/><trkpt lat="36.120253" lon="128.338202"/></trkseg>
<trkseg><trkpt lat="36.116702" lon="128.338706"/><trkpt lat="36.11674" lon="128.338684"/><trkpt lat="36.116784" lon="128.338595"/><trkpt lat="36.116789" lon="128.338516"/><trkpt lat="36.116787" lon="128.33845"/><trkpt lat="36.116799" lon="128.338412"/><trkpt lat="36.1168" lon="128.338377"/><trkpt lat="36.116775" lon="128.338212"/><trkpt lat="36.116776" lon="128.338081"/><trkpt lat="36.116777" lon="128.33796"/><trkpt lat="36.116766" lon="128.337838"/><trkpt lat="36.116782" lon="128.33773"/><trkpt lat="36.116796" lon="128.337555"/><trkpt lat="36.116797" lon="128.337371"/><trkpt lat="36.1168" lon="128.337212"/><trkpt lat="36.116895" lon="128.337016"/><trkpt lat="36.11701" lon="128.336837"/><trkpt lat="36.117124" lon="128.3367"/><trkpt lat="36.117268" lon="128.336593"/><trkpt lat="36.117403" lon="128.336487"/><trkpt lat="36.117513" lon="128.336324"/><trkpt lat="36.117566" lon="128.336169"/><trkpt lat="36.117565" lon="128.336053"/><trkpt lat="36.117589" lon="128.335958"/><trkpt lat="36.117633" lon="128.335835"/><trkpt lat="36.117701" lon="128.33572"/><trkpt lat="36.117784" lon="128.335627"/><trkpt lat="36.117832" lon="128.335542"/><trkpt lat="36.117865" lon="128.33544"/><trkpt lat="36.117899" lon="128.335336"/><trkpt lat="36.117948" lon="128.335244"/><trkpt lat="36.117957" lon="128.335148"/><trkpt lat="36.11797" lon="128.335051"/><trkpt lat="36.117988" lon="128.334965"/><trkpt lat="36.11803" lon="128.334905"/><trkpt lat="36.118044" lon="128.334816"/><trkpt lat="36.118035" lon="128.334718"/><trkpt lat="36.118101" lon="128.334613"/><trkpt lat="36.118147" lon="128.334558"/><trkpt lat="36.118192" lon="128.334487"/><trkpt lat="36.118211" lon="128.334481"/><trkpt lat="36.118256" lon="128.334491"/><trkpt lat="36.118381" lon="128.334532"/><trkpt lat="36.118487" lon="128.334542"/><trkpt lat="36.118511" lon="128.334546"/><trkpt lat="36.118528" lon="128.334547"/><trkpt lat="36.118556" lon="128.33454"/><trkpt lat="36.118577" lon="128.334534"/><trkpt lat="36.119164" lon="128.334125"/><trkpt lat="36.119257" lon="128.33401"/><trkpt lat="36.119315" lon="128.333943"/><trkpt lat="36.119358" lon="128.333855"/><trkpt lat="36.119459" lon="128.333727"/><trkpt lat="36.119533" lon="128.333608"/><trkpt lat="36.119585" lon="128.3335"/><trkpt lat="36.11963" lon="128.333402"/><trkpt lat="36.119676" lon="128.333325"/></trkseg>
<trkseg><trkpt lat="36.108193" lon="128.347701"/><trkpt lat="36.108083" lon="128.347716"/><trkpt lat="36.107985" lon="128.347678"/><trkpt lat="36.107963" lon="128.34752"/><trkpt lat="36.107931" lon="128.347384"/><trkpt lat="36.107878" lon="128.347266"/><trkpt lat="36.107896" lon="128.347101"/><trkpt lat="36.107879" lon="128.346963"/><trkpt lat="36.107841" lon="128.34689"/><trkpt lat="36.107804" lon="128.34688"/><trkpt lat="36.107679" lon="128.346795"/><trkpt lat="36.107544" lon="128.346718"/><trkpt lat="36.107394" lon="128.346663"/><trkpt lat="36.107249" lon="128.346703"/><trkpt lat="36.107105" lon="128.346632"/><trkpt lat="36.107003" lon="128.346611"/><trkpt lat="36.106889" lon="128.346545"/><trkpt lat="36.106774" lon="128.346437"/><trkpt lat="36.106636" lon="128.346385"/><trkpt lat="36.106493" lon="128.346337"/><trkpt lat="36.106387" lon="128.346258"/><trkpt lat="36.106288" lon="128.346202"/><trkpt lat="36.106264" lon="128.346085"/><trkpt lat="36.106209" lon="128.346032"/><trkpt lat="36.106142" lon="128.345985"/><trkpt lat="36.106055" lon="128.345918"/><trkpt lat="36.105996" lon="128.345843"/><trkpt lat="36.105896" lon="128.345817"/><trkpt lat="36.105795" lon="128.345871"/><trkpt lat="36.105671" lon="128.345809"/><trkpt lat="36.105559" lon="128.34574"/><trkpt lat="36.105445" lon="128.345664"/><trkpt lat="36.105382" lon="128.34556"/><trkpt lat="36.105317" lon="128.345458"/><trkpt lat="36.105187" lon="128.345426"/><trkpt lat="36.1051" lon="128.345408"/><trkpt lat="36.105072" lon="128.345388"/><trkpt lat="36.104967" lon="128.345409"/><trkpt lat="36.104848" lon="128.345321"/><trkpt lat="36.104827" lon="128.345242"/><trkpt lat="36.104784" lon="128.34515"/><trkpt lat="36.104717" lon="128.345069"/><trkpt lat="36.104675" lon="128.34499"/><trkpt lat="36.104647" lon="128.344957"/><trkpt lat="36.104609" lon="128.344892"/><trkpt lat="36.10463" lon="128.344828"/><trkpt lat="36.104637" lon="128.344695"/><trkpt lat="36.104657" lon="128.344591"/><trkpt lat="36.10464" lon="128.344538"/></trkseg>
<trkseg><trkpt lat="36.109651" lon="128.344397"/><trkpt lat="36.109582" lon="128.344433"/><trkpt lat="36.109479" lon="128.344431"/><trkpt lat="36.109323" lon="128.344479"/><trkpt lat="36.109188" lon="128.344556"/><trkpt lat="36.109099" lon="128.344618"/><trkpt lat="36.109043" lon="128.344629"/><trkpt lat="36.108975" lon="128.344644"/><trkpt lat="36.108927" lon="128.344662"/><trkpt lat="36.108843" lon="128.344692"/><trkpt lat="36.108749" lon="128.344721"/><trkpt lat="36.108675" lon="128.344734"/><trkpt lat="36.108575" lon="128.34472"/><trkpt lat="36.108451" lon="128.344689"/><trkpt lat="36.108378" lon="128.344642"/><trkpt lat="36.108269" lon="128.344595"/><trkpt lat="36.108184" lon="128.344514"/><trkpt lat="36.108117" lon="128.344429"/><trkpt lat="36.108074" lon="128.344403"/><trkpt lat="36.108001" lon="128.344424"/><trkpt lat="36.107921" lon="128.344415"/><trkpt lat="36.10792" lon="128.344394"/><trkpt lat="36.107863" lon="128.344351"/><trkpt lat="36.107782" lon="128.344308"/><trkpt lat="36.107711" lon="128.344252"/><trkpt lat="36.107668" lon="128.344207"/><trkpt lat="36.107594" lon="128.344182"/><trkpt lat="36.107527" lon="128.344185"/><trkpt lat="36.107508" lon="128.344167"/><trkpt lat="36.10749" lon="128.344149"/><trkpt lat="36.107466" lon="128.34415"/><trkpt lat="36.107448" lon="128.344155"/><trkpt lat="36.107428" lon="128.344163"/><trkpt lat="36.10741" lon="128.344166"/><trkpt lat="36.10739" lon="128.344166"/><trkpt lat="36.107188" lon="128.344119"/><trkpt lat="36.10713" lon="128.344083"/><trkpt lat="36.107075" lon="128.344123"/><trkpt lat="36.107001" lon="128.344076"/><trkpt lat="36.106921" lon="128.344057"/><trkpt lat="36.106887" lon="128.344072"/><trkpt lat="36.10685" lon="128.344094"/><trkpt lat="36.106757" lon="128.344118"/><trkpt lat="36.106667" lon="128.344135"/><trkpt lat="36.106552" lon="128.34416"/><trkpt lat="36.106454" lon="128.344171"/><trkpt lat="36.106396" lon="128.344204"/><trkpt lat="36.106331" lon="128.344276"/><trkpt lat="36.106242" lon="128.344336"/><trkpt lat="36.106171" lon="128.344403"/><trkpt lat="36.10608" lon="128.344488"/><trkpt lat="36.105973" lon="128.344434"/><trkpt lat="36.105892" lon="128.344346"/><trkpt lat="36.105822" lon="128.344281"/><trkpt lat="36.105717" lon="128.344294"/><trkpt lat="36.105609" lon="128.344325"/><trkpt lat="36.105495" lon="128.34433"/><trkpt lat="36.105476" lon="128.34434"/><trkpt lat="36.105446" lon="128.344338"/><trkpt lat="36.105349" lon="128.344357"/><trkpt lat="36.105332" lon="128.344362"/><trkpt lat="36.10524" lon="128.344363"/><trkpt lat="36.105224" lon="128.344389"/><trkpt lat="36.105163" lon="128.344418"/><trkpt lat="36.105133" lon="128.344408"/><trkpt lat="36.105019" lon="128.344396"/><trkpt lat="36.104975" lon="128.344464"/><trkpt lat="36.104915" lon="128.344491"/><trkpt lat="36.104887" lon="128.344551"/><trkpt lat="36.10485" lon="128.344567"/><trkpt lat="36.104758" lon="128.344511"/><trkpt lat="36.104744" lon="128.344522"/><trkpt lat="36.104655" lon="128.344535"/><trkpt lat="36.10464" lon="128.344538"/></trkseg>
<trkseg><trkpt lat="36.099425" lon="128.34831"/><trkpt lat="36.099493" lon="128.348265"/><trkpt lat="36.099559" lon="128.348188"/><trkpt lat="36.099669" lon="128.34819"/><trkpt lat="36.099776" lon="128.348267"/><trkpt lat="36.099855" lon="128.348295"/><trkpt lat="36.099928" lon="128.348255"/><trkpt lat="36.100016" lon="128.348257"/><trkpt lat="36.100129" lon="128.34824"/><trkpt lat="36.100172" lon="128.3482"/><trkpt lat="36.100193" lon="128.348179"/><trkpt lat="36.100227" lon="128.348103"/><trkpt lat="36.100313" lon="128.348065"/><trkpt lat="36.100421" lon="128.34802"/><trkpt lat="36.100514" lon="128.348083"/><trkpt lat="36.100597" lon="128.34815"/><trkpt lat="36.10065" lon="128.34819"/><trkpt lat="36.100727" lon="128.34811"/><trkpt lat="36.100822" lon="128.348071"/><trkpt lat="36.100995" lon="128.348146"/><trkpt lat="36.10112" lon="128.348214"/><trkpt lat="36.101231" lon="128.348281"/><trkpt lat="36.101346" lon="128.348406"/><trkpt lat="36.101393" lon="128.348557"/><trkpt lat="36.10141" lon="128.348601"/></trkseg>
<trkseg><trkpt lat="36.129309" lon="128.302255"/><trkpt lat="36.12928" lon="128.302304"/><trkpt lat="36.129217" lon="128.302308"/><trkpt lat="36.129143" lon="128.302279"/><trkpt lat="36.129044" lon="128.302252"/><trkpt lat="36.128979" lon="128.302221"/><trkpt lat="36.128932" lon="128.302227"/><trkpt lat="36.12882" lon="128.30218"/><trkpt lat="36.128796" lon="128.30205"/><trkpt lat="36.128721" lon="128.30199"/><trkpt lat="36.128569" lon="128.302039"/><trkpt lat="36.128434" lon="128.302053"/><trkpt lat="36.128342" lon="128.302041"/><trkpt lat="36.128261" lon="128.302015"/><trkpt lat="36.128161" lon="128.301958"/><trkpt lat="36.128093" lon="128.301896"/><trkpt lat="36.128072" lon="128.301875"/><trkpt lat="36.127964" lon="128.301778"/><trkpt lat="36.12793" lon="128.301786"/><trkpt lat="36.127881" lon="128.301764"/><trkpt lat="36.127803" lon="128.301672"/><trkpt lat="36.127754" lon="128.301583"/><trkpt lat="36.127741" lon="128.301524"/><trkpt lat="36.127691" lon="128.301441"/><trkpt lat="36.127634" lon="128.301324"/><trkpt lat="36.127562" lon="128.301283"/><trkpt lat="36.127485" lon="128.301233"/><trkpt lat="36.12741" lon="128.301203"/><trkpt lat="36.127344" lon="128.301158"/><trkpt lat="36.127269" lon="128.301097"/><trkpt lat="36.127202" lon="128.301031"/><trkpt lat="36.127115" lon="128.300948"/><trkpt lat="36.12703" lon="128.300905"/><trkpt lat="36.126938" lon="128.300889"/><trkpt lat="36.126854" lon="128.30087"/><trkpt lat="36.126827" lon="128.300845"/><trkpt lat="36.126801" lon="128.30077"/><trkpt lat="36.126761" lon="128.300663"/><trkpt lat="36.126683" lon="128.3006"/><trkpt lat="36.126588" lon="128.300548"/><trkpt lat="36.126477" lon="128.300513"/><trkpt lat="36.126389" lon="128.300378"/><trkpt lat="36.126371" lon="128.300228"/><trkpt lat="36.126321" lon="128.300102"/><trkpt lat="36.126264" lon="128.300008"/><trkpt lat="36.126207" lon="128.299904"/><trkpt lat="36.126164" lon="128.299866"/><trkpt lat="36.126102" lon="128.299812"/><trkpt lat="36.126053" lon="128.299739"/><trkpt lat="36.126014" lon="128.299644"/><trkpt lat="36.125921" lon="128.299569"/><trkpt lat="36.125837" lon="128.29956"/><trkpt lat="36.125776" lon="128.299524"/><trkpt lat="36.125708" lon="128.299487"/><trkpt lat="36.125653" lon="128.299437"/><trkpt lat="36.125577" lon="128.299439"/><trkpt lat="36.125492" lon="128.299429"/><trkpt lat="36.125422" lon="128.299389"/><trkpt lat="36.12535" lon="128.299334"/><trkpt lat="36.125269" lon="128.299381"/><trkpt lat="36.125155" lon="128.299353"/><trkpt lat="36.12505" lon="128.299342"/><trkpt lat="36.124964" lon="128.29935"/><trkpt lat="36.124882" lon="128.299324"/><trkpt lat="36.124803" lon="128.299302"/><trkpt lat="36.124747" lon="128.299231"/><trkpt lat="36.124665" lon="128.299155"/><trkpt lat="36.124603" lon="128.299189"/><trkpt lat="36.124533" lon="128.2992"/><trkpt lat="36.124466" lon="128.299166"/><trkpt lat="36.124386" lon="128.299141"/><trkpt lat="36.124313" lon="128.299086"/><trkpt lat="36.124258" lon="128.299041"/><trkpt lat="36.124202" lon="128.299002"/><trkpt lat="36.12415" lon="128.298969"/><trkpt lat="36.124122" lon="128.298929"/><trkpt lat="36.124077" lon="128.298839"/><trkpt lat="36.123988" lon="128.298803"/><trkpt lat="36.12396" lon="128.298722"/><trkpt lat="36.123944" lon="128.298622"/><trkpt lat="36.123933" lon="128.298472"/><trkpt lat="36.123853" lon="128.298401"/><trkpt lat="36.123798" lon="128.298354"/><trkpt lat="36.123697" lon="128.298325"/><trkpt lat="36.123579" lon="128.298268"/><trkpt lat="36.123503" lon="128.298283"/></trkseg>
<trkseg><trkpt lat="36.125623" lon="128.329703"/><trkpt lat="36.125985" lon="128.329249"/><trkpt lat="36.126141" lon="128.329136"/><trkpt lat="36.126235" lon="128.329041"/><trkpt lat="36.126363" lon="128.329028"/><trkpt lat="36.126464" lon="128.329019"/><trkpt lat="36.126551" lon="128.329"/><trkpt lat="36.126591" lon="128.328969"/><trkpt lat="36.126593" lon="128.328945"/><trkpt lat="36.126607" lon="128.328924"/><trkpt lat="36.126621" lon="128.328901"/><trkpt lat="36.126628" lon="128.328868"/><trkpt lat="36.12665" lon="128.328832"/><trkpt lat="36.126673" lon="128.32879"/><trkpt lat="36.12668" lon="128.328714"/></trkseg>
<trkseg><trkpt lat="36.102097" lon="128.335761"/><trkpt lat="36.101829" lon="128.335597"/><trkpt lat="36.101033" lon="128.335645"/></trkseg>
<trkseg><trkpt lat="36.112223" lon="128.31478"/><trkpt lat="36.111942" lon="128.314167"/><trkpt lat="36.111979" lon="128.313964"/><trkpt lat="36.112067" lon="128.313769"/><trkpt lat="36.111959" lon="128.31349"/><trkpt lat="36.112054" lon="128.313322"/><trkpt lat="36.112094" lon="128.313074"/><trkpt lat="36.112146" lon="128.31286"/><trkpt lat="36.112098" lon="128.31268"/><trkpt lat="36.111996" lon="128.312557"/><trkpt lat="36.111973" lon="128.312456"/><trkpt lat="36.111971" lon="128.312345"/><trkpt lat="36.112011" lon="128.312245"/><trkpt lat="36.112077" lon="128.312116"/><trkpt lat="36.112089" lon="128.312023"/><trkpt lat="36.112066" lon="128.311929"/><trkpt lat="36.111982" lon="128.311834"/><trkpt lat="36.111878" lon="128.311708"/><trkpt lat="36.111758" lon="128.311644"/><trkpt lat="36.111663" lon="128.311501"/><trkpt lat="36.11165" lon="128.311346"/><trkpt lat="36.111697" lon="128.311222"/></trkseg>
<trkseg><trkpt lat="36.102047" lon="128.346317"/><trkpt lat="36.101993" lon="128.346165"/><trkpt lat="36.102005" lon="128.346074"/><trkpt lat="36.102041" lon="128.345983"/><trkpt lat="36.102057" lon="128.345868"/><trkpt lat="36.10202" lon="128.345775"/><trkpt lat="36.101995" lon="128.345647"/><trkpt lat="36.10192" lon="128.345536"/><trkpt lat="36.101859" lon="128.345448"/><trkpt lat="36.101773" lon="128.345403"/><trkpt lat="36.101708" lon="128.34536"/><trkpt lat="36.101652" lon="128.345337"/><trkpt lat="36.101584" lon="128.345301"/><trkpt lat="36.101479" lon="128.34531"/><trkpt lat="36.101416" lon="128.345242"/><trkpt lat="36.101352" lon="128.345134"/><trkpt lat="36.101292" lon="128.345026"/><trkpt lat="36.101232" lon="128.344867"/><trkpt lat="36.101176" lon="128.344746"/><trkpt lat="36.101081" lon="128.344654"/><trkpt lat="36.101009" lon="128.344537"/><trkpt lat="36.100959" lon="128.344415"/><trkpt lat="36.100952" lon="128.344275"/><trkpt lat="36.100991" lon="128.344109"/><trkpt lat="36.101038" lon="128.343999"/><trkpt lat="36.101008" lon="128.343916"/><trkpt lat="36.100947" lon="128.34386"/><trkpt lat="36.10094" lon="128.34376"/><trkpt lat="36.100953" lon="128.343684"/></trkseg>
<trkseg><trkpt lat="36.126409" lon="128.328431"/><trkpt lat="36.126441" lon="128.328319"/><trkpt lat="36.126389" lon="128.328141"/><trkpt lat="36.126359" lon="128.327936"/><trkpt lat="36.126339" lon="128.3277"/><trkpt lat="36.126303" lon="128.327461"/><trkpt lat="36.126234" lon="128.327265"/><trkpt lat="36.126198" lon="128.327145"/><trkpt lat="36.126173" lon="128.327061"/><trkpt lat="36.126159" lon="128.327001"/><trkpt lat="36.126139" lon="128.326947"/><trkpt lat="36.12613" lon="128.32693"/></trkseg>
<trkseg><trkpt lat="36.104467" lon="128.322705"/><trkpt lat="36.104561" lon="128.322888"/><trkpt lat="36.104681" lon="128.322936"/><trkpt lat="36.104756" lon="128.323004"/><trkpt lat="36.10482" lon="128.323116"/><trkpt lat="36.104926" lon="128.323153"/><trkpt lat="36.105018" lon="128.323202"/><trkpt lat="36.105081" lon="128.323286"/><trkpt lat="36.105139" lon="128.323396"/><trkpt lat="36.105196" lon="128.323496"/><trkpt lat="36.105277" lon="128.323558"/><trkpt lat="36.105359" lon="128.323618"/><trkpt lat="36.105447" lon="128.323729"/><trkpt lat="36.105607" lon="128.323808"/><trkpt lat="36.105726" lon="128.323911"/><trkpt lat="36.105786" lon="128.32402"/><trkpt lat="36.105828" lon="128.324151"/><trkpt lat="36.105882" lon="128.32429"/><trkpt lat="36.105908" lon="128.32444"/><trkpt lat="36.105929" lon="128.324585"/><trkpt lat="36.105941" lon="128.324732"/><trkpt lat="36.105946" lon="128.324909"/><trkpt lat="36.105952" lon="128.325082"/><trkpt lat="36.105999" lon="128.325108"/><trkpt lat="36.106017" lon="128.325179"/><trkpt lat="36.106051" lon="128.325342"/><trkpt lat="36.106037" lon="128.325439"/><trkpt lat="36.106003" lon="128.325588"/><trkpt lat="36.10602" lon="128.325694"/><trkpt lat="36.106038" lon="128.325855"/><trkpt lat="36.106043" lon="128.326018"/><trkpt lat="36.106035" lon="128.326155"/><trkpt lat="36.106053" lon="128.326309"/><trkpt lat="36.106073" lon="128.326428"/><trkpt lat="36.106048" lon="128.326603"/><trkpt lat="36.106015" lon="128.326782"/><trkpt lat="36.105997" lon="128.326977"/><trkpt lat="36.105959" lon="128.327103"/><trkpt lat="36.105896" lon="128.327228"/><trkpt lat="36.105875" lon="128.327339"/><trkpt lat="36.105918" lon="128.327441"/><trkpt lat="36.105971" lon="128.327557"/><trkpt lat="36.106019" lon="128.327669"/><trkpt lat="36.106015" lon="128.327784"/><trkpt lat="36.106062" lon="128.327902"/><trkpt lat="36.106095" lon="128.32801"/><trkpt lat="36.106159" lon="128.328078"/><trkpt lat="36.106222" lon="128.328184"/><trkpt lat="36.106306" lon="128.328284"/><trkpt lat="36.106393" lon="128.328313"/><trkpt lat="36.106514" lon="128.328407"/><trkpt lat="36.106659" lon="128.3285"/><trkpt lat="36.106727" lon="128.328619"/><trkpt lat="36.106693" lon="128.32878"/><trkpt lat="36.106618" lon="128.328937"/><trkpt lat="36.106511" lon="128.329097"/><trkpt lat="36.106423" lon="128.329215"/><trkpt lat="36.105865" lon="128.328696"/><trkpt lat="36.105715" lon="128.328492"/></trkseg>
<trkseg><trkpt lat="36.126167" lon="128.326876"/><trkpt lat="36.126083" lon="128.326713"/><trkpt lat="36.12602" lon="128.32666"/><trkpt lat="36.125994" lon="128.326651"/><trkpt lat="36.12591" lon="128.326557"/><trkpt lat="36.125894" lon="128.326541"/><trkpt lat="36.125885" lon="128.326528"/><trkpt lat="36.125813" lon="128.326433"/><trkpt lat="36.125775" lon="128.326368"/><trkpt lat="36.125703" lon="128.326295"/><trkpt lat="36.125614" lon="128.326203"/><trkpt lat="36.125506" lon="128.32613"/><trkpt lat="36.125395" lon="128.326143"/><trkpt lat="36.125233" lon="128.32618"/><trkpt lat="36.125164" lon="128.326189"/></trkseg>
<trkseg><trkpt lat="36.094102" lon="128.328821"/><trkpt lat="36.09416" lon="128.328876"/><trkpt lat="36.094255" lon="128.328909"/><trkpt lat="36.094368" lon="128.328875"/><trkpt lat="36.094443" lon="128.328865"/><trkpt lat="36.094531" lon="128.328897"/><trkpt lat="36.094626" lon="128.328969"/><trkpt lat="36.094674" lon="128.329062"/><trkpt lat="36.094687" lon="128.329102"/></trkseg>
<trkseg><trkpt lat="36.127219" lon="128.326996"/><trkpt lat="36.127114" lon="128.32695"/><trkpt lat="36.126972" lon="128.326874"/><trkpt lat="36.126831" lon="128.326768"/><trkpt lat="36.126572" lon="128.326755"/><trkpt lat="36.12656" lon="128.326769"/><trkpt lat="36.126553" lon="128.326786"/><trkpt lat="36.126546" lon="128.326804"/><trkpt lat="36.126537" lon="128.326825"/><trkpt lat="36.126418" lon="128.326809"/><trkpt lat="36.126364" lon="128.326756"/></trkseg>
<trkseg><trkpt lat="36.11793" lon="128.337281"/><trkpt lat="36.117967" lon="128.337197"/><trkpt lat="36.118041" lon="128.337097"/><trkpt lat="36.118125" lon="128.336991"/><trkpt lat="36.11813" lon="128.336885"/><trkpt lat="36.118183" lon="128.336766"/><trkpt lat="36.118259" lon="128.336669"/><trkpt lat="36.118336" lon="128.336573"/><trkpt lat="36.11842" lon="128.336453"/><trkpt lat="36.118489" lon="128.336464"/><trkpt lat="36.118606" lon="128.336536"/><trkpt lat="36.118721" lon="128.336596"/><trkpt lat="36.118859" lon="128.336621"/><trkpt lat="36.118891" lon="128.33656"/><trkpt lat="36.118873" lon="128.336448"/><trkpt lat="36.118941" lon="128.336351"/><trkpt lat="36.119033" lon="128.336267"/><trkpt lat="36.119119" lon="128.336212"/><trkpt lat="36.119211" lon="128.336133"/><trkpt lat="36.119307" lon="128.336077"/><trkpt lat="36.119399" lon="128.33602"/><trkpt lat="36.119472" lon="128.335964"/><trkpt lat="36.119545" lon="128.335937"/><trkpt lat="36.119622" lon="128.33589"/><trkpt lat="36.119683" lon="128.335835"/><trkpt lat="36.119735" lon="128.335802"/><trkpt lat="36.119812" lon="128.335804"/><trkpt lat="36.119929" lon="128.335776"/><trkpt lat="36.119995" lon="128.335761"/></trkseg>
<trkseg><trkpt lat="36.100977" lon="128.351185"/><trkpt lat="36.101063" lon="128.351239"/><trkpt lat="36.101121" lon="128.351275"/><trkpt lat="36.101211" lon="128.351317"/><trkpt lat="36.10129" lon="128.351324"/><trkpt lat="36.101352" lon="128.351381"/><trkpt lat="36.101389" lon="128.351481"/><trkpt lat="36.101441" lon="128.351533"/><trkpt lat="36.101501" lon="128.351625"/><trkpt lat="36.101545" lon="128.351703"/><trkpt lat="36.10164" lon="128.351757"/><trkpt lat="36.101786" lon="128.351857"/><trkpt lat="36.101895" lon="128.351978"/><trkpt lat="36.101998" lon="128.352105"/><trkpt lat="36.102039" lon="128.352171"/><trkpt lat="36.102081" lon="128.352233"/><trkpt lat="36.10216" lon="128.352322"/><trkpt lat="36.102255" lon="128.352454"/></trkseg>
<trkseg><trkpt lat="36.081173" lon="128.353037"/><trkpt lat="36.081104" lon="128.353052"/><trkpt lat="36.081037" lon="128.353084"/><trkpt lat="36.080944" lon="128.353112"/><trkpt lat="36.080841" lon="128.353097"/><trkpt lat="36.080772" lon="128.35312"/><trkpt lat="36.080653" lon="128.353088"/><trkpt lat="36.080572" lon="128.353059"/><trkpt lat="36.080511" lon="128.35296"/><trkpt lat="36.080466" lon="128.352932"/><trkpt lat="36.080399" lon="128.352923"/><trkpt lat="36.080338" lon="128.35287"/><trkpt lat="36.080296" lon="128.352792"/><trkpt lat="36.080191" lon="128.352727"/><trkpt lat="36.080087" lon="128.352662"/><trkpt lat="36.080006" lon="128.352562"/><trkpt lat="36.079919" lon="128.352506"/><trkpt lat="36.079844" lon="128.352382"/><trkpt lat="36.079738" lon="128.352312"/><trkpt lat="36.079629" lon="128.352226"/><trkpt lat="36.079546" lon="128.352096"/><trkpt lat="36.079467" lon="128.351957"/><trkpt lat="36.079442" lon="128.351911"/><trkpt lat="36.079438" lon="128.3518"/><trkpt lat="36.079456" lon="128.351671"/><trkpt lat="36.079493" lon="128.351569"/><trkpt lat="36.079569" lon="128.35147"/><trkpt lat="36.079629" lon="128.351407"/><trkpt lat="36.079672" lon="128.351384"/><trkpt lat="36.079765" lon="128.351303"/><trkpt lat="36.079836" lon="128.351262"/><trkpt lat="36.079854" lon="128.35124"/><trkpt lat="36.079863" lon="128.351223"/><trkpt lat="36.079956" lon="128.350933"/><trkpt lat="36.080019" lon="128.3508"/><trkpt lat="36.080044" lon="128.350668"/><trkpt lat="36.080028" lon="128.350531"/><trkpt lat="36.080005" lon="128.350417"/><trkpt lat="36.079949" lon="128.350268"/><trkpt lat="36.079894" lon="128.350129"/><trkpt lat="36.079846" lon="128.349965"/><trkpt lat="36.079804" lon="128.34985"/><trkpt lat="36.079756" lon="128.34976"/><trkpt lat="36.079727" lon="128.349702"/><trkpt lat="36.079714" lon="128.349686"/><trkpt lat="36.079704" lon="128.349663"/><trkpt lat="36.079687" lon="128.349638"/><trkpt lat="36.079668" lon="128.349611"/><trkpt lat="36.079586" lon="128.349423"/><trkpt lat="36.079543" lon="128.349264"/><trkpt lat="36.079512" lon="128.349189"/><trkpt lat="36.07949" lon="128.349079"/><trkpt lat="36.079467" lon="128.348916"/><trkpt lat="36.079481" lon="128.348706"/><trkpt lat="36.079451" lon="128.348502"/><trkpt lat="36.079397" lon="128.34835"/><trkpt lat="36.07935" lon="128.348258"/><trkpt lat="36.079332" lon="128.348169"/><trkpt lat="36.079351" lon="128.348035"/><trkpt lat="36.07939" lon="128.347948"/><trkpt lat="36.079448" lon="128.347837"/><trkpt lat="36.079503" lon="128.34772"/><trkpt lat="36.079537" lon="128.347604"/><trkpt lat="36.079501" lon="128.347481"/><trkpt lat="36.079432" lon="128.347351"/><trkpt lat="36.079377" lon="128.347242"/><trkpt lat="36.07932" lon="128.347084"/><trkpt lat="36.079276" lon="128.346993"/><trkpt lat="36.079253" lon="128.34698"/><trkpt lat="36.079146" lon="128.346867"/><trkpt lat="36.079101" lon="128.346775"/><trkpt lat="36.079051" lon="128.346668"/><trkpt lat="36.078986" lon="128.346525"/><trkpt lat="36.078887" lon="128.34639"/><trkpt lat="36.0788" lon="128.34624"/><trkpt lat="36.078731" lon="128.346066"/><trkpt lat="36.078668" lon="128.345903"/><trkpt lat="36.078532" lon="128.345755"/><trkpt lat="36.078428" lon="128.34562"/><trkpt lat="36.078294" lon="128.345526"/><trkpt lat="36.078164" lon="128.345471"/><trkpt lat="36.078049" lon="128.345428"/><trkpt lat="36.077942" lon="128.345417"/><trkpt lat="36.07785" lon="128.345498"/><trkpt lat="36.077806" lon="128.345529"/><trkpt lat="36.077719" lon="128.345521"/><trkpt lat="36.077665" lon="128.345443"/><trkpt lat="36.077597" lon="128.345319"/><trkpt lat="36.077569" lon="128.345196"/><trkpt lat="36.077558" lon="128.34502"/><trkpt lat="36.077508" lon="128.344876"/><trkpt lat="36.077377" lon="128.34485"/><trkpt lat="36.077354" lon="128.344767"/></trkseg>
<trkseg><trkpt lat="36.108078" lon="128.321657"/><trkpt lat="36.108127" lon="128.321816"/><trkpt lat="36.108051" lon="128.321937"/><trkpt lat="36.107996" lon="128.322003"/><trkpt lat="36.107992" lon="128.322116"/><trkpt lat="36.108001" lon="128.322254"/><trkpt lat="36.108048" lon="128.322332"/><trkpt lat="36.108065" lon="128.322431"/><trkpt lat="36.108101" lon="128.322532"/><trkpt lat="36.108139" lon="128.322635"/><trkpt lat="36.108192" lon="128.322765"/><trkpt lat="36.108275" lon="128.322914"/><trkpt lat="36.108292" lon="128.322985"/><trkpt lat="36.108333" lon="128.323067"/><trkpt lat="36.108311" lon="128.323148"/><trkpt lat="36.108319" lon="128.323232"/><trkpt lat="36.108358" lon="128.323297"/><trkpt lat="36.108359" lon="128.323352"/><trkpt lat="36.108382" lon="128.323436"/><trkpt lat="36.108363" lon="128.323532"/><trkpt lat="36.108365" lon="128.323623"/><trkpt lat="36.10837" lon="128.323748"/><trkpt lat="36.108422" lon="128.323839"/><trkpt lat="36.10846" lon="128.323943"/><trkpt lat="36.108472" lon="128.324084"/><trkpt lat="36.108452" lon="128.32421"/><trkpt lat="36.108431" lon="128.324349"/><trkpt lat="36.108447" lon="128.324462"/><trkpt lat="36.108349" lon="128.324581"/><trkpt lat="36.108298" lon="128.324707"/><trkpt lat="36.108278" lon="128.324842"/><trkpt lat="36.108241" lon="128.324975"/><trkpt lat="36.108235" lon="128.325128"/><trkpt lat="36.108231" lon="128.325281"/><trkpt lat="36.108271" lon="128.325421"/><trkpt lat="36.108287" lon="128.325562"/><trkpt lat="36.108345" lon="128.3257"/><trkpt lat="36.108432" lon="128.325814"/><trkpt lat="36.108509" lon="128.325857"/><trkpt lat="36.108528" lon="128.325954"/><trkpt lat="36.108574" lon="128.326021"/><trkpt lat="36.108627" lon="128.326125"/><trkpt lat="36.108675" lon="128.326208"/><trkpt lat="36.108749" lon="128.326257"/><trkpt lat="36.108785" lon="128.326323"/><trkpt lat="36.108788" lon="128.326456"/><trkpt lat="36.108786" lon="128.326527"/><trkpt lat="36.108806" lon="128.326613"/><trkpt lat="36.108818" lon="128.326687"/><trkpt lat="36.108824" lon="128.326785"/><trkpt lat="36.108832" lon="128.326923"/><trkpt lat="36.108834" lon="128.327031"/><trkpt lat="36.108846" lon="128.327171"/><trkpt lat="36.108871" lon="128.327303"/><trkpt lat="36.108887" lon="128.32746"/><trkpt lat="36.108873" lon="128.327548"/><trkpt lat="36.108903" lon="128.327688"/><trkpt lat="36.108921" lon="128.32784"/><trkpt lat="36.108889" lon="128.327971"/><trkpt lat="36.108865" lon="128.328067"/><trkpt lat="36.108906" lon="128.328114"/><trkpt lat="36.108919" lon="128.328217"/><trkpt lat="36.108938" lon="128.328324"/><trkpt lat="36.108938" lon="128.328427"/><trkpt lat="36.108939" lon="128.328562"/><trkpt lat="36.108931" lon="128.328672"/><trkpt lat="36.108927" lon="128.328759"/><trkpt lat="36.108905" lon="128.328904"/><trkpt lat="36.108916" lon="128.329009"/><trkpt lat="36.108929" lon="128.329113"/><trkpt lat="36.108966" lon="128.329218"/><trkpt lat="36.109011" lon="128.329311"/><trkpt lat="36.109042" lon="128.32938"/><trkpt lat="36.109074" lon="128.329429"/><trkpt lat="36.109092" lon="128.32952"/><trkpt lat="36.109127" lon="128.329578"/><trkpt lat="36.109149" lon="128.329635"/><trkpt lat="36.109203" lon="128.329655"/><trkpt lat="36.109296" lon="128.329659"/><trkpt lat="36.10938" lon="128.32965"/><trkpt lat="36.109403" lon="128.329644"/><trkpt lat="36.109454" lon="128.329645"/><trkpt lat="36.109506" lon="128.329643"/><trkpt lat="36.109594" lon="128.32963"/><trkpt lat="36.109672" lon="128.32966"/><trkpt lat="36.109759" lon="128.329715"/><trkpt lat="36.109771" lon="128.329767"/><trkpt lat="36.109792" lon="128.329861"/><trkpt lat="36.10983" lon="128.329991"/><trkpt lat="36.109818" lon="128.330015"/><trkpt lat="36.109836" lon="128.330092"/><trkpt lat="36.109845" lon="128.330207"/><trkpt lat="36.109841" lon="128.330315"/><trkpt lat="36.109885" lon="128.330382"/><trkpt lat="36.109937" lon="128.330445"/><trkpt lat="36.109967" lon="128.330475"/><trkpt lat="36.110004" lon="128.330524"/><trkpt lat="36.110084" lon="128.330574"/><trkpt lat="36.11017" lon="128.330556"/><trkpt lat="36.110178" lon="128.33057"/></trkseg>
<trkseg><trkpt lat="36.10734" lon="128.321738"/><trkpt lat="36.107326" lon="128.321905"/><trkpt lat="36.107372" lon="128.322033"/><trkpt lat="36.107366" lon="128.32216"/><trkpt lat="36.107385" lon="128.322272"/><trkpt lat="36.107359" lon="128.322383"/><trkpt lat="36.107395" lon="128.322493"/><trkpt lat="36.107427" lon="128.322608"/><trkpt lat="36.107429" lon="128.32273"/><trkpt lat="36.107403" lon="128.322776"/><trkpt lat="36.107377" lon="128.322787"/><trkpt lat="36.1073" lon="128.322754"/><trkpt lat="36.107217" lon="128.322738"/><trkpt lat="36.107149" lon="128.322757"/><trkpt lat="36.107097" lon="128.322842"/><trkpt lat="36.107059" lon="128.322919"/><trkpt lat="36.107042" lon="128.323026"/><trkpt lat="36.10702" lon="128.323132"/><trkpt lat="36.107043" lon="128.32327"/><trkpt lat="36.107006" lon="128.323358"/><trkpt lat="36.106968" lon="128.3235"/><trkpt lat="36.106929" lon="128.323611"/><trkpt lat="36.106895" lon="128.323719"/><trkpt lat="36.106838" lon="128.32378"/><trkpt lat="36.106827" lon="128.323872"/><trkpt lat="36.106845" lon="128.324024"/><trkpt lat="36.10687" lon="128.324163"/><trkpt lat="36.106868" lon="128.324254"/><trkpt lat="36.106832" lon="128.324362"/><trkpt lat="36.106799" lon="128.324486"/><trkpt lat="36.106742" lon="128.324594"/><trkpt lat="36.106725" lon="128.324713"/><trkpt lat="36.106751" lon="128.324818"/><trkpt lat="36.106854" lon="128.324835"/><trkpt lat="36.10697" lon="128.324947"/><trkpt lat="36.107059" lon="128.325083"/><trkpt lat="36.107079" lon="128.325273"/><trkpt lat="36.107074" lon="128.325468"/><trkpt lat="36.107032" lon="128.325648"/><trkpt lat="36.107017" lon="128.325799"/><trkpt lat="36.107017" lon="128.325968"/><trkpt lat="36.107046" lon="128.326151"/><trkpt lat="36.106979" lon="128.32628"/><trkpt lat="36.106957" lon="128.326435"/><trkpt lat="36.106965" lon="128.326619"/><trkpt lat="36.106955" lon="128.326764"/><trkpt lat="36.106971" lon="128.326901"/><trkpt lat="36.10696" lon="128.327063"/><trkpt lat="36.106943" lon="128.327194"/><trkpt lat="36.106913" lon="128.327323"/><trkpt lat="36.106923" lon="128.327474"/><trkpt lat="36.106932" lon="128.327594"/><trkpt lat="36.107021" lon="128.327665"/><trkpt lat="36.107083" lon="128.327772"/><trkpt lat="36.107087" lon="128.327864"/><trkpt lat="36.107122" lon="128.327944"/><trkpt lat="36.10715" lon="128.328087"/><trkpt lat="36.107084" lon="128.328236"/><trkpt lat="36.107046" lon="128.328302"/><trkpt lat="36.107014" lon="128.328502"/><trkpt lat="36.107" lon="128.328685"/><trkpt lat="36.106984" lon="128.328877"/><trkpt lat="36.106972" lon="128.329038"/><trkpt lat="36.106918" lon="128.329186"/><trkpt lat="36.106889" lon="128.329345"/><trkpt lat="36.106873" lon="128.329521"/><trkpt lat="36.106748" lon="128.329634"/><trkpt lat="36.106661" lon="128.329736"/><trkpt lat="36.106608" lon="128.329808"/></trkseg>
<trkseg><trkpt lat="36.102255" lon="128.352454"/><trkpt lat="36.102143" lon="128.352525"/><trkpt lat="36.102108" lon="128.352683"/><trkpt lat="36.102021" lon="128.352824"/><trkpt lat="36.10195" lon="128.352978"/><trkpt lat="36.101852" lon="128.353066"/><trkpt lat="36.101855" lon="128.353355"/><trkpt lat="36.10189" lon="128.353438"/></trkseg>
<trkseg><trkpt lat="36.105007" lon="128.340689"/><trkpt lat="36.10495" lon="128.340705"/><trkpt lat="36.104922" lon="128.340729"/><trkpt lat="36.10483" lon="128.340805"/><trkpt lat="36.104747" lon="128.340857"/><trkpt lat="36.104657" lon="128.340885"/><trkpt lat="36.104503" lon="128.340896"/><trkpt lat="36.104323" lon="128.340913"/><trkpt lat="36.104174" lon="128.34094"/><trkpt lat="36.104034" lon="128.34096"/><trkpt lat="36.103865" lon="128.34096"/><trkpt lat="36.103747" lon="128.34096"/><trkpt lat="36.103632" lon="128.340956"/><trkpt lat="36.103466" lon="128.340992"/><trkpt lat="36.103324" lon="128.34104"/><trkpt lat="36.103182" lon="128.341101"/><trkpt lat="36.103043" lon="128.341135"/><trkpt lat="36.102957" lon="128.341163"/><trkpt lat="36.102819" lon="128.341169"/><trkpt lat="36.102677" lon="128.341157"/><trkpt lat="36.102558" lon="128.341121"/><trkpt lat="36.102445" lon="128.34111"/><trkpt lat="36.102333" lon="128.34117"/><trkpt lat="36.102214" lon="128.341198"/><trkpt lat="36.102125" lon="128.341187"/><trkpt lat="36.102055" lon="128.341182"/><trkpt lat="36.10197" lon="128.341189"/><trkpt lat="36.101888" lon="128.341204"/><trkpt lat="36.101787" lon="128.341213"/><trkpt lat="36.10163" lon="128.341207"/><trkpt lat="36.101494" lon="128.341247"/><trkpt lat="36.101361" lon="128.341229"/><trkpt lat="36.101206" lon="128.341258"/><trkpt lat="36.101122" lon="128.341265"/><trkpt lat="36.101048" lon="128.341271"/></trkseg>
<trkseg><trkpt lat="36.094906" lon="128.296346"/><trkpt lat="36.094986" lon="128.296439"/><trkpt lat="36.095053" lon="128.296522"/><trkpt lat="36.095142" lon="128.296636"/><trkpt lat="36.095238" lon="128.296772"/><trkpt lat="36.095169" lon="128.297062"/></trkseg>
<trkseg><trkpt lat="36.123077" lon="128.336882"/><trkpt lat="36.122952" lon="128.336822"/><trkpt lat="36.122775" lon="128.336737"/><trkpt lat="36.122622" lon="128.336689"/><trkpt lat="36.122485" lon="128.336604"/><trkpt lat="36.12238" lon="128.336569"/><trkpt lat="36.122295" lon="128.336555"/><trkpt lat="36.122153" lon="128.336547"/><trkpt lat="36.122132" lon="128.336548"/></trkseg>
<trkseg><trkpt lat="36.102384" lon="128.354065"/><trkpt lat="36.102449" lon="128.354028"/><trkpt lat="36.102544" lon="128.353955"/><trkpt lat="36.102603" lon="128.35389"/><trkpt lat="36.102701" lon="128.35377"/><trkpt lat="36.102765" lon="128.353602"/><trkpt lat="36.102749" lon="128.353508"/><trkpt lat="36.10271" lon="128.35334"/><trkpt lat="36.102701" lon="128.353174"/></trkseg>
<trkseg><trkpt lat="36.12302" lon="128.330441"/><trkpt lat="36.122922" lon="128.330469"/><trkpt lat="36.122828" lon="128.330439"/><trkpt lat="36.122711" lon="128.330439"/><trkpt lat="36.122673" lon="128.330445"/></trkseg>
<trkseg><trkpt lat="36.09655" lon="128.341179"/><trkpt lat="36.096661" lon="128.341193"/><trkpt lat="36.096719" lon="128.341236"/><trkpt lat="36.096796" lon="128.34122"/><trkpt lat="36.096867" lon="128.341182"/><trkpt lat="36.096953" lon="128.341139"/><trkpt lat="36.097009" lon="128.341112"/><trkpt lat="36.097084" lon="128.341111"/><trkpt lat="36.097193" lon="128.341093"/><trkpt lat="36.097251" lon="128.341162"/><trkpt lat="36.097356" lon="128.34114"/><trkpt lat="36.097507" lon="128.341154"/><trkpt lat="36.097596" lon="128.341175"/><trkpt lat="36.097663" lon="128.341214"/><trkpt lat="36.097731" lon="128.341272"/><trkpt lat="36.097757" lon="128.341282"/><trkpt lat="36.097783" lon="128.341299"/><trkpt lat="36.097801" lon="128.341313"/><trkpt lat="36.097912" lon="128.341279"/><trkpt lat="36.097964" lon="128.341339"/><trkpt lat="36.09811" lon="128.341401"/><trkpt lat="36.098139" lon="128.341394"/><trkpt lat="36.098156" lon="128.341371"/><trkpt lat="36.098246" lon="128.341325"/><trkpt lat="36.098263" lon="128.34133"/><trkpt lat="36.098274" lon="128.341364"/><trkpt lat="36.09829" lon="128.341373"/><trkpt lat="36.098494" lon="128.341328"/><trkpt lat="36.098542" lon="128.341306"/><trkpt lat="36.098557" lon="128.341302"/><trkpt lat="36.098687" lon="128.341284"/><trkpt lat="36.098825" lon="128.341275"/><trkpt lat="36.098906" lon="128.34127"/><trkpt lat="36.099022" lon="128.341232"/><trkpt lat="36.099163" lon="128.341181"/><trkpt lat="36.099274" lon="128.341121"/><trkpt lat="36.099419" lon="128.341074"/><trkpt lat="36.099578" lon="128.341113"/><trkpt lat="36.09969" lon="128.34103"/><trkpt lat="36.099731" lon="128.341007"/><trkpt lat="36.099756" lon="128.341014"/><trkpt lat="36.099837" lon="128.341053"/><trkpt lat="36.09986" lon="128.341065"/><trkpt lat="36.099943" lon="128.34112"/><trkpt lat="36.10002" lon="128.34116"/><trkpt lat="36.100111" lon="128.341119"/><trkpt lat="36.100145" lon="128.341214"/><trkpt lat="36.100195" lon="128.3413"/><trkpt lat="36.100271" lon="128.341355"/><trkpt lat="36.100386" lon="128.341392"/><trkpt lat="36.100516" lon="128.341373"/><trkpt lat="36.100633" lon="128.341344"/><trkpt lat="36.100754" lon="128.341303"/><trkpt lat="36.100879" lon="128.341277"/><trkpt lat="36.101048" lon="128.341271"/></trkseg>
<trkseg><trkpt lat="36.073411" lon="128.347982"/><trkpt lat="36.073489" lon="128.348002"/><trkpt lat="36.073613" lon="128.347964"/><trkpt lat="36.073744" lon="128.347933"/><trkpt lat="36.073831" lon="128.348069"/><trkpt lat="36.073879" lon="128.34824"/><trkpt lat="36.073927" lon="128.348412"/><trkpt lat="36.073974" lon="128.348583"/><trkpt lat="36.074005" lon="128.348756"/><trkpt lat="36.07401" lon="128.348956"/><trkpt lat="36.073984" lon="128.349145"/><trkpt lat="36.073929" lon="128.349309"/><trkpt lat="36.07392" lon="128.349502"/><trkpt lat="36.073837" lon="128.349578"/><trkpt lat="36.073763" lon="128.349507"/><trkpt lat="36.073695" lon="128.3494"/><trkpt lat="36.073578" lon="128.349376"/><trkpt lat="36.07349" lon="128.349287"/><trkpt lat="36.073397" lon="128.3492"/><trkpt lat="36.073336" lon="128.349143"/></trkseg>
<trkseg><trkpt lat="36.096031" lon="128.340417"/><trkpt lat="36.096121" lon="128.340353"/><trkpt lat="36.096197" lon="128.340319"/><trkpt lat="36.096288" lon="128.340278"/><trkpt lat="36.096395" lon="128.340145"/><trkpt lat="36.096423" lon="128.340112"/><trkpt lat="36.096454" lon="128.340081"/><trkpt lat="36.096515" lon="128.340033"/><trkpt lat="36.096598" lon="128.339975"/><trkpt lat="36.096669" lon="128.339887"/><trkpt lat="36.097001" lon="128.339787"/><trkpt lat="36.097024" lon="128.339784"/><trkpt lat="36.097092" lon="128.339758"/><trkpt lat="36.097098" lon="128.339699"/><trkpt lat="36.097089" lon="128.339647"/><trkpt lat="36.097097" lon="128.33959"/><trkpt lat="36.097245" lon="128.33937"/><trkpt lat="36.097258" lon="128.339347"/><trkpt lat="36.09727" lon="128.339324"/><trkpt lat="36.097281" lon="128.339301"/><trkpt lat="36.097291" lon="128.339276"/><trkpt lat="36.097304" lon="128.339251"/><trkpt lat="36.09732" lon="128.339224"/><trkpt lat="36.09734" lon="128.3392"/><trkpt lat="36.097359" lon="128.339174"/><trkpt lat="36.097467" lon="128.339075"/><trkpt lat="36.097559" lon="128.338985"/><trkpt lat="36.097581" lon="128.338967"/><trkpt lat="36.097608" lon="128.338948"/><trkpt lat="36.097676" lon="128.33892"/><trkpt lat="36.097746" lon="128.338888"/><trkpt lat="36.097766" lon="128.338879"/><trkpt lat="36.097803" lon="128.338893"/><trkpt lat="36.097861" lon="128.338921"/><trkpt lat="36.097959" lon="128.338927"/><trkpt lat="36.09794" lon="128.338929"/><trkpt lat="36.098006" lon="128.338932"/><trkpt lat="36.098023" lon="128.33893"/><trkpt lat="36.098037" lon="128.338921"/><trkpt lat="36.098047" lon="128.338907"/><trkpt lat="36.098081" lon="128.338873"/><trkpt lat="36.098124" lon="128.338813"/><trkpt lat="36.098194" lon="128.338867"/><trkpt lat="36.098263" lon="128.338965"/><trkpt lat="36.098326" lon="128.33905"/><trkpt lat="36.098375" lon="128.339069"/><trkpt lat="36.098469" lon="128.339071"/><trkpt lat="36.098577" lon="128.339086"/><trkpt lat="36.098652" lon="128.339072"/><trkpt lat="36.098737" lon="128.339037"/><trkpt lat="36.098801" lon="128.338991"/><trkpt lat="36.098856" lon="128.338939"/><trkpt lat="36.098978" lon="128.3389"/><trkpt lat="36.099059" lon="128.338865"/><trkpt lat="36.09914" lon="128.338824"/><trkpt lat="36.099231" lon="128.338775"/><trkpt lat="36.099288" lon="128.338724"/><trkpt lat="36.09938" lon="128.338685"/><trkpt lat="36.099446" lon="128.338654"/><trkpt lat="36.099524" lon="128.3386"/><trkpt lat="36.099606" lon="128.338533"/><trkpt lat="36.09968" lon="128.33843"/><trkpt lat="36.099761" lon="128.338383"/><trkpt lat="36.099855" lon="128.338373"/><trkpt lat="36.099959" lon="128.338374"/><trkpt lat="36.100052" lon="128.338382"/><trkpt lat="36.100136" lon="128.338356"/><trkpt lat="36.100244" lon="128.338355"/><trkpt lat="36.100351" lon="128.338339"/><trkpt lat="36.100457" lon="128.338395"/><trkpt lat="36.100522" lon="128.338552"/><trkpt lat="36.100637" lon="128.338439"/><trkpt lat="36.100628" lon="128.338407"/><trkpt lat="36.100651" lon="128.338245"/><trkpt lat="36.100659" lon="128.33822"/><trkpt lat="36.100667" lon="128.338191"/><trkpt lat="36.100674" lon="128.338155"/><trkpt lat="36.100696" lon="128.338099"/><trkpt lat="36.100785" lon="128.338071"/><trkpt lat="36.100866" lon="128.338062"/><trkpt lat="36.100945" lon="128.338023"/><trkpt lat="36.101001" lon="128.338016"/><trkpt lat="36.101133" lon="128.337961"/><trkpt lat="36.101214" lon="128.337882"/><trkpt lat="36.101271" lon="128.337785"/><trkpt lat="36.101344" lon="128.337727"/><trkpt lat="36.101413" lon="128.33768"/><trkpt lat="36.10151" lon="128.3376"/><trkpt lat="36.101655" lon="128.337525"/><trkpt lat="36.101665" lon="128.337507"/><trkpt lat="36.101693" lon="128.337486"/><trkpt lat="36.101743" lon="128.337459"/><trkpt lat="36.101782" lon="128.33741"/><trkpt lat="36.101824" lon="128.337314"/><trkpt lat="36.101902" lon="128.337236"/><trkpt lat="36.102028" lon="128.337234"/><trkpt lat="36.102054" lon="128.337223"/><trkpt lat="36.102076" lon="128.337212"/><trkpt lat="36.102071" lon="128.337168"/><trkpt lat="36.101967" lon="128.337115"/><trkpt lat="36.101959" lon="128.33702"/><trkpt lat="36.102058" lon="128.336968"/><trkpt lat="36.102142" lon="128.336976"/><trkpt lat="36.102285" lon="128.337025"/><trkpt lat="36.102411" lon="128.337191"/><trkpt lat="36.102721" lon="128.337213"/><trkpt lat="36.103296" lon="128.337204"/></trkseg>
<trkseg><trkpt lat="36.126874" lon="128.325296"/><trkpt lat="36.126966" lon="128.325281"/><trkpt lat="36.127038" lon="128.32526"/><trkpt lat="36.127143" lon="128.325295"/><trkpt lat="36.127238" lon="128.325293"/><trkpt lat="36.127321" lon="128.325296"/><trkpt lat="36.127446" lon="128.325311"/><trkpt lat="36.127469" lon="128.325311"/><trkpt lat="36.127508" lon="128.325301"/><trkpt lat="36.127597" lon="128.325302"/><trkpt lat="36.127661" lon="128.325324"/><trkpt lat="36.127713" lon="128.325291"/><trkpt lat="36.127707" lon="128.325242"/><trkpt lat="36.127712" lon="128.325223"/><trkpt lat="36.127741" lon="128.325189"/><trkpt lat="36.127784" lon="128.32515"/><trkpt lat="36.127834" lon="128.325117"/><trkpt lat="36.127871" lon="128.325039"/><trkpt lat="36.127927" lon="128.325053"/><trkpt lat="36.128005" lon="128.325019"/><trkpt lat="36.128052" lon="128.324985"/><trkpt lat="36.128066" lon="128.324959"/><trkpt lat="36.12808" lon="128.324933"/><trkpt lat="36.128094" lon="128.324906"/><trkpt lat="36.128124" lon="128.324868"/><trkpt lat="36.128176" lon="128.324812"/><trkpt lat="36.128254" lon="128.32478"/><trkpt lat="36.12834" lon="128.324793"/><trkpt lat="36.12844" lon="128.324831"/><trkpt lat="36.128529" lon="128.324896"/><trkpt lat="36.12862" lon="128.324946"/><trkpt lat="36.128654" lon="128.324926"/></trkseg>
<trkseg><trkpt lat="36.099175" lon="128.32485"/><trkpt lat="36.099302" lon="128.325075"/><trkpt lat="36.099336" lon="128.325197"/><trkpt lat="36.099314" lon="128.325215"/><trkpt lat="36.099286" lon="128.325282"/><trkpt lat="36.099286" lon="128.325304"/><trkpt lat="36.099289" lon="128.325417"/><trkpt lat="36.099277" lon="128.325497"/><trkpt lat="36.099245" lon="128.325554"/><trkpt lat="36.099199" lon="128.325633"/><trkpt lat="36.09918" lon="128.325679"/><trkpt lat="36.099163" lon="128.325699"/><trkpt lat="36.099154" lon="128.32572"/><trkpt lat="36.099088" lon="128.325816"/><trkpt lat="36.098894" lon="128.326046"/><trkpt lat="36.098833" lon="128.32613"/><trkpt lat="36.098786" lon="128.326208"/><trkpt lat="36.098679" lon="128.326321"/><trkpt lat="36.098565" lon="128.326414"/><trkpt lat="36.098469" lon="128.326491"/><trkpt lat="36.098405" lon="128.326555"/><trkpt lat="36.098382" lon="128.326616"/><trkpt lat="36.098339" lon="128.326656"/><trkpt lat="36.098279" lon="128.326756"/><trkpt lat="36.098224" lon="128.326841"/><trkpt lat="36.098177" lon="128.32696"/><trkpt lat="36.098155" lon="128.327075"/><trkpt lat="36.098073" lon="128.327127"/><trkpt lat="36.098007" lon="128.32719"/><trkpt lat="36.097916" lon="128.32725"/><trkpt lat="36.097879" lon="128.327277"/><trkpt lat="36.097867" lon="128.327295"/><trkpt lat="36.097834" lon="128.327397"/><trkpt lat="36.097801" lon="128.327438"/><trkpt lat="36.097752" lon="128.327578"/><trkpt lat="36.097709" lon="128.327649"/><trkpt lat="36.09764" lon="128.327716"/><trkpt lat="36.097574" lon="128.327753"/><trkpt lat="36.097486" lon="128.327856"/><trkpt lat="36.097405" lon="128.327894"/><trkpt lat="36.097359" lon="128.327967"/><trkpt lat="36.097348" lon="128.327986"/><trkpt lat="36.097335" lon="128.328001"/><trkpt lat="36.097331" lon="128.328026"/><trkpt lat="36.097303" lon="128.32819"/><trkpt lat="36.097309" lon="128.328217"/><trkpt lat="36.097317" lon="128.328245"/><trkpt lat="36.097321" lon="128.328365"/><trkpt lat="36.097319" lon="128.328391"/><trkpt lat="36.097247" lon="128.328479"/><trkpt lat="36.097191" lon="128.328536"/><trkpt lat="36.097147" lon="128.328591"/><trkpt lat="36.097086" lon="128.328666"/><trkpt lat="36.0971" lon="128.328709"/><trkpt lat="36.097097" lon="128.328766"/><trkpt lat="36.097069" lon="128.328831"/><trkpt lat="36.097036" lon="128.328876"/><trkpt lat="36.097004" lon="128.328957"/><trkpt lat="36.096986" lon="128.328972"/><trkpt lat="36.096968" lon="128.328987"/><trkpt lat="36.096907" lon="128.32907"/><trkpt lat="36.096902" lon="128.32909"/><trkpt lat="36.096842" lon="128.329138"/><trkpt lat="36.096827" lon="128.329156"/><trkpt lat="36.096815" lon="128.329171"/><trkpt lat="36.096794" lon="128.329239"/></trkseg>
<trkseg><trkpt lat="36.094579" lon="128.33714"/><trkpt lat="36.094654" lon="128.337003"/><trkpt lat="36.094692" lon="128.336883"/><trkpt lat="36.094732" lon="128.336754"/><trkpt lat="36.094777" lon="128.336693"/><trkpt lat="36.094871" lon="128.33661"/><trkpt lat="36.09496" lon="128.336565"/><trkpt lat="36.095048" lon="128.336549"/><trkpt lat="36.095127" lon="128.336547"/><trkpt lat="36.095203" lon="128.336503"/><trkpt lat="36.095294" lon="128.336497"/><trkpt lat="36.095363" lon="128.336439"/><trkpt lat="36.095475" lon="128.336407"/><trkpt lat="36.095644" lon="128.336436"/><trkpt lat="36.095743" lon="128.336455"/><trkpt lat="36.095729" lon="128.336337"/><trkpt lat="36.09576" lon="128.336318"/><trkpt lat="36.095784" lon="128.336311"/><trkpt lat="36.095829" lon="128.336311"/><trkpt lat="36.095863" lon="128.336307"/><trkpt lat="36.095889" lon="128.33629"/><trkpt lat="36.095977" lon="128.33623"/><trkpt lat="36.09608" lon="128.336164"/><trkpt lat="36.0962" lon="128.336039"/><trkpt lat="36.096252" lon="128.335932"/><trkpt lat="36.096304" lon="128.335797"/><trkpt lat="36.096332" lon="128.335727"/></trkseg>
<trkseg><trkpt lat="36.124459" lon="128.324728"/><trkpt lat="36.124523" lon="128.324638"/><trkpt lat="36.124586" lon="128.324608"/><trkpt lat="36.124683" lon="128.3247"/><trkpt lat="36.124733" lon="128.324692"/><trkpt lat="36.124747" lon="128.32458"/><trkpt lat="36.124763" lon="128.324448"/><trkpt lat="36.124815" lon="128.324319"/><trkpt lat="36.124873" lon="128.324189"/><trkpt lat="36.124935" lon="128.324063"/><trkpt lat="36.125" lon="128.323931"/><trkpt lat="36.125043" lon="128.323833"/><trkpt lat="36.125085" lon="128.323746"/><trkpt lat="36.125127" lon="128.32366"/><trkpt lat="36.125181" lon="128.32355"/><trkpt lat="36.125147" lon="128.323403"/><trkpt lat="36.125227" lon="128.323287"/><trkpt lat="36.125369" lon="128.323264"/><trkpt lat="36.125467" lon="128.323163"/><trkpt lat="36.125537" lon="128.323072"/><trkpt lat="36.125598" lon="128.322964"/><trkpt lat="36.125679" lon="128.322896"/><trkpt lat="36.125724" lon="128.322699"/><trkpt lat="36.125777" lon="128.322585"/><trkpt lat="36.125843" lon="128.322533"/><trkpt lat="36.125919" lon="128.322491"/><trkpt lat="36.125984" lon="128.322482"/></trkseg>
<trkseg><trkpt lat="36.094025" lon="128.35224"/><trkpt lat="36.093988" lon="128.352175"/><trkpt lat="36.09393" lon="128.352018"/><trkpt lat="36.093909" lon="128.351896"/><trkpt lat="36.093913" lon="128.351751"/><trkpt lat="36.093968" lon="128.351611"/><trkpt lat="36.093959" lon="128.351509"/><trkpt lat="36.093978" lon="128.35143"/><trkpt lat="36.094004" lon="128.351342"/><trkpt lat="36.094006" lon="128.351243"/><trkpt lat="36.094021" lon="128.351162"/><trkpt lat="36.093983" lon="128.351093"/><trkpt lat="36.093949" lon="128.351082"/></trkseg>
<trkseg><trkpt lat="36.120776" lon="128.323565"/><trkpt lat="36.120715" lon="128.323671"/><trkpt lat="36.120587" lon="128.3237"/><trkpt lat="36.120453" lon="128.323731"/><trkpt lat="36.12033" lon="128.323776"/><trkpt lat="36.120297" lon="128.323941"/><trkpt lat="36.120278" lon="128.324078"/><trkpt lat="36.120253" lon="128.324242"/><trkpt lat="36.120234" lon="128.324368"/><trkpt lat="36.120281" lon="128.324529"/><trkpt lat="36.120213" lon="128.324561"/><trkpt lat="36.120161" lon="128.324643"/><trkpt lat="36.120179" lon="128.324777"/><trkpt lat="36.120194" lon="128.324874"/><trkpt lat="36.120183" lon="128.324963"/><trkpt lat="36.120207" lon="128.325047"/><trkpt lat="36.120223" lon="128.325115"/><trkpt lat="36.120201" lon="128.325197"/><trkpt lat="36.120173" lon="128.325271"/><trkpt lat="36.120133" lon="128.325345"/><trkpt lat="36.120087" lon="128.325408"/><trkpt lat="36.119992" lon="128.325464"/><trkpt lat="36.119884" lon="128.325497"/><trkpt lat="36.119799" lon="128.325562"/><trkpt lat="36.119715" lon="128.325619"/><trkpt lat="36.119638" lon="128.325658"/><trkpt lat="36.119531" lon="128.3257"/><trkpt lat="36.119421" lon="128.325712"/><trkpt lat="36.119323" lon="128.325713"/><trkpt lat="36.119226" lon="128.325711"/><trkpt lat="36.119152" lon="128.325706"/><trkpt lat="36.119055" lon="128.325674"/><trkpt lat="36.118995" lon="128.325652"/><trkpt lat="36.118933" lon="128.32563"/><trkpt lat="36.118836" lon="128.325605"/></trkseg>
<trkseg><trkpt lat="36.096772" lon="128.29835"/><trkpt lat="36.096738" lon="128.298744"/><trkpt lat="36.096765" lon="128.298833"/><trkpt lat="36.096835" lon="128.29891"/><trkpt lat="36.096872" lon="128.298982"/><trkpt lat="36.096867" lon="128.299096"/><trkpt lat="36.096944" lon="128.299475"/><trkpt lat="36.096959" lon="128.29951"/><trkpt lat="36.09697" lon="128.299576"/><trkpt lat="36.096993" lon="128.299713"/><trkpt lat="36.097006" lon="128.299848"/><trkpt lat="36.097016" lon="128.299991"/><trkpt lat="36.097027" lon="128.300136"/><trkpt lat="36.097032" lon="128.300248"/><trkpt lat="36.097065" lon="128.300366"/><trkpt lat="36.097007" lon="128.30046"/><trkpt lat="36.096929" lon="128.300573"/><trkpt lat="36.096846" lon="128.300738"/><trkpt lat="36.096815" lon="128.300886"/><trkpt lat="36.096777" lon="128.30104"/><trkpt lat="36.096755" lon="128.301158"/><trkpt lat="36.096729" lon="128.301333"/><trkpt lat="36.096774" lon="128.301525"/><trkpt lat="36.096783" lon="128.301724"/><trkpt lat="36.096819" lon="128.301852"/><trkpt lat="36.096846" lon="128.301958"/><trkpt lat="36.096819" lon="128.302088"/><trkpt lat="36.096742" lon="128.302114"/><trkpt lat="36.096652" lon="128.302096"/><trkpt lat="36.096583" lon="128.302033"/><trkpt lat="36.096483" lon="128.30193"/><trkpt lat="36.096485" lon="128.301894"/><trkpt lat="36.096472" lon="128.301797"/><trkpt lat="36.096366" lon="128.301741"/><trkpt lat="36.096292" lon="128.301678"/><trkpt lat="36.096177" lon="128.301651"/><trkpt lat="36.096048" lon="128.301584"/><trkpt lat="36.095933" lon="128.301534"/><trkpt lat="36.09581" lon="128.301485"/><trkpt lat="36.095719" lon="128.301478"/><trkpt lat="36.095647" lon="128.30148"/><trkpt lat="36.095574" lon="128.301469"/><trkpt lat="36.095485" lon="128.301466"/><trkpt lat="36.095429" lon="128.301512"/><trkpt lat="36.095362" lon="128.30151"/><trkpt lat="36.095279" lon="128.30146"/><trkpt lat="36.095202" lon="128.301393"/><trkpt lat="36.095085" lon="128.301322"/><trkpt lat="36.094998" lon="128.301245"/><trkpt lat="36.094874" lon="128.301156"/><trkpt lat="36.094795" lon="128.301108"/><trkpt lat="36.094686" lon="128.301011"/><trkpt lat="36.094657" lon="128.300991"/><trkpt lat="36.0946" lon="128.300949"/><trkpt lat="36.094549" lon="128.300911"/><trkpt lat="36.094488" lon="128.300993"/><trkpt lat="36.094451" lon="128.301143"/><trkpt lat="36.094471" lon="128.301268"/><trkpt lat="36.094451" lon="128.301296"/><trkpt lat="36.094383" lon="128.301336"/><trkpt lat="36.094283" lon="128.30138"/><trkpt lat="36.094221" lon="128.301401"/><trkpt lat="36.094123" lon="128.301336"/><trkpt lat="36.094007" lon="128.301308"/><trkpt lat="36.093911" lon="128.301249"/></trkseg>
<trkseg><trkpt lat="36.116627" lon="128.309769"/><trkpt lat="36.116665" lon="128.309711"/><trkpt lat="36.1167" lon="128.309657"/><trkpt lat="36.116745" lon="128.309593"/><trkpt lat="36.116798" lon="128.309512"/><trkpt lat="36.11686" lon="128.309433"/><trkpt lat="36.116897" lon="128.309411"/><trkpt lat="36.117001" lon="128.309395"/><trkpt lat="36.117098" lon="128.309366"/><trkpt lat="36.117185" lon="128.309315"/><trkpt lat="36.117302" lon="128.309274"/><trkpt lat="36.117407" lon="128.309234"/><trkpt lat="36.117454" lon="128.309117"/><trkpt lat="36.117446" lon="128.308951"/><trkpt lat="36.117559" lon="128.308863"/><trkpt lat="36.117695" lon="128.308768"/><trkpt lat="36.117848" lon="128.30876"/><trkpt lat="36.118006" lon="128.30874"/><trkpt lat="36.118112" lon="128.308739"/><trkpt lat="36.118241" lon="128.308777"/><trkpt lat="36.118334" lon="128.308813"/><trkpt lat="36.118645" lon="128.308982"/><trkpt lat="36.118928" lon="128.309002"/><trkpt lat="36.119088" lon="128.308696"/><trkpt lat="36.11929" lon="128.308764"/><trkpt lat="36.119434" lon="128.308844"/><trkpt lat="36.119542" lon="128.30893"/><trkpt lat="36.119709" lon="128.309081"/><trkpt lat="36.119793" lon="128.309432"/><trkpt lat="36.119782" lon="128.310201"/><trkpt lat="36.11958" lon="128.311787"/></trkseg>
<trkseg><trkpt lat="36.092638" lon="128.351803"/><trkpt lat="36.092725" lon="128.351556"/><trkpt lat="36.092787" lon="128.351396"/><trkpt lat="36.092908" lon="128.351305"/><trkpt lat="36.093056" lon="128.351255"/><trkpt lat="36.093189" lon="128.351164"/><trkpt lat="36.093315" lon="128.351162"/><trkpt lat="36.093464" lon="128.351155"/><trkpt lat="36.093531" lon="128.351074"/><trkpt lat="36.093659" lon="128.351086"/><trkpt lat="36.093801" lon="128.351066"/><trkpt lat="36.093949" lon="128.351082"/></trkseg>
<trkseg><trkpt lat="36.103357" lon="128.2998"/><trkpt lat="36.103222" lon="128.299913"/><trkpt lat="36.102916" lon="128.299931"/><trkpt lat="36.102677" lon="128.299806"/><trkpt lat="36.102433" lon="128.299747"/></trkseg>
<trkseg><trkpt lat="36.106638" lon="128.301297"/><trkpt lat="36.10668" lon="128.3014"/><trkpt lat="36.106811" lon="128.30144"/><trkpt lat="36.106909" lon="128.301346"/><trkpt lat="36.106943" lon="128.301398"/><trkpt lat="36.106945" lon="128.301448"/><trkpt lat="36.106967" lon="128.301527"/><trkpt lat="36.106995" lon="128.301621"/><trkpt lat="36.107028" lon="128.301808"/><trkpt lat="36.107063" lon="128.301977"/><trkpt lat="36.107073" lon="128.302035"/><trkpt lat="36.107088" lon="128.302118"/><trkpt lat="36.107336" lon="128.302736"/><trkpt lat="36.107372" lon="128.302789"/><trkpt lat="36.107411" lon="128.302891"/><trkpt lat="36.10746" lon="128.302945"/><trkpt lat="36.107508" lon="128.303"/><trkpt lat="36.107552" lon="128.30314"/><trkpt lat="36.107678" lon="128.303331"/><trkpt lat="36.107756" lon="128.303673"/><trkpt lat="36.107857" lon="128.30384"/><trkpt lat="36.107853" lon="128.303886"/><trkpt lat="36.107881" lon="128.303981"/><trkpt lat="36.1079" lon="128.304106"/><trkpt lat="36.107921" lon="128.304239"/><trkpt lat="36.107937" lon="128.304388"/><trkpt lat="36.107945" lon="128.304525"/><trkpt lat="36.107983" lon="128.304628"/><trkpt lat="36.108021" lon="128.304732"/><trkpt lat="36.108083" lon="128.304833"/><trkpt lat="36.108084" lon="128.304932"/><trkpt lat="36.108057" lon="128.305062"/><trkpt lat="36.108031" lon="128.305104"/><trkpt lat="36.108036" lon="128.305193"/><trkpt lat="36.108063" lon="128.305285"/><trkpt lat="36.108082" lon="128.305378"/><trkpt lat="36.108006" lon="128.305555"/><trkpt lat="36.108001" lon="128.305749"/><trkpt lat="36.10807" lon="128.30567"/><trkpt lat="36.108148" lon="128.305568"/><trkpt lat="36.108227" lon="128.305467"/><trkpt lat="36.108278" lon="128.305514"/><trkpt lat="36.108309" lon="128.305607"/><trkpt lat="36.108339" lon="128.3057"/><trkpt lat="36.108394" lon="128.305815"/><trkpt lat="36.108426" lon="128.305948"/><trkpt lat="36.108467" lon="128.306059"/><trkpt lat="36.108504" lon="128.306208"/><trkpt lat="36.108492" lon="128.30624"/><trkpt lat="36.108467" lon="128.306311"/><trkpt lat="36.108446" lon="128.306382"/><trkpt lat="36.108418" lon="128.306492"/><trkpt lat="36.10846" lon="128.306608"/><trkpt lat="36.108521" lon="128.306708"/><trkpt lat="36.108634" lon="128.306813"/><trkpt lat="36.108679" lon="128.306965"/><trkpt lat="36.108774" lon="128.307469"/><trkpt lat="36.109033" lon="128.307746"/><trkpt lat="36.109124" lon="128.307814"/><trkpt lat="36.109144" lon="128.307852"/><trkpt lat="36.109304" lon="128.308089"/><trkpt lat="36.109251" lon="128.308617"/><trkpt lat="36.109311" lon="128.309136"/><trkpt lat="36.109496" lon="128.310297"/><trkpt lat="36.109877" lon="128.310856"/><trkpt lat="36.110058" lon="128.310574"/><trkpt lat="36.110355" lon="128.310452"/><trkpt lat="36.110689" lon="128.310603"/><trkpt lat="36.11078" lon="128.31074"/><trkpt lat="36.110867" lon="128.31085"/><trkpt lat="36.110955" lon="128.310972"/><trkpt lat="36.111089" lon="128.311123"/><trkpt lat="36.111218" lon="128.311105"/><trkpt lat="36.111381" lon="128.311079"/><trkpt lat="36.1115" lon="128.311132"/><trkpt lat="36.111654" lon="128.311197"/><trkpt lat="36.111697" lon="128.311222"/></trkseg>
<trkseg><trkpt lat="36.116868" lon="128.323248"/><trkpt lat="36.116709" lon="128.32316"/><trkpt lat="36.116634" lon="128.323037"/><trkpt lat="36.116606" lon="128.322962"/></trkseg>
<trkseg><trkpt lat="36.105097" lon="128.340282"/><trkpt lat="36.105002" lon="128.340256"/><trkpt lat="36.104946" lon="128.340237"/><trkpt lat="36.104875" lon="128.340153"/><trkpt lat="36.104819" lon="128.340128"/><trkpt lat="36.104802" lon="128.340121"/><trkpt lat="36.104742" lon="128.340107"/><trkpt lat="36.104659" lon="128.340125"/><trkpt lat="36.104586" lon="128.340134"/><trkpt lat="36.104494" lon="128.340157"/><trkpt lat="36.104432" lon="128.340207"/><trkpt lat="36.104407" lon="128.340294"/><trkpt lat="36.10435" lon="128.340356"/><trkpt lat="36.104275" lon="128.340373"/><trkpt lat="36.104228" lon="128.340407"/><trkpt lat="36.10415" lon="128.340398"/><trkpt lat="36.104107" lon="128.340456"/><trkpt lat="36.104043" lon="128.34053"/><trkpt lat="36.103962" lon="128.340563"/><trkpt lat="36.103868" lon="128.34058"/><trkpt lat="36.103774" lon="128.340529"/><trkpt lat="36.103715" lon="128.340437"/><trkpt lat="36.103692" lon="128.340415"/><trkpt lat="36.103644" lon="128.340408"/><trkpt lat="36.103499" lon="128.340478"/><trkpt lat="36.103379" lon="128.340531"/><trkpt lat="36.103291" lon="128.340599"/><trkpt lat="36.103177" lon="128.340645"/><trkpt lat="36.103082" lon="128.34071"/><trkpt lat="36.102964" lon="128.340762"/><trkpt lat="36.102845" lon="128.340807"/><trkpt lat="36.102744" lon="128.340823"/><trkpt lat="36.102639" lon="128.34089"/><trkpt lat="36.102578" lon="128.340931"/><trkpt lat="36.102463" lon="128.340949"/><trkpt lat="36.102353" lon="128.340959"/><trkpt lat="36.102313" lon="128.340978"/><trkpt lat="36.102289" lon="128.340972"/><trkpt lat="36.102189" lon="128.340992"/><trkpt lat="36.102042" lon="128.341031"/><trkpt lat="36.101932" lon="128.341059"/><trkpt lat="36.101828" lon="128.341085"/><trkpt lat="36.101748" lon="128.341091"/><trkpt lat="36.101672" lon="128.341122"/><trkpt lat="36.101554" lon="128.341111"/><trkpt lat="36.101412" lon="128.341131"/><trkpt lat="36.101284" lon="128.341157"/><trkpt lat="36.101173" lon="128.341191"/><trkpt lat="36.10109" lon="128.341235"/><trkpt lat="36.101048" lon="128.341271"/></trkseg>
<trkseg><trkpt lat="36.097332" lon="128.353596"/><trkpt lat="36.097216" lon="128.352785"/><trkpt lat="36.097388" lon="128.352359"/><trkpt lat="36.097561" lon="128.35184"/><trkpt lat="36.0976" lon="128.351397"/><trkpt lat="36.097579" lon="128.351193"/><trkpt lat="36.097529" lon="128.351027"/><trkpt lat="36.09754" lon="128.350856"/><trkpt lat="36.097609" lon="128.35065"/><trkpt lat="36.097574" lon="128.350475"/><trkpt lat="36.097479" lon="128.350281"/><trkpt lat="36.097389" lon="128.350093"/><trkpt lat="36.097314" lon="128.349884"/><trkpt lat="36.097152" lon="128.349762"/><trkpt lat="36.097076" lon="128.349668"/><trkpt lat="36.096994" lon="128.349484"/><trkpt lat="36.09688" lon="128.349347"/><trkpt lat="36.096756" lon="128.349226"/><trkpt lat="36.096618" lon="128.349137"/><trkpt lat="36.096562" lon="128.348977"/><trkpt lat="36.096477" lon="128.348825"/><trkpt lat="36.096482" lon="128.348658"/><trkpt lat="36.096533" lon="128.348481"/><trkpt lat="36.096524" lon="128.348298"/><trkpt lat="36.096464" lon="128.348138"/><trkpt lat="36.096438" lon="128.347969"/><trkpt lat="36.09636" lon="128.347873"/><trkpt lat="36.09634" lon="128.34788"/><trkpt lat="36.096283" lon="128.347898"/><trkpt lat="36.096159" lon="128.347895"/><trkpt lat="36.096066" lon="128.347821"/><trkpt lat="36.095953" lon="128.347838"/><trkpt lat="36.095827" lon="128.347925"/><trkpt lat="36.095718" lon="128.347935"/><trkpt lat="36.095577" lon="128.34791"/><trkpt lat="36.095474" lon="128.348058"/><trkpt lat="36.095411" lon="128.348247"/></trkseg>
<trkseg><trkpt lat="36.081068" lon="128.34172"/><trkpt lat="36.081125" lon="128.341801"/><trkpt lat="36.081195" lon="128.341876"/><trkpt lat="36.081268" lon="128.341943"/><trkpt lat="36.081384" lon="128.341965"/><trkpt lat="36.081528" lon="128.342012"/><trkpt lat="36.081689" lon="128.342076"/><trkpt lat="36.081811" lon="128.342171"/><trkpt lat="36.081889" lon="128.342296"/><trkpt lat="36.081888" lon="128.342407"/><trkpt lat="36.081888" lon="128.342515"/><trkpt lat="36.081932" lon="128.34261"/><trkpt lat="36.081953" lon="128.342707"/><trkpt lat="36.081997" lon="128.342829"/><trkpt lat="36.082057" lon="128.342947"/><trkpt lat="36.082127" lon="128.343089"/><trkpt lat="36.082127" lon="128.343126"/><trkpt lat="36.082137" lon="128.343215"/><trkpt lat="36.082149" lon="128.343297"/><trkpt lat="36.082184" lon="128.343421"/><trkpt lat="36.082247" lon="128.343539"/><trkpt lat="36.082337" lon="128.34364"/><trkpt lat="36.082388" lon="128.343707"/><trkpt lat="36.082423" lon="128.343845"/><trkpt lat="36.082454" lon="128.343995"/><trkpt lat="36.082396" lon="128.344166"/><trkpt lat="36.082317" lon="128.344295"/><trkpt lat="36.08229" lon="128.344426"/><trkpt lat="36.082269" lon="128.34455"/><trkpt lat="36.082211" lon="128.344645"/><trkpt lat="36.082223" lon="128.344692"/><trkpt lat="36.08226" lon="128.344768"/><trkpt lat="36.082255" lon="128.344893"/><trkpt lat="36.082219" lon="128.344969"/><trkpt lat="36.082292" lon="128.345013"/><trkpt lat="36.08241" lon="128.345099"/><trkpt lat="36.082486" lon="128.345216"/><trkpt lat="36.082527" lon="128.345372"/><trkpt lat="36.082556" lon="128.345467"/><trkpt lat="36.082587" lon="128.345816"/><trkpt lat="36.082619" lon="128.346135"/><trkpt lat="36.082821" lon="128.346143"/><trkpt lat="36.082968" lon="128.346256"/><trkpt lat="36.083097" lon="128.346571"/><trkpt lat="36.083232" lon="128.34716"/><trkpt lat="36.083237" lon="128.34759"/><trkpt lat="36.083584" lon="128.348031"/><trkpt lat="36.083917" lon="128.348163"/><trkpt lat="36.08419" lon="128.348342"/></trkseg>
<trkseg><trkpt lat="36.099684" lon="128.341897"/><trkpt lat="36.099689" lon="128.342021"/><trkpt lat="36.099748" lon="128.342124"/><trkpt lat="36.099915" lon="128.342155"/><trkpt lat="36.100058" lon="128.342196"/><trkpt lat="36.100134" lon="128.342123"/><trkpt lat="36.100255" lon="128.342002"/><trkpt lat="36.100318" lon="128.341968"/><trkpt lat="36.100403" lon="128.341943"/><trkpt lat="36.100504" lon="128.341908"/><trkpt lat="36.10059" lon="128.341841"/><trkpt lat="36.100638" lon="128.341757"/></trkseg>
<trkseg><trkpt lat="36.104761" lon="128.297551"/><trkpt lat="36.104658" lon="128.297533"/><trkpt lat="36.104611" lon="128.297687"/><trkpt lat="36.104392" lon="128.297765"/><trkpt lat="36.104331" lon="128.297795"/></trkseg>
<trkseg><trkpt lat="36.095546" lon="128.352913"/><trkpt lat="36.095577" lon="128.352731"/><trkpt lat="36.095721" lon="128.352686"/><trkpt lat="36.095873" lon="128.35266"/><trkpt lat="36.095955" lon="128.352567"/><trkpt lat="36.095962" lon="128.352429"/><trkpt lat="36.095916" lon="128.352376"/><trkpt lat="36.09587" lon="128.352269"/><trkpt lat="36.095849" lon="128.352172"/><trkpt lat="36.095882" lon="128.352089"/><trkpt lat="36.095891" lon="128.351969"/><trkpt lat="36.095905" lon="128.351863"/><trkpt lat="36.095907" lon="128.351759"/><trkpt lat="36.095918" lon="128.351665"/><trkpt lat="36.095929" lon="128.351571"/><trkpt lat="36.095938" lon="128.351482"/><trkpt lat="36.095959" lon="128.351395"/><trkpt lat="36.095996" lon="128.351318"/><trkpt lat="36.096019" lon="128.351238"/><trkpt lat="36.095989" lon="128.351146"/><trkpt lat="36.095966" lon="128.351078"/><trkpt lat="36.095931" lon="128.350957"/><trkpt lat="36.095931" lon="128.350866"/><trkpt lat="36.095921" lon="128.350759"/><trkpt lat="36.095866" lon="128.350652"/><trkpt lat="36.095823" lon="128.350553"/><trkpt lat="36.095759" lon="128.350451"/><trkpt lat="36.095699" lon="128.35033"/><trkpt lat="36.095653" lon="128.350198"/><trkpt lat="36.095612" lon="128.350087"/><trkpt lat="36.095562" lon="128.350007"/><trkpt lat="36.09548" lon="128.349917"/><trkpt lat="36.095398" lon="128.349805"/><trkpt lat="36.095327" lon="128.34963"/><trkpt lat="36.095254" lon="128.349543"/><trkpt lat="36.095192" lon="128.349454"/></trkseg>
<trkseg><trkpt lat="36.117325" lon="128.322164"/><trkpt lat="36.117264" lon="128.322142"/><trkpt lat="36.11724" lon="128.322169"/><trkpt lat="36.117193" lon="128.322267"/><trkpt lat="36.117149" lon="128.322348"/><trkpt lat="36.117125" lon="128.322434"/><trkpt lat="36.11709" lon="128.322524"/><trkpt lat="36.11704" lon="128.322574"/><trkpt lat="36.117018" lon="128.322656"/><trkpt lat="36.116978" lon="128.322723"/><trkpt lat="36.116938" lon="128.322812"/><trkpt lat="36.116929" lon="128.322889"/><trkpt lat="36.11684" lon="128.322913"/><trkpt lat="36.116776" lon="128.322913"/><trkpt lat="36.116739" lon="128.32292"/><trkpt lat="36.116692" lon="128.322933"/><trkpt lat="36.116649" lon="128.322946"/><trkpt lat="36.116606" lon="128.322962"/></trkseg>
<trkseg><trkpt lat="36.128791" lon="128.319012"/><trkpt lat="36.128673" lon="128.319056"/><trkpt lat="36.128542" lon="128.319108"/><trkpt lat="36.128441" lon="128.319144"/><trkpt lat="36.128383" lon="128.319166"/><trkpt lat="36.128256" lon="128.319083"/><trkpt lat="36.128131" lon="128.319031"/><trkpt lat="36.128006" lon="128.319076"/><trkpt lat="36.127915" lon="128.319146"/><trkpt lat="36.127791" lon="128.319187"/><trkpt lat="36.127756" lon="128.319176"/><trkpt lat="36.127751" lon="128.319169"/><trkpt lat="36.127711" lon="128.319188"/><trkpt lat="36.127653" lon="128.3192"/><trkpt lat="36.127649" lon="128.319217"/><trkpt lat="36.127565" lon="128.319178"/><trkpt lat="36.127422" lon="128.319142"/><trkpt lat="36.1273" lon="128.319169"/><trkpt lat="36.127204" lon="128.319131"/><trkpt lat="36.127071" lon="128.319132"/><trkpt lat="36.126936" lon="128.319146"/><trkpt lat="36.126781" lon="128.319136"/><trkpt lat="36.126687" lon="128.319173"/><trkpt lat="36.126567" lon="128.319236"/><trkpt lat="36.12641" lon="128.319266"/><trkpt lat="36.12629" lon="128.319292"/><trkpt lat="36.126163" lon="128.319302"/><trkpt lat="36.126034" lon="128.319318"/><trkpt lat="36.125933" lon="128.319395"/><trkpt lat="36.125801" lon="128.319449"/><trkpt lat="36.125675" lon="128.319495"/><trkpt lat="36.125547" lon="128.319578"/><trkpt lat="36.125428" lon="128.319672"/><trkpt lat="36.125353" lon="128.319703"/></trkseg>
<trkseg><trkpt lat="36.118228" lon="128.323624"/><trkpt lat="36.118164" lon="128.323522"/><trkpt lat="36.118118" lon="128.323319"/><trkpt lat="36.118048" lon="128.323173"/><trkpt lat="36.117953" lon="128.323126"/><trkpt lat="36.117865" lon="128.323106"/><trkpt lat="36.117742" lon="128.323081"/></trkseg>
<trkseg><trkpt lat="36.113424" lon="128.328469"/><trkpt lat="36.113456" lon="128.328596"/><trkpt lat="36.113472" lon="128.328617"/><trkpt lat="36.113486" lon="128.32861"/><trkpt lat="36.11351" lon="128.328524"/><trkpt lat="36.113519" lon="128.328488"/><trkpt lat="36.113531" lon="128.328456"/><trkpt lat="36.113537" lon="128.328429"/><trkpt lat="36.113542" lon="128.328406"/><trkpt lat="36.113546" lon="128.328387"/><trkpt lat="36.113551" lon="128.32837"/><trkpt lat="36.113556" lon="128.328354"/><trkpt lat="36.113632" lon="128.328234"/><trkpt lat="36.113687" lon="128.328149"/><trkpt lat="36.113724" lon="128.328059"/><trkpt lat="36.113786" lon="128.328021"/><trkpt lat="36.113878" lon="128.328008"/><trkpt lat="36.113894" lon="128.327992"/><trkpt lat="36.113942" lon="128.327892"/><trkpt lat="36.113966" lon="128.327873"/><trkpt lat="36.114072" lon="128.327812"/><trkpt lat="36.11409" lon="128.327781"/><trkpt lat="36.114134" lon="128.327694"/><trkpt lat="36.114208" lon="128.327637"/><trkpt lat="36.114271" lon="128.327567"/></trkseg>
<trkseg><trkpt lat="36.098699" lon="128.322605"/><trkpt lat="36.098692" lon="128.322706"/><trkpt lat="36.098705" lon="128.322804"/><trkpt lat="36.098707" lon="128.322888"/><trkpt lat="36.09864" lon="128.322938"/><trkpt lat="36.098584" lon="128.322979"/><trkpt lat="36.098512" lon="128.322969"/><trkpt lat="36.098456" lon="128.323024"/><trkpt lat="36.098413" lon="128.323054"/><trkpt lat="36.098241" lon="128.322999"/><trkpt lat="36.098197" lon="128.323058"/><trkpt lat="36.098141" lon="128.323117"/><trkpt lat="36.098099" lon="128.32317"/><trkpt lat="36.098075" lon="128.323193"/><trkpt lat="36.098007" lon="128.32322"/><trkpt lat="36.097983" lon="128.323265"/><trkpt lat="36.097936" lon="128.323273"/><trkpt lat="36.097918" lon="128.323272"/><trkpt lat="36.097899" lon="128.323269"/><trkpt lat="36.097876" lon="128.323265"/><trkpt lat="36.097853" lon="128.323262"/><trkpt lat="36.097653" lon="128.323236"/><trkpt lat="36.09763" lon="128.323234"/><trkpt lat="36.097606" lon="128.323228"/><trkpt lat="36.097585" lon="128.32322"/><trkpt lat="36.097565" lon="128.323211"/><trkpt lat="36.097394" lon="128.323147"/><trkpt lat="36.097343" lon="128.323153"/><trkpt lat="36.097318" lon="128.323156"/><trkpt lat="36.097298" lon="128.323148"/><trkpt lat="36.097195" lon="128.32306"/><trkpt lat="36.097202" lon="128.323039"/><trkpt lat="36.097194" lon="128.322933"/><trkpt lat="36.097165" lon="128.322889"/><trkpt lat="36.097107" lon="128.322807"/><trkpt lat="36.097083" lon="128.322791"/><trkpt lat="36.097059" lon="128.322777"/><trkpt lat="36.097029" lon="128.322763"/><trkpt lat="36.097007" lon="128.322755"/><trkpt lat="36.096983" lon="128.322745"/><trkpt lat="36.096959" lon="128.322737"/><trkpt lat="36.096782" lon="128.322676"/><trkpt lat="36.096736" lon="128.322627"/><trkpt lat="36.096686" lon="128.322579"/><trkpt lat="36.096619" lon="128.322534"/><trkpt lat="36.096574" lon="128.322516"/><trkpt lat="36.096552" lon="128.322493"/><trkpt lat="36.096536" lon="128.322463"/><trkpt lat="36.096409" lon="128.322375"/><trkpt lat="36.096302" lon="128.322407"/><trkpt lat="36.096233" lon="128.322411"/><trkpt lat="36.096163" lon="128.322395"/><trkpt lat="36.096096" lon="128.322375"/><trkpt lat="36.096028" lon="128.322355"/><trkpt lat="36.095961" lon="128.322335"/><trkpt lat="36.095871" lon="128.322312"/><trkpt lat="36.095818" lon="128.322368"/><trkpt lat="36.095801" lon="128.322448"/><trkpt lat="36.095783" lon="128.322499"/><trkpt lat="36.095775" lon="128.322523"/><trkpt lat="36.095732" lon="128.32253"/><trkpt lat="36.095721" lon="128.322499"/><trkpt lat="36.095617" lon="128.322425"/><trkpt lat="36.095559" lon="128.3224"/><trkpt lat="36.09551" lon="128.322362"/><trkpt lat="36.095459" lon="128.322347"/><trkpt lat="36.095399" lon="128.322331"/><trkpt lat="36.095301" lon="128.322316"/><trkpt lat="36.09521" lon="128.322306"/><trkpt lat="36.095135" lon="128.322274"/><trkpt lat="36.095037" lon="128.322272"/><trkpt lat="36.095014" lon="128.32229"/><trkpt lat="36.094984" lon="128.322303"/><trkpt lat="36.09495" lon="128.322302"/><trkpt lat="36.094927" lon="128.322303"/><trkpt lat="36.094908" lon="128.322305"/><trkpt lat="36.094832" lon="128.322315"/><trkpt lat="36.094672" lon="128.322308"/><trkpt lat="36.094636" lon="128.322273"/><trkpt lat="36.09449" lon="128.322206"/><trkpt lat="36.094318" lon="128.322124"/><trkpt lat="36.094144" lon="128.32209"/><trkpt lat="36.093988" lon="128.322064"/><trkpt lat="36.093857" lon="128.32202"/><trkpt lat="36.093778" lon="128.321982"/><trkpt lat="36.093655" lon="128.321969"/><trkpt lat="36.093567" lon="128.321951"/><trkpt lat="36.09352" lon="128.321921"/><trkpt lat="36.093452" lon="128.321918"/><trkpt lat="36.093365" lon="128.321934"/><trkpt lat="36.093313" lon="128.321899"/><trkpt lat="36.093293" lon="128.321853"/><trkpt lat="36.093239" lon="128.321815"/><trkpt lat="36.093215" lon="128.321809"/><trkpt lat="36.093134" lon="128.321803"/><trkpt lat="36.093109" lon="128.32182"/><trkpt lat="36.093081" lon="128.321821"/><trkpt lat="36.09305" lon="128.321816"/><trkpt lat="36.093023" lon="128.321817"/><trkpt lat="36.092992" lon="128.321819"/><trkpt lat="36.092765" lon="128.32177"/><trkpt lat="36.092736" lon="128.321762"/><trkpt lat="36.092646" lon="128.321706"/><trkpt lat="36.092591" lon="128.321644"/><trkpt lat="36.092559" lon="128.321626"/><trkpt lat="36.092451" lon="128.321553"/><trkpt lat="36.092354" lon="128.321506"/><trkpt lat="36.092287" lon="128.321526"/><trkpt lat="36.092236" lon="128.321471"/><trkpt lat="36.092187" lon="128.321476"/><trkpt lat="36.092103" lon="128.321486"/><trkpt lat="36.092066" lon="128.321463"/><trkpt lat="36.092038" lon="128.32147"/><trkpt lat="36.091988" lon="128.321493"/><trkpt lat="36.091886" lon="128.321515"/></trkseg>
<trkseg><trkpt lat="36.079042" lon="128.343977"/><trkpt lat="36.079129" lon="128.344021"/><trkpt lat="36.079238" lon="128.344144"/><trkpt lat="36.079257" lon="128.344272"/><trkpt lat="36.079312" lon="128.344391"/><trkpt lat="36.079366" lon="128.344519"/><trkpt lat="36.079395" lon="128.344566"/><trkpt lat="36.079464" lon="128.344777"/><trkpt lat="36.079458" lon="128.34494"/><trkpt lat="36.079438" lon="128.34517"/><trkpt lat="36.079418" lon="128.345407"/><trkpt lat="36.07942" lon="128.345549"/><trkpt lat="36.079525" lon="128.345595"/><trkpt lat="36.079575" lon="128.345672"/><trkpt lat="36.079709" lon="128.345743"/><trkpt lat="36.079791" lon="128.345808"/><trkpt lat="36.079911" lon="128.345881"/><trkpt lat="36.080051" lon="128.34595"/><trkpt lat="36.080206" lon="128.346061"/><trkpt lat="36.080352" lon="128.346026"/><trkpt lat="36.08043" lon="128.345843"/><trkpt lat="36.080554" lon="128.345725"/><trkpt lat="36.080698" lon="128.345657"/><trkpt lat="36.080727" lon="128.345769"/><trkpt lat="36.080811" lon="128.345816"/><trkpt lat="36.080924" lon="128.345841"/><trkpt lat="36.081022" lon="128.345878"/><trkpt lat="36.081118" lon="128.345965"/><trkpt lat="36.081197" lon="128.34608"/><trkpt lat="36.081285" lon="128.346178"/><trkpt lat="36.081397" lon="128.346271"/><trkpt lat="36.081493" lon="128.346308"/><trkpt lat="36.081609" lon="128.346259"/><trkpt lat="36.081728" lon="128.34628"/><trkpt lat="36.081806" lon="128.346356"/><trkpt lat="36.081868" lon="128.34645"/><trkpt lat="36.081929" lon="128.346544"/><trkpt lat="36.08199" lon="128.346638"/><trkpt lat="36.08206" lon="128.346712"/><trkpt lat="36.082151" lon="128.346738"/><trkpt lat="36.082326" lon="128.346955"/><trkpt lat="36.082349" lon="128.347141"/><trkpt lat="36.082392" lon="128.34737"/><trkpt lat="36.082436" lon="128.347533"/><trkpt lat="36.082456" lon="128.347707"/><trkpt lat="36.082491" lon="128.347938"/><trkpt lat="36.082399" lon="128.348165"/><trkpt lat="36.082505" lon="128.348313"/><trkpt lat="36.082632" lon="128.348409"/><trkpt lat="36.082759" lon="128.348505"/><trkpt lat="36.082886" lon="128.348601"/><trkpt lat="36.082951" lon="128.34874"/><trkpt lat="36.082959" lon="128.348889"/><trkpt lat="36.082913" lon="128.349068"/><trkpt lat="36.08289" lon="128.349194"/><trkpt lat="36.082835" lon="128.349321"/><trkpt lat="36.082761" lon="128.349492"/><trkpt lat="36.082651" lon="128.349692"/><trkpt lat="36.082596" lon="128.349846"/><trkpt lat="36.082562" lon="128.349962"/><trkpt lat="36.082649" lon="128.350013"/><trkpt lat="36.082746" lon="128.350047"/><trkpt lat="36.082811" lon="128.350007"/><trkpt lat="36.082923" lon="128.349973"/><trkpt lat="36.083021" lon="128.349934"/><trkpt lat="36.08312" lon="128.349894"/><trkpt lat="36.083238" lon="128.34982"/><trkpt lat="36.083346" lon="128.349733"/><trkpt lat="36.083463" lon="128.349727"/><trkpt lat="36.083619" lon="128.349782"/><trkpt lat="36.083701" lon="128.349727"/><trkpt lat="36.083798" lon="128.349712"/><trkpt lat="36.083863" lon="128.349578"/><trkpt lat="36.083965" lon="128.349507"/><trkpt lat="36.084074" lon="128.34951"/><trkpt lat="36.084152" lon="128.349718"/><trkpt lat="36.084186" lon="128.349713"/><trkpt lat="36.084277" lon="128.349653"/><trkpt lat="36.084265" lon="128.349922"/><trkpt lat="36.084257" lon="128.350117"/><trkpt lat="36.084231" lon="128.35038"/><trkpt lat="36.08421" lon="128.350628"/><trkpt lat="36.084216" lon="128.350829"/><trkpt lat="36.084201" lon="128.350854"/></trkseg>
<trkseg><trkpt lat="36.112717" lon="128.32907"/><trkpt lat="36.112474" lon="128.329121"/><trkpt lat="36.112452" lon="128.329133"/><trkpt lat="36.112493" lon="128.329315"/><trkpt lat="36.112478" lon="128.329407"/><trkpt lat="36.112445" lon="128.329447"/><trkpt lat="36.112401" lon="128.329469"/><trkpt lat="36.112306" lon="128.329465"/><trkpt lat="36.112244" lon="128.329461"/><trkpt lat="36.112148" lon="128.329474"/><trkpt lat="36.112059" lon="128.329504"/><trkpt lat="36.111985" lon="128.329487"/><trkpt lat="36.11189" lon="128.329409"/><trkpt lat="36.111827" lon="128.329352"/><trkpt lat="36.111766" lon="128.3293"/><trkpt lat="36.111682" lon="128.329228"/><trkpt lat="36.111597" lon="128.329158"/><trkpt lat="36.111553" lon="128.329104"/><trkpt lat="36.111477" lon="128.328984"/><trkpt lat="36.11141" lon="128.328865"/><trkpt lat="36.111284" lon="128.328749"/><trkpt lat="36.111194" lon="128.328637"/><trkpt lat="36.111172" lon="128.328517"/><trkpt lat="36.111177" lon="128.328404"/><trkpt lat="36.111183" lon="128.328309"/><trkpt lat="36.111135" lon="128.328234"/><trkpt lat="36.111117" lon="128.328143"/><trkpt lat="36.11111" lon="128.328079"/><trkpt lat="36.111089" lon="128.327986"/><trkpt lat="36.111031" lon="128.327894"/><trkpt lat="36.111003" lon="128.327799"/><trkpt lat="36.110983" lon="128.327718"/><trkpt lat="36.110973" lon="128.327597"/><trkpt lat="36.111" lon="128.327481"/><trkpt lat="36.111013" lon="128.327389"/><trkpt lat="36.111048" lon="128.327262"/><trkpt lat="36.111002" lon="128.327177"/><trkpt lat="36.111006" lon="128.327024"/><trkpt lat="36.111037" lon="128.326839"/><trkpt lat="36.111003" lon="128.326752"/><trkpt lat="36.110968" lon="128.326728"/><trkpt lat="36.110914" lon="128.326567"/><trkpt lat="36.110868" lon="128.326423"/><trkpt lat="36.110806" lon="128.326241"/><trkpt lat="36.110749" lon="128.326025"/><trkpt lat="36.110672" lon="128.325852"/><trkpt lat="36.110644" lon="128.325805"/><trkpt lat="36.110575" lon="128.325612"/></trkseg>
<trkseg><trkpt lat="36.120843" lon="128.299961"/><trkpt lat="36.120795" lon="128.299912"/><trkpt lat="36.120731" lon="128.299799"/><trkpt lat="36.120665" lon="128.299732"/><trkpt lat="36.120604" lon="128.299677"/><trkpt lat="36.120556" lon="128.2996"/><trkpt lat="36.120524" lon="128.299497"/><trkpt lat="36.120471" lon="128.299403"/><trkpt lat="36.12042" lon="128.299299"/><trkpt lat="36.120386" lon="128.299116"/><trkpt lat="36.120306" lon="128.29896"/><trkpt lat="36.120233" lon="128.298831"/><trkpt lat="36.12016" lon="128.298702"/><trkpt lat="36.120087" lon="128.298544"/><trkpt lat="36.120022" lon="128.298371"/><trkpt lat="36.119943" lon="128.29822"/><trkpt lat="36.119878" lon="128.298087"/><trkpt lat="36.119834" lon="128.29801"/><trkpt lat="36.119822" lon="128.297985"/><trkpt lat="36.119821" lon="128.297956"/><trkpt lat="36.11982" lon="128.297923"/><trkpt lat="36.11983" lon="128.29778"/><trkpt lat="36.119828" lon="128.297743"/><trkpt lat="36.119821" lon="128.297713"/><trkpt lat="36.119794" lon="128.297576"/><trkpt lat="36.119782" lon="128.297535"/><trkpt lat="36.119743" lon="128.297468"/><trkpt lat="36.119719" lon="128.297438"/><trkpt lat="36.119664" lon="128.297406"/><trkpt lat="36.119618" lon="128.297431"/><trkpt lat="36.119563" lon="128.297431"/><trkpt lat="36.119531" lon="128.29743"/><trkpt lat="36.119499" lon="128.297432"/><trkpt lat="36.119408" lon="128.297393"/><trkpt lat="36.119362" lon="128.297321"/><trkpt lat="36.119319" lon="128.297269"/><trkpt lat="36.119271" lon="128.297279"/><trkpt lat="36.119187" lon="128.297253"/><trkpt lat="36.119119" lon="128.297196"/><trkpt lat="36.119065" lon="128.297153"/><trkpt lat="36.119011" lon="128.297102"/><trkpt lat="36.118958" lon="128.297039"/><trkpt lat="36.118919" lon="128.296952"/><trkpt lat="36.118893" lon="128.296849"/><trkpt lat="36.118894" lon="128.296716"/><trkpt lat="36.118906" lon="128.296602"/></trkseg>
<trkseg><trkpt lat="36.120843" lon="128.299961"/><trkpt lat="36.120992" lon="128.299969"/><trkpt lat="36.121048" lon="128.299885"/><trkpt lat="36.121089" lon="128.299753"/><trkpt lat="36.121116" lon="128.299624"/><trkpt lat="36.121173" lon="128.299523"/><trkpt lat="36.121236" lon="128.299414"/><trkpt lat="36.121299" lon="128.299287"/><trkpt lat="36.121362" lon="128.299199"/><trkpt lat="36.121426" lon="128.299139"/></trkseg>
<trkseg><trkpt lat="36.098463" lon="128.324563"/><trkpt lat="36.098417" lon="128.324501"/><trkpt lat="36.098311" lon="128.324477"/><trkpt lat="36.098239" lon="128.324447"/><trkpt lat="36.098179" lon="128.324407"/><trkpt lat="36.098119" lon="128.324404"/><trkpt lat="36.098069" lon="128.324375"/><trkpt lat="36.097963" lon="128.324357"/><trkpt lat="36.097904" lon="128.32442"/><trkpt lat="36.097834" lon="128.324448"/><trkpt lat="36.097798" lon="128.324485"/><trkpt lat="36.097773" lon="128.324549"/><trkpt lat="36.097758" lon="128.324661"/><trkpt lat="36.097735" lon="128.324769"/><trkpt lat="36.097674" lon="128.324821"/><trkpt lat="36.097635" lon="128.324823"/><trkpt lat="36.09761" lon="128.324832"/><trkpt lat="36.097526" lon="128.324837"/><trkpt lat="36.097478" lon="128.324848"/><trkpt lat="36.097443" lon="128.324857"/><trkpt lat="36.097422" lon="128.324857"/><trkpt lat="36.097325" lon="128.324879"/><trkpt lat="36.097265" lon="128.324862"/><trkpt lat="36.097192" lon="128.324861"/><trkpt lat="36.097146" lon="128.324852"/><trkpt lat="36.097097" lon="128.324861"/><trkpt lat="36.097044" lon="128.324917"/><trkpt lat="36.097007" lon="128.324955"/><trkpt lat="36.09696" lon="128.325007"/><trkpt lat="36.096945" lon="128.325021"/><trkpt lat="36.096929" lon="128.325021"/><trkpt lat="36.096854" lon="128.325059"/><trkpt lat="36.096836" lon="128.325095"/><trkpt lat="36.096774" lon="128.325174"/><trkpt lat="36.096728" lon="128.325195"/><trkpt lat="36.096709" lon="128.325209"/><trkpt lat="36.096606" lon="128.325287"/><trkpt lat="36.09655" lon="128.325322"/><trkpt lat="36.096492" lon="128.325348"/><trkpt lat="36.096445" lon="128.325376"/><trkpt lat="36.096419" lon="128.325399"/><trkpt lat="36.096373" lon="128.325419"/><trkpt lat="36.096319" lon="128.325431"/><trkpt lat="36.096299" lon="128.325433"/><trkpt lat="36.096186" lon="128.32542"/><trkpt lat="36.096126" lon="128.325421"/><trkpt lat="36.096102" lon="128.325446"/><trkpt lat="36.096076" lon="128.32547"/><trkpt lat="36.096059" lon="128.325485"/><trkpt lat="36.095991" lon="128.325568"/><trkpt lat="36.095947" lon="128.325634"/><trkpt lat="36.095893" lon="128.32564"/><trkpt lat="36.095879" lon="128.325633"/><trkpt lat="36.095862" lon="128.32563"/><trkpt lat="36.095844" lon="128.32563"/><trkpt lat="36.095694" lon="128.325631"/><trkpt lat="36.095631" lon="128.325606"/><trkpt lat="36.095563" lon="128.325626"/><trkpt lat="36.095527" lon="128.325628"/><trkpt lat="36.095479" lon="128.325646"/><trkpt lat="36.095374" lon="128.325678"/><trkpt lat="36.095302" lon="128.325703"/><trkpt lat="36.095253" lon="128.32575"/><trkpt lat="36.095171" lon="128.325801"/><trkpt lat="36.095106" lon="128.325863"/><trkpt lat="36.095049" lon="128.325931"/><trkpt lat="36.09493" lon="128.326"/><trkpt lat="36.094857" lon="128.325964"/><trkpt lat="36.094789" lon="128.325958"/><trkpt lat="36.094729" lon="128.325982"/><trkpt lat="36.094703" lon="128.326034"/><trkpt lat="36.094699" lon="128.326068"/><trkpt lat="36.094667" lon="128.32612"/><trkpt lat="36.094627" lon="128.326118"/><trkpt lat="36.09453" lon="128.326143"/><trkpt lat="36.094477" lon="128.326127"/><trkpt lat="36.094426" lon="128.326129"/><trkpt lat="36.094384" lon="128.326145"/><trkpt lat="36.09433" lon="128.326125"/><trkpt lat="36.094318" lon="128.326114"/><trkpt lat="36.094228" lon="128.326148"/><trkpt lat="36.094181" lon="128.326152"/><trkpt lat="36.094149" lon="128.326184"/><trkpt lat="36.094089" lon="128.3262"/><trkpt lat="36.09404" lon="128.326179"/><trkpt lat="36.094007" lon="128.326199"/><trkpt lat="36.093908" lon="128.326227"/><trkpt lat="36.093861" lon="128.326236"/><trkpt lat="36.093794" lon="128.326232"/><trkpt lat="36.093732" lon="128.326232"/><trkpt lat="36.09366" lon="128.326225"/><trkpt lat="36.093568" lon="128.326208"/><trkpt lat="36.093528" lon="128.326251"/><trkpt lat="36.093457" lon="128.32625"/><trkpt lat="36.093392" lon="128.326266"/><trkpt lat="36.093297" lon="128.326264"/><trkpt lat="36.093251" lon="128.326263"/><trkpt lat="36.093191" lon="128.326298"/><trkpt lat="36.093078" lon="128.326339"/><trkpt lat="36.09301" lon="128.326342"/><trkpt lat="36.092952" lon="128.326364"/><trkpt lat="36.092908" lon="128.326347"/><trkpt lat="36.092882" lon="128.326351"/><trkpt lat="36.092863" lon="128.32635"/><trkpt lat="36.092796" lon="128.326331"/><trkpt lat="36.092764" lon="128.326334"/><trkpt lat="36.09274" lon="128.326334"/><trkpt lat="36.09267" lon="128.32635"/><trkpt lat="36.092627" lon="128.326385"/><trkpt lat="36.092535" lon="128.326411"/><trkpt lat="36.09247" lon="128.326391"/><trkpt lat="36.092406" lon="128.326377"/><trkpt lat="36.092329" lon="128.326387"/><trkpt lat="36.092281" lon="128.326372"/><trkpt lat="36.092219" lon="128.326374"/><trkpt lat="36.092184" lon="128.326344"/><trkpt lat="36.092141" lon="128.326326"/><trkpt lat="36.092066" lon="128.326299"/><trkpt lat="36.092018" lon="128.326249"/><trkpt lat="36.091989" lon="128.32621"/><trkpt lat="36.091919" lon="128.326204"/><trkpt lat="36.091894" lon="128.326203"/><trkpt lat="36.091774" lon="128.32624"/><trkpt lat="36.091716" lon="128.326253"/><trkpt lat="36.091617" lon="128.326261"/><trkpt lat="36.091589" lon="128.326257"/><trkpt lat="36.091499" lon="128.326238"/><trkpt lat="36.091373" lon="128.326261"/></trkseg>
<trkseg><trkpt lat="36.071944" lon="128.34656"/><trkpt lat="36.072037" lon="128.346516"/><trkpt lat="36.072127" lon="128.346516"/><trkpt lat="36.072218" lon="128.3465"/><trkpt lat="36.072322" lon="128.346535"/><trkpt lat="36.072372" lon="128.346674"/><trkpt lat="36.072391" lon="128.346853"/><trkpt lat="36.072455" lon="128.346892"/><trkpt lat="36.072567" lon="128.346804"/><trkpt lat="36.072659" lon="128.34682"/><trkpt lat="36.072724" lon="128.346933"/><trkpt lat="36.072821" lon="128.346978"/><trkpt lat="36.072868" lon="128.346934"/></trkseg>
<trkseg><trkpt lat="36.094635" lon="128.32936"/><trkpt lat="36.094611" lon="128.329269"/><trkpt lat="36.094666" lon="128.329131"/><trkpt lat="36.094687" lon="128.329102"/></trkseg>
<trkseg><trkpt lat="36.120344" lon="128.334766"/><trkpt lat="36.120322" lon="128.334727"/><trkpt lat="36.120343" lon="128.33466"/><trkpt lat="36.120319" lon="128.334563"/><trkpt lat="36.120288" lon="128.334468"/><trkpt lat="36.120255" lon="128.334376"/><trkpt lat="36.120229" lon="128.334261"/><trkpt lat="36.120214" lon="128.334156"/><trkpt lat="36.120178" lon="128.334068"/><trkpt lat="36.120066" lon="128.333943"/><trkpt lat="36.119964" lon="128.333817"/><trkpt lat="36.119888" lon="128.333654"/><trkpt lat="36.119823" lon="128.333512"/><trkpt lat="36.119733" lon="128.33341"/><trkpt lat="36.119676" lon="128.333325"/></trkseg>
<trkseg><trkpt lat="36.127655" lon="128.329202"/><trkpt lat="36.127538" lon="128.329056"/><trkpt lat="36.127489" lon="128.328992"/><trkpt lat="36.127449" lon="128.328959"/><trkpt lat="36.127319" lon="128.328901"/><trkpt lat="36.127218" lon="128.3289"/><trkpt lat="36.127034" lon="128.328874"/><trkpt lat="36.127015" lon="128.328877"/><trkpt lat="36.126983" lon="128.328878"/><trkpt lat="36.126963" lon="128.328871"/><trkpt lat="36.126871" lon="128.328831"/><trkpt lat="36.126812" lon="128.328792"/></trkseg>
<trkseg><trkpt lat="36.126812" lon="128.328792"/><trkpt lat="36.126787" lon="128.328859"/><trkpt lat="36.126769" lon="128.328934"/><trkpt lat="36.12676" lon="128.329023"/><trkpt lat="36.12676" lon="128.32907"/></trkseg>
<trkseg><trkpt lat="36.100013" lon="128.32575"/><trkpt lat="36.100198" lon="128.32564"/><trkpt lat="36.100362" lon="128.325605"/><trkpt lat="36.100425" lon="128.325563"/><trkpt lat="36.100449" lon="128.325543"/><trkpt lat="36.100497" lon="128.325508"/><trkpt lat="36.100515" lon="128.325418"/><trkpt lat="36.100528" lon="128.325309"/><trkpt lat="36.100546" lon="128.325193"/></trkseg>
<trkseg><trkpt lat="36.118549" lon="128.292734"/><trkpt lat="36.118518" lon="128.292674"/><trkpt lat="36.118486" lon="128.292611"/><trkpt lat="36.118459" lon="128.292571"/><trkpt lat="36.118432" lon="128.292502"/><trkpt lat="36.118413" lon="128.292456"/><trkpt lat="36.118381" lon="128.292395"/><trkpt lat="36.118325" lon="128.29229"/><trkpt lat="36.118286" lon="128.292185"/><trkpt lat="36.118283" lon="128.292089"/><trkpt lat="36.118282" lon="128.292012"/><trkpt lat="36.118283" lon="128.291979"/><trkpt lat="36.118237" lon="128.291863"/><trkpt lat="36.118213" lon="128.291823"/><trkpt lat="36.118197" lon="128.291804"/><trkpt lat="36.118182" lon="128.291783"/><trkpt lat="36.118116" lon="128.291678"/><trkpt lat="36.11813" lon="128.291634"/><trkpt lat="36.118127" lon="128.291601"/><trkpt lat="36.118133" lon="128.291503"/><trkpt lat="36.1181" lon="128.291413"/><trkpt lat="36.118112" lon="128.291283"/><trkpt lat="36.11807" lon="128.291193"/><trkpt lat="36.11807" lon="128.291067"/><trkpt lat="36.118103" lon="128.290944"/><trkpt lat="36.118093" lon="128.290839"/><trkpt lat="36.118074" lon="128.29071"/><trkpt lat="36.118041" lon="128.290578"/><trkpt lat="36.118001" lon="128.290442"/><trkpt lat="36.117941" lon="128.290307"/><trkpt lat="36.117888" lon="128.290178"/><trkpt lat="36.117897" lon="128.290053"/><trkpt lat="36.117907" lon="128.289941"/><trkpt lat="36.117927" lon="128.289849"/><trkpt lat="36.117894" lon="128.28975"/><trkpt lat="36.117904" lon="128.289684"/><trkpt lat="36.117984" lon="128.289646"/><trkpt lat="36.118035" lon="128.289633"/><trkpt lat="36.118059" lon="128.289637"/><trkpt lat="36.118154" lon="128.289662"/><trkpt lat="36.118207" lon="128.289694"/><trkpt lat="36.118271" lon="128.289626"/><trkpt lat="36.118341" lon="128.289592"/><trkpt lat="36.118389" lon="128.289545"/><trkpt lat="36.118475" lon="128.289448"/><trkpt lat="36.118548" lon="128.28934"/><trkpt lat="36.118623" lon="128.289231"/><trkpt lat="36.118658" lon="128.289138"/><trkpt lat="36.118733" lon="128.28904"/><trkpt lat="36.118855" lon="128.288948"/><trkpt lat="36.118945" lon="128.288824"/><trkpt lat="36.118989" lon="128.288693"/><trkpt lat="36.11905" lon="128.288567"/><trkpt lat="36.119129" lon="128.288458"/><trkpt lat="36.119272" lon="128.288489"/><trkpt lat="36.11944" lon="128.288609"/><trkpt lat="36.119548" lon="128.2886"/><trkpt lat="36.119613" lon="128.288595"/><trkpt lat="36.119764" lon="128.288555"/><trkpt lat="36.119859" lon="128.288539"/><trkpt lat="36.119964" lon="128.288387"/><trkpt lat="36.120095" lon="128.288259"/><trkpt lat="36.120197" lon="128.288197"/><trkpt lat="36.120323" lon="128.288126"/><trkpt lat="36.120402" lon="128.288058"/><trkpt lat="36.120595" lon="128.287929"/><trkpt lat="36.1209" lon="128.287647"/><trkpt lat="36.121353" lon="128.287412"/><trkpt lat="36.121556" lon="128.287411"/><trkpt lat="36.121718" lon="128.287419"/><trkpt lat="36.12185" lon="128.287402"/><trkpt lat="36.122067" lon="128.287278"/><trkpt lat="36.122331" lon="128.287155"/><trkpt lat="36.122486" lon="128.287065"/><trkpt lat="36.122596" lon="128.286898"/><trkpt lat="36.122735" lon="128.286754"/><trkpt lat="36.122839" lon="128.286663"/></trkseg>
<trkseg><trkpt lat="36.102433" lon="128.299747"/><trkpt lat="36.102497" lon="128.299849"/><trkpt lat="36.102584" lon="128.299929"/><trkpt lat="36.102675" lon="128.299994"/><trkpt lat="36.102797" lon="128.300156"/><trkpt lat="36.102941" lon="128.300444"/><trkpt lat="36.102848" lon="128.300664"/><trkpt lat="36.102727" lon="128.300835"/><trkpt lat="36.102623" lon="128.300959"/><trkpt lat="36.10251" lon="128.300992"/><trkpt lat="36.102407" lon="128.301046"/><trkpt lat="36.102458" lon="128.301122"/><trkpt lat="36.102585" lon="128.301059"/><trkpt lat="36.10264" lon="128.301231"/><trkpt lat="36.102753" lon="128.301157"/><trkpt lat="36.102879" lon="128.301107"/><trkpt lat="36.102991" lon="128.301105"/><trkpt lat="36.10309" lon="128.301108"/><trkpt lat="36.103184" lon="128.301136"/><trkpt lat="36.103312" lon="128.301169"/><trkpt lat="36.103436" lon="128.301215"/><trkpt lat="36.103544" lon="128.301226"/><trkpt lat="36.103688" lon="128.301154"/><trkpt lat="36.103795" lon="128.301115"/><trkpt lat="36.103919" lon="128.301036"/><trkpt lat="36.104021" lon="128.30102"/><trkpt lat="36.1041" lon="128.301021"/><trkpt lat="36.10418" lon="128.300988"/><trkpt lat="36.104235" lon="128.300982"/><trkpt lat="36.104322" lon="128.300985"/><trkpt lat="36.10442" lon="128.30099"/><trkpt lat="36.104509" lon="128.300961"/><trkpt lat="36.104577" lon="128.300965"/><trkpt lat="36.104691" lon="128.301033"/><trkpt lat="36.104801" lon="128.301138"/><trkpt lat="36.104899" lon="128.30115"/><trkpt lat="36.104986" lon="128.301121"/><trkpt lat="36.105022" lon="128.301044"/><trkpt lat="36.105075" lon="128.300982"/><trkpt lat="36.1052" lon="128.300974"/><trkpt lat="36.105296" lon="128.300994"/><trkpt lat="36.1054" lon="128.301039"/><trkpt lat="36.105531" lon="128.301117"/><trkpt lat="36.105715" lon="128.301206"/><trkpt lat="36.105818" lon="128.301239"/><trkpt lat="36.105984" lon="128.301215"/><trkpt lat="36.106039" lon="128.301313"/><trkpt lat="36.106114" lon="128.301371"/><trkpt lat="36.106193" lon="128.301469"/><trkpt lat="36.10625" lon="128.301529"/><trkpt lat="36.106319" lon="128.301498"/><trkpt lat="36.106372" lon="128.301467"/><trkpt lat="36.106638" lon="128.301297"/></trkseg>
<trkseg><trkpt lat="36.103029" lon="128.297577"/><trkpt lat="36.103013" lon="128.297686"/><trkpt lat="36.103048" lon="128.297746"/><trkpt lat="36.103082" lon="128.297813"/><trkpt lat="36.10304" lon="128.297923"/><trkpt lat="36.103025" lon="128.29794"/><trkpt lat="36.102996" lon="128.297972"/><trkpt lat="36.102969" lon="128.298021"/><trkpt lat="36.1029" lon="128.298199"/><trkpt lat="36.10291" lon="128.298291"/><trkpt lat="36.102919" lon="128.298383"/><trkpt lat="36.102881" lon="128.298529"/><trkpt lat="36.102843" lon="128.298652"/><trkpt lat="36.102824" lon="128.298771"/><trkpt lat="36.102875" lon="128.298886"/><trkpt lat="36.102939" lon="128.299003"/><trkpt lat="36.103028" lon="128.299075"/><trkpt lat="36.103064" lon="128.29914"/><trkpt lat="36.103051" lon="128.299248"/><trkpt lat="36.103008" lon="128.299361"/><trkpt lat="36.102965" lon="128.299416"/><trkpt lat="36.102929" lon="128.299463"/><trkpt lat="36.102904" lon="128.299485"/><trkpt lat="36.102857" lon="128.299514"/><trkpt lat="36.102809" lon="128.299537"/><trkpt lat="36.102775" lon="128.299568"/></trkseg>
<trkseg><trkpt lat="36.099175" lon="128.32485"/><trkpt lat="36.099093" lon="128.324805"/><trkpt lat="36.099041" lon="128.324763"/><trkpt lat="36.098932" lon="128.324661"/><trkpt lat="36.098785" lon="128.32461"/><trkpt lat="36.098663" lon="128.324533"/><trkpt lat="36.09859" lon="128.324554"/><trkpt lat="36.098496" lon="128.324582"/><trkpt lat="36.098463" lon="128.324563"/></trkseg>
<trkseg><trkpt lat="36.092732" lon="128.330963"/><trkpt lat="36.092833" lon="128.330863"/><trkpt lat="36.092955" lon="128.330758"/><trkpt lat="36.093084" lon="128.330712"/><trkpt lat="36.093228" lon="128.330594"/><trkpt lat="36.093336" lon="128.330467"/><trkpt lat="36.093433" lon="128.330331"/><trkpt lat="36.093492" lon="128.330211"/><trkpt lat="36.093532" lon="128.330111"/><trkpt lat="36.093584" lon="128.330065"/><trkpt lat="36.093679" lon="128.330017"/><trkpt lat="36.093744" lon="128.330004"/><trkpt lat="36.093804" lon="128.329982"/><trkpt lat="36.093943" lon="128.32992"/><trkpt lat="36.093964" lon="128.329907"/><trkpt lat="36.093985" lon="128.329894"/><trkpt lat="36.094006" lon="128.329881"/><trkpt lat="36.094106" lon="128.329827"/><trkpt lat="36.094133" lon="128.329818"/><trkpt lat="36.094164" lon="128.329807"/><trkpt lat="36.094195" lon="128.329777"/><trkpt lat="36.094215" lon="128.329732"/><trkpt lat="36.094291" lon="128.329677"/><trkpt lat="36.094366" lon="128.329612"/><trkpt lat="36.094466" lon="128.329544"/><trkpt lat="36.094595" lon="128.329427"/><trkpt lat="36.094609" lon="128.329403"/><trkpt lat="36.094624" lon="128.329378"/><trkpt lat="36.094635" lon="128.32936"/></trkseg>
<trkseg><trkpt lat="36.120303" lon="128.336508"/><trkpt lat="36.12042" lon="128.336414"/><trkpt lat="36.120573" lon="128.33635"/><trkpt lat="36.120708" lon="128.3363"/><trkpt lat="36.120892" lon="128.33622"/><trkpt lat="36.121022" lon="128.336129"/><trkpt lat="36.121048" lon="128.336066"/><trkpt lat="36.121138" lon="128.336038"/><trkpt lat="36.121218" lon="128.336054"/><trkpt lat="36.121305" lon="128.336075"/><trkpt lat="36.121439" lon="128.336142"/><trkpt lat="36.121583" lon="128.33628"/><trkpt lat="36.121706" lon="128.336383"/><trkpt lat="36.121846" lon="128.336453"/><trkpt lat="36.121995" lon="128.336482"/><trkpt lat="36.122048" lon="128.336519"/><trkpt lat="36.122132" lon="128.336548"/></trkseg>
<trkseg><trkpt lat="36.101033" lon="128.335645"/><trkpt lat="36.100828" lon="128.335579"/><trkpt lat="36.100231" lon="128.334745"/><trkpt lat="36.100111" lon="128.334636"/><trkpt lat="36.099998" lon="128.33457"/><trkpt lat="36.099906" lon="128.334463"/><trkpt lat="36.099806" lon="128.334366"/><trkpt lat="36.099695" lon="128.334336"/><trkpt lat="36.099579" lon="128.334278"/><trkpt lat="36.099452" lon="128.334209"/><trkpt lat="36.099377" lon="128.33414"/><trkpt lat="36.099295" lon="128.334007"/><trkpt lat="36.099267" lon="128.333946"/><trkpt lat="36.099166" lon="128.333742"/><trkpt lat="36.099057" lon="128.333575"/><trkpt lat="36.098957" lon="128.333535"/><trkpt lat="36.098827" lon="128.333516"/><trkpt lat="36.098725" lon="128.33349"/><trkpt lat="36.098632" lon="128.333445"/><trkpt lat="36.098518" lon="128.333395"/><trkpt lat="36.098368" lon="128.333316"/><trkpt lat="36.098147" lon="128.333188"/><trkpt lat="36.098134" lon="128.33318"/><trkpt lat="36.098117" lon="128.333164"/><trkpt lat="36.098095" lon="128.333137"/><trkpt lat="36.098073" lon="128.333122"/><trkpt lat="36.097993" lon="128.333111"/><trkpt lat="36.097841" lon="128.333055"/><trkpt lat="36.097755" lon="128.332977"/><trkpt lat="36.09776" lon="128.332954"/><trkpt lat="36.097767" lon="128.332933"/><trkpt lat="36.097793" lon="128.332917"/><trkpt lat="36.097848" lon="128.332888"/><trkpt lat="36.097728" lon="128.3328"/><trkpt lat="36.097605" lon="128.332721"/><trkpt lat="36.097494" lon="128.332611"/><trkpt lat="36.097404" lon="128.332508"/><trkpt lat="36.097252" lon="128.332417"/><trkpt lat="36.097099" lon="128.332344"/><trkpt lat="36.096979" lon="128.332273"/><trkpt lat="36.096875" lon="128.332218"/><trkpt lat="36.096808" lon="128.332139"/><trkpt lat="36.096754" lon="128.332037"/><trkpt lat="36.096707" lon="128.331936"/><trkpt lat="36.096679" lon="128.331809"/><trkpt lat="36.096655" lon="128.331652"/><trkpt lat="36.096667" lon="128.331536"/><trkpt lat="36.096683" lon="128.331459"/><trkpt lat="36.096738" lon="128.331377"/><trkpt lat="36.096746" lon="128.331262"/><trkpt lat="36.096732" lon="128.331134"/><trkpt lat="36.096779" lon="128.331072"/><trkpt lat="36.096803" lon="128.330993"/><trkpt lat="36.096808" lon="128.3309"/><trkpt lat="36.096832" lon="128.330775"/><trkpt lat="36.096914" lon="128.330653"/><trkpt lat="36.096904" lon="128.330507"/><trkpt lat="36.096814" lon="128.33046"/><trkpt lat="36.096724" lon="128.330412"/><trkpt lat="36.09666" lon="128.330333"/><trkpt lat="36.09665" lon="128.330259"/><trkpt lat="36.09662" lon="128.330191"/><trkpt lat="36.096572" lon="128.330182"/><trkpt lat="36.096477" lon="128.330139"/><trkpt lat="36.096389" lon="128.330119"/><trkpt lat="36.096357" lon="128.330033"/><trkpt lat="36.096353" lon="128.329888"/><trkpt lat="36.096353" lon="128.329744"/><trkpt lat="36.09629" lon="128.329613"/><trkpt lat="36.096236" lon="128.329496"/><trkpt lat="36.096138" lon="128.3294"/><trkpt lat="36.096019" lon="128.329329"/><trkpt lat="36.09592" lon="128.329304"/><trkpt lat="36.095828" lon="128.329289"/><trkpt lat="36.095748" lon="128.32919"/><trkpt lat="36.095752" lon="128.329166"/></trkseg>
<trkseg><trkpt lat="36.120196" lon="128.332132"/><trkpt lat="36.120264" lon="128.332245"/><trkpt lat="36.120333" lon="128.332374"/><trkpt lat="36.120387" lon="128.332522"/><trkpt lat="36.120421" lon="128.332661"/><trkpt lat="36.120434" lon="128.332741"/></trkseg>
<trkseg><trkpt lat="36.11571" lon="128.329345"/><trkpt lat="36.115673" lon="128.329289"/><trkpt lat="36.115619" lon="128.329231"/><trkpt lat="36.115555" lon="128.329174"/><trkpt lat="36.115515" lon="128.329097"/><trkpt lat="36.115503" lon="128.329056"/><trkpt lat="36.115441" lon="128.32896"/><trkpt lat="36.115434" lon="128.32892"/><trkpt lat="36.115414" lon="128.328822"/><trkpt lat="36.115404" lon="128.32873"/><trkpt lat="36.115397" lon="128.328651"/><trkpt lat="36.115377" lon="128.328583"/><trkpt lat="36.115335" lon="128.328499"/><trkpt lat="36.115289" lon="128.328407"/><trkpt lat="36.115259" lon="128.328315"/><trkpt lat="36.115228" lon="128.328253"/><trkpt lat="36.115184" lon="128.328191"/><trkpt lat="36.115146" lon="128.328113"/><trkpt lat="36.115124" lon="128.328032"/><trkpt lat="36.115118" lon="128.327981"/><trkpt lat="36.115104" lon="128.327901"/><trkpt lat="36.115094" lon="128.327865"/><trkpt lat="36.115089" lon="128.327838"/><trkpt lat="36.115033" lon="128.327722"/><trkpt lat="36.115015" lon="128.327696"/><trkpt lat="36.11495" lon="128.327669"/><trkpt lat="36.114928" lon="128.327672"/><trkpt lat="36.114835" lon="128.327639"/><trkpt lat="36.114781" lon="128.32764"/><trkpt lat="36.114704" lon="128.32768"/><trkpt lat="36.114626" lon="128.327701"/><trkpt lat="36.114496" lon="128.32775"/><trkpt lat="36.11443" lon="128.327758"/><trkpt lat="36.114417" lon="128.32771"/><trkpt lat="36.114358" lon="128.327697"/><trkpt lat="36.11431" lon="128.327623"/><trkpt lat="36.114271" lon="128.327567"/></trkseg>
<trkseg><trkpt lat="36.113763" lon="128.329604"/><trkpt lat="36.113736" lon="128.329536"/><trkpt lat="36.113641" lon="128.329428"/><trkpt lat="36.11357" lon="128.329358"/><trkpt lat="36.113462" lon="128.329289"/><trkpt lat="36.113322" lon="128.329238"/><trkpt lat="36.113097" lon="128.329183"/><trkpt lat="36.112886" lon="128.329078"/><trkpt lat="36.112717" lon="128.32907"/></trkseg>
<trkseg><trkpt lat="36.120434" lon="128.332741"/><trkpt lat="36.120473" lon="128.332756"/><trkpt lat="36.120518" lon="128.332761"/><trkpt lat="36.120591" lon="128.33276"/><trkpt lat="36.120664" lon="128.332778"/><trkpt lat="36.120735" lon="128.33277"/><trkpt lat="36.120825" lon="128.332794"/><trkpt lat="36.120929" lon="128.332794"/><trkpt lat="36.121011" lon="128.332791"/><trkpt lat="36.121107" lon="128.332824"/><trkpt lat="36.121269" lon="128.33289"/><trkpt lat="36.121388" lon="128.332919"/><trkpt lat="36.121494" lon="128.332905"/><trkpt lat="36.121602" lon="128.332863"/><trkpt lat="36.121681" lon="128.332804"/><trkpt lat="36.12173" lon="128.332733"/><trkpt lat="36.121804" lon="128.332664"/><trkpt lat="36.121851" lon="128.332579"/><trkpt lat="36.121849" lon="128.332469"/><trkpt lat="36.121862" lon="128.332371"/><trkpt lat="36.12186" lon="128.332282"/><trkpt lat="36.121908" lon="128.332205"/><trkpt lat="36.121939" lon="128.332129"/><trkpt lat="36.122012" lon="128.332055"/><trkpt lat="36.122027" lon="128.332007"/><trkpt lat="36.12204" lon="128.331984"/><trkpt lat="36.122056" lon="128.331972"/><trkpt lat="36.122073" lon="128.331958"/><trkpt lat="36.122162" lon="128.331824"/><trkpt lat="36.122225" lon="128.33183"/><trkpt lat="36.122263" lon="128.331794"/><trkpt lat="36.122281" lon="128.331755"/><trkpt lat="36.122342" lon="128.331652"/><trkpt lat="36.122359" lon="128.33162"/><trkpt lat="36.122368" lon="128.331598"/><trkpt lat="36.122371" lon="128.331397"/><trkpt lat="36.122353" lon="128.331293"/><trkpt lat="36.122369" lon="128.331201"/><trkpt lat="36.122422" lon="128.331112"/><trkpt lat="36.122429" lon="128.330987"/><trkpt lat="36.12243" lon="128.33094"/><trkpt lat="36.122415" lon="128.330908"/><trkpt lat="36.122435" lon="128.330751"/><trkpt lat="36.122552" lon="128.3307"/><trkpt lat="36.12258" lon="128.330537"/><trkpt lat="36.122673" lon="128.330445"/></trkseg>
<trkseg><trkpt lat="36.120843" lon="128.299961"/><trkpt lat="36.120873" lon="128.299887"/><trkpt lat="36.120914" lon="128.299747"/><trkpt lat="36.120946" lon="128.299664"/><trkpt lat="36.120957" lon="128.299597"/><trkpt lat="36.120975" lon="128.299548"/><trkpt lat="36.121062" lon="128.299484"/><trkpt lat="36.121075" lon="128.299425"/><trkpt lat="36.121026" lon="128.299343"/><trkpt lat="36.120982" lon="128.299265"/><trkpt lat="36.120965" lon="128.299189"/><trkpt lat="36.120967" lon="128.299102"/><trkpt lat="36.120997" lon="128.299014"/><trkpt lat="36.121005" lon="128.298975"/><trkpt lat="36.12103" lon="128.298884"/><trkpt lat="36.121041" lon="128.298787"/><trkpt lat="36.121025" lon="128.298706"/><trkpt lat="36.121047" lon="128.298609"/><trkpt lat="36.121016" lon="128.298521"/><trkpt lat="36.121001" lon="128.298416"/><trkpt lat="36.120998" lon="128.298277"/><trkpt lat="36.120945" lon="128.298174"/><trkpt lat="36.120896" lon="128.298082"/><trkpt lat="36.120851" lon="128.297988"/><trkpt lat="36.120814" lon="128.297887"/><trkpt lat="36.120741" lon="128.297784"/><trkpt lat="36.120679" lon="128.297685"/><trkpt lat="36.120654" lon="128.29765"/><trkpt lat="36.12067" lon="128.297655"/><trkpt lat="36.120639" lon="128.297524"/><trkpt lat="36.120616" lon="128.297387"/><trkpt lat="36.120593" lon="128.297315"/><trkpt lat="36.120561" lon="128.2972"/><trkpt lat="36.12051" lon="128.297106"/><trkpt lat="36.120413" lon="128.297031"/><trkpt lat="36.120351" lon="128.296937"/><trkpt lat="36.120322" lon="128.296835"/><trkpt lat="36.120257" lon="128.296705"/><trkpt lat="36.120128" lon="128.29659"/><trkpt lat="36.12002" lon="128.296517"/><trkpt lat="36.119939" lon="128.296412"/><trkpt lat="36.119799" lon="128.296274"/><trkpt lat="36.119748" lon="128.296241"/><trkpt lat="36.119615" lon="128.296225"/><trkpt lat="36.119588" lon="128.296259"/><trkpt lat="36.119491" lon="128.296269"/><trkpt lat="36.119407" lon="128.296326"/><trkpt lat="36.119307" lon="128.296352"/><trkpt lat="36.119192" lon="128.296383"/><trkpt lat="36.119109" lon="128.29643"/><trkpt lat="36.11903" lon="128.296489"/><trkpt lat="36.118938" lon="128.296546"/><trkpt lat="36.118932" lon="128.296567"/><trkpt lat="36.118906" lon="128.296602"/></trkseg>
<trkseg><trkpt lat="36.119717" lon="128.331682"/><trkpt lat="36.119658" lon="128.331673"/><trkpt lat="36.119626" lon="128.331662"/><trkpt lat="36.119588" lon="128.331662"/><trkpt lat="36.119484" lon="128.331705"/><trkpt lat="36.11946" lon="128.331715"/><trkpt lat="36.119349" lon="128.331741"/><trkpt lat="36.11928" lon="128.331741"/><trkpt lat="36.119211" lon="128.33179"/></trkseg>
<trkseg><trkpt lat="36.125353" lon="128.319703"/><trkpt lat="36.125231" lon="128.31976"/><trkpt lat="36.125153" lon="128.319862"/><trkpt lat="36.125045" lon="128.319913"/><trkpt lat="36.124938" lon="128.319934"/><trkpt lat="36.124799" lon="128.32002"/><trkpt lat="36.124628" lon="128.320099"/><trkpt lat="36.124511" lon="128.320222"/><trkpt lat="36.124438" lon="128.32023"/><trkpt lat="36.124375" lon="128.320156"/><trkpt lat="36.124284" lon="128.320016"/><trkpt lat="36.124149" lon="128.319793"/><trkpt lat="36.124087" lon="128.31951"/><trkpt lat="36.123965" lon="128.319297"/><trkpt lat="36.123831" lon="128.319189"/><trkpt lat="36.123639" lon="128.31907"/><trkpt lat="36.12357" lon="128.319018"/><trkpt lat="36.123347" lon="128.319024"/><trkpt lat="36.123151" lon="128.319386"/><trkpt lat="36.12297" lon="128.319991"/><trkpt lat="36.122887" lon="128.320278"/><trkpt lat="36.122614" lon="128.320556"/><trkpt lat="36.122774" lon="128.320738"/><trkpt lat="36.122816" lon="128.321248"/></trkseg>
<trkseg><trkpt lat="36.125353" lon="128.319703"/><trkpt lat="36.125363" lon="128.319662"/><trkpt lat="36.12541" lon="128.319593"/><trkpt lat="36.125449" lon="128.319517"/><trkpt lat="36.125462" lon="128.319426"/><trkpt lat="36.125455" lon="128.319348"/><trkpt lat="36.125369" lon="128.319265"/><trkpt lat="36.125252" lon="128.319197"/><trkpt lat="36.125187" lon="128.319085"/><trkpt lat="36.125082" lon="128.31899"/><trkpt lat="36.124972" lon="128.318984"/><trkpt lat="36.124923" lon="128.318956"/><trkpt lat="36.124838" lon="128.318835"/><trkpt lat="36.124769" lon="128.318731"/><trkpt lat="36.124739" lon="128.318713"/><trkpt lat="36.124703" lon="128.318699"/><trkpt lat="36.12466" lon="128.318677"/><trkpt lat="36.12463" lon="128.318662"/><trkpt lat="36.12459" lon="128.318639"/><trkpt lat="36.124551" lon="128.318622"/><trkpt lat="36.124529" lon="128.318608"/><trkpt lat="36.124509" lon="128.318555"/><trkpt lat="36.124513" lon="128.318436"/><trkpt lat="36.124516" lon="128.318266"/><trkpt lat="36.124518" lon="128.318097"/><trkpt lat="36.124521" lon="128.317927"/><trkpt lat="36.124501" lon="128.31773"/><trkpt lat="36.124418" lon="128.317595"/><trkpt lat="36.124319" lon="128.317503"/><trkpt lat="36.124218" lon="128.31741"/><trkpt lat="36.124043" lon="128.317296"/><trkpt lat="36.123898" lon="128.31726"/><trkpt lat="36.123819" lon="128.317243"/><trkpt lat="36.123773" lon="128.31718"/><trkpt lat="36.123625" lon="128.317046"/><trkpt lat="36.123504" lon="128.316906"/><trkpt lat="36.123417" lon="128.316803"/><trkpt lat="36.123361" lon="128.316701"/><trkpt lat="36.123254" lon="128.316578"/><trkpt lat="36.123237" lon="128.316544"/><trkpt lat="36.123235" lon="128.316512"/><trkpt lat="36.12319" lon="128.316462"/><trkpt lat="36.123136" lon="128.316445"/><trkpt lat="36.123091" lon="128.316362"/><trkpt lat="36.122987" lon="128.316359"/><trkpt lat="36.122931" lon="128.316299"/><trkpt lat="36.122916" lon="128.316279"/><trkpt lat="36.12287" lon="128.31622"/><trkpt lat="36.122743" lon="128.316226"/><trkpt lat="36.122627" lon="128.316273"/><trkpt lat="36.122557" lon="128.316149"/><trkpt lat="36.122514" lon="128.316052"/><trkpt lat="36.122448" lon="128.315946"/><trkpt lat="36.122388" lon="128.315873"/><trkpt lat="36.122329" lon="128.315811"/><trkpt lat="36.122277" lon="128.315724"/><trkpt lat="36.122254" lon="128.315643"/><trkpt lat="36.122253" lon="128.315594"/><trkpt lat="36.12228" lon="128.31551"/><trkpt lat="36.122263" lon="128.315401"/><trkpt lat="36.122301" lon="128.315273"/><trkpt lat="36.12233" lon="128.315152"/><trkpt lat="36.122348" lon="128.314989"/><trkpt lat="36.122355" lon="128.314825"/><trkpt lat="36.122361" lon="128.314694"/><trkpt lat="36.122362" lon="128.314566"/><trkpt lat="36.122356" lon="128.314409"/><trkpt lat="36.122355" lon="128.314243"/><trkpt lat="36.122399" lon="128.314107"/><trkpt lat="36.122411" lon="128.314034"/><trkpt lat="36.122412" lon="128.313932"/><trkpt lat="36.12244" lon="128.313805"/><trkpt lat="36.122468" lon="128.3137"/><trkpt lat="36.122532" lon="128.313556"/><trkpt lat="36.122597" lon="128.313487"/><trkpt lat="36.122686" lon="128.313412"/><trkpt lat="36.122759" lon="128.31332"/><trkpt lat="36.122805" lon="128.313203"/><trkpt lat="36.122849" lon="128.313024"/><trkpt lat="36.1229" lon="128.312913"/><trkpt lat="36.122956" lon="128.312801"/><trkpt lat="36.123005" lon="128.312686"/><trkpt lat="36.123013" lon="128.312648"/><trkpt lat="36.123042" lon="128.312556"/><trkpt lat="36.123067" lon="128.312441"/><trkpt lat="36.123055" lon="128.312391"/><trkpt lat="36.123066" lon="128.312301"/><trkpt lat="36.123103" lon="128.312218"/><trkpt lat="36.123108" lon="128.312196"/><trkpt lat="36.123098" lon="128.312137"/><trkpt lat="36.123147" lon="128.312009"/><trkpt lat="36.123187" lon="128.311866"/><trkpt lat="36.123216" lon="128.311734"/><trkpt lat="36.123236" lon="128.311646"/><trkpt lat="36.12325" lon="128.311556"/><trkpt lat="36.123238" lon="128.311457"/><trkpt lat="36.123251" lon="128.311333"/><trkpt lat="36.123292" lon="128.3112"/><trkpt lat="36.123342" lon="128.311081"/><trkpt lat="36.123375" lon="128.311026"/><trkpt lat="36.123396" lon="128.310901"/><trkpt lat="36.123429" lon="128.310772"/><trkpt lat="36.123445" lon="128.310623"/><trkpt lat="36.123439" lon="128.310484"/><trkpt lat="36.123418" lon="128.310313"/><trkpt lat="36.123438" lon="128.310194"/><trkpt lat="36.123449" lon="128.31015"/><trkpt lat="36.123431" lon="128.310034"/><trkpt lat="36.123465" lon="128.309925"/><trkpt lat="36.123474" lon="128.309802"/><trkpt lat="36.123427" lon="128.309714"/><trkpt lat="36.123416" lon="128.30956"/><trkpt lat="36.12345" lon="128.309455"/><trkpt lat="36.123465" lon="128.309366"/><trkpt lat="36.123423" lon="128.309305"/><trkpt lat="36.123425" lon="128.309209"/><trkpt lat="36.123376" lon="128.309091"/><trkpt lat="36.123372" lon="128.30896"/><trkpt lat="36.123372" lon="128.308845"/><trkpt lat="36.123335" lon="128.308735"/><trkpt lat="36.123297" lon="128.308644"/><trkpt lat="36.123324" lon="128.308564"/><trkpt lat="36.123344" lon="128.308502"/><trkpt lat="36.123362" lon="128.30843"/><trkpt lat="36.123433" lon="128.308313"/><trkpt lat="36.123467" lon="128.308169"/><trkpt lat="36.123537" lon="128.308054"/><trkpt lat="36.123617" lon="128.307909"/><trkpt lat="36.123651" lon="128.307795"/><trkpt lat="36.123695" lon="128.307636"/><trkpt lat="36.123767" lon="128.307515"/><trkpt lat="36.123797" lon="128.30739"/><trkpt lat="36.123825" lon="128.307394"/><trkpt lat="36.123863" lon="128.307371"/><trkpt lat="36.123925" lon="128.307386"/><trkpt lat="36.123948" lon="128.307363"/><trkpt lat="36.123978" lon="128.307332"/><trkpt lat="36.124009" lon="128.307216"/><trkpt lat="36.124007" lon="128.307157"/><trkpt lat="36.124032" lon="128.307099"/><trkpt lat="36.124057" lon="128.30702"/><trkpt lat="36.124064" lon="128.306936"/><trkpt lat="36.124077" lon="128.306843"/><trkpt lat="36.124078" lon="128.306761"/><trkpt lat="36.124108" lon="128.306673"/><trkpt lat="36.124166" lon="128.306614"/><trkpt lat="36.124189" lon="128.306524"/><trkpt lat="36.124229" lon="128.306395"/><trkpt lat="36.124286" lon="128.306272"/><trkpt lat="36.124338" lon="128.30611"/><trkpt lat="36.124364" lon="128.305971"/><trkpt lat="36.124375" lon="128.305855"/><trkpt lat="36.124412" lon="128.305759"/><trkpt lat="36.124461" lon="128.305633"/><trkpt lat="36.124513" lon="128.305514"/><trkpt lat="36.124591" lon="128.305431"/><trkpt lat="36.124649" lon="128.305267"/><trkpt lat="36.124756" lon="128.30517"/><trkpt lat="36.124846" lon="128.305097"/><trkpt lat="36.124889" lon="128.305003"/><trkpt lat="36.12491" lon="128.304928"/><trkpt lat="36.124948" lon="128.304877"/><trkpt lat="36.124961" lon="128.304794"/><trkpt lat="36.124902" lon="128.304757"/><trkpt lat="36.124809" lon="128.304668"/><trkpt lat="36.124787" lon="128.304653"/><trkpt lat="36.12471" lon="128.304563"/><trkpt lat="36.124638" lon="128.304468"/><trkpt lat="36.124634" lon="128.304448"/><trkpt lat="36.124639" lon="128.304423"/><trkpt lat="36.124626" lon="128.304353"/><trkpt lat="36.124591" lon="128.304293"/><trkpt lat="36.124547" lon="128.304173"/><trkpt lat="36.124505" lon="128.304066"/><trkpt lat="36.124433" lon="128.303983"/><trkpt lat="36.124371" lon="128.303883"/><trkpt lat="36.124361" lon="128.303731"/><trkpt lat="36.124313" lon="128.303631"/><trkpt lat="36.124239" lon="128.303544"/><trkpt lat="36.124202" lon="128.303446"/><trkpt lat="36.124131" lon="128.303359"/><trkpt lat="36.124025" lon="128.303276"/><trkpt lat="36.123918" lon="128.30316"/><trkpt lat="36.123873" lon="128.303038"/><trkpt lat="36.123814" lon="128.302942"/><trkpt lat="36.123759" lon="128.302863"/><trkpt lat="36.123677" lon="128.302755"/><trkpt lat="36.123681" lon="128.302688"/><trkpt lat="36.123717" lon="128.302594"/><trkpt lat="36.123723" lon="128.302404"/><trkpt lat="36.123714" lon="128.302359"/><trkpt lat="36.123692" lon="128.302256"/><trkpt lat="36.12372" lon="128.302168"/><trkpt lat="36.123747" lon="128.302097"/><trkpt lat="36.123759" lon="128.302034"/><trkpt lat="36.12378" lon="128.30195"/><trkpt lat="36.123778" lon="128.301837"/><trkpt lat="36.123833" lon="128.301722"/><trkpt lat="36.123867" lon="128.301608"/><trkpt lat="36.123866" lon="128.301459"/><trkpt lat="36.123843" lon="128.301292"/><trkpt lat="36.123833" lon="128.301257"/><trkpt lat="36.123818" lon="128.30121"/><trkpt lat="36.123746" lon="128.301096"/><trkpt lat="36.123677" lon="128.300996"/><trkpt lat="36.123694" lon="128.300871"/><trkpt lat="36.123605" lon="128.300772"/><trkpt lat="36.1235" lon="128.300711"/><trkpt lat="36.123436" lon="128.30065"/><trkpt lat="36.123342" lon="128.300554"/><trkpt lat="36.123275" lon="128.30048"/><trkpt lat="36.123181" lon="128.300446"/><trkpt lat="36.123151" lon="128.300338"/><trkpt lat="36.123171" lon="128.300218"/><trkpt lat="36.123224" lon="128.300061"/><trkpt lat="36.123265" lon="128.299958"/><trkpt lat="36.12329" lon="128.299864"/><trkpt lat="36.123288" lon="128.299788"/><trkpt lat="36.123306" lon="128.299656"/><trkpt lat="36.12327" lon="128.299581"/><trkpt lat="36.123245" lon="128.299488"/><trkpt lat="36.12328" lon="128.299428"/><trkpt lat="36.123303" lon="128.299306"/><trkpt lat="36.123317" lon="128.299281"/><trkpt lat="36.123357" lon="128.299231"/><trkpt lat="36.123344" lon="128.299144"/><trkpt lat="36.123347" lon="128.299118"/><trkpt lat="36.123381" lon="128.299018"/><trkpt lat="36.123405" lon="128.298939"/><trkpt lat="36.123435" lon="128.298872"/><trkpt lat="36.123463" lon="128.298807"/><trkpt lat="36.123513" lon="128.298696"/><trkpt lat="36.123555" lon="128.298638"/><trkpt lat="36.123534" lon="128.29854"/><trkpt lat="36.12349" lon="128.298451"/><trkpt lat="36.123499" lon="128.298344"/><trkpt lat="36.123503" lon="128.298283"/></trkseg>
<trkseg><trkpt lat="36.123503" lon="128.298283"/><trkpt lat="36.123438" lon="128.298243"/><trkpt lat="36.123418" lon="128.29816"/><trkpt lat="36.123433" lon="128.298046"/><trkpt lat="36.123454" lon="128.297949"/><trkpt lat="36.12342" lon="128.297813"/><trkpt lat="36.123365" lon="128.297685"/><trkpt lat="36.123343" lon="128.297558"/><trkpt lat="36.123338" lon="128.297472"/><trkpt lat="36.123361" lon="128.297395"/><trkpt lat="36.123404" lon="128.297315"/><trkpt lat="36.123416" lon="128.297273"/><trkpt lat="36.123423" lon="128.297173"/><trkpt lat="36.12345" lon="128.297118"/><trkpt lat="36.123402" lon="128.297051"/><trkpt lat="36.12337" lon="128.296978"/><trkpt lat="36.123375" lon="128.296915"/><trkpt lat="36.123375" lon="128.296829"/><trkpt lat="36.123353" lon="128.296778"/><trkpt lat="36.123356" lon="128.29671"/><trkpt lat="36.123322" lon="128.296647"/><trkpt lat="36.123259" lon="128.296595"/><trkpt lat="36.123234" lon="128.296498"/><trkpt lat="36.123229" lon="128.29647"/><trkpt lat="36.12318" lon="128.296438"/><trkpt lat="36.123052" lon="128.29647"/><trkpt lat="36.122957" lon="128.296492"/><trkpt lat="36.122845" lon="128.296477"/><trkpt lat="36.122774" lon="128.296447"/><trkpt lat="36.122749" lon="128.296435"/><trkpt lat="36.12273" lon="128.296426"/><trkpt lat="36.122594" lon="128.296345"/><trkpt lat="36.122471" lon="128.296249"/><trkpt lat="36.122282" lon="128.296176"/><trkpt lat="36.122145" lon="128.296053"/><trkpt lat="36.122044" lon="128.295994"/><trkpt lat="36.121955" lon="128.295939"/><trkpt lat="36.12187" lon="128.295803"/><trkpt lat="36.121762" lon="128.295676"/><trkpt lat="36.121692" lon="128.295532"/><trkpt lat="36.121633" lon="128.295401"/><trkpt lat="36.121566" lon="128.295285"/><trkpt lat="36.121493" lon="128.295132"/><trkpt lat="36.121439" lon="128.294991"/><trkpt lat="36.121405" lon="128.29486"/><trkpt lat="36.121344" lon="128.294735"/><trkpt lat="36.12123" lon="128.294591"/><trkpt lat="36.121104" lon="128.294436"/><trkpt lat="36.120937" lon="128.294282"/><trkpt lat="36.120786" lon="128.294157"/><trkpt lat="36.120684" lon="128.294071"/><trkpt lat="36.120618" lon="128.294002"/><trkpt lat="36.120509" lon="128.293911"/><trkpt lat="36.120455" lon="128.293836"/><trkpt lat="36.120389" lon="128.293767"/><trkpt lat="36.120275" lon="128.293678"/><trkpt lat="36.120151" lon="128.293578"/><trkpt lat="36.120039" lon="128.293512"/><trkpt lat="36.119898" lon="128.293424"/><trkpt lat="36.1198" lon="128.293382"/><trkpt lat="36.119641" lon="128.293368"/><trkpt lat="36.119511" lon="128.29336"/><trkpt lat="36.11935" lon="128.293336"/><trkpt lat="36.119213" lon="128.293312"/><trkpt lat="36.119065" lon="128.293283"/><trkpt lat="36.118922" lon="128.293267"/></trkseg>
<trkseg><trkpt lat="36.121426" lon="128.299139"/><trkpt lat="36.12149" lon="128.299034"/><trkpt lat="36.121587" lon="128.298957"/><trkpt lat="36.121612" lon="128.299035"/><trkpt lat="36.121667" lon="128.299098"/><trkpt lat="36.121749" lon="128.299155"/><trkpt lat="36.121832" lon="128.299165"/><trkpt lat="36.121864" lon="128.299159"/><trkpt lat="36.12193" lon="128.299173"/><trkpt lat="36.122006" lon="128.299176"/><trkpt lat="36.122041" lon="128.299172"/><trkpt lat="36.122069" lon="128.299166"/><trkpt lat="36.1222" lon="128.299167"/><trkpt lat="36.122276" lon="128.299159"/><trkpt lat="36.12234" lon="128.299095"/><trkpt lat="36.122414" lon="128.299068"/><trkpt lat="36.122485" lon="128.299051"/><trkpt lat="36.122576" lon="128.299043"/><trkpt lat="36.122642" lon="128.298997"/><trkpt lat="36.122696" lon="128.298917"/><trkpt lat="36.122766" lon="128.298886"/><trkpt lat="36.122797" lon="128.298849"/><trkpt lat="36.122855" lon="128.298783"/><trkpt lat="36.122904" lon="128.298693"/><trkpt lat="36.122992" lon="128.298672"/><trkpt lat="36.123067" lon="128.298652"/><trkpt lat="36.123124" lon="128.298591"/><trkpt lat="36.123147" lon="128.298481"/><trkpt lat="36.123246" lon="128.298459"/><trkpt lat="36.123337" lon="128.298435"/><trkpt lat="36.123391" lon="128.2984"/><trkpt lat="36.123503" lon="128.298283"/></trkseg>
<trkseg><trkpt lat="36.118922" lon="128.293267"/><trkpt lat="36.118854" lon="128.293229"/><trkpt lat="36.118829" lon="128.293233"/><trkpt lat="36.118803" lon="128.293234"/><trkpt lat="36.118784" lon="128.293228"/><trkpt lat="36.118722" lon="128.2932"/><trkpt lat="36.118592" lon="128.293039"/><trkpt lat="36.11856" lon="128.292957"/><trkpt lat="36.118536" lon="128.292944"/><trkpt lat="36.118514" lon="128.292832"/><trkpt lat="36.118547" lon="128.292759"/><trkpt lat="36.118549" lon="128.292734"/></trkseg>
<trkseg><trkpt lat="36.118549" lon="128.292734"/><trkpt lat="36.11846" lon="128.292742"/><trkpt lat="36.118406" lon="128.292745"/><trkpt lat="36.118338" lon="128.292808"/><trkpt lat="36.118259" lon="128.292838"/><trkpt lat="36.118186" lon="128.292852"/><trkpt lat="36.118147" lon="128.292843"/><trkpt lat="36.118047" lon="128.292814"/><trkpt lat="36.11795" lon="128.292785"/><trkpt lat="36.117818" lon="128.292767"/><trkpt lat="36.117789" lon="128.292754"/><trkpt lat="36.117683" lon="128.292721"/><trkpt lat="36.117567" lon="128.29273"/><trkpt lat="36.117512" lon="128.292727"/><trkpt lat="36.117422" lon="128.292727"/><trkpt lat="36.117357" lon="128.292712"/><trkpt lat="36.117262" lon="128.292754"/><trkpt lat="36.117132" lon="128.292739"/><trkpt lat="36.11703" lon="128.292739"/><trkpt lat="36.116932" lon="128.292759"/><trkpt lat="36.116875" lon="128.292785"/><trkpt lat="36.116776" lon="128.292873"/><trkpt lat="36.116665" lon="128.292976"/><trkpt lat="36.116563" lon="128.293057"/><trkpt lat="36.116459" lon="128.293125"/><trkpt lat="36.116364" lon="128.293159"/><trkpt lat="36.116299" lon="128.293174"/><trkpt lat="36.11621" lon="128.293201"/><trkpt lat="36.116112" lon="128.293202"/><trkpt lat="36.116016" lon="128.293216"/><trkpt lat="36.115935" lon="128.293248"/><trkpt lat="36.11587" lon="128.293219"/><trkpt lat="36.115807" lon="128.29317"/><trkpt lat="36.115737" lon="128.293094"/><trkpt lat="36.115701" lon="128.293064"/><trkpt lat="36.115672" lon="128.293074"/><trkpt lat="36.115589" lon="128.292996"/><trkpt lat="36.115446" lon="128.292972"/><trkpt lat="36.115361" lon="128.292938"/><trkpt lat="36.115269" lon="128.29289"/><trkpt lat="36.11515" lon="128.292855"/><trkpt lat="36.115066" lon="128.292828"/><trkpt lat="36.11501" lon="128.292788"/><trkpt lat="36.114908" lon="128.292769"/><trkpt lat="36.114781" lon="128.292757"/><trkpt lat="36.114682" lon="128.292721"/><trkpt lat="36.114633" lon="128.292639"/><trkpt lat="36.114559" lon="128.292607"/><trkpt lat="36.114436" lon="128.292596"/><trkpt lat="36.114318" lon="128.292578"/><trkpt lat="36.11422" lon="128.292551"/><trkpt lat="36.114132" lon="128.292531"/><trkpt lat="36.114016" lon="128.292498"/><trkpt lat="36.113939" lon="128.29249"/><trkpt lat="36.113852" lon="128.292529"/><trkpt lat="36.11376" lon="128.29252"/><trkpt lat="36.113676" lon="128.292507"/><trkpt lat="36.113581" lon="128.292497"/><trkpt lat="36.113509" lon="128.292534"/><trkpt lat="36.113427" lon="128.292581"/><trkpt lat="36.113354" lon="128.292624"/><trkpt lat="36.113291" lon="128.292652"/><trkpt lat="36.113236" lon="128.292668"/><trkpt lat="36.113157" lon="128.292658"/><trkpt lat="36.113126" lon="128.292664"/><trkpt lat="36.113045" lon="128.292729"/><trkpt lat="36.112862" lon="128.292772"/><trkpt lat="36.112843" lon="128.292855"/><trkpt lat="36.112781" lon="128.292814"/><trkpt lat="36.112737" lon="128.292805"/><trkpt lat="36.112693" lon="128.292803"/><trkpt lat="36.112593" lon="128.292799"/><trkpt lat="36.112584" lon="128.292848"/><trkpt lat="36.112569" lon="128.292935"/><trkpt lat="36.112548" lon="128.292991"/><trkpt lat="36.112539" lon="128.293092"/><trkpt lat="36.112521" lon="128.293184"/><trkpt lat="36.11247" lon="128.293281"/><trkpt lat="36.112387" lon="128.293242"/><trkpt lat="36.112299" lon="128.29321"/><trkpt lat="36.112207" lon="128.293165"/><trkpt lat="36.11216" lon="128.293125"/><trkpt lat="36.112077" lon="128.293079"/><trkpt lat="36.11202" lon="128.293058"/><trkpt lat="36.111958" lon="128.293029"/><trkpt lat="36.111902" lon="128.292966"/><trkpt lat="36.111824" lon="128.292924"/><trkpt lat="36.111765" lon="128.292946"/><trkpt lat="36.111703" lon="128.292924"/><trkpt lat="36.111702" lon="128.292853"/><trkpt lat="36.111673" lon="128.292837"/><trkpt lat="36.111586" lon="128.292786"/><trkpt lat="36.111521" lon="128.292755"/><trkpt lat="36.111423" lon="128.292742"/><trkpt lat="36.111377" lon="128.292676"/><trkpt lat="36.111321" lon="128.292629"/><trkpt lat="36.111235" lon="128.292626"/><trkpt lat="36.111148" lon="128.292669"/><trkpt lat="36.111095" lon="128.292673"/><trkpt lat="36.111043" lon="128.292638"/><trkpt lat="36.111027" lon="128.292551"/><trkpt lat="36.111006" lon="128.29247"/><trkpt lat="36.110967" lon="128.292385"/><trkpt lat="36.110953" lon="128.292291"/><trkpt lat="36.110958" lon="128.2922"/><trkpt lat="36.110921" lon="128.29212"/><trkpt lat="36.110912" lon="128.292081"/><trkpt lat="36.110908" lon="128.292059"/><trkpt lat="36.110871" lon="128.291982"/><trkpt lat="36.110821" lon="128.2918"/><trkpt lat="36.110827" lon="128.291743"/><trkpt lat="36.11077" lon="128.291661"/><trkpt lat="36.11068" lon="128.291592"/><trkpt lat="36.110624" lon="128.291582"/><trkpt lat="36.110521" lon="128.29152"/><trkpt lat="36.110524" lon="128.291428"/><trkpt lat="36.110475" lon="128.291316"/><trkpt lat="36.110443" lon="128.291209"/><trkpt lat="36.110505" lon="128.291136"/><trkpt lat="36.110561" lon="128.291"/><trkpt lat="36.110505" lon="128.290924"/><trkpt lat="36.110397" lon="128.290997"/><trkpt lat="36.110276" lon="128.291119"/><trkpt lat="36.110186" lon="128.29128"/><trkpt lat="36.11009" lon="128.291423"/><trkpt lat="36.110034" lon="128.291454"/><trkpt lat="36.110017" lon="128.291471"/><trkpt lat="36.109975" lon="128.29155"/><trkpt lat="36.109923" lon="128.291673"/><trkpt lat="36.10987" lon="128.291765"/><trkpt lat="36.109769" lon="128.291772"/><trkpt lat="36.109686" lon="128.291783"/><trkpt lat="36.109617" lon="128.291823"/><trkpt lat="36.109575" lon="128.291856"/><trkpt lat="36.109556" lon="128.291861"/><trkpt lat="36.1095" lon="128.291858"/><trkpt lat="36.109455" lon="128.291894"/><trkpt lat="36.109444" lon="128.291916"/><trkpt lat="36.10944" lon="128.291933"/><trkpt lat="36.109322" lon="128.292022"/><trkpt lat="36.109277" lon="128.291965"/><trkpt lat="36.109243" lon="128.291894"/><trkpt lat="36.109252" lon="128.291817"/><trkpt lat="36.109328" lon="128.291729"/><trkpt lat="36.109321" lon="128.29165"/><trkpt lat="36.109288" lon="128.291592"/><trkpt lat="36.109249" lon="128.291584"/><trkpt lat="36.109191" lon="128.291584"/><trkpt lat="36.109128" lon="128.291595"/><trkpt lat="36.10904" lon="128.291602"/><trkpt lat="36.108957" lon="128.291655"/><trkpt lat="36.108876" lon="128.291722"/><trkpt lat="36.108789" lon="128.291805"/><trkpt lat="36.10873" lon="128.291858"/><trkpt lat="36.108651" lon="128.291854"/><trkpt lat="36.108619" lon="128.291831"/><trkpt lat="36.1086" lon="128.29183"/><trkpt lat="36.108483" lon="128.291842"/><trkpt lat="36.10841" lon="128.291897"/><trkpt lat="36.108305" lon="128.291971"/><trkpt lat="36.108226" lon="128.292075"/><trkpt lat="36.108147" lon="128.292102"/><trkpt lat="36.108093" lon="128.292147"/><trkpt lat="36.108049" lon="128.292169"/><trkpt lat="36.10803" lon="128.292285"/><trkpt lat="36.10797" lon="128.292359"/><trkpt lat="36.107932" lon="128.292441"/><trkpt lat="36.107894" lon="128.292523"/><trkpt lat="36.107822" lon="128.292606"/><trkpt lat="36.107736" lon="128.29259"/><trkpt lat="36.107674" lon="128.292619"/><trkpt lat="36.107612" lon="128.292649"/><trkpt lat="36.107547" lon="128.292709"/><trkpt lat="36.107466" lon="128.292804"/></trkseg>
<trkseg><trkpt lat="36.118906" lon="128.296602"/><trkpt lat="36.118808" lon="128.296611"/><trkpt lat="36.118669" lon="128.296645"/><trkpt lat="36.118512" lon="128.296719"/><trkpt lat="36.118397" lon="128.296741"/><trkpt lat="36.118332" lon="128.296668"/><trkpt lat="36.118272" lon="128.296615"/><trkpt lat="36.118145" lon="128.296574"/><trkpt lat="36.118021" lon="128.296549"/><trkpt lat="36.117902" lon="128.296544"/><trkpt lat="36.117809" lon="128.296494"/><trkpt lat="36.117713" lon="128.296546"/><trkpt lat="36.117604" lon="128.296566"/><trkpt lat="36.117548" lon="128.296515"/><trkpt lat="36.117463" lon="128.296482"/><trkpt lat="36.117425" lon="128.296451"/><trkpt lat="36.117335" lon="128.29645"/><trkpt lat="36.117281" lon="128.296578"/><trkpt lat="36.117201" lon="128.296638"/><trkpt lat="36.117127" lon="128.296617"/><trkpt lat="36.11705" lon="128.296664"/><trkpt lat="36.116989" lon="128.296706"/><trkpt lat="36.116937" lon="128.296706"/><trkpt lat="36.116845" lon="128.29665"/><trkpt lat="36.116811" lon="128.296745"/><trkpt lat="36.116728" lon="128.2967"/><trkpt lat="36.116681" lon="128.29679"/><trkpt lat="36.116617" lon="128.296773"/><trkpt lat="36.11656" lon="128.296662"/><trkpt lat="36.116499" lon="128.296741"/><trkpt lat="36.116434" lon="128.29677"/><trkpt lat="36.116346" lon="128.296708"/><trkpt lat="36.116252" lon="128.296781"/><trkpt lat="36.116111" lon="128.29684"/><trkpt lat="36.115942" lon="128.296823"/><trkpt lat="36.115783" lon="128.296734"/><trkpt lat="36.115668" lon="128.296665"/><trkpt lat="36.115556" lon="128.296694"/><trkpt lat="36.115444" lon="128.296723"/><trkpt lat="36.115331" lon="128.296752"/><trkpt lat="36.115211" lon="128.296747"/><trkpt lat="36.115097" lon="128.296827"/><trkpt lat="36.114983" lon="128.296915"/><trkpt lat="36.114864" lon="128.296994"/><trkpt lat="36.114756" lon="128.297103"/><trkpt lat="36.114649" lon="128.297168"/><trkpt lat="36.114576" lon="128.297212"/><trkpt lat="36.114209" lon="128.297183"/><trkpt lat="36.114245" lon="128.29726"/><trkpt lat="36.114281" lon="128.297337"/><trkpt lat="36.114242" lon="128.297405"/><trkpt lat="36.11411" lon="128.29743"/><trkpt lat="36.113996" lon="128.297435"/><trkpt lat="36.113891" lon="128.297446"/><trkpt lat="36.113691" lon="128.297468"/><trkpt lat="36.113541" lon="128.297458"/><trkpt lat="36.113411" lon="128.297461"/><trkpt lat="36.113276" lon="128.29747"/><trkpt lat="36.113068" lon="128.297501"/><trkpt lat="36.112848" lon="128.297607"/><trkpt lat="36.112668" lon="128.297679"/><trkpt lat="36.112558" lon="128.297631"/><trkpt lat="36.112489" lon="128.297587"/><trkpt lat="36.112419" lon="128.297543"/><trkpt lat="36.112349" lon="128.297499"/><trkpt lat="36.11224" lon="128.297506"/><trkpt lat="36.112108" lon="128.297493"/><trkpt lat="36.111906" lon="128.297558"/><trkpt lat="36.111795" lon="128.297631"/><trkpt lat="36.111675" lon="128.297582"/><trkpt lat="36.111591" lon="128.297546"/><trkpt lat="36.111571" lon="128.297549"/><trkpt lat="36.111545" lon="128.29757"/><trkpt lat="36.111519" lon="128.297591"/><trkpt lat="36.111476" lon="128.297629"/><trkpt lat="36.111397" lon="128.29769"/><trkpt lat="36.111327" lon="128.297718"/><trkpt lat="36.111278" lon="128.297748"/><trkpt lat="36.111235" lon="128.297788"/><trkpt lat="36.11115" lon="128.297825"/><trkpt lat="36.111066" lon="128.297862"/><trkpt lat="36.111004" lon="128.297865"/><trkpt lat="36.110945" lon="128.29785"/><trkpt lat="36.110893" lon="128.297841"/></trkseg>
<trkseg><trkpt lat="36.110893" lon="128.297841"/><trkpt lat="36.110843" lon="128.297798"/><trkpt lat="36.110729" lon="128.297759"/><trkpt lat="36.110614" lon="128.297721"/><trkpt lat="36.1105" lon="128.297661"/><trkpt lat="36.110352" lon="128.297641"/><trkpt lat="36.110246" lon="128.297608"/><trkpt lat="36.110182" lon="128.297599"/><trkpt lat="36.110132" lon="128.297591"/><trkpt lat="36.110075" lon="128.297564"/><trkpt lat="36.110045" lon="128.29746"/><trkpt lat="36.110032" lon="128.297364"/><trkpt lat="36.110005" lon="128.297304"/><trkpt lat="36.10996" lon="128.297255"/><trkpt lat="36.109931" lon="128.297157"/><trkpt lat="36.109863" lon="128.297047"/><trkpt lat="36.109766" lon="128.29701"/><trkpt lat="36.109756" lon="128.296874"/><trkpt lat="36.109723" lon="128.296812"/></trkseg>
<trkseg><trkpt lat="36.091653" lon="128.293609"/><trkpt lat="36.091559" lon="128.293713"/><trkpt lat="36.091562" lon="128.293877"/><trkpt lat="36.091597" lon="128.294003"/><trkpt lat="36.091614" lon="128.294059"/><trkpt lat="36.09163" lon="128.294191"/><trkpt lat="36.091652" lon="128.294297"/><trkpt lat="36.091705" lon="128.294389"/><trkpt lat="36.091717" lon="128.294503"/><trkpt lat="36.091721" lon="128.29458"/><trkpt lat="36.091769" lon="128.294971"/><trkpt lat="36.091703" lon="128.295071"/><trkpt lat="36.091636" lon="128.29509"/><trkpt lat="36.091632" lon="128.295161"/><trkpt lat="36.091654" lon="128.295186"/><trkpt lat="36.091729" lon="128.295246"/><trkpt lat="36.09178" lon="128.295294"/><trkpt lat="36.091817" lon="128.295301"/><trkpt lat="36.091859" lon="128.295386"/><trkpt lat="36.091831" lon="128.295491"/><trkpt lat="36.091793" lon="128.295609"/><trkpt lat="36.091766" lon="128.295783"/><trkpt lat="36.091693" lon="128.295908"/><trkpt lat="36.091683" lon="128.296018"/><trkpt lat="36.091692" lon="128.296118"/><trkpt lat="36.091743" lon="128.2962"/><trkpt lat="36.091783" lon="128.296274"/><trkpt lat="36.091791" lon="128.296358"/><trkpt lat="36.091792" lon="128.296432"/><trkpt lat="36.091799" lon="128.296476"/><trkpt lat="36.091814" lon="128.29652"/><trkpt lat="36.091869" lon="128.296647"/><trkpt lat="36.091908" lon="128.29673"/><trkpt lat="36.091931" lon="128.296768"/><trkpt lat="36.091994" lon="128.296847"/><trkpt lat="36.092019" lon="128.296881"/><trkpt lat="36.092041" lon="128.29692"/><trkpt lat="36.092056" lon="128.296964"/><trkpt lat="36.092076" lon="128.297043"/><trkpt lat="36.092094" lon="128.297122"/><trkpt lat="36.0921" lon="128.297168"/><trkpt lat="36.092094" lon="128.29721"/><trkpt lat="36.092089" lon="128.297223"/></trkseg>
<trkseg><trkpt lat="36.109723" lon="128.296812"/><trkpt lat="36.109671" lon="128.29664"/><trkpt lat="36.109608" lon="128.296564"/><trkpt lat="36.109543" lon="128.296469"/><trkpt lat="36.109496" lon="128.296365"/><trkpt lat="36.109459" lon="128.296244"/><trkpt lat="36.109432" lon="128.296122"/><trkpt lat="36.109441" lon="128.295981"/><trkpt lat="36.109404" lon="128.295816"/><trkpt lat="36.109327" lon="128.295712"/><trkpt lat="36.109291" lon="128.295605"/><trkpt lat="36.109217" lon="128.295431"/><trkpt lat="36.109211" lon="128.295375"/><trkpt lat="36.109238" lon="128.295316"/><trkpt lat="36.109197" lon="128.295292"/><trkpt lat="36.10915" lon="128.295251"/><trkpt lat="36.109068" lon="128.295126"/><trkpt lat="36.109063" lon="128.294998"/><trkpt lat="36.109012" lon="128.294871"/><trkpt lat="36.10891" lon="128.29472"/><trkpt lat="36.108832" lon="128.294567"/><trkpt lat="36.108815" lon="128.294555"/><trkpt lat="36.10875" lon="128.294475"/><trkpt lat="36.108699" lon="128.294431"/><trkpt lat="36.108612" lon="128.294344"/><trkpt lat="36.108545" lon="128.294298"/><trkpt lat="36.108467" lon="128.294238"/><trkpt lat="36.108434" lon="128.294146"/><trkpt lat="36.108404" lon="128.294078"/><trkpt lat="36.108372" lon="128.293973"/><trkpt lat="36.108301" lon="128.293867"/><trkpt lat="36.108284" lon="128.293845"/><trkpt lat="36.108222" lon="128.293821"/><trkpt lat="36.108139" lon="128.293896"/><trkpt lat="36.10805" lon="128.293869"/><trkpt lat="36.10798" lon="128.293819"/><trkpt lat="36.107977" lon="128.293728"/><trkpt lat="36.108019" lon="128.293608"/><trkpt lat="36.107952" lon="128.293528"/><trkpt lat="36.107872" lon="128.293481"/><trkpt lat="36.107753" lon="128.293525"/><trkpt lat="36.107669" lon="128.293507"/><trkpt lat="36.107577" lon="128.293309"/><trkpt lat="36.107569" lon="128.293131"/><trkpt lat="36.107548" lon="128.29308"/><trkpt lat="36.107546" lon="128.292926"/><trkpt lat="36.107466" lon="128.292804"/></trkseg>
<trkseg><trkpt lat="36.107466" lon="128.292804"/><trkpt lat="36.107399" lon="128.292711"/><trkpt lat="36.107267" lon="128.292645"/><trkpt lat="36.10716" lon="128.292612"/><trkpt lat="36.10712" lon="128.29253"/><trkpt lat="36.107084" lon="128.292534"/><trkpt lat="36.106996" lon="128.292517"/><trkpt lat="36.106913" lon="128.292457"/><trkpt lat="36.106836" lon="128.292462"/><trkpt lat="36.106741" lon="128.29246"/><trkpt lat="36.106623" lon="128.292429"/><trkpt lat="36.106536" lon="128.292393"/><trkpt lat="36.106453" lon="128.292345"/><trkpt lat="36.106394" lon="128.292308"/><trkpt lat="36.106342" lon="128.292255"/><trkpt lat="36.106221" lon="128.292184"/><trkpt lat="36.106096" lon="128.292135"/><trkpt lat="36.105957" lon="128.292112"/><trkpt lat="36.105808" lon="128.292111"/><trkpt lat="36.105701" lon="128.292086"/><trkpt lat="36.105554" lon="128.292008"/><trkpt lat="36.105428" lon="128.29193"/><trkpt lat="36.10532" lon="128.291887"/><trkpt lat="36.105212" lon="128.291834"/><trkpt lat="36.10511" lon="128.291849"/><trkpt lat="36.104972" lon="128.291905"/><trkpt lat="36.104858" lon="128.291919"/><trkpt lat="36.104786" lon="128.291914"/><trkpt lat="36.104736" lon="128.291904"/><trkpt lat="36.104642" lon="128.291922"/><trkpt lat="36.104494" lon="128.291926"/><trkpt lat="36.104393" lon="128.291926"/><trkpt lat="36.104265" lon="128.291933"/><trkpt lat="36.104143" lon="128.291891"/><trkpt lat="36.104025" lon="128.291789"/><trkpt lat="36.103901" lon="128.291729"/><trkpt lat="36.103751" lon="128.291698"/><trkpt lat="36.103627" lon="128.291669"/><trkpt lat="36.103516" lon="128.291678"/><trkpt lat="36.103419" lon="128.291663"/><trkpt lat="36.103321" lon="128.29167"/><trkpt lat="36.103224" lon="128.291742"/><trkpt lat="36.103131" lon="128.291767"/><trkpt lat="36.103005" lon="128.291758"/><trkpt lat="36.102869" lon="128.291717"/><trkpt lat="36.102736" lon="128.291719"/><trkpt lat="36.102644" lon="128.291777"/><trkpt lat="36.102568" lon="128.291854"/><trkpt lat="36.102475" lon="128.291981"/><trkpt lat="36.102363" lon="128.292071"/><trkpt lat="36.102234" lon="128.292119"/><trkpt lat="36.102181" lon="128.29204"/><trkpt lat="36.102127" lon="128.292001"/><trkpt lat="36.10209" lon="128.292009"/><trkpt lat="36.102023" lon="128.291976"/><trkpt lat="36.101968" lon="128.291936"/><trkpt lat="36.101939" lon="128.291864"/><trkpt lat="36.101816" lon="128.29184"/><trkpt lat="36.101702" lon="128.291805"/><trkpt lat="36.101608" lon="128.291766"/><trkpt lat="36.10156" lon="128.291795"/><trkpt lat="36.101479" lon="128.291804"/><trkpt lat="36.101403" lon="128.29182"/><trkpt lat="36.101278" lon="128.291823"/><trkpt lat="36.101191" lon="128.291823"/><trkpt lat="36.101092" lon="128.291851"/><trkpt lat="36.10103" lon="128.291943"/><trkpt lat="36.100991" lon="128.292002"/><trkpt lat="36.10095" lon="128.29211"/><trkpt lat="36.100897" lon="128.292137"/><trkpt lat="36.100848" lon="128.292113"/><trkpt lat="36.100764" lon="128.292066"/><trkpt lat="36.100652" lon="128.292034"/><trkpt lat="36.100582" lon="128.292035"/><trkpt lat="36.100524" lon="128.291954"/><trkpt lat="36.100466" lon="128.2919"/><trkpt lat="36.100387" lon="128.291964"/><trkpt lat="36.100258" lon="128.292051"/><trkpt lat="36.100129" lon="128.292058"/><trkpt lat="36.100004" lon="128.292106"/><trkpt lat="36.099916" lon="128.292236"/><trkpt lat="36.099796" lon="128.292312"/><trkpt lat="36.099776" lon="128.292413"/><trkpt lat="36.099673" lon="128.292535"/><trkpt lat="36.099591" lon="128.292503"/><trkpt lat="36.099533" lon="128.29243"/><trkpt lat="36.099426" lon="128.292504"/><trkpt lat="36.099288" lon="128.292487"/><trkpt lat="36.09917" lon="128.2925"/><trkpt lat="36.099084" lon="128.292581"/><trkpt lat="36.099021" lon="128.292621"/><trkpt lat="36.098987" lon="128.292673"/><trkpt lat="36.098951" lon="128.292687"/><trkpt lat="36.098885" lon="128.292682"/><trkpt lat="36.098811" lon="128.292687"/><trkpt lat="36.09871" lon="128.292702"/><trkpt lat="36.098617" lon="128.29273"/><trkpt lat="36.098527" lon="128.292773"/><trkpt lat="36.098431" lon="128.292796"/><trkpt lat="36.098325" lon="128.292817"/><trkpt lat="36.09827" lon="128.292832"/><trkpt lat="36.09822" lon="128.292882"/><trkpt lat="36.098166" lon="128.292878"/><trkpt lat="36.098127" lon="128.292901"/><trkpt lat="36.098062" lon="128.292917"/><trkpt lat="36.098022" lon="128.292899"/><trkpt lat="36.09795" lon="128.292876"/><trkpt lat="36.097889" lon="128.292963"/><trkpt lat="36.097836" lon="128.292986"/><trkpt lat="36.097744" lon="128.292958"/><trkpt lat="36.097735" lon="128.292955"/><trkpt lat="36.097623" lon="128.292951"/><trkpt lat="36.097501" lon="128.292977"/><trkpt lat="36.0974" lon="128.292946"/><trkpt lat="36.097307" lon="128.292887"/><trkpt lat="36.097221" lon="128.292905"/><trkpt lat="36.097128" lon="128.292926"/><trkpt lat="36.097039" lon="128.292961"/><trkpt lat="36.096929" lon="128.293011"/><trkpt lat="36.096856" lon="128.293036"/><trkpt lat="36.096743" lon="128.293054"/><trkpt lat="36.096712" lon="128.293063"/><trkpt lat="36.096635" lon="128.293071"/><trkpt lat="36.096541" lon="128.293109"/><trkpt lat="36.096469" lon="128.293163"/><trkpt lat="36.096351" lon="128.293187"/><trkpt lat="36.09627" lon="128.293227"/><trkpt lat="36.096168" lon="128.293206"/><trkpt lat="36.096115" lon="128.293217"/><trkpt lat="36.096077" lon="128.293243"/><trkpt lat="36.096063" lon="128.29327"/><trkpt lat="36.096039" lon="128.29328"/><trkpt lat="36.096032" lon="128.2933"/><trkpt lat="36.094438" lon="128.292638"/><trkpt lat="36.093301" lon="128.292864"/><trkpt lat="36.092627" lon="128.292375"/><trkpt lat="36.092092" lon="128.293144"/><trkpt lat="36.09183" lon="128.293322"/><trkpt lat="36.091611" lon="128.293254"/><trkpt lat="36.091653" lon="128.293609"/></trkseg>
<trkseg><trkpt lat="36.103029" lon="128.297577"/><trkpt lat="36.10318" lon="128.297418"/><trkpt lat="36.103084" lon="128.297345"/><trkpt lat="36.103082" lon="128.297196"/><trkpt lat="36.10318" lon="128.297037"/><trkpt lat="36.103266" lon="128.2968"/><trkpt lat="36.103493" lon="128.296514"/><trkpt lat="36.103499" lon="128.296483"/><trkpt lat="36.103538" lon="128.296311"/><trkpt lat="36.103635" lon="128.29629"/><trkpt lat="36.103703" lon="128.296348"/><trkpt lat="36.103727" lon="128.296353"/><trkpt lat="36.103748" lon="128.296354"/><trkpt lat="36.103767" lon="128.296354"/><trkpt lat="36.103908" lon="128.296377"/><trkpt lat="36.104016" lon="128.296439"/><trkpt lat="36.104115" lon="128.296567"/><trkpt lat="36.104192" lon="128.296637"/><trkpt lat="36.104241" lon="128.296696"/><trkpt lat="36.104344" lon="128.296745"/><trkpt lat="36.104419" lon="128.296779"/><trkpt lat="36.104469" lon="128.296728"/><trkpt lat="36.104528" lon="128.296674"/><trkpt lat="36.104573" lon="128.296652"/><trkpt lat="36.104649" lon="128.29661"/><trkpt lat="36.104697" lon="128.296605"/><trkpt lat="36.104742" lon="128.296621"/><trkpt lat="36.10479" lon="128.296641"/><trkpt lat="36.104837" lon="128.296643"/><trkpt lat="36.104904" lon="128.296588"/><trkpt lat="36.104973" lon="128.296493"/><trkpt lat="36.105043" lon="128.296367"/><trkpt lat="36.105109" lon="128.296261"/><trkpt lat="36.105174" lon="128.296156"/><trkpt lat="36.105233" lon="128.296055"/><trkpt lat="36.105309" lon="128.295981"/><trkpt lat="36.105393" lon="128.295933"/><trkpt lat="36.105432" lon="128.295897"/><trkpt lat="36.105527" lon="128.295846"/><trkpt lat="36.10562" lon="128.295745"/><trkpt lat="36.105727" lon="128.295636"/><trkpt lat="36.105779" lon="128.295577"/><trkpt lat="36.10584" lon="128.295545"/><trkpt lat="36.105923" lon="128.295506"/><trkpt lat="36.106011" lon="128.295467"/><trkpt lat="36.106079" lon="128.295571"/><trkpt lat="36.106104" lon="128.2957"/><trkpt lat="36.106161" lon="128.2958"/><trkpt lat="36.10623" lon="128.295889"/><trkpt lat="36.106351" lon="128.295884"/><trkpt lat="36.106479" lon="128.295848"/><trkpt lat="36.106629" lon="128.295827"/><trkpt lat="36.106779" lon="128.295806"/><trkpt lat="36.106929" lon="128.295784"/><trkpt lat="36.107054" lon="128.295778"/><trkpt lat="36.10709" lon="128.295802"/><trkpt lat="36.107131" lon="128.295849"/><trkpt lat="36.107178" lon="128.295894"/><trkpt lat="36.107214" lon="128.295952"/><trkpt lat="36.107248" lon="128.296023"/><trkpt lat="36.107286" lon="128.296067"/><trkpt lat="36.107347" lon="128.296147"/><trkpt lat="36.107379" lon="128.296214"/><trkpt lat="36.107405" lon="128.296263"/><trkpt lat="36.107428" lon="128.296281"/><trkpt lat="36.107509" lon="128.296327"/><trkpt lat="36.107579" lon="128.29633"/><trkpt lat="36.10769" lon="128.296319"/><trkpt lat="36.107775" lon="128.296245"/><trkpt lat="36.107854" lon="128.296148"/><trkpt lat="36.107872" lon="128.296007"/><trkpt lat="36.107946" lon="128.295907"/><trkpt lat="36.108037" lon="128.295835"/><trkpt lat="36.108117" lon="128.295817"/><trkpt lat="36.10824" lon="128.295849"/><trkpt lat="36.108284" lon="128.295817"/><trkpt lat="36.10833" lon="128.295759"/><trkpt lat="36.108415" lon="128.295765"/><trkpt lat="36.108471" lon="128.295757"/><trkpt lat="36.108605" lon="128.295845"/><trkpt lat="36.108675" lon="128.295891"/><trkpt lat="36.108751" lon="128.29595"/><trkpt lat="36.108819" lon="128.296158"/><trkpt lat="36.108933" lon="128.296341"/><trkpt lat="36.10903" lon="128.29645"/><trkpt lat="36.109128" lon="128.296558"/><trkpt lat="36.109221" lon="128.296621"/><trkpt lat="36.109299" lon="128.296659"/><trkpt lat="36.109474" lon="128.296707"/><trkpt lat="36.10955" lon="128.296719"/><trkpt lat="36.109684" lon="128.296753"/><trkpt lat="36.109723" lon="128.296812"/></trkseg>
<trkseg><trkpt lat="36.113702" lon="128.306345"/><trkpt lat="36.113642" lon="128.306217"/><trkpt lat="36.113622" lon="128.306168"/><trkpt lat="36.113595" lon="128.306073"/><trkpt lat="36.113562" lon="128.306015"/><trkpt lat="36.11353" lon="128.305927"/><trkpt lat="36.113522" lon="128.305906"/><trkpt lat="36.113477" lon="128.305859"/><trkpt lat="36.113465" lon="128.30584"/><trkpt lat="36.113371" lon="128.305785"/><trkpt lat="36.11333" lon="128.305698"/><trkpt lat="36.113266" lon="128.305662"/><trkpt lat="36.113255" lon="128.305599"/><trkpt lat="36.113178" lon="128.30554"/><trkpt lat="36.113112" lon="128.305518"/><trkpt lat="36.113083" lon="128.305542"/><trkpt lat="36.11302" lon="128.305577"/><trkpt lat="36.112966" lon="128.305547"/><trkpt lat="36.112951" lon="128.305433"/><trkpt lat="36.112897" lon="128.30539"/><trkpt lat="36.112894" lon="128.305287"/><trkpt lat="36.112883" lon="128.305251"/><trkpt lat="36.112804" lon="128.305217"/><trkpt lat="36.112765" lon="128.305169"/><trkpt lat="36.112756" lon="128.305088"/><trkpt lat="36.112731" lon="128.304987"/><trkpt lat="36.112729" lon="128.304902"/><trkpt lat="36.112691" lon="128.304826"/><trkpt lat="36.112718" lon="128.304714"/><trkpt lat="36.112641" lon="128.304657"/><trkpt lat="36.112586" lon="128.30458"/><trkpt lat="36.112484" lon="128.304509"/><trkpt lat="36.112403" lon="128.304472"/><trkpt lat="36.112346" lon="128.304375"/><trkpt lat="36.1123" lon="128.304317"/><trkpt lat="36.112293" lon="128.304246"/><trkpt lat="36.112293" lon="128.30421"/><trkpt lat="36.112255" lon="128.304161"/><trkpt lat="36.112251" lon="128.304134"/><trkpt lat="36.112247" lon="128.304106"/><trkpt lat="36.112238" lon="128.304085"/><trkpt lat="36.112221" lon="128.304063"/><trkpt lat="36.112206" lon="128.304041"/><trkpt lat="36.112126" lon="128.303827"/><trkpt lat="36.112134" lon="128.303757"/><trkpt lat="36.112164" lon="128.303676"/><trkpt lat="36.112176" lon="128.303589"/><trkpt lat="36.112172" lon="128.3035"/><trkpt lat="36.112172" lon="128.303407"/><trkpt lat="36.11215" lon="128.303331"/><trkpt lat="36.112099" lon="128.303242"/><trkpt lat="36.112112" lon="128.303132"/><trkpt lat="36.112115" lon="128.303018"/><trkpt lat="36.112139" lon="128.302931"/><trkpt lat="36.112173" lon="128.302866"/><trkpt lat="36.112138" lon="128.302777"/><trkpt lat="36.112137" lon="128.302668"/><trkpt lat="36.112162" lon="128.302602"/><trkpt lat="36.112103" lon="128.302498"/><trkpt lat="36.112119" lon="128.302438"/><trkpt lat="36.112116" lon="128.302308"/><trkpt lat="36.112107" lon="128.302283"/><trkpt lat="36.112063" lon="128.302188"/><trkpt lat="36.112034" lon="128.302089"/><trkpt lat="36.112012" lon="128.302021"/><trkpt lat="36.112023" lon="128.301953"/><trkpt lat="36.112039" lon="128.301801"/><trkpt lat="36.112056" lon="128.301666"/><trkpt lat="36.11204" lon="128.301547"/><trkpt lat="36.111997" lon="128.301428"/><trkpt lat="36.111984" lon="128.301354"/><trkpt lat="36.111938" lon="128.301234"/><trkpt lat="36.111881" lon="128.301125"/><trkpt lat="36.111835" lon="128.300985"/><trkpt lat="36.111804" lon="128.300912"/><trkpt lat="36.111729" lon="128.300814"/><trkpt lat="36.111644" lon="128.300761"/><trkpt lat="36.111548" lon="128.300664"/><trkpt lat="36.111502" lon="128.300565"/><trkpt lat="36.111477" lon="128.300481"/><trkpt lat="36.111442" lon="128.300392"/><trkpt lat="36.111385" lon="128.300308"/><trkpt lat="36.111354" lon="128.300211"/><trkpt lat="36.111349" lon="128.30009"/><trkpt lat="36.111367" lon="128.299929"/><trkpt lat="36.111355" lon="128.29979"/><trkpt lat="36.111348" lon="128.299672"/><trkpt lat="36.111344" lon="128.299598"/><trkpt lat="36.111303" lon="128.29953"/><trkpt lat="36.111294" lon="128.299425"/><trkpt lat="36.111239" lon="128.29933"/><trkpt lat="36.111209" lon="128.299249"/><trkpt lat="36.111159" lon="128.299183"/><trkpt lat="36.111116" lon="128.299122"/><trkpt lat="36.111136" lon="128.299056"/><trkpt lat="36.111128" lon="128.298966"/><trkpt lat="36.111121" lon="128.298866"/><trkpt lat="36.111122" lon="128.298787"/><trkpt lat="36.111089" lon="128.298764"/><trkpt lat="36.110999" lon="128.298733"/><trkpt lat="36.110921" lon="128.29868"/><trkpt lat="36.110886" lon="128.298611"/><trkpt lat="36.110823" lon="128.298566"/><trkpt lat="36.110786" lon="128.298524"/><trkpt lat="36.110766" lon="128.298422"/><trkpt lat="36.110777" lon="128.298269"/><trkpt lat="36.110791" lon="128.298194"/><trkpt lat="36.110805" lon="128.298139"/><trkpt lat="36.110821" lon="128.298067"/><trkpt lat="36.110845" lon="128.298014"/><trkpt lat="36.110861" lon="128.297956"/><trkpt lat="36.11087" lon="128.297932"/><trkpt lat="36.110886" lon="128.297863"/><trkpt lat="36.110893" lon="128.297841"/></trkseg>
<trkseg><trkpt lat="36.115448" lon="128.308963"/><trkpt lat="36.11534" lon="128.308916"/><trkpt lat="36.115265" lon="128.308824"/><trkpt lat="36.115164" lon="128.308682"/><trkpt lat="36.11507" lon="128.30857"/><trkpt lat="36.114957" lon="128.308451"/><trkpt lat="36.114869" lon="128.308327"/><trkpt lat="36.11481" lon="128.308204"/><trkpt lat="36.114771" lon="128.308081"/><trkpt lat="36.11473" lon="128.307938"/><trkpt lat="36.114713" lon="128.307836"/><trkpt lat="36.114751" lon="128.307816"/><trkpt lat="36.114777" lon="128.307784"/><trkpt lat="36.114799" lon="128.307679"/><trkpt lat="36.1148" lon="128.307652"/><trkpt lat="36.114798" lon="128.307622"/><trkpt lat="36.114789" lon="128.307485"/><trkpt lat="36.114738" lon="128.307375"/><trkpt lat="36.114701" lon="128.307308"/><trkpt lat="36.11466" lon="128.307276"/><trkpt lat="36.114574" lon="128.307215"/><trkpt lat="36.114564" lon="128.307179"/><trkpt lat="36.114554" lon="128.307162"/><trkpt lat="36.114453" lon="128.306949"/><trkpt lat="36.114441" lon="128.306923"/><trkpt lat="36.114357" lon="128.30682"/><trkpt lat="36.114294" lon="128.306756"/><trkpt lat="36.114278" lon="128.30667"/><trkpt lat="36.114259" lon="128.30661"/><trkpt lat="36.114243" lon="128.306581"/><trkpt lat="36.114168" lon="128.306517"/><trkpt lat="36.114102" lon="128.306581"/><trkpt lat="36.114054" lon="128.306654"/><trkpt lat="36.113957" lon="128.306694"/><trkpt lat="36.113923" lon="128.306757"/><trkpt lat="36.11384" lon="128.306675"/><trkpt lat="36.113804" lon="128.306606"/><trkpt lat="36.11375" lon="128.306476"/><trkpt lat="36.113726" lon="128.306415"/><trkpt lat="36.113706" lon="128.306381"/><trkpt lat="36.113702" lon="128.306345"/></trkseg>
<trkseg><trkpt lat="36.111697" lon="128.311222"/><trkpt lat="36.111759" lon="128.311133"/><trkpt lat="36.111804" lon="128.311002"/><trkpt lat="36.11185" lon="128.310872"/><trkpt lat="36.111884" lon="128.310713"/><trkpt lat="36.111899" lon="128.310534"/><trkpt lat="36.111903" lon="128.310394"/><trkpt lat="36.111892" lon="128.310254"/><trkpt lat="36.111888" lon="128.310095"/><trkpt lat="36.111936" lon="128.309975"/><trkpt lat="36.112011" lon="128.309922"/><trkpt lat="36.112046" lon="128.309806"/><trkpt lat="36.112087" lon="128.309662"/><trkpt lat="36.112129" lon="128.309553"/><trkpt lat="36.112178" lon="128.309456"/><trkpt lat="36.112238" lon="128.309359"/><trkpt lat="36.112311" lon="128.309227"/><trkpt lat="36.112393" lon="128.309093"/><trkpt lat="36.112502" lon="128.308974"/><trkpt lat="36.112522" lon="128.308971"/><trkpt lat="36.112581" lon="128.308904"/><trkpt lat="36.112617" lon="128.308779"/><trkpt lat="36.112616" lon="128.308644"/><trkpt lat="36.112694" lon="128.308601"/><trkpt lat="36.112763" lon="128.3085"/><trkpt lat="36.112814" lon="128.308373"/><trkpt lat="36.112809" lon="128.30824"/><trkpt lat="36.112808" lon="128.308113"/><trkpt lat="36.112822" lon="128.307956"/><trkpt lat="36.112855" lon="128.307825"/><trkpt lat="36.112841" lon="128.307686"/><trkpt lat="36.112864" lon="128.307532"/><trkpt lat="36.112801" lon="128.307452"/><trkpt lat="36.112768" lon="128.307364"/><trkpt lat="36.112786" lon="128.307257"/><trkpt lat="36.112826" lon="128.307108"/><trkpt lat="36.11287" lon="128.306965"/><trkpt lat="36.112915" lon="128.306858"/><trkpt lat="36.11295" lon="128.306806"/><trkpt lat="36.112972" lon="128.306729"/><trkpt lat="36.113077" lon="128.306654"/><trkpt lat="36.113102" lon="128.306529"/><trkpt lat="36.113094" lon="128.306378"/><trkpt lat="36.113117" lon="128.306231"/><trkpt lat="36.113242" lon="128.306139"/><trkpt lat="36.113377" lon="128.306201"/><trkpt lat="36.11352" lon="128.30626"/><trkpt lat="36.113602" lon="128.306319"/><trkpt lat="36.113702" lon="128.306345"/></trkseg>
<trkseg><trkpt lat="36.106638" lon="128.301297"/><trkpt lat="36.106585" lon="128.3012"/><trkpt lat="36.106574" lon="128.301176"/><trkpt lat="36.106486" lon="128.301081"/><trkpt lat="36.106428" lon="128.300984"/><trkpt lat="36.106374" lon="128.300875"/><trkpt lat="36.106339" lon="128.300814"/><trkpt lat="36.106328" lon="128.300771"/><trkpt lat="36.106285" lon="128.300555"/><trkpt lat="36.106258" lon="128.300342"/><trkpt lat="36.10626" lon="128.300176"/><trkpt lat="36.106258" lon="128.300065"/><trkpt lat="36.106239" lon="128.300006"/><trkpt lat="36.106232" lon="128.299977"/><trkpt lat="36.106239" lon="128.299955"/><trkpt lat="36.10624" lon="128.299834"/><trkpt lat="36.106235" lon="128.299807"/><trkpt lat="36.106227" lon="128.299777"/><trkpt lat="36.10606" lon="128.299637"/><trkpt lat="36.105903" lon="128.299477"/><trkpt lat="36.10583" lon="128.299371"/><trkpt lat="36.105778" lon="128.29927"/><trkpt lat="36.105738" lon="128.299196"/><trkpt lat="36.105775" lon="128.299141"/><trkpt lat="36.105767" lon="128.299066"/><trkpt lat="36.105719" lon="128.299045"/><trkpt lat="36.105689" lon="128.299019"/><trkpt lat="36.105669" lon="128.299008"/><trkpt lat="36.105642" lon="128.299001"/><trkpt lat="36.105624" lon="128.298999"/><trkpt lat="36.105605" lon="128.298997"/><trkpt lat="36.105484" lon="128.29887"/><trkpt lat="36.10543" lon="128.298777"/><trkpt lat="36.105374" lon="128.298684"/><trkpt lat="36.105313" lon="128.298607"/><trkpt lat="36.105251" lon="128.298532"/><trkpt lat="36.105168" lon="128.298441"/><trkpt lat="36.105087" lon="128.298361"/><trkpt lat="36.105007" lon="128.298282"/><trkpt lat="36.104924" lon="128.298211"/><trkpt lat="36.104853" lon="128.298136"/><trkpt lat="36.104831" lon="128.298057"/><trkpt lat="36.10481" lon="128.298053"/><trkpt lat="36.104744" lon="128.297966"/><trkpt lat="36.104635" lon="128.297921"/><trkpt lat="36.104458" lon="128.297868"/><trkpt lat="36.104363" lon="128.297813"/><trkpt lat="36.104331" lon="128.297795"/></trkseg>
<trkseg><trkpt lat="36.104331" lon="128.297795"/><trkpt lat="36.104236" lon="128.29774"/><trkpt lat="36.104159" lon="128.297714"/><trkpt lat="36.104084" lon="128.29773"/><trkpt lat="36.104016" lon="128.297746"/><trkpt lat="36.103951" lon="128.297772"/><trkpt lat="36.103874" lon="128.297808"/><trkpt lat="36.103803" lon="128.297858"/><trkpt lat="36.10376" lon="128.297927"/><trkpt lat="36.103731" lon="128.297998"/><trkpt lat="36.103718" lon="128.298123"/><trkpt lat="36.103718" lon="128.298234"/><trkpt lat="36.10367" lon="128.298341"/><trkpt lat="36.103727" lon="128.298481"/><trkpt lat="36.10371" lon="128.298593"/><trkpt lat="36.10374" lon="128.298722"/><trkpt lat="36.103716" lon="128.298838"/><trkpt lat="36.103693" lon="128.298955"/><trkpt lat="36.103645" lon="128.299074"/><trkpt lat="36.103595" lon="128.299168"/><trkpt lat="36.103562" lon="128.299265"/><trkpt lat="36.103521" lon="128.299359"/><trkpt lat="36.103489" lon="128.299419"/><trkpt lat="36.103435" lon="128.299488"/><trkpt lat="36.103392" lon="128.299547"/><trkpt lat="36.10333" lon="128.299591"/><trkpt lat="36.103268" lon="128.299635"/><trkpt lat="36.103238" lon="128.299663"/><trkpt lat="36.10321" lon="128.299671"/><trkpt lat="36.103123" lon="128.299724"/><trkpt lat="36.103034" lon="128.299778"/><trkpt lat="36.102775" lon="128.299568"/></trkseg>
<trkseg><trkpt lat="36.102775" lon="128.299568"/><trkpt lat="36.102698" lon="128.299513"/><trkpt lat="36.102631" lon="128.299535"/><trkpt lat="36.102555" lon="128.299593"/><trkpt lat="36.10248" lon="128.299666"/><trkpt lat="36.102433" lon="128.299747"/></trkseg>
<trkseg><trkpt lat="36.102433" lon="128.299747"/><trkpt lat="36.10233" lon="128.299631"/><trkpt lat="36.102272" lon="128.299543"/><trkpt lat="36.10218" lon="128.299398"/><trkpt lat="36.102034" lon="128.299284"/><trkpt lat="36.101965" lon="128.299261"/><trkpt lat="36.101841" lon="128.299131"/><trkpt lat="36.101877" lon="128.299037"/><trkpt lat="36.10183" lon="128.298914"/><trkpt lat="36.101787" lon="128.298895"/><trkpt lat="36.101748" lon="128.298812"/><trkpt lat="36.101691" lon="128.298777"/><trkpt lat="36.101551" lon="128.298792"/><trkpt lat="36.101501" lon="128.298698"/><trkpt lat="36.101417" lon="128.298623"/><trkpt lat="36.101357" lon="128.298578"/><trkpt lat="36.10132" lon="128.298533"/><trkpt lat="36.101157" lon="128.298598"/><trkpt lat="36.101072" lon="128.298627"/><trkpt lat="36.101019" lon="128.298669"/><trkpt lat="36.100807" lon="128.298687"/><trkpt lat="36.100669" lon="128.298646"/><trkpt lat="36.10053" lon="128.298595"/><trkpt lat="36.100392" lon="128.29857"/><trkpt lat="36.100343" lon="128.298601"/><trkpt lat="36.10023" lon="128.298726"/><trkpt lat="36.100003" lon="128.298875"/><trkpt lat="36.099871" lon="128.298983"/><trkpt lat="36.099779" lon="128.298989"/><trkpt lat="36.099686" lon="128.299012"/><trkpt lat="36.099531" lon="128.299071"/><trkpt lat="36.099408" lon="128.299163"/><trkpt lat="36.099393" lon="128.299223"/><trkpt lat="36.099315" lon="128.299398"/><trkpt lat="36.099302" lon="128.299429"/><trkpt lat="36.09924" lon="128.299509"/><trkpt lat="36.099138" lon="128.299592"/><trkpt lat="36.099096" lon="128.299592"/><trkpt lat="36.098997" lon="128.299651"/><trkpt lat="36.098852" lon="128.299701"/><trkpt lat="36.098694" lon="128.299696"/><trkpt lat="36.098658" lon="128.299618"/><trkpt lat="36.098631" lon="128.299517"/><trkpt lat="36.098612" lon="128.29943"/><trkpt lat="36.09859" lon="128.299321"/><trkpt lat="36.09861" lon="128.299262"/><trkpt lat="36.098531" lon="128.29927"/><trkpt lat="36.098468" lon="128.299212"/><trkpt lat="36.098505" lon="128.299142"/><trkpt lat="36.098367" lon="128.299092"/><trkpt lat="36.098153" lon="128.29915"/><trkpt lat="36.097943" lon="128.299205"/><trkpt lat="36.097824" lon="128.299217"/><trkpt lat="36.097766" lon="128.299174"/><trkpt lat="36.097714" lon="128.299186"/><trkpt lat="36.097705" lon="128.299209"/><trkpt lat="36.097684" lon="128.299275"/><trkpt lat="36.097628" lon="128.299354"/><trkpt lat="36.097557" lon="128.299345"/><trkpt lat="36.097553" lon="128.299232"/><trkpt lat="36.097565" lon="128.299153"/><trkpt lat="36.097546" lon="128.299076"/><trkpt lat="36.097472" lon="128.298986"/><trkpt lat="36.097428" lon="128.29887"/><trkpt lat="36.097356" lon="128.298852"/><trkpt lat="36.097286" lon="128.29881"/><trkpt lat="36.097216" lon="128.298767"/><trkpt lat="36.097151" lon="128.298747"/><trkpt lat="36.097081" lon="128.298739"/><trkpt lat="36.096971" lon="128.298564"/><trkpt lat="36.09693" lon="128.298479"/><trkpt lat="36.096772" lon="128.29835"/></trkseg>
<trkseg><trkpt lat="36.092478" lon="128.294399"/><trkpt lat="36.092968" lon="128.294298"/><trkpt lat="36.093107" lon="128.294261"/><trkpt lat="36.093224" lon="128.294201"/><trkpt lat="36.093382" lon="128.294212"/><trkpt lat="36.093505" lon="128.294257"/><trkpt lat="36.093602" lon="128.294296"/><trkpt lat="36.093686" lon="128.294349"/><trkpt lat="36.09377" lon="128.294402"/><trkpt lat="36.093855" lon="128.294455"/><trkpt lat="36.093959" lon="128.29453"/><trkpt lat="36.094087" lon="128.294677"/><trkpt lat="36.094185" lon="128.294779"/><trkpt lat="36.094259" lon="128.294852"/><trkpt lat="36.09434" lon="128.294935"/><trkpt lat="36.094429" lon="128.295053"/><trkpt lat="36.094513" lon="128.295117"/><trkpt lat="36.094585" lon="128.295165"/><trkpt lat="36.094665" lon="128.295239"/><trkpt lat="36.09472" lon="128.29528"/><trkpt lat="36.094778" lon="128.295232"/><trkpt lat="36.09484" lon="128.29523"/><trkpt lat="36.094896" lon="128.295241"/><trkpt lat="36.094938" lon="128.295169"/><trkpt lat="36.09498" lon="128.295097"/><trkpt lat="36.095022" lon="128.295026"/><trkpt lat="36.095081" lon="128.294984"/><trkpt lat="36.09516" lon="128.294948"/><trkpt lat="36.095227" lon="128.294899"/><trkpt lat="36.095303" lon="128.294889"/><trkpt lat="36.095444" lon="128.294912"/><trkpt lat="36.095556" lon="128.294908"/><trkpt lat="36.095667" lon="128.294904"/><trkpt lat="36.095779" lon="128.2949"/><trkpt lat="36.095885" lon="128.294892"/><trkpt lat="36.095972" lon="128.294861"/><trkpt lat="36.096065" lon="128.294819"/><trkpt lat="36.096137" lon="128.294781"/><trkpt lat="36.096259" lon="128.294765"/><trkpt lat="36.096283" lon="128.294759"/><trkpt lat="36.096368" lon="128.294826"/><trkpt lat="36.096385" lon="128.294853"/><trkpt lat="36.096411" lon="128.29495"/><trkpt lat="36.096493" lon="128.295001"/><trkpt lat="36.09658" lon="128.295039"/><trkpt lat="36.096603" lon="128.295034"/><trkpt lat="36.096668" lon="128.295029"/><trkpt lat="36.09676" lon="128.295007"/><trkpt lat="36.09687" lon="128.294992"/><trkpt lat="36.09698" lon="128.294943"/><trkpt lat="36.097012" lon="128.294902"/><trkpt lat="36.097028" lon="128.294803"/><trkpt lat="36.097108" lon="128.29471"/><trkpt lat="36.097185" lon="128.294684"/><trkpt lat="36.097293" lon="128.294672"/><trkpt lat="36.097392" lon="128.294687"/><trkpt lat="36.097479" lon="128.294704"/><trkpt lat="36.097648" lon="128.294716"/><trkpt lat="36.097692" lon="128.294803"/><trkpt lat="36.09784" lon="128.294862"/><trkpt lat="36.097862" lon="128.294865"/><trkpt lat="36.097903" lon="128.294859"/><trkpt lat="36.097996" lon="128.294886"/><trkpt lat="36.098013" lon="128.295025"/><trkpt lat="36.098013" lon="128.295059"/><trkpt lat="36.098004" lon="128.295087"/><trkpt lat="36.098013" lon="128.295147"/><trkpt lat="36.097937" lon="128.295184"/><trkpt lat="36.097948" lon="128.295255"/><trkpt lat="36.098007" lon="128.295339"/><trkpt lat="36.098082" lon="128.295367"/><trkpt lat="36.098129" lon="128.295406"/><trkpt lat="36.098212" lon="128.295425"/><trkpt lat="36.098398" lon="128.295459"/><trkpt lat="36.098494" lon="128.295473"/><trkpt lat="36.098664" lon="128.295486"/><trkpt lat="36.099968" lon="128.29566"/><trkpt lat="36.100729" lon="128.295672"/><trkpt lat="36.100838" lon="128.296016"/><trkpt lat="36.10118" lon="128.296231"/><trkpt lat="36.101484" lon="128.29621"/><trkpt lat="36.101872" lon="128.295951"/><trkpt lat="36.102397" lon="128.296365"/><trkpt lat="36.102869" lon="128.296911"/><trkpt lat="36.103029" lon="128.297577"/></trkseg>
<trkseg><trkpt lat="36.100953" lon="128.343684"/><trkpt lat="36.100882" lon="128.343597"/><trkpt lat="36.100848" lon="128.343559"/><trkpt lat="36.100792" lon="128.343533"/><trkpt lat="36.1007" lon="128.343529"/><trkpt lat="36.100596" lon="128.343542"/><trkpt lat="36.100507" lon="128.343551"/><trkpt lat="36.1004" lon="128.343535"/><trkpt lat="36.100318" lon="128.343524"/><trkpt lat="36.100187" lon="128.343523"/><trkpt lat="36.100039" lon="128.343522"/><trkpt lat="36.099915" lon="128.343565"/><trkpt lat="36.099816" lon="128.343573"/><trkpt lat="36.099722" lon="128.343544"/><trkpt lat="36.099612" lon="128.34355"/><trkpt lat="36.099493" lon="128.343556"/><trkpt lat="36.099373" lon="128.343553"/><trkpt lat="36.099225" lon="128.343554"/><trkpt lat="36.099077" lon="128.343542"/><trkpt lat="36.098964" lon="128.343499"/><trkpt lat="36.098901" lon="128.343365"/><trkpt lat="36.098797" lon="128.343254"/><trkpt lat="36.098654" lon="128.34318"/><trkpt lat="36.098536" lon="128.343124"/></trkseg>
<trkseg><trkpt lat="36.098536" lon="128.343124"/><trkpt lat="36.098427" lon="128.342985"/><trkpt lat="36.098344" lon="128.342952"/><trkpt lat="36.098156" lon="128.342821"/><trkpt lat="36.098026" lon="128.342721"/><trkpt lat="36.097953" lon="128.342692"/><trkpt lat="36.097855" lon="128.342671"/><trkpt lat="36.097755" lon="128.342664"/><trkpt lat="36.097703" lon="128.342578"/><trkpt lat="36.097655" lon="128.342562"/><trkpt lat="36.097599" lon="128.342558"/><trkpt lat="36.097538" lon="128.342553"/><trkpt lat="36.097489" lon="128.342547"/><trkpt lat="36.097447" lon="128.342471"/><trkpt lat="36.097443" lon="128.342448"/><trkpt lat="36.097427" lon="128.342389"/><trkpt lat="36.097404" lon="128.342282"/><trkpt lat="36.097384" lon="128.342196"/><trkpt lat="36.097315" lon="128.342197"/><trkpt lat="36.097228" lon="128.342134"/><trkpt lat="36.097216" lon="128.342056"/><trkpt lat="36.097176" lon="128.342024"/><trkpt lat="36.097167" lon="128.341988"/><trkpt lat="36.097107" lon="128.341958"/><trkpt lat="36.097098" lon="128.341942"/><trkpt lat="36.0971" lon="128.341911"/><trkpt lat="36.097082" lon="128.341826"/><trkpt lat="36.09706" lon="128.341806"/><trkpt lat="36.097018" lon="128.341699"/><trkpt lat="36.097001" lon="128.341613"/><trkpt lat="36.096972" lon="128.341544"/><trkpt lat="36.096951" lon="128.341464"/><trkpt lat="36.096911" lon="128.341385"/><trkpt lat="36.096879" lon="128.341353"/><trkpt lat="36.096806" lon="128.341354"/><trkpt lat="36.096771" lon="128.341354"/><trkpt lat="36.096753" lon="128.341336"/><trkpt lat="36.096688" lon="128.341265"/><trkpt lat="36.096614" lon="128.341294"/><trkpt lat="36.096583" lon="128.341245"/><trkpt lat="36.096557" lon="128.341192"/><trkpt lat="36.09655" lon="128.341179"/></trkseg>
<trkseg><trkpt lat="36.092386" lon="128.301256"/><trkpt lat="36.092353" lon="128.301181"/><trkpt lat="36.092406" lon="128.301156"/><trkpt lat="36.092454" lon="128.301139"/><trkpt lat="36.092448" lon="128.301043"/><trkpt lat="36.09241" lon="128.300929"/><trkpt lat="36.092406" lon="128.300807"/><trkpt lat="36.092431" lon="128.300693"/><trkpt lat="36.092495" lon="128.300661"/><trkpt lat="36.09261" lon="128.300596"/><trkpt lat="36.092628" lon="128.300382"/><trkpt lat="36.092749" lon="128.300317"/><trkpt lat="36.09279" lon="128.300255"/><trkpt lat="36.092969" lon="128.30021"/><trkpt lat="36.093011" lon="128.300118"/></trkseg>
<trkseg><trkpt lat="36.093011" lon="128.300118"/><trkpt lat="36.092859" lon="128.300014"/><trkpt lat="36.092774" lon="128.300025"/><trkpt lat="36.092714" lon="128.29995"/><trkpt lat="36.092581" lon="128.299895"/><trkpt lat="36.0925" lon="128.299974"/><trkpt lat="36.092439" lon="128.300093"/></trkseg>
<trkseg><trkpt lat="36.093911" lon="128.301249"/><trkpt lat="36.093879" lon="128.301149"/><trkpt lat="36.093805" lon="128.301091"/><trkpt lat="36.093711" lon="128.301075"/><trkpt lat="36.093694" lon="128.30101"/><trkpt lat="36.09364" lon="128.300938"/><trkpt lat="36.093514" lon="128.300899"/><trkpt lat="36.093376" lon="128.300815"/><trkpt lat="36.093307" lon="128.300771"/><trkpt lat="36.093271" lon="128.300727"/><trkpt lat="36.093205" lon="128.300721"/><trkpt lat="36.093117" lon="128.300818"/><trkpt lat="36.093023" lon="128.300889"/><trkpt lat="36.092882" lon="128.300941"/><trkpt lat="36.092754" lon="128.30097"/><trkpt lat="36.092658" lon="128.301089"/><trkpt lat="36.092546" lon="128.301154"/><trkpt lat="36.092513" lon="128.30119"/><trkpt lat="36.092434" lon="128.301252"/><trkpt lat="36.092386" lon="128.301256"/></trkseg>
<trkseg><trkpt lat="36.096048" lon="128.318552"/><trkpt lat="36.095943" lon="128.31851"/><trkpt lat="36.095822" lon="128.318406"/><trkpt lat="36.09577" lon="128.318341"/><trkpt lat="36.095702" lon="128.318215"/><trkpt lat="36.095556" lon="128.318123"/><trkpt lat="36.095455" lon="128.318068"/><trkpt lat="36.09537" lon="128.317962"/><trkpt lat="36.095291" lon="128.31784"/><trkpt lat="36.095238" lon="128.31771"/><trkpt lat="36.095149" lon="128.31758"/><trkpt lat="36.095056" lon="128.317449"/><trkpt lat="36.09495" lon="128.317335"/><trkpt lat="36.094837" lon="128.317287"/><trkpt lat="36.094742" lon="128.317172"/><trkpt lat="36.094634" lon="128.317067"/><trkpt lat="36.094506" lon="128.31693"/><trkpt lat="36.094423" lon="128.316797"/><trkpt lat="36.094363" lon="128.316662"/><trkpt lat="36.094248" lon="128.316527"/><trkpt lat="36.094182" lon="128.316402"/><trkpt lat="36.094118" lon="128.316304"/><trkpt lat="36.094132" lon="128.316277"/></trkseg>
<trkseg><trkpt lat="36.098699" lon="128.322605"/><trkpt lat="36.098622" lon="128.322573"/><trkpt lat="36.098508" lon="128.322511"/><trkpt lat="36.098369" lon="128.322381"/><trkpt lat="36.09831" lon="128.322306"/><trkpt lat="36.098161" lon="128.322212"/><trkpt lat="36.098107" lon="128.322062"/><trkpt lat="36.098126" lon="128.321943"/><trkpt lat="36.098147" lon="128.32178"/><trkpt lat="36.098149" lon="128.321643"/><trkpt lat="36.098121" lon="128.321469"/><trkpt lat="36.098072" lon="128.321327"/><trkpt lat="36.09805" lon="128.321154"/><trkpt lat="36.097999" lon="128.321"/><trkpt lat="36.097897" lon="128.320869"/><trkpt lat="36.097774" lon="128.320767"/><trkpt lat="36.097748" lon="128.320553"/><trkpt lat="36.097721" lon="128.320373"/><trkpt lat="36.097701" lon="128.320189"/><trkpt lat="36.097613" lon="128.320101"/><trkpt lat="36.097495" lon="128.320045"/><trkpt lat="36.097448" lon="128.319927"/><trkpt lat="36.097352" lon="128.319843"/><trkpt lat="36.097272" lon="128.31979"/><trkpt lat="36.097243" lon="128.319648"/><trkpt lat="36.097161" lon="128.319537"/><trkpt lat="36.097085" lon="128.319424"/><trkpt lat="36.097027" lon="128.319318"/><trkpt lat="36.096932" lon="128.319222"/><trkpt lat="36.096832" lon="128.319137"/><trkpt lat="36.096698" lon="128.319087"/><trkpt lat="36.0966" lon="128.319041"/><trkpt lat="36.096517" lon="128.318976"/><trkpt lat="36.096444" lon="128.318922"/><trkpt lat="36.096413" lon="128.318731"/><trkpt lat="36.096399" lon="128.318564"/></trkseg>
<trkseg><trkpt lat="36.098463" lon="128.324563"/><trkpt lat="36.098483" lon="128.324539"/><trkpt lat="36.098496" lon="128.324516"/><trkpt lat="36.098563" lon="128.324414"/><trkpt lat="36.098616" lon="128.324294"/><trkpt lat="36.098644" lon="128.324136"/><trkpt lat="36.098619" lon="128.323988"/><trkpt lat="36.098688" lon="128.323813"/><trkpt lat="36.098734" lon="128.323685"/><trkpt lat="36.098777" lon="128.323523"/><trkpt lat="36.098854" lon="128.32331"/><trkpt lat="36.0989" lon="128.323064"/><trkpt lat="36.098915" lon="128.32289"/><trkpt lat="36.098898" lon="128.322748"/><trkpt lat="36.098791" lon="128.322651"/><trkpt lat="36.098699" lon="128.322605"/></trkseg>
<trkseg><trkpt lat="36.111089" lon="128.322148"/><trkpt lat="36.111006" lon="128.322101"/><trkpt lat="36.110891" lon="128.322045"/><trkpt lat="36.110776" lon="128.322006"/><trkpt lat="36.11076" lon="128.321899"/><trkpt lat="36.110745" lon="128.321853"/><trkpt lat="36.110666" lon="128.321715"/><trkpt lat="36.110586" lon="128.321651"/><trkpt lat="36.110572" lon="128.321627"/><trkpt lat="36.110567" lon="128.321604"/><trkpt lat="36.110533" lon="128.321488"/><trkpt lat="36.110485" lon="128.32143"/><trkpt lat="36.110451" lon="128.321419"/><trkpt lat="36.110302" lon="128.321392"/><trkpt lat="36.110141" lon="128.321434"/><trkpt lat="36.110009" lon="128.321479"/><trkpt lat="36.109907" lon="128.321448"/><trkpt lat="36.109867" lon="128.321449"/><trkpt lat="36.109863" lon="128.32145"/><trkpt lat="36.109826" lon="128.321469"/></trkseg>
<trkseg><trkpt lat="36.100546" lon="128.325193"/><trkpt lat="36.100414" lon="128.32518"/><trkpt lat="36.100328" lon="128.325169"/><trkpt lat="36.100216" lon="128.325169"/><trkpt lat="36.1001" lon="128.325202"/><trkpt lat="36.100003" lon="128.325247"/><trkpt lat="36.099896" lon="128.325274"/><trkpt lat="36.099877" lon="128.325245"/><trkpt lat="36.099823" lon="128.325221"/><trkpt lat="36.099725" lon="128.325184"/><trkpt lat="36.099599" lon="128.325157"/><trkpt lat="36.099456" lon="128.325033"/><trkpt lat="36.099274" lon="128.324861"/><trkpt lat="36.099175" lon="128.32485"/></trkseg>
<trkseg><trkpt lat="36.096794" lon="128.329239"/><trkpt lat="36.096852" lon="128.329293"/><trkpt lat="36.096952" lon="128.329357"/><trkpt lat="36.097018" lon="128.32948"/><trkpt lat="36.097133" lon="128.329539"/><trkpt lat="36.097152" lon="128.329526"/><trkpt lat="36.097236" lon="128.329454"/><trkpt lat="36.097326" lon="128.329404"/><trkpt lat="36.097377" lon="128.329345"/><trkpt lat="36.097452" lon="128.329314"/><trkpt lat="36.097526" lon="128.329284"/><trkpt lat="36.097578" lon="128.329291"/><trkpt lat="36.09765" lon="128.329268"/><trkpt lat="36.097758" lon="128.329287"/><trkpt lat="36.09787" lon="128.329295"/><trkpt lat="36.097951" lon="128.329299"/><trkpt lat="36.098055" lon="128.329276"/><trkpt lat="36.098118" lon="128.329262"/><trkpt lat="36.098215" lon="128.32923"/><trkpt lat="36.098361" lon="128.329195"/><trkpt lat="36.098497" lon="128.329163"/><trkpt lat="36.098665" lon="128.329105"/><trkpt lat="36.098897" lon="128.329036"/><trkpt lat="36.098941" lon="128.329095"/><trkpt lat="36.099002" lon="128.329188"/><trkpt lat="36.099072" lon="128.329257"/><trkpt lat="36.099189" lon="128.329311"/><trkpt lat="36.099302" lon="128.329355"/><trkpt lat="36.099394" lon="128.329376"/><trkpt lat="36.099504" lon="128.329409"/><trkpt lat="36.099636" lon="128.32945"/><trkpt lat="36.09976" lon="128.329549"/><trkpt lat="36.099874" lon="128.329665"/><trkpt lat="36.09996" lon="128.329749"/><trkpt lat="36.100004" lon="128.329867"/><trkpt lat="36.099994" lon="128.329902"/><trkpt lat="36.100091" lon="128.32999"/><trkpt lat="36.100162" lon="128.330019"/><trkpt lat="36.100261" lon="128.33002"/><trkpt lat="36.100349" lon="128.32999"/><trkpt lat="36.100447" lon="128.329952"/><trkpt lat="36.100565" lon="128.329911"/><trkpt lat="36.100702" lon="128.329859"/><trkpt lat="36.100822" lon="128.329822"/><trkpt lat="36.100965" lon="128.329768"/><trkpt lat="36.101069" lon="128.329776"/><trkpt lat="36.101186" lon="128.329758"/><trkpt lat="36.101276" lon="128.329731"/><trkpt lat="36.101376" lon="128.329537"/><trkpt lat="36.101369" lon="128.329518"/><trkpt lat="36.101387" lon="128.329491"/><trkpt lat="36.101468" lon="128.329523"/><trkpt lat="36.101626" lon="128.329512"/><trkpt lat="36.101711" lon="128.329581"/><trkpt lat="36.101817" lon="128.329647"/><trkpt lat="36.101928" lon="128.329693"/><trkpt lat="36.102035" lon="128.329764"/><trkpt lat="36.102132" lon="128.32983"/><trkpt lat="36.102231" lon="128.329892"/><trkpt lat="36.102267" lon="128.330011"/><trkpt lat="36.102284" lon="128.330114"/><trkpt lat="36.102283" lon="128.330226"/><trkpt lat="36.102289" lon="128.330379"/><trkpt lat="36.10228" lon="128.330399"/><trkpt lat="36.102263" lon="128.330424"/><trkpt lat="36.102211" lon="128.330575"/><trkpt lat="36.102201" lon="128.330597"/><trkpt lat="36.102193" lon="128.330618"/><trkpt lat="36.102174" lon="128.330635"/><trkpt lat="36.102153" lon="128.33065"/><trkpt lat="36.102094" lon="128.330676"/><trkpt lat="36.10203" lon="128.330703"/><trkpt lat="36.101955" lon="128.330776"/><trkpt lat="36.10194" lon="128.330803"/><trkpt lat="36.10192" lon="128.330874"/><trkpt lat="36.101861" lon="128.331067"/><trkpt lat="36.101863" lon="128.331097"/><trkpt lat="36.101864" lon="128.331125"/><trkpt lat="36.101863" lon="128.331152"/><trkpt lat="36.10187" lon="128.33121"/><trkpt lat="36.101899" lon="128.331329"/><trkpt lat="36.101898" lon="128.331407"/><trkpt lat="36.101875" lon="128.331497"/><trkpt lat="36.101986" lon="128.331607"/><trkpt lat="36.101996" lon="128.331659"/><trkpt lat="36.101956" lon="128.331726"/><trkpt lat="36.101955" lon="128.331773"/><trkpt lat="36.101915" lon="128.331847"/><trkpt lat="36.102031" lon="128.331931"/><trkpt lat="36.102135" lon="128.332011"/><trkpt lat="36.102233" lon="128.332117"/><trkpt lat="36.102292" lon="128.332195"/><trkpt lat="36.102266" lon="128.33229"/><trkpt lat="36.102305" lon="128.332375"/><trkpt lat="36.102333" lon="128.332426"/><trkpt lat="36.102368" lon="128.332506"/><trkpt lat="36.102393" lon="128.332598"/><trkpt lat="36.102439" lon="128.332667"/><trkpt lat="36.10248" lon="128.332742"/><trkpt lat="36.102501" lon="128.332828"/><trkpt lat="36.102607" lon="128.332887"/><trkpt lat="36.102654" lon="128.332983"/><trkpt lat="36.102715" lon="128.33304"/><trkpt lat="36.102799" lon="128.333083"/><trkpt lat="36.102806" lon="128.333153"/><trkpt lat="36.102773" lon="128.333234"/><trkpt lat="36.102716" lon="128.333308"/><trkpt lat="36.102816" lon="128.333935"/><trkpt lat="36.103482" lon="128.334208"/><trkpt lat="36.104239" lon="128.334197"/></trkseg>
<trkseg><trkpt lat="36.095752" lon="128.329166"/><trkpt lat="36.095785" lon="128.329152"/><trkpt lat="36.095786" lon="128.328957"/><trkpt lat="36.095866" lon="128.328891"/><trkpt lat="36.095976" lon="128.328858"/><trkpt lat="36.096007" lon="128.328851"/><trkpt lat="36.096065" lon="128.328837"/><trkpt lat="36.096156" lon="128.328823"/><trkpt lat="36.096225" lon="128.328827"/><trkpt lat="36.096299" lon="128.32886"/><trkpt lat="36.096349" lon="128.328911"/><trkpt lat="36.096401" lon="128.328946"/><trkpt lat="36.096469" lon="128.328964"/><trkpt lat="36.096554" lon="128.329011"/><trkpt lat="36.096632" lon="128.329075"/><trkpt lat="36.096723" lon="128.329124"/><trkpt lat="36.096794" lon="128.329239"/></trkseg>
<trkseg><trkpt lat="36.094716" lon="128.32924"/><trkpt lat="36.094795" lon="128.329244"/><trkpt lat="36.094848" lon="128.329266"/><trkpt lat="36.094965" lon="128.329254"/><trkpt lat="36.095101" lon="128.329225"/><trkpt lat="36.095216" lon="128.329219"/><trkpt lat="36.09536" lon="128.329213"/><trkpt lat="36.095506" lon="128.329212"/><trkpt lat="36.095752" lon="128.329166"/></trkseg>
<trkseg><trkpt lat="36.094635" lon="128.32936"/><trkpt lat="36.094642" lon="128.329324"/><trkpt lat="36.09469" lon="128.329248"/><trkpt lat="36.094716" lon="128.32924"/></trkseg>
<trkseg><trkpt lat="36.101033" lon="128.335645"/><trkpt lat="36.100969" lon="128.335761"/><trkpt lat="36.100928" lon="128.335909"/><trkpt lat="36.100895" lon="128.335892"/><trkpt lat="36.100794" lon="128.335859"/><trkpt lat="36.100519" lon="128.335823"/><trkpt lat="36.100392" lon="128.335778"/><trkpt lat="36.100306" lon="128.335782"/><trkpt lat="36.100221" lon="128.335793"/><trkpt lat="36.100172" lon="128.335849"/><trkpt lat="36.10011" lon="128.335892"/><trkpt lat="36.100008" lon="128.335886"/><trkpt lat="36.09985" lon="128.335849"/><trkpt lat="36.099693" lon="128.335774"/><trkpt lat="36.099677" lon="128.335757"/><trkpt lat="36.099623" lon="128.335753"/><trkpt lat="36.099528" lon="128.335766"/><trkpt lat="36.099406" lon="128.335681"/><trkpt lat="36.099317" lon="128.335635"/><trkpt lat="36.099206" lon="128.335659"/><trkpt lat="36.099091" lon="128.335728"/><trkpt lat="36.098991" lon="128.335819"/><trkpt lat="36.098839" lon="128.335765"/><trkpt lat="36.098718" lon="128.335777"/><trkpt lat="36.098619" lon="128.335749"/><trkpt lat="36.098531" lon="128.335722"/><trkpt lat="36.098467" lon="128.335648"/><trkpt lat="36.098424" lon="128.335566"/><trkpt lat="36.098378" lon="128.335501"/><trkpt lat="36.098332" lon="128.335419"/><trkpt lat="36.098215" lon="128.335415"/><trkpt lat="36.098096" lon="128.335394"/><trkpt lat="36.097976" lon="128.335371"/><trkpt lat="36.097831" lon="128.335381"/><trkpt lat="36.097747" lon="128.335473"/><trkpt lat="36.097653" lon="128.335553"/><trkpt lat="36.097562" lon="128.335728"/><trkpt lat="36.097499" lon="128.33578"/><trkpt lat="36.097442" lon="128.335768"/><trkpt lat="36.097349" lon="128.335771"/><trkpt lat="36.097221" lon="128.335796"/><trkpt lat="36.097053" lon="128.335822"/><trkpt lat="36.096906" lon="128.335813"/><trkpt lat="36.09679" lon="128.335781"/><trkpt lat="36.096688" lon="128.335782"/><trkpt lat="36.096589" lon="128.335737"/><trkpt lat="36.096495" lon="128.335719"/><trkpt lat="36.096393" lon="128.335716"/><trkpt lat="36.096332" lon="128.335727"/></trkseg>
<trkseg><trkpt lat="36.096332" lon="128.335727"/><trkpt lat="36.096245" lon="128.33567"/><trkpt lat="36.096158" lon="128.335615"/><trkpt lat="36.096071" lon="128.335573"/><trkpt lat="36.095971" lon="128.335533"/><trkpt lat="36.095878" lon="128.335511"/><trkpt lat="36.095771" lon="128.335475"/><trkpt lat="36.095727" lon="128.335497"/><trkpt lat="36.095623" lon="128.335587"/><trkpt lat="36.095532" lon="128.335654"/><trkpt lat="36.095465" lon="128.335636"/><trkpt lat="36.095402" lon="128.335627"/><trkpt lat="36.095341" lon="128.335623"/><trkpt lat="36.095229" lon="128.33558"/><trkpt lat="36.095146" lon="128.335618"/><trkpt lat="36.095097" lon="128.335641"/><trkpt lat="36.095075" lon="128.335639"/><trkpt lat="36.095022" lon="128.335614"/><trkpt lat="36.094969" lon="128.335555"/><trkpt lat="36.094874" lon="128.335561"/><trkpt lat="36.094833" lon="128.335642"/><trkpt lat="36.094754" lon="128.335654"/><trkpt lat="36.094677" lon="128.335637"/><trkpt lat="36.094606" lon="128.335599"/><trkpt lat="36.094555" lon="128.335577"/><trkpt lat="36.094474" lon="128.335566"/><trkpt lat="36.094408" lon="128.335559"/><trkpt lat="36.094331" lon="128.33556"/><trkpt lat="36.094239" lon="128.335545"/><trkpt lat="36.094129" lon="128.33554"/><trkpt lat="36.094077" lon="128.335587"/></trkseg>
<trkseg><trkpt lat="36.094077" lon="128.335587"/><trkpt lat="36.093981" lon="128.33546"/><trkpt lat="36.093959" lon="128.335432"/><trkpt lat="36.093945" lon="128.335414"/><trkpt lat="36.093932" lon="128.335392"/><trkpt lat="36.093857" lon="128.335255"/><trkpt lat="36.093861" lon="128.335122"/><trkpt lat="36.093851" lon="128.335012"/><trkpt lat="36.093875" lon="128.33489"/><trkpt lat="36.093874" lon="128.334726"/><trkpt lat="36.093871" lon="128.33461"/><trkpt lat="36.093882" lon="128.33448"/><trkpt lat="36.093889" lon="128.334378"/><trkpt lat="36.093911" lon="128.334239"/><trkpt lat="36.093911" lon="128.334129"/><trkpt lat="36.0939" lon="128.334007"/><trkpt lat="36.093886" lon="128.333887"/><trkpt lat="36.093868" lon="128.333774"/><trkpt lat="36.093878" lon="128.33368"/><trkpt lat="36.093883" lon="128.333603"/><trkpt lat="36.093869" lon="128.333535"/><trkpt lat="36.093901" lon="128.333452"/><trkpt lat="36.093916" lon="128.333387"/><trkpt lat="36.093913" lon="128.333368"/><trkpt lat="36.093908" lon="128.333349"/><trkpt lat="36.093795" lon="128.333176"/><trkpt lat="36.093748" lon="128.333098"/><trkpt lat="36.093664" lon="128.33302"/><trkpt lat="36.093596" lon="128.332888"/><trkpt lat="36.093577" lon="128.332848"/><trkpt lat="36.093534" lon="128.332749"/><trkpt lat="36.093529" lon="128.33261"/><trkpt lat="36.093499" lon="128.332533"/><trkpt lat="36.093494" lon="128.33251"/><trkpt lat="36.093488" lon="128.332487"/><trkpt lat="36.093415" lon="128.332375"/><trkpt lat="36.093363" lon="128.332278"/><trkpt lat="36.09334" lon="128.332242"/><trkpt lat="36.09332" lon="128.332239"/><trkpt lat="36.093302" lon="128.332227"/><trkpt lat="36.093289" lon="128.332212"/><trkpt lat="36.093278" lon="128.332193"/><trkpt lat="36.093169" lon="128.332037"/><trkpt lat="36.093093" lon="128.331975"/><trkpt lat="36.092989" lon="128.331911"/><trkpt lat="36.092888" lon="128.331837"/><trkpt lat="36.092809" lon="128.33173"/><trkpt lat="36.092816" lon="128.331641"/><trkpt lat="36.092808" lon="128.331554"/><trkpt lat="36.092797" lon="128.33147"/><trkpt lat="36.092778" lon="128.331434"/><trkpt lat="36.092707" lon="128.331351"/><trkpt lat="36.09264" lon="128.331302"/><trkpt lat="36.092629" lon="128.331182"/><trkpt lat="36.092713" lon="128.331089"/><trkpt lat="36.092732" lon="128.330963"/></trkseg>
<trkseg><trkpt lat="36.094579" lon="128.33714"/><trkpt lat="36.094557" lon="128.337127"/><trkpt lat="36.094543" lon="128.337116"/><trkpt lat="36.094435" lon="128.337015"/><trkpt lat="36.094367" lon="128.336908"/><trkpt lat="36.09429" lon="128.336773"/><trkpt lat="36.094269" lon="128.336629"/><trkpt lat="36.094275" lon="128.336562"/><trkpt lat="36.094273" lon="128.336426"/><trkpt lat="36.094268" lon="128.336265"/><trkpt lat="36.094264" lon="128.33612"/><trkpt lat="36.094241" lon="128.335965"/><trkpt lat="36.094204" lon="128.335826"/><trkpt lat="36.094167" lon="128.335749"/><trkpt lat="36.094146" lon="128.335716"/><trkpt lat="36.094135" lon="128.335688"/><trkpt lat="36.094125" lon="128.335664"/><trkpt lat="36.094077" lon="128.335587"/></trkseg>
<trkseg><trkpt lat="36.096031" lon="128.340417"/><trkpt lat="36.095929" lon="128.34029"/><trkpt lat="36.095862" lon="128.340174"/><trkpt lat="36.095849" lon="128.340116"/><trkpt lat="36.095831" lon="128.340061"/><trkpt lat="36.095822" lon="128.340032"/><trkpt lat="36.095768" lon="128.339925"/><trkpt lat="36.095703" lon="128.339828"/><trkpt lat="36.095643" lon="128.339786"/><trkpt lat="36.09556" lon="128.339745"/><trkpt lat="36.095466" lon="128.339676"/><trkpt lat="36.095381" lon="128.339569"/><trkpt lat="36.095335" lon="128.339431"/><trkpt lat="36.095314" lon="128.339346"/><trkpt lat="36.095295" lon="128.339222"/><trkpt lat="36.095269" lon="128.339004"/><trkpt lat="36.09531" lon="128.338871"/><trkpt lat="36.095294" lon="128.338711"/><trkpt lat="36.095244" lon="128.338562"/><trkpt lat="36.095215" lon="128.338422"/><trkpt lat="36.095115" lon="128.338193"/><trkpt lat="36.095036" lon="128.338053"/><trkpt lat="36.094935" lon="128.337915"/><trkpt lat="36.094887" lon="128.337772"/><trkpt lat="36.094815" lon="128.337629"/><trkpt lat="36.094737" lon="128.337488"/><trkpt lat="36.094685" lon="128.33738"/><trkpt lat="36.094645" lon="128.33725"/><trkpt lat="36.094587" lon="128.337148"/><trkpt lat="36.094579" lon="128.33714"/></trkseg>
<trkseg><trkpt lat="36.09655" lon="128.341179"/><trkpt lat="36.096453" lon="128.341141"/><trkpt lat="36.096289" lon="128.341108"/><trkpt lat="36.096213" lon="128.340968"/><trkpt lat="36.096182" lon="128.340876"/><trkpt lat="36.096131" lon="128.340763"/><trkpt lat="36.096098" lon="128.34061"/><trkpt lat="36.096043" lon="128.340441"/><trkpt lat="36.096031" lon="128.340417"/></trkseg>
<trkseg><trkpt lat="36.103296" lon="128.337204"/><trkpt lat="36.103794" lon="128.337209"/></trkseg>
<trkseg><trkpt lat="36.101048" lon="128.341271"/><trkpt lat="36.101069" lon="128.341165"/><trkpt lat="36.101113" lon="128.341081"/><trkpt lat="36.101157" lon="128.340956"/><trkpt lat="36.101172" lon="128.340808"/><trkpt lat="36.10123" lon="128.340665"/><trkpt lat="36.101265" lon="128.340551"/><trkpt lat="36.101342" lon="128.340433"/><trkpt lat="36.101381" lon="128.340304"/><trkpt lat="36.101424" lon="128.34018"/><trkpt lat="36.101487" lon="128.340046"/><trkpt lat="36.101586" lon="128.339984"/><trkpt lat="36.101711" lon="128.340016"/><trkpt lat="36.10181" lon="128.340042"/><trkpt lat="36.101932" lon="128.340051"/><trkpt lat="36.102025" lon="128.339974"/><trkpt lat="36.101972" lon="128.339718"/><trkpt lat="36.102266" lon="128.339587"/><trkpt lat="36.102377" lon="128.339475"/><trkpt lat="36.102385" lon="128.339287"/><trkpt lat="36.102438" lon="128.339122"/><trkpt lat="36.102666" lon="128.339102"/><trkpt lat="36.102842" lon="128.338991"/><trkpt lat="36.102953" lon="128.338665"/><trkpt lat="36.103077" lon="128.338147"/><trkpt lat="36.103184" lon="128.337953"/><trkpt lat="36.103291" lon="128.33782"/><trkpt lat="36.103411" lon="128.337687"/><trkpt lat="36.103395" lon="128.337489"/><trkpt lat="36.103296" lon="128.337204"/></trkseg>
<trkseg><trkpt lat="36.095411" lon="128.348247"/><trkpt lat="36.095338" lon="128.348114"/><trkpt lat="36.095274" lon="128.348035"/><trkpt lat="36.095189" lon="128.347963"/><trkpt lat="36.095103" lon="128.347914"/><trkpt lat="36.094962" lon="128.347878"/><trkpt lat="36.094882" lon="128.347811"/><trkpt lat="36.094808" lon="128.347725"/><trkpt lat="36.09479" lon="128.347631"/><trkpt lat="36.094737" lon="128.347543"/><trkpt lat="36.094728" lon="128.34746"/><trkpt lat="36.094758" lon="128.347351"/><trkpt lat="36.094804" lon="128.347222"/><trkpt lat="36.094821" lon="128.34711"/><trkpt lat="36.094746" lon="128.347097"/><trkpt lat="36.09474" lon="128.34705"/><trkpt lat="36.094737" lon="128.346937"/><trkpt lat="36.094736" lon="128.346824"/><trkpt lat="36.094776" lon="128.346719"/><trkpt lat="36.094818" lon="128.346612"/><trkpt lat="36.094857" lon="128.346532"/><trkpt lat="36.094873" lon="128.346418"/><trkpt lat="36.094883" lon="128.346275"/><trkpt lat="36.094953" lon="128.34615"/><trkpt lat="36.095015" lon="128.346098"/><trkpt lat="36.095027" lon="128.346027"/><trkpt lat="36.095057" lon="128.346"/><trkpt lat="36.095087" lon="128.345882"/><trkpt lat="36.095123" lon="128.34579"/><trkpt lat="36.095158" lon="128.345707"/><trkpt lat="36.095181" lon="128.345678"/><trkpt lat="36.095217" lon="128.345602"/><trkpt lat="36.095237" lon="128.345577"/><trkpt lat="36.095245" lon="128.345547"/><trkpt lat="36.095268" lon="128.345396"/><trkpt lat="36.095328" lon="128.345327"/><trkpt lat="36.095378" lon="128.345254"/><trkpt lat="36.095412" lon="128.345133"/><trkpt lat="36.095486" lon="128.345045"/><trkpt lat="36.095563" lon="128.344993"/><trkpt lat="36.095624" lon="128.344931"/><trkpt lat="36.0957" lon="128.344842"/><trkpt lat="36.095745" lon="128.34475"/><trkpt lat="36.095776" lon="128.344687"/><trkpt lat="36.095821" lon="128.344625"/><trkpt lat="36.095878" lon="128.344574"/><trkpt lat="36.095943" lon="128.344419"/><trkpt lat="36.095975" lon="128.34432"/><trkpt lat="36.096008" lon="128.344208"/><trkpt lat="36.096067" lon="128.344077"/><trkpt lat="36.09612" lon="128.343978"/><trkpt lat="36.096169" lon="128.343916"/><trkpt lat="36.096158" lon="128.343784"/><trkpt lat="36.096118" lon="128.343668"/><trkpt lat="36.096129" lon="128.343589"/><trkpt lat="36.096136" lon="128.343551"/><trkpt lat="36.09612" lon="128.343436"/><trkpt lat="36.096151" lon="128.343328"/><trkpt lat="36.096174" lon="128.343238"/><trkpt lat="36.096185" lon="128.343129"/><trkpt lat="36.096206" lon="128.343074"/><trkpt lat="36.096199" lon="128.342988"/><trkpt lat="36.096191" lon="128.342921"/><trkpt lat="36.096181" lon="128.342849"/><trkpt lat="36.096206" lon="128.342792"/><trkpt lat="36.096226" lon="128.342733"/><trkpt lat="36.096219" lon="128.34267"/><trkpt lat="36.09621" lon="128.342657"/><trkpt lat="36.096201" lon="128.342636"/><trkpt lat="36.096145" lon="128.342548"/><trkpt lat="36.09614" lon="128.342497"/><trkpt lat="36.096138" lon="128.342427"/><trkpt lat="36.096157" lon="128.342354"/><trkpt lat="36.096191" lon="128.342304"/><trkpt lat="36.096211" lon="128.342283"/><trkpt lat="36.096231" lon="128.342247"/><trkpt lat="36.096222" lon="128.342224"/><trkpt lat="36.096218" lon="128.342203"/><trkpt lat="36.096238" lon="128.342098"/><trkpt lat="36.09625" lon="128.342003"/><trkpt lat="36.096301" lon="128.341914"/><trkpt lat="36.096304" lon="128.341838"/><trkpt lat="36.096321" lon="128.341778"/><trkpt lat="36.096359" lon="128.341734"/><trkpt lat="36.096404" lon="128.34167"/><trkpt lat="36.096384" lon="128.341619"/><trkpt lat="36.096392" lon="128.341582"/><trkpt lat="36.096383" lon="128.341551"/><trkpt lat="36.09639" lon="128.341461"/><trkpt lat="36.096427" lon="128.341376"/><trkpt lat="36.096463" lon="128.341296"/><trkpt lat="36.096539" lon="128.341214"/><trkpt lat="36.09655" lon="128.341179"/></trkseg>
<trkseg><trkpt lat="36.095192" lon="128.349454"/><trkpt lat="36.095272" lon="128.349357"/><trkpt lat="36.095299" lon="128.349249"/><trkpt lat="36.095298" lon="128.349116"/><trkpt lat="36.095321" lon="128.349"/><trkpt lat="36.09535" lon="128.348849"/><trkpt lat="36.095377" lon="128.348776"/><trkpt lat="36.095378" lon="128.348655"/><trkpt lat="36.09538" lon="128.348573"/><trkpt lat="36.095412" lon="128.348408"/><trkpt lat="36.095411" lon="128.348247"/></trkseg>
<trkseg><trkpt lat="36.093949" lon="128.351082"/><trkpt lat="36.093968" lon="128.350959"/><trkpt lat="36.093977" lon="128.35086"/><trkpt lat="36.093956" lon="128.350758"/><trkpt lat="36.093949" lon="128.350669"/><trkpt lat="36.093981" lon="128.350571"/><trkpt lat="36.09405" lon="128.350443"/><trkpt lat="36.094078" lon="128.350326"/><trkpt lat="36.094127" lon="128.350227"/><trkpt lat="36.09421" lon="128.35012"/><trkpt lat="36.094285" lon="128.350055"/><trkpt lat="36.094354" lon="128.350016"/><trkpt lat="36.094412" lon="128.349979"/><trkpt lat="36.094503" lon="128.349929"/><trkpt lat="36.094577" lon="128.34986"/><trkpt lat="36.094646" lon="128.349833"/><trkpt lat="36.094709" lon="128.349803"/><trkpt lat="36.094764" lon="128.34974"/><trkpt lat="36.09485" lon="128.349682"/><trkpt lat="36.095057" lon="128.349462"/><trkpt lat="36.095192" lon="128.349454"/></trkseg>
<trkseg><trkpt lat="36.102255" lon="128.352454"/><trkpt lat="36.102339" lon="128.352562"/><trkpt lat="36.102418" lon="128.352677"/><trkpt lat="36.102503" lon="128.352796"/><trkpt lat="36.102604" lon="128.352916"/><trkpt lat="36.102657" lon="128.353082"/><trkpt lat="36.102693" lon="128.353163"/><trkpt lat="36.102701" lon="128.353174"/></trkseg>
<trkseg><trkpt lat="36.102701" lon="128.353174"/><trkpt lat="36.102762" lon="128.353187"/><trkpt lat="36.102857" lon="128.353201"/><trkpt lat="36.102968" lon="128.353201"/><trkpt lat="36.103034" lon="128.353247"/><trkpt lat="36.103095" lon="128.353345"/><trkpt lat="36.103118" lon="128.353393"/><trkpt lat="36.103224" lon="128.353379"/><trkpt lat="36.103325" lon="128.353302"/><trkpt lat="36.103438" lon="128.353215"/><trkpt lat="36.103457" lon="128.353111"/><trkpt lat="36.103393" lon="128.352975"/><trkpt lat="36.103285" lon="128.352889"/><trkpt lat="36.103156" lon="128.352751"/><trkpt lat="36.10308" lon="128.352633"/><trkpt lat="36.103004" lon="128.352493"/><trkpt lat="36.102944" lon="128.352336"/><trkpt lat="36.102873" lon="128.352205"/><trkpt lat="36.102869" lon="128.352054"/><trkpt lat="36.102828" lon="128.351887"/><trkpt lat="36.102759" lon="128.351783"/><trkpt lat="36.102681" lon="128.351688"/><trkpt lat="36.102613" lon="128.351532"/><trkpt lat="36.102575" lon="128.351364"/><trkpt lat="36.102535" lon="128.35119"/><trkpt lat="36.102504" lon="128.351041"/><trkpt lat="36.102461" lon="128.350858"/><trkpt lat="36.102425" lon="128.350685"/><trkpt lat="36.102367" lon="128.350514"/><trkpt lat="36.102275" lon="128.350372"/><trkpt lat="36.102241" lon="128.350193"/><trkpt lat="36.102161" lon="128.350023"/><trkpt lat="36.102075" lon="128.349878"/><trkpt lat="36.102053" lon="128.349736"/><trkpt lat="36.102036" lon="128.349572"/><trkpt lat="36.102029" lon="128.349411"/><trkpt lat="36.101994" lon="128.34922"/><trkpt lat="36.101993" lon="128.349066"/><trkpt lat="36.101967" lon="128.348935"/><trkpt lat="36.101902" lon="128.348835"/><trkpt lat="36.101816" lon="128.348863"/><trkpt lat="36.101716" lon="128.348969"/><trkpt lat="36.101614" lon="128.349053"/><trkpt lat="36.101535" lon="128.349102"/><trkpt lat="36.101411" lon="128.349146"/><trkpt lat="36.101324" lon="128.349166"/><trkpt lat="36.101248" lon="128.349144"/></trkseg>
<trkseg><trkpt lat="36.101248" lon="128.349144"/><trkpt lat="36.101278" lon="128.349039"/><trkpt lat="36.101267" lon="128.348912"/><trkpt lat="36.101277" lon="128.3488"/><trkpt lat="36.101333" lon="128.348697"/><trkpt lat="36.10141" lon="128.348601"/></trkseg>
<trkseg><trkpt lat="36.10141" lon="128.348601"/><trkpt lat="36.101435" lon="128.348616"/><trkpt lat="36.101465" lon="128.348548"/><trkpt lat="36.101479" lon="128.34845"/><trkpt lat="36.101491" lon="128.348382"/><trkpt lat="36.101531" lon="128.348323"/><trkpt lat="36.101536" lon="128.34822"/><trkpt lat="36.101568" lon="128.348133"/><trkpt lat="36.101552" lon="128.348005"/><trkpt lat="36.101567" lon="128.347943"/><trkpt lat="36.101603" lon="128.347884"/><trkpt lat="36.10162" lon="128.347808"/><trkpt lat="36.101608" lon="128.347734"/><trkpt lat="36.101599" lon="128.347619"/><trkpt lat="36.101673" lon="128.347499"/><trkpt lat="36.101722" lon="128.347394"/><trkpt lat="36.101751" lon="128.347323"/><trkpt lat="36.101778" lon="128.347266"/><trkpt lat="36.101789" lon="128.347233"/><trkpt lat="36.101802" lon="128.347134"/><trkpt lat="36.10183" lon="128.347046"/><trkpt lat="36.101853" lon="128.346961"/><trkpt lat="36.101889" lon="128.346895"/><trkpt lat="36.101931" lon="128.346852"/><trkpt lat="36.101956" lon="128.346727"/><trkpt lat="36.102001" lon="128.346663"/><trkpt lat="36.102019" lon="128.346584"/><trkpt lat="36.102054" lon="128.346521"/><trkpt lat="36.102061" lon="128.346458"/><trkpt lat="36.102074" lon="128.346394"/><trkpt lat="36.102047" lon="128.346317"/></trkseg>
<trkseg><trkpt lat="36.119676" lon="128.333325"/><trkpt lat="36.119776" lon="128.333275"/><trkpt lat="36.119903" lon="128.333167"/><trkpt lat="36.119992" lon="128.333048"/><trkpt lat="36.120042" lon="128.332937"/><trkpt lat="36.120131" lon="128.332824"/><trkpt lat="36.120222" lon="128.33271"/><trkpt lat="36.120269" lon="128.332579"/><trkpt lat="36.120268" lon="128.332426"/><trkpt lat="36.120235" lon="128.33227"/><trkpt lat="36.120196" lon="128.332132"/></trkseg>
<trkseg><trkpt lat="36.120196" lon="128.332132"/><trkpt lat="36.120064" lon="128.331984"/><trkpt lat="36.120027" lon="128.331946"/><trkpt lat="36.119987" lon="128.331893"/><trkpt lat="36.119903" lon="128.33184"/><trkpt lat="36.119834" lon="128.331798"/><trkpt lat="36.11978" lon="128.331765"/><trkpt lat="36.119739" lon="128.331719"/><trkpt lat="36.119717" lon="128.331682"/></trkseg>
<trkseg><trkpt lat="36.119717" lon="128.331682"/><trkpt lat="36.119725" lon="128.331663"/><trkpt lat="36.119743" lon="128.331606"/><trkpt lat="36.119808" lon="128.331528"/><trkpt lat="36.119857" lon="128.331434"/><trkpt lat="36.119885" lon="128.33132"/><trkpt lat="36.119895" lon="128.331199"/><trkpt lat="36.119901" lon="128.331107"/><trkpt lat="36.119888" lon="128.331063"/><trkpt lat="36.119882" lon="128.330935"/><trkpt lat="36.119871" lon="128.330817"/><trkpt lat="36.119859" lon="128.33069"/><trkpt lat="36.119842" lon="128.330602"/><trkpt lat="36.119864" lon="128.330538"/><trkpt lat="36.119897" lon="128.330443"/><trkpt lat="36.119892" lon="128.330392"/></trkseg>
<trkseg><trkpt lat="36.119892" lon="128.330392"/><trkpt lat="36.119882" lon="128.330303"/><trkpt lat="36.119884" lon="128.330177"/><trkpt lat="36.119871" lon="128.330043"/><trkpt lat="36.119861" lon="128.329925"/><trkpt lat="36.119855" lon="128.329819"/><trkpt lat="36.119856" lon="128.329741"/><trkpt lat="36.119873" lon="128.32964"/><trkpt lat="36.119876" lon="128.329518"/><trkpt lat="36.119925" lon="128.329397"/><trkpt lat="36.119938" lon="128.329313"/><trkpt lat="36.120038" lon="128.329168"/><trkpt lat="36.120148" lon="128.329046"/><trkpt lat="36.120198" lon="128.328899"/><trkpt lat="36.120206" lon="128.32874"/><trkpt lat="36.120182" lon="128.328586"/><trkpt lat="36.120159" lon="128.328428"/><trkpt lat="36.120102" lon="128.328303"/><trkpt lat="36.120054" lon="128.328193"/><trkpt lat="36.120017" lon="128.328044"/><trkpt lat="36.119926" lon="128.327935"/><trkpt lat="36.11985" lon="128.327875"/><trkpt lat="36.119762" lon="128.327816"/><trkpt lat="36.11967" lon="128.327751"/><trkpt lat="36.119633" lon="128.32765"/><trkpt lat="36.119594" lon="128.327576"/><trkpt lat="36.119555" lon="128.327522"/><trkpt lat="36.119482" lon="128.327418"/><trkpt lat="36.119393" lon="128.327314"/><trkpt lat="36.119306" lon="128.327212"/><trkpt lat="36.119243" lon="128.32715"/><trkpt lat="36.119152" lon="128.32713"/><trkpt lat="36.119095" lon="128.327105"/><trkpt lat="36.119056" lon="128.326988"/><trkpt lat="36.118997" lon="128.326912"/><trkpt lat="36.118873" lon="128.326866"/><trkpt lat="36.118873" lon="128.326368"/><trkpt lat="36.118872" lon="128.326238"/><trkpt lat="36.118856" lon="128.326118"/><trkpt lat="36.118835" lon="128.32595"/><trkpt lat="36.118843" lon="128.325807"/></trkseg>
<trkseg><trkpt lat="36.118843" lon="128.325807"/><trkpt lat="36.118835" lon="128.325683"/><trkpt lat="36.118836" lon="128.325605"/></trkseg>
<trkseg><trkpt lat="36.118836" lon="128.325605"/><trkpt lat="36.118765" lon="128.325483"/><trkpt lat="36.118724" lon="128.325414"/><trkpt lat="36.118685" lon="128.325346"/><trkpt lat="36.118654" lon="128.32528"/><trkpt lat="36.118599" lon="128.325197"/><trkpt lat="36.118523" lon="128.325145"/><trkpt lat="36.118516" lon="128.325074"/><trkpt lat="36.118518" lon="128.324982"/><trkpt lat="36.118523" lon="128.324932"/><trkpt lat="36.118537" lon="128.324819"/><trkpt lat="36.118508" lon="128.324681"/><trkpt lat="36.11849" lon="128.324574"/><trkpt lat="36.118467" lon="128.324468"/><trkpt lat="36.118419" lon="128.324346"/><trkpt lat="36.11838" lon="128.324301"/><trkpt lat="36.11836" lon="128.324264"/><trkpt lat="36.118311" lon="128.324163"/><trkpt lat="36.118313" lon="128.32414"/><trkpt lat="36.118271" lon="128.32402"/><trkpt lat="36.118237" lon="128.324016"/><trkpt lat="36.118226" lon="128.323993"/><trkpt lat="36.118225" lon="128.323972"/><trkpt lat="36.118217" lon="128.323822"/><trkpt lat="36.118213" lon="128.323776"/><trkpt lat="36.118228" lon="128.323624"/></trkseg>
<trkseg><trkpt lat="36.118228" lon="128.323624"/><trkpt lat="36.118272" lon="128.323462"/><trkpt lat="36.118284" lon="128.323398"/><trkpt lat="36.118325" lon="128.323293"/><trkpt lat="36.118426" lon="128.323201"/><trkpt lat="36.118377" lon="128.323097"/><trkpt lat="36.11831" lon="128.323045"/><trkpt lat="36.118288" lon="128.322978"/><trkpt lat="36.118184" lon="128.322917"/><trkpt lat="36.118011" lon="128.322949"/><trkpt lat="36.117943" lon="128.322978"/><trkpt lat="36.117846" lon="128.323025"/><trkpt lat="36.117742" lon="128.323081"/></trkseg>
<trkseg><trkpt lat="36.117742" lon="128.323081"/><trkpt lat="36.117649" lon="128.323084"/><trkpt lat="36.117511" lon="128.323129"/><trkpt lat="36.117362" lon="128.323162"/><trkpt lat="36.117233" lon="128.323169"/><trkpt lat="36.11712" lon="128.323229"/><trkpt lat="36.117019" lon="128.323255"/><trkpt lat="36.116868" lon="128.323248"/></trkseg>
<trkseg><trkpt lat="36.116868" lon="128.323248"/><trkpt lat="36.116843" lon="128.323279"/><trkpt lat="36.116692" lon="128.323323"/><trkpt lat="36.116565" lon="128.323372"/><trkpt lat="36.116517" lon="128.323382"/><trkpt lat="36.116421" lon="128.323388"/><trkpt lat="36.116328" lon="128.323371"/><trkpt lat="36.116225" lon="128.323323"/><trkpt lat="36.116158" lon="128.323308"/><trkpt lat="36.116077" lon="128.323304"/><trkpt lat="36.115961" lon="128.323274"/></trkseg>
<trkseg><trkpt lat="36.116606" lon="128.322962"/><trkpt lat="36.116558" lon="128.322835"/><trkpt lat="36.116546" lon="128.322755"/><trkpt lat="36.116487" lon="128.322642"/><trkpt lat="36.116443" lon="128.322479"/><trkpt lat="36.116454" lon="128.322336"/><trkpt lat="36.116445" lon="128.322269"/><trkpt lat="36.116399" lon="128.322133"/><trkpt lat="36.116362" lon="128.321996"/><trkpt lat="36.116357" lon="128.321867"/><trkpt lat="36.116407" lon="128.321726"/><trkpt lat="36.116377" lon="128.321566"/><trkpt lat="36.116318" lon="128.32141"/><trkpt lat="36.116216" lon="128.321344"/><trkpt lat="36.116115" lon="128.321261"/><trkpt lat="36.116108" lon="128.321129"/><trkpt lat="36.116117" lon="128.321061"/><trkpt lat="36.116186" lon="128.32098"/><trkpt lat="36.11624" lon="128.320924"/><trkpt lat="36.116299" lon="128.320854"/><trkpt lat="36.116367" lon="128.320769"/><trkpt lat="36.116438" lon="128.320719"/><trkpt lat="36.116522" lon="128.32066"/><trkpt lat="36.116597" lon="128.320595"/><trkpt lat="36.116685" lon="128.320517"/><trkpt lat="36.116762" lon="128.320473"/><trkpt lat="36.116836" lon="128.320409"/><trkpt lat="36.116903" lon="128.320451"/><trkpt lat="36.11698" lon="128.320556"/><trkpt lat="36.117013" lon="128.320709"/><trkpt lat="36.117137" lon="128.320806"/><trkpt lat="36.117258" lon="128.320898"/><trkpt lat="36.117385" lon="128.320907"/><trkpt lat="36.117457" lon="128.320882"/><trkpt lat="36.117557" lon="128.320812"/><trkpt lat="36.117639" lon="128.320741"/><trkpt lat="36.117713" lon="128.320665"/><trkpt lat="36.11782" lon="128.320619"/><trkpt lat="36.117917" lon="128.320582"/><trkpt lat="36.118039" lon="128.320555"/><trkpt lat="36.118116" lon="128.320553"/><trkpt lat="36.11819" lon="128.320553"/><trkpt lat="36.118072" lon="128.320624"/><trkpt lat="36.11796" lon="128.320714"/><trkpt lat="36.117857" lon="128.320821"/><trkpt lat="36.117794" lon="128.320912"/><trkpt lat="36.117742" lon="128.321021"/><trkpt lat="36.117674" lon="128.321105"/><trkpt lat="36.117617" lon="128.321163"/><trkpt lat="36.117597" lon="128.321234"/><trkpt lat="36.117604" lon="128.321299"/><trkpt lat="36.117618" lon="128.321329"/><trkpt lat="36.117612" lon="128.321403"/><trkpt lat="36.117587" lon="128.321474"/><trkpt lat="36.11755" lon="128.321535"/><trkpt lat="36.11754" lon="128.321587"/><trkpt lat="36.117535" lon="128.321685"/><trkpt lat="36.11748" lon="128.321755"/><trkpt lat="36.117423" lon="128.321795"/><trkpt lat="36.117383" lon="128.321871"/><trkpt lat="36.11737" lon="128.321962"/><trkpt lat="36.117351" lon="128.322069"/><trkpt lat="36.117325" lon="128.322164"/></trkseg>
<trkseg><trkpt lat="36.115961" lon="128.323274"/><trkpt lat="36.11588" lon="128.323237"/><trkpt lat="36.115799" lon="128.323208"/><trkpt lat="36.115709" lon="128.323233"/><trkpt lat="36.11559" lon="128.323217"/><trkpt lat="36.115502" lon="128.323221"/><trkpt lat="36.11545" lon="128.323281"/><trkpt lat="36.11537" lon="128.323308"/><trkpt lat="36.115281" lon="128.323303"/><trkpt lat="36.115217" lon="128.323303"/><trkpt lat="36.115116" lon="128.323286"/><trkpt lat="36.115016" lon="128.32329"/><trkpt lat="36.114924" lon="128.32326"/><trkpt lat="36.114865" lon="128.323239"/><trkpt lat="36.114819" lon="128.323186"/><trkpt lat="36.114755" lon="128.323146"/><trkpt lat="36.114697" lon="128.323107"/><trkpt lat="36.114662" lon="128.323064"/><trkpt lat="36.114669" lon="128.323014"/><trkpt lat="36.114661" lon="128.322983"/><trkpt lat="36.114592" lon="128.322956"/><trkpt lat="36.114566" lon="128.322924"/><trkpt lat="36.114559" lon="128.322902"/><trkpt lat="36.114496" lon="128.322813"/><trkpt lat="36.114428" lon="128.322794"/><trkpt lat="36.114409" lon="128.32278"/></trkseg>
<trkseg><trkpt lat="36.114409" lon="128.32278"/><trkpt lat="36.114384" lon="128.322702"/><trkpt lat="36.114283" lon="128.322594"/><trkpt lat="36.114241" lon="128.322567"/><trkpt lat="36.114112" lon="128.322541"/><trkpt lat="36.114053" lon="128.322534"/><trkpt lat="36.113919" lon="128.322454"/><trkpt lat="36.113795" lon="128.322413"/><trkpt lat="36.113706" lon="128.322387"/><trkpt lat="36.113627" lon="128.322357"/><trkpt lat="36.11353" lon="128.322266"/><trkpt lat="36.11342" lon="128.322169"/><trkpt lat="36.113344" lon="128.322095"/><trkpt lat="36.113273" lon="128.322086"/><trkpt lat="36.113176" lon="128.322081"/><trkpt lat="36.113093" lon="128.322046"/><trkpt lat="36.112986" lon="128.322013"/><trkpt lat="36.11296" lon="128.321999"/><trkpt lat="36.112854" lon="128.321985"/><trkpt lat="36.112796" lon="128.32199"/><trkpt lat="36.112712" lon="128.321992"/><trkpt lat="36.112607" lon="128.322019"/><trkpt lat="36.112502" lon="128.322021"/><trkpt lat="36.112403" lon="128.322032"/><trkpt lat="36.112276" lon="128.322019"/><trkpt lat="36.11218" lon="128.321949"/><trkpt lat="36.11211" lon="128.321901"/><trkpt lat="36.11207" lon="128.321892"/><trkpt lat="36.112041" lon="128.321883"/><trkpt lat="36.111941" lon="128.321823"/><trkpt lat="36.111898" lon="128.321852"/><trkpt lat="36.111838" lon="128.321842"/><trkpt lat="36.111785" lon="128.321854"/><trkpt lat="36.111719" lon="128.321916"/><trkpt lat="36.11163" lon="128.32195"/><trkpt lat="36.111546" lon="128.322006"/><trkpt lat="36.111465" lon="128.322066"/><trkpt lat="36.111361" lon="128.322104"/><trkpt lat="36.111268" lon="128.322149"/><trkpt lat="36.111143" lon="128.32216"/><trkpt lat="36.111089" lon="128.322148"/></trkseg>
<trkseg><trkpt lat="36.114842" lon="128.324569"/><trkpt lat="36.114801" lon="128.324474"/><trkpt lat="36.114789" lon="128.324388"/><trkpt lat="36.114789" lon="128.324313"/><trkpt lat="36.114771" lon="128.324213"/><trkpt lat="36.114742" lon="128.324106"/><trkpt lat="36.11472" lon="128.324032"/><trkpt lat="36.114687" lon="128.323944"/><trkpt lat="36.114688" lon="128.323844"/><trkpt lat="36.114666" lon="128.323777"/><trkpt lat="36.114642" lon="128.323756"/><trkpt lat="36.114597" lon="128.323724"/><trkpt lat="36.114568" lon="128.323656"/><trkpt lat="36.114578" lon="128.323582"/><trkpt lat="36.114552" lon="128.323519"/><trkpt lat="36.114476" lon="128.323467"/><trkpt lat="36.114466" lon="128.323406"/><trkpt lat="36.114451" lon="128.323358"/><trkpt lat="36.114405" lon="128.323289"/><trkpt lat="36.114384" lon="128.323177"/><trkpt lat="36.114412" lon="128.323085"/><trkpt lat="36.114425" lon="128.323027"/><trkpt lat="36.114459" lon="128.32293"/><trkpt lat="36.114471" lon="128.322903"/><trkpt lat="36.114433" lon="128.322819"/><trkpt lat="36.114409" lon="128.32278"/></trkseg>
<trkseg><trkpt lat="36.112717" lon="128.32907"/><trkpt lat="36.112687" lon="128.32891"/><trkpt lat="36.112642" lon="128.328727"/><trkpt lat="36.112555" lon="128.328624"/><trkpt lat="36.112558" lon="128.328485"/><trkpt lat="36.11253" lon="128.328356"/><trkpt lat="36.112529" lon="128.328187"/><trkpt lat="36.112537" lon="128.328056"/><trkpt lat="36.112572" lon="128.327923"/><trkpt lat="36.112607" lon="128.32779"/><trkpt lat="36.11264" lon="128.327616"/><trkpt lat="36.112675" lon="128.327464"/><trkpt lat="36.112703" lon="128.327366"/><trkpt lat="36.112732" lon="128.327207"/><trkpt lat="36.112742" lon="128.327054"/><trkpt lat="36.112714" lon="128.326911"/><trkpt lat="36.11266" lon="128.326771"/><trkpt lat="36.112582" lon="128.326639"/><trkpt lat="36.112638" lon="128.326554"/><trkpt lat="36.112616" lon="128.32643"/><trkpt lat="36.112609" lon="128.326264"/><trkpt lat="36.11264" lon="128.32614"/><trkpt lat="36.112673" lon="128.326009"/><trkpt lat="36.11274" lon="128.32591"/><trkpt lat="36.112789" lon="128.325781"/><trkpt lat="36.11282" lon="128.325617"/><trkpt lat="36.112781" lon="128.325442"/><trkpt lat="36.112749" lon="128.325297"/><trkpt lat="36.112773" lon="128.325186"/><trkpt lat="36.112888" lon="128.325171"/><trkpt lat="36.112904" lon="128.325188"/><trkpt lat="36.113041" lon="128.325187"/><trkpt lat="36.113063" lon="128.325179"/><trkpt lat="36.113087" lon="128.325176"/><trkpt lat="36.11311" lon="128.325171"/><trkpt lat="36.113139" lon="128.32513"/><trkpt lat="36.113267" lon="128.325053"/><trkpt lat="36.113281" lon="128.32504"/><trkpt lat="36.113322" lon="128.325026"/><trkpt lat="36.113352" lon="128.324978"/><trkpt lat="36.113424" lon="128.324953"/><trkpt lat="36.113525" lon="128.324907"/><trkpt lat="36.113637" lon="128.324805"/><trkpt lat="36.113657" lon="128.32478"/><trkpt lat="36.113749" lon="128.324678"/><trkpt lat="36.11388" lon="128.324656"/><trkpt lat="36.113905" lon="128.324633"/><trkpt lat="36.113974" lon="128.324542"/><trkpt lat="36.114063" lon="128.324504"/><trkpt lat="36.114186" lon="128.324451"/><trkpt lat="36.114209" lon="128.324462"/><trkpt lat="36.114284" lon="128.32449"/><trkpt lat="36.114323" lon="128.324438"/><trkpt lat="36.114465" lon="128.324401"/><trkpt lat="36.114522" lon="128.324383"/><trkpt lat="36.114614" lon="128.324453"/><trkpt lat="36.114682" lon="128.324571"/><trkpt lat="36.114794" lon="128.32461"/><trkpt lat="36.114842" lon="128.324569"/></trkseg>
<trkseg><trkpt lat="36.110575" lon="128.325612"/><trkpt lat="36.11048" lon="128.325497"/><trkpt lat="36.110398" lon="128.325454"/><trkpt lat="36.110354" lon="128.325302"/><trkpt lat="36.110266" lon="128.325259"/><trkpt lat="36.110184" lon="128.325167"/><trkpt lat="36.110131" lon="128.325097"/><trkpt lat="36.110059" lon="128.324997"/><trkpt lat="36.110034" lon="128.324956"/><trkpt lat="36.110044" lon="128.324826"/><trkpt lat="36.110014" lon="128.324717"/><trkpt lat="36.109953" lon="128.324614"/><trkpt lat="36.109903" lon="128.324501"/><trkpt lat="36.109887" lon="128.324405"/><trkpt lat="36.109939" lon="128.324324"/><trkpt lat="36.109932" lon="128.324233"/><trkpt lat="36.109944" lon="128.324171"/><trkpt lat="36.110006" lon="128.324104"/><trkpt lat="36.110034" lon="128.323996"/><trkpt lat="36.110019" lon="128.32392"/><trkpt lat="36.110054" lon="128.323873"/><trkpt lat="36.11004" lon="128.323783"/><trkpt lat="36.110023" lon="128.323675"/><trkpt lat="36.109993" lon="128.323561"/><trkpt lat="36.109984" lon="128.323495"/></trkseg>
<trkseg><trkpt lat="36.109954" lon="128.323315"/><trkpt lat="36.109944" lon="128.323215"/><trkpt lat="36.109933" lon="128.323105"/><trkpt lat="36.109902" lon="128.322997"/><trkpt lat="36.10987" lon="128.322896"/><trkpt lat="36.109838" lon="128.32282"/><trkpt lat="36.109852" lon="128.322776"/><trkpt lat="36.109835" lon="128.322687"/><trkpt lat="36.109799" lon="128.322593"/><trkpt lat="36.109756" lon="128.32247"/><trkpt lat="36.109755" lon="128.32244"/><trkpt lat="36.109755" lon="128.322412"/><trkpt lat="36.109757" lon="128.322382"/><trkpt lat="36.109745" lon="128.322201"/><trkpt lat="36.109771" lon="128.322088"/><trkpt lat="36.109803" lon="128.321941"/><trkpt lat="36.109857" lon="128.321822"/><trkpt lat="36.109877" lon="128.321704"/><trkpt lat="36.109865" lon="128.321583"/><trkpt lat="36.109826" lon="128.321469"/></trkseg>
<trkseg><trkpt lat="36.109954" lon="128.323315"/><trkpt lat="36.110061" lon="128.323239"/><trkpt lat="36.110178" lon="128.323201"/><trkpt lat="36.110201" lon="128.323113"/><trkpt lat="36.110219" lon="128.323046"/><trkpt lat="36.110264" lon="128.323031"/><trkpt lat="36.110351" lon="128.322931"/><trkpt lat="36.110431" lon="128.322846"/><trkpt lat="36.110538" lon="128.322735"/><trkpt lat="36.110601" lon="128.322644"/><trkpt lat="36.11067" lon="128.322548"/><trkpt lat="36.110756" lon="128.322475"/><trkpt lat="36.110797" lon="128.322451"/><trkpt lat="36.110915" lon="128.322363"/><trkpt lat="36.110992" lon="128.322287"/><trkpt lat="36.111045" lon="128.322205"/><trkpt lat="36.111089" lon="128.322148"/></trkseg>
<trkseg><trkpt lat="36.109984" lon="128.323495"/><trkpt lat="36.109943" lon="128.323377"/><trkpt lat="36.109954" lon="128.323315"/></trkseg>
<trkseg><trkpt lat="36.110575" lon="128.325612"/><trkpt lat="36.110574" lon="128.325513"/><trkpt lat="36.110601" lon="128.325409"/><trkpt lat="36.110636" lon="128.32526"/><trkpt lat="36.110679" lon="128.325126"/><trkpt lat="36.110679" lon="128.324976"/><trkpt lat="36.110688" lon="128.32486"/><trkpt lat="36.110654" lon="128.324746"/><trkpt lat="36.110632" lon="128.324624"/><trkpt lat="36.110604" lon="128.324529"/><trkpt lat="36.110544" lon="128.324438"/><trkpt lat="36.110454" lon="128.324358"/><trkpt lat="36.110388" lon="128.324266"/><trkpt lat="36.110361" lon="128.324155"/><trkpt lat="36.110311" lon="128.324087"/><trkpt lat="36.110311" lon="128.324024"/><trkpt lat="36.110343" lon="128.323903"/><trkpt lat="36.110394" lon="128.323775"/><trkpt lat="36.110381" lon="128.323601"/><trkpt lat="36.110297" lon="128.323552"/><trkpt lat="36.110271" lon="128.323523"/><trkpt lat="36.11024" lon="128.323519"/><trkpt lat="36.110102" lon="128.323509"/><trkpt lat="36.109984" lon="128.323495"/></trkseg>
<trkseg><trkpt lat="36.10464" lon="128.344538"/><trkpt lat="36.104592" lon="128.344564"/><trkpt lat="36.104459" lon="128.344555"/><trkpt lat="36.104388" lon="128.344519"/><trkpt lat="36.104368" lon="128.344513"/><trkpt lat="36.104292" lon="128.344495"/><trkpt lat="36.104221" lon="128.344518"/><trkpt lat="36.104142" lon="128.344531"/><trkpt lat="36.104021" lon="128.344546"/><trkpt lat="36.103919" lon="128.344536"/><trkpt lat="36.103854" lon="128.344583"/><trkpt lat="36.103766" lon="128.344597"/><trkpt lat="36.103702" lon="128.344657"/><trkpt lat="36.103497" lon="128.344733"/><trkpt lat="36.103412" lon="128.344775"/><trkpt lat="36.103286" lon="128.344747"/><trkpt lat="36.103107" lon="128.344704"/><trkpt lat="36.102881" lon="128.344731"/><trkpt lat="36.102765" lon="128.344735"/></trkseg>
<trkseg><trkpt lat="36.102765" lon="128.344735"/><trkpt lat="36.102602" lon="128.344609"/><trkpt lat="36.10236" lon="128.344466"/><trkpt lat="36.102269" lon="128.344438"/><trkpt lat="36.102146" lon="128.34434"/><trkpt lat="36.101998" lon="128.344294"/><trkpt lat="36.101877" lon="128.344296"/><trkpt lat="36.101753" lon="128.34428"/><trkpt lat="36.101643" lon="128.344252"/><trkpt lat="36.101533" lon="128.344248"/><trkpt lat="36.101457" lon="128.344219"/><trkpt lat="36.101384" lon="128.344064"/><trkpt lat="36.101309" lon="128.343949"/><trkpt lat="36.101231" lon="128.343851"/><trkpt lat="36.101119" lon="128.343791"/><trkpt lat="36.100953" lon="128.343684"/></trkseg>
<trkseg><trkpt lat="36.102047" lon="128.346317"/><trkpt lat="36.102082" lon="128.346223"/><trkpt lat="36.102101" lon="128.346147"/><trkpt lat="36.102123" lon="128.346079"/><trkpt lat="36.102154" lon="128.346009"/><trkpt lat="36.102166" lon="128.345939"/><trkpt lat="36.102233" lon="128.345925"/><trkpt lat="36.102301" lon="128.345875"/><trkpt lat="36.102354" lon="128.345819"/><trkpt lat="36.10238" lon="128.34575"/><trkpt lat="36.102383" lon="128.345689"/><trkpt lat="36.102402" lon="128.345582"/><trkpt lat="36.102424" lon="128.345513"/><trkpt lat="36.102466" lon="128.34547"/><trkpt lat="36.10254" lon="128.345467"/><trkpt lat="36.102587" lon="128.345419"/><trkpt lat="36.102634" lon="128.345389"/><trkpt lat="36.10267" lon="128.345333"/><trkpt lat="36.102682" lon="128.345295"/><trkpt lat="36.102696" lon="128.345158"/><trkpt lat="36.102742" lon="128.345099"/><trkpt lat="36.102762" lon="128.345028"/><trkpt lat="36.102765" lon="128.344847"/><trkpt lat="36.102765" lon="128.344735"/></trkseg>
<trkseg><trkpt lat="36.116627" lon="128.309769"/><trkpt lat="36.116561" lon="128.309637"/><trkpt lat="36.116534" lon="128.309537"/><trkpt lat="36.116493" lon="128.309458"/><trkpt lat="36.116431" lon="128.309317"/><trkpt lat="36.116363" lon="128.309176"/><trkpt lat="36.116292" lon="128.309066"/><trkpt lat="36.116205" lon="128.30899"/><trkpt lat="36.116094" lon="128.308916"/><trkpt lat="36.115989" lon="128.308865"/><trkpt lat="36.115848" lon="128.308835"/><trkpt lat="36.115725" lon="128.308857"/><trkpt lat="36.115604" lon="128.308913"/><trkpt lat="36.115506" lon="128.308952"/><trkpt lat="36.115448" lon="128.308963"/></trkseg>
<trkseg><trkpt lat="36.122085" lon="128.321495"/><trkpt lat="36.122036" lon="128.321339"/><trkpt lat="36.121975" lon="128.321181"/><trkpt lat="36.12193" lon="128.321031"/><trkpt lat="36.121882" lon="128.320842"/><trkpt lat="36.121791" lon="128.320705"/><trkpt lat="36.1216" lon="128.320544"/><trkpt lat="36.121474" lon="128.320453"/><trkpt lat="36.121413" lon="128.320312"/><trkpt lat="36.121349" lon="128.320268"/><trkpt lat="36.121296" lon="128.320151"/><trkpt lat="36.121189" lon="128.32002"/><trkpt lat="36.121119" lon="128.319873"/><trkpt lat="36.121055" lon="128.31974"/><trkpt lat="36.121021" lon="128.319643"/><trkpt lat="36.121003" lon="128.319491"/><trkpt lat="36.120991" lon="128.319362"/><trkpt lat="36.120982" lon="128.319247"/><trkpt lat="36.121012" lon="128.319116"/><trkpt lat="36.121064" lon="128.319031"/><trkpt lat="36.121059" lon="128.318956"/><trkpt lat="36.120982" lon="128.318875"/><trkpt lat="36.120941" lon="128.318749"/><trkpt lat="36.120954" lon="128.318619"/><trkpt lat="36.120922" lon="128.318475"/><trkpt lat="36.120871" lon="128.318335"/><trkpt lat="36.120854" lon="128.318246"/><trkpt lat="36.120853" lon="128.318122"/><trkpt lat="36.120819" lon="128.31797"/><trkpt lat="36.120795" lon="128.317829"/><trkpt lat="36.120783" lon="128.317713"/><trkpt lat="36.120749" lon="128.317657"/><trkpt lat="36.120698" lon="128.317535"/><trkpt lat="36.120647" lon="128.31741"/><trkpt lat="36.120625" lon="128.317273"/><trkpt lat="36.120575" lon="128.317173"/><trkpt lat="36.120516" lon="128.3171"/><trkpt lat="36.120496" lon="128.316979"/><trkpt lat="36.120438" lon="128.316877"/><trkpt lat="36.120426" lon="128.316769"/><trkpt lat="36.120459" lon="128.316649"/><trkpt lat="36.120466" lon="128.316522"/><trkpt lat="36.120402" lon="128.316436"/><trkpt lat="36.120301" lon="128.316383"/><trkpt lat="36.12023" lon="128.31631"/><trkpt lat="36.120199" lon="128.316191"/><trkpt lat="36.12018" lon="128.316085"/><trkpt lat="36.12016" lon="128.315956"/><trkpt lat="36.120147" lon="128.315797"/><trkpt lat="36.12016" lon="128.315583"/><trkpt lat="36.120171" lon="128.315412"/><trkpt lat="36.120197" lon="128.315317"/><trkpt lat="36.120173" lon="128.315226"/><trkpt lat="36.12007" lon="128.315108"/><trkpt lat="36.119994" lon="128.314936"/><trkpt lat="36.119999" lon="128.314797"/><trkpt lat="36.120016" lon="128.314676"/><trkpt lat="36.120043" lon="128.31455"/><trkpt lat="36.120079" lon="128.314412"/><trkpt lat="36.120135" lon="128.314261"/><trkpt lat="36.120205" lon="128.314085"/><trkpt lat="36.120244" lon="128.313893"/><trkpt lat="36.120201" lon="128.313765"/><trkpt lat="36.120172" lon="128.313619"/><trkpt lat="36.120162" lon="128.313457"/><trkpt lat="36.120179" lon="128.313274"/><trkpt lat="36.120219" lon="128.313095"/><trkpt lat="36.120208" lon="128.312939"/><trkpt lat="36.120139" lon="128.312787"/><trkpt lat="36.120037" lon="128.312659"/><trkpt lat="36.119965" lon="128.312552"/><trkpt lat="36.119894" lon="128.31241"/><trkpt lat="36.119844" lon="128.312251"/><trkpt lat="36.119807" lon="128.31209"/><trkpt lat="36.119741" lon="128.311935"/><trkpt lat="36.11958" lon="128.311787"/></trkseg>
<trkseg><trkpt lat="36.11958" lon="128.311787"/><trkpt lat="36.119459" lon="128.312965"/><trkpt lat="36.119391" lon="128.312986"/><trkpt lat="36.119376" lon="128.312967"/><trkpt lat="36.119251" lon="128.31296"/><trkpt lat="36.119198" lon="128.313011"/><trkpt lat="36.119174" lon="128.313028"/><trkpt lat="36.119065" lon="128.313108"/><trkpt lat="36.119017" lon="128.313121"/><trkpt lat="36.118993" lon="128.313088"/><trkpt lat="36.118974" lon="128.313029"/><trkpt lat="36.118939" lon="128.312953"/><trkpt lat="36.118882" lon="128.312929"/><trkpt lat="36.118798" lon="128.312832"/><trkpt lat="36.118763" lon="128.312739"/><trkpt lat="36.118754" lon="128.31264"/><trkpt lat="36.118734" lon="128.312555"/><trkpt lat="36.118714" lon="128.312508"/><trkpt lat="36.118624" lon="128.312466"/><trkpt lat="36.118592" lon="128.312427"/><trkpt lat="36.118565" lon="128.312394"/><trkpt lat="36.11855" lon="128.312371"/><trkpt lat="36.118506" lon="128.31228"/><trkpt lat="36.118463" lon="128.312223"/><trkpt lat="36.118396" lon="128.312176"/><trkpt lat="36.118363" lon="128.312157"/><trkpt lat="36.118343" lon="128.312147"/><trkpt lat="36.118234" lon="128.312084"/><trkpt lat="36.118194" lon="128.311953"/><trkpt lat="36.118176" lon="128.311887"/><trkpt lat="36.118134" lon="128.311797"/><trkpt lat="36.118118" lon="128.311745"/><trkpt lat="36.117995" lon="128.311746"/><trkpt lat="36.117931" lon="128.311661"/><trkpt lat="36.117873" lon="128.311596"/><trkpt lat="36.117811" lon="128.311503"/><trkpt lat="36.117791" lon="128.311472"/><trkpt lat="36.117738" lon="128.311351"/><trkpt lat="36.117644" lon="128.311224"/><trkpt lat="36.117547" lon="128.311107"/><trkpt lat="36.117451" lon="128.311044"/><trkpt lat="36.11735" lon="128.310982"/><trkpt lat="36.117264" lon="128.310943"/><trkpt lat="36.117194" lon="128.310852"/><trkpt lat="36.117124" lon="128.310755"/><trkpt lat="36.117098" lon="128.310729"/><trkpt lat="36.11701" lon="128.310634"/><trkpt lat="36.116952" lon="128.310566"/><trkpt lat="36.116904" lon="128.310503"/><trkpt lat="36.116868" lon="128.310417"/><trkpt lat="36.116836" lon="128.310333"/><trkpt lat="36.116897" lon="128.31019"/><trkpt lat="36.116637" lon="128.309809"/><trkpt lat="36.116627" lon="128.309769"/></trkseg>
<trkseg><trkpt lat="36.104467" lon="128.322705"/><trkpt lat="36.10437" lon="128.322759"/><trkpt lat="36.104268" lon="128.322792"/><trkpt lat="36.104176" lon="128.322871"/><trkpt lat="36.104092" lon="128.32291"/><trkpt lat="36.104052" lon="128.322956"/><trkpt lat="36.103986" lon="128.323016"/><trkpt lat="36.103931" lon="128.32303"/><trkpt lat="36.103832" lon="128.323049"/><trkpt lat="36.103753" lon="128.323076"/><trkpt lat="36.103671" lon="128.323107"/><trkpt lat="36.103644" lon="128.323108"/><trkpt lat="36.103617" lon="128.323109"/><trkpt lat="36.10359" lon="128.323113"/><trkpt lat="36.10357" lon="128.323116"/><trkpt lat="36.10354" lon="128.323106"/><trkpt lat="36.103512" lon="128.323104"/><trkpt lat="36.10338" lon="128.323164"/><trkpt lat="36.10335" lon="128.323316"/><trkpt lat="36.103346" lon="128.323423"/><trkpt lat="36.103311" lon="128.323516"/><trkpt lat="36.103285" lon="128.323524"/><trkpt lat="36.103269" lon="128.323526"/><trkpt lat="36.10317" lon="128.323557"/><trkpt lat="36.103053" lon="128.32358"/><trkpt lat="36.102951" lon="128.323577"/><trkpt lat="36.102851" lon="128.323633"/><trkpt lat="36.102751" lon="128.323664"/><trkpt lat="36.102636" lon="128.323723"/><trkpt lat="36.10252" lon="128.323772"/><trkpt lat="36.102415" lon="128.323805"/><trkpt lat="36.102299" lon="128.323852"/><trkpt lat="36.102162" lon="128.323913"/><trkpt lat="36.102032" lon="128.324013"/><trkpt lat="36.101896" lon="128.324097"/><trkpt lat="36.101792" lon="128.324123"/><trkpt lat="36.101688" lon="128.324208"/><trkpt lat="36.101599" lon="128.324226"/><trkpt lat="36.101533" lon="128.32426"/><trkpt lat="36.101451" lon="128.32431"/><trkpt lat="36.101351" lon="128.324372"/><trkpt lat="36.101245" lon="128.324396"/><trkpt lat="36.101133" lon="128.324451"/><trkpt lat="36.101052" lon="128.324564"/><trkpt lat="36.100947" lon="128.324741"/><trkpt lat="36.10086" lon="128.324852"/><trkpt lat="36.100784" lon="128.324972"/><trkpt lat="36.100757" lon="128.325051"/><trkpt lat="36.10074" lon="128.325076"/><trkpt lat="36.100655" lon="128.325157"/><trkpt lat="36.100574" lon="128.32517"/><trkpt lat="36.100546" lon="128.325193"/></trkseg>
<trkseg><trkpt lat="36.091478" lon="128.330594"/><trkpt lat="36.091698" lon="128.330869"/><trkpt lat="36.091774" lon="128.330893"/><trkpt lat="36.09188" lon="128.330908"/><trkpt lat="36.091997" lon="128.330897"/><trkpt lat="36.092065" lon="128.330888"/><trkpt lat="36.092136" lon="128.330883"/><trkpt lat="36.092207" lon="128.330878"/><trkpt lat="36.0923" lon="128.330864"/><trkpt lat="36.092387" lon="128.330861"/><trkpt lat="36.092503" lon="128.330911"/><trkpt lat="36.092618" lon="128.330936"/><trkpt lat="36.092732" lon="128.330963"/></trkseg>
<trkseg><trkpt lat="36.126364" lon="128.326756"/><trkpt lat="36.126272" lon="128.326806"/><trkpt lat="36.126167" lon="128.326876"/></trkseg>
<trkseg><trkpt lat="36.126874" lon="128.325296"/><trkpt lat="36.126787" lon="128.325179"/><trkpt lat="36.126662" lon="128.325079"/><trkpt lat="36.126532" lon="128.324971"/><trkpt lat="36.126404" lon="128.324877"/><trkpt lat="36.126267" lon="128.324845"/><trkpt lat="36.126198" lon="128.324731"/><trkpt lat="36.126128" lon="128.32454"/><trkpt lat="36.126105" lon="128.3244"/><trkpt lat="36.126081" lon="128.324263"/><trkpt lat="36.126107" lon="128.324085"/><trkpt lat="36.126238" lon="128.323981"/><trkpt lat="36.126322" lon="128.323871"/><trkpt lat="36.126335" lon="128.323756"/><trkpt lat="36.126405" lon="128.323676"/><trkpt lat="36.126431" lon="128.323604"/><trkpt lat="36.126477" lon="128.323492"/><trkpt lat="36.12654" lon="128.323371"/><trkpt lat="36.126585" lon="128.323207"/><trkpt lat="36.126533" lon="128.323117"/><trkpt lat="36.126376" lon="128.322942"/><trkpt lat="36.126363" lon="128.322927"/><trkpt lat="36.12634" lon="128.322907"/><trkpt lat="36.126299" lon="128.322879"/><trkpt lat="36.126093" lon="128.322666"/><trkpt lat="36.126006" lon="128.322534"/><trkpt lat="36.125995" lon="128.322515"/><trkpt lat="36.125985" lon="128.322496"/><trkpt lat="36.125984" lon="128.322482"/></trkseg>
<trkseg><trkpt lat="36.12613" lon="128.32693"/><trkpt lat="36.126167" lon="128.326876"/></trkseg>
<trkseg><trkpt lat="36.126167" lon="128.326876"/><trkpt lat="36.126269" lon="128.326888"/><trkpt lat="36.126375" lon="128.326816"/><trkpt lat="36.126364" lon="128.326756"/></trkseg>
<trkseg><trkpt lat="36.126409" lon="128.328431"/><trkpt lat="36.126287" lon="128.328402"/><trkpt lat="36.126162" lon="128.32833"/><trkpt lat="36.126071" lon="128.3283"/><trkpt lat="36.126006" lon="128.328297"/><trkpt lat="36.125907" lon="128.328221"/><trkpt lat="36.125775" lon="128.328207"/><trkpt lat="36.125735" lon="128.328119"/><trkpt lat="36.125774" lon="128.327944"/><trkpt lat="36.125889" lon="128.327814"/><trkpt lat="36.125957" lon="128.32758"/><trkpt lat="36.125991" lon="128.327466"/><trkpt lat="36.126028" lon="128.327383"/><trkpt lat="36.126061" lon="128.327282"/><trkpt lat="36.126073" lon="128.327164"/><trkpt lat="36.126128" lon="128.327107"/><trkpt lat="36.12613" lon="128.326937"/><trkpt lat="36.12613" lon="128.32693"/></trkseg>
<trkseg><trkpt lat="36.12668" lon="128.328714"/><trkpt lat="36.12663" lon="128.32866"/><trkpt lat="36.126566" lon="128.328601"/><trkpt lat="36.126528" lon="128.328525"/><trkpt lat="36.126494" lon="128.328467"/><trkpt lat="36.126458" lon="128.328433"/><trkpt lat="36.126412" lon="128.328442"/><trkpt lat="36.126409" lon="128.328431"/></trkseg>
<trkseg><trkpt lat="36.126812" lon="128.328792"/><trkpt lat="36.126739" lon="128.328742"/><trkpt lat="36.12668" lon="128.328714"/></trkseg>
<trkseg><trkpt lat="36.120253" lon="128.338202"/><trkpt lat="36.120352" lon="128.338146"/><trkpt lat="36.120365" lon="128.338135"/><trkpt lat="36.120407" lon="128.338163"/><trkpt lat="36.120502" lon="128.338179"/><trkpt lat="36.120618" lon="128.338162"/><trkpt lat="36.120695" lon="128.338158"/><trkpt lat="36.120721" lon="128.338256"/><trkpt lat="36.120783" lon="128.338257"/><trkpt lat="36.120857" lon="128.338232"/></trkseg>
<trkseg><trkpt lat="36.120303" lon="128.336508"/><trkpt lat="36.120241" lon="128.336644"/><trkpt lat="36.120226" lon="128.336677"/><trkpt lat="36.120257" lon="128.336737"/><trkpt lat="36.120366" lon="128.336924"/><trkpt lat="36.120419" lon="128.33709"/><trkpt lat="36.120411" lon="128.337192"/><trkpt lat="36.120397" lon="128.337327"/><trkpt lat="36.120391" lon="128.337418"/><trkpt lat="36.120384" lon="128.337508"/><trkpt lat="36.120356" lon="128.337643"/><trkpt lat="36.120326" lon="128.337742"/><trkpt lat="36.120289" lon="128.337838"/><trkpt lat="36.120249" lon="128.337941"/><trkpt lat="36.120234" lon="128.338053"/><trkpt lat="36.120253" lon="128.338202"/></trkseg>
<trkseg><trkpt lat="36.119995" lon="128.335761"/><trkpt lat="36.12004" lon="128.335882"/><trkpt lat="36.120097" lon="128.336013"/><trkpt lat="36.120129" lon="128.33614"/><trkpt lat="36.120194" lon="128.336262"/><trkpt lat="36.120257" lon="128.336382"/><trkpt lat="36.120288" lon="128.33648"/><trkpt lat="36.120303" lon="128.336508"/></trkseg>
<trkseg><trkpt lat="36.120344" lon="128.334766"/><trkpt lat="36.120312" lon="128.334865"/><trkpt lat="36.120312" lon="128.334924"/><trkpt lat="36.120285" lon="128.335002"/><trkpt lat="36.120227" lon="128.335109"/><trkpt lat="36.120144" lon="128.33523"/><trkpt lat="36.120089" lon="128.335335"/><trkpt lat="36.120042" lon="128.335475"/><trkpt lat="36.120007" lon="128.335606"/><trkpt lat="36.119994" lon="128.335716"/><trkpt lat="36.119995" lon="128.335761"/></trkseg>
<trkseg><trkpt lat="36.12044" lon="128.333762"/><trkpt lat="36.120452" lon="128.333879"/><trkpt lat="36.120469" lon="128.333981"/><trkpt lat="36.120491" lon="128.334018"/><trkpt lat="36.120536" lon="128.334083"/><trkpt lat="36.120615" lon="128.334166"/><trkpt lat="36.120639" lon="128.334286"/><trkpt lat="36.120607" lon="128.334404"/><trkpt lat="36.120561" lon="128.334514"/><trkpt lat="36.120502" lon="128.334583"/><trkpt lat="36.120437" lon="128.334645"/><trkpt lat="36.120397" lon="128.334734"/><trkpt lat="36.120344" lon="128.334766"/></trkseg>
<trkseg><trkpt lat="36.120434" lon="128.332741"/><trkpt lat="36.120409" lon="128.332889"/><trkpt lat="36.120374" lon="128.333045"/><trkpt lat="36.1204" lon="128.333213"/><trkpt lat="36.12038" lon="128.333381"/><trkpt lat="36.12036" lon="128.3335"/><trkpt lat="36.120373" lon="128.333551"/><trkpt lat="36.120435" lon="128.333643"/><trkpt lat="36.12044" lon="128.333762"/></trkseg>
<trkseg><trkpt lat="36.122673" lon="128.330445"/><trkpt lat="36.122545" lon="128.330389"/><trkpt lat="36.122375" lon="128.330384"/><trkpt lat="36.122305" lon="128.330304"/><trkpt lat="36.122254" lon="128.330221"/><trkpt lat="36.122203" lon="128.330151"/><trkpt lat="36.122127" lon="128.330282"/><trkpt lat="36.122058" lon="128.33043"/><trkpt lat="36.122005" lon="128.330555"/><trkpt lat="36.121921" lon="128.330655"/><trkpt lat="36.121836" lon="128.330715"/><trkpt lat="36.121755" lon="128.330672"/><trkpt lat="36.121673" lon="128.330656"/><trkpt lat="36.121581" lon="128.330652"/><trkpt lat="36.121534" lon="128.330657"/><trkpt lat="36.121475" lon="128.330683"/><trkpt lat="36.121398" lon="128.330714"/><trkpt lat="36.121299" lon="128.330677"/><trkpt lat="36.121224" lon="128.330625"/><trkpt lat="36.121098" lon="128.33061"/><trkpt lat="36.120988" lon="128.330601"/><trkpt lat="36.120921" lon="128.33058"/><trkpt lat="36.120866" lon="128.330511"/><trkpt lat="36.120759" lon="128.33046"/><trkpt lat="36.120693" lon="128.330416"/><trkpt lat="36.120641" lon="128.330361"/><trkpt lat="36.120556" lon="128.330288"/><trkpt lat="36.120463" lon="128.330251"/><trkpt lat="36.120426" lon="128.330224"/><trkpt lat="36.120425" lon="128.33019"/><trkpt lat="36.12041" lon="128.330173"/><trkpt lat="36.120389" lon="128.330162"/><trkpt lat="36.120365" lon="128.330154"/><trkpt lat="36.120334" lon="128.330152"/><trkpt lat="36.120127" lon="128.33022"/><trkpt lat="36.119967" lon="128.330352"/><trkpt lat="36.119939" lon="128.330372"/><trkpt lat="36.119892" lon="128.330392"/></trkseg>
<trkseg><trkpt lat="36.116603" lon="128.332074"/><trkpt lat="36.116573" lon="128.331923"/><trkpt lat="36.116543" lon="128.331798"/><trkpt lat="36.116463" lon="128.331663"/><trkpt lat="36.116638" lon="128.331472"/><trkpt lat="36.116612" lon="128.331338"/><trkpt lat="36.116513" lon="128.331256"/><trkpt lat="36.116838" lon="128.330848"/><trkpt lat="36.11692" lon="128.330745"/><trkpt lat="36.116982" lon="128.330704"/><trkpt lat="36.117059" lon="128.330643"/><trkpt lat="36.117163" lon="128.330569"/><trkpt lat="36.117244" lon="128.330479"/><trkpt lat="36.117307" lon="128.330435"/><trkpt lat="36.117397" lon="128.330393"/><trkpt lat="36.117499" lon="128.330297"/><trkpt lat="36.117579" lon="128.330271"/><trkpt lat="36.11768" lon="128.330252"/><trkpt lat="36.117793" lon="128.330197"/><trkpt lat="36.11794" lon="128.330177"/><trkpt lat="36.118064" lon="128.330187"/><trkpt lat="36.118171" lon="128.330231"/><trkpt lat="36.118304" lon="128.330282"/><trkpt lat="36.118405" lon="128.330346"/><trkpt lat="36.118504" lon="128.330415"/><trkpt lat="36.118605" lon="128.330521"/><trkpt lat="36.118667" lon="128.330626"/><trkpt lat="36.118716" lon="128.330742"/><trkpt lat="36.118753" lon="128.330814"/><trkpt lat="36.118794" lon="128.330879"/><trkpt lat="36.118817" lon="128.330975"/><trkpt lat="36.118868" lon="128.331112"/><trkpt lat="36.118912" lon="128.331231"/><trkpt lat="36.118971" lon="128.331332"/><trkpt lat="36.119018" lon="128.33143"/><trkpt lat="36.119057" lon="128.331535"/><trkpt lat="36.119109" lon="128.331573"/><trkpt lat="36.119147" lon="128.331625"/><trkpt lat="36.119196" lon="128.331744"/><trkpt lat="36.119211" lon="128.33179"/></trkseg>
<trkseg><trkpt lat="36.109826" lon="128.321469"/><trkpt lat="36.109724" lon="128.321514"/><trkpt lat="36.109624" lon="128.321483"/><trkpt lat="36.109577" lon="128.321485"/><trkpt lat="36.109503" lon="128.321514"/><trkpt lat="36.109406" lon="128.321477"/><trkpt lat="36.109311" lon="128.321359"/><trkpt lat="36.109215" lon="128.321276"/><trkpt lat="36.10915" lon="128.321178"/><trkpt lat="36.109117" lon="128.321149"/><trkpt lat="36.109097" lon="128.321137"/><trkpt lat="36.109071" lon="128.321134"/><trkpt lat="36.108923" lon="128.321176"/><trkpt lat="36.108899" lon="128.321202"/><trkpt lat="36.10881" lon="128.3213"/><trkpt lat="36.108592" lon="128.321331"/><trkpt lat="36.108399" lon="128.321343"/><trkpt lat="36.108268" lon="128.321381"/><trkpt lat="36.108166" lon="128.321498"/><trkpt lat="36.108101" lon="128.321583"/><trkpt lat="36.108078" lon="128.321657"/></trkseg>
<trkseg><trkpt lat="36.108078" lon="128.321657"/><trkpt lat="36.108007" lon="128.321738"/><trkpt lat="36.107913" lon="128.321777"/><trkpt lat="36.107823" lon="128.321774"/><trkpt lat="36.107735" lon="128.321794"/><trkpt lat="36.10771" lon="128.321782"/><trkpt lat="36.107656" lon="128.321757"/><trkpt lat="36.107617" lon="128.321746"/><trkpt lat="36.10756" lon="128.321789"/><trkpt lat="36.10743" lon="128.321776"/><trkpt lat="36.10734" lon="128.321738"/></trkseg>
<trkseg><trkpt lat="36.10734" lon="128.321738"/><trkpt lat="36.107291" lon="128.321716"/><trkpt lat="36.107205" lon="128.321683"/><trkpt lat="36.10717" lon="128.321668"/><trkpt lat="36.107043" lon="128.321602"/><trkpt lat="36.106955" lon="128.321563"/><trkpt lat="36.106831" lon="128.321549"/><trkpt lat="36.10668" lon="128.321572"/><trkpt lat="36.106564" lon="128.321575"/><trkpt lat="36.106452" lon="128.321585"/><trkpt lat="36.106328" lon="128.321566"/><trkpt lat="36.106253" lon="128.321546"/><trkpt lat="36.106234" lon="128.321539"/><trkpt lat="36.106154" lon="128.321492"/><trkpt lat="36.106044" lon="128.321458"/><trkpt lat="36.105927" lon="128.321539"/><trkpt lat="36.105843" lon="128.321642"/><trkpt lat="36.105772" lon="128.321734"/><trkpt lat="36.105738" lon="128.321777"/><trkpt lat="36.105658" lon="128.321875"/><trkpt lat="36.105608" lon="128.32198"/><trkpt lat="36.105603" lon="128.322117"/><trkpt lat="36.105506" lon="128.322193"/><trkpt lat="36.105373" lon="128.322246"/><trkpt lat="36.105318" lon="128.322264"/><trkpt lat="36.105198" lon="128.32233"/><trkpt lat="36.105092" lon="128.322384"/><trkpt lat="36.104999" lon="128.322406"/><trkpt lat="36.104972" lon="128.322411"/><trkpt lat="36.104948" lon="128.322417"/><trkpt lat="36.104854" lon="128.322427"/><trkpt lat="36.104825" lon="128.322435"/><trkpt lat="36.104697" lon="128.322422"/><trkpt lat="36.104636" lon="128.322461"/><trkpt lat="36.104572" lon="128.322575"/><trkpt lat="36.104494" lon="128.322675"/><trkpt lat="36.104467" lon="128.322705"/></trkseg>
<trkseg><trkpt lat="36.119211" lon="128.33179"/><trkpt lat="36.119189" lon="128.331815"/><trkpt lat="36.119122" lon="128.331869"/><trkpt lat="36.119058" lon="128.33192"/><trkpt lat="36.118955" lon="128.331989"/><trkpt lat="36.118838" lon="128.332029"/><trkpt lat="36.118809" lon="128.332028"/><trkpt lat="36.118707" lon="128.331998"/><trkpt lat="36.118683" lon="128.331995"/><trkpt lat="36.118611" lon="128.33199"/><trkpt lat="36.118519" lon="128.331996"/><trkpt lat="36.118364" lon="128.332064"/><trkpt lat="36.118269" lon="128.332146"/><trkpt lat="36.118244" lon="128.332224"/><trkpt lat="36.118237" lon="128.332315"/><trkpt lat="36.118187" lon="128.332444"/><trkpt lat="36.118099" lon="128.332492"/><trkpt lat="36.11803" lon="128.332531"/><trkpt lat="36.117948" lon="128.332569"/><trkpt lat="36.117875" lon="128.332635"/><trkpt lat="36.117804" lon="128.332686"/><trkpt lat="36.117697" lon="128.332765"/><trkpt lat="36.117529" lon="128.332815"/><trkpt lat="36.117391" lon="128.332831"/><trkpt lat="36.117182" lon="128.332856"/><trkpt lat="36.11701" lon="128.332838"/><trkpt lat="36.117015" lon="128.332785"/><trkpt lat="36.11704" lon="128.332713"/><trkpt lat="36.117012" lon="128.332649"/><trkpt lat="36.116961" lon="128.332573"/><trkpt lat="36.116945" lon="128.332481"/><trkpt lat="36.116892" lon="128.33241"/><trkpt lat="36.116813" lon="128.33233"/><trkpt lat="36.116744" lon="128.332269"/><trkpt lat="36.116665" lon="128.332199"/><trkpt lat="36.116613" lon="128.33209"/><trkpt lat="36.116603" lon="128.332074"/></trkseg>
<trkseg><trkpt lat="36.116603" lon="128.332074"/><trkpt lat="36.116479" lon="128.33207"/><trkpt lat="36.116409" lon="128.332131"/><trkpt lat="36.116361" lon="128.332253"/><trkpt lat="36.116392" lon="128.33239"/><trkpt lat="36.11636" lon="128.332518"/><trkpt lat="36.116256" lon="128.332586"/><trkpt lat="36.116183" lon="128.332649"/><trkpt lat="36.116103" lon="128.332678"/><trkpt lat="36.116034" lon="128.332708"/><trkpt lat="36.11596" lon="128.332726"/><trkpt lat="36.115901" lon="128.33278"/><trkpt lat="36.115844" lon="128.33282"/><trkpt lat="36.115763" lon="128.332885"/></trkseg>
<trkseg><trkpt lat="36.114271" lon="128.327567"/><trkpt lat="36.114316" lon="128.327532"/><trkpt lat="36.114374" lon="128.327455"/><trkpt lat="36.114451" lon="128.327407"/><trkpt lat="36.114532" lon="128.32734"/><trkpt lat="36.114652" lon="128.32727"/><trkpt lat="36.11467" lon="128.327165"/><trkpt lat="36.114696" lon="128.327073"/><trkpt lat="36.11473" lon="128.326973"/><trkpt lat="36.11477" lon="128.326869"/><trkpt lat="36.114771" lon="128.326769"/><trkpt lat="36.114779" lon="128.326684"/><trkpt lat="36.114843" lon="128.326609"/><trkpt lat="36.114881" lon="128.326505"/><trkpt lat="36.114858" lon="128.32638"/><trkpt lat="36.11484" lon="128.326267"/><trkpt lat="36.114845" lon="128.326211"/><trkpt lat="36.114878" lon="128.326122"/><trkpt lat="36.114917" lon="128.326081"/><trkpt lat="36.114924" lon="128.326061"/><trkpt lat="36.114934" lon="128.326035"/><trkpt lat="36.114974" lon="128.325925"/><trkpt lat="36.114996" lon="128.325913"/><trkpt lat="36.114991" lon="128.325807"/><trkpt lat="36.115048" lon="128.325733"/><trkpt lat="36.115024" lon="128.325572"/><trkpt lat="36.115019" lon="128.325394"/><trkpt lat="36.115013" lon="128.325213"/><trkpt lat="36.115039" lon="128.325112"/><trkpt lat="36.115062" lon="128.325037"/><trkpt lat="36.115028" lon="128.324967"/><trkpt lat="36.114995" lon="128.324874"/><trkpt lat="36.114983" lon="128.324806"/><trkpt lat="36.114928" lon="128.324773"/><trkpt lat="36.114906" lon="128.324691"/><trkpt lat="36.114881" lon="128.324647"/><trkpt lat="36.114842" lon="128.324569"/></trkseg>
<trkseg><trkpt lat="36.114842" lon="128.324569"/><trkpt lat="36.114897" lon="128.324496"/><trkpt lat="36.114955" lon="128.324357"/><trkpt lat="36.114983" lon="128.324204"/><trkpt lat="36.114975" lon="128.324042"/><trkpt lat="36.115017" lon="128.323949"/><trkpt lat="36.115069" lon="128.323805"/><trkpt lat="36.115153" lon="128.323746"/><trkpt lat="36.115263" lon="128.323656"/><trkpt lat="36.115342" lon="128.323574"/><trkpt lat="36.115445" lon="128.323518"/><trkpt lat="36.115542" lon="128.32342"/><trkpt lat="36.115627" lon="128.323367"/><trkpt lat="36.1157" lon="128.323346"/><trkpt lat="36.115816" lon="128.323328"/><trkpt lat="36.11591" lon="128.323292"/><trkpt lat="36.115961" lon="128.323274"/></trkseg>
<trkseg><trkpt lat="36.122132" lon="128.336548"/><trkpt lat="36.122089" lon="128.336499"/><trkpt lat="36.122001" lon="128.336415"/><trkpt lat="36.121907" lon="128.336358"/><trkpt lat="36.121817" lon="128.336218"/><trkpt lat="36.121739" lon="128.33612"/><trkpt lat="36.121712" lon="128.335984"/><trkpt lat="36.121663" lon="128.335859"/><trkpt lat="36.121651" lon="128.335725"/><trkpt lat="36.121603" lon="128.335626"/><trkpt lat="36.121552" lon="128.335526"/><trkpt lat="36.121508" lon="128.335426"/><trkpt lat="36.121461" lon="128.335328"/><trkpt lat="36.121449" lon="128.335197"/><trkpt lat="36.121392" lon="128.335088"/><trkpt lat="36.121351" lon="128.334976"/><trkpt lat="36.121311" lon="128.334853"/><trkpt lat="36.121262" lon="128.334734"/><trkpt lat="36.12122" lon="128.334618"/><trkpt lat="36.121174" lon="128.334522"/><trkpt lat="36.121098" lon="128.334426"/><trkpt lat="36.121029" lon="128.334339"/><trkpt lat="36.120985" lon="128.334278"/><trkpt lat="36.120939" lon="128.334228"/><trkpt lat="36.120905" lon="128.33418"/><trkpt lat="36.120806" lon="128.334094"/><trkpt lat="36.120694" lon="128.333993"/><trkpt lat="36.120583" lon="128.333893"/><trkpt lat="36.120472" lon="128.333793"/><trkpt lat="36.12044" lon="128.333762"/></trkseg>
<trkseg><trkpt lat="36.073336" lon="128.349143"/><trkpt lat="36.07329" lon="128.349227"/><trkpt lat="36.073279" lon="128.349355"/><trkpt lat="36.073225" lon="128.349505"/><trkpt lat="36.073137" lon="128.349664"/><trkpt lat="36.073095" lon="128.349797"/><trkpt lat="36.073058" lon="128.349928"/><trkpt lat="36.073003" lon="128.349977"/><trkpt lat="36.072942" lon="128.349973"/></trkseg>
<trkseg><trkpt lat="36.073411" lon="128.347982"/><trkpt lat="36.073354" lon="128.348064"/><trkpt lat="36.073288" lon="128.348129"/><trkpt lat="36.073223" lon="128.348193"/><trkpt lat="36.073156" lon="128.348272"/><trkpt lat="36.073083" lon="128.348446"/><trkpt lat="36.073003" lon="128.34863"/><trkpt lat="36.0731" lon="128.348657"/><trkpt lat="36.073191" lon="128.348703"/><trkpt lat="36.07327" lon="128.348796"/><trkpt lat="36.073309" lon="128.348938"/><trkpt lat="36.073371" lon="128.349068"/><trkpt lat="36.073336" lon="128.349143"/></trkseg>
<trkseg><trkpt lat="36.072868" lon="128.346934"/><trkpt lat="36.072887" lon="128.346936"/><trkpt lat="36.072905" lon="128.346938"/><trkpt lat="36.072928" lon="128.34695"/><trkpt lat="36.072955" lon="128.347087"/><trkpt lat="36.073009" lon="128.347262"/><trkpt lat="36.07302" lon="128.347442"/><trkpt lat="36.073077" lon="128.34761"/><trkpt lat="36.073176" lon="128.347717"/><trkpt lat="36.073278" lon="128.347806"/><trkpt lat="36.073368" lon="128.347879"/><trkpt lat="36.073411" lon="128.347982"/></trkseg>
<trkseg><trkpt lat="36.117325" lon="128.322164"/><trkpt lat="36.117347" lon="128.322198"/><trkpt lat="36.117411" lon="128.322288"/><trkpt lat="36.117454" lon="128.322376"/><trkpt lat="36.11749" lon="128.322412"/><trkpt lat="36.117521" lon="128.322514"/><trkpt lat="36.11755" lon="128.322581"/><trkpt lat="36.117585" lon="128.322687"/><trkpt lat="36.117587" lon="128.322712"/><trkpt lat="36.117591" lon="128.322731"/><trkpt lat="36.117644" lon="128.322835"/><trkpt lat="36.117685" lon="128.322898"/><trkpt lat="36.117721" lon="128.322967"/><trkpt lat="36.117745" lon="128.323048"/><trkpt lat="36.117742" lon="128.323081"/></trkseg>
<trkseg><trkpt lat="36.099684" lon="128.341897"/><trkpt lat="36.099449" lon="128.341972"/><trkpt lat="36.099354" lon="128.342023"/><trkpt lat="36.099231" lon="128.342071"/><trkpt lat="36.099152" lon="128.342122"/><trkpt lat="36.099072" lon="128.342164"/><trkpt lat="36.098985" lon="128.342207"/><trkpt lat="36.098909" lon="128.342255"/><trkpt lat="36.098816" lon="128.342302"/><trkpt lat="36.098753" lon="128.34236"/><trkpt lat="36.098683" lon="128.342433"/><trkpt lat="36.098608" lon="128.342521"/><trkpt lat="36.098558" lon="128.342648"/><trkpt lat="36.09856" lon="128.342691"/><trkpt lat="36.098562" lon="128.342717"/><trkpt lat="36.098573" lon="128.342857"/><trkpt lat="36.098559" lon="128.342986"/><trkpt lat="36.098536" lon="128.343124"/></trkseg>
<trkseg><trkpt lat="36.101048" lon="128.341271"/><trkpt lat="36.10075" lon="128.341451"/><trkpt lat="36.100697" lon="128.34162"/><trkpt lat="36.100649" lon="128.341743"/><trkpt lat="36.100638" lon="128.341757"/></trkseg>
<trkseg><trkpt lat="36.100638" lon="128.341757"/><trkpt lat="36.10062" lon="128.341768"/><trkpt lat="36.100604" lon="128.341766"/><trkpt lat="36.100449" lon="128.341766"/><trkpt lat="36.100314" lon="128.341795"/><trkpt lat="36.100197" lon="128.34183"/><trkpt lat="36.100095" lon="128.341852"/><trkpt lat="36.099996" lon="128.341859"/><trkpt lat="36.099963" lon="128.341867"/><trkpt lat="36.099839" lon="128.341887"/><trkpt lat="36.099779" lon="128.341892"/><trkpt lat="36.099755" lon="128.341891"/><trkpt lat="36.099727" lon="128.341889"/><trkpt lat="36.099697" lon="128.341893"/><trkpt lat="36.099684" lon="128.341897"/></trkseg>
<trkseg><trkpt lat="36.116868" lon="128.323248"/><trkpt lat="36.116913" lon="128.323424"/><trkpt lat="36.116942" lon="128.323558"/><trkpt lat="36.116955" lon="128.323653"/><trkpt lat="36.116964" lon="128.32374"/><trkpt lat="36.116987" lon="128.323823"/><trkpt lat="36.117054" lon="128.323878"/><trkpt lat="36.117146" lon="128.323921"/><trkpt lat="36.117252" lon="128.323989"/><trkpt lat="36.117324" lon="128.324069"/><trkpt lat="36.117362" lon="128.324196"/><trkpt lat="36.117435" lon="128.324227"/><trkpt lat="36.117532" lon="128.324319"/><trkpt lat="36.117591" lon="128.324416"/><trkpt lat="36.117661" lon="128.324472"/><trkpt lat="36.117698" lon="128.324523"/><trkpt lat="36.117745" lon="128.324534"/><trkpt lat="36.117779" lon="128.324627"/><trkpt lat="36.117802" lon="128.324736"/><trkpt lat="36.117794" lon="128.324872"/><trkpt lat="36.1178" lon="128.325005"/><trkpt lat="36.117728" lon="128.325148"/><trkpt lat="36.117706" lon="128.325274"/><trkpt lat="36.117695" lon="128.325382"/><trkpt lat="36.117621" lon="128.32551"/><trkpt lat="36.117522" lon="128.325612"/><trkpt lat="36.117479" lon="128.325708"/><trkpt lat="36.117484" lon="128.325898"/><trkpt lat="36.117538" lon="128.326054"/><trkpt lat="36.117541" lon="128.326218"/><trkpt lat="36.117583" lon="128.326381"/><trkpt lat="36.117593" lon="128.326545"/><trkpt lat="36.117554" lon="128.326697"/><trkpt lat="36.117544" lon="128.326866"/><trkpt lat="36.117572" lon="128.327041"/><trkpt lat="36.117592" lon="128.32721"/><trkpt lat="36.117613" lon="128.32737"/><trkpt lat="36.117557" lon="128.327512"/><trkpt lat="36.117732" lon="128.327564"/><trkpt lat="36.117807" lon="128.327522"/><trkpt lat="36.117861" lon="128.327456"/><trkpt lat="36.117924" lon="128.327385"/><trkpt lat="36.117962" lon="128.327254"/><trkpt lat="36.118037" lon="128.32714"/><trkpt lat="36.118057" lon="128.327121"/><trkpt lat="36.118154" lon="128.327075"/><trkpt lat="36.118191" lon="128.326971"/><trkpt lat="36.118188" lon="128.326895"/><trkpt lat="36.118201" lon="128.326861"/><trkpt lat="36.118229" lon="128.326737"/><trkpt lat="36.118253" lon="128.32664"/><trkpt lat="36.118292" lon="128.326576"/><trkpt lat="36.118317" lon="128.326483"/><trkpt lat="36.118361" lon="128.326388"/><trkpt lat="36.118403" lon="128.326311"/><trkpt lat="36.118463" lon="128.326255"/><trkpt lat="36.118492" lon="128.326238"/><trkpt lat="36.118557" lon="128.326177"/><trkpt lat="36.118614" lon="128.326055"/><trkpt lat="36.118668" lon="128.325929"/><trkpt lat="36.118722" lon="128.325871"/><trkpt lat="36.118797" lon="128.325848"/><trkpt lat="36.118843" lon="128.325807"/></trkseg>
<trkseg><trkpt lat="36.077354" lon="128.344767"/><trkpt lat="36.077218" lon="128.344778"/><trkpt lat="36.077119" lon="128.344766"/><trkpt lat="36.077021" lon="128.344756"/><trkpt lat="36.076962" lon="128.344788"/><trkpt lat="36.076924" lon="128.344682"/><trkpt lat="36.076865" lon="128.344518"/><trkpt lat="36.076758" lon="128.344423"/><trkpt lat="36.076626" lon="128.344419"/><trkpt lat="36.076547" lon="128.344349"/><trkpt lat="36.076467" lon="128.344294"/><trkpt lat="36.076352" lon="128.344334"/><trkpt lat="36.076279" lon="128.344369"/><trkpt lat="36.076202" lon="128.344398"/><trkpt lat="36.076108" lon="128.344396"/><trkpt lat="36.07599" lon="128.344496"/><trkpt lat="36.075912" lon="128.344556"/><trkpt lat="36.075772" lon="128.344614"/><trkpt lat="36.075632" lon="128.344678"/><trkpt lat="36.075513" lon="128.344783"/><trkpt lat="36.075423" lon="128.344845"/><trkpt lat="36.075319" lon="128.344907"/><trkpt lat="36.07517" lon="128.344931"/><trkpt lat="36.074988" lon="128.344958"/><trkpt lat="36.074839" lon="128.345018"/><trkpt lat="36.074728" lon="128.345063"/><trkpt lat="36.074601" lon="128.345083"/><trkpt lat="36.074516" lon="128.345106"/><trkpt lat="36.074418" lon="128.345096"/><trkpt lat="36.074334" lon="128.34505"/><trkpt lat="36.07425" lon="128.344972"/><trkpt lat="36.074168" lon="128.345017"/><trkpt lat="36.074124" lon="128.345095"/><trkpt lat="36.074087" lon="128.345195"/><trkpt lat="36.074053" lon="128.345292"/><trkpt lat="36.074046" lon="128.345432"/><trkpt lat="36.074033" lon="128.345558"/><trkpt lat="36.073941" lon="128.345593"/><trkpt lat="36.073886" lon="128.34563"/><trkpt lat="36.073809" lon="128.345614"/><trkpt lat="36.073707" lon="128.345643"/><trkpt lat="36.073614" lon="128.345725"/><trkpt lat="36.073547" lon="128.345803"/><trkpt lat="36.07348" lon="128.345926"/><trkpt lat="36.073401" lon="128.346046"/><trkpt lat="36.073318" lon="128.346151"/><trkpt lat="36.073266" lon="128.346204"/><trkpt lat="36.073254" lon="128.346234"/><trkpt lat="36.073225" lon="128.346277"/><trkpt lat="36.073146" lon="128.346357"/><trkpt lat="36.073034" lon="128.346454"/><trkpt lat="36.072928" lon="128.346549"/><trkpt lat="36.072838" lon="128.346651"/><trkpt lat="36.072809" lon="128.346772"/><trkpt lat="36.072802" lon="128.346845"/><trkpt lat="36.072845" lon="128.346923"/><trkpt lat="36.072868" lon="128.346934"/></trkseg>
<trkseg><trkpt lat="36.079042" lon="128.343977"/><trkpt lat="36.078921" lon="128.344028"/><trkpt lat="36.078784" lon="128.344049"/><trkpt lat="36.078649" lon="128.344141"/><trkpt lat="36.078487" lon="128.344136"/><trkpt lat="36.078345" lon="128.344182"/><trkpt lat="36.078209" lon="128.344287"/><trkpt lat="36.078099" lon="128.344432"/><trkpt lat="36.078041" lon="128.344578"/><trkpt lat="36.077916" lon="128.344661"/><trkpt lat="36.077751" lon="128.344723"/><trkpt lat="36.077565" lon="128.34476"/><trkpt lat="36.077407" lon="128.34477"/><trkpt lat="36.077354" lon="128.344767"/></trkseg>
<trkseg><trkpt lat="36.081068" lon="128.34172"/><trkpt lat="36.080988" lon="128.341856"/><trkpt lat="36.080872" lon="128.341932"/><trkpt lat="36.080769" lon="128.341995"/><trkpt lat="36.080675" lon="128.342147"/><trkpt lat="36.080588" lon="128.342271"/><trkpt lat="36.080543" lon="128.342469"/><trkpt lat="36.080489" lon="128.342623"/><trkpt lat="36.080429" lon="128.342791"/><trkpt lat="36.08032" lon="128.342892"/><trkpt lat="36.080305" lon="128.343031"/><trkpt lat="36.080321" lon="128.343083"/><trkpt lat="36.080237" lon="128.343133"/><trkpt lat="36.080151" lon="128.34316"/><trkpt lat="36.080028" lon="128.343189"/><trkpt lat="36.07988" lon="128.343236"/><trkpt lat="36.079733" lon="128.343324"/><trkpt lat="36.079635" lon="128.343389"/><trkpt lat="36.079534" lon="128.343459"/><trkpt lat="36.079406" lon="128.343539"/><trkpt lat="36.079345" lon="128.343704"/><trkpt lat="36.079225" lon="128.343823"/><trkpt lat="36.079084" lon="128.343887"/><trkpt lat="36.079042" lon="128.343977"/></trkseg>
<trkseg><trkpt lat="36.125984" lon="128.322482"/><trkpt lat="36.126034" lon="128.322476"/><trkpt lat="36.12615" lon="128.322449"/><trkpt lat="36.126322" lon="128.322316"/><trkpt lat="36.126378" lon="128.322277"/><trkpt lat="36.126394" lon="128.322271"/><trkpt lat="36.12641" lon="128.322266"/><trkpt lat="36.126422" lon="128.322247"/><trkpt lat="36.126427" lon="128.322159"/><trkpt lat="36.126447" lon="128.322019"/><trkpt lat="36.126441" lon="128.3219"/><trkpt lat="36.126467" lon="128.32179"/><trkpt lat="36.1265" lon="128.321659"/><trkpt lat="36.126483" lon="128.321524"/><trkpt lat="36.126454" lon="128.321414"/><trkpt lat="36.126445" lon="128.321284"/><trkpt lat="36.126414" lon="128.321144"/><trkpt lat="36.12632" lon="128.320994"/><trkpt lat="36.126227" lon="128.320851"/><trkpt lat="36.126145" lon="128.320733"/><trkpt lat="36.126016" lon="128.32063"/><trkpt lat="36.126008" lon="128.320568"/><trkpt lat="36.125919" lon="128.320389"/><trkpt lat="36.125828" lon="128.320316"/><trkpt lat="36.125755" lon="128.320264"/><trkpt lat="36.125651" lon="128.320191"/><trkpt lat="36.125587" lon="128.320129"/><trkpt lat="36.125514" lon="128.320069"/><trkpt lat="36.125519" lon="128.320037"/><trkpt lat="36.125457" lon="128.319955"/><trkpt lat="36.12543" lon="128.31986"/><trkpt lat="36.125353" lon="128.319703"/></trkseg>
<trkseg><trkpt lat="36.126364" lon="128.326756"/><trkpt lat="36.126395" lon="128.326612"/><trkpt lat="36.126449" lon="128.326507"/><trkpt lat="36.126504" lon="128.326423"/><trkpt lat="36.126542" lon="128.326303"/><trkpt lat="36.126629" lon="128.326205"/><trkpt lat="36.126684" lon="128.326079"/><trkpt lat="36.126702" lon="128.325949"/><trkpt lat="36.126754" lon="128.325823"/><trkpt lat="36.126802" lon="128.325706"/><trkpt lat="36.126798" lon="128.325568"/><trkpt lat="36.126876" lon="128.325444"/><trkpt lat="36.126874" lon="128.325296"/></trkseg>
<trkseg><trkpt lat="36.094687" lon="128.329102"/><trkpt lat="36.094716" lon="128.32924"/></trkseg>
<trkseg><trkpt lat="36.100977" lon="128.351185"/><trkpt lat="36.100987" lon="128.351019"/><trkpt lat="36.100961" lon="128.350889"/><trkpt lat="36.100941" lon="128.350793"/><trkpt lat="36.100894" lon="128.35068"/><trkpt lat="36.100816" lon="128.350607"/><trkpt lat="36.100762" lon="128.350528"/><trkpt lat="36.100749" lon="128.350373"/><trkpt lat="36.100829" lon="128.350255"/><trkpt lat="36.100912" lon="128.350149"/><trkpt lat="36.100931" lon="128.350114"/><trkpt lat="36.10101" lon="128.35001"/><trkpt lat="36.101081" lon="128.349915"/><trkpt lat="36.101114" lon="128.349781"/><trkpt lat="36.101045" lon="128.349657"/><trkpt lat="36.101061" lon="128.34953"/><trkpt lat="36.101133" lon="128.349458"/><trkpt lat="36.101168" lon="128.349349"/><trkpt lat="36.101203" lon="128.349217"/><trkpt lat="36.101248" lon="128.349144"/></trkseg>
<trkseg><trkpt lat="36.082496" lon="128.335973"/><trkpt lat="36.082474" lon="128.33606"/><trkpt lat="36.08247" lon="128.336089"/><trkpt lat="36.082435" lon="128.336138"/><trkpt lat="36.082402" lon="128.336208"/><trkpt lat="36.082377" lon="128.336292"/><trkpt lat="36.082364" lon="128.336345"/><trkpt lat="36.08233" lon="128.336406"/><trkpt lat="36.08233" lon="128.336468"/><trkpt lat="36.082287" lon="128.336537"/><trkpt lat="36.082285" lon="128.336636"/><trkpt lat="36.082324" lon="128.336725"/><trkpt lat="36.08234" lon="128.336837"/><trkpt lat="36.082327" lon="128.336959"/><trkpt lat="36.082352" lon="128.337064"/><trkpt lat="36.082379" lon="128.337164"/><trkpt lat="36.082324" lon="128.337285"/><trkpt lat="36.082392" lon="128.337369"/><trkpt lat="36.082408" lon="128.337438"/><trkpt lat="36.082435" lon="128.337549"/><trkpt lat="36.082476" lon="128.337669"/><trkpt lat="36.082512" lon="128.337782"/><trkpt lat="36.082495" lon="128.337834"/><trkpt lat="36.082481" lon="128.337854"/><trkpt lat="36.082448" lon="128.33789"/><trkpt lat="36.0824" lon="128.337983"/><trkpt lat="36.082397" lon="128.33808"/><trkpt lat="36.082368" lon="128.338179"/><trkpt lat="36.08236" lon="128.338232"/><trkpt lat="36.082371" lon="128.338295"/><trkpt lat="36.08237" lon="128.338417"/><trkpt lat="36.082366" lon="128.338568"/><trkpt lat="36.082337" lon="128.33873"/><trkpt lat="36.082287" lon="128.338857"/><trkpt lat="36.08224" lon="128.338961"/><trkpt lat="36.082212" lon="128.339092"/><trkpt lat="36.082186" lon="128.339221"/><trkpt lat="36.082174" lon="128.339379"/><trkpt lat="36.082146" lon="128.3395"/><trkpt lat="36.082135" lon="128.339646"/><trkpt lat="36.082117" lon="128.339733"/><trkpt lat="36.082085" lon="128.339858"/><trkpt lat="36.082004" lon="128.339964"/><trkpt lat="36.081997" lon="128.340113"/><trkpt lat="36.082046" lon="128.340245"/><trkpt lat="36.082079" lon="128.340326"/><trkpt lat="36.082098" lon="128.340426"/><trkpt lat="36.082125" lon="128.340522"/><trkpt lat="36.082098" lon="128.340595"/><trkpt lat="36.082005" lon="128.340599"/><trkpt lat="36.081936" lon="128.340619"/><trkpt lat="36.08187" lon="128.340638"/><trkpt lat="36.081802" lon="128.340727"/><trkpt lat="36.081698" lon="128.340806"/><trkpt lat="36.081605" lon="128.340864"/><trkpt lat="36.081556" lon="128.341019"/><trkpt lat="36.081596" lon="128.341135"/><trkpt lat="36.0816" lon="128.341218"/><trkpt lat="36.081593" lon="128.341289"/><trkpt lat="36.081556" lon="128.341326"/><trkpt lat="36.0815" lon="128.341373"/><trkpt lat="36.081456" lon="128.341419"/><trkpt lat="36.081422" lon="128.341488"/><trkpt lat="36.081299" lon="128.341534"/><trkpt lat="36.081201" lon="128.341515"/><trkpt lat="36.081142" lon="128.341616"/><trkpt lat="36.081068" lon="128.341719"/><trkpt lat="36.081068" lon="128.34172"/></trkseg>
<trkseg><trkpt lat="36.093836" lon="128.301448"/><trkpt lat="36.093893" lon="128.301302"/><trkpt lat="36.093911" lon="128.301249"/></trkseg>
<trkseg><trkpt lat="36.092578" lon="128.301772"/><trkpt lat="36.092607" lon="128.301666"/><trkpt lat="36.09264" lon="128.301596"/><trkpt lat="36.092594" lon="128.301583"/><trkpt lat="36.092561" lon="128.301513"/><trkpt lat="36.092502" lon="128.301492"/><trkpt lat="36.092477" lon="128.30145"/><trkpt lat="36.092455" lon="128.301439"/><trkpt lat="36.092433" lon="128.301435"/><trkpt lat="36.092391" lon="128.301411"/><trkpt lat="36.092359" lon="128.301318"/><trkpt lat="36.092386" lon="128.301256"/></trkseg>
<trkseg><trkpt lat="36.091773" lon="128.315909"/><trkpt lat="36.092632" lon="128.315771"/><trkpt lat="36.092807" lon="128.315829"/></trkseg>
<trkseg><trkpt lat="36.092478" lon="128.294399"/><trkpt lat="36.091982" lon="128.294066"/><trkpt lat="36.091653" lon="128.293609"/></trkseg>
<trkseg><trkpt lat="36.092478" lon="128.294399"/><trkpt lat="36.092965" lon="128.294886"/><trkpt lat="36.093466" lon="128.295179"/><trkpt lat="36.093608" lon="128.29534"/></trkseg>
<trkseg><trkpt lat="36.092807" lon="128.315829"/><trkpt lat="36.093425" lon="128.315626"/></trkseg>
<trkseg><trkpt lat="36.093608" lon="128.29534"/><trkpt lat="36.093607" lon="128.295891"/><trkpt lat="36.093654" lon="128.296303"/><trkpt lat="36.093676" lon="128.29669"/><trkpt lat="36.093527" lon="128.297156"/><trkpt lat="36.09343" lon="128.297585"/><trkpt lat="36.093503" lon="128.297922"/><trkpt lat="36.09379" lon="128.29841"/></trkseg>
<trkseg><trkpt lat="36.093608" lon="128.29534"/><trkpt lat="36.094242" lon="128.295654"/><trkpt lat="36.094636" lon="128.296351"/><trkpt lat="36.095158" lon="128.296342"/><trkpt lat="36.095663" lon="128.296992"/><trkpt lat="36.096495" lon="128.297771"/><trkpt lat="36.096772" lon="128.29835"/></trkseg>
<trkseg><trkpt lat="36.09379" lon="128.29841"/><trkpt lat="36.094087" lon="128.299026"/></trkseg>
<trkseg><trkpt lat="36.093908" lon="128.311045"/><trkpt lat="36.093639" lon="128.31134"/><trkpt lat="36.093406" lon="128.31173"/><trkpt lat="36.093356" lon="128.312113"/><trkpt lat="36.093041" lon="128.312427"/><trkpt lat="36.09271" lon="128.312815"/><trkpt lat="36.092425" lon="128.313147"/><trkpt lat="36.093425" lon="128.315626"/></trkseg>
<trkseg><trkpt lat="36.096353" lon="128.316885"/><trkpt lat="36.096309" lon="128.317493"/><trkpt lat="36.096264" lon="128.318064"/><trkpt lat="36.096048" lon="128.318552"/></trkseg>
<trkseg><trkpt lat="36.096353" lon="128.316885"/><trkpt lat="36.09662" lon="128.316862"/></trkseg>
<trkseg><trkpt lat="36.097445" lon="128.316519"/><trkpt lat="36.096418" lon="128.313766"/><trkpt lat="36.096052" lon="128.309694"/><trkpt lat="36.09593" lon="128.306846"/><trkpt lat="36.095645" lon="128.30539"/><trkpt lat="36.095188" lon="128.303571"/><trkpt lat="36.094515" lon="128.302033"/><trkpt lat="36.093836" lon="128.301448"/></trkseg>
<trkseg><trkpt lat="36.098709" lon="128.319089"/><trkpt lat="36.098235" lon="128.319316"/></trkseg>
<trkseg><trkpt lat="36.090898" lon="128.327625"/><trkpt lat="36.090867" lon="128.327318"/><trkpt lat="36.090862" lon="128.327256"/><trkpt lat="36.090865" lon="128.327223"/><trkpt lat="36.09088" lon="128.327201"/><trkpt lat="36.090905" lon="128.327188"/><trkpt lat="36.090971" lon="128.327167"/><trkpt lat="36.091035" lon="128.32715"/></trkseg>
<trkseg><trkpt lat="36.091848" lon="128.299585"/><trkpt lat="36.091879" lon="128.299634"/><trkpt lat="36.091917" lon="128.299675"/><trkpt lat="36.091956" lon="128.299695"/><trkpt lat="36.092046" lon="128.299684"/><trkpt lat="36.092084" lon="128.299695"/><trkpt lat="36.092118" lon="128.299715"/><trkpt lat="36.092147" lon="128.299745"/><trkpt lat="36.09222" lon="128.299854"/><trkpt lat="36.092256" lon="128.2999"/><trkpt lat="36.092286" lon="128.29993"/><trkpt lat="36.092328" lon="128.299967"/><trkpt lat="36.092439" lon="128.300093"/></trkseg>
<trkseg><trkpt lat="36.093836" lon="128.301448"/><trkpt lat="36.092797" lon="128.301719"/><trkpt lat="36.092578" lon="128.301772"/></trkseg>
<trkseg><trkpt lat="36.091773" lon="128.315909"/><trkpt lat="36.091657" lon="128.316241"/><trkpt lat="36.091596" lon="128.31648"/><trkpt lat="36.09153" lon="128.316676"/><trkpt lat="36.091608" lon="128.316868"/><trkpt lat="36.091684" lon="128.317165"/><trkpt lat="36.091639" lon="128.317381"/><trkpt lat="36.091673" lon="128.317723"/><trkpt lat="36.091703" lon="128.31793"/><trkpt lat="36.09146" lon="128.31813"/><trkpt lat="36.091256" lon="128.318268"/><trkpt lat="36.090987" lon="128.318487"/><trkpt lat="36.090984" lon="128.318758"/></trkseg>
<trkseg><trkpt lat="36.088499" lon="128.315922"/><trkpt lat="36.089116" lon="128.315934"/><trkpt lat="36.089512" lon="128.315837"/><trkpt lat="36.089883" lon="128.316003"/><trkpt lat="36.090307" lon="128.315836"/><trkpt lat="36.090941" lon="128.315701"/><trkpt lat="36.091418" lon="128.315903"/><trkpt lat="36.091773" lon="128.315909"/></trkseg>
<trkseg><trkpt lat="36.08824" lon="128.311311"/><trkpt lat="36.088495" lon="128.31083"/><trkpt lat="36.089064" lon="128.310923"/><trkpt lat="36.089597" lon="128.311147"/><trkpt lat="36.089598" lon="128.311564"/><trkpt lat="36.090007" lon="128.311863"/><trkpt lat="36.09056" lon="128.31288"/><trkpt lat="36.091334" lon="128.313817"/><trkpt lat="36.092096" lon="128.314775"/><trkpt lat="36.092372" lon="128.315294"/><trkpt lat="36.0929" lon="128.315539"/><trkpt lat="36.092807" lon="128.315829"/></trkseg>
<trkseg><trkpt lat="36.082496" lon="128.335973"/><trkpt lat="36.082915" lon="128.335676"/><trkpt lat="36.082962" lon="128.335646"/><trkpt lat="36.082999" lon="128.335631"/><trkpt lat="36.083062" lon="128.335614"/><trkpt lat="36.083176" lon="128.335587"/><trkpt lat="36.083214" lon="128.335575"/><trkpt lat="36.083263" lon="128.335552"/><trkpt lat="36.083606" lon="128.335364"/><trkpt lat="36.083656" lon="128.33534"/><trkpt lat="36.083694" lon="128.335328"/><trkpt lat="36.083733" lon="128.335323"/><trkpt lat="36.083811" lon="128.335315"/><trkpt lat="36.08385" lon="128.335305"/><trkpt lat="36.0839" lon="128.335286"/><trkpt lat="36.084062" lon="128.335215"/><trkpt lat="36.084111" lon="128.335189"/><trkpt lat="36.084145" lon="128.335164"/><trkpt lat="36.084198" lon="128.335118"/><trkpt lat="36.08423" lon="128.335094"/><trkpt lat="36.084264" lon="128.335084"/><trkpt lat="36.084298" lon="128.335089"/><trkpt lat="36.084358" lon="128.335101"/><trkpt lat="36.084396" lon="128.335098"/><trkpt lat="36.084448" lon="128.335088"/><trkpt lat="36.084576" lon="128.335053"/><trkpt lat="36.084613" lon="128.33504"/><trkpt lat="36.084646" lon="128.33502"/><trkpt lat="36.084675" lon="128.334993"/><trkpt lat="36.084701" lon="128.334962"/><trkpt lat="36.084724" lon="128.334928"/><trkpt lat="36.084744" lon="128.334886"/><trkpt lat="36.084766" lon="128.334826"/><trkpt lat="36.084908" lon="128.334419"/><trkpt lat="36.084927" lon="128.334376"/><trkpt lat="36.084951" lon="128.334338"/><trkpt lat="36.084979" lon="128.334304"/><trkpt lat="36.085262" lon="128.333999"/><trkpt lat="36.085331" lon="128.333922"/><trkpt lat="36.085358" lon="128.333885"/><trkpt lat="36.085396" lon="128.33382"/><trkpt lat="36.085579" lon="128.333443"/><trkpt lat="36.085599" lon="128.333401"/><trkpt lat="36.085633" lon="128.333312"/><trkpt lat="36.085722" lon="128.333056"/><trkpt lat="36.085745" lon="128.332997"/><trkpt lat="36.085767" lon="128.332959"/><trkpt lat="36.085794" lon="128.332926"/><trkpt lat="36.085854" lon="128.332865"/><trkpt lat="36.085895" lon="128.332827"/><trkpt lat="36.085928" lon="128.332802"/><trkpt lat="36.085963" lon="128.332786"/><trkpt lat="36.086015" lon="128.332776"/><trkpt lat="36.086329" lon="128.332734"/><trkpt lat="36.086408" lon="128.332726"/><trkpt lat="36.086446" lon="128.332728"/><trkpt lat="36.086484" lon="128.33274"/><trkpt lat="36.086582" lon="128.33279"/><trkpt lat="36.086619" lon="128.332807"/><trkpt lat="36.086657" lon="128.332818"/><trkpt lat="36.086696" lon="128.332821"/><trkpt lat="36.086962" lon="128.332911"/><trkpt lat="36.087069" lon="128.332907"/><trkpt lat="36.087109" lon="128.332909"/><trkpt lat="36.087147" lon="128.332915"/><trkpt lat="36.087366" lon="128.33297"/><trkpt lat="36.087443" lon="128.332985"/><trkpt lat="36.087481" lon="128.332986"/><trkpt lat="36.087555" lon="128.332974"/><trkpt lat="36.087592" lon="128.33297"/><trkpt lat="36.08763" lon="128.332975"/><trkpt lat="36.087669" lon="128.332988"/><trkpt lat="36.087758" lon="128.333022"/><trkpt lat="36.087796" lon="128.333029"/><trkpt lat="36.087831" lon="128.33302"/><trkpt lat="36.087865" lon="128.332998"/><trkpt lat="36.087988" lon="128.332897"/><trkpt lat="36.088311" lon="128.332628"/><trkpt lat="36.088363" lon="128.332577"/><trkpt lat="36.088704" lon="128.332213"/><trkpt lat="36.088814" lon="128.332096"/><trkpt lat="36.088841" lon="128.332061"/><trkpt lat="36.088861" lon="128.332022"/><trkpt lat="36.088873" lon="128.331977"/><trkpt lat="36.088885" lon="128.331897"/><trkpt lat="36.088908" lon="128.331735"/><trkpt lat="36.088919" lon="128.331688"/><trkpt lat="36.088935" lon="128.331648"/><trkpt lat="36.088957" lon="128.331614"/><trkpt lat="36.088983" lon="128.331588"/><trkpt lat="36.089017" lon="128.331575"/><trkpt lat="36.089054" lon="128.331569"/><trkpt lat="36.089092" lon="128.331569"/><trkpt lat="36.089128" lon="128.331576"/><trkpt lat="36.089164" lon="128.331595"/><trkpt lat="36.089209" lon="128.33163"/><trkpt lat="36.089298" lon="128.331704"/><trkpt lat="36.089333" lon="128.331727"/><trkpt lat="36.089369" lon="128.331742"/><trkpt lat="36.089418" lon="128.331751"/><trkpt lat="36.089469" lon="128.331756"/><trkpt lat="36.089507" lon="128.331755"/><trkpt lat="36.089544" lon="128.331747"/><trkpt lat="36.089606" lon="128.331727"/><trkpt lat="36.089679" lon="128.331698"/><trkpt lat="36.089728" lon="128.331673"/><trkpt lat="36.089977" lon="128.331519"/><trkpt lat="36.090048" lon="128.331476"/><trkpt lat="36.090085" lon="128.331458"/><trkpt lat="36.090123" lon="128.331445"/><trkpt lat="36.090228" lon="128.331418"/><trkpt lat="36.090531" lon="128.331347"/><trkpt lat="36.090569" lon="128.331333"/><trkpt lat="36.090603" lon="128.331311"/><trkpt lat="36.090645" lon="128.331272"/><trkpt lat="36.090928" lon="128.330976"/><trkpt lat="36.09097" lon="128.330935"/><trkpt lat="36.091002" lon="128.330909"/><trkpt lat="36.091039" lon="128.330891"/><trkpt lat="36.091154" lon="128.33085"/><trkpt lat="36.091204" lon="128.33083"/><trkpt lat="36.09124" lon="128.33081"/><trkpt lat="36.091273" lon="128.330783"/><trkpt lat="36.091325" lon="128.330732"/><trkpt lat="36.091478" lon="128.330594"/></trkseg>
<trkseg><trkpt lat="36.091478" lon="128.330594"/><trkpt lat="36.09145" lon="128.330321"/><trkpt lat="36.091446" lon="128.330273"/><trkpt lat="36.091439" lon="128.330227"/><trkpt lat="36.091415" lon="128.330152"/><trkpt lat="36.091403" lon="128.330107"/><trkpt lat="36.091399" lon="128.330061"/><trkpt lat="36.0914" lon="128.329981"/><trkpt lat="36.091408" lon="128.32982"/><trkpt lat="36.091406" lon="128.329772"/><trkpt lat="36.091396" lon="128.329727"/><trkpt lat="36.09138" lon="128.329684"/><trkpt lat="36.091312" lon="128.329528"/><trkpt lat="36.091275" lon="128.329442"/><trkpt lat="36.09126" lon="128.329398"/><trkpt lat="36.091249" lon="128.329351"/><trkpt lat="36.091227" lon="128.329221"/><trkpt lat="36.091211" lon="128.32914"/><trkpt lat="36.091198" lon="128.329095"/><trkpt lat="36.091164" lon="128.329008"/><trkpt lat="36.091105" lon="128.328865"/><trkpt lat="36.091091" lon="128.328821"/><trkpt lat="36.091085" lon="128.328777"/><trkpt lat="36.091089" lon="128.328732"/><trkpt lat="36.091112" lon="128.328609"/><trkpt lat="36.091123" lon="128.328548"/><trkpt lat="36.091127" lon="128.328501"/><trkpt lat="36.091125" lon="128.328437"/><trkpt lat="36.091116" lon="128.328325"/><trkpt lat="36.091109" lon="128.328278"/><trkpt lat="36.091097" lon="128.328234"/><trkpt lat="36.091064" lon="128.32815"/><trkpt lat="36.091049" lon="128.328108"/><trkpt lat="36.091039" lon="128.328066"/><trkpt lat="36.091028" lon="128.328"/><trkpt lat="36.091012" lon="128.327966"/><trkpt lat="36.090973" lon="128.327917"/><trkpt lat="36.090955" lon="128.327882"/><trkpt lat="36.090945" lon="128.327837"/><trkpt lat="36.090936" lon="128.327738"/><trkpt lat="36.090898" lon="128.327625"/></trkseg>
<trkseg><trkpt lat="36.090898" lon="128.327625"/><trkpt lat="36.091007" lon="128.327492"/><trkpt lat="36.091023" lon="128.327468"/><trkpt lat="36.091033" lon="128.327442"/><trkpt lat="36.091031" lon="128.327415"/><trkpt lat="36.09102" lon="128.327376"/><trkpt lat="36.091003" lon="128.327316"/><trkpt lat="36.091" lon="128.327286"/><trkpt lat="36.091005" lon="128.327255"/><trkpt lat="36.091019" lon="128.327202"/><trkpt lat="36.091035" lon="128.32715"/></trkseg>
<trkseg><trkpt lat="36.091035" lon="128.32715"/><trkpt lat="36.091038" lon="128.327133"/><trkpt lat="36.091055" lon="128.327104"/><trkpt lat="36.091096" lon="128.327067"/><trkpt lat="36.091119" lon="128.327038"/><trkpt lat="36.091132" lon="128.326997"/><trkpt lat="36.091147" lon="128.32692"/><trkpt lat="36.09116" lon="128.326875"/><trkpt lat="36.09118" lon="128.326834"/><trkpt lat="36.091212" lon="128.326783"/><trkpt lat="36.091269" lon="128.326694"/><trkpt lat="36.091287" lon="128.326655"/><trkpt lat="36.091294" lon="128.326611"/><trkpt lat="36.091291" lon="128.326535"/><trkpt lat="36.091292" lon="128.326491"/><trkpt lat="36.091304" lon="128.326453"/><trkpt lat="36.091341" lon="128.326398"/><trkpt lat="36.091361" lon="128.326362"/><trkpt lat="36.09137" lon="128.32632"/><trkpt lat="36.091373" lon="128.326276"/><trkpt lat="36.091373" lon="128.326261"/></trkseg>
<trkseg><trkpt lat="36.091373" lon="128.326261"/><trkpt lat="36.091372" lon="128.326215"/><trkpt lat="36.091366" lon="128.326169"/><trkpt lat="36.091353" lon="128.326123"/><trkpt lat="36.091249" lon="128.325821"/><trkpt lat="36.091213" lon="128.325715"/><trkpt lat="36.091201" lon="128.325669"/><trkpt lat="36.091189" lon="128.325604"/><trkpt lat="36.091143" lon="128.325226"/><trkpt lat="36.091129" lon="128.325128"/><trkpt lat="36.091118" lon="128.325081"/><trkpt lat="36.091091" lon="128.325015"/><trkpt lat="36.091079" lon="128.324972"/><trkpt lat="36.091073" lon="128.324925"/><trkpt lat="36.091069" lon="128.324812"/><trkpt lat="36.091063" lon="128.324518"/><trkpt lat="36.091059" lon="128.32447"/><trkpt lat="36.091051" lon="128.324422"/><trkpt lat="36.091029" lon="128.324345"/><trkpt lat="36.090972" lon="128.32416"/><trkpt lat="36.090954" lon="128.324117"/><trkpt lat="36.09093" lon="128.32408"/><trkpt lat="36.090889" lon="128.324038"/><trkpt lat="36.090808" lon="128.323963"/><trkpt lat="36.090789" lon="128.323938"/><trkpt lat="36.090793" lon="128.323921"/><trkpt lat="36.090813" lon="128.323892"/><trkpt lat="36.090824" lon="128.323838"/><trkpt lat="36.090836" lon="128.323797"/><trkpt lat="36.090854" lon="128.323757"/><trkpt lat="36.090875" lon="128.32372"/><trkpt lat="36.0909" lon="128.323687"/><trkpt lat="36.09093" lon="128.323659"/><trkpt lat="36.090997" lon="128.323612"/><trkpt lat="36.091028" lon="128.323586"/><trkpt lat="36.091051" lon="128.323554"/><trkpt lat="36.091065" lon="128.323513"/><trkpt lat="36.091081" lon="128.32344"/><trkpt lat="36.091094" lon="128.323399"/><trkpt lat="36.091117" lon="128.323364"/><trkpt lat="36.091147" lon="128.323334"/><trkpt lat="36.091213" lon="128.323278"/><trkpt lat="36.091242" lon="128.323246"/><trkpt lat="36.091268" lon="128.32321"/><trkpt lat="36.091393" lon="128.322999"/><trkpt lat="36.091431" lon="128.322932"/><trkpt lat="36.09145" lon="128.322891"/><trkpt lat="36.091462" lon="128.322847"/><trkpt lat="36.091476" lon="128.322775"/><trkpt lat="36.091494" lon="128.322742"/><trkpt lat="36.091534" lon="128.322709"/><trkpt lat="36.091562" lon="128.32268"/><trkpt lat="36.091587" lon="128.322644"/><trkpt lat="36.091638" lon="128.322551"/><trkpt lat="36.091657" lon="128.32251"/><trkpt lat="36.091671" lon="128.322465"/><trkpt lat="36.091678" lon="128.322418"/><trkpt lat="36.091691" lon="128.32217"/><trkpt lat="36.091812" lon="128.32176"/><trkpt lat="36.091878" lon="128.321615"/><trkpt lat="36.091893" lon="128.321574"/><trkpt lat="36.091897" lon="128.321536"/><trkpt lat="36.091886" lon="128.321515"/></trkseg>
<trkseg><trkpt lat="36.091886" lon="128.321515"/><trkpt lat="36.091859" lon="128.321488"/><trkpt lat="36.091813" lon="128.321455"/><trkpt lat="36.091533" lon="128.321258"/><trkpt lat="36.091488" lon="128.321223"/><trkpt lat="36.09146" lon="128.321191"/><trkpt lat="36.091436" lon="128.321152"/><trkpt lat="36.091338" lon="128.320953"/><trkpt lat="36.091198" lon="128.32067"/><trkpt lat="36.091175" lon="128.32063"/><trkpt lat="36.09115" lon="128.320596"/><trkpt lat="36.09112" lon="128.320557"/><trkpt lat="36.091103" lon="128.320516"/><trkpt lat="36.091091" lon="128.320471"/><trkpt lat="36.091011" lon="128.320093"/><trkpt lat="36.090997" lon="128.320014"/><trkpt lat="36.090993" lon="128.319966"/><trkpt lat="36.090994" lon="128.319901"/><trkpt lat="36.091023" lon="128.319524"/><trkpt lat="36.091027" lon="128.319426"/><trkpt lat="36.091026" lon="128.319377"/><trkpt lat="36.091" lon="128.319149"/><trkpt lat="36.09099" lon="128.319052"/><trkpt lat="36.090987" lon="128.319002"/><trkpt lat="36.090988" lon="128.318954"/><trkpt lat="36.090994" lon="128.31884"/><trkpt lat="36.090994" lon="128.318795"/><trkpt lat="36.090984" lon="128.318758"/></trkseg>
<trkseg><trkpt lat="36.088499" lon="128.315922"/><trkpt lat="36.088617" lon="128.31607"/><trkpt lat="36.088695" lon="128.316164"/><trkpt lat="36.088699" lon="128.316321"/><trkpt lat="36.088616" lon="128.316467"/><trkpt lat="36.088501" lon="128.316624"/><trkpt lat="36.088453" lon="128.316754"/><trkpt lat="36.08854" lon="128.317104"/><trkpt lat="36.088578" lon="128.317319"/><trkpt lat="36.088611" lon="128.317503"/><trkpt lat="36.088656" lon="128.317526"/><trkpt lat="36.088703" lon="128.317555"/><trkpt lat="36.088901" lon="128.317689"/><trkpt lat="36.088971" lon="128.317735"/><trkpt lat="36.089007" lon="128.317755"/><trkpt lat="36.089045" lon="128.31777"/><trkpt lat="36.089189" lon="128.317813"/><trkpt lat="36.089253" lon="128.317834"/><trkpt lat="36.08929" lon="128.317852"/><trkpt lat="36.089322" lon="128.317878"/><trkpt lat="36.089373" lon="128.317929"/><trkpt lat="36.089594" lon="128.318166"/><trkpt lat="36.089637" lon="128.318204"/><trkpt lat="36.089671" lon="128.318228"/><trkpt lat="36.089756" lon="128.318276"/><trkpt lat="36.089805" lon="128.318298"/><trkpt lat="36.089843" lon="128.318308"/><trkpt lat="36.08988" lon="128.318309"/><trkpt lat="36.089955" lon="128.318307"/><trkpt lat="36.089992" lon="128.318315"/><trkpt lat="36.090028" lon="128.318332"/><trkpt lat="36.090098" lon="128.318375"/><trkpt lat="36.090367" lon="128.318549"/><trkpt lat="36.090457" lon="128.318516"/><trkpt lat="36.0905" lon="128.318505"/><trkpt lat="36.090536" lon="128.318504"/><trkpt lat="36.090571" lon="128.318519"/><trkpt lat="36.090606" lon="128.318543"/><trkpt lat="36.090745" lon="128.318646"/><trkpt lat="36.090792" lon="128.318678"/><trkpt lat="36.09083" lon="128.318697"/><trkpt lat="36.090869" lon="128.318709"/><trkpt lat="36.090946" lon="128.318732"/><trkpt lat="36.090977" lon="128.318749"/><trkpt lat="36.090984" lon="128.318758"/></trkseg>
<trkseg><trkpt lat="36.088499" lon="128.315922"/><trkpt lat="36.088516" lon="128.315856"/><trkpt lat="36.088532" lon="128.315816"/><trkpt lat="36.088577" lon="128.315722"/><trkpt lat="36.088592" lon="128.315679"/><trkpt lat="36.088602" lon="128.315633"/><trkpt lat="36.088609" lon="128.315586"/><trkpt lat="36.08861" lon="128.315539"/><trkpt lat="36.088607" lon="128.315461"/><trkpt lat="36.088616" lon="128.315418"/><trkpt lat="36.08864" lon="128.315348"/><trkpt lat="36.088646" lon="128.315311"/><trkpt lat="36.08865" lon="128.315267"/><trkpt lat="36.088666" lon="128.315228"/><trkpt lat="36.088687" lon="128.315188"/><trkpt lat="36.088719" lon="128.315137"/><trkpt lat="36.088745" lon="128.315102"/><trkpt lat="36.088792" lon="128.315065"/><trkpt lat="36.088811" lon="128.315043"/><trkpt lat="36.088811" lon="128.31501"/><trkpt lat="36.0888" lon="128.314942"/><trkpt lat="36.088807" lon="128.3149"/><trkpt lat="36.088821" lon="128.314858"/><trkpt lat="36.088854" lon="128.314774"/><trkpt lat="36.088866" lon="128.314732"/><trkpt lat="36.088867" lon="128.314688"/><trkpt lat="36.088857" lon="128.314612"/><trkpt lat="36.088856" lon="128.314566"/><trkpt lat="36.088861" lon="128.314518"/><trkpt lat="36.088898" lon="128.314312"/></trkseg>
<trkseg><trkpt lat="36.088898" lon="128.314312"/><trkpt lat="36.088896" lon="128.314313"/></trkseg>
<trkseg><trkpt lat="36.088898" lon="128.314312"/><trkpt lat="36.088926" lon="128.314268"/><trkpt lat="36.088951" lon="128.314215"/><trkpt lat="36.088965" lon="128.314162"/><trkpt lat="36.088973" lon="128.314115"/><trkpt lat="36.088976" lon="128.314067"/><trkpt lat="36.088972" lon="128.314022"/><trkpt lat="36.088957" lon="128.313979"/><trkpt lat="36.088926" lon="128.313909"/><trkpt lat="36.088855" lon="128.313756"/><trkpt lat="36.088839" lon="128.313713"/><trkpt lat="36.088829" lon="128.313667"/><trkpt lat="36.08882" lon="128.313585"/><trkpt lat="36.088808" lon="128.313437"/><trkpt lat="36.088805" lon="128.313354"/><trkpt lat="36.088807" lon="128.313305"/><trkpt lat="36.088821" lon="128.313194"/><trkpt lat="36.088823" lon="128.313149"/><trkpt lat="36.088814" lon="128.313107"/><trkpt lat="36.088791" lon="128.313071"/><trkpt lat="36.088743" lon="128.313015"/><trkpt lat="36.088642" lon="128.312905"/><trkpt lat="36.088614" lon="128.312869"/><trkpt lat="36.088593" lon="128.312829"/><trkpt lat="36.088575" lon="128.312786"/><trkpt lat="36.088453" lon="128.312428"/><trkpt lat="36.088436" lon="128.312367"/><trkpt lat="36.088416" lon="128.312272"/><trkpt lat="36.088377" lon="128.312063"/><trkpt lat="36.088372" lon="128.312016"/><trkpt lat="36.088374" lon="128.311972"/><trkpt lat="36.088387" lon="128.311934"/><trkpt lat="36.088408" lon="128.311884"/><trkpt lat="36.088411" lon="128.311844"/><trkpt lat="36.088402" lon="128.3118"/><trkpt lat="36.088388" lon="128.311756"/><trkpt lat="36.088369" lon="128.311715"/><trkpt lat="36.088345" lon="128.311678"/><trkpt lat="36.088295" lon="128.31161"/><trkpt lat="36.08828" lon="128.311573"/><trkpt lat="36.08828" lon="128.311535"/><trkpt lat="36.08829" lon="128.31148"/><trkpt lat="36.088291" lon="128.311441"/><trkpt lat="36.088279" lon="128.311402"/><trkpt lat="36.088254" lon="128.311352"/><trkpt lat="36.08824" lon="128.311311"/></trkseg>
<trkseg><trkpt lat="36.08824" lon="128.311311"/><trkpt lat="36.088233" lon="128.311264"/><trkpt lat="36.088226" lon="128.311134"/><trkpt lat="36.08822" lon="128.311071"/><trkpt lat="36.08821" lon="128.311027"/><trkpt lat="36.088191" lon="128.310992"/><trkpt lat="36.088165" lon="128.310948"/><trkpt lat="36.088156" lon="128.310912"/><trkpt lat="36.088166" lon="128.310844"/><trkpt lat="36.088166" lon="128.310809"/><trkpt lat="36.088147" lon="128.310788"/><trkpt lat="36.088109" lon="128.310764"/><trkpt lat="36.088084" lon="128.310738"/><trkpt lat="36.088064" lon="128.310702"/><trkpt lat="36.088035" lon="128.310634"/><trkpt lat="36.088013" lon="128.310595"/><trkpt lat="36.087985" lon="128.310561"/><trkpt lat="36.087924" lon="128.310498"/><trkpt lat="36.087623" lon="128.310199"/><trkpt lat="36.087585" lon="128.310156"/><trkpt lat="36.087563" lon="128.31012"/><trkpt lat="36.087555" lon="128.310077"/><trkpt lat="36.087553" lon="128.310029"/><trkpt lat="36.087554" lon="128.3099"/><trkpt lat="36.087552" lon="128.309852"/><trkpt lat="36.087542" lon="128.309806"/><trkpt lat="36.087527" lon="128.309762"/><trkpt lat="36.087445" lon="128.309559"/><trkpt lat="36.087424" lon="128.3095"/><trkpt lat="36.087411" lon="128.309454"/><trkpt lat="36.087399" lon="128.309391"/><trkpt lat="36.087382" lon="128.309279"/><trkpt lat="36.08737" lon="128.309236"/><trkpt lat="36.08735" lon="128.309202"/><trkpt lat="36.087318" lon="128.309182"/><trkpt lat="36.087282" lon="128.309167"/><trkpt lat="36.087244" lon="128.309156"/><trkpt lat="36.087208" lon="128.309151"/><trkpt lat="36.087128" lon="128.309105"/><trkpt lat="36.087116" lon="128.309066"/><trkpt lat="36.087088" lon="128.309017"/><trkpt lat="36.08707" lon="128.30898"/><trkpt lat="36.087067" lon="128.308939"/><trkpt lat="36.087078" lon="128.308897"/><trkpt lat="36.087097" lon="128.308858"/><trkpt lat="36.087124" lon="128.308829"/><trkpt lat="36.087173" lon="128.308748"/><trkpt lat="36.087177" lon="128.308702"/><trkpt lat="36.087188" lon="128.308655"/><trkpt lat="36.087214" lon="128.308562"/><trkpt lat="36.087219" lon="128.308517"/><trkpt lat="36.087209" lon="128.308478"/><trkpt lat="36.087181" lon="128.308431"/><trkpt lat="36.087162" lon="128.308396"/><trkpt lat="36.087158" lon="128.308357"/><trkpt lat="36.087165" lon="128.308316"/><trkpt lat="36.087182" lon="128.308243"/><trkpt lat="36.087188" lon="128.308196"/><trkpt lat="36.087189" lon="128.308147"/><trkpt lat="36.087185" lon="128.308066"/><trkpt lat="36.087178" lon="128.30802"/><trkpt lat="36.087162" lon="128.30797"/><trkpt lat="36.087156" lon="128.307932"/><trkpt lat="36.087164" lon="128.30789"/><trkpt lat="36.087178" lon="128.307831"/><trkpt lat="36.087178" lon="128.307789"/><trkpt lat="36.087163" lon="128.307748"/><trkpt lat="36.087141" lon="128.307711"/><trkpt lat="36.087113" lon="128.307681"/><trkpt lat="36.087078" lon="128.307663"/><trkpt lat="36.087014" lon="128.307644"/><trkpt lat="36.086981" lon="128.307628"/><trkpt lat="36.08696" lon="128.307602"/><trkpt lat="36.086934" lon="128.307557"/><trkpt lat="36.086899" lon="128.307511"/><trkpt lat="36.086805" lon="128.307398"/><trkpt lat="36.086759" lon="128.307341"/><trkpt lat="36.086736" lon="128.307306"/><trkpt lat="36.086718" lon="128.307257"/><trkpt lat="36.086702" lon="128.307227"/><trkpt lat="36.086674" lon="128.307199"/><trkpt lat="36.086659" lon="128.307169"/><trkpt lat="36.086654" lon="128.307131"/><trkpt lat="36.086663" lon="128.307096"/><trkpt lat="36.08669" lon="128.307056"/><trkpt lat="36.086707" lon="128.307025"/><trkpt lat="36.086708" lon="128.306985"/><trkpt lat="36.086699" lon="128.306941"/><trkpt lat="36.086686" lon="128.306897"/><trkpt lat="36.08667" lon="128.306857"/><trkpt lat="36.086649" lon="128.306829"/><trkpt lat="36.086619" lon="128.306823"/><trkpt lat="36.086583" lon="128.30683"/><trkpt lat="36.086521" lon="128.306843"/><trkpt lat="36.086486" lon="128.306842"/><trkpt lat="36.086452" lon="128.306823"/><trkpt lat="36.086421" lon="128.306795"/><trkpt lat="36.086393" lon="128.306762"/><trkpt lat="36.086373" lon="128.306726"/><trkpt lat="36.086368" lon="128.306687"/><trkpt lat="36.08637" lon="128.306621"/><trkpt lat="36.086355" lon="128.306595"/><trkpt lat="36.08633" lon="128.30658"/><trkpt lat="36.086286" lon="128.306575"/><trkpt lat="36.086255" lon="128.306558"/><trkpt lat="36.086228" lon="128.306527"/><trkpt lat="36.086193" lon="128.306479"/><trkpt lat="36.086058" lon="128.306278"/><trkpt lat="36.086036" lon="128.306239"/><trkpt lat="36.08602" lon="128.306196"/><trkpt lat="36.086011" lon="128.30615"/><trkpt lat="36.085992" lon="128.305909"/><trkpt lat="36.085979" lon="128.305764"/><trkpt lat="36.085971" lon="128.305717"/><trkpt lat="36.085952" lon="128.30564"/><trkpt lat="36.085901" lon="128.305457"/><trkpt lat="36.085887" lon="128.305396"/><trkpt lat="36.085881" lon="128.30535"/><trkpt lat="36.085886" lon="128.305305"/><trkpt lat="36.085895" lon="128.305259"/><trkpt lat="36.085912" lon="128.305199"/><trkpt lat="36.085928" lon="128.305156"/><trkpt lat="36.085949" lon="128.305117"/><trkpt lat="36.085991" lon="128.305056"/><trkpt lat="36.086092" lon="128.30491"/><trkpt lat="36.086114" lon="128.304872"/><trkpt lat="36.086134" lon="128.304829"/><trkpt lat="36.086172" lon="128.304741"/><trkpt lat="36.086195" lon="128.304701"/><trkpt lat="36.086224" lon="128.304669"/><trkpt lat="36.086276" lon="128.304623"/><trkpt lat="36.086299" lon="128.304594"/><trkpt lat="36.086303" lon="128.30456"/><trkpt lat="36.08628" lon="128.304482"/><trkpt lat="36.086271" lon="128.304439"/><trkpt lat="36.086269" lon="128.304391"/><trkpt lat="36.086274" lon="128.304292"/><trkpt lat="36.086302" lon="128.303867"/><trkpt lat="36.086301" lon="128.303819"/><trkpt lat="36.086293" lon="128.303774"/><trkpt lat="36.086267" lon="128.303688"/><trkpt lat="36.086254" lon="128.303645"/><trkpt lat="36.086246" lon="128.303598"/><trkpt lat="36.086239" lon="128.303534"/><trkpt lat="36.086345" lon="128.303095"/><trkpt lat="36.086472" lon="128.302881"/><trkpt lat="36.086498" lon="128.302845"/><trkpt lat="36.086529" lon="128.302817"/><trkpt lat="36.086574" lon="128.302788"/><trkpt lat="36.086669" lon="128.302734"/><trkpt lat="36.086703" lon="128.30271"/><trkpt lat="36.086758" lon="128.302663"/><trkpt lat="36.08693" lon="128.302504"/><trkpt lat="36.086974" lon="128.302469"/><trkpt lat="36.08701" lon="128.30245"/><trkpt lat="36.087049" lon="128.302441"/><trkpt lat="36.087113" lon="128.302428"/><trkpt lat="36.087147" lon="128.302413"/><trkpt lat="36.087174" lon="128.302384"/><trkpt lat="36.087197" lon="128.302346"/><trkpt lat="36.087261" lon="128.302225"/><trkpt lat="36.087284" lon="128.302187"/><trkpt lat="36.08731" lon="128.302154"/><trkpt lat="36.087343" lon="128.302131"/><trkpt lat="36.087392" lon="128.302108"/><trkpt lat="36.087736" lon="128.301973"/><trkpt lat="36.087772" lon="128.301955"/><trkpt lat="36.087804" lon="128.301931"/><trkpt lat="36.087826" lon="128.301894"/><trkpt lat="36.087844" lon="128.301852"/><trkpt lat="36.088003" lon="128.3014"/><trkpt lat="36.088031" lon="128.301326"/><trkpt lat="36.088052" lon="128.301284"/><trkpt lat="36.088076" lon="128.30125"/><trkpt lat="36.088113" lon="128.301208"/><trkpt lat="36.088172" lon="128.301149"/><trkpt lat="36.088204" lon="128.301123"/><trkpt lat="36.088262" lon="128.301083"/><trkpt lat="36.088545" lon="128.300904"/><trkpt lat="36.088579" lon="128.300879"/><trkpt lat="36.088611" lon="128.300849"/><trkpt lat="36.088772" lon="128.300674"/><trkpt lat="36.088833" lon="128.300611"/><trkpt lat="36.088867" lon="128.300586"/><trkpt lat="36.088904" lon="128.300567"/><trkpt lat="36.08934" lon="128.3004"/><trkpt lat="36.08939" lon="128.300378"/><trkpt lat="36.089425" lon="128.300357"/><trkpt lat="36.089455" lon="128.300326"/><trkpt lat="36.08951" lon="128.300253"/><trkpt lat="36.089547" lon="128.300206"/><trkpt lat="36.089578" lon="128.300178"/><trkpt lat="36.089613" lon="128.300164"/><trkpt lat="36.089665" lon="128.300155"/><trkpt lat="36.090034" lon="128.300113"/><trkpt lat="36.0901" lon="128.300104"/><trkpt lat="36.090138" lon="128.300095"/><trkpt lat="36.090174" lon="128.300078"/><trkpt lat="36.090242" lon="128.300036"/><trkpt lat="36.090277" lon="128.30002"/><trkpt lat="36.090314" lon="128.300015"/><trkpt lat="36.090377" lon="128.300011"/><trkpt lat="36.090408" lon="128.299996"/><trkpt lat="36.090448" lon="128.299945"/><trkpt lat="36.090474" lon="128.299918"/><trkpt lat="36.090507" lon="128.299905"/><trkpt lat="36.09055" lon="128.299892"/><trkpt lat="36.090572" lon="128.299867"/><trkpt lat="36.090601" lon="128.299815"/><trkpt lat="36.090631" lon="128.2998"/><trkpt lat="36.090668" lon="128.299794"/><trkpt lat="36.090733" lon="128.299788"/><trkpt lat="36.090771" lon="128.29978"/><trkpt lat="36.090805" lon="128.299762"/><trkpt lat="36.090836" lon="128.299737"/><trkpt lat="36.090862" lon="128.299705"/><trkpt lat="36.0909" lon="128.299648"/><trkpt lat="36.090928" lon="128.299639"/><trkpt lat="36.090963" lon="128.299648"/><trkpt lat="36.091025" lon="128.299672"/><trkpt lat="36.091062" lon="128.299681"/><trkpt lat="36.091098" lon="128.299674"/><trkpt lat="36.091133" lon="128.299654"/><trkpt lat="36.091202" lon="128.299602"/><trkpt lat="36.091375" lon="128.29947"/><trkpt lat="36.09141" lon="128.299449"/><trkpt lat="36.091446" lon="128.29944"/><trkpt lat="36.091483" lon="128.299447"/><trkpt lat="36.091533" lon="128.299464"/><trkpt lat="36.091848" lon="128.299585"/></trkseg>
<trkseg><trkpt lat="36.09662" lon="128.316862"/><trkpt lat="36.096453" lon="128.316109"/><trkpt lat="36.096224" lon="128.315478"/><trkpt lat="36.095902" lon="128.315013"/><trkpt lat="36.095749" lon="128.314467"/><trkpt lat="36.095479" lon="128.314088"/><trkpt lat="36.095126" lon="128.313698"/><trkpt lat="36.094994" lon="128.313274"/><trkpt lat="36.094693" lon="128.312997"/><trkpt lat="36.094468" lon="128.312713"/><trkpt lat="36.094337" lon="128.312186"/><trkpt lat="36.094215" lon="128.311519"/><trkpt lat="36.093908" lon="128.311045"/></trkseg>
<trkseg><trkpt lat="36.094132" lon="128.316277"/><trkpt lat="36.094571" lon="128.316471"/><trkpt lat="36.095102" lon="128.316621"/><trkpt lat="36.095509" lon="128.316927"/><trkpt lat="36.09608" lon="128.316815"/><trkpt lat="36.096353" lon="128.316885"/></trkseg>
<trkseg><trkpt lat="36.093425" lon="128.315626"/><trkpt lat="36.094132" lon="128.316277"/></trkseg>
<trkseg><trkpt lat="36.096048" lon="128.318552"/><trkpt lat="36.096399" lon="128.318564"/></trkseg>
<trkseg><trkpt lat="36.096399" lon="128.318564"/><trkpt lat="36.097392" lon="128.318936"/><trkpt lat="36.098235" lon="128.319316"/></trkseg>
<trkseg><trkpt lat="36.098235" lon="128.319316"/><trkpt lat="36.098853" lon="128.319803"/><trkpt lat="36.099299" lon="128.320017"/><trkpt lat="36.0995" lon="128.320451"/><trkpt lat="36.09994" lon="128.320515"/><trkpt lat="36.100347" lon="128.320868"/><trkpt lat="36.100649" lon="128.321002"/><trkpt lat="36.100855" lon="128.320971"/></trkseg>
<trkseg><trkpt lat="36.098235" lon="128.319316"/><trkpt lat="36.099291" lon="128.319644"/><trkpt lat="36.100146" lon="128.320002"/><trkpt lat="36.101261" lon="128.320316"/></trkseg>
<trkseg><trkpt lat="36.101799" lon="128.319478"/><trkpt lat="36.100188" lon="128.319451"/><trkpt lat="36.099772" lon="128.3192"/><trkpt lat="36.099057" lon="128.319216"/><trkpt lat="36.098709" lon="128.319089"/></trkseg>
<trkseg><trkpt lat="36.097445" lon="128.316519"/><trkpt lat="36.097676" lon="128.317619"/><trkpt lat="36.09837" lon="128.318146"/><trkpt lat="36.098709" lon="128.319089"/></trkseg>
<trkseg><trkpt lat="36.10219" lon="128.318575"/><trkpt lat="36.099397" lon="128.31806"/><trkpt lat="36.097765" lon="128.317162"/><trkpt lat="36.097445" lon="128.316519"/></trkseg>
<trkseg><trkpt lat="36.09662" lon="128.316862"/><trkpt lat="36.097445" lon="128.316519"/></trkseg>
<trkseg><trkpt lat="36.092578" lon="128.301772"/><trkpt lat="36.092432" lon="128.302665"/><trkpt lat="36.092585" lon="128.303191"/><trkpt lat="36.092678" lon="128.303483"/><trkpt lat="36.092639" lon="128.304023"/><trkpt lat="36.092601" lon="128.304378"/><trkpt lat="36.092718" lon="128.304647"/><trkpt lat="36.092865" lon="128.304899"/><trkpt lat="36.092899" lon="128.305327"/><trkpt lat="36.093039" lon="128.305733"/><trkpt lat="36.093114" lon="128.305954"/><trkpt lat="36.093011" lon="128.306112"/><trkpt lat="36.093046" lon="128.306451"/><trkpt lat="36.092998" lon="128.306819"/><trkpt lat="36.093055" lon="128.307342"/><trkpt lat="36.092974" lon="128.307697"/><trkpt lat="36.093051" lon="128.308179"/><trkpt lat="36.093201" lon="128.308543"/><trkpt lat="36.093459" lon="128.308791"/><trkpt lat="36.093603" lon="128.309197"/><trkpt lat="36.093744" lon="128.309603"/><trkpt lat="36.09388" lon="128.309872"/><trkpt lat="36.093933" lon="128.310301"/><trkpt lat="36.093956" lon="128.310835"/><trkpt lat="36.093908" lon="128.311045"/></trkseg>
<trkseg><trkpt lat="36.092089" lon="128.297223"/><trkpt lat="36.092066" lon="128.29726"/><trkpt lat="36.091991" lon="128.297355"/><trkpt lat="36.091956" lon="128.297403"/><trkpt lat="36.091938" lon="128.297443"/><trkpt lat="36.091932" lon="128.297487"/><trkpt lat="36.091934" lon="128.297534"/><trkpt lat="36.091939" lon="128.297629"/><trkpt lat="36.091936" lon="128.297674"/><trkpt lat="36.091922" lon="128.297713"/><trkpt lat="36.09189" lon="128.297773"/><trkpt lat="36.091884" lon="128.29782"/><trkpt lat="36.091876" lon="128.297857"/><trkpt lat="36.091859" lon="128.297896"/><trkpt lat="36.091814" lon="128.297972"/><trkpt lat="36.091786" lon="128.298023"/><trkpt lat="36.091773" lon="128.298064"/><trkpt lat="36.091762" lon="128.298135"/><trkpt lat="36.091749" lon="128.29818"/><trkpt lat="36.091708" lon="128.298283"/><trkpt lat="36.091686" lon="128.298341"/><trkpt lat="36.091677" lon="128.298386"/><trkpt lat="36.091675" lon="128.298431"/><trkpt lat="36.091673" lon="128.298505"/><trkpt lat="36.091666" lon="128.298549"/><trkpt lat="36.09165" lon="128.29862"/><trkpt lat="36.091651" lon="128.29868"/><trkpt lat="36.091648" lon="128.298717"/><trkpt lat="36.091633" lon="128.298781"/><trkpt lat="36.091629" lon="128.298822"/><trkpt lat="36.091628" lon="128.298876"/><trkpt lat="36.091619" lon="128.298911"/><trkpt lat="36.091604" lon="128.298954"/><trkpt lat="36.09161" lon="128.298986"/><trkpt lat="36.091635" lon="128.299033"/><trkpt lat="36.091646" lon="128.299074"/><trkpt lat="36.091649" lon="128.299118"/><trkpt lat="36.091649" lon="128.299227"/><trkpt lat="36.091653" lon="128.299272"/><trkpt lat="36.091667" lon="128.299314"/><trkpt lat="36.091688" lon="128.299352"/><trkpt lat="36.091806" lon="128.299525"/><trkpt lat="36.091848" lon="128.299585"/></trkseg>
<trkseg><trkpt lat="36.092089" lon="128.297223"/><trkpt lat="36.092499" lon="128.298032"/><trkpt lat="36.09308" lon="128.298368"/><trkpt lat="36.09379" lon="128.29841"/></trkseg>
<trkseg><trkpt lat="36.094087" lon="128.299026"/><trkpt lat="36.09344" lon="128.299725"/><trkpt lat="36.093011" lon="128.300118"/></trkseg>
<trkseg><trkpt lat="36.096772" lon="128.29835"/><trkpt lat="36.09612" lon="128.297821"/><trkpt lat="36.095395" lon="128.297224"/><trkpt lat="36.095169" lon="128.297062"/></trkseg>
<trkseg><trkpt lat="36.095169" lon="128.297062"/><trkpt lat="36.094727" lon="128.297303"/><trkpt lat="36.094614" lon="128.298494"/><trkpt lat="36.094087" lon="128.299026"/></trkseg>
</trk>
</gpx>
