<?xml version="1.0" encoding="UTF-8"?>
<gpx version="1.1" creator="letnaturechoose" xmlns="http://www.topografix.com/GPX/1/1">
<metadata><name>광제봉 등산로</name></metadata>
<trk><name>광제봉</name>
<trkseg><trkpt lat="35.296253" lon="128.027376"/><trkpt lat="35.296449" lon="128.027372"/><trkpt lat="35.296488" lon="128.027376"/><trkpt lat="35.296526" lon="128.027386"/><trkpt lat="35.296613" lon="128.027416"/><trkpt lat="35.296761" lon="128.027473"/><trkpt lat="35.296823" lon="128.027503"/><trkpt lat="35.297363" lon="128.027798"/><trkpt lat="35.297435" lon="128.02784"/><trkpt lat="35.297468" lon="128.027867"/><trkpt lat="35.297507" lon="128.027912"/><trkpt lat="35.297716" lon="128.028191"/><trkpt lat="35.29777" lon="128.028265"/><trkpt lat="35.297794" lon="128.028304"/><trkpt lat="35.297836" lon="128.028385"/><trkpt lat="35.29803" lon="128.028786"/><trkpt lat="35.298134" lon="128.029025"/><trkpt lat="35.298175" lon="128.029124"/><trkpt lat="35.298201" lon="128.0292"/><trkpt lat="35.298544" lon="128.030305"/></trkseg>
<trkseg><trkpt lat="35.29675" lon="128.043582"/><trkpt lat="35.296784" lon="128.043531"/><trkpt lat="35.296818" lon="128.043485"/><trkpt lat="35.29685" lon="128.043459"/><trkpt lat="35.296885" lon="128.04345"/><trkpt lat="35.296923" lon="128.04345"/><trkpt lat="35.297001" lon="128.043456"/><trkpt lat="35.297066" lon="128.043468"/><trkpt lat="35.297337" lon="128.043537"/><trkpt lat="35.297383" lon="128.043553"/><trkpt lat="35.297404" lon="128.043569"/><trkpt lat="35.297408" lon="128.043588"/><trkpt lat="35.297416" lon="128.043602"/><trkpt lat="35.297442" lon="128.043605"/><trkpt lat="35.29749" lon="128.043602"/><trkpt lat="35.297606" lon="128.04359"/><trkpt lat="35.297644" lon="128.043591"/><trkpt lat="35.297683" lon="128.043598"/><trkpt lat="35.297761" lon="128.04362"/><trkpt lat="35.2978" lon="128.043627"/><trkpt lat="35.297839" lon="128.043626"/><trkpt lat="35.297997" lon="128.0436"/><trkpt lat="35.29805" lon="128.043593"/><trkpt lat="35.298089" lon="128.043594"/><trkpt lat="35.298127" lon="128.043606"/><trkpt lat="35.298214" lon="128.043649"/><trkpt lat="35.298499" lon="128.043798"/><trkpt lat="35.298536" lon="128.043814"/><trkpt lat="35.298573" lon="128.043822"/><trkpt lat="35.298608" lon="128.04382"/><trkpt lat="35.298643" lon="128.043812"/><trkpt lat="35.298681" lon="128.043799"/><trkpt lat="35.298857" lon="128.043716"/><trkpt lat="35.299059" lon="128.043621"/><trkpt lat="35.299093" lon="128.0436"/><trkpt lat="35.299116" lon="128.043578"/><trkpt lat="35.299127" lon="128.043555"/><trkpt lat="35.299138" lon="128.043521"/><trkpt lat="35.29916" lon="128.043501"/><trkpt lat="35.299193" lon="128.04349"/><trkpt lat="35.299308" lon="128.043477"/><trkpt lat="35.299359" lon="128.043469"/><trkpt lat="35.299395" lon="128.043456"/><trkpt lat="35.299429" lon="128.043435"/><trkpt lat="35.299473" lon="128.043401"/><trkpt lat="35.299592" lon="128.043307"/><trkpt lat="35.299627" lon="128.043285"/><trkpt lat="35.299677" lon="128.043261"/><trkpt lat="35.300341" lon="128.042985"/><trkpt lat="35.300571" lon="128.042888"/><trkpt lat="35.300606" lon="128.042867"/><trkpt lat="35.300639" lon="128.042839"/><trkpt lat="35.3007" lon="128.042776"/><trkpt lat="35.300732" lon="128.042748"/><trkpt lat="35.300767" lon="128.042729"/><trkpt lat="35.300826" lon="128.042708"/><trkpt lat="35.300858" lon="128.042691"/><trkpt lat="35.300882" lon="128.042672"/><trkpt lat="35.300912" lon="128.042662"/><trkpt lat="35.300973" lon="128.042668"/><trkpt lat="35.301011" lon="128.04267"/><trkpt lat="35.301047" lon="128.042659"/><trkpt lat="35.301082" lon="128.042639"/><trkpt lat="35.301185" lon="128.042564"/><trkpt lat="35.301221" lon="128.042543"/><trkpt lat="35.301258" lon="128.042528"/><trkpt lat="35.301298" lon="128.04252"/><trkpt lat="35.301432" lon="128.042501"/><trkpt lat="35.301472" lon="128.042493"/><trkpt lat="35.301509" lon="128.042479"/><trkpt lat="35.301542" lon="128.042457"/><trkpt lat="35.301596" lon="128.042416"/><trkpt lat="35.301631" lon="128.042398"/><trkpt lat="35.301707" lon="128.042371"/><trkpt lat="35.301743" lon="128.042353"/><trkpt lat="35.301777" lon="128.042331"/><trkpt lat="35.301968" lon="128.04219"/><trkpt lat="35.302012" lon="128.042154"/><trkpt lat="35.302041" lon="128.042123"/><trkpt lat="35.302066" lon="128.042087"/><trkpt lat="35.302158" lon="128.041933"/><trkpt lat="35.302197" lon="128.04187"/><trkpt lat="35.302223" lon="128.041836"/><trkpt lat="35.302254" lon="128.041808"/><trkpt lat="35.302356" lon="128.041737"/><trkpt lat="35.3024" lon="128.041704"/><trkpt lat="35.302429" lon="128.041675"/><trkpt lat="35.302451" lon="128.041637"/><trkpt lat="35.302474" lon="128.041581"/><trkpt lat="35.302523" lon="128.041451"/><trkpt lat="35.302544" lon="128.041415"/><trkpt lat="35.302574" lon="128.041391"/><trkpt lat="35.30261" lon="128.041378"/><trkpt lat="35.302672" lon="128.04136"/><trkpt lat="35.302705" lon="128.041342"/><trkpt lat="35.302737" lon="128.041304"/><trkpt lat="35.302758" lon="128.041284"/><trkpt lat="35.302782" lon="128.041288"/><trkpt lat="35.302832" lon="128.041295"/><trkpt lat="35.302865" lon="128.041303"/><trkpt lat="35.302898" lon="128.041323"/><trkpt lat="35.30293" lon="128.041349"/><trkpt lat="35.303055" lon="128.041467"/><trkpt lat="35.303087" lon="128.041492"/><trkpt lat="35.303119" lon="128.041506"/><trkpt lat="35.303155" lon="128.041502"/><trkpt lat="35.303203" lon="128.041481"/><trkpt lat="35.303301" lon="128.041432"/><trkpt lat="35.303336" lon="128.04142"/><trkpt lat="35.303365" lon="128.04142"/><trkpt lat="35.303398" lon="128.04143"/><trkpt lat="35.303432" lon="128.041427"/><trkpt lat="35.303494" lon="128.041412"/><trkpt lat="35.303568" lon="128.041389"/><trkpt lat="35.303603" lon="128.041372"/><trkpt lat="35.303633" lon="128.041345"/><trkpt lat="35.303659" lon="128.041311"/><trkpt lat="35.30378" lon="128.041123"/><trkpt lat="35.303809" lon="128.041071"/><trkpt lat="35.303827" lon="128.041029"/><trkpt lat="35.303839" lon="128.040984"/><trkpt lat="35.303871" lon="128.040812"/><trkpt lat="35.303883" lon="128.040767"/><trkpt lat="35.303899" lon="128.040726"/><trkpt lat="35.303926" lon="128.040694"/><trkpt lat="35.303961" lon="128.040648"/><trkpt lat="35.303968" lon="128.040584"/><trkpt lat="35.303967" lon="128.040561"/><trkpt lat="35.30398" lon="128.040537"/><trkpt lat="35.304008" lon="128.04051"/><trkpt lat="35.304099" lon="128.040444"/><trkpt lat="35.304145" lon="128.04041"/><trkpt lat="35.304175" lon="128.04038"/><trkpt lat="35.304202" lon="128.040343"/><trkpt lat="35.304268" lon="128.04024"/><trkpt lat="35.304295" lon="128.040205"/><trkpt lat="35.304326" lon="128.040175"/><trkpt lat="35.304371" lon="128.040139"/><trkpt lat="35.304541" lon="128.04001"/><trkpt lat="35.304585" lon="128.039973"/><trkpt lat="35.304616" lon="128.039942"/><trkpt lat="35.304652" lon="128.039894"/><trkpt lat="35.304814" lon="128.039652"/><trkpt lat="35.304849" lon="128.039602"/><trkpt lat="35.304877" lon="128.039568"/><trkpt lat="35.304946" lon="128.039496"/><trkpt lat="35.305096" lon="128.039342"/><trkpt lat="35.305124" lon="128.039309"/><trkpt lat="35.305149" lon="128.039272"/><trkpt lat="35.305218" lon="128.039154"/><trkpt lat="35.305269" lon="128.03906"/><trkpt lat="35.305288" lon="128.039018"/><trkpt lat="35.305307" lon="128.038958"/><trkpt lat="35.305352" lon="128.03879"/><trkpt lat="35.305367" lon="128.038729"/><trkpt lat="35.305374" lon="128.038682"/><trkpt lat="35.30538" lon="128.038585"/><trkpt lat="35.305394" lon="128.038328"/><trkpt lat="35.3054" lon="128.038281"/><trkpt lat="35.30541" lon="128.038235"/><trkpt lat="35.305451" lon="128.038116"/><trkpt lat="35.305475" lon="128.038042"/><trkpt lat="35.305484" lon="128.037997"/><trkpt lat="35.305488" lon="128.037946"/><trkpt lat="35.305498" lon="128.037905"/><trkpt lat="35.305517" lon="128.037864"/><trkpt lat="35.305656" lon="128.037626"/><trkpt lat="35.305812" lon="128.037362"/><trkpt lat="35.305838" lon="128.037327"/><trkpt lat="35.305868" lon="128.037295"/><trkpt lat="35.305993" lon="128.037175"/><trkpt lat="35.306033" lon="128.037132"/><trkpt lat="35.306067" lon="128.037084"/><trkpt lat="35.306178" lon="128.036905"/><trkpt lat="35.306224" lon="128.036828"/><trkpt lat="35.306244" lon="128.036787"/><trkpt lat="35.306258" lon="128.036742"/><trkpt lat="35.306293" lon="128.036602"/><trkpt lat="35.306306" lon="128.036556"/><trkpt lat="35.306324" lon="128.036515"/><trkpt lat="35.306363" lon="128.036437"/><trkpt lat="35.306374" lon="128.036393"/><trkpt lat="35.306384" lon="128.036315"/><trkpt lat="35.306395" lon="128.036271"/><trkpt lat="35.306415" lon="128.036233"/><trkpt lat="35.30646" lon="128.036175"/><trkpt lat="35.306484" lon="128.036139"/><trkpt lat="35.306502" lon="128.036096"/><trkpt lat="35.306522" lon="128.036036"/><trkpt lat="35.306596" lon="128.035773"/><trkpt lat="35.306611" lon="128.035729"/><trkpt lat="35.306632" lon="128.035688"/><trkpt lat="35.306659" lon="128.035653"/><trkpt lat="35.306801" lon="128.035501"/><trkpt lat="35.307187" lon="128.035089"/><trkpt lat="35.307238" lon="128.035036"/><trkpt lat="35.307271" lon="128.035008"/><trkpt lat="35.307317" lon="128.034975"/><trkpt lat="35.307612" lon="128.03478"/><trkpt lat="35.307657" lon="128.034746"/><trkpt lat="35.307685" lon="128.034715"/><trkpt lat="35.30771" lon="128.034677"/><trkpt lat="35.307774" lon="128.034568"/><trkpt lat="35.307775" lon="128.034566"/></trkseg>
<trkseg><trkpt lat="35.312022" lon="128.034709"/><trkpt lat="35.312104" lon="128.034678"/><trkpt lat="35.312075" lon="128.034638"/><trkpt lat="35.312038" lon="128.034636"/><trkpt lat="35.311757" lon="128.034652"/><trkpt lat="35.311624" lon="128.034659"/><trkpt lat="35.311532" lon="128.034657"/><trkpt lat="35.31148" lon="128.034652"/><trkpt lat="35.311444" lon="128.034641"/><trkpt lat="35.311401" lon="128.034614"/><trkpt lat="35.311367" lon="128.034598"/><trkpt lat="35.311329" lon="128.03459"/><trkpt lat="35.311262" lon="128.034586"/><trkpt lat="35.310981" lon="128.03458"/><trkpt lat="35.310887" lon="128.034587"/><trkpt lat="35.309847" lon="128.034684"/><trkpt lat="35.309794" lon="128.034691"/><trkpt lat="35.309741" lon="128.034704"/><trkpt lat="35.309269" lon="128.034845"/><trkpt lat="35.309216" lon="128.034858"/><trkpt lat="35.309176" lon="128.034864"/><trkpt lat="35.308896" lon="128.034871"/><trkpt lat="35.308617" lon="128.034877"/><trkpt lat="35.308554" lon="128.034872"/><trkpt lat="35.308516" lon="128.034866"/><trkpt lat="35.30848" lon="128.034853"/><trkpt lat="35.30842" lon="128.034821"/><trkpt lat="35.308313" lon="128.03476"/><trkpt lat="35.308277" lon="128.034742"/><trkpt lat="35.3082" lon="128.034713"/><trkpt lat="35.307775" lon="128.034566"/></trkseg>
<trkseg><trkpt lat="35.260349" lon="128.03264"/><trkpt lat="35.260345" lon="128.032619"/><trkpt lat="35.260349" lon="128.032579"/><trkpt lat="35.260375" lon="128.032546"/><trkpt lat="35.260412" lon="128.032532"/><trkpt lat="35.260504" lon="128.032512"/><trkpt lat="35.260542" lon="128.032508"/><trkpt lat="35.26058" lon="128.032509"/><trkpt lat="35.260616" lon="128.032515"/><trkpt lat="35.260662" lon="128.032535"/><trkpt lat="35.260698" lon="128.032542"/><trkpt lat="35.260736" lon="128.03254"/><trkpt lat="35.260826" lon="128.032526"/><trkpt lat="35.260863" lon="128.032525"/><trkpt lat="35.260896" lon="128.032537"/><trkpt lat="35.260925" lon="128.032566"/><trkpt lat="35.260969" lon="128.032624"/><trkpt lat="35.260998" lon="128.032655"/><trkpt lat="35.261052" lon="128.032693"/><trkpt lat="35.261083" lon="128.032719"/><trkpt lat="35.26111" lon="128.032753"/><trkpt lat="35.261152" lon="128.032816"/><trkpt lat="35.261315" lon="128.033077"/><trkpt lat="35.261336" lon="128.033118"/><trkpt lat="35.261351" lon="128.033161"/><trkpt lat="35.261371" lon="128.033235"/><trkpt lat="35.261406" lon="128.03337"/><trkpt lat="35.261421" lon="128.033412"/><trkpt lat="35.261444" lon="128.033449"/><trkpt lat="35.261473" lon="128.03348"/><trkpt lat="35.261507" lon="128.033504"/><trkpt lat="35.261545" lon="128.03352"/><trkpt lat="35.261688" lon="128.033568"/><trkpt lat="35.261858" lon="128.033623"/><trkpt lat="35.261898" lon="128.03363"/><trkpt lat="35.261976" lon="128.033634"/><trkpt lat="35.262027" lon="128.03364"/><trkpt lat="35.262065" lon="128.033653"/><trkpt lat="35.2621" lon="128.033673"/><trkpt lat="35.262134" lon="128.033699"/><trkpt lat="35.262162" lon="128.033732"/><trkpt lat="35.262186" lon="128.033769"/><trkpt lat="35.262223" lon="128.033836"/><trkpt lat="35.26224" lon="128.033878"/><trkpt lat="35.262251" lon="128.033921"/><trkpt lat="35.262258" lon="128.033966"/><trkpt lat="35.262258" lon="128.03401"/><trkpt lat="35.262251" lon="128.034057"/><trkpt lat="35.262221" lon="128.034166"/><trkpt lat="35.262209" lon="128.034213"/><trkpt lat="35.262204" lon="128.034261"/><trkpt lat="35.262205" lon="128.034309"/><trkpt lat="35.262231" lon="128.034554"/><trkpt lat="35.262239" lon="128.034619"/><trkpt lat="35.26225" lon="128.034664"/><trkpt lat="35.262269" lon="128.0347"/><trkpt lat="35.262295" lon="128.034727"/><trkpt lat="35.262328" lon="128.034748"/><trkpt lat="35.26239" lon="128.034776"/><trkpt lat="35.262591" lon="128.034856"/><trkpt lat="35.262641" lon="128.034873"/><trkpt lat="35.262679" lon="128.034878"/><trkpt lat="35.262739" lon="128.034876"/><trkpt lat="35.262775" lon="128.034879"/><trkpt lat="35.262813" lon="128.03489"/><trkpt lat="35.26295" lon="128.034948"/><trkpt lat="35.263025" lon="128.03498"/><trkpt lat="35.263063" lon="128.034992"/><trkpt lat="35.2631" lon="128.034999"/><trkpt lat="35.263172" lon="128.035009"/><trkpt lat="35.263208" lon="128.035023"/><trkpt lat="35.263254" lon="128.035052"/><trkpt lat="35.263401" lon="128.03516"/><trkpt lat="35.263436" lon="128.035181"/><trkpt lat="35.263472" lon="128.035195"/><trkpt lat="35.26351" lon="128.0352"/><trkpt lat="35.263574" lon="128.035201"/><trkpt lat="35.263625" lon="128.035197"/><trkpt lat="35.263663" lon="128.035187"/><trkpt lat="35.263727" lon="128.035163"/><trkpt lat="35.263876" lon="128.035098"/><trkpt lat="35.263909" lon="128.035064"/><trkpt lat="35.263912" lon="128.035038"/><trkpt lat="35.263928" lon="128.035016"/><trkpt lat="35.263958" lon="128.034993"/><trkpt lat="35.264041" lon="128.03494"/><trkpt lat="35.264209" lon="128.034835"/><trkpt lat="35.264242" lon="128.034809"/><trkpt lat="35.264271" lon="128.034777"/><trkpt lat="35.264303" lon="128.034728"/><trkpt lat="35.264379" lon="128.034598"/><trkpt lat="35.264403" lon="128.034561"/><trkpt lat="35.264431" lon="128.034529"/><trkpt lat="35.264462" lon="128.034501"/><trkpt lat="35.26462" lon="128.034384"/><trkpt lat="35.264789" lon="128.034261"/><trkpt lat="35.264824" lon="128.03424"/><trkpt lat="35.264862" lon="128.034225"/><trkpt lat="35.265047" lon="128.034176"/><trkpt lat="35.265126" lon="128.034154"/><trkpt lat="35.265164" lon="128.034139"/><trkpt lat="35.265214" lon="128.034115"/><trkpt lat="35.265447" lon="128.033993"/><trkpt lat="35.265497" lon="128.03397"/><trkpt lat="35.265535" lon="128.03396"/><trkpt lat="35.265612" lon="128.033951"/><trkpt lat="35.26574" lon="128.033939"/><trkpt lat="35.265777" lon="128.033931"/><trkpt lat="35.265812" lon="128.033913"/><trkpt lat="35.265855" lon="128.033879"/><trkpt lat="35.265939" lon="128.033804"/><trkpt lat="35.26599" lon="128.033755"/><trkpt lat="35.266018" lon="128.033723"/><trkpt lat="35.266044" lon="128.033688"/><trkpt lat="35.266109" lon="128.03359"/><trkpt lat="35.266139" lon="128.03354"/><trkpt lat="35.266157" lon="128.033499"/><trkpt lat="35.266172" lon="128.03344"/><trkpt lat="35.266194" lon="128.033349"/><trkpt lat="35.26621" lon="128.033307"/><trkpt lat="35.266232" lon="128.033267"/><trkpt lat="35.266282" lon="128.033192"/><trkpt lat="35.266442" lon="128.032955"/><trkpt lat="35.266473" lon="128.032903"/><trkpt lat="35.266491" lon="128.032861"/><trkpt lat="35.266515" lon="128.032787"/><trkpt lat="35.266578" lon="128.03256"/><trkpt lat="35.266597" lon="128.0325"/><trkpt lat="35.266615" lon="128.032458"/><trkpt lat="35.266637" lon="128.032417"/><trkpt lat="35.266938" lon="128.03193"/><trkpt lat="35.266969" lon="128.031876"/><trkpt lat="35.266989" lon="128.031834"/><trkpt lat="35.267108" lon="128.031527"/><trkpt lat="35.267134" lon="128.031453"/><trkpt lat="35.267144" lon="128.031407"/><trkpt lat="35.267147" lon="128.031362"/><trkpt lat="35.267145" lon="128.03127"/><trkpt lat="35.267145" lon="128.031209"/><trkpt lat="35.267151" lon="128.031163"/><trkpt lat="35.26717" lon="128.031073"/><trkpt lat="35.267182" lon="128.031031"/><trkpt lat="35.2672" lon="128.030993"/><trkpt lat="35.267225" lon="128.030965"/><trkpt lat="35.267275" lon="128.030925"/><trkpt lat="35.267304" lon="128.030897"/><trkpt lat="35.26733" lon="128.030862"/><trkpt lat="35.267371" lon="128.030803"/><trkpt lat="35.267399" lon="128.030774"/><trkpt lat="35.267431" lon="128.030756"/><trkpt lat="35.267463" lon="128.030747"/><trkpt lat="35.267532" lon="128.030716"/><trkpt lat="35.267561" lon="128.030694"/><trkpt lat="35.267607" lon="128.030667"/><trkpt lat="35.267667" lon="128.030635"/><trkpt lat="35.267705" lon="128.030618"/><trkpt lat="35.268428" lon="128.030373"/><trkpt lat="35.268504" lon="128.030345"/><trkpt lat="35.268541" lon="128.030327"/><trkpt lat="35.268625" lon="128.030278"/><trkpt lat="35.268829" lon="128.030157"/><trkpt lat="35.268878" lon="128.030133"/><trkpt lat="35.268966" lon="128.030103"/><trkpt lat="35.269208" lon="128.030028"/><trkpt lat="35.26926" lon="128.030015"/><trkpt lat="35.269298" lon="128.030011"/><trkpt lat="35.26935" lon="128.030013"/><trkpt lat="35.269455" lon="128.030025"/><trkpt lat="35.269494" lon="128.030026"/><trkpt lat="35.269532" lon="128.030018"/><trkpt lat="35.269581" lon="128.03"/><trkpt lat="35.269789" lon="128.029905"/><trkpt lat="35.269838" lon="128.029887"/><trkpt lat="35.269876" lon="128.02988"/><trkpt lat="35.269915" lon="128.029879"/><trkpt lat="35.270059" lon="128.029882"/><trkpt lat="35.270112" lon="128.029879"/><trkpt lat="35.27015" lon="128.029873"/><trkpt lat="35.270303" lon="128.029834"/><trkpt lat="35.270353" lon="128.029818"/><trkpt lat="35.27039" lon="128.029802"/><trkpt lat="35.27064" lon="128.029662"/><trkpt lat="35.270687" lon="128.029633"/><trkpt lat="35.270721" lon="128.029609"/><trkpt lat="35.270753" lon="128.029579"/><trkpt lat="35.270981" lon="128.029349"/><trkpt lat="35.271054" lon="128.029278"/><trkpt lat="35.271088" lon="128.029252"/><trkpt lat="35.271325" lon="128.0291"/><trkpt lat="35.271979" lon="128.028685"/><trkpt lat="35.272025" lon="128.028652"/><trkpt lat="35.272057" lon="128.028622"/><trkpt lat="35.272158" lon="128.028514"/><trkpt lat="35.27222" lon="128.028451"/><trkpt lat="35.272254" lon="128.028426"/><trkpt lat="35.272291" lon="128.028408"/><trkpt lat="35.272355" lon="128.028384"/><trkpt lat="35.272484" lon="128.028337"/></trkseg>
<trkseg><trkpt lat="35.272484" lon="128.028337"/><trkpt lat="35.272491" lon="128.028525"/><trkpt lat="35.272489" lon="128.028571"/><trkpt lat="35.272481" lon="128.028615"/><trkpt lat="35.272453" lon="128.0287"/><trkpt lat="35.272435" lon="128.028757"/><trkpt lat="35.272428" lon="128.028801"/><trkpt lat="35.272429" lon="128.028845"/><trkpt lat="35.272434" lon="128.028889"/><trkpt lat="35.272443" lon="128.028933"/><trkpt lat="35.272457" lon="128.028977"/><trkpt lat="35.272521" lon="128.029133"/><trkpt lat="35.272554" lon="128.02922"/><trkpt lat="35.272566" lon="128.029264"/><trkpt lat="35.272572" lon="128.02931"/><trkpt lat="35.272576" lon="128.029372"/><trkpt lat="35.272575" lon="128.029417"/><trkpt lat="35.272566" lon="128.02946"/><trkpt lat="35.272545" lon="128.029498"/><trkpt lat="35.27252" lon="128.029533"/><trkpt lat="35.272491" lon="128.029566"/><trkpt lat="35.27246" lon="128.029593"/><trkpt lat="35.272426" lon="128.029616"/><trkpt lat="35.272288" lon="128.029702"/><trkpt lat="35.272255" lon="128.029726"/><trkpt lat="35.272227" lon="128.029756"/><trkpt lat="35.272203" lon="128.029792"/><trkpt lat="35.272156" lon="128.029884"/><trkpt lat="35.272124" lon="128.029952"/><trkpt lat="35.27211" lon="128.029995"/><trkpt lat="35.272102" lon="128.030041"/><trkpt lat="35.272097" lon="128.030121"/><trkpt lat="35.272073" lon="128.03067"/><trkpt lat="35.272074" lon="128.030751"/><trkpt lat="35.272097" lon="128.03109"/><trkpt lat="35.272102" lon="128.031187"/><trkpt lat="35.2721" lon="128.031234"/><trkpt lat="35.272089" lon="128.031278"/><trkpt lat="35.272041" lon="128.031406"/><trkpt lat="35.272021" lon="128.031463"/><trkpt lat="35.272009" lon="128.031508"/><trkpt lat="35.272001" lon="128.031556"/><trkpt lat="35.271983" lon="128.031716"/><trkpt lat="35.271974" lon="128.031812"/><trkpt lat="35.271973" lon="128.03186"/><trkpt lat="35.271978" lon="128.031908"/><trkpt lat="35.271994" lon="128.031988"/><trkpt lat="35.272044" lon="128.032226"/><trkpt lat="35.272054" lon="128.03229"/><trkpt lat="35.272055" lon="128.032338"/><trkpt lat="35.272051" lon="128.032387"/><trkpt lat="35.272029" lon="128.032582"/><trkpt lat="35.272024" lon="128.032648"/><trkpt lat="35.272026" lon="128.032712"/><trkpt lat="35.272037" lon="128.032889"/><trkpt lat="35.272037" lon="128.032935"/><trkpt lat="35.27203" lon="128.032976"/><trkpt lat="35.272007" lon="128.03301"/><trkpt lat="35.271976" lon="128.033039"/><trkpt lat="35.27176" lon="128.033208"/><trkpt lat="35.271704" lon="128.033254"/><trkpt lat="35.271675" lon="128.033286"/><trkpt lat="35.271652" lon="128.033323"/><trkpt lat="35.271627" lon="128.033377"/><trkpt lat="35.271571" lon="128.033501"/><trkpt lat="35.27155" lon="128.033539"/><trkpt lat="35.271523" lon="128.033571"/><trkpt lat="35.271491" lon="128.033599"/><trkpt lat="35.271302" lon="128.033745"/><trkpt lat="35.271247" lon="128.033789"/><trkpt lat="35.271217" lon="128.033818"/><trkpt lat="35.271191" lon="128.033854"/><trkpt lat="35.271163" lon="128.033909"/><trkpt lat="35.271117" lon="128.034009"/><trkpt lat="35.271094" lon="128.034069"/><trkpt lat="35.271082" lon="128.034114"/><trkpt lat="35.271059" lon="128.034224"/><trkpt lat="35.271048" lon="128.034286"/><trkpt lat="35.271045" lon="128.034334"/><trkpt lat="35.271049" lon="128.034379"/><trkpt lat="35.27106" lon="128.03444"/><trkpt lat="35.271081" lon="128.03453"/><trkpt lat="35.271094" lon="128.034573"/><trkpt lat="35.271115" lon="128.034613"/><trkpt lat="35.27114" lon="128.03465"/><trkpt lat="35.271224" lon="128.034756"/><trkpt lat="35.271263" lon="128.0348"/><trkpt lat="35.271296" lon="128.034829"/><trkpt lat="35.271365" lon="128.034878"/><trkpt lat="35.271647" lon="128.035068"/><trkpt lat="35.27168" lon="128.035093"/><trkpt lat="35.271706" lon="128.035121"/><trkpt lat="35.271714" lon="128.035158"/><trkpt lat="35.271708" lon="128.035202"/><trkpt lat="35.271648" lon="128.03542"/><trkpt lat="35.271552" lon="128.035779"/><trkpt lat="35.271543" lon="128.035826"/><trkpt lat="35.271541" lon="128.035873"/><trkpt lat="35.271545" lon="128.035937"/><trkpt lat="35.271599" lon="128.036437"/><trkpt lat="35.271603" lon="128.036501"/><trkpt lat="35.271602" lon="128.036549"/><trkpt lat="35.271596" lon="128.036596"/><trkpt lat="35.271541" lon="128.036861"/><trkpt lat="35.271523" lon="128.036938"/><trkpt lat="35.271508" lon="128.036983"/><trkpt lat="35.271396" lon="128.037245"/><trkpt lat="35.271364" lon="128.037316"/><trkpt lat="35.27134" lon="128.037354"/><trkpt lat="35.271283" lon="128.037416"/><trkpt lat="35.271257" lon="128.037449"/><trkpt lat="35.27124" lon="128.037488"/><trkpt lat="35.27122" lon="128.037559"/><trkpt lat="35.271206" lon="128.037601"/><trkpt lat="35.271186" lon="128.037643"/><trkpt lat="35.271155" lon="128.037696"/><trkpt lat="35.271083" lon="128.037814"/><trkpt lat="35.271049" lon="128.037865"/><trkpt lat="35.271021" lon="128.037899"/><trkpt lat="35.270974" lon="128.037949"/><trkpt lat="35.270937" lon="128.037982"/><trkpt lat="35.270912" lon="128.037999"/><trkpt lat="35.270895" lon="128.038027"/><trkpt lat="35.270867" lon="128.03811"/><trkpt lat="35.270852" lon="128.038152"/><trkpt lat="35.270831" lon="128.038193"/><trkpt lat="35.270781" lon="128.038268"/><trkpt lat="35.270757" lon="128.038306"/><trkpt lat="35.270739" lon="128.038347"/><trkpt lat="35.270728" lon="128.038391"/><trkpt lat="35.270718" lon="128.038453"/><trkpt lat="35.270696" lon="128.038593"/><trkpt lat="35.270685" lon="128.038636"/><trkpt lat="35.270665" lon="128.038672"/><trkpt lat="35.270636" lon="128.038697"/><trkpt lat="35.270555" lon="128.038746"/><trkpt lat="35.270521" lon="128.038768"/><trkpt lat="35.270494" lon="128.038793"/><trkpt lat="35.270481" lon="128.038829"/><trkpt lat="35.27048" lon="128.038873"/><trkpt lat="35.270484" lon="128.038937"/><trkpt lat="35.270517" lon="128.039305"/><trkpt lat="35.27052" lon="128.039369"/><trkpt lat="35.270517" lon="128.039433"/><trkpt lat="35.270492" lon="128.03969"/><trkpt lat="35.270483" lon="128.039753"/><trkpt lat="35.27047" lon="128.039796"/><trkpt lat="35.27045" lon="128.039836"/><trkpt lat="35.270379" lon="128.039951"/><trkpt lat="35.27035" lon="128.040003"/><trkpt lat="35.270335" lon="128.040044"/><trkpt lat="35.27033" lon="128.040089"/><trkpt lat="35.270328" lon="128.040168"/><trkpt lat="35.270321" lon="128.040214"/><trkpt lat="35.270299" lon="128.040307"/><trkpt lat="35.27026" lon="128.04046"/><trkpt lat="35.270251" lon="128.040506"/><trkpt lat="35.270247" lon="128.040554"/><trkpt lat="35.270249" lon="128.040619"/><trkpt lat="35.270261" lon="128.040784"/></trkseg>
<trkseg><trkpt lat="35.272484" lon="128.028337"/><trkpt lat="35.272516" lon="128.028296"/><trkpt lat="35.272549" lon="128.028263"/><trkpt lat="35.272576" lon="128.028254"/><trkpt lat="35.272605" lon="128.028244"/><trkpt lat="35.272638" lon="128.028228"/><trkpt lat="35.272694" lon="128.028195"/><trkpt lat="35.272725" lon="128.02817"/><trkpt lat="35.272754" lon="128.028137"/><trkpt lat="35.272806" lon="128.028061"/><trkpt lat="35.272915" lon="128.027894"/><trkpt lat="35.272942" lon="128.027857"/><trkpt lat="35.272972" lon="128.027825"/><trkpt lat="35.273039" lon="128.027772"/><trkpt lat="35.273071" lon="128.027743"/><trkpt lat="35.273098" lon="128.027709"/><trkpt lat="35.273229" lon="128.027504"/><trkpt lat="35.273275" lon="128.027426"/><trkpt lat="35.273294" lon="128.027385"/><trkpt lat="35.273305" lon="128.027338"/><trkpt lat="35.273315" lon="128.027274"/><trkpt lat="35.273334" lon="128.027111"/><trkpt lat="35.273343" lon="128.027064"/><trkpt lat="35.273358" lon="128.027021"/><trkpt lat="35.273381" lon="128.026983"/><trkpt lat="35.273421" lon="128.026924"/><trkpt lat="35.273439" lon="128.026887"/><trkpt lat="35.273443" lon="128.026846"/><trkpt lat="35.273434" lon="128.026802"/><trkpt lat="35.273365" lon="128.026573"/><trkpt lat="35.273226" lon="128.026115"/><trkpt lat="35.273204" lon="128.026039"/><trkpt lat="35.273196" lon="128.025992"/><trkpt lat="35.273197" lon="128.025951"/><trkpt lat="35.273204" lon="128.025911"/><trkpt lat="35.273221" lon="128.025876"/><trkpt lat="35.273248" lon="128.025847"/><trkpt lat="35.2733" lon="128.025803"/><trkpt lat="35.273328" lon="128.025773"/><trkpt lat="35.273349" lon="128.025736"/><trkpt lat="35.273365" lon="128.025696"/><trkpt lat="35.273376" lon="128.025652"/><trkpt lat="35.273385" lon="128.025588"/><trkpt lat="35.273407" lon="128.025347"/><trkpt lat="35.273415" lon="128.025284"/><trkpt lat="35.273427" lon="128.02524"/><trkpt lat="35.273461" lon="128.025174"/><trkpt lat="35.273479" lon="128.025134"/><trkpt lat="35.273487" lon="128.025094"/><trkpt lat="35.273495" lon="128.025044"/><trkpt lat="35.273512" lon="128.025023"/><trkpt lat="35.273543" lon="128.02502"/><trkpt lat="35.27362" lon="128.025033"/><trkpt lat="35.273659" lon="128.025034"/><trkpt lat="35.273703" lon="128.025025"/><trkpt lat="35.273734" lon="128.025023"/><trkpt lat="35.273765" lon="128.025037"/><trkpt lat="35.273815" lon="128.025077"/><trkpt lat="35.273847" lon="128.0251"/><trkpt lat="35.273881" lon="128.025112"/><trkpt lat="35.273919" lon="128.025116"/><trkpt lat="35.274036" lon="128.025116"/><trkpt lat="35.274101" lon="128.025118"/><trkpt lat="35.27414" lon="128.025123"/><trkpt lat="35.274205" lon="128.025141"/><trkpt lat="35.274336" lon="128.025186"/><trkpt lat="35.274381" lon="128.025207"/><trkpt lat="35.274414" lon="128.025231"/><trkpt lat="35.27442" lon="128.025247"/><trkpt lat="35.274419" lon="128.025249"/></trkseg>
<trkseg><trkpt lat="35.276224" lon="128.031513"/><trkpt lat="35.276175" lon="128.031432"/><trkpt lat="35.27615" lon="128.031382"/><trkpt lat="35.276136" lon="128.031337"/><trkpt lat="35.276127" lon="128.031291"/><trkpt lat="35.276067" lon="128.030911"/><trkpt lat="35.276051" lon="128.030817"/><trkpt lat="35.276038" lon="128.030773"/><trkpt lat="35.276017" lon="128.030734"/><trkpt lat="35.275975" lon="128.030673"/><trkpt lat="35.275906" lon="128.030577"/><trkpt lat="35.275882" lon="128.030539"/><trkpt lat="35.275854" lon="128.030483"/><trkpt lat="35.275664" lon="128.030047"/><trkpt lat="35.275633" lon="128.029974"/><trkpt lat="35.275618" lon="128.029929"/><trkpt lat="35.275607" lon="128.029882"/><trkpt lat="35.275584" lon="128.029739"/><trkpt lat="35.27557" lon="128.02966"/><trkpt lat="35.275559" lon="128.029613"/><trkpt lat="35.27553" lon="128.029521"/><trkpt lat="35.27544" lon="128.029246"/><trkpt lat="35.275429" lon="128.029199"/><trkpt lat="35.275422" lon="128.029138"/><trkpt lat="35.275415" lon="128.029093"/><trkpt lat="35.275397" lon="128.029055"/><trkpt lat="35.275365" lon="128.029007"/><trkpt lat="35.275314" lon="128.028936"/><trkpt lat="35.275294" lon="128.028898"/><trkpt lat="35.275283" lon="128.028853"/><trkpt lat="35.275273" lon="128.028757"/><trkpt lat="35.275266" lon="128.02871"/><trkpt lat="35.275251" lon="128.028668"/><trkpt lat="35.275228" lon="128.028631"/><trkpt lat="35.275153" lon="128.028541"/><trkpt lat="35.275116" lon="128.028496"/><trkpt lat="35.275092" lon="128.028459"/><trkpt lat="35.275067" lon="128.028406"/><trkpt lat="35.275046" lon="128.028368"/><trkpt lat="35.275018" lon="128.028337"/><trkpt lat="35.274966" lon="128.02829"/><trkpt lat="35.274937" lon="128.028261"/><trkpt lat="35.274917" lon="128.028225"/><trkpt lat="35.274908" lon="128.028181"/><trkpt lat="35.274901" lon="128.028051"/><trkpt lat="35.274895" lon="128.027986"/><trkpt lat="35.274882" lon="128.027924"/><trkpt lat="35.274786" lon="128.027574"/><trkpt lat="35.274767" lon="128.027516"/><trkpt lat="35.27475" lon="128.027475"/><trkpt lat="35.274729" lon="128.027437"/><trkpt lat="35.274702" lon="128.027403"/><trkpt lat="35.274624" lon="128.027319"/><trkpt lat="35.274598" lon="128.027286"/><trkpt lat="35.274578" lon="128.027248"/><trkpt lat="35.274565" lon="128.027204"/><trkpt lat="35.274554" lon="128.027142"/><trkpt lat="35.274515" lon="128.02689"/><trkpt lat="35.274512" lon="128.026843"/><trkpt lat="35.274515" lon="128.026799"/><trkpt lat="35.274521" lon="128.026725"/><trkpt lat="35.274519" lon="128.026681"/><trkpt lat="35.27451" lon="128.026634"/><trkpt lat="35.274455" lon="128.026452"/><trkpt lat="35.274439" lon="128.026392"/><trkpt lat="35.274431" lon="128.026349"/><trkpt lat="35.274434" lon="128.026313"/><trkpt lat="35.274448" lon="128.026275"/><trkpt lat="35.274452" lon="128.026219"/><trkpt lat="35.274457" lon="128.026174"/><trkpt lat="35.274469" lon="128.026112"/><trkpt lat="35.274526" lon="128.025879"/><trkpt lat="35.274534" lon="128.025832"/><trkpt lat="35.274536" lon="128.025785"/><trkpt lat="35.27453" lon="128.025738"/><trkpt lat="35.274473" lon="128.025486"/><trkpt lat="35.274419" lon="128.025249"/></trkseg>
<trkseg><trkpt lat="35.274419" lon="128.025249"/><trkpt lat="35.274519" lon="128.025001"/><trkpt lat="35.274544" lon="128.024945"/><trkpt lat="35.274567" lon="128.024908"/><trkpt lat="35.274598" lon="128.02488"/><trkpt lat="35.274645" lon="128.024848"/><trkpt lat="35.275417" lon="128.024377"/><trkpt lat="35.275476" lon="128.024338"/><trkpt lat="35.275508" lon="128.02431"/><trkpt lat="35.275538" lon="128.024278"/><trkpt lat="35.275687" lon="128.024093"/><trkpt lat="35.275854" lon="128.023883"/><trkpt lat="35.275897" lon="128.023822"/><trkpt lat="35.276035" lon="128.023606"/><trkpt lat="35.276066" lon="128.023554"/><trkpt lat="35.276086" lon="128.023513"/><trkpt lat="35.276133" lon="128.023398"/><trkpt lat="35.276188" lon="128.023253"/><trkpt lat="35.276205" lon="128.023192"/><trkpt lat="35.276273" lon="128.022893"/><trkpt lat="35.276453" lon="128.022092"/><trkpt lat="35.27647" lon="128.022031"/><trkpt lat="35.276489" lon="128.021991"/><trkpt lat="35.27651" lon="128.021959"/><trkpt lat="35.276534" lon="128.021935"/><trkpt lat="35.276553" lon="128.021917"/><trkpt lat="35.27656" lon="128.021891"/><trkpt lat="35.27656" lon="128.021874"/></trkseg>
<trkseg><trkpt lat="35.276224" lon="128.031513"/><trkpt lat="35.276225" lon="128.031533"/><trkpt lat="35.27622" lon="128.031576"/><trkpt lat="35.2762" lon="128.031623"/><trkpt lat="35.276171" lon="128.031655"/><trkpt lat="35.276141" lon="128.031674"/><trkpt lat="35.276106" lon="128.031679"/><trkpt lat="35.276067" lon="128.031672"/><trkpt lat="35.275975" lon="128.031645"/><trkpt lat="35.275936" lon="128.031638"/><trkpt lat="35.275897" lon="128.031642"/><trkpt lat="35.275859" lon="128.031653"/><trkpt lat="35.275731" lon="128.031702"/><trkpt lat="35.275693" lon="128.031714"/><trkpt lat="35.275654" lon="128.03172"/><trkpt lat="35.275616" lon="128.031721"/><trkpt lat="35.275553" lon="128.031718"/><trkpt lat="35.275515" lon="128.03171"/><trkpt lat="35.275467" lon="128.031691"/><trkpt lat="35.275396" lon="128.031657"/><trkpt lat="35.27535" lon="128.03163"/><trkpt lat="35.27532" lon="128.031604"/><trkpt lat="35.275291" lon="128.031558"/><trkpt lat="35.275263" lon="128.031505"/><trkpt lat="35.275245" lon="128.031469"/></trkseg>
<trkseg><trkpt lat="35.278389" lon="128.036449"/><trkpt lat="35.277692" lon="128.036587"/><trkpt lat="35.277639" lon="128.036594"/><trkpt lat="35.2776" lon="128.036595"/><trkpt lat="35.277521" lon="128.036589"/><trkpt lat="35.277471" lon="128.036579"/><trkpt lat="35.277435" lon="128.036565"/><trkpt lat="35.277405" lon="128.036539"/><trkpt lat="35.277377" lon="128.036505"/><trkpt lat="35.27715" lon="128.036157"/><trkpt lat="35.277113" lon="128.036111"/><trkpt lat="35.277083" lon="128.036083"/><trkpt lat="35.277048" lon="128.036066"/><trkpt lat="35.276999" lon="128.036052"/><trkpt lat="35.27685" lon="128.036034"/><trkpt lat="35.276813" lon="128.036022"/><trkpt lat="35.276778" lon="128.036004"/><trkpt lat="35.276746" lon="128.035977"/><trkpt lat="35.27658" lon="128.035812"/><trkpt lat="35.276404" lon="128.035636"/><trkpt lat="35.276378" lon="128.035603"/><trkpt lat="35.276359" lon="128.035571"/><trkpt lat="35.276284" lon="128.035557"/><trkpt lat="35.276245" lon="128.035566"/><trkpt lat="35.276167" lon="128.03557"/><trkpt lat="35.276036" lon="128.035572"/><trkpt lat="35.275998" lon="128.035578"/><trkpt lat="35.275964" lon="128.035592"/><trkpt lat="35.275934" lon="128.035616"/><trkpt lat="35.275884" lon="128.035662"/><trkpt lat="35.275851" lon="128.035685"/><trkpt lat="35.275756" lon="128.035735"/><trkpt lat="35.275707" lon="128.035757"/><trkpt lat="35.275672" lon="128.035767"/><trkpt lat="35.275636" lon="128.035763"/><trkpt lat="35.275601" lon="128.035749"/><trkpt lat="35.275555" lon="128.035722"/><trkpt lat="35.275522" lon="128.035698"/><trkpt lat="35.275492" lon="128.035669"/><trkpt lat="35.275466" lon="128.035636"/><trkpt lat="35.275443" lon="128.0356"/><trkpt lat="35.275425" lon="128.03556"/><trkpt lat="35.275413" lon="128.035516"/><trkpt lat="35.275406" lon="128.035469"/><trkpt lat="35.275404" lon="128.035422"/><trkpt lat="35.27541" lon="128.035358"/><trkpt lat="35.27544" lon="128.035152"/><trkpt lat="35.27545" lon="128.035057"/><trkpt lat="35.27545" lon="128.035012"/><trkpt lat="35.275443" lon="128.034963"/><trkpt lat="35.275448" lon="128.034925"/><trkpt lat="35.275465" lon="128.034884"/><trkpt lat="35.275506" lon="128.034804"/><trkpt lat="35.275518" lon="128.034762"/><trkpt lat="35.275517" lon="128.034719"/><trkpt lat="35.275504" lon="128.034646"/><trkpt lat="35.275498" lon="128.034601"/><trkpt lat="35.275498" lon="128.034553"/><trkpt lat="35.275507" lon="128.034472"/><trkpt lat="35.275564" lon="128.034038"/><trkpt lat="35.275573" lon="128.033991"/><trkpt lat="35.275586" lon="128.033946"/><trkpt lat="35.275611" lon="128.033892"/><trkpt lat="35.275704" lon="128.033719"/><trkpt lat="35.275734" lon="128.033667"/><trkpt lat="35.275759" lon="128.033631"/><trkpt lat="35.275798" lon="128.033586"/><trkpt lat="35.276016" lon="128.033364"/><trkpt lat="35.276056" lon="128.03332"/><trkpt lat="35.276081" lon="128.033283"/><trkpt lat="35.276098" lon="128.033242"/><trkpt lat="35.27611" lon="128.033198"/><trkpt lat="35.27612" lon="128.033152"/><trkpt lat="35.276124" lon="128.033106"/><trkpt lat="35.276121" lon="128.033057"/><trkpt lat="35.276107" lon="128.032977"/><trkpt lat="35.276013" lon="128.032495"/><trkpt lat="35.275999" lon="128.032415"/><trkpt lat="35.275995" lon="128.032368"/><trkpt lat="35.276003" lon="128.032323"/><trkpt lat="35.276018" lon="128.032279"/><trkpt lat="35.276097" lon="128.032109"/><trkpt lat="35.276202" lon="128.031881"/><trkpt lat="35.276226" lon="128.031823"/><trkpt lat="35.276239" lon="128.031778"/><trkpt lat="35.276252" lon="128.031716"/><trkpt lat="35.276262" lon="128.031653"/><trkpt lat="35.276261" lon="128.031598"/><trkpt lat="35.276244" lon="128.031545"/><trkpt lat="35.276226" lon="128.031515"/><trkpt lat="35.276224" lon="128.031513"/></trkseg>
<trkseg><trkpt lat="35.277524" lon="128.021522"/><trkpt lat="35.277515" lon="128.02168"/><trkpt lat="35.277514" lon="128.021743"/><trkpt lat="35.277518" lon="128.021788"/><trkpt lat="35.277532" lon="128.021831"/><trkpt lat="35.277559" lon="128.021901"/><trkpt lat="35.277568" lon="128.021945"/><trkpt lat="35.27757" lon="128.02199"/><trkpt lat="35.277568" lon="128.022036"/><trkpt lat="35.277563" lon="128.022081"/><trkpt lat="35.277553" lon="128.022126"/><trkpt lat="35.277537" lon="128.022169"/><trkpt lat="35.277488" lon="128.022282"/><trkpt lat="35.277472" lon="128.022325"/><trkpt lat="35.27746" lon="128.022369"/><trkpt lat="35.277451" lon="128.022414"/><trkpt lat="35.277444" lon="128.022474"/><trkpt lat="35.277442" lon="128.022518"/><trkpt lat="35.277448" lon="128.022561"/><trkpt lat="35.277466" lon="128.022603"/><trkpt lat="35.277501" lon="128.02267"/><trkpt lat="35.277513" lon="128.022712"/><trkpt lat="35.277509" lon="128.022755"/><trkpt lat="35.277496" lon="128.0228"/><trkpt lat="35.277451" lon="128.02292"/><trkpt lat="35.277436" lon="128.022965"/><trkpt lat="35.277428" lon="128.023011"/><trkpt lat="35.27743" lon="128.023054"/><trkpt lat="35.277443" lon="128.023094"/><trkpt lat="35.277467" lon="128.023126"/><trkpt lat="35.277523" lon="128.023185"/><trkpt lat="35.277549" lon="128.023219"/><trkpt lat="35.277585" lon="128.023285"/><trkpt lat="35.277614" lon="128.023313"/><trkpt lat="35.277642" lon="128.023347"/><trkpt lat="35.277684" lon="128.023389"/><trkpt lat="35.277753" lon="128.023434"/><trkpt lat="35.277777" lon="128.023469"/><trkpt lat="35.277787" lon="128.023508"/><trkpt lat="35.277785" lon="128.023551"/><trkpt lat="35.277775" lon="128.023594"/><trkpt lat="35.277757" lon="128.023635"/><trkpt lat="35.277725" lon="128.023686"/><trkpt lat="35.277588" lon="128.023902"/><trkpt lat="35.277567" lon="128.023942"/><trkpt lat="35.277551" lon="128.023984"/><trkpt lat="35.277538" lon="128.02403"/><trkpt lat="35.277473" lon="128.024363"/><trkpt lat="35.277461" lon="128.024425"/><trkpt lat="35.277456" lon="128.024471"/><trkpt lat="35.277458" lon="128.024517"/><trkpt lat="35.277475" lon="128.02464"/><trkpt lat="35.277479" lon="128.024685"/><trkpt lat="35.277477" lon="128.024728"/><trkpt lat="35.277462" lon="128.02477"/><trkpt lat="35.277433" lon="128.024824"/><trkpt lat="35.277353" lon="128.024955"/><trkpt lat="35.277331" lon="128.024995"/><trkpt lat="35.277314" lon="128.025038"/><trkpt lat="35.277303" lon="128.025083"/><trkpt lat="35.277297" lon="128.025128"/><trkpt lat="35.277298" lon="128.025175"/><trkpt lat="35.277306" lon="128.025222"/><trkpt lat="35.277355" lon="128.025426"/><trkpt lat="35.277443" lon="128.025787"/><trkpt lat="35.277459" lon="128.025848"/><trkpt lat="35.277476" lon="128.025889"/><trkpt lat="35.277502" lon="128.025918"/><trkpt lat="35.277544" lon="128.025945"/><trkpt lat="35.277575" lon="128.025968"/><trkpt lat="35.277599" lon="128.025999"/><trkpt lat="35.277617" lon="128.026038"/><trkpt lat="35.27765" lon="128.026121"/><trkpt lat="35.27767" lon="128.026156"/><trkpt lat="35.277696" lon="128.026181"/><trkpt lat="35.277731" lon="128.026206"/><trkpt lat="35.277755" lon="128.026241"/><trkpt lat="35.27778" lon="128.026252"/><trkpt lat="35.277812" lon="128.026248"/><trkpt lat="35.27787" lon="128.026236"/><trkpt lat="35.277901" lon="128.02624"/><trkpt lat="35.277925" lon="128.026266"/><trkpt lat="35.277964" lon="128.026323"/><trkpt lat="35.278003" lon="128.02636"/><trkpt lat="35.27802" lon="128.026392"/><trkpt lat="35.278029" lon="128.026434"/><trkpt lat="35.278038" lon="128.026512"/><trkpt lat="35.278044" lon="128.026591"/><trkpt lat="35.278041" lon="128.026637"/><trkpt lat="35.27803" lon="128.026678"/><trkpt lat="35.278008" lon="128.026709"/><trkpt lat="35.277974" lon="128.026728"/><trkpt lat="35.277935" lon="128.02674"/><trkpt lat="35.277775" lon="128.026781"/><trkpt lat="35.277737" lon="128.026794"/><trkpt lat="35.277701" lon="128.026812"/><trkpt lat="35.277671" lon="128.026841"/><trkpt lat="35.277644" lon="128.026874"/><trkpt lat="35.277602" lon="128.026936"/><trkpt lat="35.27758" lon="128.026975"/><trkpt lat="35.27755" lon="128.027047"/><trkpt lat="35.277504" lon="128.027162"/><trkpt lat="35.277484" lon="128.027199"/><trkpt lat="35.277457" lon="128.027222"/><trkpt lat="35.277398" lon="128.027234"/><trkpt lat="35.277362" lon="128.027245"/><trkpt lat="35.277329" lon="128.027269"/><trkpt lat="35.277266" lon="128.027329"/><trkpt lat="35.277195" lon="128.027403"/><trkpt lat="35.277167" lon="128.027437"/><trkpt lat="35.277121" lon="128.027511"/><trkpt lat="35.277077" lon="128.027587"/><trkpt lat="35.277057" lon="128.027627"/><trkpt lat="35.277042" lon="128.027671"/><trkpt lat="35.277027" lon="128.027733"/><trkpt lat="35.27694" lon="128.028147"/><trkpt lat="35.276925" lon="128.028225"/><trkpt lat="35.276922" lon="128.028271"/><trkpt lat="35.276933" lon="128.028312"/><trkpt lat="35.276955" lon="128.028351"/><trkpt lat="35.277052" lon="128.028487"/><trkpt lat="35.277107" lon="128.028558"/><trkpt lat="35.277137" lon="128.028587"/><trkpt lat="35.277169" lon="128.028607"/><trkpt lat="35.277225" lon="128.028634"/><trkpt lat="35.277253" lon="128.028659"/><trkpt lat="35.277277" lon="128.028694"/><trkpt lat="35.277325" lon="128.028787"/><trkpt lat="35.277355" lon="128.028839"/><trkpt lat="35.277382" lon="128.028872"/><trkpt lat="35.277423" lon="128.028911"/><trkpt lat="35.27752" lon="128.028994"/><trkpt lat="35.27755" lon="128.029024"/><trkpt lat="35.277576" lon="128.02906"/><trkpt lat="35.277606" lon="128.029113"/><trkpt lat="35.277664" lon="128.029223"/><trkpt lat="35.277689" lon="128.02926"/><trkpt lat="35.277719" lon="128.029288"/><trkpt lat="35.277753" lon="128.029309"/><trkpt lat="35.27779" lon="128.029322"/><trkpt lat="35.277828" lon="128.029328"/><trkpt lat="35.277932" lon="128.029339"/><trkpt lat="35.277983" lon="128.029347"/><trkpt lat="35.27802" lon="128.02936"/><trkpt lat="35.278056" lon="128.029381"/><trkpt lat="35.278227" lon="128.029507"/><trkpt lat="35.278409" lon="128.029642"/><trkpt lat="35.27844" lon="128.029671"/><trkpt lat="35.278477" lon="128.029714"/><trkpt lat="35.278538" lon="128.029794"/><trkpt lat="35.278559" lon="128.02983"/><trkpt lat="35.278572" lon="128.029868"/><trkpt lat="35.278577" lon="128.029921"/><trkpt lat="35.278588" lon="128.029962"/><trkpt lat="35.278609" lon="128.030002"/><trkpt lat="35.278641" lon="128.030053"/><trkpt lat="35.278879" lon="128.030412"/><trkpt lat="35.278911" lon="128.030465"/><trkpt lat="35.278929" lon="128.030508"/><trkpt lat="35.27894" lon="128.030554"/><trkpt lat="35.278978" lon="128.030778"/><trkpt lat="35.279038" lon="128.03113"/><trkpt lat="35.279048" lon="128.031177"/><trkpt lat="35.279063" lon="128.031222"/><trkpt lat="35.279095" lon="128.031294"/><trkpt lat="35.279384" lon="128.031904"/><trkpt lat="35.279423" lon="128.03199"/><trkpt lat="35.279437" lon="128.032034"/><trkpt lat="35.279443" lon="128.032081"/><trkpt lat="35.279445" lon="128.03213"/><trkpt lat="35.279444" lon="128.032211"/><trkpt lat="35.279441" lon="128.032259"/><trkpt lat="35.279431" lon="128.032304"/><trkpt lat="35.279415" lon="128.032346"/><trkpt lat="35.279368" lon="128.032441"/><trkpt lat="35.279342" lon="128.032495"/><trkpt lat="35.279327" lon="128.032536"/><trkpt lat="35.279321" lon="128.032581"/><trkpt lat="35.279322" lon="128.032629"/><trkpt lat="35.279342" lon="128.032821"/><trkpt lat="35.279378" lon="128.033159"/><trkpt lat="35.279381" lon="128.033206"/><trkpt lat="35.279378" lon="128.03325"/><trkpt lat="35.279362" lon="128.033286"/><trkpt lat="35.279326" lon="128.033327"/><trkpt lat="35.279302" lon="128.03336"/><trkpt lat="35.27929" lon="128.033399"/><trkpt lat="35.279289" lon="128.033445"/><trkpt lat="35.27929" lon="128.033524"/><trkpt lat="35.279284" lon="128.033572"/><trkpt lat="35.279274" lon="128.03362"/><trkpt lat="35.279253" lon="128.033698"/><trkpt lat="35.279237" lon="128.033742"/><trkpt lat="35.279215" lon="128.033783"/><trkpt lat="35.279132" lon="128.033912"/><trkpt lat="35.279091" lon="128.033977"/><trkpt lat="35.279071" lon="128.034018"/><trkpt lat="35.279057" lon="128.034062"/><trkpt lat="35.279043" lon="128.034125"/><trkpt lat="35.279012" lon="128.034282"/><trkpt lat="35.278999" lon="128.034327"/><trkpt lat="35.278981" lon="128.034369"/><trkpt lat="35.278927" lon="128.034478"/><trkpt lat="35.27891" lon="128.034519"/><trkpt lat="35.2789" lon="128.034562"/><trkpt lat="35.278897" lon="128.034637"/><trkpt lat="35.278894" lon="128.034683"/><trkpt lat="35.278873" lon="128.034777"/><trkpt lat="35.278865" lon="128.034823"/><trkpt lat="35.27887" lon="128.034868"/><trkpt lat="35.278884" lon="128.034912"/><trkpt lat="35.278918" lon="128.035"/><trkpt lat="35.278932" lon="128.035045"/><trkpt lat="35.278937" lon="128.035092"/><trkpt lat="35.278934" lon="128.035156"/><trkpt lat="35.278912" lon="128.035368"/><trkpt lat="35.278904" lon="128.035415"/><trkpt lat="35.278888" lon="128.035456"/><trkpt lat="35.278862" lon="128.035489"/><trkpt lat="35.278812" lon="128.035539"/><trkpt lat="35.278646" lon="128.035695"/></trkseg>
<trkseg><trkpt lat="35.277524" lon="128.021522"/><trkpt lat="35.27744" lon="128.021531"/><trkpt lat="35.277379" lon="128.021541"/><trkpt lat="35.277343" lon="128.021553"/><trkpt lat="35.277311" lon="128.021576"/><trkpt lat="35.277264" lon="128.021629"/><trkpt lat="35.277232" lon="128.021655"/><trkpt lat="35.277197" lon="128.021677"/><trkpt lat="35.277052" lon="128.021755"/><trkpt lat="35.277003" lon="128.021778"/><trkpt lat="35.276966" lon="128.021787"/><trkpt lat="35.27693" lon="128.021784"/><trkpt lat="35.276893" lon="128.021774"/><trkpt lat="35.27682" lon="128.021752"/><trkpt lat="35.276783" lon="128.021746"/><trkpt lat="35.276732" lon="128.02175"/><trkpt lat="35.276695" lon="128.021746"/><trkpt lat="35.276673" lon="128.021728"/><trkpt lat="35.27667" lon="128.021719"/></trkseg>
<trkseg><trkpt lat="35.278928" lon="128.021087"/><trkpt lat="35.278702" lon="128.021085"/><trkpt lat="35.278662" lon="128.021088"/><trkpt lat="35.278583" lon="128.021101"/><trkpt lat="35.278178" lon="128.021188"/><trkpt lat="35.278126" lon="128.021203"/><trkpt lat="35.278076" lon="128.021223"/><trkpt lat="35.277675" lon="128.021409"/><trkpt lat="35.277611" lon="128.021442"/><trkpt lat="35.277567" lon="128.021474"/><trkpt lat="35.277536" lon="128.021507"/><trkpt lat="35.277524" lon="128.021522"/></trkseg>
<trkseg><trkpt lat="35.27667" lon="128.021719"/><trkpt lat="35.276607" lon="128.021699"/><trkpt lat="35.276592" lon="128.021698"/><trkpt lat="35.276577" lon="128.021705"/><trkpt lat="35.276547" lon="128.021725"/><trkpt lat="35.276525" lon="128.021744"/><trkpt lat="35.276517" lon="128.021757"/><trkpt lat="35.276518" lon="128.021773"/><trkpt lat="35.276528" lon="128.021802"/><trkpt lat="35.27656" lon="128.021874"/></trkseg>
<trkseg><trkpt lat="35.278928" lon="128.021087"/><trkpt lat="35.278969" lon="128.02112"/><trkpt lat="35.279007" lon="128.021162"/><trkpt lat="35.279032" lon="128.021205"/><trkpt lat="35.279102" lon="128.02136"/><trkpt lat="35.279138" lon="128.021446"/><trkpt lat="35.279153" lon="128.02149"/><trkpt lat="35.27917" lon="128.021552"/><trkpt lat="35.279262" lon="128.021943"/><trkpt lat="35.279278" lon="128.022021"/><trkpt lat="35.279282" lon="128.022068"/><trkpt lat="35.279279" lon="128.022115"/><trkpt lat="35.279254" lon="128.022322"/><trkpt lat="35.279244" lon="128.022417"/><trkpt lat="35.279243" lon="128.022464"/><trkpt lat="35.279248" lon="128.022512"/><trkpt lat="35.279265" lon="128.022607"/><trkpt lat="35.279324" lon="128.022908"/><trkpt lat="35.279329" lon="128.022956"/><trkpt lat="35.279327" lon="128.023003"/><trkpt lat="35.279315" lon="128.023065"/><trkpt lat="35.279275" lon="128.023235"/><trkpt lat="35.279266" lon="128.023281"/><trkpt lat="35.279262" lon="128.023328"/><trkpt lat="35.279264" lon="128.023376"/><trkpt lat="35.279291" lon="128.023633"/><trkpt lat="35.279312" lon="128.023841"/><trkpt lat="35.279314" lon="128.023906"/><trkpt lat="35.279314" lon="128.024363"/><trkpt lat="35.279312" lon="128.024427"/><trkpt lat="35.279308" lon="128.024475"/><trkpt lat="35.279295" lon="128.024519"/><trkpt lat="35.279269" lon="128.024574"/><trkpt lat="35.279227" lon="128.024657"/><trkpt lat="35.279212" lon="128.0247"/><trkpt lat="35.279205" lon="128.024747"/><trkpt lat="35.279205" lon="128.024796"/><trkpt lat="35.279207" lon="128.024844"/><trkpt lat="35.279216" lon="128.024891"/><trkpt lat="35.279232" lon="128.02493"/><trkpt lat="35.279266" lon="128.024992"/><trkpt lat="35.279281" lon="128.02503"/><trkpt lat="35.279285" lon="128.025071"/><trkpt lat="35.27928" lon="128.025125"/><trkpt lat="35.279283" lon="128.02516"/><trkpt lat="35.279307" lon="128.025196"/><trkpt lat="35.279326" lon="128.025227"/><trkpt lat="35.279336" lon="128.025267"/><trkpt lat="35.27934" lon="128.025312"/><trkpt lat="35.27934" lon="128.025357"/><trkpt lat="35.279332" lon="128.025401"/><trkpt lat="35.279314" lon="128.025442"/><trkpt lat="35.279261" lon="128.025533"/><trkpt lat="35.27924" lon="128.025573"/><trkpt lat="35.279224" lon="128.025615"/><trkpt lat="35.279218" lon="128.02566"/><trkpt lat="35.279218" lon="128.025707"/><trkpt lat="35.279226" lon="128.025884"/><trkpt lat="35.279225" lon="128.025948"/><trkpt lat="35.279219" lon="128.025994"/><trkpt lat="35.279204" lon="128.026069"/><trkpt lat="35.279198" lon="128.026114"/><trkpt lat="35.2792" lon="128.026158"/><trkpt lat="35.279206" lon="128.026202"/><trkpt lat="35.279216" lon="128.026245"/><trkpt lat="35.279233" lon="128.026283"/><trkpt lat="35.279267" lon="128.026343"/><trkpt lat="35.279282" lon="128.02638"/><trkpt lat="35.279287" lon="128.026423"/><trkpt lat="35.279284" lon="128.026498"/><trkpt lat="35.279284" lon="128.026542"/><trkpt lat="35.279293" lon="128.026581"/><trkpt lat="35.279316" lon="128.026625"/><trkpt lat="35.279323" lon="128.026658"/><trkpt lat="35.279313" lon="128.026695"/><trkpt lat="35.279285" lon="128.026759"/><trkpt lat="35.279273" lon="128.0268"/><trkpt lat="35.27927" lon="128.026845"/><trkpt lat="35.279273" lon="128.026892"/><trkpt lat="35.279279" lon="128.026938"/><trkpt lat="35.27929" lon="128.026983"/><trkpt lat="35.27931" lon="128.027025"/><trkpt lat="35.27935" lon="128.02709"/><trkpt lat="35.279536" lon="128.027374"/><trkpt lat="35.279558" lon="128.027414"/><trkpt lat="35.279575" lon="128.027455"/><trkpt lat="35.279587" lon="128.027524"/><trkpt lat="35.279602" lon="128.027564"/><trkpt lat="35.27963" lon="128.027617"/><trkpt lat="35.27972" lon="128.027772"/><trkpt lat="35.279748" lon="128.027825"/><trkpt lat="35.279765" lon="128.027869"/><trkpt lat="35.279831" lon="128.028084"/><trkpt lat="35.279857" lon="128.02816"/><trkpt lat="35.279875" lon="128.028203"/><trkpt lat="35.279904" lon="128.028258"/><trkpt lat="35.280082" lon="128.028563"/><trkpt lat="35.28013" lon="128.028642"/><trkpt lat="35.280156" lon="128.028678"/><trkpt lat="35.280195" lon="128.028721"/><trkpt lat="35.280273" lon="128.028804"/><trkpt lat="35.280296" lon="128.028839"/><trkpt lat="35.280305" lon="128.028879"/><trkpt lat="35.280303" lon="128.028924"/><trkpt lat="35.280295" lon="128.028987"/><trkpt lat="35.280261" lon="128.029207"/><trkpt lat="35.28025" lon="128.029252"/><trkpt lat="35.28023" lon="128.029292"/><trkpt lat="35.280204" lon="128.029328"/><trkpt lat="35.280139" lon="128.02941"/><trkpt lat="35.280117" lon="128.029447"/><trkpt lat="35.28011" lon="128.029489"/><trkpt lat="35.280113" lon="128.029533"/><trkpt lat="35.280135" lon="128.029657"/><trkpt lat="35.280149" lon="128.029718"/><trkpt lat="35.280163" lon="128.029761"/><trkpt lat="35.280186" lon="128.0298"/><trkpt lat="35.28024" lon="128.029871"/><trkpt lat="35.280274" lon="128.02992"/><trkpt lat="35.280292" lon="128.02996"/><trkpt lat="35.280302" lon="128.030005"/><trkpt lat="35.28031" lon="128.030067"/><trkpt lat="35.280322" lon="128.030177"/><trkpt lat="35.280332" lon="128.030222"/><trkpt lat="35.280347" lon="128.030265"/><trkpt lat="35.280436" lon="128.03046"/><trkpt lat="35.280463" lon="128.030514"/><trkpt lat="35.280485" lon="128.030548"/><trkpt lat="35.280514" lon="128.030568"/><trkpt lat="35.280549" lon="128.030568"/><trkpt lat="35.280602" lon="128.030558"/><trkpt lat="35.280721" lon="128.030529"/><trkpt lat="35.280759" lon="128.030528"/><trkpt lat="35.280792" lon="128.030543"/><trkpt lat="35.280821" lon="128.03057"/><trkpt lat="35.280905" lon="128.030668"/><trkpt lat="35.280963" lon="128.030733"/><trkpt lat="35.280994" lon="128.030761"/><trkpt lat="35.28106" lon="128.030809"/><trkpt lat="35.281092" lon="128.030834"/><trkpt lat="35.281119" lon="128.030866"/><trkpt lat="35.28114" lon="128.030906"/><trkpt lat="35.281163" lon="128.030964"/><trkpt lat="35.281246" lon="128.031186"/><trkpt lat="35.281265" lon="128.031228"/><trkpt lat="35.281289" lon="128.031267"/><trkpt lat="35.281324" lon="128.031316"/><trkpt lat="35.281576" lon="128.031633"/><trkpt lat="35.281634" lon="128.031701"/><trkpt lat="35.281665" lon="128.031732"/><trkpt lat="35.281968" lon="128.031994"/><trkpt lat="35.282031" lon="128.032052"/><trkpt lat="35.282061" lon="128.032085"/><trkpt lat="35.282117" lon="128.032155"/><trkpt lat="35.282189" lon="128.032252"/><trkpt lat="35.282213" lon="128.032291"/><trkpt lat="35.282232" lon="128.032333"/><trkpt lat="35.282265" lon="128.032422"/><trkpt lat="35.282349" lon="128.032665"/><trkpt lat="35.282357" lon="128.032696"/><trkpt lat="35.282354" lon="128.032696"/><trkpt lat="35.282353" lon="128.032694"/></trkseg>
<trkseg><trkpt lat="35.29662" lon="128.019359"/><trkpt lat="35.296613" lon="128.019343"/><trkpt lat="35.296585" lon="128.01931"/><trkpt lat="35.296543" lon="128.019276"/><trkpt lat="35.296356" lon="128.019172"/><trkpt lat="35.296184" lon="128.019077"/><trkpt lat="35.296147" lon="128.019061"/><trkpt lat="35.296109" lon="128.019054"/><trkpt lat="35.29607" lon="128.019055"/><trkpt lat="35.29594" lon="128.019065"/><trkpt lat="35.295876" lon="128.019073"/><trkpt lat="35.29584" lon="128.019084"/><trkpt lat="35.295806" lon="128.019105"/><trkpt lat="35.295763" lon="128.019139"/><trkpt lat="35.295657" lon="128.01923"/><trkpt lat="35.295624" lon="128.019253"/><trkpt lat="35.295569" lon="128.019277"/><trkpt lat="35.295538" lon="128.019296"/><trkpt lat="35.295511" lon="128.019327"/><trkpt lat="35.295487" lon="128.019364"/><trkpt lat="35.295377" lon="128.019543"/><trkpt lat="35.295336" lon="128.019605"/><trkpt lat="35.295308" lon="128.019639"/><trkpt lat="35.295277" lon="128.019668"/><trkpt lat="35.295021" lon="128.019881"/><trkpt lat="35.294976" lon="128.019916"/><trkpt lat="35.294941" lon="128.019938"/><trkpt lat="35.294903" lon="128.019951"/><trkpt lat="35.294851" lon="128.019963"/><trkpt lat="35.294666" lon="128.019997"/><trkpt lat="35.2946" lon="128.020011"/><trkpt lat="35.294562" lon="128.020025"/><trkpt lat="35.294526" lon="128.020045"/><trkpt lat="35.29424" lon="128.020232"/><trkpt lat="35.29418" lon="128.020269"/><trkpt lat="35.294143" lon="128.020285"/><trkpt lat="35.294105" lon="128.02029"/><trkpt lat="35.294053" lon="128.02029"/><trkpt lat="35.293908" lon="128.020282"/><trkpt lat="35.293869" lon="128.020276"/><trkpt lat="35.293833" lon="128.020262"/><trkpt lat="35.2938" lon="128.020238"/><trkpt lat="35.293747" lon="128.020189"/><trkpt lat="35.293504" lon="128.01996"/><trkpt lat="35.293471" lon="128.019934"/><trkpt lat="35.293436" lon="128.019914"/><trkpt lat="35.293359" lon="128.019886"/><trkpt lat="35.293204" lon="128.019838"/><trkpt lat="35.293165" lon="128.019831"/><trkpt lat="35.293125" lon="128.01983"/><trkpt lat="35.293058" lon="128.019835"/><trkpt lat="35.292842" lon="128.019858"/><trkpt lat="35.292803" lon="128.019866"/><trkpt lat="35.292767" lon="128.019879"/><trkpt lat="35.292687" lon="128.019919"/><trkpt lat="35.292652" lon="128.019931"/><trkpt lat="35.292615" lon="128.019934"/><trkpt lat="35.292564" lon="128.01993"/><trkpt lat="35.292448" lon="128.019919"/><trkpt lat="35.29241" lon="128.019919"/><trkpt lat="35.292373" lon="128.019929"/><trkpt lat="35.292337" lon="128.019945"/><trkpt lat="35.29199" lon="128.020139"/></trkseg>
<trkseg><trkpt lat="35.292399" lon="128.020373"/><trkpt lat="35.292142" lon="128.020187"/><trkpt lat="35.292118" lon="128.020175"/><trkpt lat="35.292066" lon="128.020159"/><trkpt lat="35.29199" lon="128.020139"/></trkseg>
<trkseg><trkpt lat="35.297375" lon="128.019621"/><trkpt lat="35.297001" lon="128.019393"/><trkpt lat="35.296965" lon="128.019373"/><trkpt lat="35.296927" lon="128.019361"/><trkpt lat="35.296887" lon="128.019357"/><trkpt lat="35.296821" lon="128.019356"/><trkpt lat="35.29662" lon="128.019359"/></trkseg>
<trkseg><trkpt lat="35.299419" lon="128.020457"/><trkpt lat="35.299252" lon="128.02059"/><trkpt lat="35.29921" lon="128.020629"/><trkpt lat="35.299182" lon="128.020663"/><trkpt lat="35.299141" lon="128.020728"/><trkpt lat="35.298932" lon="128.021075"/><trkpt lat="35.298907" lon="128.021113"/><trkpt lat="35.298878" lon="128.021145"/><trkpt lat="35.298843" lon="128.021165"/><trkpt lat="35.298805" lon="128.021178"/><trkpt lat="35.29877" lon="128.021182"/><trkpt lat="35.298744" lon="128.021168"/><trkpt lat="35.29873" lon="128.021132"/><trkpt lat="35.298721" lon="128.021087"/><trkpt lat="35.298678" lon="128.020799"/><trkpt lat="35.298664" lon="128.020721"/><trkpt lat="35.298653" lon="128.020675"/><trkpt lat="35.298637" lon="128.020634"/><trkpt lat="35.298617" lon="128.020595"/><trkpt lat="35.298594" lon="128.02056"/><trkpt lat="35.298565" lon="128.020529"/><trkpt lat="35.298532" lon="128.020504"/><trkpt lat="35.298472" lon="128.020466"/><trkpt lat="35.298435" lon="128.020447"/><trkpt lat="35.298397" lon="128.020434"/><trkpt lat="35.298202" lon="128.020388"/><trkpt lat="35.297837" lon="128.020304"/><trkpt lat="35.297799" lon="128.020292"/><trkpt lat="35.297764" lon="128.020274"/><trkpt lat="35.297733" lon="128.020248"/><trkpt lat="35.297653" lon="128.020167"/><trkpt lat="35.297595" lon="128.020104"/><trkpt lat="35.29757" lon="128.02007"/><trkpt lat="35.297547" lon="128.020029"/><trkpt lat="35.29751" lon="128.019943"/><trkpt lat="35.297375" lon="128.019621"/></trkseg>
<trkseg><trkpt lat="35.299419" lon="128.020457"/><trkpt lat="35.299404" lon="128.020443"/><trkpt lat="35.299366" lon="128.020422"/><trkpt lat="35.299318" lon="128.020417"/><trkpt lat="35.299278" lon="128.020426"/><trkpt lat="35.298991" lon="128.020515"/><trkpt lat="35.298926" lon="128.020533"/><trkpt lat="35.298888" lon="128.020538"/><trkpt lat="35.298852" lon="128.020527"/><trkpt lat="35.298818" lon="128.020506"/><trkpt lat="35.298684" lon="128.020398"/><trkpt lat="35.298438" lon="128.020201"/><trkpt lat="35.298392" lon="128.020169"/><trkpt lat="35.298356" lon="128.020155"/><trkpt lat="35.298318" lon="128.020152"/><trkpt lat="35.298041" lon="128.020172"/><trkpt lat="35.297976" lon="128.020174"/><trkpt lat="35.297937" lon="128.020169"/><trkpt lat="35.2979" lon="128.020154"/><trkpt lat="35.297841" lon="128.020118"/><trkpt lat="35.297676" lon="128.020009"/><trkpt lat="35.297643" lon="128.019982"/><trkpt lat="35.297618" lon="128.019948"/><trkpt lat="35.297598" lon="128.019909"/><trkpt lat="35.297548" lon="128.019798"/><trkpt lat="35.297526" lon="128.01976"/><trkpt lat="35.2975" lon="128.019728"/><trkpt lat="35.297467" lon="128.019698"/><trkpt lat="35.297375" lon="128.019621"/></trkseg>
<trkseg><trkpt lat="35.26521" lon="128.016641"/><trkpt lat="35.265361" lon="128.017898"/><trkpt lat="35.265365" lon="128.017946"/><trkpt lat="35.265364" lon="128.017995"/><trkpt lat="35.265355" lon="128.018059"/><trkpt lat="35.26525" lon="128.018604"/><trkpt lat="35.265234" lon="128.018701"/><trkpt lat="35.265231" lon="128.018748"/><trkpt lat="35.265232" lon="128.01881"/><trkpt lat="35.265238" lon="128.018966"/><trkpt lat="35.265235" lon="128.019013"/><trkpt lat="35.265223" lon="128.019092"/><trkpt lat="35.265201" lon="128.019201"/><trkpt lat="35.265188" lon="128.019247"/><trkpt lat="35.26517" lon="128.01929"/><trkpt lat="35.26502" lon="128.019575"/><trkpt lat="35.26499" lon="128.019628"/><trkpt lat="35.264957" lon="128.019678"/><trkpt lat="35.264773" lon="128.019925"/><trkpt lat="35.264709" lon="128.020005"/><trkpt lat="35.264593" lon="128.020131"/><trkpt lat="35.264523" lon="128.020201"/><trkpt lat="35.264491" lon="128.020227"/><trkpt lat="35.264421" lon="128.020275"/><trkpt lat="35.264282" lon="128.020368"/><trkpt lat="35.26425" lon="128.020395"/><trkpt lat="35.264223" lon="128.020429"/><trkpt lat="35.2642" lon="128.020469"/><trkpt lat="35.263943" lon="128.020992"/><trkpt lat="35.263832" lon="128.021218"/><trkpt lat="35.263809" lon="128.021259"/><trkpt lat="35.263775" lon="128.021307"/><trkpt lat="35.263656" lon="128.021459"/><trkpt lat="35.263536" lon="128.021611"/><trkpt lat="35.263512" lon="128.021647"/><trkpt lat="35.263499" lon="128.021684"/><trkpt lat="35.263505" lon="128.021724"/><trkpt lat="35.263523" lon="128.021765"/><trkpt lat="35.263607" lon="128.021934"/><trkpt lat="35.263754" lon="128.022229"/><trkpt lat="35.26377" lon="128.022272"/><trkpt lat="35.263778" lon="128.022318"/><trkpt lat="35.263779" lon="128.022364"/><trkpt lat="35.263775" lon="128.022507"/><trkpt lat="35.263777" lon="128.022553"/><trkpt lat="35.263788" lon="128.022599"/><trkpt lat="35.263804" lon="128.022643"/><trkpt lat="35.264129" lon="128.023364"/><trkpt lat="35.264166" lon="128.023452"/><trkpt lat="35.264186" lon="128.023512"/><trkpt lat="35.264292" lon="128.023912"/><trkpt lat="35.264355" lon="128.024143"/><trkpt lat="35.264366" lon="128.024189"/><trkpt lat="35.26437" lon="128.024233"/><trkpt lat="35.264358" lon="128.024271"/><trkpt lat="35.264334" lon="128.024306"/><trkpt lat="35.264235" lon="128.024417"/><trkpt lat="35.264115" lon="128.024548"/><trkpt lat="35.264084" lon="128.024575"/><trkpt lat="35.264049" lon="128.024593"/><trkpt lat="35.263999" lon="128.024609"/><trkpt lat="35.263962" lon="128.024626"/><trkpt lat="35.263904" lon="128.024665"/><trkpt lat="35.263628" lon="128.024869"/><trkpt lat="35.263501" lon="128.024962"/><trkpt lat="35.26347" lon="128.02499"/><trkpt lat="35.263444" lon="128.025024"/><trkpt lat="35.263425" lon="128.025065"/><trkpt lat="35.263401" lon="128.025139"/><trkpt lat="35.263335" lon="128.025349"/><trkpt lat="35.263324" lon="128.025395"/><trkpt lat="35.263303" lon="128.02552"/><trkpt lat="35.263283" lon="128.025661"/><trkpt lat="35.263278" lon="128.025724"/><trkpt lat="35.26328" lon="128.025771"/><trkpt lat="35.26329" lon="128.025849"/><trkpt lat="35.26329" lon="128.025895"/><trkpt lat="35.26328" lon="128.025937"/><trkpt lat="35.263263" lon="128.025974"/><trkpt lat="35.263242" lon="128.026001"/><trkpt lat="35.263215" lon="128.026004"/><trkpt lat="35.263184" lon="128.025988"/><trkpt lat="35.263108" lon="128.025931"/><trkpt lat="35.263075" lon="128.025908"/><trkpt lat="35.263039" lon="128.025891"/><trkpt lat="35.262988" lon="128.025876"/><trkpt lat="35.262794" lon="128.025828"/><trkpt lat="35.262743" lon="128.02582"/><trkpt lat="35.262705" lon="128.025824"/><trkpt lat="35.262668" lon="128.025837"/><trkpt lat="35.262593" lon="128.025872"/><trkpt lat="35.262555" lon="128.025883"/><trkpt lat="35.26249" lon="128.025891"/><trkpt lat="35.262455" lon="128.025903"/><trkpt lat="35.262429" lon="128.02593"/><trkpt lat="35.262415" lon="128.025968"/><trkpt lat="35.262415" lon="128.026013"/><trkpt lat="35.262425" lon="128.026094"/><trkpt lat="35.262486" lon="128.026512"/><trkpt lat="35.262503" lon="128.02664"/><trkpt lat="35.262507" lon="128.026705"/><trkpt lat="35.262512" lon="128.027046"/><trkpt lat="35.262517" lon="128.027387"/><trkpt lat="35.262514" lon="128.027435"/><trkpt lat="35.262505" lon="128.0275"/><trkpt lat="35.262465" lon="128.027742"/><trkpt lat="35.262458" lon="128.02779"/><trkpt lat="35.262457" lon="128.027837"/><trkpt lat="35.262466" lon="128.027876"/><trkpt lat="35.262484" lon="128.027908"/><trkpt lat="35.262516" lon="128.027926"/><trkpt lat="35.262554" lon="128.027936"/><trkpt lat="35.262593" lon="128.02794"/><trkpt lat="35.262633" lon="128.027937"/><trkpt lat="35.262671" lon="128.027926"/><trkpt lat="35.262873" lon="128.027841"/><trkpt lat="35.263288" lon="128.02764"/><trkpt lat="35.26335" lon="128.02761"/><trkpt lat="35.263436" lon="128.027568"/><trkpt lat="35.263478" lon="128.027555"/><trkpt lat="35.263519" lon="128.027571"/><trkpt lat="35.263564" lon="128.027605"/><trkpt lat="35.263596" lon="128.027594"/><trkpt lat="35.263629" lon="128.027572"/><trkpt lat="35.263689" lon="128.027532"/><trkpt lat="35.263723" lon="128.027514"/><trkpt lat="35.26376" lon="128.027509"/><trkpt lat="35.263797" lon="128.027515"/><trkpt lat="35.263826" lon="128.027535"/><trkpt lat="35.263847" lon="128.027571"/><trkpt lat="35.263863" lon="128.027615"/><trkpt lat="35.263914" lon="128.027789"/><trkpt lat="35.263915" lon="128.027791"/></trkseg>
<trkseg><trkpt lat="35.27071" lon="128.017022"/><trkpt lat="35.27074" lon="128.017038"/><trkpt lat="35.270773" lon="128.017063"/><trkpt lat="35.270827" lon="128.017106"/><trkpt lat="35.270861" lon="128.017122"/><trkpt lat="35.270893" lon="128.017122"/><trkpt lat="35.270921" lon="128.017106"/><trkpt lat="35.270945" lon="128.017071"/><trkpt lat="35.270965" lon="128.017028"/><trkpt lat="35.271035" lon="128.016971"/><trkpt lat="35.271064" lon="128.017008"/><trkpt lat="35.271087" lon="128.017042"/><trkpt lat="35.271113" lon="128.017075"/><trkpt lat="35.271143" lon="128.017107"/><trkpt lat="35.271209" lon="128.017165"/><trkpt lat="35.271409" lon="128.017334"/><trkpt lat="35.271441" lon="128.017364"/><trkpt lat="35.271481" lon="128.017407"/><trkpt lat="35.271784" lon="128.017768"/><trkpt lat="35.271842" lon="128.017834"/><trkpt lat="35.271873" lon="128.017862"/><trkpt lat="35.271907" lon="128.017883"/><trkpt lat="35.271956" lon="128.017906"/><trkpt lat="35.272141" lon="128.017985"/><trkpt lat="35.272178" lon="128.018003"/><trkpt lat="35.272413" lon="128.018154"/><trkpt lat="35.272635" lon="128.018299"/><trkpt lat="35.272669" lon="128.018325"/><trkpt lat="35.272809" lon="128.018455"/><trkpt lat="35.272852" lon="128.018494"/><trkpt lat="35.272886" lon="128.018519"/><trkpt lat="35.272922" lon="128.018538"/><trkpt lat="35.273072" lon="128.018595"/><trkpt lat="35.273135" lon="128.018616"/><trkpt lat="35.273173" lon="128.018623"/><trkpt lat="35.27321" lon="128.018621"/><trkpt lat="35.273322" lon="128.018602"/><trkpt lat="35.27336" lon="128.018599"/><trkpt lat="35.273427" lon="128.018604"/><trkpt lat="35.273762" lon="128.018646"/><trkpt lat="35.273842" lon="128.018659"/><trkpt lat="35.273907" lon="128.018677"/><trkpt lat="35.274246" lon="128.018787"/><trkpt lat="35.274284" lon="128.018803"/><trkpt lat="35.27432" lon="128.018824"/><trkpt lat="35.274507" lon="128.018952"/><trkpt lat="35.275008" lon="128.019299"/><trkpt lat="35.275056" lon="128.019328"/><trkpt lat="35.275093" lon="128.019346"/><trkpt lat="35.275184" lon="128.019376"/><trkpt lat="35.275393" lon="128.019442"/><trkpt lat="35.275429" lon="128.019457"/><trkpt lat="35.275458" lon="128.019479"/><trkpt lat="35.27548" lon="128.019513"/><trkpt lat="35.275506" lon="128.019542"/><trkpt lat="35.275571" lon="128.019593"/><trkpt lat="35.275603" lon="128.01962"/><trkpt lat="35.275631" lon="128.019653"/><trkpt lat="35.275656" lon="128.019691"/><trkpt lat="35.275817" lon="128.019973"/><trkpt lat="35.276148" lon="128.020549"/><trkpt lat="35.276175" lon="128.020605"/><trkpt lat="35.27619" lon="128.020648"/><trkpt lat="35.276209" lon="128.020739"/><trkpt lat="35.276223" lon="128.020799"/><trkpt lat="35.27624" lon="128.020842"/><trkpt lat="35.276279" lon="128.020926"/><trkpt lat="35.276386" lon="128.021148"/><trkpt lat="35.276409" lon="128.021205"/><trkpt lat="35.276422" lon="128.021247"/><trkpt lat="35.27644" lon="128.021317"/><trkpt lat="35.276454" lon="128.021355"/><trkpt lat="35.276479" lon="128.021388"/><trkpt lat="35.276508" lon="128.021418"/><trkpt lat="35.276592" lon="128.021494"/><trkpt lat="35.276619" lon="128.021525"/><trkpt lat="35.276638" lon="128.021564"/><trkpt lat="35.276653" lon="128.021619"/><trkpt lat="35.276669" lon="128.021716"/><trkpt lat="35.27667" lon="128.021719"/></trkseg>
<trkseg><trkpt lat="35.292399" lon="128.020373"/><trkpt lat="35.292272" lon="128.020362"/><trkpt lat="35.292233" lon="128.020363"/><trkpt lat="35.292194" lon="128.020371"/><trkpt lat="35.292062" lon="128.020408"/><trkpt lat="35.291997" lon="128.020428"/><trkpt lat="35.29196" lon="128.020445"/><trkpt lat="35.291925" lon="128.020468"/><trkpt lat="35.29176" lon="128.020608"/><trkpt lat="35.291618" lon="128.020731"/><trkpt lat="35.291589" lon="128.020762"/><trkpt lat="35.291567" lon="128.020801"/><trkpt lat="35.291547" lon="128.02086"/><trkpt lat="35.291516" lon="128.020969"/><trkpt lat="35.291502" lon="128.021032"/><trkpt lat="35.291497" lon="128.021079"/><trkpt lat="35.2915" lon="128.021127"/><trkpt lat="35.291522" lon="128.021306"/><trkpt lat="35.291526" lon="128.021354"/><trkpt lat="35.291525" lon="128.021402"/><trkpt lat="35.291515" lon="128.02148"/><trkpt lat="35.291507" lon="128.021526"/><trkpt lat="35.291495" lon="128.021569"/><trkpt lat="35.291474" lon="128.02161"/><trkpt lat="35.291433" lon="128.021673"/><trkpt lat="35.29138" lon="128.021745"/><trkpt lat="35.291352" lon="128.021777"/><trkpt lat="35.291319" lon="128.021801"/><trkpt lat="35.291272" lon="128.021823"/><trkpt lat="35.291123" lon="128.021879"/><trkpt lat="35.291075" lon="128.021902"/><trkpt lat="35.291029" lon="128.021932"/><trkpt lat="35.290907" lon="128.022024"/><trkpt lat="35.290873" lon="128.022047"/><trkpt lat="35.290837" lon="128.022062"/><trkpt lat="35.290801" lon="128.022065"/><trkpt lat="35.290725" lon="128.022055"/><trkpt lat="35.290688" lon="128.022053"/><trkpt lat="35.290656" lon="128.02206"/><trkpt lat="35.290628" lon="128.022087"/><trkpt lat="35.290606" lon="128.022125"/><trkpt lat="35.290587" lon="128.022167"/><trkpt lat="35.290573" lon="128.022212"/><trkpt lat="35.290566" lon="128.022259"/><trkpt lat="35.290554" lon="128.022434"/><trkpt lat="35.290549" lon="128.02253"/><trkpt lat="35.290551" lon="128.022577"/><trkpt lat="35.29056" lon="128.022621"/><trkpt lat="35.290578" lon="128.02268"/><trkpt lat="35.290603" lon="128.022752"/><trkpt lat="35.290622" lon="128.022793"/><trkpt lat="35.290645" lon="128.02283"/><trkpt lat="35.290715" lon="128.022923"/><trkpt lat="35.290751" lon="128.022966"/><trkpt lat="35.290781" lon="128.022994"/><trkpt lat="35.290816" lon="128.023015"/><trkpt lat="35.290867" lon="128.023036"/><trkpt lat="35.291084" lon="128.023117"/><trkpt lat="35.291133" lon="128.02314"/><trkpt lat="35.291178" lon="128.023169"/><trkpt lat="35.291242" lon="128.023219"/><trkpt lat="35.291272" lon="128.023246"/><trkpt lat="35.291301" lon="128.023278"/><trkpt lat="35.291425" lon="128.023449"/><trkpt lat="35.291558" lon="128.023634"/><trkpt lat="35.291587" lon="128.023666"/><trkpt lat="35.29162" lon="128.023689"/><trkpt lat="35.291657" lon="128.023704"/><trkpt lat="35.2918" lon="128.023747"/><trkpt lat="35.291837" lon="128.023761"/><trkpt lat="35.291871" lon="128.023781"/><trkpt lat="35.291898" lon="128.023813"/><trkpt lat="35.291929" lon="128.023866"/><trkpt lat="35.292111" lon="128.024211"/><trkpt lat="35.292149" lon="128.024278"/><trkpt lat="35.292175" lon="128.024315"/><trkpt lat="35.292205" lon="128.024348"/><trkpt lat="35.292341" lon="128.024483"/><trkpt lat="35.292382" lon="128.024526"/><trkpt lat="35.292419" lon="128.024572"/><trkpt lat="35.292495" lon="128.024683"/><trkpt lat="35.292553" lon="128.024771"/><trkpt lat="35.292576" lon="128.024811"/><trkpt lat="35.292717" lon="128.025103"/><trkpt lat="35.292758" lon="128.025186"/><trkpt lat="35.292781" lon="128.025226"/><trkpt lat="35.292814" lon="128.025273"/><trkpt lat="35.292931" lon="128.025422"/><trkpt lat="35.292956" lon="128.025457"/><trkpt lat="35.292977" lon="128.025497"/><trkpt lat="35.293001" lon="128.025553"/><trkpt lat="35.293051" lon="128.025684"/><trkpt lat="35.293071" lon="128.025743"/><trkpt lat="35.293082" lon="128.025789"/><trkpt lat="35.293101" lon="128.025898"/><trkpt lat="35.293127" lon="128.026072"/><trkpt lat="35.293131" lon="128.026119"/><trkpt lat="35.29313" lon="128.026168"/><trkpt lat="35.293115" lon="128.02633"/><trkpt lat="35.293103" lon="128.026427"/><trkpt lat="35.293093" lon="128.026473"/><trkpt lat="35.29308" lon="128.026515"/><trkpt lat="35.293057" lon="128.02657"/><trkpt lat="35.293037" lon="128.026609"/><trkpt lat="35.293014" lon="128.026644"/><trkpt lat="35.292989" lon="128.026678"/><trkpt lat="35.292961" lon="128.026708"/><trkpt lat="35.292929" lon="128.026735"/><trkpt lat="35.292813" lon="128.026811"/><trkpt lat="35.292743" lon="128.026855"/><trkpt lat="35.292707" lon="128.026872"/><trkpt lat="35.292668" lon="128.026884"/><trkpt lat="35.292562" lon="128.026904"/><trkpt lat="35.292321" lon="128.026946"/><trkpt lat="35.292283" lon="128.026956"/><trkpt lat="35.292248" lon="128.026974"/><trkpt lat="35.292218" lon="128.027"/><trkpt lat="35.29219" lon="128.02703"/><trkpt lat="35.292164" lon="128.027063"/><trkpt lat="35.29214" lon="128.027098"/><trkpt lat="35.292113" lon="128.027152"/><trkpt lat="35.292033" lon="128.027332"/><trkpt lat="35.292012" lon="128.027372"/><trkpt lat="35.291987" lon="128.027407"/><trkpt lat="35.291956" lon="128.027437"/><trkpt lat="35.291911" lon="128.027474"/><trkpt lat="35.291798" lon="128.027563"/><trkpt lat="35.291771" lon="128.027592"/><trkpt lat="35.29176" lon="128.027626"/><trkpt lat="35.291768" lon="128.027667"/><trkpt lat="35.291784" lon="128.02771"/><trkpt lat="35.291916" lon="128.028018"/><trkpt lat="35.292654" lon="128.029772"/></trkseg>
<trkseg><trkpt lat="35.29662" lon="128.019359"/><trkpt lat="35.296178" lon="128.019197"/><trkpt lat="35.296127" lon="128.019182"/><trkpt lat="35.296089" lon="128.019179"/><trkpt lat="35.296049" lon="128.019185"/><trkpt lat="35.295879" lon="128.019235"/><trkpt lat="35.295827" lon="128.019253"/><trkpt lat="35.29579" lon="128.01927"/><trkpt lat="35.295705" lon="128.01932"/><trkpt lat="35.295622" lon="128.019373"/><trkpt lat="35.295589" lon="128.0194"/><trkpt lat="35.295561" lon="128.019433"/><trkpt lat="35.295349" lon="128.019749"/><trkpt lat="35.295289" lon="128.019837"/><trkpt lat="35.295261" lon="128.01987"/><trkpt lat="35.29523" lon="128.019898"/><trkpt lat="35.295046" lon="128.020022"/><trkpt lat="35.294933" lon="128.020102"/><trkpt lat="35.294868" lon="128.020158"/><trkpt lat="35.29456" lon="128.020497"/><trkpt lat="35.29452" lon="128.020539"/><trkpt lat="35.294493" lon="128.020575"/><trkpt lat="35.294434" lon="128.020664"/><trkpt lat="35.294261" lon="128.020947"/><trkpt lat="35.294232" lon="128.020981"/><trkpt lat="35.2942" lon="128.021008"/><trkpt lat="35.294142" lon="128.021047"/><trkpt lat="35.293843" lon="128.021161"/><trkpt lat="35.293674" lon="128.021322"/><trkpt lat="35.293637" lon="128.021339"/><trkpt lat="35.2936" lon="128.021345"/><trkpt lat="35.293561" lon="128.021342"/><trkpt lat="35.293412" lon="128.021262"/><trkpt lat="35.293385" lon="128.021243"/><trkpt lat="35.293374" lon="128.021207"/><trkpt lat="35.293372" lon="128.021161"/><trkpt lat="35.293405" lon="128.020965"/><trkpt lat="35.293405" lon="128.0209"/><trkpt lat="35.293401" lon="128.020853"/><trkpt lat="35.293388" lon="128.02081"/><trkpt lat="35.293366" lon="128.02077"/><trkpt lat="35.293317" lon="128.020694"/><trkpt lat="35.293002" lon="128.020579"/><trkpt lat="35.292513" lon="128.020484"/><trkpt lat="35.292399" lon="128.020373"/></trkseg>
<trkseg><trkpt lat="35.307775" lon="128.034566"/><trkpt lat="35.307751" lon="128.034427"/><trkpt lat="35.307737" lon="128.034363"/><trkpt lat="35.307724" lon="128.034319"/><trkpt lat="35.307703" lon="128.034279"/><trkpt lat="35.307503" lon="128.033977"/><trkpt lat="35.307394" lon="128.033814"/><trkpt lat="35.307373" lon="128.033775"/><trkpt lat="35.30736" lon="128.033732"/><trkpt lat="35.307356" lon="128.033685"/><trkpt lat="35.307356" lon="128.033605"/><trkpt lat="35.307352" lon="128.033558"/><trkpt lat="35.307339" lon="128.033514"/><trkpt lat="35.307316" lon="128.033456"/><trkpt lat="35.307219" lon="128.033244"/><trkpt lat="35.307202" lon="128.033201"/><trkpt lat="35.30719" lon="128.033156"/><trkpt lat="35.307184" lon="128.033109"/><trkpt lat="35.307176" lon="128.032997"/><trkpt lat="35.307172" lon="128.032917"/><trkpt lat="35.307173" lon="128.03287"/><trkpt lat="35.307181" lon="128.032826"/><trkpt lat="35.307198" lon="128.032785"/><trkpt lat="35.30723" lon="128.032719"/><trkpt lat="35.307245" lon="128.032675"/><trkpt lat="35.307264" lon="128.032579"/><trkpt lat="35.307313" lon="128.032306"/><trkpt lat="35.307319" lon="128.032258"/><trkpt lat="35.30732" lon="128.032211"/><trkpt lat="35.30731" lon="128.032165"/><trkpt lat="35.307295" lon="128.03212"/><trkpt lat="35.307253" lon="128.032017"/><trkpt lat="35.307232" lon="128.031975"/><trkpt lat="35.307208" lon="128.031938"/><trkpt lat="35.307157" lon="128.031886"/><trkpt lat="35.307129" lon="128.031854"/><trkpt lat="35.307109" lon="128.031815"/><trkpt lat="35.307085" lon="128.031742"/><trkpt lat="35.307067" lon="128.031704"/><trkpt lat="35.30704" lon="128.031662"/><trkpt lat="35.307024" lon="128.031627"/><trkpt lat="35.307018" lon="128.031583"/><trkpt lat="35.307016" lon="128.031521"/><trkpt lat="35.307015" lon="128.03141"/><trkpt lat="35.307012" lon="128.031364"/><trkpt lat="35.307" lon="128.031321"/><trkpt lat="35.306979" lon="128.031282"/><trkpt lat="35.306944" lon="128.031232"/><trkpt lat="35.306846" lon="128.031096"/><trkpt lat="35.306823" lon="128.031057"/><trkpt lat="35.30681" lon="128.031017"/><trkpt lat="35.306802" lon="128.030961"/><trkpt lat="35.306787" lon="128.030928"/><trkpt lat="35.306758" lon="128.030891"/><trkpt lat="35.306741" lon="128.030854"/><trkpt lat="35.306723" lon="128.030798"/><trkpt lat="35.306702" lon="128.030762"/><trkpt lat="35.306661" lon="128.030706"/><trkpt lat="35.306641" lon="128.03067"/><trkpt lat="35.30663" lon="128.03063"/><trkpt lat="35.306627" lon="128.030585"/><trkpt lat="35.306628" lon="128.030495"/><trkpt lat="35.306623" lon="128.030453"/><trkpt lat="35.306607" lon="128.030419"/><trkpt lat="35.306582" lon="128.030374"/><trkpt lat="35.306562" lon="128.030321"/><trkpt lat="35.306542" lon="128.030286"/><trkpt lat="35.306508" lon="128.030248"/><trkpt lat="35.306488" lon="128.030216"/><trkpt lat="35.30648" lon="128.030177"/><trkpt lat="35.306481" lon="128.030135"/><trkpt lat="35.306504" lon="128.030049"/><trkpt lat="35.306511" lon="128.03001"/><trkpt lat="35.306506" lon="128.02998"/><trkpt lat="35.3065" lon="128.029946"/><trkpt lat="35.306501" lon="128.029903"/><trkpt lat="35.306506" lon="128.029858"/><trkpt lat="35.306515" lon="128.029813"/><trkpt lat="35.306532" lon="128.029772"/><trkpt lat="35.30656" lon="128.029721"/><trkpt lat="35.306575" lon="128.029682"/><trkpt lat="35.306579" lon="128.029638"/><trkpt lat="35.306578" lon="128.029562"/><trkpt lat="35.306585" lon="128.029524"/><trkpt lat="35.306596" lon="128.029477"/><trkpt lat="35.306592" lon="128.029434"/><trkpt lat="35.306581" lon="128.02939"/><trkpt lat="35.306548" lon="128.029285"/><trkpt lat="35.306525" lon="128.029228"/><trkpt lat="35.306503" lon="128.029193"/><trkpt lat="35.306472" lon="128.02917"/><trkpt lat="35.306432" lon="128.029146"/><trkpt lat="35.306419" lon="128.029121"/><trkpt lat="35.306435" lon="128.029066"/><trkpt lat="35.306439" lon="128.029037"/><trkpt lat="35.306414" lon="128.02901"/><trkpt lat="35.306387" lon="128.028983"/><trkpt lat="35.306342" lon="128.02893"/><trkpt lat="35.3063" lon="128.028872"/><trkpt lat="35.306278" lon="128.028835"/><trkpt lat="35.306264" lon="128.028793"/><trkpt lat="35.306258" lon="128.028746"/><trkpt lat="35.306237" lon="128.028457"/><trkpt lat="35.306228" lon="128.028361"/><trkpt lat="35.306219" lon="128.028314"/><trkpt lat="35.306192" lon="128.028223"/><trkpt lat="35.305831" lon="128.027134"/><trkpt lat="35.305803" lon="128.027043"/><trkpt lat="35.305792" lon="128.026996"/><trkpt lat="35.305782" lon="128.026916"/><trkpt lat="35.305752" lon="128.026576"/><trkpt lat="35.305744" lon="128.026512"/><trkpt lat="35.305733" lon="128.026466"/><trkpt lat="35.305716" lon="128.026423"/><trkpt lat="35.305583" lon="128.026142"/><trkpt lat="35.305557" lon="128.026085"/><trkpt lat="35.305543" lon="128.026042"/><trkpt lat="35.305537" lon="128.025996"/><trkpt lat="35.30554" lon="128.025948"/><trkpt lat="35.305548" lon="128.025884"/><trkpt lat="35.305558" lon="128.025819"/><trkpt lat="35.30557" lon="128.025772"/><trkpt lat="35.305604" lon="128.025665"/><trkpt lat="35.305676" lon="128.025452"/><trkpt lat="35.305686" lon="128.025405"/><trkpt lat="35.30569" lon="128.025359"/><trkpt lat="35.305688" lon="128.025312"/><trkpt lat="35.305681" lon="128.025266"/><trkpt lat="35.305669" lon="128.025219"/><trkpt lat="35.305577" lon="128.024928"/><trkpt lat="35.305556" lon="128.024868"/><trkpt lat="35.305536" lon="128.024826"/><trkpt lat="35.305482" lon="128.024732"/><trkpt lat="35.305355" lon="128.024522"/><trkpt lat="35.305329" lon="128.024485"/><trkpt lat="35.305195" lon="128.024325"/><trkpt lat="35.305159" lon="128.024279"/><trkpt lat="35.305138" lon="128.024242"/><trkpt lat="35.305131" lon="128.0242"/><trkpt lat="35.305136" lon="128.024154"/><trkpt lat="35.30519" lon="128.023883"/><trkpt lat="35.305202" lon="128.023837"/><trkpt lat="35.305219" lon="128.023795"/><trkpt lat="35.305242" lon="128.02376"/><trkpt lat="35.305268" lon="128.023727"/><trkpt lat="35.305296" lon="128.023697"/><trkpt lat="35.305327" lon="128.023671"/><trkpt lat="35.305386" lon="128.023635"/><trkpt lat="35.305415" lon="128.02361"/><trkpt lat="35.305427" lon="128.02358"/><trkpt lat="35.305425" lon="128.023545"/><trkpt lat="35.305411" lon="128.023506"/><trkpt lat="35.305387" lon="128.023467"/><trkpt lat="35.305281" lon="128.023316"/><trkpt lat="35.305231" lon="128.02324"/><trkpt lat="35.305212" lon="128.0232"/><trkpt lat="35.305204" lon="128.023157"/><trkpt lat="35.305203" lon="128.023095"/><trkpt lat="35.305198" lon="128.023049"/><trkpt lat="35.305185" lon="128.022989"/><trkpt lat="35.305163" lon="128.022899"/><trkpt lat="35.305149" lon="128.022855"/><trkpt lat="35.305131" lon="128.022811"/><trkpt lat="35.304984" lon="128.022497"/><trkpt lat="35.304945" lon="128.022411"/><trkpt lat="35.304929" lon="128.022367"/><trkpt lat="35.304918" lon="128.022322"/><trkpt lat="35.304901" lon="128.022216"/><trkpt lat="35.304889" lon="128.022158"/><trkpt lat="35.304877" lon="128.022121"/><trkpt lat="35.30486" lon="128.022081"/><trkpt lat="35.30486" lon="128.02204"/><trkpt lat="35.304866" lon="128.021993"/><trkpt lat="35.304897" lon="128.021816"/><trkpt lat="35.304906" lon="128.021752"/><trkpt lat="35.304908" lon="128.021703"/><trkpt lat="35.304906" lon="128.021656"/><trkpt lat="35.304869" lon="128.021339"/><trkpt lat="35.30486" lon="128.021294"/><trkpt lat="35.304844" lon="128.021253"/><trkpt lat="35.304819" lon="128.021217"/><trkpt lat="35.304781" lon="128.021172"/><trkpt lat="35.304552" lon="128.02092"/><trkpt lat="35.304525" lon="128.020886"/><trkpt lat="35.304503" lon="128.020847"/><trkpt lat="35.304489" lon="128.020803"/><trkpt lat="35.304434" lon="128.020568"/><trkpt lat="35.304333" lon="128.02013"/><trkpt lat="35.30432" lon="128.020085"/><trkpt lat="35.304302" lon="128.020047"/><trkpt lat="35.304272" lon="128.02002"/><trkpt lat="35.304238" lon="128.019999"/><trkpt lat="35.303755" lon="128.019763"/><trkpt lat="35.303695" lon="128.019729"/><trkpt lat="35.303662" lon="128.019704"/><trkpt lat="35.303633" lon="128.019672"/><trkpt lat="35.303513" lon="128.019519"/><trkpt lat="35.303394" lon="128.019364"/><trkpt lat="35.303361" lon="128.019314"/><trkpt lat="35.303342" lon="128.019275"/><trkpt lat="35.303315" lon="128.01921"/><trkpt lat="35.303292" lon="128.019179"/><trkpt lat="35.303259" lon="128.019158"/><trkpt lat="35.303196" lon="128.019133"/><trkpt lat="35.30298" lon="128.019052"/><trkpt lat="35.302827" lon="128.018995"/><trkpt lat="35.302789" lon="128.018986"/><trkpt lat="35.302751" lon="128.018987"/><trkpt lat="35.3027" lon="128.018999"/><trkpt lat="35.302508" lon="128.01906"/><trkpt lat="35.302472" lon="128.019074"/><trkpt lat="35.30244" lon="128.019096"/><trkpt lat="35.302415" lon="128.019129"/><trkpt lat="35.302387" lon="128.019184"/><trkpt lat="35.302312" lon="128.019357"/><trkpt lat="35.302292" lon="128.019398"/><trkpt lat="35.302268" lon="128.019434"/><trkpt lat="35.302237" lon="128.019461"/><trkpt lat="35.302191" lon="128.019491"/><trkpt lat="35.301941" lon="128.019635"/><trkpt lat="35.301905" lon="128.019653"/><trkpt lat="35.301866" lon="128.019666"/><trkpt lat="35.301827" lon="128.019675"/><trkpt lat="35.301787" lon="128.01968"/><trkpt lat="35.301748" lon="128.019679"/><trkpt lat="35.301686" lon="128.019664"/><trkpt lat="35.301649" lon="128.019658"/><trkpt lat="35.301611" lon="128.019661"/><trkpt lat="35.301561" lon="128.019676"/><trkpt lat="35.301323" lon="128.019774"/><trkpt lat="35.301273" lon="128.019792"/><trkpt lat="35.301235" lon="128.019801"/><trkpt lat="35.301196" lon="128.019805"/><trkpt lat="35.301053" lon="128.019809"/><trkpt lat="35.301015" lon="128.019814"/><trkpt lat="35.300979" lon="128.019825"/><trkpt lat="35.300945" lon="128.019846"/><trkpt lat="35.300847" lon="128.01992"/><trkpt lat="35.300813" lon="128.019942"/><trkpt lat="35.300777" lon="128.01996"/><trkpt lat="35.300701" lon="128.019988"/><trkpt lat="35.300525" lon="128.020051"/><trkpt lat="35.300489" lon="128.020069"/><trkpt lat="35.300455" lon="128.020093"/><trkpt lat="35.300384" lon="128.020164"/><trkpt lat="35.300354" lon="128.020193"/><trkpt lat="35.300321" lon="128.020218"/><trkpt lat="35.300274" lon="128.02024"/><trkpt lat="35.3002" lon="128.020268"/><trkpt lat="35.300151" lon="128.020281"/><trkpt lat="35.300112" lon="128.020284"/><trkpt lat="35.30006" lon="128.020279"/><trkpt lat="35.299875" lon="128.020253"/><trkpt lat="35.299836" lon="128.020251"/><trkpt lat="35.299799" lon="128.020256"/><trkpt lat="35.299766" lon="128.020273"/><trkpt lat="35.299703" lon="128.020324"/><trkpt lat="35.299672" lon="128.020348"/><trkpt lat="35.299638" lon="128.020365"/><trkpt lat="35.299601" lon="128.020374"/><trkpt lat="35.299512" lon="128.020384"/><trkpt lat="35.29947" lon="128.020398"/><trkpt lat="35.299435" lon="128.020426"/><trkpt lat="35.29942" lon="128.020454"/><trkpt lat="35.299419" lon="128.020457"/></trkseg>
<trkseg><trkpt lat="35.304334" lon="128.023479"/><trkpt lat="35.304301" lon="128.023328"/><trkpt lat="35.304288" lon="128.023284"/><trkpt lat="35.30427" lon="128.023241"/><trkpt lat="35.304154" lon="128.023004"/><trkpt lat="35.303942" lon="128.022571"/><trkpt lat="35.303913" lon="128.022516"/><trkpt lat="35.303889" lon="128.022479"/><trkpt lat="35.30386" lon="128.022444"/><trkpt lat="35.303819" lon="128.022403"/><trkpt lat="35.303786" lon="128.022377"/><trkpt lat="35.30375" lon="128.022363"/><trkpt lat="35.303712" lon="128.022357"/><trkpt lat="35.303593" lon="128.022354"/><trkpt lat="35.303528" lon="128.02235"/><trkpt lat="35.303491" lon="128.022342"/><trkpt lat="35.303458" lon="128.022322"/><trkpt lat="35.303429" lon="128.022292"/><trkpt lat="35.303363" lon="128.022212"/><trkpt lat="35.30333" lon="128.022164"/><trkpt lat="35.303314" lon="128.022126"/><trkpt lat="35.303314" lon="128.022083"/><trkpt lat="35.303323" lon="128.022038"/><trkpt lat="35.303399" lon="128.02182"/><trkpt lat="35.303417" lon="128.021744"/><trkpt lat="35.303423" lon="128.021697"/><trkpt lat="35.303425" lon="128.02165"/><trkpt lat="35.303461" lon="128.021396"/><trkpt lat="35.303458" lon="128.02135"/><trkpt lat="35.303449" lon="128.02131"/><trkpt lat="35.303427" lon="128.021283"/><trkpt lat="35.303288" lon="128.021284"/><trkpt lat="35.303212" lon="128.021261"/><trkpt lat="35.303176" lon="128.021246"/><trkpt lat="35.303144" lon="128.021221"/><trkpt lat="35.303116" lon="128.021188"/><trkpt lat="35.303006" lon="128.020944"/><trkpt lat="35.302993" lon="128.020785"/><trkpt lat="35.302965" lon="128.020752"/><trkpt lat="35.302935" lon="128.020729"/><trkpt lat="35.3029" lon="128.020724"/><trkpt lat="35.302861" lon="128.02073"/><trkpt lat="35.302638" lon="128.020773"/><trkpt lat="35.302587" lon="128.020788"/><trkpt lat="35.30255" lon="128.020805"/><trkpt lat="35.302515" lon="128.020828"/><trkpt lat="35.3023" lon="128.021114"/><trkpt lat="35.302172" lon="128.021243"/><trkpt lat="35.302139" lon="128.021261"/><trkpt lat="35.302107" lon="128.021262"/><trkpt lat="35.302077" lon="128.02124"/><trkpt lat="35.302048" lon="128.021209"/><trkpt lat="35.301716" lon="128.020855"/><trkpt lat="35.3016" lon="128.020719"/><trkpt lat="35.30157" lon="128.02069"/><trkpt lat="35.301536" lon="128.02067"/><trkpt lat="35.301498" lon="128.020662"/><trkpt lat="35.301228" lon="128.020652"/><trkpt lat="35.301107" lon="128.020646"/><trkpt lat="35.301067" lon="128.02064"/><trkpt lat="35.300988" lon="128.020621"/><trkpt lat="35.300414" lon="128.020459"/><trkpt lat="35.300375" lon="128.02045"/><trkpt lat="35.300335" lon="128.020447"/><trkpt lat="35.300282" lon="128.020453"/><trkpt lat="35.30011" lon="128.020486"/><trkpt lat="35.299885" lon="128.020643"/><trkpt lat="35.299846" lon="128.020648"/><trkpt lat="35.299807" lon="128.020644"/><trkpt lat="35.299769" lon="128.020632"/><trkpt lat="35.299419" lon="128.020457"/></trkseg>
<trkseg><trkpt lat="35.220906" lon="128.036396"/><trkpt lat="35.22044" lon="128.036228"/><trkpt lat="35.220401" lon="128.036217"/><trkpt lat="35.220362" lon="128.036211"/><trkpt lat="35.220322" lon="128.036212"/><trkpt lat="35.22027" lon="128.036219"/><trkpt lat="35.220231" lon="128.036228"/><trkpt lat="35.220195" lon="128.036244"/><trkpt lat="35.220162" lon="128.036269"/><trkpt lat="35.220013" lon="128.036408"/><trkpt lat="35.219908" lon="128.036507"/></trkseg>
<trkseg><trkpt lat="35.219908" lon="128.036507"/><trkpt lat="35.220307" lon="128.036499"/><trkpt lat="35.22036" lon="128.036494"/><trkpt lat="35.220411" lon="128.036482"/><trkpt lat="35.22059" lon="128.036424"/><trkpt lat="35.220667" lon="128.036401"/><trkpt lat="35.220706" lon="128.036394"/><trkpt lat="35.220759" lon="128.036392"/><trkpt lat="35.220906" lon="128.036396"/></trkseg>
<trkseg><trkpt lat="35.220948" lon="128.036379"/><trkpt lat="35.220898" lon="128.036255"/><trkpt lat="35.220881" lon="128.036209"/><trkpt lat="35.22087" lon="128.036166"/><trkpt lat="35.220867" lon="128.03612"/><trkpt lat="35.220871" lon="128.036072"/><trkpt lat="35.220921" lon="128.035718"/><trkpt lat="35.220948" lon="128.035525"/><trkpt lat="35.220958" lon="128.035479"/><trkpt lat="35.220975" lon="128.035437"/><trkpt lat="35.220998" lon="128.035397"/><trkpt lat="35.221053" lon="128.035308"/><trkpt lat="35.221071" lon="128.035256"/><trkpt lat="35.221075" lon="128.035201"/><trkpt lat="35.221072" lon="128.035162"/></trkseg>
<trkseg><trkpt lat="35.220906" lon="128.036396"/><trkpt lat="35.220948" lon="128.036379"/></trkseg>
<trkseg><trkpt lat="35.220948" lon="128.036379"/><trkpt lat="35.221114" lon="128.036395"/><trkpt lat="35.221146" lon="128.0364"/><trkpt lat="35.221169" lon="128.03641"/><trkpt lat="35.221189" lon="128.036425"/><trkpt lat="35.221321" lon="128.036557"/></trkseg>
<trkseg><trkpt lat="35.221321" lon="128.036557"/><trkpt lat="35.221476" lon="128.03676"/><trkpt lat="35.221494" lon="128.036789"/><trkpt lat="35.221508" lon="128.036819"/><trkpt lat="35.221532" lon="128.036883"/><trkpt lat="35.221594" lon="128.037055"/></trkseg>
<trkseg><trkpt lat="35.221594" lon="128.037055"/><trkpt lat="35.221608" lon="128.036988"/><trkpt lat="35.221617" lon="128.036935"/><trkpt lat="35.221619" lon="128.036893"/><trkpt lat="35.221613" lon="128.036852"/><trkpt lat="35.2216" lon="128.036799"/><trkpt lat="35.221584" lon="128.036747"/><trkpt lat="35.221569" lon="128.036711"/><trkpt lat="35.221546" lon="128.036685"/><trkpt lat="35.221518" lon="128.036665"/><trkpt lat="35.221386" lon="128.036592"/><trkpt lat="35.221321" lon="128.036557"/></trkseg>
<trkseg><trkpt lat="35.221594" lon="128.037055"/><trkpt lat="35.221599" lon="128.037192"/><trkpt lat="35.221605" lon="128.037272"/><trkpt lat="35.221613" lon="128.037315"/><trkpt lat="35.22163" lon="128.037357"/><trkpt lat="35.221658" lon="128.037411"/><trkpt lat="35.221784" lon="128.037634"/><trkpt lat="35.221809" lon="128.03767"/><trkpt lat="35.221839" lon="128.0377"/><trkpt lat="35.221885" lon="128.037732"/><trkpt lat="35.222052" lon="128.037835"/><trkpt lat="35.222101" lon="128.037861"/><trkpt lat="35.222139" lon="128.037873"/><trkpt lat="35.222205" lon="128.037885"/><trkpt lat="35.222737" lon="128.037962"/><trkpt lat="35.222791" lon="128.037965"/><trkpt lat="35.222831" lon="128.037962"/><trkpt lat="35.222951" lon="128.037942"/><trkpt lat="35.223004" lon="128.037936"/><trkpt lat="35.223043" lon="128.03794"/><trkpt lat="35.223135" lon="128.037964"/><trkpt lat="35.223174" lon="128.037972"/><trkpt lat="35.223212" lon="128.037972"/><trkpt lat="35.223251" lon="128.037962"/><trkpt lat="35.223327" lon="128.037937"/><trkpt lat="35.223365" lon="128.037929"/><trkpt lat="35.223405" lon="128.037932"/><trkpt lat="35.223444" lon="128.037939"/><trkpt lat="35.223615" lon="128.037984"/><trkpt lat="35.223668" lon="128.037995"/><trkpt lat="35.223707" lon="128.037999"/><trkpt lat="35.223744" lon="128.037996"/><trkpt lat="35.223816" lon="128.037984"/><trkpt lat="35.223854" lon="128.037984"/><trkpt lat="35.223893" lon="128.037992"/><trkpt lat="35.224114" lon="128.038062"/><trkpt lat="35.224571" lon="128.038207"/><trkpt lat="35.22461" lon="128.038216"/><trkpt lat="35.224703" lon="128.038226"/><trkpt lat="35.22485" lon="128.038237"/></trkseg>
<trkseg><trkpt lat="35.22485" lon="128.038237"/><trkpt lat="35.225368" lon="128.038306"/><trkpt lat="35.225421" lon="128.03831"/><trkpt lat="35.225459" lon="128.038307"/><trkpt lat="35.225615" lon="128.038285"/></trkseg>
<trkseg><trkpt lat="35.225615" lon="128.038285"/><trkpt lat="35.225583" lon="128.038255"/><trkpt lat="35.225544" lon="128.038226"/><trkpt lat="35.2255" lon="128.038204"/><trkpt lat="35.225254" lon="128.038133"/><trkpt lat="35.225203" lon="128.03812"/><trkpt lat="35.225164" lon="128.038117"/><trkpt lat="35.225126" lon="128.038125"/><trkpt lat="35.225076" lon="128.038143"/><trkpt lat="35.22485" lon="128.038237"/></trkseg>
<trkseg><trkpt lat="35.225615" lon="128.038285"/><trkpt lat="35.225871" lon="128.038385"/></trkseg>
<trkseg><trkpt lat="35.225871" lon="128.038385"/><trkpt lat="35.22655" lon="128.038784"/><trkpt lat="35.226608" lon="128.038824"/><trkpt lat="35.226902" lon="128.039042"/><trkpt lat="35.226947" lon="128.039074"/><trkpt lat="35.226981" lon="128.039091"/><trkpt lat="35.227013" lon="128.039093"/><trkpt lat="35.227043" lon="128.039076"/><trkpt lat="35.227073" lon="128.03905"/><trkpt lat="35.227099" lon="128.039018"/><trkpt lat="35.227123" lon="128.038979"/><trkpt lat="35.22718" lon="128.038869"/><trkpt lat="35.227205" lon="128.038831"/><trkpt lat="35.227234" lon="128.038799"/><trkpt lat="35.227289" lon="128.038752"/><trkpt lat="35.227335" lon="128.038718"/><trkpt lat="35.227371" lon="128.038699"/><trkpt lat="35.227422" lon="128.038683"/><trkpt lat="35.227862" lon="128.038579"/></trkseg>
<trkseg><trkpt lat="35.227862" lon="128.038579"/><trkpt lat="35.227619" lon="128.038497"/><trkpt lat="35.227568" lon="128.038484"/><trkpt lat="35.22753" lon="128.038483"/><trkpt lat="35.227492" lon="128.038492"/><trkpt lat="35.227161" lon="128.038621"/><trkpt lat="35.227097" lon="128.038643"/><trkpt lat="35.227059" lon="128.03865"/><trkpt lat="35.227021" lon="128.038648"/><trkpt lat="35.226946" lon="128.038629"/><trkpt lat="35.226834" lon="128.038595"/><trkpt lat="35.226798" lon="128.038578"/><trkpt lat="35.22675" lon="128.038548"/><trkpt lat="35.226495" lon="128.038366"/><trkpt lat="35.226436" lon="128.038327"/><trkpt lat="35.226399" lon="128.038309"/><trkpt lat="35.226364" lon="128.038302"/><trkpt lat="35.226327" lon="128.0383"/><trkpt lat="35.22629" lon="128.038304"/><trkpt lat="35.226255" lon="128.038315"/><trkpt lat="35.226221" lon="128.038335"/><trkpt lat="35.226144" lon="128.038393"/><trkpt lat="35.22611" lon="128.038415"/><trkpt lat="35.226075" lon="128.038426"/><trkpt lat="35.226038" lon="128.038425"/><trkpt lat="35.225999" lon="128.038418"/><trkpt lat="35.225871" lon="128.038385"/></trkseg>
<trkseg><trkpt lat="35.227862" lon="128.038579"/><trkpt lat="35.227939" lon="128.038595"/><trkpt lat="35.227986" lon="128.038601"/><trkpt lat="35.228025" lon="128.0386"/><trkpt lat="35.22809" lon="128.038588"/><trkpt lat="35.228246" lon="128.038553"/><trkpt lat="35.228323" lon="128.038528"/><trkpt lat="35.228652" lon="128.03841"/><trkpt lat="35.228701" lon="128.038388"/><trkpt lat="35.228735" lon="128.038365"/><trkpt lat="35.228798" lon="128.038308"/><trkpt lat="35.228841" lon="128.038272"/><trkpt lat="35.228876" lon="128.038252"/><trkpt lat="35.228928" lon="128.038234"/><trkpt lat="35.229112" lon="128.03818"/><trkpt lat="35.229163" lon="128.038162"/><trkpt lat="35.229198" lon="128.038143"/><trkpt lat="35.229225" lon="128.038115"/><trkpt lat="35.229253" lon="128.038084"/><trkpt lat="35.229291" lon="128.038062"/><trkpt lat="35.229329" lon="128.038057"/><trkpt lat="35.229346" lon="128.038059"/></trkseg>
<trkseg><trkpt lat="35.229346" lon="128.038059"/><trkpt lat="35.229908" lon="128.03788"/></trkseg>
<trkseg><trkpt lat="35.229908" lon="128.03788"/><trkpt lat="35.229706" lon="128.037842"/><trkpt lat="35.229671" lon="128.037838"/><trkpt lat="35.229637" lon="128.037841"/><trkpt lat="35.229605" lon="128.037856"/><trkpt lat="35.229542" lon="128.037902"/><trkpt lat="35.229346" lon="128.038059"/></trkseg>
<trkseg><trkpt lat="35.229908" lon="128.03788"/><trkpt lat="35.230547" lon="128.037678"/><trkpt lat="35.230599" lon="128.037658"/><trkpt lat="35.230635" lon="128.037639"/><trkpt lat="35.230752" lon="128.037566"/><trkpt lat="35.230811" lon="128.037533"/><trkpt lat="35.230849" lon="128.037519"/><trkpt lat="35.230888" lon="128.037512"/><trkpt lat="35.231171" lon="128.037491"/><trkpt lat="35.231238" lon="128.037485"/><trkpt lat="35.231277" lon="128.037476"/><trkpt lat="35.231312" lon="128.037458"/><trkpt lat="35.231355" lon="128.037423"/><trkpt lat="35.231724" lon="128.03708"/><trkpt lat="35.231788" lon="128.037023"/><trkpt lat="35.231843" lon="128.036982"/><trkpt lat="35.231911" lon="128.036936"/><trkpt lat="35.231945" lon="128.036915"/><trkpt lat="35.231981" lon="128.0369"/><trkpt lat="35.232054" lon="128.03688"/><trkpt lat="35.232088" lon="128.036862"/><trkpt lat="35.232119" lon="128.036835"/><trkpt lat="35.232198" lon="128.036746"/><trkpt lat="35.232238" lon="128.036704"/><trkpt lat="35.23227" lon="128.036677"/><trkpt lat="35.232305" lon="128.036661"/><trkpt lat="35.232368" lon="128.036642"/><trkpt lat="35.232573" lon="128.036593"/><trkpt lat="35.232612" lon="128.036588"/><trkpt lat="35.232652" lon="128.03659"/><trkpt lat="35.232865" lon="128.036623"/><trkpt lat="35.233307" lon="128.036695"/><trkpt lat="35.233359" lon="128.036703"/><trkpt lat="35.233397" lon="128.036703"/><trkpt lat="35.23343" lon="128.036689"/><trkpt lat="35.233457" lon="128.036659"/><trkpt lat="35.233508" lon="128.036589"/><trkpt lat="35.23354" lon="128.03656"/><trkpt lat="35.233585" lon="128.036527"/><trkpt lat="35.233891" lon="128.036329"/><trkpt lat="35.233939" lon="128.036302"/><trkpt lat="35.234002" lon="128.036274"/><trkpt lat="35.234721" lon="128.035976"/><trkpt lat="35.234771" lon="128.035953"/><trkpt lat="35.234806" lon="128.035931"/><trkpt lat="35.234849" lon="128.035893"/><trkpt lat="35.235107" lon="128.035637"/><trkpt lat="35.23515" lon="128.035598"/><trkpt lat="35.235183" lon="128.035572"/><trkpt lat="35.235218" lon="128.035552"/><trkpt lat="35.235267" lon="128.035531"/><trkpt lat="35.235403" lon="128.035474"/><trkpt lat="35.235437" lon="128.035454"/><trkpt lat="35.235466" lon="128.035426"/><trkpt lat="35.235499" lon="128.035379"/><trkpt lat="35.235571" lon="128.035269"/><trkpt lat="35.235598" lon="128.035236"/><trkpt lat="35.235639" lon="128.035199"/><trkpt lat="35.235737" lon="128.035121"/><trkpt lat="35.235781" lon="128.03509"/><trkpt lat="35.235816" lon="128.035076"/><trkpt lat="35.235853" lon="128.035077"/><trkpt lat="35.235892" lon="128.035087"/><trkpt lat="35.2361" lon="128.035156"/><trkpt lat="35.236153" lon="128.03517"/><trkpt lat="35.236193" lon="128.035176"/><trkpt lat="35.23634" lon="128.035191"/><trkpt lat="35.236406" lon="128.035194"/><trkpt lat="35.236446" lon="128.03519"/><trkpt lat="35.236497" lon="128.035173"/><trkpt lat="35.236815" lon="128.035046"/><trkpt lat="35.237223" lon="128.034884"/><trkpt lat="35.237273" lon="128.034862"/><trkpt lat="35.237309" lon="128.034841"/><trkpt lat="35.237342" lon="128.034815"/><trkpt lat="35.237482" lon="128.034691"/><trkpt lat="35.237526" lon="128.034655"/><trkpt lat="35.237561" lon="128.034633"/><trkpt lat="35.237597" lon="128.034619"/><trkpt lat="35.237674" lon="128.034603"/><trkpt lat="35.237895" lon="128.034562"/><trkpt lat="35.237933" lon="128.034551"/><trkpt lat="35.23798" lon="128.03453"/><trkpt lat="35.238038" lon="128.034499"/><trkpt lat="35.238072" lon="128.034478"/><trkpt lat="35.238105" lon="128.034452"/><trkpt lat="35.238148" lon="128.034413"/><trkpt lat="35.238283" lon="128.034279"/><trkpt lat="35.238314" lon="128.034251"/><trkpt lat="35.238346" lon="128.034233"/><trkpt lat="35.238378" lon="128.034235"/><trkpt lat="35.238412" lon="128.034255"/><trkpt lat="35.238578" lon="128.034391"/><trkpt lat="35.238679" lon="128.034473"/><trkpt lat="35.238713" lon="128.034497"/><trkpt lat="35.238749" lon="128.034517"/><trkpt lat="35.2388" lon="128.034538"/><trkpt lat="35.238839" lon="128.03455"/><trkpt lat="35.238879" lon="128.034557"/><trkpt lat="35.239174" lon="128.034572"/><trkpt lat="35.23967" lon="128.034594"/><trkpt lat="35.239734" lon="128.03459"/><trkpt lat="35.239824" lon="128.034579"/><trkpt lat="35.239862" lon="128.034571"/><trkpt lat="35.239899" lon="128.034558"/><trkpt lat="35.239955" lon="128.034523"/><trkpt lat="35.239988" lon="128.034505"/><trkpt lat="35.240023" lon="128.034499"/><trkpt lat="35.240059" lon="128.034509"/><trkpt lat="35.240096" lon="128.034526"/><trkpt lat="35.240131" lon="128.034547"/><trkpt lat="35.240165" lon="128.034572"/><trkpt lat="35.240203" lon="128.034612"/><trkpt lat="35.240232" lon="128.03464"/><trkpt lat="35.240267" lon="128.034661"/><trkpt lat="35.240317" lon="128.034681"/><trkpt lat="35.240485" lon="128.03474"/><trkpt lat="35.240535" lon="128.034763"/><trkpt lat="35.24057" lon="128.034785"/><trkpt lat="35.240638" lon="128.034836"/><trkpt lat="35.240762" lon="128.034932"/><trkpt lat="35.240796" lon="128.034955"/><trkpt lat="35.240832" lon="128.034971"/><trkpt lat="35.240869" lon="128.034982"/><trkpt lat="35.240919" lon="128.034991"/><trkpt lat="35.240957" lon="128.034993"/><trkpt lat="35.240996" lon="128.034989"/><trkpt lat="35.24119" lon="128.034957"/><trkpt lat="35.24124" lon="128.034944"/><trkpt lat="35.241276" lon="128.034927"/><trkpt lat="35.241308" lon="128.034899"/><trkpt lat="35.241349" lon="128.034857"/><trkpt lat="35.241632" lon="128.034552"/><trkpt lat="35.241674" lon="128.034511"/><trkpt lat="35.241707" lon="128.034484"/><trkpt lat="35.241742" lon="128.034463"/><trkpt lat="35.241865" lon="128.0344"/><trkpt lat="35.241912" lon="128.034373"/><trkpt lat="35.241943" lon="128.034347"/><trkpt lat="35.241966" lon="128.034311"/><trkpt lat="35.24199" lon="128.034255"/><trkpt lat="35.242125" lon="128.033903"/><trkpt lat="35.24215" lon="128.033846"/><trkpt lat="35.242173" lon="128.033808"/><trkpt lat="35.242201" lon="128.033775"/><trkpt lat="35.242314" lon="128.033665"/><trkpt lat="35.242427" lon="128.033556"/><trkpt lat="35.242459" lon="128.033529"/><trkpt lat="35.242494" lon="128.033508"/><trkpt lat="35.242558" lon="128.033481"/><trkpt lat="35.243317" lon="128.033197"/><trkpt lat="35.243613" lon="128.033087"/><trkpt lat="35.243666" lon="128.033076"/><trkpt lat="35.243918" lon="128.033044"/><trkpt lat="35.244144" lon="128.033016"/><trkpt lat="35.244183" lon="128.033015"/><trkpt lat="35.244221" lon="128.033023"/><trkpt lat="35.24427" lon="128.033044"/><trkpt lat="35.244451" lon="128.033135"/><trkpt lat="35.2445" lon="128.033156"/><trkpt lat="35.244538" lon="128.033167"/><trkpt lat="35.244592" lon="128.033171"/><trkpt lat="35.244659" lon="128.03317"/><trkpt lat="35.244698" lon="128.033164"/><trkpt lat="35.244736" lon="128.03315"/><trkpt lat="35.244771" lon="128.033129"/><trkpt lat="35.245084" lon="128.032906"/></trkseg>
<trkseg><trkpt lat="35.243983" lon="128.040444"/><trkpt lat="35.244097" lon="128.040621"/><trkpt lat="35.244122" lon="128.040655"/><trkpt lat="35.244147" lon="128.040676"/><trkpt lat="35.244173" lon="128.040672"/><trkpt lat="35.244201" lon="128.040646"/><trkpt lat="35.244258" lon="128.040578"/><trkpt lat="35.244298" lon="128.040535"/><trkpt lat="35.24433" lon="128.040509"/><trkpt lat="35.244367" lon="128.040495"/><trkpt lat="35.244442" lon="128.040476"/><trkpt lat="35.24447" lon="128.040454"/><trkpt lat="35.244488" lon="128.040417"/><trkpt lat="35.244501" lon="128.040373"/><trkpt lat="35.244554" lon="128.040159"/><trkpt lat="35.244571" lon="128.040098"/><trkpt lat="35.244588" lon="128.040056"/><trkpt lat="35.244616" lon="128.040002"/><trkpt lat="35.244647" lon="128.039952"/><trkpt lat="35.244673" lon="128.039917"/><trkpt lat="35.244702" lon="128.039886"/><trkpt lat="35.244834" lon="128.039759"/><trkpt lat="35.244873" lon="128.039718"/><trkpt lat="35.244898" lon="128.039683"/><trkpt lat="35.244936" lon="128.039619"/><trkpt lat="35.245009" lon="128.039489"/><trkpt lat="35.245034" lon="128.039452"/><trkpt lat="35.245099" lon="128.03937"/><trkpt lat="35.245508" lon="128.038874"/><trkpt lat="35.245543" lon="128.038826"/><trkpt lat="35.245562" lon="128.038786"/><trkpt lat="35.245575" lon="128.038741"/><trkpt lat="35.245592" lon="128.038647"/><trkpt lat="35.245608" lon="128.038536"/><trkpt lat="35.245613" lon="128.038472"/><trkpt lat="35.245618" lon="128.03808"/><trkpt lat="35.245621" lon="128.037982"/><trkpt lat="35.245627" lon="128.037935"/><trkpt lat="35.245639" lon="128.037889"/><trkpt lat="35.245673" lon="128.0378"/><trkpt lat="35.245836" lon="128.037385"/><trkpt lat="35.245856" lon="128.037324"/><trkpt lat="35.245868" lon="128.037278"/><trkpt lat="35.245901" lon="128.037106"/><trkpt lat="35.245912" lon="128.037059"/><trkpt lat="35.245927" lon="128.037016"/><trkpt lat="35.245958" lon="128.036948"/><trkpt lat="35.246016" lon="128.036825"/><trkpt lat="35.246033" lon="128.036784"/><trkpt lat="35.246044" lon="128.036739"/><trkpt lat="35.246056" lon="128.036645"/><trkpt lat="35.246068" lon="128.036518"/><trkpt lat="35.246069" lon="128.036471"/><trkpt lat="35.246064" lon="128.036424"/><trkpt lat="35.246044" lon="128.036331"/><trkpt lat="35.246036" lon="128.036285"/><trkpt lat="35.246037" lon="128.036238"/><trkpt lat="35.246047" lon="128.036175"/><trkpt lat="35.246102" lon="128.035922"/><trkpt lat="35.246115" lon="128.035877"/><trkpt lat="35.246136" lon="128.035839"/><trkpt lat="35.246164" lon="128.035807"/><trkpt lat="35.246208" lon="128.03577"/><trkpt lat="35.246466" lon="128.035561"/><trkpt lat="35.246508" lon="128.035523"/><trkpt lat="35.246531" lon="128.035489"/><trkpt lat="35.246539" lon="128.035446"/><trkpt lat="35.246539" lon="128.035383"/><trkpt lat="35.246528" lon="128.03517"/><trkpt lat="35.246508" lon="128.03473"/><trkpt lat="35.246508" lon="128.034681"/><trkpt lat="35.24652" lon="128.034626"/><trkpt lat="35.24654" lon="128.034579"/><trkpt lat="35.246556" lon="128.03455"/></trkseg>
<trkseg><trkpt lat="35.2482" lon="128.03507"/><trkpt lat="35.248125" lon="128.035028"/><trkpt lat="35.248071" lon="128.034993"/><trkpt lat="35.248041" lon="128.034967"/><trkpt lat="35.248019" lon="128.034934"/><trkpt lat="35.247987" lon="128.034873"/><trkpt lat="35.24796" lon="128.034842"/><trkpt lat="35.247912" lon="128.034794"/><trkpt lat="35.247892" lon="128.034759"/><trkpt lat="35.247881" lon="128.034714"/><trkpt lat="35.247866" lon="128.034638"/><trkpt lat="35.247846" lon="128.0346"/><trkpt lat="35.247818" lon="128.03457"/><trkpt lat="35.247784" lon="128.034552"/><trkpt lat="35.247745" lon="128.034547"/><trkpt lat="35.247679" lon="128.034548"/><trkpt lat="35.247438" lon="128.034556"/><trkpt lat="35.247385" lon="128.034555"/><trkpt lat="35.247347" lon="128.034548"/><trkpt lat="35.247289" lon="128.034529"/><trkpt lat="35.247252" lon="128.034522"/><trkpt lat="35.247213" lon="128.034524"/><trkpt lat="35.247134" lon="128.034537"/><trkpt lat="35.246829" lon="128.03459"/><trkpt lat="35.246789" lon="128.034592"/><trkpt lat="35.24675" lon="128.034589"/><trkpt lat="35.246556" lon="128.03455"/></trkseg>
<trkseg><trkpt lat="35.246556" lon="128.03455"/><trkpt lat="35.246544" lon="128.034472"/><trkpt lat="35.246533" lon="128.034432"/><trkpt lat="35.246504" lon="128.034421"/><trkpt lat="35.246443" lon="128.034343"/><trkpt lat="35.246376" lon="128.034081"/><trkpt lat="35.246361" lon="128.034037"/><trkpt lat="35.246342" lon="128.033995"/><trkpt lat="35.246232" lon="128.033793"/><trkpt lat="35.24619" lon="128.033711"/><trkpt lat="35.246173" lon="128.033667"/><trkpt lat="35.246151" lon="128.033593"/><trkpt lat="35.246136" lon="128.033551"/><trkpt lat="35.246113" lon="128.033521"/><trkpt lat="35.24608" lon="128.033505"/><trkpt lat="35.246042" lon="128.033494"/><trkpt lat="35.245754" lon="128.033431"/><trkpt lat="35.245691" lon="128.033414"/><trkpt lat="35.245657" lon="128.033398"/><trkpt lat="35.245631" lon="128.03337"/><trkpt lat="35.245601" lon="128.033322"/><trkpt lat="35.245572" lon="128.03329"/><trkpt lat="35.245518" lon="128.033243"/><trkpt lat="35.245461" lon="128.0332"/><trkpt lat="35.245425" lon="128.033179"/><trkpt lat="35.245391" lon="128.033167"/><trkpt lat="35.245346" lon="128.033156"/><trkpt lat="35.245311" lon="128.033139"/><trkpt lat="35.245276" lon="128.033117"/><trkpt lat="35.245185" lon="128.033052"/><trkpt lat="35.24514" lon="128.033018"/><trkpt lat="35.245106" lon="128.032977"/><trkpt lat="35.245088" lon="128.032931"/><trkpt lat="35.245084" lon="128.032906"/></trkseg>
<trkseg><trkpt lat="35.217955" lon="128.039573"/><trkpt lat="35.217975" lon="128.039519"/><trkpt lat="35.217992" lon="128.039461"/><trkpt lat="35.217998" lon="128.039415"/><trkpt lat="35.217983" lon="128.039383"/><trkpt lat="35.217956" lon="128.039356"/><trkpt lat="35.21788" lon="128.039298"/><trkpt lat="35.217838" lon="128.039263"/><trkpt lat="35.217807" lon="128.039231"/><trkpt lat="35.217613" lon="128.039001"/><trkpt lat="35.21743" lon="128.038782"/><trkpt lat="35.217404" lon="128.038745"/><trkpt lat="35.217356" lon="128.038668"/><trkpt lat="35.217327" lon="128.038615"/><trkpt lat="35.217311" lon="128.038573"/><trkpt lat="35.217303" lon="128.038528"/><trkpt lat="35.217301" lon="128.038482"/><trkpt lat="35.217302" lon="128.038436"/><trkpt lat="35.217308" lon="128.038393"/><trkpt lat="35.217325" lon="128.038356"/><trkpt lat="35.217351" lon="128.038324"/><trkpt lat="35.21742" lon="128.038255"/><trkpt lat="35.217447" lon="128.038222"/><trkpt lat="35.217468" lon="128.038184"/><trkpt lat="35.217488" lon="128.038126"/><trkpt lat="35.217529" lon="128.037992"/><trkpt lat="35.217547" lon="128.03795"/><trkpt lat="35.217576" lon="128.037899"/><trkpt lat="35.217648" lon="128.03779"/><trkpt lat="35.217709" lon="128.037709"/><trkpt lat="35.217766" lon="128.037644"/><trkpt lat="35.217798" lon="128.037616"/><trkpt lat="35.217879" lon="128.037558"/><trkpt lat="35.218042" lon="128.037445"/><trkpt lat="35.218087" lon="128.03741"/><trkpt lat="35.218126" lon="128.037367"/><trkpt lat="35.218371" lon="128.037065"/><trkpt lat="35.21842" lon="128.037009"/><trkpt lat="35.218451" lon="128.036981"/><trkpt lat="35.218506" lon="128.036942"/><trkpt lat="35.21854" lon="128.036922"/><trkpt lat="35.218575" lon="128.036905"/><trkpt lat="35.218613" lon="128.036896"/><trkpt lat="35.218731" lon="128.036883"/><trkpt lat="35.218796" lon="128.036874"/><trkpt lat="35.218833" lon="128.036864"/><trkpt lat="35.218944" lon="128.036819"/><trkpt lat="35.218994" lon="128.036802"/><trkpt lat="35.219032" lon="128.036795"/><trkpt lat="35.219097" lon="128.036793"/><trkpt lat="35.21928" lon="128.036794"/></trkseg>
<trkseg><trkpt lat="35.219826" lon="128.039455"/><trkpt lat="35.219829" lon="128.039394"/><trkpt lat="35.219829" lon="128.03933"/><trkpt lat="35.219822" lon="128.03928"/><trkpt lat="35.219809" lon="128.03924"/><trkpt lat="35.219792" lon="128.039203"/><trkpt lat="35.21977" lon="128.039165"/><trkpt lat="35.219513" lon="128.038815"/><trkpt lat="35.219389" lon="128.038647"/><trkpt lat="35.219367" lon="128.038609"/><trkpt lat="35.219354" lon="128.038568"/><trkpt lat="35.219355" lon="128.038522"/><trkpt lat="35.219365" lon="128.038442"/><trkpt lat="35.219431" lon="128.037993"/><trkpt lat="35.219437" lon="128.037929"/><trkpt lat="35.219437" lon="128.037881"/><trkpt lat="35.21943" lon="128.037834"/><trkpt lat="35.219376" lon="128.037598"/><trkpt lat="35.21931" lon="128.037299"/><trkpt lat="35.219303" lon="128.037251"/><trkpt lat="35.219297" lon="128.037169"/><trkpt lat="35.21928" lon="128.036794"/></trkseg>
<trkseg><trkpt lat="35.21928" lon="128.036794"/><trkpt lat="35.21932" lon="128.03671"/><trkpt lat="35.219346" lon="128.036662"/><trkpt lat="35.219371" lon="128.036633"/><trkpt lat="35.219402" lon="128.036622"/><trkpt lat="35.219476" lon="128.036628"/><trkpt lat="35.21951" lon="128.036626"/><trkpt lat="35.219544" lon="128.036608"/><trkpt lat="35.219576" lon="128.036593"/><trkpt lat="35.219612" lon="128.036582"/><trkpt lat="35.219908" lon="128.036507"/></trkseg>
<trkseg><trkpt lat="35.245084" lon="128.032906"/><trkpt lat="35.245077" lon="128.032901"/><trkpt lat="35.245081" lon="128.032869"/><trkpt lat="35.2451" lon="128.032823"/><trkpt lat="35.245124" lon="128.032781"/><trkpt lat="35.245156" lon="128.03273"/><trkpt lat="35.245183" lon="128.032695"/><trkpt lat="35.245223" lon="128.032651"/><trkpt lat="35.245381" lon="128.032495"/><trkpt lat="35.245413" lon="128.032468"/><trkpt lat="35.245446" lon="128.032454"/><trkpt lat="35.245481" lon="128.03246"/><trkpt lat="35.245516" lon="128.032478"/><trkpt lat="35.2456" lon="128.032529"/><trkpt lat="35.245636" lon="128.032548"/><trkpt lat="35.245674" lon="128.032558"/><trkpt lat="35.245711" lon="128.032561"/><trkpt lat="35.245749" lon="128.032559"/><trkpt lat="35.245786" lon="128.032551"/><trkpt lat="35.245822" lon="128.032535"/><trkpt lat="35.245894" lon="128.032496"/><trkpt lat="35.246049" lon="128.032408"/><trkpt lat="35.246085" lon="128.032393"/><trkpt lat="35.246121" lon="128.032387"/><trkpt lat="35.246159" lon="128.032393"/><trkpt lat="35.246247" lon="128.032421"/><trkpt lat="35.246297" lon="128.032433"/><trkpt lat="35.246336" lon="128.032435"/><trkpt lat="35.246375" lon="128.032431"/><trkpt lat="35.246623" lon="128.032389"/><trkpt lat="35.246687" lon="128.032375"/><trkpt lat="35.246724" lon="128.032361"/><trkpt lat="35.246756" lon="128.032335"/><trkpt lat="35.246815" lon="128.032272"/><trkpt lat="35.247128" lon="128.031918"/><trkpt lat="35.247255" lon="128.031775"/><trkpt lat="35.247281" lon="128.03174"/><trkpt lat="35.247298" lon="128.0317"/><trkpt lat="35.247305" lon="128.031654"/><trkpt lat="35.247309" lon="128.031589"/><trkpt lat="35.247313" lon="128.031441"/><trkpt lat="35.247311" lon="128.031392"/><trkpt lat="35.247302" lon="128.031347"/><trkpt lat="35.247284" lon="128.031304"/><trkpt lat="35.247255" lon="128.031249"/><trkpt lat="35.24711" lon="128.030991"/><trkpt lat="35.24709" lon="128.030948"/><trkpt lat="35.247076" lon="128.030905"/><trkpt lat="35.247064" lon="128.03083"/><trkpt lat="35.247054" lon="128.030786"/><trkpt lat="35.247036" lon="128.030745"/><trkpt lat="35.247004" lon="128.030678"/><trkpt lat="35.246995" lon="128.030637"/><trkpt lat="35.24699" lon="128.030568"/><trkpt lat="35.246981" lon="128.030532"/><trkpt lat="35.246956" lon="128.030503"/><trkpt lat="35.2469" lon="128.030466"/><trkpt lat="35.246866" lon="128.030441"/><trkpt lat="35.246835" lon="128.030412"/><trkpt lat="35.246798" lon="128.030368"/><trkpt lat="35.246745" lon="128.030298"/><trkpt lat="35.246722" lon="128.03026"/><trkpt lat="35.246704" lon="128.030218"/><trkpt lat="35.246686" lon="128.030157"/><trkpt lat="35.246634" lon="128.029973"/><trkpt lat="35.246619" lon="128.029929"/><trkpt lat="35.246599" lon="128.029889"/><trkpt lat="35.246575" lon="128.029858"/><trkpt lat="35.246548" lon="128.029836"/><trkpt lat="35.246513" lon="128.029831"/><trkpt lat="35.246499" lon="128.029822"/><trkpt lat="35.2465" lon="128.029794"/><trkpt lat="35.246505" lon="128.029744"/><trkpt lat="35.246501" lon="128.029706"/><trkpt lat="35.246482" lon="128.029659"/><trkpt lat="35.246469" lon="128.029622"/><trkpt lat="35.246465" lon="128.029577"/><trkpt lat="35.246467" lon="128.029529"/><trkpt lat="35.246474" lon="128.029431"/><trkpt lat="35.246471" lon="128.029384"/><trkpt lat="35.246462" lon="128.029338"/><trkpt lat="35.246427" lon="128.029201"/><trkpt lat="35.246419" lon="128.029155"/><trkpt lat="35.246417" lon="128.029107"/><trkpt lat="35.24642" lon="128.029025"/><trkpt lat="35.246447" lon="128.028584"/><trkpt lat="35.24646" lon="128.028371"/><trkpt lat="35.246466" lon="128.028324"/><trkpt lat="35.24648" lon="128.028282"/><trkpt lat="35.246514" lon="128.028221"/><trkpt lat="35.246534" lon="128.028186"/><trkpt lat="35.246543" lon="128.028147"/><trkpt lat="35.246539" lon="128.028104"/><trkpt lat="35.246528" lon="128.028029"/><trkpt lat="35.24653" lon="128.027983"/><trkpt lat="35.24654" lon="128.027939"/><trkpt lat="35.246561" lon="128.027906"/><trkpt lat="35.246593" lon="128.027885"/><trkpt lat="35.246643" lon="128.027865"/><trkpt lat="35.246899" lon="128.027774"/><trkpt lat="35.246975" lon="128.027744"/><trkpt lat="35.247011" lon="128.027724"/><trkpt lat="35.247071" lon="128.027686"/><trkpt lat="35.247177" lon="128.027612"/><trkpt lat="35.24721" lon="128.027586"/><trkpt lat="35.24724" lon="128.027555"/><trkpt lat="35.247266" lon="128.027519"/><trkpt lat="35.247306" lon="128.027456"/><trkpt lat="35.247334" lon="128.027425"/><trkpt lat="35.247367" lon="128.027404"/><trkpt lat="35.247403" lon="128.02739"/><trkpt lat="35.247442" lon="128.027383"/><trkpt lat="35.247697" lon="128.027368"/><trkpt lat="35.248326" lon="128.027332"/><trkpt lat="35.248379" lon="128.027325"/><trkpt lat="35.24872" lon="128.027245"/><trkpt lat="35.248759" lon="128.027233"/><trkpt lat="35.248795" lon="128.027214"/><trkpt lat="35.248842" lon="128.027182"/><trkpt lat="35.248887" lon="128.027146"/><trkpt lat="35.248917" lon="128.027115"/><trkpt lat="35.248942" lon="128.027079"/><trkpt lat="35.248998" lon="128.026971"/><trkpt lat="35.249027" lon="128.026918"/><trkpt lat="35.249052" lon="128.026883"/><trkpt lat="35.249082" lon="128.026856"/><trkpt lat="35.249135" lon="128.026816"/><trkpt lat="35.249166" lon="128.026789"/><trkpt lat="35.249205" lon="128.026745"/><trkpt lat="35.249307" lon="128.026618"/><trkpt lat="35.249436" lon="128.026455"/><trkpt lat="35.249466" lon="128.026424"/><trkpt lat="35.249499" lon="128.0264"/><trkpt lat="35.249549" lon="128.026378"/><trkpt lat="35.249614" lon="128.026356"/><trkpt lat="35.249652" lon="128.026347"/><trkpt lat="35.24969" lon="128.026346"/><trkpt lat="35.249751" lon="128.02636"/><trkpt lat="35.249785" lon="128.026356"/><trkpt lat="35.249816" lon="128.026334"/><trkpt lat="35.249847" lon="128.026303"/><trkpt lat="35.249978" lon="128.026159"/><trkpt lat="35.250029" lon="128.026106"/><trkpt lat="35.250062" lon="128.026078"/><trkpt lat="35.250324" lon="128.025895"/><trkpt lat="35.250403" lon="128.025838"/><trkpt lat="35.250434" lon="128.025809"/><trkpt lat="35.250472" lon="128.025763"/><trkpt lat="35.250571" lon="128.025629"/><trkpt lat="35.250595" lon="128.025591"/><trkpt lat="35.250614" lon="128.025551"/><trkpt lat="35.250622" lon="128.025505"/><trkpt lat="35.250625" lon="128.025457"/><trkpt lat="35.250628" lon="128.02513"/><trkpt lat="35.25063" lon="128.025032"/><trkpt lat="35.250633" lon="128.024984"/><trkpt lat="35.250641" lon="128.024936"/><trkpt lat="35.250668" lon="128.024811"/><trkpt lat="35.250728" lon="128.024546"/><trkpt lat="35.250738" lon="128.024483"/><trkpt lat="35.250738" lon="128.024436"/><trkpt lat="35.25073" lon="128.024357"/><trkpt lat="35.250698" lon="128.024119"/><trkpt lat="35.250692" lon="128.024056"/><trkpt lat="35.250693" lon="128.024009"/><trkpt lat="35.250702" lon="128.023945"/><trkpt lat="35.250762" lon="128.023658"/><trkpt lat="35.250781" lon="128.023579"/><trkpt lat="35.250806" lon="128.023504"/><trkpt lat="35.25097" lon="128.023047"/><trkpt lat="35.250989" lon="128.022987"/><trkpt lat="35.251" lon="128.022942"/><trkpt lat="35.251028" lon="128.022804"/><trkpt lat="35.251042" lon="128.022727"/><trkpt lat="35.251048" lon="128.022662"/><trkpt lat="35.251062" lon="128.02235"/><trkpt lat="35.251098" lon="128.021495"/><trkpt lat="35.251104" lon="128.02143"/><trkpt lat="35.251113" lon="128.021383"/><trkpt lat="35.251142" lon="128.021292"/><trkpt lat="35.251232" lon="128.02102"/><trkpt lat="35.251245" lon="128.020974"/><trkpt lat="35.251255" lon="128.020928"/><trkpt lat="35.251288" lon="128.020722"/><trkpt lat="35.251305" lon="128.020628"/><trkpt lat="35.251319" lon="128.020584"/><trkpt lat="35.251338" lon="128.020542"/><trkpt lat="35.251411" lon="128.020405"/><trkpt lat="35.251453" lon="128.020323"/><trkpt lat="35.25147" lon="128.020279"/><trkpt lat="35.251503" lon="128.020172"/><trkpt lat="35.251557" lon="128.019987"/><trkpt lat="35.251573" lon="128.019942"/><trkpt lat="35.251593" lon="128.019902"/><trkpt lat="35.251634" lon="128.019841"/><trkpt lat="35.251661" lon="128.019806"/><trkpt lat="35.251689" lon="128.019776"/><trkpt lat="35.251723" lon="128.019753"/><trkpt lat="35.251774" lon="128.019732"/><trkpt lat="35.252192" lon="128.019596"/><trkpt lat="35.252256" lon="128.019573"/><trkpt lat="35.252293" lon="128.019553"/><trkpt lat="35.252338" lon="128.019519"/><trkpt lat="35.252569" lon="128.01932"/><trkpt lat="35.252636" lon="128.019265"/><trkpt lat="35.252671" lon="128.019243"/><trkpt lat="35.252707" lon="128.019231"/><trkpt lat="35.252795" lon="128.019216"/><trkpt lat="35.252846" lon="128.019207"/><trkpt lat="35.252883" lon="128.019194"/><trkpt lat="35.25292" lon="128.019176"/><trkpt lat="35.2531" lon="128.019068"/><trkpt lat="35.253495" lon="128.01883"/><trkpt lat="35.253532" lon="128.018813"/><trkpt lat="35.253571" lon="128.0188"/><trkpt lat="35.253769" lon="128.018756"/><trkpt lat="35.254138" lon="128.018672"/><trkpt lat="35.254188" lon="128.018653"/><trkpt lat="35.254471" lon="128.018512"/><trkpt lat="35.254545" lon="128.018477"/><trkpt lat="35.254582" lon="128.018465"/><trkpt lat="35.254621" lon="128.01846"/><trkpt lat="35.254699" lon="128.018461"/><trkpt lat="35.25487" lon="128.018467"/><trkpt lat="35.254909" lon="128.018465"/><trkpt lat="35.254946" lon="128.018455"/><trkpt lat="35.254981" lon="128.018436"/><trkpt lat="35.255013" lon="128.018412"/><trkpt lat="35.255041" lon="128.018382"/><trkpt lat="35.255062" lon="128.018345"/><trkpt lat="35.255093" lon="128.018282"/><trkpt lat="35.255117" lon="128.018255"/><trkpt lat="35.255147" lon="128.018242"/><trkpt lat="35.255181" lon="128.01824"/><trkpt lat="35.25522" lon="128.018249"/><trkpt lat="35.25535" lon="128.018295"/><trkpt lat="35.255557" lon="128.01837"/><trkpt lat="35.255607" lon="128.018392"/><trkpt lat="35.255641" lon="128.018414"/><trkpt lat="35.255691" lon="128.018458"/><trkpt lat="35.25573" lon="128.018497"/><trkpt lat="35.255756" lon="128.018531"/><trkpt lat="35.255789" lon="128.018581"/><trkpt lat="35.255908" lon="128.018773"/><trkpt lat="35.255933" lon="128.018809"/><trkpt lat="35.255961" lon="128.018838"/><trkpt lat="35.255995" lon="128.018857"/><trkpt lat="35.256032" lon="128.018869"/><trkpt lat="35.256198" lon="128.018911"/><trkpt lat="35.256236" lon="128.018918"/><trkpt lat="35.256275" lon="128.01892"/><trkpt lat="35.256327" lon="128.018913"/><trkpt lat="35.256498" lon="128.018875"/><trkpt lat="35.256549" lon="128.01886"/><trkpt lat="35.256584" lon="128.018841"/><trkpt lat="35.256615" lon="128.018813"/><trkpt lat="35.256705" lon="128.018717"/><trkpt lat="35.256736" lon="128.018688"/><trkpt lat="35.256769" lon="128.018668"/><trkpt lat="35.256803" lon="128.018657"/><trkpt lat="35.25686" lon="128.018641"/><trkpt lat="35.256897" lon="128.018625"/><trkpt lat="35.257015" lon="128.018555"/><trkpt lat="35.257073" lon="128.018517"/><trkpt lat="35.257105" lon="128.018492"/><trkpt lat="35.257133" lon="128.018459"/><trkpt lat="35.257164" lon="128.018408"/><trkpt lat="35.257215" lon="128.018312"/><trkpt lat="35.257242" lon="128.018256"/><trkpt lat="35.257259" lon="128.018212"/><trkpt lat="35.25743" lon="128.017624"/><trkpt lat="35.257459" lon="128.017532"/><trkpt lat="35.257574" lon="128.017261"/><trkpt lat="35.257612" lon="128.017177"/><trkpt lat="35.257634" lon="128.017138"/><trkpt lat="35.257661" lon="128.017103"/><trkpt lat="35.257752" lon="128.017007"/><trkpt lat="35.257816" lon="128.016946"/><trkpt lat="35.25785" lon="128.016922"/><trkpt lat="35.257898" lon="128.016893"/><trkpt lat="35.258194" lon="128.016735"/><trkpt lat="35.258242" lon="128.016707"/><trkpt lat="35.258275" lon="128.016682"/><trkpt lat="35.2583" lon="128.016648"/><trkpt lat="35.258319" lon="128.016606"/><trkpt lat="35.258345" lon="128.016532"/><trkpt lat="35.258357" lon="128.016485"/><trkpt lat="35.258363" lon="128.016438"/><trkpt lat="35.258371" lon="128.016325"/><trkpt lat="35.258382" lon="128.01613"/><trkpt lat="35.258388" lon="128.016086"/><trkpt lat="35.258403" lon="128.01605"/><trkpt lat="35.25843" lon="128.016031"/><trkpt lat="35.25849" lon="128.016014"/><trkpt lat="35.258526" lon="128.016001"/><trkpt lat="35.258559" lon="128.015979"/><trkpt lat="35.258589" lon="128.015951"/><trkpt lat="35.258617" lon="128.01592"/><trkpt lat="35.25864" lon="128.015885"/><trkpt lat="35.258654" lon="128.015842"/><trkpt lat="35.258666" lon="128.015779"/><trkpt lat="35.258741" lon="128.015283"/><trkpt lat="35.258753" lon="128.015221"/><trkpt lat="35.258771" lon="128.01516"/><trkpt lat="35.258826" lon="128.014996"/><trkpt lat="35.258848" lon="128.014939"/><trkpt lat="35.258869" lon="128.014899"/><trkpt lat="35.258897" lon="128.014866"/><trkpt lat="35.258939" lon="128.014827"/><trkpt lat="35.259014" lon="128.014759"/><trkpt lat="35.259041" lon="128.014725"/><trkpt lat="35.259064" lon="128.014685"/><trkpt lat="35.259159" lon="128.014489"/><trkpt lat="35.259185" lon="128.014432"/><trkpt lat="35.2592" lon="128.014387"/><trkpt lat="35.259219" lon="128.014309"/><trkpt lat="35.259267" lon="128.014072"/><trkpt lat="35.259279" lon="128.014026"/><trkpt lat="35.259296" lon="128.013984"/><trkpt lat="35.25932" lon="128.013946"/><trkpt lat="35.259457" lon="128.01377"/><trkpt lat="35.259494" lon="128.013724"/><trkpt lat="35.259524" lon="128.013696"/><trkpt lat="35.259559" lon="128.01368"/><trkpt lat="35.259598" lon="128.013674"/><trkpt lat="35.25976" lon="128.013667"/><trkpt lat="35.260285" lon="128.013644"/><trkpt lat="35.260352" lon="128.013644"/><trkpt lat="35.260392" lon="128.013648"/><trkpt lat="35.260617" lon="128.013698"/><trkpt lat="35.260669" lon="128.013713"/><trkpt lat="35.260707" lon="128.013728"/><trkpt lat="35.260742" lon="128.01375"/><trkpt lat="35.260799" lon="128.013791"/><trkpt lat="35.26083" lon="128.013818"/><trkpt lat="35.260854" lon="128.013851"/><trkpt lat="35.260881" lon="128.013915"/><trkpt lat="35.260903" lon="128.013953"/><trkpt lat="35.260946" lon="128.014013"/><trkpt lat="35.261045" lon="128.014141"/><trkpt lat="35.261092" lon="128.014197"/><trkpt lat="35.261123" lon="128.014227"/><trkpt lat="35.26119" lon="128.014279"/><trkpt lat="35.261325" lon="128.014381"/><trkpt lat="35.261356" lon="128.014409"/><trkpt lat="35.26138" lon="128.014443"/><trkpt lat="35.261397" lon="128.014485"/><trkpt lat="35.261424" lon="128.014573"/><trkpt lat="35.261441" lon="128.014613"/><trkpt lat="35.261467" lon="128.014646"/><trkpt lat="35.261499" lon="128.014671"/><trkpt lat="35.26157" lon="128.014716"/><trkpt lat="35.261619" lon="128.014743"/><trkpt lat="35.261657" lon="128.014756"/><trkpt lat="35.261709" lon="128.014765"/><trkpt lat="35.2618" lon="128.014774"/><trkpt lat="35.261837" lon="128.014784"/><trkpt lat="35.26187" lon="128.014806"/><trkpt lat="35.2619" lon="128.014837"/><trkpt lat="35.261946" lon="128.014896"/><trkpt lat="35.262056" lon="128.015039"/><trkpt lat="35.262081" lon="128.015077"/><trkpt lat="35.262101" lon="128.015119"/><trkpt lat="35.262128" lon="128.015193"/><trkpt lat="35.262147" lon="128.015233"/><trkpt lat="35.262175" lon="128.015264"/><trkpt lat="35.262209" lon="128.015285"/><trkpt lat="35.262433" lon="128.015394"/><trkpt lat="35.262533" lon="128.015443"/><trkpt lat="35.262569" lon="128.015464"/><trkpt lat="35.262602" lon="128.01549"/><trkpt lat="35.262642" lon="128.01553"/><trkpt lat="35.262841" lon="128.015742"/><trkpt lat="35.262881" lon="128.015782"/><trkpt lat="35.262914" lon="128.015808"/><trkpt lat="35.26295" lon="128.015825"/><trkpt lat="35.26304" lon="128.015852"/><trkpt lat="35.263288" lon="128.015921"/><trkpt lat="35.263326" lon="128.015937"/><trkpt lat="35.26336" lon="128.015959"/><trkpt lat="35.263391" lon="128.015988"/><trkpt lat="35.263676" lon="128.016283"/><trkpt lat="35.26383" lon="128.01644"/><trkpt lat="35.263862" lon="128.016468"/><trkpt lat="35.263897" lon="128.01649"/><trkpt lat="35.263982" lon="128.016533"/><trkpt lat="35.264104" lon="128.01659"/><trkpt lat="35.264142" lon="128.016604"/><trkpt lat="35.264221" lon="128.016623"/><trkpt lat="35.264445" lon="128.01667"/><trkpt lat="35.264485" lon="128.016675"/><trkpt lat="35.264524" lon="128.016675"/><trkpt lat="35.26476" lon="128.016655"/><trkpt lat="35.264877" lon="128.016646"/><trkpt lat="35.264931" lon="128.01665"/><trkpt lat="35.265077" lon="128.01667"/><trkpt lat="35.265123" lon="128.016672"/><trkpt lat="35.265171" lon="128.016661"/><trkpt lat="35.265203" lon="128.016646"/><trkpt lat="35.26521" lon="128.016641"/></trkseg>
<trkseg><trkpt lat="35.281408" lon="128.018144"/><trkpt lat="35.280901" lon="128.018576"/><trkpt lat="35.28086" lon="128.018616"/><trkpt lat="35.280823" lon="128.018663"/><trkpt lat="35.280711" lon="128.018824"/><trkpt lat="35.280566" lon="128.019036"/><trkpt lat="35.280544" lon="128.019075"/><trkpt lat="35.280507" lon="128.019158"/><trkpt lat="35.280454" lon="128.019284"/><trkpt lat="35.280434" lon="128.019323"/><trkpt lat="35.280409" lon="128.019356"/><trkpt lat="35.280377" lon="128.019381"/><trkpt lat="35.280318" lon="128.019417"/><trkpt lat="35.280043" lon="128.019574"/><trkpt lat="35.28001" lon="128.019598"/><trkpt lat="35.27998" lon="128.019628"/><trkpt lat="35.279944" lon="128.019675"/><trkpt lat="35.279678" lon="128.020062"/><trkpt lat="35.27955" lon="128.020249"/><trkpt lat="35.279522" lon="128.020284"/><trkpt lat="35.279491" lon="128.020312"/><trkpt lat="35.279444" lon="128.020344"/><trkpt lat="35.279325" lon="128.020418"/><trkpt lat="35.27929" lon="128.020442"/><trkpt lat="35.27926" lon="128.020471"/><trkpt lat="35.279236" lon="128.020507"/><trkpt lat="35.279196" lon="128.020592"/><trkpt lat="35.27904" lon="128.020951"/><trkpt lat="35.279008" lon="128.021009"/><trkpt lat="35.278974" lon="128.021049"/><trkpt lat="35.278942" lon="128.021076"/><trkpt lat="35.278928" lon="128.021087"/></trkseg>
<trkseg><trkpt lat="35.29675" lon="128.043581"/><trkpt lat="35.297037" lon="128.043836"/><trkpt lat="35.297065" lon="128.043867"/><trkpt lat="35.297089" lon="128.043902"/><trkpt lat="35.297104" lon="128.043946"/><trkpt lat="35.297114" lon="128.043993"/><trkpt lat="35.297161" lon="128.044284"/><trkpt lat="35.297167" lon="128.044333"/><trkpt lat="35.297168" lon="128.044381"/><trkpt lat="35.297165" lon="128.044446"/><trkpt lat="35.297037" lon="128.044846"/><trkpt lat="35.297033" lon="128.04491"/><trkpt lat="35.297036" lon="128.044956"/><trkpt lat="35.29705" lon="128.044997"/><trkpt lat="35.297073" lon="128.045034"/><trkpt lat="35.297138" lon="128.045115"/><trkpt lat="35.297204" lon="128.045194"/><trkpt lat="35.297234" lon="128.045225"/><trkpt lat="35.297277" lon="128.045261"/><trkpt lat="35.297404" lon="128.045345"/><trkpt lat="35.297432" lon="128.045375"/><trkpt lat="35.297456" lon="128.045413"/><trkpt lat="35.29749" lon="128.045482"/><trkpt lat="35.297577" lon="128.045695"/><trkpt lat="35.297598" lon="128.045734"/><trkpt lat="35.297624" lon="128.045763"/><trkpt lat="35.297658" lon="128.045776"/><trkpt lat="35.297696" lon="128.045778"/><trkpt lat="35.297884" lon="128.045773"/><trkpt lat="35.298045" lon="128.04577"/><trkpt lat="35.298085" lon="128.045772"/><trkpt lat="35.298124" lon="128.04578"/><trkpt lat="35.298201" lon="128.045809"/><trkpt lat="35.298354" lon="128.045905"/><trkpt lat="35.298392" lon="128.045917"/><trkpt lat="35.298429" lon="128.045919"/><trkpt lat="35.298462" lon="128.045902"/><trkpt lat="35.298493" lon="128.045876"/><trkpt lat="35.298613" lon="128.045792"/><trkpt lat="35.298653" lon="128.045751"/><trkpt lat="35.29868" lon="128.045717"/><trkpt lat="35.298704" lon="128.04568"/><trkpt lat="35.298783" lon="128.045487"/><trkpt lat="35.298815" lon="128.045439"/><trkpt lat="35.298843" lon="128.045409"/><trkpt lat="35.298877" lon="128.045387"/><trkpt lat="35.298961" lon="128.045345"/><trkpt lat="35.299059" lon="128.045301"/><trkpt lat="35.299096" lon="128.045289"/><trkpt lat="35.299134" lon="128.045286"/><trkpt lat="35.299173" lon="128.045291"/><trkpt lat="35.299259" lon="128.045323"/><trkpt lat="35.299412" lon="128.045392"/><trkpt lat="35.29945" lon="128.045395"/><trkpt lat="35.299486" lon="128.045386"/><trkpt lat="35.299519" lon="128.045363"/><trkpt lat="35.299562" lon="128.045323"/><trkpt lat="35.300161" lon="128.044683"/><trkpt lat="35.300361" lon="128.044487"/><trkpt lat="35.300394" lon="128.04446"/><trkpt lat="35.300429" lon="128.044437"/><trkpt lat="35.300563" lon="128.044364"/><trkpt lat="35.300624" lon="128.044333"/><trkpt lat="35.300661" lon="128.044322"/><trkpt lat="35.300697" lon="128.044327"/><trkpt lat="35.300733" lon="128.044344"/><trkpt lat="35.300899" lon="128.044452"/><trkpt lat="35.300959" lon="128.04449"/><trkpt lat="35.300996" lon="128.044508"/><trkpt lat="35.301033" lon="128.044519"/><trkpt lat="35.301072" lon="128.044523"/><trkpt lat="35.301176" lon="128.044525"/><trkpt lat="35.301228" lon="128.044523"/><trkpt lat="35.301267" lon="128.044515"/><trkpt lat="35.30149" lon="128.044469"/><trkpt lat="35.301906" lon="128.044234"/><trkpt lat="35.301944" lon="128.044222"/><trkpt lat="35.301983" lon="128.044217"/><trkpt lat="35.30205" lon="128.044217"/><trkpt lat="35.302115" lon="128.044223"/><trkpt lat="35.302153" lon="128.044233"/><trkpt lat="35.302189" lon="128.044252"/><trkpt lat="35.302245" lon="128.044293"/><trkpt lat="35.302345" lon="128.04437"/><trkpt lat="35.30238" lon="128.044393"/><trkpt lat="35.302428" lon="128.044418"/><trkpt lat="35.30277" lon="128.044667"/><trkpt lat="35.302793" lon="128.044642"/><trkpt lat="35.302812" lon="128.044605"/><trkpt lat="35.302827" lon="128.044563"/><trkpt lat="35.302836" lon="128.04452"/><trkpt lat="35.302832" lon="128.044478"/><trkpt lat="35.302817" lon="128.044435"/><trkpt lat="35.302702" lon="128.044217"/><trkpt lat="35.302685" lon="128.044178"/><trkpt lat="35.302677" lon="128.044146"/><trkpt lat="35.302691" lon="128.04413"/><trkpt lat="35.302723" lon="128.04413"/><trkpt lat="35.302759" lon="128.044138"/><trkpt lat="35.302792" lon="128.044158"/><trkpt lat="35.302819" lon="128.04419"/><trkpt lat="35.302852" lon="128.044239"/><trkpt lat="35.302992" lon="128.044396"/><trkpt lat="35.303008" lon="128.04444"/><trkpt lat="35.303105" lon="128.044696"/><trkpt lat="35.303108" lon="128.044744"/><trkpt lat="35.303125" lon="128.044809"/><trkpt lat="35.30299" lon="128.045405"/><trkpt lat="35.302961" lon="128.045646"/><trkpt lat="35.302958" lon="128.045694"/><trkpt lat="35.302961" lon="128.045743"/><trkpt lat="35.30297" lon="128.045807"/><trkpt lat="35.303184" lon="128.046594"/><trkpt lat="35.303254" lon="128.047136"/><trkpt lat="35.303265" lon="128.047183"/><trkpt lat="35.30328" lon="128.047228"/><trkpt lat="35.3033" lon="128.04727"/><trkpt lat="35.30343" lon="128.047501"/><trkpt lat="35.303858" lon="128.048262"/><trkpt lat="35.303898" lon="128.048329"/><trkpt lat="35.303924" lon="128.048365"/><trkpt lat="35.303964" lon="128.048406"/><trkpt lat="35.304186" lon="128.048612"/><trkpt lat="35.30423" lon="128.048647"/><trkpt lat="35.304264" lon="128.048667"/><trkpt lat="35.304381" lon="128.048727"/><trkpt lat="35.304415" lon="128.048748"/><trkpt lat="35.304447" lon="128.048777"/><trkpt lat="35.304488" lon="128.04882"/><trkpt lat="35.304516" lon="128.048854"/><trkpt lat="35.30454" lon="128.048892"/><trkpt lat="35.304564" lon="128.048948"/><trkpt lat="35.304661" lon="128.049157"/><trkpt lat="35.304682" lon="128.049194"/><trkpt lat="35.30471" lon="128.049222"/><trkpt lat="35.304744" lon="128.049241"/><trkpt lat="35.304886" lon="128.049206"/><trkpt lat="35.305315" lon="128.049294"/><trkpt lat="35.305354" lon="128.049302"/><trkpt lat="35.305405" lon="128.04932"/><trkpt lat="35.305492" lon="128.049358"/><trkpt lat="35.30554" lon="128.049383"/><trkpt lat="35.30557" lon="128.049409"/><trkpt lat="35.30559" lon="128.049445"/><trkpt lat="35.305605" lon="128.049488"/><trkpt lat="35.305638" lon="128.049707"/><trkpt lat="35.305657" lon="128.049765"/><trkpt lat="35.305676" lon="128.049805"/><trkpt lat="35.305702" lon="128.04984"/><trkpt lat="35.305733" lon="128.049872"/><trkpt lat="35.305959" lon="128.050081"/><trkpt lat="35.30673" lon="128.050803"/><trkpt lat="35.306795" lon="128.050858"/><trkpt lat="35.306882" lon="128.050921"/><trkpt lat="35.306917" lon="128.050942"/><trkpt lat="35.306954" lon="128.050958"/><trkpt lat="35.307249" lon="128.051071"/><trkpt lat="35.307312" lon="128.051097"/><trkpt lat="35.307348" lon="128.051116"/><trkpt lat="35.307382" lon="128.05114"/><trkpt lat="35.307521" lon="128.051265"/><trkpt lat="35.307584" lon="128.051324"/><trkpt lat="35.307612" lon="128.051357"/><trkpt lat="35.307636" lon="128.051395"/><trkpt lat="35.307722" lon="128.051579"/><trkpt lat="35.30775" lon="128.051635"/><trkpt lat="35.307774" lon="128.051672"/><trkpt lat="35.307803" lon="128.051704"/><trkpt lat="35.307859" lon="128.051749"/><trkpt lat="35.308572" lon="128.052307"/><trkpt lat="35.30881" lon="128.052493"/><trkpt lat="35.308846" lon="128.052517"/><trkpt lat="35.309103" lon="128.052622"/><trkpt lat="35.308992" lon="128.053017"/><trkpt lat="35.308779" lon="128.053427"/><trkpt lat="35.308809" lon="128.053791"/><trkpt lat="35.308765" lon="128.053936"/><trkpt lat="35.308474" lon="128.053941"/><trkpt lat="35.308162" lon="128.054068"/><trkpt lat="35.308043" lon="128.054311"/><trkpt lat="35.308007" lon="128.054642"/><trkpt lat="35.307983" lon="128.054982"/><trkpt lat="35.307848" lon="128.055114"/><trkpt lat="35.307693" lon="128.055115"/><trkpt lat="35.307316" lon="128.054839"/><trkpt lat="35.306851" lon="128.054551"/><trkpt lat="35.306854" lon="128.054484"/><trkpt lat="35.307053" lon="128.054449"/><trkpt lat="35.307199" lon="128.054355"/><trkpt lat="35.307149" lon="128.053738"/><trkpt lat="35.307012" lon="128.05336"/><trkpt lat="35.306885" lon="128.053452"/><trkpt lat="35.306708" lon="128.053729"/><trkpt lat="35.306672" lon="128.053531"/><trkpt lat="35.306649" lon="128.053143"/><trkpt lat="35.306341" lon="128.05316"/><trkpt lat="35.306089" lon="128.053124"/><trkpt lat="35.305846" lon="128.053034"/></trkseg>
<trkseg><trkpt lat="35.305835" lon="128.053037"/><trkpt lat="35.305604" lon="128.052977"/><trkpt lat="35.305554" lon="128.052958"/><trkpt lat="35.305519" lon="128.052938"/><trkpt lat="35.305489" lon="128.052911"/><trkpt lat="35.305424" lon="128.052835"/><trkpt lat="35.305387" lon="128.052793"/><trkpt lat="35.305358" lon="128.052768"/><trkpt lat="35.305328" lon="128.052761"/><trkpt lat="35.305298" lon="128.052769"/><trkpt lat="35.305267" lon="128.052795"/><trkpt lat="35.305229" lon="128.052841"/><trkpt lat="35.305187" lon="128.052978"/><trkpt lat="35.305158" lon="128.05301"/><trkpt lat="35.305125" lon="128.053029"/><trkpt lat="35.305087" lon="128.053034"/><trkpt lat="35.305034" lon="128.053032"/><trkpt lat="35.304868" lon="128.052966"/><trkpt lat="35.304829" lon="128.052967"/><trkpt lat="35.30479" lon="128.052975"/><trkpt lat="35.304558" lon="128.05301"/><trkpt lat="35.304507" lon="128.053025"/><trkpt lat="35.304471" lon="128.053028"/><trkpt lat="35.304437" lon="128.053015"/><trkpt lat="35.304406" lon="128.052989"/><trkpt lat="35.304366" lon="128.052947"/><trkpt lat="35.304158" lon="128.0526"/><trkpt lat="35.304118" lon="128.052561"/><trkpt lat="35.304088" lon="128.052541"/><trkpt lat="35.304058" lon="128.052546"/><trkpt lat="35.304027" lon="128.052571"/><trkpt lat="35.303987" lon="128.052613"/><trkpt lat="35.303588" lon="128.053034"/><trkpt lat="35.303425" lon="128.053208"/><trkpt lat="35.303393" lon="128.053236"/><trkpt lat="35.303357" lon="128.053256"/><trkpt lat="35.303306" lon="128.053273"/><trkpt lat="35.303161" lon="128.053309"/><trkpt lat="35.302757" lon="128.053326"/><trkpt lat="35.302719" lon="128.053331"/><trkpt lat="35.302684" lon="128.053343"/><trkpt lat="35.302658" lon="128.053369"/><trkpt lat="35.302639" lon="128.053403"/><trkpt lat="35.302632" lon="128.053438"/><trkpt lat="35.302645" lon="128.053474"/><trkpt lat="35.302669" lon="128.05351"/><trkpt lat="35.302881" lon="128.053738"/><trkpt lat="35.30287" lon="128.05378"/><trkpt lat="35.302848" lon="128.053813"/><trkpt lat="35.302815" lon="128.053833"/><trkpt lat="35.302723" lon="128.053837"/><trkpt lat="35.302685" lon="128.053853"/><trkpt lat="35.302649" lon="128.053873"/><trkpt lat="35.302544" lon="128.053938"/><trkpt lat="35.30203" lon="128.054221"/><trkpt lat="35.301385" lon="128.054617"/><trkpt lat="35.301165" lon="128.054727"/><trkpt lat="35.300917" lon="128.054721"/><trkpt lat="35.300825" lon="128.054816"/><trkpt lat="35.300785" lon="128.055086"/><trkpt lat="35.300672" lon="128.055224"/><trkpt lat="35.300505" lon="128.055423"/><trkpt lat="35.300052" lon="128.055909"/><trkpt lat="35.299359" lon="128.056897"/><trkpt lat="35.298917" lon="128.057278"/><trkpt lat="35.298369" lon="128.058013"/><trkpt lat="35.298035" lon="128.058555"/><trkpt lat="35.297872" lon="128.058876"/><trkpt lat="35.297842" lon="128.059075"/><trkpt lat="35.29746" lon="128.059286"/><trkpt lat="35.296894" lon="128.059231"/><trkpt lat="35.296301" lon="128.059355"/><trkpt lat="35.296138" lon="128.059289"/><trkpt lat="35.296023" lon="128.059307"/></trkseg>
<trkseg><trkpt lat="35.304334" lon="128.023479"/><trkpt lat="35.304401" lon="128.023521"/><trkpt lat="35.304429" lon="128.023569"/><trkpt lat="35.304447" lon="128.023615"/><trkpt lat="35.304452" lon="128.02366"/><trkpt lat="35.304449" lon="128.023723"/><trkpt lat="35.304443" lon="128.023786"/><trkpt lat="35.304435" lon="128.023831"/><trkpt lat="35.304419" lon="128.023874"/><trkpt lat="35.304396" lon="128.023914"/><trkpt lat="35.303977" lon="128.02449"/><trkpt lat="35.303858" lon="128.024669"/><trkpt lat="35.303835" lon="128.024708"/><trkpt lat="35.303819" lon="128.02475"/><trkpt lat="35.303817" lon="128.024792"/><trkpt lat="35.303822" lon="128.024836"/><trkpt lat="35.303832" lon="128.024879"/><trkpt lat="35.303847" lon="128.024917"/><trkpt lat="35.303874" lon="128.024949"/><trkpt lat="35.303905" lon="128.024975"/><trkpt lat="35.304063" lon="128.025092"/><trkpt lat="35.304109" lon="128.025122"/><trkpt lat="35.304145" lon="128.025138"/><trkpt lat="35.304184" lon="128.025146"/><trkpt lat="35.304467" lon="128.025126"/><trkpt lat="35.304559" lon="128.025137"/><trkpt lat="35.304598" lon="128.025146"/><trkpt lat="35.304636" lon="128.025162"/><trkpt lat="35.304847" lon="128.025226"/><trkpt lat="35.304957" lon="128.025288"/><trkpt lat="35.304989" lon="128.02531"/><trkpt lat="35.30501" lon="128.025338"/><trkpt lat="35.305009" lon="128.025375"/><trkpt lat="35.304997" lon="128.025416"/><trkpt lat="35.30497" lon="128.025489"/><trkpt lat="35.304951" lon="128.025531"/><trkpt lat="35.304927" lon="128.02557"/><trkpt lat="35.304889" lon="128.025615"/><trkpt lat="35.304639" lon="128.025885"/><trkpt lat="35.304599" lon="128.025928"/><trkpt lat="35.304571" lon="128.025963"/><trkpt lat="35.30453" lon="128.026028"/><trkpt lat="35.304466" lon="128.026134"/><trkpt lat="35.304438" lon="128.026188"/><trkpt lat="35.304426" lon="128.026229"/><trkpt lat="35.304429" lon="128.026273"/><trkpt lat="35.304446" lon="128.026333"/><trkpt lat="35.304602" lon="128.02659"/><trkpt lat="35.304613" lon="128.026634"/><trkpt lat="35.304613" lon="128.026674"/><trkpt lat="35.304595" lon="128.026708"/><trkpt lat="35.304565" lon="128.026737"/><trkpt lat="35.304267" lon="128.026979"/><trkpt lat="35.304236" lon="128.027009"/><trkpt lat="35.304208" lon="128.027043"/><trkpt lat="35.304166" lon="128.027106"/><trkpt lat="35.304155" lon="128.02744"/><trkpt lat="35.304122" lon="128.027489"/><trkpt lat="35.304096" lon="128.027516"/><trkpt lat="35.304065" lon="128.027521"/><trkpt lat="35.304031" lon="128.027508"/><trkpt lat="35.303983" lon="128.027482"/><trkpt lat="35.303814" lon="128.027383"/><trkpt lat="35.303491" lon="128.027225"/><trkpt lat="35.303458" lon="128.027201"/><trkpt lat="35.303428" lon="128.02717"/><trkpt lat="35.303393" lon="128.027121"/><trkpt lat="35.303288" lon="128.026845"/><trkpt lat="35.303254" lon="128.026795"/><trkpt lat="35.303225" lon="128.026764"/><trkpt lat="35.30319" lon="128.026741"/><trkpt lat="35.30314" lon="128.026718"/><trkpt lat="35.30275" lon="128.026579"/><trkpt lat="35.302602" lon="128.026507"/><trkpt lat="35.302565" lon="128.026495"/><trkpt lat="35.302532" lon="128.026497"/><trkpt lat="35.302507" lon="128.026522"/><trkpt lat="35.302485" lon="128.02656"/><trkpt lat="35.302458" lon="128.026616"/><trkpt lat="35.302441" lon="128.026659"/><trkpt lat="35.302432" lon="128.026703"/><trkpt lat="35.302437" lon="128.026747"/><trkpt lat="35.302454" lon="128.026808"/><trkpt lat="35.302571" lon="128.026998"/><trkpt lat="35.30259" lon="128.027058"/><trkpt lat="35.3026" lon="128.027103"/><trkpt lat="35.302601" lon="128.027149"/><trkpt lat="35.302594" lon="128.027196"/><trkpt lat="35.30251" lon="128.027433"/><trkpt lat="35.302498" lon="128.027494"/><trkpt lat="35.302495" lon="128.027539"/><trkpt lat="35.302505" lon="128.027581"/><trkpt lat="35.302525" lon="128.027621"/><trkpt lat="35.302558" lon="128.027672"/><trkpt lat="35.302877" lon="128.028063"/><trkpt lat="35.302918" lon="128.028128"/><trkpt lat="35.302938" lon="128.028168"/><trkpt lat="35.302948" lon="128.028212"/><trkpt lat="35.302951" lon="128.028258"/><trkpt lat="35.30295" lon="128.028352"/><trkpt lat="35.302947" lon="128.028431"/><trkpt lat="35.30294" lon="128.028475"/><trkpt lat="35.302924" lon="128.028515"/><trkpt lat="35.302899" lon="128.028551"/><trkpt lat="35.302736" lon="128.028752"/><trkpt lat="35.302697" lon="128.028796"/><trkpt lat="35.302667" lon="128.028823"/><trkpt lat="35.302632" lon="128.028838"/><trkpt lat="35.302593" lon="128.028843"/><trkpt lat="35.302527" lon="128.028843"/><trkpt lat="35.302487" lon="128.028839"/><trkpt lat="35.302434" lon="128.028825"/><trkpt lat="35.301994" lon="128.028667"/><trkpt lat="35.301809" lon="128.028601"/><trkpt lat="35.301499" lon="128.028677"/><trkpt lat="35.301592" lon="128.028958"/><trkpt lat="35.301796" lon="128.029365"/><trkpt lat="35.301748" lon="128.029644"/><trkpt lat="35.30175" lon="128.029874"/><trkpt lat="35.30205" lon="128.029968"/><trkpt lat="35.302362" lon="128.030033"/><trkpt lat="35.302565" lon="128.030312"/><trkpt lat="35.302581" lon="128.030652"/><trkpt lat="35.302407" lon="128.030851"/><trkpt lat="35.302221" lon="128.031224"/><trkpt lat="35.302001" lon="128.031823"/><trkpt lat="35.302159" lon="128.032043"/><trkpt lat="35.302341" lon="128.032176"/><trkpt lat="35.30238" lon="128.032369"/><trkpt lat="35.30243" lon="128.032626"/><trkpt lat="35.302767" lon="128.033089"/><trkpt lat="35.302806" lon="128.033337"/><trkpt lat="35.302654" lon="128.033521"/><trkpt lat="35.302688" lon="128.033737"/><trkpt lat="35.302927" lon="128.033964"/><trkpt lat="35.303094" lon="128.034234"/><trkpt lat="35.303059" lon="128.03444"/><trkpt lat="35.303098" lon="128.034633"/><trkpt lat="35.303192" lon="128.034736"/><trkpt lat="35.303305" lon="128.034935"/><trkpt lat="35.303239" lon="128.035967"/><trkpt lat="35.303185" lon="128.036178"/><trkpt lat="35.303024" lon="128.036295"/><trkpt lat="35.302767" lon="128.036254"/><trkpt lat="35.302518" lon="128.036356"/><trkpt lat="35.302402" lon="128.036471"/><trkpt lat="35.302398" lon="128.036657"/><trkpt lat="35.30246" lon="128.036925"/><trkpt lat="35.302362" lon="128.037263"/><trkpt lat="35.302309" lon="128.037382"/><trkpt lat="35.302288" lon="128.037423"/><trkpt lat="35.302262" lon="128.037455"/><trkpt lat="35.30223" lon="128.037481"/><trkpt lat="35.30214" lon="128.037543"/><trkpt lat="35.302095" lon="128.03757"/><trkpt lat="35.30206" lon="128.03758"/><trkpt lat="35.302024" lon="128.037576"/><trkpt lat="35.301986" lon="128.037563"/><trkpt lat="35.3018" lon="128.037478"/><trkpt lat="35.301738" lon="128.037453"/><trkpt lat="35.3017" lon="128.037445"/><trkpt lat="35.301662" lon="128.037449"/><trkpt lat="35.301584" lon="128.037473"/><trkpt lat="35.301312" lon="128.037564"/><trkpt lat="35.301259" lon="128.037577"/><trkpt lat="35.301031" lon="128.037605"/><trkpt lat="35.300977" lon="128.037609"/><trkpt lat="35.300938" lon="128.037607"/><trkpt lat="35.300902" lon="128.037595"/><trkpt lat="35.300868" lon="128.037573"/><trkpt lat="35.300769" lon="128.03745"/><trkpt lat="35.300725" lon="128.037419"/><trkpt lat="35.30069" lon="128.037403"/><trkpt lat="35.300652" lon="128.037398"/><trkpt lat="35.300599" lon="128.037401"/><trkpt lat="35.300312" lon="128.037507"/><trkpt lat="35.300147" lon="128.037502"/><trkpt lat="35.300109" lon="128.037501"/><trkpt lat="35.300075" lon="128.037488"/><trkpt lat="35.300045" lon="128.03746"/><trkpt lat="35.300018" lon="128.037426"/><trkpt lat="35.29987" lon="128.037149"/><trkpt lat="35.299815" lon="128.037079"/><trkpt lat="35.299724" lon="128.036984"/><trkpt lat="35.299595" lon="128.036803"/><trkpt lat="35.299556" lon="128.036759"/><trkpt lat="35.299521" lon="128.036709"/><trkpt lat="35.299236" lon="128.036309"/><trkpt lat="35.299138" lon="128.036075"/><trkpt lat="35.299113" lon="128.036041"/><trkpt lat="35.299087" lon="128.036022"/><trkpt lat="35.299059" lon="128.036032"/><trkpt lat="35.29903" lon="128.036058"/><trkpt lat="35.299005" lon="128.036091"/><trkpt lat="35.298989" lon="128.03613"/><trkpt lat="35.298984" lon="128.036174"/><trkpt lat="35.298986" lon="128.036266"/><trkpt lat="35.298986" lon="128.036329"/><trkpt lat="35.298981" lon="128.036376"/><trkpt lat="35.298961" lon="128.036502"/><trkpt lat="35.298942" lon="128.036595"/><trkpt lat="35.298927" lon="128.036638"/><trkpt lat="35.298907" lon="128.03668"/><trkpt lat="35.298883" lon="128.036719"/><trkpt lat="35.298856" lon="128.036755"/><trkpt lat="35.298826" lon="128.036786"/><trkpt lat="35.298454" lon="128.037143"/><trkpt lat="35.298304" lon="128.037282"/><trkpt lat="35.298273" lon="128.037313"/><trkpt lat="35.298249" lon="128.037347"/><trkpt lat="35.298233" lon="128.037382"/><trkpt lat="35.298226" lon="128.037419"/><trkpt lat="35.298233" lon="128.03746"/><trkpt lat="35.298249" lon="128.037502"/><trkpt lat="35.298287" lon="128.037583"/><trkpt lat="35.29831" lon="128.03762"/><trkpt lat="35.298338" lon="128.037655"/><trkpt lat="35.298378" lon="128.037697"/><trkpt lat="35.29888" lon="128.038082"/><trkpt lat="35.298941" lon="128.038145"/><trkpt lat="35.298969" lon="128.038179"/><trkpt lat="35.298993" lon="128.038217"/><trkpt lat="35.299091" lon="128.038471"/><trkpt lat="35.299184" lon="128.038651"/><trkpt lat="35.299202" lon="128.038694"/><trkpt lat="35.299212" lon="128.038739"/><trkpt lat="35.299219" lon="128.038801"/><trkpt lat="35.299228" lon="128.038991"/><trkpt lat="35.299228" lon="128.039037"/><trkpt lat="35.299223" lon="128.039082"/><trkpt lat="35.299208" lon="128.039124"/><trkpt lat="35.299174" lon="128.039192"/><trkpt lat="35.29906" lon="128.039354"/><trkpt lat="35.299027" lon="128.039404"/><trkpt lat="35.298999" lon="128.039434"/><trkpt lat="35.298968" lon="128.039459"/><trkpt lat="35.298935" lon="128.039478"/><trkpt lat="35.298897" lon="128.03949"/><trkpt lat="35.29871" lon="128.039521"/><trkpt lat="35.29836" lon="128.039533"/><trkpt lat="35.298321" lon="128.039543"/><trkpt lat="35.298285" lon="128.03956"/><trkpt lat="35.298252" lon="128.039587"/><trkpt lat="35.298221" lon="128.039617"/><trkpt lat="35.298192" lon="128.03965"/><trkpt lat="35.29817" lon="128.039685"/><trkpt lat="35.298164" lon="128.039725"/><trkpt lat="35.298171" lon="128.03977"/><trkpt lat="35.298187" lon="128.039832"/><trkpt lat="35.298247" lon="128.040048"/><trkpt lat="35.298263" lon="128.040092"/><trkpt lat="35.298284" lon="128.040134"/><trkpt lat="35.298333" lon="128.040212"/><trkpt lat="35.298569" lon="128.04052"/><trkpt lat="35.29859" lon="128.040561"/><trkpt lat="35.298606" lon="128.040605"/><trkpt lat="35.298616" lon="128.040651"/><trkpt lat="35.298636" lon="128.040761"/><trkpt lat="35.298643" lon="128.040825"/><trkpt lat="35.298642" lon="128.040872"/><trkpt lat="35.298634" lon="128.040934"/><trkpt lat="35.298586" lon="128.041265"/><trkpt lat="35.298547" lon="128.041355"/><trkpt lat="35.298419" lon="128.041481"/><trkpt lat="35.298107" lon="128.041632"/><trkpt lat="35.298048" lon="128.041666"/><trkpt lat="35.298014" lon="128.04169"/><trkpt lat="35.297981" lon="128.041718"/><trkpt lat="35.297697" lon="128.042015"/><trkpt lat="35.297646" lon="128.042068"/><trkpt lat="35.297619" lon="128.042103"/><trkpt lat="35.29748" lon="128.042201"/><trkpt lat="35.297454" lon="128.042258"/><trkpt lat="35.297438" lon="128.042303"/><trkpt lat="35.297434" lon="128.042423"/><trkpt lat="35.297429" lon="128.042672"/><trkpt lat="35.297414" lon="128.042716"/><trkpt lat="35.297393" lon="128.042755"/><trkpt lat="35.29697" lon="128.043197"/><trkpt lat="35.296826" lon="128.043321"/><trkpt lat="35.296796" lon="128.043352"/><trkpt lat="35.296776" lon="128.043388"/><trkpt lat="35.296766" lon="128.043431"/><trkpt lat="35.296756" lon="128.043491"/><trkpt lat="35.296744" lon="128.043543"/><trkpt lat="35.296745" lon="128.04357"/><trkpt lat="35.296749" lon="128.04358"/></trkseg>
<trkseg><trkpt lat="35.292654" lon="128.029772"/><trkpt lat="35.292344" lon="128.029939"/><trkpt lat="35.29233" lon="128.030102"/><trkpt lat="35.292534" lon="128.030305"/><trkpt lat="35.292977" lon="128.030555"/><trkpt lat="35.292983" lon="128.030718"/><trkpt lat="35.292672" lon="128.03056"/><trkpt lat="35.292313" lon="128.03039"/><trkpt lat="35.292056" lon="128.030188"/><trkpt lat="35.291863" lon="128.030039"/></trkseg>
<trkseg><trkpt lat="35.292654" lon="128.029772"/><trkpt lat="35.292944" lon="128.029761"/><trkpt lat="35.293179" lon="128.029784"/><trkpt lat="35.293445" lon="128.029665"/><trkpt lat="35.293898" lon="128.029683"/><trkpt lat="35.294146" lon="128.029639"/><trkpt lat="35.294402" lon="128.029628"/><trkpt lat="35.294617" lon="128.029558"/><trkpt lat="35.294801" lon="128.029462"/><trkpt lat="35.295056" lon="128.029258"/><trkpt lat="35.295295" lon="128.029194"/><trkpt lat="35.295525" lon="128.02877"/><trkpt lat="35.295804" lon="128.028465"/><trkpt lat="35.296149" lon="128.027992"/><trkpt lat="35.29626" lon="128.027476"/><trkpt lat="35.296253" lon="128.027376"/></trkseg>
<trkseg><trkpt lat="35.281408" lon="128.018144"/><trkpt lat="35.281857" lon="128.018138"/><trkpt lat="35.28191" lon="128.018133"/><trkpt lat="35.281948" lon="128.018122"/><trkpt lat="35.28206" lon="128.01808"/><trkpt lat="35.28211" lon="128.018063"/><trkpt lat="35.282148" lon="128.018056"/><trkpt lat="35.282188" lon="128.018055"/><trkpt lat="35.28232" lon="128.01806"/><trkpt lat="35.282399" lon="128.018062"/><trkpt lat="35.282451" lon="128.018056"/><trkpt lat="35.282697" lon="128.018005"/><trkpt lat="35.282762" lon="128.017994"/><trkpt lat="35.2828" lon="128.017993"/><trkpt lat="35.282839" lon="128.018001"/><trkpt lat="35.282891" lon="128.01802"/><trkpt lat="35.283787" lon="128.018384"/><trkpt lat="35.283851" lon="128.018408"/><trkpt lat="35.28389" lon="128.018417"/><trkpt lat="35.28393" lon="128.018419"/><trkpt lat="35.284036" lon="128.018408"/><trkpt lat="35.284103" lon="128.018403"/><trkpt lat="35.284143" lon="128.018405"/><trkpt lat="35.284195" lon="128.018418"/><trkpt lat="35.284725" lon="128.01859"/><trkpt lat="35.284971" lon="128.01867"/><trkpt lat="35.285021" lon="128.018691"/><trkpt lat="35.285068" lon="128.018716"/><trkpt lat="35.285185" lon="128.018782"/><trkpt lat="35.285221" lon="128.018798"/><trkpt lat="35.285259" lon="128.018806"/><trkpt lat="35.285299" lon="128.018808"/><trkpt lat="35.285473" lon="128.018806"/><trkpt lat="35.285526" lon="128.018809"/><trkpt lat="35.285565" lon="128.018816"/><trkpt lat="35.285643" lon="128.018837"/><trkpt lat="35.285693" lon="128.018854"/><trkpt lat="35.28573" lon="128.018872"/><trkpt lat="35.285765" lon="128.018894"/><trkpt lat="35.286002" lon="128.019074"/><trkpt lat="35.28606" lon="128.019113"/><trkpt lat="35.286096" lon="128.019131"/><trkpt lat="35.286146" lon="128.019145"/><trkpt lat="35.286237" lon="128.019162"/><trkpt lat="35.286276" lon="128.019166"/><trkpt lat="35.286315" lon="128.019164"/><trkpt lat="35.286368" lon="128.019154"/><trkpt lat="35.286657" lon="128.019087"/><trkpt lat="35.286722" lon="128.019075"/><trkpt lat="35.286762" lon="128.019074"/><trkpt lat="35.286801" lon="128.01908"/><trkpt lat="35.28697" lon="128.019122"/><trkpt lat="35.287334" lon="128.019213"/><trkpt lat="35.287398" lon="128.019232"/><trkpt lat="35.287435" lon="128.019248"/><trkpt lat="35.28747" lon="128.01927"/><trkpt lat="35.287606" lon="128.019368"/><trkpt lat="35.287661" lon="128.01941"/><trkpt lat="35.28769" lon="128.01944"/><trkpt lat="35.287711" lon="128.019477"/><trkpt lat="35.287725" lon="128.019521"/><trkpt lat="35.287758" lon="128.01966"/><trkpt lat="35.287773" lon="128.01972"/><trkpt lat="35.287787" lon="128.019756"/><trkpt lat="35.287804" lon="128.019776"/><trkpt lat="35.287835" lon="128.019789"/><trkpt lat="35.287861" lon="128.01981"/><trkpt lat="35.287884" lon="128.019838"/><trkpt lat="35.287894" lon="128.019875"/><trkpt lat="35.287895" lon="128.01992"/><trkpt lat="35.287887" lon="128.020015"/><trkpt lat="35.287884" lon="128.020062"/><trkpt lat="35.287886" lon="128.020109"/><trkpt lat="35.287897" lon="128.020153"/><trkpt lat="35.287926" lon="128.020224"/><trkpt lat="35.287994" lon="128.02038"/><trkpt lat="35.288021" lon="128.020435"/><trkpt lat="35.288045" lon="128.020471"/><trkpt lat="35.288075" lon="128.020502"/><trkpt lat="35.288242" lon="128.020581"/><trkpt lat="35.288533" lon="128.020828"/><trkpt lat="35.288577" lon="128.020864"/><trkpt lat="35.288612" lon="128.020886"/><trkpt lat="35.288649" lon="128.0209"/><trkpt lat="35.288739" lon="128.020922"/><trkpt lat="35.288777" lon="128.020933"/><trkpt lat="35.288814" lon="128.020951"/><trkpt lat="35.288861" lon="128.02098"/><trkpt lat="35.289102" lon="128.021148"/><trkpt lat="35.289173" lon="128.021193"/><trkpt lat="35.289209" lon="128.021208"/><trkpt lat="35.289246" lon="128.021211"/><trkpt lat="35.289297" lon="128.021205"/><trkpt lat="35.289374" lon="128.02119"/><trkpt lat="35.289411" lon="128.021178"/><trkpt lat="35.289447" lon="128.021158"/><trkpt lat="35.289494" lon="128.021127"/><trkpt lat="35.290018" lon="128.020785"/><trkpt lat="35.290076" lon="128.020745"/><trkpt lat="35.290112" lon="128.020727"/><trkpt lat="35.290149" lon="128.020721"/><trkpt lat="35.290187" lon="128.020724"/><trkpt lat="35.290329" lon="128.020753"/><trkpt lat="35.290393" lon="128.020764"/><trkpt lat="35.290432" lon="128.020767"/><trkpt lat="35.290472" lon="128.020764"/><trkpt lat="35.290685" lon="128.020724"/><trkpt lat="35.290738" lon="128.020712"/><trkpt lat="35.290776" lon="128.020699"/><trkpt lat="35.29081" lon="128.020677"/><trkpt lat="35.290852" lon="128.020637"/><trkpt lat="35.291062" lon="128.020408"/><trkpt lat="35.291207" lon="128.020254"/><trkpt lat="35.291268" lon="128.020049"/><trkpt lat="35.291228" lon="128.019941"/></trkseg>
<trkseg><trkpt lat="35.291088" lon="128.00601"/><trkpt lat="35.291122" lon="128.006198"/><trkpt lat="35.291127" lon="128.006245"/><trkpt lat="35.291128" lon="128.006293"/><trkpt lat="35.291121" lon="128.006407"/><trkpt lat="35.291102" lon="128.006618"/><trkpt lat="35.291095" lon="128.006666"/><trkpt lat="35.291078" lon="128.006728"/><trkpt lat="35.290935" lon="128.007172"/><trkpt lat="35.290836" lon="128.007479"/><trkpt lat="35.290819" lon="128.007523"/><trkpt lat="35.290797" lon="128.007563"/><trkpt lat="35.29077" lon="128.007597"/><trkpt lat="35.290709" lon="128.00766"/><trkpt lat="35.290556" lon="128.007816"/><trkpt lat="35.290528" lon="128.00785"/><trkpt lat="35.290496" lon="128.0079"/><trkpt lat="35.290294" lon="128.008278"/><trkpt lat="35.290253" lon="128.008359"/><trkpt lat="35.290235" lon="128.008403"/><trkpt lat="35.290096" lon="128.008808"/><trkpt lat="35.290059" lon="128.008913"/><trkpt lat="35.29004" lon="128.008956"/><trkpt lat="35.289997" lon="128.009037"/><trkpt lat="35.289649" lon="128.00965"/><trkpt lat="35.289629" lon="128.009692"/><trkpt lat="35.289612" lon="128.009737"/><trkpt lat="35.289459" lon="128.010263"/><trkpt lat="35.28943" lon="128.010355"/><trkpt lat="35.289413" lon="128.010399"/><trkpt lat="35.289363" lon="128.010511"/><trkpt lat="35.289255" lon="128.010749"/><trkpt lat="35.28924" lon="128.010793"/><trkpt lat="35.28923" lon="128.01084"/><trkpt lat="35.289193" lon="128.01113"/><trkpt lat="35.289179" lon="128.011227"/><trkpt lat="35.289169" lon="128.011274"/><trkpt lat="35.289079" lon="128.0116"/><trkpt lat="35.288813" lon="128.012547"/><trkpt lat="35.288798" lon="128.01261"/><trkpt lat="35.288792" lon="128.012658"/><trkpt lat="35.288774" lon="128.012983"/><trkpt lat="35.288737" lon="128.013747"/><trkpt lat="35.288732" lon="128.013812"/><trkpt lat="35.288724" lon="128.013859"/><trkpt lat="35.288706" lon="128.013919"/><trkpt lat="35.288604" lon="128.014202"/><trkpt lat="35.288586" lon="128.014245"/><trkpt lat="35.288563" lon="128.014284"/><trkpt lat="35.288535" lon="128.014317"/><trkpt lat="35.288451" lon="128.014398"/><trkpt lat="35.288408" lon="128.014436"/><trkpt lat="35.288375" lon="128.014462"/><trkpt lat="35.288338" lon="128.01448"/><trkpt lat="35.288262" lon="128.01451"/><trkpt lat="35.287954" lon="128.014621"/><trkpt lat="35.287902" lon="128.014636"/><trkpt lat="35.287429" lon="128.014731"/><trkpt lat="35.287193" lon="128.014779"/><trkpt lat="35.287154" lon="128.01479"/><trkpt lat="35.287117" lon="128.014807"/><trkpt lat="35.287058" lon="128.014844"/><trkpt lat="35.286739" lon="128.015057"/><trkpt lat="35.286705" lon="128.015084"/><trkpt lat="35.286676" lon="128.015114"/><trkpt lat="35.286651" lon="128.015146"/><trkpt lat="35.286636" lon="128.015178"/><trkpt lat="35.286641" lon="128.01521"/><trkpt lat="35.286664" lon="128.015241"/><trkpt lat="35.286714" lon="128.015293"/><trkpt lat="35.286777" lon="128.015353"/><trkpt lat="35.286809" lon="128.015378"/><trkpt lat="35.286843" lon="128.015389"/><trkpt lat="35.28688" lon="128.015385"/><trkpt lat="35.286931" lon="128.015369"/><trkpt lat="35.287059" lon="128.015325"/><trkpt lat="35.287098" lon="128.015317"/><trkpt lat="35.287138" lon="128.015316"/><trkpt lat="35.287962" lon="128.015409"/><trkpt lat="35.288611" lon="128.01546"/><trkpt lat="35.288665" lon="128.015467"/><trkpt lat="35.288703" lon="128.015477"/><trkpt lat="35.288736" lon="128.015498"/><trkpt lat="35.288766" lon="128.015527"/><trkpt lat="35.288859" lon="128.01564"/><trkpt lat="35.288914" lon="128.015709"/><trkpt lat="35.288936" lon="128.015747"/><trkpt lat="35.288953" lon="128.01579"/><trkpt lat="35.288969" lon="128.015851"/><trkpt lat="35.288996" lon="128.0163"/><trkpt lat="35.289012" lon="128.016362"/><trkpt lat="35.289027" lon="128.016406"/><trkpt lat="35.289048" lon="128.016447"/><trkpt lat="35.28908" lon="128.016499"/><trkpt lat="35.289187" lon="128.016667"/><trkpt lat="35.289209" lon="128.016708"/><trkpt lat="35.289334" lon="128.016998"/><trkpt lat="35.289427" lon="128.017217"/><trkpt lat="35.289443" lon="128.017261"/><trkpt lat="35.289454" lon="128.017307"/><trkpt lat="35.289463" lon="128.01737"/><trkpt lat="35.2895" lon="128.017688"/><trkpt lat="35.28951" lon="128.017751"/><trkpt lat="35.289523" lon="128.017794"/><trkpt lat="35.289544" lon="128.017833"/><trkpt lat="35.289592" lon="128.017907"/><trkpt lat="35.28961" lon="128.017949"/><trkpt lat="35.28964" lon="128.01804"/><trkpt lat="35.289677" lon="128.018162"/><trkpt lat="35.289688" lon="128.018209"/><trkpt lat="35.289698" lon="128.018271"/><trkpt lat="35.289724" lon="128.018507"/><trkpt lat="35.289732" lon="128.01857"/><trkpt lat="35.289745" lon="128.018632"/><trkpt lat="35.289864" lon="128.018899"/><trkpt lat="35.289887" lon="128.018993"/><trkpt lat="35.289893" lon="128.01904"/><trkpt lat="35.289895" lon="128.019088"/><trkpt lat="35.289893" lon="128.019185"/><trkpt lat="35.289887" lon="128.019266"/><trkpt lat="35.289879" lon="128.019314"/><trkpt lat="35.289802" lon="128.019514"/><trkpt lat="35.289783" lon="128.019592"/><trkpt lat="35.289778" lon="128.019638"/><trkpt lat="35.289787" lon="128.019676"/><trkpt lat="35.289807" lon="128.019709"/><trkpt lat="35.289833" lon="128.019734"/><trkpt lat="35.289865" lon="128.019744"/><trkpt lat="35.289903" lon="128.019742"/><trkpt lat="35.289955" lon="128.019732"/><trkpt lat="35.290115" lon="128.019669"/><trkpt lat="35.290153" lon="128.019665"/><trkpt lat="35.290187" lon="128.019672"/><trkpt lat="35.290214" lon="128.019698"/><trkpt lat="35.290235" lon="128.019734"/><trkpt lat="35.290244" lon="128.019768"/><trkpt lat="35.290232" lon="128.019792"/><trkpt lat="35.290202" lon="128.019809"/><trkpt lat="35.290142" lon="128.019834"/><trkpt lat="35.290106" lon="128.019854"/><trkpt lat="35.290061" lon="128.019888"/><trkpt lat="35.289651" lon="128.020228"/><trkpt lat="35.289609" lon="128.020265"/><trkpt lat="35.289584" lon="128.020293"/><trkpt lat="35.289578" lon="128.020322"/><trkpt lat="35.289596" lon="128.020347"/><trkpt lat="35.289625" lon="128.020364"/><trkpt lat="35.289661" lon="128.020363"/><trkpt lat="35.2897" lon="128.020352"/><trkpt lat="35.28992" lon="128.020264"/><trkpt lat="35.289985" lon="128.020241"/><trkpt lat="35.290024" lon="128.020232"/><trkpt lat="35.290062" lon="128.02023"/><trkpt lat="35.290138" lon="128.020237"/><trkpt lat="35.290202" lon="128.020247"/><trkpt lat="35.290239" lon="128.020257"/><trkpt lat="35.290289" lon="128.020279"/><trkpt lat="35.290436" lon="128.020353"/><trkpt lat="35.290473" lon="128.020369"/><trkpt lat="35.290511" lon="128.020377"/><trkpt lat="35.29055" lon="128.020378"/><trkpt lat="35.290589" lon="128.020372"/><trkpt lat="35.290627" lon="128.020359"/><trkpt lat="35.290685" lon="128.02033"/><trkpt lat="35.291105" lon="128.020108"/><trkpt lat="35.291221" lon="128.019953"/><trkpt lat="35.291228" lon="128.019941"/></trkseg>
<trkseg><trkpt lat="35.29199" lon="128.020139"/><trkpt lat="35.291685" lon="128.02012"/><trkpt lat="35.291633" lon="128.020114"/><trkpt lat="35.291595" lon="128.020103"/><trkpt lat="35.291558" lon="128.020084"/><trkpt lat="35.291385" lon="128.019976"/><trkpt lat="35.291249" lon="128.019933"/><trkpt lat="35.291228" lon="128.019941"/></trkseg>
<trkseg><trkpt lat="35.296253" lon="128.027376"/><trkpt lat="35.296296" lon="128.026991"/><trkpt lat="35.29627" lon="128.026753"/><trkpt lat="35.296302" lon="128.026521"/><trkpt lat="35.296816" lon="128.0261"/><trkpt lat="35.297407" lon="128.025947"/><trkpt lat="35.297678" lon="128.025747"/><trkpt lat="35.297902" lon="128.025753"/><trkpt lat="35.298203" lon="128.025719"/><trkpt lat="35.298489" lon="128.025432"/><trkpt lat="35.29891" lon="128.025254"/><trkpt lat="35.299168" lon="128.025158"/><trkpt lat="35.299384" lon="128.024794"/><trkpt lat="35.299607" lon="128.024326"/><trkpt lat="35.299923" lon="128.024216"/><trkpt lat="35.300334" lon="128.024247"/><trkpt lat="35.300414" lon="128.02425"/><trkpt lat="35.300453" lon="128.024247"/><trkpt lat="35.300491" lon="128.024236"/><trkpt lat="35.300542" lon="128.024215"/><trkpt lat="35.30078" lon="128.02411"/><trkpt lat="35.30083" lon="128.024086"/><trkpt lat="35.300876" lon="128.024056"/><trkpt lat="35.301075" lon="128.023904"/><trkpt lat="35.301142" lon="128.023854"/><trkpt lat="35.301177" lon="128.023833"/><trkpt lat="35.301214" lon="128.023818"/><trkpt lat="35.301401" lon="128.023675"/><trkpt lat="35.30144" lon="128.023671"/><trkpt lat="35.301477" lon="128.023678"/><trkpt lat="35.301513" lon="128.023695"/><trkpt lat="35.30173" lon="128.02383"/><trkpt lat="35.301777" lon="128.023856"/><trkpt lat="35.301813" lon="128.023869"/><trkpt lat="35.30185" lon="128.023869"/><trkpt lat="35.301887" lon="128.023859"/><trkpt lat="35.301986" lon="128.023819"/><trkpt lat="35.302047" lon="128.023791"/><trkpt lat="35.30208" lon="128.023771"/><trkpt lat="35.302107" lon="128.023741"/><trkpt lat="35.302129" lon="128.023703"/><trkpt lat="35.302213" lon="128.023516"/><trkpt lat="35.302235" lon="128.023476"/><trkpt lat="35.30226" lon="128.02344"/><trkpt lat="35.302396" lon="128.023282"/><trkpt lat="35.302436" lon="128.02324"/><trkpt lat="35.302466" lon="128.023214"/><trkpt lat="35.302497" lon="128.023206"/><trkpt lat="35.302529" lon="128.023219"/><trkpt lat="35.302573" lon="128.023249"/><trkpt lat="35.302707" lon="128.023349"/><trkpt lat="35.302742" lon="128.023369"/><trkpt lat="35.302968" lon="128.023512"/><trkpt lat="35.303006" lon="128.023521"/><trkpt lat="35.303044" lon="128.02352"/><trkpt lat="35.30308" lon="128.023505"/><trkpt lat="35.303139" lon="128.023471"/><trkpt lat="35.303374" lon="128.023324"/><trkpt lat="35.303422" lon="128.023297"/><trkpt lat="35.30346" lon="128.023284"/><trkpt lat="35.303499" lon="128.023278"/><trkpt lat="35.30358" lon="128.023273"/><trkpt lat="35.303633" lon="128.023272"/><trkpt lat="35.303673" lon="128.023278"/><trkpt lat="35.303722" lon="128.023293"/><trkpt lat="35.303809" lon="128.023327"/><trkpt lat="35.303857" lon="128.02335"/><trkpt lat="35.303891" lon="128.023373"/><trkpt lat="35.303954" lon="128.023429"/><trkpt lat="35.304036" lon="128.023509"/><trkpt lat="35.304064" lon="128.023542"/><trkpt lat="35.304086" lon="128.02358"/><trkpt lat="35.304103" lon="128.023622"/><trkpt lat="35.304139" lon="128.023725"/><trkpt lat="35.304156" lon="128.023764"/><trkpt lat="35.304178" lon="128.02379"/><trkpt lat="35.304207" lon="128.02379"/><trkpt lat="35.30424" lon="128.023777"/><trkpt lat="35.304273" lon="128.023756"/><trkpt lat="35.304299" lon="128.023729"/><trkpt lat="35.304314" lon="128.023689"/><trkpt lat="35.304322" lon="128.023642"/><trkpt lat="35.304333" lon="128.02349"/><trkpt lat="35.304334" lon="128.023479"/></trkseg>
<trkseg><trkpt lat="35.27071" lon="128.017022"/><trkpt lat="35.270926" lon="128.016159"/><trkpt lat="35.270674" lon="128.015718"/><trkpt lat="35.27081" lon="128.015281"/><trkpt lat="35.271097" lon="128.01487"/><trkpt lat="35.271234" lon="128.014353"/><trkpt lat="35.271078" lon="128.013844"/><trkpt lat="35.27127" lon="128.013443"/><trkpt lat="35.271763" lon="128.01323"/><trkpt lat="35.271692" lon="128.012676"/><trkpt lat="35.271678" lon="128.012111"/><trkpt lat="35.272081" lon="128.012508"/><trkpt lat="35.272321" lon="128.013225"/><trkpt lat="35.27223" lon="128.013939"/><trkpt lat="35.272541" lon="128.014116"/><trkpt lat="35.273086" lon="128.013385"/><trkpt lat="35.273412" lon="128.012824"/><trkpt lat="35.273578" lon="128.012169"/><trkpt lat="35.273612" lon="128.011547"/><trkpt lat="35.273986" lon="128.010894"/><trkpt lat="35.274504" lon="128.009955"/><trkpt lat="35.274711" lon="128.008967"/><trkpt lat="35.275016" lon="128.007472"/><trkpt lat="35.275622" lon="128.006211"/><trkpt lat="35.276047" lon="128.005225"/><trkpt lat="35.276638" lon="128.004633"/><trkpt lat="35.277488" lon="128.003491"/><trkpt lat="35.278154" lon="128.00298"/><trkpt lat="35.278538" lon="128.002305"/><trkpt lat="35.279254" lon="128.001483"/></trkseg>
<trkseg><trkpt lat="35.27071" lon="128.017022"/><trkpt lat="35.27035" lon="128.016926"/><trkpt lat="35.269823" lon="128.016654"/><trkpt lat="35.269454" lon="128.016753"/><trkpt lat="35.268869" lon="128.016596"/><trkpt lat="35.268353" lon="128.017247"/><trkpt lat="35.268049" lon="128.017393"/><trkpt lat="35.267632" lon="128.01748"/><trkpt lat="35.267795" lon="128.018393"/><trkpt lat="35.267264" lon="128.018547"/><trkpt lat="35.266741" lon="128.018898"/><trkpt lat="35.267019" lon="128.019559"/><trkpt lat="35.267145" lon="128.020344"/><trkpt lat="35.267091" lon="128.021127"/><trkpt lat="35.267145" lon="128.021485"/><trkpt lat="35.267252" lon="128.02219"/><trkpt lat="35.266689" lon="128.022828"/><trkpt lat="35.266783" lon="128.024005"/><trkpt lat="35.267054" lon="128.024366"/><trkpt lat="35.267644" lon="128.023924"/><trkpt lat="35.268095" lon="128.024287"/><trkpt lat="35.267649" lon="128.02563"/><trkpt lat="35.267475" lon="128.026008"/></trkseg>
<trkseg><trkpt lat="35.26521" lon="128.016641"/><trkpt lat="35.265336" lon="128.0164"/><trkpt lat="35.26536" lon="128.016363"/><trkpt lat="35.265389" lon="128.016332"/><trkpt lat="35.26542" lon="128.016303"/><trkpt lat="35.265453" lon="128.016277"/><trkpt lat="35.265496" lon="128.01625"/><trkpt lat="35.265552" lon="128.01622"/><trkpt lat="35.265588" lon="128.016208"/><trkpt lat="35.265639" lon="128.016199"/><trkpt lat="35.265717" lon="128.016192"/><trkpt lat="35.265768" lon="128.016192"/><trkpt lat="35.265807" lon="128.0162"/><trkpt lat="35.265858" lon="128.016218"/><trkpt lat="35.266286" lon="128.016397"/><trkpt lat="35.2665" lon="128.016447"/><trkpt lat="35.266539" lon="128.016457"/><trkpt lat="35.266578" lon="128.016459"/><trkpt lat="35.266657" lon="128.016453"/><trkpt lat="35.266918" lon="128.016447"/><trkpt lat="35.26697" lon="128.016447"/><trkpt lat="35.267009" lon="128.016452"/><trkpt lat="35.267161" lon="128.016447"/><trkpt lat="35.267195" lon="128.016476"/><trkpt lat="35.267234" lon="128.016477"/><trkpt lat="35.267388" lon="128.016505"/><trkpt lat="35.267453" lon="128.016499"/><trkpt lat="35.26749" lon="128.016489"/><trkpt lat="35.267524" lon="128.016468"/><trkpt lat="35.267561" lon="128.016459"/><trkpt lat="35.267897" lon="128.016199"/><trkpt lat="35.267951" lon="128.016153"/><trkpt lat="35.267985" lon="128.016128"/><trkpt lat="35.268213" lon="128.01598"/><trkpt lat="35.268487" lon="128.015823"/><trkpt lat="35.268562" lon="128.01576"/><trkpt lat="35.268676" lon="128.015691"/><trkpt lat="35.268713" lon="128.01568"/><trkpt lat="35.268751" lon="128.015678"/><trkpt lat="35.268788" lon="128.015683"/><trkpt lat="35.268876" lon="128.015703"/><trkpt lat="35.268913" lon="128.015714"/><trkpt lat="35.268949" lon="128.01573"/><trkpt lat="35.268984" lon="128.015753"/><trkpt lat="35.269143" lon="128.015872"/><trkpt lat="35.269459" lon="128.01611"/><trkpt lat="35.269496" lon="128.016131"/><trkpt lat="35.269547" lon="128.016151"/><trkpt lat="35.269898" lon="128.016267"/><trkpt lat="35.26995" lon="128.016287"/><trkpt lat="35.269986" lon="128.016305"/><trkpt lat="35.270058" lon="128.016349"/><trkpt lat="35.27021" lon="128.016449"/><trkpt lat="35.270243" lon="128.016476"/><trkpt lat="35.270273" lon="128.016509"/><trkpt lat="35.270327" lon="128.01658"/><trkpt lat="35.270596" lon="128.016945"/><trkpt lat="35.270624" lon="128.016977"/><trkpt lat="35.270657" lon="128.017001"/><trkpt lat="35.270705" lon="128.01702"/><trkpt lat="35.27071" lon="128.017022"/></trkseg>
</trk>
</gpx>
