<?xml version="1.0" encoding="UTF-8"?>
<gpx version="1.1" creator="letnaturechoose" xmlns="http://www.topografix.com/GPX/1/1">
<metadata><name>종남산 등산로</name></metadata>
<trk><name>종남산</name>
<trkseg><trkpt lat="35.448521" lon="128.722287"/><trkpt lat="35.448501" lon="128.722128"/><trkpt lat="35.448496" lon="128.722065"/><trkpt lat="35.448499" lon="128.722019"/><trkpt lat="35.448503" lon="128.721963"/><trkpt lat="35.448495" lon="128.721918"/><trkpt lat="35.44848" lon="128.721873"/><trkpt lat="35.448298" lon="128.721413"/><trkpt lat="35.448188" lon="128.721129"/><trkpt lat="35.448163" lon="128.721073"/><trkpt lat="35.448138" lon="128.72104"/><trkpt lat="35.448105" lon="128.721025"/><trkpt lat="35.448067" lon="128.721018"/><trkpt lat="35.447905" lon="128.721005"/><trkpt lat="35.447732" lon="128.720989"/><trkpt lat="35.447693" lon="128.72098"/><trkpt lat="35.447658" lon="128.720967"/><trkpt lat="35.447616" lon="128.720947"/><trkpt lat="35.447584" lon="128.720943"/><trkpt lat="35.447549" lon="128.720954"/><trkpt lat="35.447466" lon="128.720998"/><trkpt lat="35.44743" lon="128.721015"/><trkpt lat="35.447392" lon="128.721027"/><trkpt lat="35.447129" lon="128.721079"/><trkpt lat="35.446841" lon="128.721135"/></trkseg>
<trkseg><trkpt lat="35.449243" lon="128.735149"/><trkpt lat="35.44921" lon="128.735236"/><trkpt lat="35.449193" lon="128.73529"/><trkpt lat="35.449186" lon="128.735337"/><trkpt lat="35.449182" lon="128.735401"/><trkpt lat="35.449178" lon="128.735612"/><trkpt lat="35.449175" lon="128.735659"/><trkpt lat="35.449167" lon="128.735704"/><trkpt lat="35.449149" lon="128.735742"/><trkpt lat="35.449121" lon="128.735773"/><trkpt lat="35.449068" lon="128.735821"/><trkpt lat="35.449034" lon="128.735846"/><trkpt lat="35.448999" lon="128.735861"/><trkpt lat="35.448961" lon="128.735866"/><trkpt lat="35.448871" lon="128.735865"/><trkpt lat="35.448833" lon="128.735867"/><trkpt lat="35.448797" lon="128.735875"/><trkpt lat="35.448764" lon="128.735895"/><trkpt lat="35.448722" lon="128.735932"/><trkpt lat="35.44865" lon="128.736001"/><trkpt lat="35.448618" lon="128.736026"/><trkpt lat="35.448582" lon="128.736043"/><trkpt lat="35.448543" lon="128.736054"/><trkpt lat="35.448263" lon="128.736108"/><trkpt lat="35.448183" lon="128.736121"/><trkpt lat="35.448144" lon="128.736124"/><trkpt lat="35.448078" lon="128.73612"/><trkpt lat="35.447616" lon="128.736069"/><trkpt lat="35.447563" lon="128.736065"/><trkpt lat="35.447524" lon="128.736066"/><trkpt lat="35.447484" lon="128.736073"/><trkpt lat="35.447013" lon="128.736182"/><trkpt lat="35.446949" lon="128.7362"/><trkpt lat="35.446912" lon="128.736218"/><trkpt lat="35.446866" lon="128.736251"/><trkpt lat="35.446392" lon="128.736656"/><trkpt lat="35.446327" lon="128.736715"/><trkpt lat="35.446289" lon="128.73676"/><trkpt lat="35.446187" lon="128.736889"/><trkpt lat="35.446152" lon="128.736937"/><trkpt lat="35.446129" lon="128.736977"/><trkpt lat="35.446103" lon="128.737034"/><trkpt lat="35.445993" lon="128.737294"/><trkpt lat="35.445973" lon="128.737336"/><trkpt lat="35.445949" lon="128.737373"/><trkpt lat="35.44592" lon="128.737402"/><trkpt lat="35.445887" lon="128.737427"/><trkpt lat="35.445704" lon="128.737551"/><trkpt lat="35.445658" lon="128.737579"/><trkpt lat="35.445621" lon="128.737594"/><trkpt lat="35.445569" lon="128.737604"/><trkpt lat="35.444982" lon="128.737664"/><trkpt lat="35.444902" lon="128.73767"/><trkpt lat="35.444809" lon="128.737671"/><trkpt lat="35.444157" lon="128.737668"/><trkpt lat="35.444118" lon="128.737672"/><trkpt lat="35.44378" lon="128.737747"/><trkpt lat="35.443689" lon="128.73777"/><trkpt lat="35.443638" lon="128.737787"/><trkpt lat="35.443335" lon="128.737904"/><trkpt lat="35.443298" lon="128.737921"/><trkpt lat="35.443263" lon="128.737942"/><trkpt lat="35.443187" lon="128.738002"/><trkpt lat="35.443123" lon="128.738056"/><trkpt lat="35.443093" lon="128.738085"/><trkpt lat="35.443068" lon="128.738121"/><trkpt lat="35.443018" lon="128.738216"/><trkpt lat="35.442996" lon="128.738256"/><trkpt lat="35.442968" lon="128.738288"/><trkpt lat="35.442936" lon="128.738315"/><trkpt lat="35.4429" lon="128.738336"/><trkpt lat="35.44285" lon="128.738355"/><trkpt lat="35.442552" lon="128.738451"/><trkpt lat="35.442474" lon="128.738472"/><trkpt lat="35.44202" lon="128.738556"/><trkpt lat="35.441472" lon="128.738657"/><trkpt lat="35.441406" lon="128.738664"/><trkpt lat="35.441111" lon="128.738677"/><trkpt lat="35.441058" lon="128.738677"/><trkpt lat="35.441019" lon="128.738673"/><trkpt lat="35.440981" lon="128.738661"/><trkpt lat="35.440931" lon="128.738638"/><trkpt lat="35.440795" lon="128.738571"/><trkpt lat="35.440757" lon="128.738558"/><trkpt lat="35.440721" lon="128.738555"/><trkpt lat="35.440685" lon="128.738566"/><trkpt lat="35.440637" lon="128.738588"/><trkpt lat="35.440517" lon="128.738648"/><trkpt lat="35.44048" lon="128.738662"/><trkpt lat="35.440443" lon="128.738668"/><trkpt lat="35.440405" lon="128.738666"/><trkpt lat="35.440368" lon="128.738661"/><trkpt lat="35.440331" lon="128.738649"/><trkpt lat="35.440284" lon="128.738624"/><trkpt lat="35.440134" lon="128.738527"/><trkpt lat="35.440088" lon="128.7385"/><trkpt lat="35.440052" lon="128.738485"/><trkpt lat="35.440015" lon="128.73848"/><trkpt lat="35.439976" lon="128.73848"/><trkpt lat="35.43982" lon="128.738489"/><trkpt lat="35.439782" lon="128.738488"/><trkpt lat="35.439745" lon="128.738481"/><trkpt lat="35.439708" lon="128.738464"/><trkpt lat="35.439423" lon="128.73829"/><trkpt lat="35.439268" lon="128.738196"/><trkpt lat="35.439232" lon="128.73818"/><trkpt lat="35.439194" lon="128.738173"/><trkpt lat="35.439156" lon="128.738174"/><trkpt lat="35.439025" lon="128.738188"/><trkpt lat="35.438869" lon="128.738206"/><trkpt lat="35.438831" lon="128.738214"/><trkpt lat="35.438794" lon="128.738231"/><trkpt lat="35.438748" lon="128.738262"/><trkpt lat="35.43852" lon="128.738433"/><trkpt lat="35.43845" lon="128.738481"/><trkpt lat="35.438377" lon="128.73852"/><trkpt lat="35.4379" lon="128.738768"/><trkpt lat="35.437841" lon="128.738804"/><trkpt lat="35.437645" lon="128.738945"/><trkpt lat="35.43745" lon="128.739089"/><trkpt lat="35.437418" lon="128.739117"/><trkpt lat="35.437359" lon="128.739181"/><trkpt lat="35.437242" lon="128.739312"/><trkpt lat="35.437212" lon="128.739341"/><trkpt lat="35.437178" lon="128.739366"/><trkpt lat="35.437128" lon="128.739392"/><trkpt lat="35.436687" lon="128.739598"/><trkpt lat="35.436624" lon="128.73963"/><trkpt lat="35.436589" lon="128.739652"/><trkpt lat="35.436546" lon="128.739688"/><trkpt lat="35.436399" lon="128.739821"/><trkpt lat="35.436369" lon="128.739852"/><trkpt lat="35.436344" lon="128.739887"/><trkpt lat="35.436325" lon="128.739928"/><trkpt lat="35.436243" lon="128.740147"/><trkpt lat="35.43621" lon="128.740234"/><trkpt lat="35.436191" lon="128.740275"/><trkpt lat="35.436168" lon="128.740314"/><trkpt lat="35.436134" lon="128.740363"/><trkpt lat="35.436107" lon="128.740397"/><trkpt lat="35.436077" lon="128.740428"/><trkpt lat="35.435887" lon="128.740577"/><trkpt lat="35.435538" lon="128.740847"/><trkpt lat="35.435483" lon="128.740892"/><trkpt lat="35.435455" lon="128.740922"/><trkpt lat="35.435436" lon="128.740961"/><trkpt lat="35.435425" lon="128.741006"/><trkpt lat="35.435391" lon="128.741213"/><trkpt lat="35.435325" lon="128.741612"/><trkpt lat="35.435314" lon="128.741658"/><trkpt lat="35.435293" lon="128.741715"/><trkpt lat="35.435232" lon="128.741853"/><trkpt lat="35.435205" lon="128.741906"/><trkpt lat="35.435182" lon="128.741944"/><trkpt lat="35.435147" lon="128.741993"/><trkpt lat="35.435012" lon="128.742169"/><trkpt lat="35.434983" lon="128.742202"/><trkpt lat="35.434951" lon="128.74223"/><trkpt lat="35.434892" lon="128.742269"/><trkpt lat="35.434374" lon="128.742588"/><trkpt lat="35.434169" lon="128.742713"/><trkpt lat="35.434131" lon="128.74273"/><trkpt lat="35.434094" lon="128.742739"/><trkpt lat="35.433979" lon="128.742752"/><trkpt lat="35.433941" lon="128.742759"/><trkpt lat="35.433905" lon="128.742773"/><trkpt lat="35.433871" lon="128.742797"/><trkpt lat="35.433556" lon="128.743076"/><trkpt lat="35.433512" lon="128.743113"/><trkpt lat="35.433477" lon="128.743137"/><trkpt lat="35.433441" lon="128.743155"/><trkpt lat="35.433313" lon="128.743199"/><trkpt lat="35.433263" lon="128.743218"/><trkpt lat="35.433227" lon="128.743238"/><trkpt lat="35.433195" lon="128.743265"/><trkpt lat="35.433117" lon="128.743351"/><trkpt lat="35.433078" lon="128.743393"/><trkpt lat="35.433046" lon="128.743421"/><trkpt lat="35.432999" lon="128.743451"/><trkpt lat="35.432913" lon="128.743497"/><trkpt lat="35.432876" lon="128.743514"/><trkpt lat="35.432838" lon="128.743521"/><trkpt lat="35.432799" lon="128.743517"/><trkpt lat="35.432746" lon="128.743506"/><trkpt lat="35.432139" lon="128.743364"/><trkpt lat="35.432086" lon="128.743355"/><trkpt lat="35.43202" lon="128.743351"/><trkpt lat="35.431457" lon="128.743354"/><trkpt lat="35.431189" lon="128.743354"/><trkpt lat="35.431136" lon="128.743358"/><trkpt lat="35.431097" lon="128.743367"/><trkpt lat="35.43106" lon="128.743384"/><trkpt lat="35.430904" lon="128.743478"/><trkpt lat="35.43012" lon="128.743948"/><trkpt lat="35.430072" lon="128.743975"/><trkpt lat="35.430034" lon="128.74399"/><trkpt lat="35.429996" lon="128.743997"/><trkpt lat="35.429931" lon="128.744"/><trkpt lat="35.42971" lon="128.744003"/><trkpt lat="35.42967" lon="128.744007"/><trkpt lat="35.42959" lon="128.744022"/><trkpt lat="35.429298" lon="128.744086"/><trkpt lat="35.429245" lon="128.744093"/><trkpt lat="35.429208" lon="128.74409"/><trkpt lat="35.429177" lon="128.744075"/><trkpt lat="35.429126" lon="128.744043"/><trkpt lat="35.429089" lon="128.74403"/><trkpt lat="35.429022" lon="128.744018"/><trkpt lat="35.428458" lon="128.743941"/><trkpt lat="35.428418" lon="128.743933"/><trkpt lat="35.42838" lon="128.74392"/><trkpt lat="35.428331" lon="128.743899"/><trkpt lat="35.428074" lon="128.743776"/><trkpt lat="35.428025" lon="128.743756"/><trkpt lat="35.427959" lon="128.743738"/><trkpt lat="35.427415" lon="128.743622"/><trkpt lat="35.427376" lon="128.743611"/><trkpt lat="35.427339" lon="128.743595"/><trkpt lat="35.426981" lon="128.743406"/><trkpt lat="35.426906" lon="128.74337"/><trkpt lat="35.426868" lon="128.743357"/><trkpt lat="35.426818" lon="128.743347"/><trkpt lat="35.426729" lon="128.743339"/><trkpt lat="35.426691" lon="128.743339"/><trkpt lat="35.426652" lon="128.743344"/><trkpt lat="35.426435" lon="128.743395"/><trkpt lat="35.426372" lon="128.743413"/><trkpt lat="35.426336" lon="128.74343"/><trkpt lat="35.426292" lon="128.743463"/><trkpt lat="35.426121" lon="128.74361"/><trkpt lat="35.426066" lon="128.743654"/><trkpt lat="35.426032" lon="128.743673"/><trkpt lat="35.425996" lon="128.743681"/><trkpt lat="35.425894" lon="128.743684"/><trkpt lat="35.425843" lon="128.743689"/><trkpt lat="35.425791" lon="128.743702"/><trkpt lat="35.425406" lon="128.743842"/><trkpt lat="35.425329" lon="128.743869"/><trkpt lat="35.42529" lon="128.743879"/><trkpt lat="35.42525" lon="128.743883"/><trkpt lat="35.425156" lon="128.743885"/><trkpt lat="35.424899" lon="128.743885"/><trkpt lat="35.424819" lon="128.743902"/><trkpt lat="35.424804" lon="128.743994"/><trkpt lat="35.424801" lon="128.744118"/><trkpt lat="35.424802" lon="128.744162"/><trkpt lat="35.424789" lon="128.744203"/><trkpt lat="35.424758" lon="128.744271"/><trkpt lat="35.424743" lon="128.744317"/><trkpt lat="35.424727" lon="128.744379"/><trkpt lat="35.424416" lon="128.745729"/><trkpt lat="35.424339" lon="128.746063"/><trkpt lat="35.424326" lon="128.746109"/><trkpt lat="35.424308" lon="128.746152"/><trkpt lat="35.424284" lon="128.746189"/><trkpt lat="35.424112" lon="128.746412"/><trkpt lat="35.424059" lon="128.746483"/><trkpt lat="35.424037" lon="128.74652"/><trkpt lat="35.424022" lon="128.746563"/><trkpt lat="35.424015" lon="128.746611"/><trkpt lat="35.424011" lon="128.746659"/><trkpt lat="35.42401" lon="128.746708"/><trkpt lat="35.424015" lon="128.746754"/><trkpt lat="35.424028" lon="128.746799"/><trkpt lat="35.424092" lon="128.746957"/><trkpt lat="35.42412" lon="128.74703"/><trkpt lat="35.424132" lon="128.747074"/><trkpt lat="35.424138" lon="128.747122"/><trkpt lat="35.424144" lon="128.747252"/><trkpt lat="35.42415" lon="128.747299"/><trkpt lat="35.424163" lon="128.747343"/><trkpt lat="35.424191" lon="128.747397"/><trkpt lat="35.424425" lon="128.747794"/><trkpt lat="35.42453" lon="128.748028"/><trkpt lat="35.424491" lon="128.748236"/><trkpt lat="35.424465" lon="128.748291"/><trkpt lat="35.42445" lon="128.748335"/><trkpt lat="35.424438" lon="128.748397"/><trkpt lat="35.424413" lon="128.748571"/><trkpt lat="35.424387" lon="128.748762"/><trkpt lat="35.424383" lon="128.748809"/><trkpt lat="35.424384" lon="128.748855"/><trkpt lat="35.424398" lon="128.748961"/><trkpt lat="35.424403" lon="128.749022"/><trkpt lat="35.424401" lon="128.74907"/><trkpt lat="35.424389" lon="128.749198"/><trkpt lat="35.424364" lon="128.749424"/><trkpt lat="35.42436" lon="128.749488"/><trkpt lat="35.424363" lon="128.749536"/><trkpt lat="35.424377" lon="128.749615"/><trkpt lat="35.424423" lon="128.749836"/><trkpt lat="35.424433" lon="128.749899"/><trkpt lat="35.424435" lon="128.749946"/><trkpt lat="35.424428" lon="128.749992"/><trkpt lat="35.424415" lon="128.750036"/><trkpt lat="35.424394" lon="128.750076"/><trkpt lat="35.42436" lon="128.750127"/><trkpt lat="35.424175" lon="128.750388"/><trkpt lat="35.424142" lon="128.750439"/><trkpt lat="35.424121" lon="128.75048"/><trkpt lat="35.424002" lon="128.750782"/><trkpt lat="35.42397" lon="128.75087"/><trkpt lat="35.423958" lon="128.750915"/><trkpt lat="35.423929" lon="128.751054"/><trkpt lat="35.423917" lon="128.751099"/><trkpt lat="35.423899" lon="128.751143"/><trkpt lat="35.423865" lon="128.751212"/><trkpt lat="35.42342" lon="128.752071"/><trkpt lat="35.423394" lon="128.752128"/><trkpt lat="35.423356" lon="128.752229"/><trkpt lat="35.423288" lon="128.75242"/><trkpt lat="35.423275" lon="128.752465"/><trkpt lat="35.423265" lon="128.752512"/><trkpt lat="35.423248" lon="128.752623"/><trkpt lat="35.423207" lon="128.752912"/><trkpt lat="35.423195" lon="128.752974"/><trkpt lat="35.423181" lon="128.753019"/><trkpt lat="35.42315" lon="128.75309"/><trkpt lat="35.423057" lon="128.753286"/><trkpt lat="35.423032" lon="128.753343"/><trkpt lat="35.423017" lon="128.753387"/><trkpt lat="35.423007" lon="128.753434"/><trkpt lat="35.42293" lon="128.753893"/><trkpt lat="35.422917" lon="128.753956"/><trkpt lat="35.422903" lon="128.754001"/><trkpt lat="35.422874" lon="128.754076"/><trkpt lat="35.422709" lon="128.754473"/><trkpt lat="35.422629" lon="128.754664"/><trkpt lat="35.422607" lon="128.754704"/><trkpt lat="35.42258" lon="128.754737"/><trkpt lat="35.422547" lon="128.754764"/><trkpt lat="35.422397" lon="128.754871"/><trkpt lat="35.422131" lon="128.75506"/><trkpt lat="35.4221" lon="128.755089"/><trkpt lat="35.422075" lon="128.755122"/><trkpt lat="35.422038" lon="128.755182"/><trkpt lat="35.42201" lon="128.755211"/><trkpt lat="35.421967" lon="128.755241"/><trkpt lat="35.4219" lon="128.755284"/><trkpt lat="35.421869" lon="128.755311"/><trkpt lat="35.42184" lon="128.755344"/><trkpt lat="35.421588" lon="128.755682"/><trkpt lat="35.421525" lon="128.755765"/><trkpt lat="35.421495" lon="128.755797"/><trkpt lat="35.42145" lon="128.755834"/><trkpt lat="35.421016" lon="128.756166"/><trkpt lat="35.420833" lon="128.756305"/><trkpt lat="35.420801" lon="128.756334"/><trkpt lat="35.420773" lon="128.756368"/><trkpt lat="35.420735" lon="128.756431"/><trkpt lat="35.420631" lon="128.756614"/></trkseg>
<trkseg><trkpt lat="35.428219" lon="128.707574"/><trkpt lat="35.428083" lon="128.707501"/><trkpt lat="35.428033" lon="128.707477"/><trkpt lat="35.427996" lon="128.707465"/><trkpt lat="35.427959" lon="128.707469"/><trkpt lat="35.427922" lon="128.707484"/><trkpt lat="35.427638" lon="128.707636"/><trkpt lat="35.427576" lon="128.707668"/><trkpt lat="35.427539" lon="128.707679"/><trkpt lat="35.427502" lon="128.707677"/><trkpt lat="35.427465" lon="128.707662"/><trkpt lat="35.427428" lon="128.707641"/><trkpt lat="35.427394" lon="128.707617"/><trkpt lat="35.427366" lon="128.707586"/><trkpt lat="35.427333" lon="128.70752"/><trkpt lat="35.427311" lon="128.707483"/><trkpt lat="35.427282" lon="128.707457"/><trkpt lat="35.427246" lon="128.707441"/><trkpt lat="35.427089" lon="128.707393"/><trkpt lat="35.426919" lon="128.707343"/><trkpt lat="35.42688" lon="128.707337"/><trkpt lat="35.426843" lon="128.707343"/><trkpt lat="35.426807" lon="128.707358"/><trkpt lat="35.426676" lon="128.707428"/><trkpt lat="35.426629" lon="128.707452"/><trkpt lat="35.426593" lon="128.707463"/><trkpt lat="35.426557" lon="128.707462"/><trkpt lat="35.42652" lon="128.70745"/><trkpt lat="35.426446" lon="128.707422"/><trkpt lat="35.426407" lon="128.707413"/><trkpt lat="35.426315" lon="128.7074"/><trkpt lat="35.425945" lon="128.707358"/><trkpt lat="35.425867" lon="128.707353"/><trkpt lat="35.425778" lon="128.707357"/><trkpt lat="35.425741" lon="128.707363"/><trkpt lat="35.425706" lon="128.707379"/><trkpt lat="35.425649" lon="128.707416"/><trkpt lat="35.425615" lon="128.707431"/><trkpt lat="35.425577" lon="128.707432"/><trkpt lat="35.425538" lon="128.707425"/><trkpt lat="35.425381" lon="128.707382"/><trkpt lat="35.425329" lon="128.70737"/><trkpt lat="35.425291" lon="128.707368"/><trkpt lat="35.425258" lon="128.707381"/><trkpt lat="35.425197" lon="128.707433"/><trkpt lat="35.425165" lon="128.707455"/><trkpt lat="35.42513" lon="128.707465"/><trkpt lat="35.425055" lon="128.70746"/><trkpt lat="35.425019" lon="128.707462"/><trkpt lat="35.424986" lon="128.707479"/><trkpt lat="35.424957" lon="128.70751"/><trkpt lat="35.424893" lon="128.707593"/><trkpt lat="35.424866" lon="128.707623"/><trkpt lat="35.42484" lon="128.707636"/><trkpt lat="35.424815" lon="128.70762"/><trkpt lat="35.42479" lon="128.707588"/><trkpt lat="35.42471" lon="128.707456"/><trkpt lat="35.424685" lon="128.70742"/><trkpt lat="35.424658" lon="128.707393"/><trkpt lat="35.424628" lon="128.707387"/><trkpt lat="35.424597" lon="128.7074"/><trkpt lat="35.424568" lon="128.707423"/><trkpt lat="35.424543" lon="128.707456"/><trkpt lat="35.424521" lon="128.707495"/><trkpt lat="35.424494" lon="128.707549"/><trkpt lat="35.424478" lon="128.70759"/><trkpt lat="35.424469" lon="128.707634"/><trkpt lat="35.42447" lon="128.707679"/><trkpt lat="35.424481" lon="128.707772"/><trkpt lat="35.424484" lon="128.707818"/><trkpt lat="35.42448" lon="128.70786"/><trkpt lat="35.424463" lon="128.707896"/><trkpt lat="35.424438" lon="128.707926"/><trkpt lat="35.424409" lon="128.707948"/><trkpt lat="35.424375" lon="128.707954"/><trkpt lat="35.424337" lon="128.707946"/><trkpt lat="35.424207" lon="128.707902"/><trkpt lat="35.424131" lon="128.707872"/><trkpt lat="35.424095" lon="128.707851"/><trkpt lat="35.424068" lon="128.707825"/><trkpt lat="35.424045" lon="128.707793"/><trkpt lat="35.424026" lon="128.707758"/><trkpt lat="35.424008" lon="128.707712"/><trkpt lat="35.423986" lon="128.707683"/><trkpt lat="35.423954" lon="128.707664"/><trkpt lat="35.423921" lon="128.707653"/><trkpt lat="35.423893" lon="128.707654"/><trkpt lat="35.42386" lon="128.707663"/><trkpt lat="35.423808" lon="128.707655"/><trkpt lat="35.423774" lon="128.707652"/><trkpt lat="35.423753" lon="128.70763"/><trkpt lat="35.42372" lon="128.707573"/><trkpt lat="35.423693" lon="128.707542"/><trkpt lat="35.42366" lon="128.707517"/><trkpt lat="35.423625" lon="128.707496"/><trkpt lat="35.423593" lon="128.707483"/><trkpt lat="35.423567" lon="128.707488"/><trkpt lat="35.423545" lon="128.707516"/><trkpt lat="35.423529" lon="128.707514"/><trkpt lat="35.423502" lon="128.707491"/><trkpt lat="35.423466" lon="128.707475"/><trkpt lat="35.423441" lon="128.70746"/><trkpt lat="35.423417" lon="128.707417"/><trkpt lat="35.423398" lon="128.707387"/><trkpt lat="35.423371" lon="128.707375"/><trkpt lat="35.423319" lon="128.707361"/><trkpt lat="35.42329" lon="128.707343"/><trkpt lat="35.423264" lon="128.707318"/><trkpt lat="35.423236" lon="128.707284"/><trkpt lat="35.423108" lon="128.707097"/><trkpt lat="35.423056" lon="128.707023"/><trkpt lat="35.423027" lon="128.706989"/><trkpt lat="35.422998" lon="128.706963"/><trkpt lat="35.422966" lon="128.706943"/><trkpt lat="35.42293" lon="128.70693"/><trkpt lat="35.422891" lon="128.706924"/><trkpt lat="35.422786" lon="128.706912"/><trkpt lat="35.42275" lon="128.706901"/><trkpt lat="35.422722" lon="128.706875"/><trkpt lat="35.422702" lon="128.706838"/><trkpt lat="35.422691" lon="128.706795"/><trkpt lat="35.422691" lon="128.706749"/><trkpt lat="35.422695" lon="128.706702"/><trkpt lat="35.422705" lon="128.706657"/><trkpt lat="35.422722" lon="128.706622"/><trkpt lat="35.422756" lon="128.706566"/><trkpt lat="35.422774" lon="128.706524"/><trkpt lat="35.422805" lon="128.706434"/><trkpt lat="35.422857" lon="128.706266"/><trkpt lat="35.422867" lon="128.70622"/><trkpt lat="35.422872" lon="128.706171"/><trkpt lat="35.422875" lon="128.706072"/><trkpt lat="35.422876" lon="128.705939"/><trkpt lat="35.422872" lon="128.705891"/><trkpt lat="35.422859" lon="128.70585"/><trkpt lat="35.422839" lon="128.705822"/><trkpt lat="35.422812" lon="128.705821"/><trkpt lat="35.422782" lon="128.705842"/><trkpt lat="35.422718" lon="128.7059"/><trkpt lat="35.422686" lon="128.705928"/><trkpt lat="35.422654" lon="128.705948"/><trkpt lat="35.422619" lon="128.705949"/><trkpt lat="35.422584" lon="128.705933"/><trkpt lat="35.42255" lon="128.705909"/><trkpt lat="35.422519" lon="128.705878"/><trkpt lat="35.422403" lon="128.705741"/><trkpt lat="35.422347" lon="128.705671"/><trkpt lat="35.422324" lon="128.705632"/><trkpt lat="35.4223" lon="128.705574"/><trkpt lat="35.422189" lon="128.705255"/><trkpt lat="35.422167" lon="128.705195"/><trkpt lat="35.422147" lon="128.705153"/><trkpt lat="35.422116" lon="128.7051"/><trkpt lat="35.421966" lon="128.704867"/><trkpt lat="35.421933" lon="128.70482"/><trkpt lat="35.421909" lon="128.704797"/><trkpt lat="35.421886" lon="128.704804"/><trkpt lat="35.421863" lon="128.704834"/><trkpt lat="35.42182" lon="128.704913"/><trkpt lat="35.421725" lon="128.70509"/><trkpt lat="35.421703" lon="128.705124"/><trkpt lat="35.421679" lon="128.705141"/><trkpt lat="35.421654" lon="128.705128"/><trkpt lat="35.421627" lon="128.705097"/><trkpt lat="35.421536" lon="128.704973"/><trkpt lat="35.421477" lon="128.704884"/><trkpt lat="35.421344" lon="128.704647"/><trkpt lat="35.421301" lon="128.704567"/><trkpt lat="35.421283" lon="128.704525"/><trkpt lat="35.421262" lon="128.704466"/><trkpt lat="35.421211" lon="128.7043"/><trkpt lat="35.4212" lon="128.704254"/><trkpt lat="35.421192" lon="128.704191"/><trkpt lat="35.421184" lon="128.704095"/><trkpt lat="35.421181" lon="128.704016"/><trkpt lat="35.421184" lon="128.70397"/><trkpt lat="35.421195" lon="128.703925"/><trkpt lat="35.421228" lon="128.703838"/><trkpt lat="35.421329" lon="128.703593"/></trkseg>
<trkseg><trkpt lat="35.426613" lon="128.701925"/><trkpt lat="35.42667" lon="128.701957"/><trkpt lat="35.426712" lon="128.701987"/><trkpt lat="35.426743" lon="128.702023"/><trkpt lat="35.426802" lon="128.702112"/><trkpt lat="35.426849" lon="128.702191"/><trkpt lat="35.426869" lon="128.702234"/><trkpt lat="35.426998" lon="128.702592"/><trkpt lat="35.427073" lon="128.702802"/><trkpt lat="35.42709" lon="128.702845"/><trkpt lat="35.427111" lon="128.702882"/><trkpt lat="35.42714" lon="128.702903"/><trkpt lat="35.427175" lon="128.702913"/><trkpt lat="35.427237" lon="128.702924"/><trkpt lat="35.427271" lon="128.702934"/><trkpt lat="35.427296" lon="128.702956"/><trkpt lat="35.427309" lon="128.702991"/><trkpt lat="35.427308" lon="128.703032"/><trkpt lat="35.427295" lon="128.703104"/><trkpt lat="35.427292" lon="128.703146"/><trkpt lat="35.427301" lon="128.703189"/><trkpt lat="35.427322" lon="128.703245"/><trkpt lat="35.427356" lon="128.703329"/><trkpt lat="35.427367" lon="128.703373"/><trkpt lat="35.427372" lon="128.70342"/><trkpt lat="35.427375" lon="128.703613"/><trkpt lat="35.427379" lon="128.703757"/><trkpt lat="35.427384" lon="128.703804"/><trkpt lat="35.427398" lon="128.703876"/><trkpt lat="35.427399" lon="128.703919"/><trkpt lat="35.427389" lon="128.703962"/><trkpt lat="35.427366" lon="128.704032"/><trkpt lat="35.427356" lon="128.704073"/><trkpt lat="35.42736" lon="128.70411"/><trkpt lat="35.427379" lon="128.704142"/><trkpt lat="35.427422" lon="128.704192"/><trkpt lat="35.427441" lon="128.704224"/><trkpt lat="35.427443" lon="128.70426"/><trkpt lat="35.42743" lon="128.7043"/><trkpt lat="35.427393" lon="128.704383"/><trkpt lat="35.427377" lon="128.704425"/><trkpt lat="35.427369" lon="128.704467"/><trkpt lat="35.427376" lon="128.704507"/><trkpt lat="35.427407" lon="128.704588"/><trkpt lat="35.427422" lon="128.70463"/><trkpt lat="35.427429" lon="128.704674"/><trkpt lat="35.42743" lon="128.70472"/><trkpt lat="35.42743" lon="128.704811"/><trkpt lat="35.427435" lon="128.704853"/><trkpt lat="35.427452" lon="128.704898"/><trkpt lat="35.427464" lon="128.704937"/><trkpt lat="35.427471" lon="128.704981"/><trkpt lat="35.427476" lon="128.705025"/><trkpt lat="35.427475" lon="128.705067"/><trkpt lat="35.427464" lon="128.705104"/><trkpt lat="35.427437" lon="128.705134"/><trkpt lat="35.427395" lon="128.705171"/><trkpt lat="35.427368" lon="128.705201"/><trkpt lat="35.427354" lon="128.705239"/><trkpt lat="35.427352" lon="128.705282"/><trkpt lat="35.427354" lon="128.705328"/><trkpt lat="35.427359" lon="128.705374"/><trkpt lat="35.427368" lon="128.705418"/><trkpt lat="35.427386" lon="128.70546"/><trkpt lat="35.42741" lon="128.705501"/><trkpt lat="35.427452" lon="128.705565"/><trkpt lat="35.42748" lon="128.705597"/><trkpt lat="35.427514" lon="128.705619"/><trkpt lat="35.427564" lon="128.705636"/><trkpt lat="35.4276" lon="128.70565"/><trkpt lat="35.427627" lon="128.705674"/><trkpt lat="35.427643" lon="128.705709"/><trkpt lat="35.427662" lon="128.705761"/><trkpt lat="35.427684" lon="128.7058"/><trkpt lat="35.427717" lon="128.705848"/><trkpt lat="35.427763" lon="128.705906"/><trkpt lat="35.427792" lon="128.705936"/><trkpt lat="35.427832" lon="128.705964"/><trkpt lat="35.42786" lon="128.705987"/><trkpt lat="35.427884" lon="128.706019"/><trkpt lat="35.427905" lon="128.706055"/><trkpt lat="35.427919" lon="128.706094"/><trkpt lat="35.427924" lon="128.706137"/><trkpt lat="35.427921" lon="128.706211"/><trkpt lat="35.427927" lon="128.706253"/><trkpt lat="35.427945" lon="128.706293"/><trkpt lat="35.427995" lon="128.70637"/><trkpt lat="35.428126" lon="128.706559"/><trkpt lat="35.42815" lon="128.706598"/><trkpt lat="35.428169" lon="128.70664"/><trkpt lat="35.428182" lon="128.706685"/><trkpt lat="35.428226" lon="128.706906"/><trkpt lat="35.42827" lon="128.707127"/><trkpt lat="35.428276" lon="128.707174"/><trkpt lat="35.428276" lon="128.707222"/><trkpt lat="35.42827" lon="128.70727"/><trkpt lat="35.428219" lon="128.707574"/></trkseg>
<trkseg><trkpt lat="35.420631" lon="128.756614"/><trkpt lat="35.420033" lon="128.756755"/><trkpt lat="35.419981" lon="128.756764"/><trkpt lat="35.419452" lon="128.756824"/><trkpt lat="35.419373" lon="128.756831"/><trkpt lat="35.419333" lon="128.756831"/><trkpt lat="35.419268" lon="128.756822"/><trkpt lat="35.419098" lon="128.756792"/><trkpt lat="35.419033" lon="128.756777"/><trkpt lat="35.418843" lon="128.75672"/><trkpt lat="35.418793" lon="128.756702"/><trkpt lat="35.418756" lon="128.756684"/><trkpt lat="35.418686" lon="128.756639"/><trkpt lat="35.41857" lon="128.75656"/><trkpt lat="35.418526" lon="128.756525"/><trkpt lat="35.418452" lon="128.756455"/><trkpt lat="35.418023" lon="128.756037"/><trkpt lat="35.417989" lon="128.75601"/><trkpt lat="35.41779" lon="128.755872"/><trkpt lat="35.417625" lon="128.755759"/><trkpt lat="35.417589" lon="128.755738"/><trkpt lat="35.417553" lon="128.755723"/><trkpt lat="35.417516" lon="128.755722"/><trkpt lat="35.417478" lon="128.755728"/><trkpt lat="35.417376" lon="128.755751"/><trkpt lat="35.417313" lon="128.755767"/><trkpt lat="35.417276" lon="128.755781"/><trkpt lat="35.417242" lon="128.755801"/><trkpt lat="35.417143" lon="128.755876"/><trkpt lat="35.417099" lon="128.755908"/><trkpt lat="35.417063" lon="128.755927"/><trkpt lat="35.417026" lon="128.755942"/><trkpt lat="35.416805" lon="128.756009"/><trkpt lat="35.416754" lon="128.756026"/><trkpt lat="35.416717" lon="128.756043"/><trkpt lat="35.416684" lon="128.756067"/><trkpt lat="35.416645" lon="128.75611"/><trkpt lat="35.416492" lon="128.756293"/><trkpt lat="35.416453" lon="128.756337"/><trkpt lat="35.416422" lon="128.756368"/><trkpt lat="35.416356" lon="128.756424"/><trkpt lat="35.416212" lon="128.756543"/><trkpt lat="35.416181" lon="128.756574"/><trkpt lat="35.416155" lon="128.756608"/><trkpt lat="35.416083" lon="128.756716"/><trkpt lat="35.416057" lon="128.756749"/><trkpt lat="35.416027" lon="128.756775"/><trkpt lat="35.415981" lon="128.756803"/><trkpt lat="35.415898" lon="128.756847"/><trkpt lat="35.415864" lon="128.75687"/><trkpt lat="35.415809" lon="128.756914"/><trkpt lat="35.41565" lon="128.757056"/><trkpt lat="35.415609" lon="128.757096"/><trkpt lat="35.415572" lon="128.757141"/><trkpt lat="35.415482" lon="128.757258"/><trkpt lat="35.415454" lon="128.757291"/><trkpt lat="35.415423" lon="128.757319"/><trkpt lat="35.415388" lon="128.757342"/><trkpt lat="35.415101" lon="128.757487"/><trkpt lat="35.415039" lon="128.75752"/><trkpt lat="35.415005" lon="128.757543"/><trkpt lat="35.414976" lon="128.757574"/><trkpt lat="35.414951" lon="128.757611"/><trkpt lat="35.414853" lon="128.757783"/><trkpt lat="35.414799" lon="128.757874"/><trkpt lat="35.414772" lon="128.757909"/><trkpt lat="35.414732" lon="128.757952"/><trkpt lat="35.414551" lon="128.758125"/><trkpt lat="35.41451" lon="128.758167"/><trkpt lat="35.414483" lon="128.758202"/><trkpt lat="35.414458" lon="128.75824"/><trkpt lat="35.41427" lon="128.758576"/><trkpt lat="35.414231" lon="128.758641"/><trkpt lat="35.414204" lon="128.758676"/><trkpt lat="35.414163" lon="128.758716"/><trkpt lat="35.413898" lon="128.758939"/><trkpt lat="35.413834" lon="128.758997"/><trkpt lat="35.413785" lon="128.759051"/><trkpt lat="35.413555" lon="128.75932"/><trkpt lat="35.413531" lon="128.759354"/><trkpt lat="35.41352" lon="128.759387"/><trkpt lat="35.413531" lon="128.759419"/><trkpt lat="35.413554" lon="128.759452"/><trkpt lat="35.413609" lon="128.759518"/><trkpt lat="35.413634" lon="128.759554"/><trkpt lat="35.413655" lon="128.759594"/><trkpt lat="35.41368" lon="128.759652"/><trkpt lat="35.413795" lon="128.759943"/><trkpt lat="35.413815" lon="128.760002"/><trkpt lat="35.413826" lon="128.760048"/><trkpt lat="35.413832" lon="128.760112"/><trkpt lat="35.413847" lon="128.760555"/><trkpt lat="35.413852" lon="128.760637"/><trkpt lat="35.41386" lon="128.760684"/><trkpt lat="35.413875" lon="128.760727"/><trkpt lat="35.413924" lon="128.760823"/><trkpt lat="35.413968" lon="128.760903"/><trkpt lat="35.413993" lon="128.760939"/><trkpt lat="35.414023" lon="128.760967"/><trkpt lat="35.414057" lon="128.760988"/><trkpt lat="35.414209" lon="128.760993"/><trkpt lat="35.414267" lon="128.761025"/><trkpt lat="35.414299" lon="128.761049"/><trkpt lat="35.414325" lon="128.761082"/><trkpt lat="35.414356" lon="128.761132"/><trkpt lat="35.414398" lon="128.761211"/><trkpt lat="35.414415" lon="128.761251"/><trkpt lat="35.414424" lon="128.761293"/><trkpt lat="35.414423" lon="128.761336"/><trkpt lat="35.414417" lon="128.761379"/><trkpt lat="35.414405" lon="128.76142"/><trkpt lat="35.414387" lon="128.761459"/><trkpt lat="35.414365" lon="128.761495"/><trkpt lat="35.414339" lon="128.761526"/><trkpt lat="35.414307" lon="128.761554"/><trkpt lat="35.414249" lon="128.761592"/><trkpt lat="35.413939" lon="128.761782"/><trkpt lat="35.413894" lon="128.761816"/><trkpt lat="35.413854" lon="128.761855"/><trkpt lat="35.413738" lon="128.761983"/><trkpt lat="35.413689" lon="128.762035"/><trkpt lat="35.413657" lon="128.76206"/><trkpt lat="35.413622" lon="128.762074"/><trkpt lat="35.413584" lon="128.762077"/><trkpt lat="35.413456" lon="128.762073"/><trkpt lat="35.413404" lon="128.762074"/><trkpt lat="35.413367" lon="128.76208"/><trkpt lat="35.413333" lon="128.762099"/><trkpt lat="35.413303" lon="128.76213"/><trkpt lat="35.413209" lon="128.762209"/><trkpt lat="35.413179" lon="128.762241"/><trkpt lat="35.413146" lon="128.762267"/><trkpt lat="35.413075" lon="128.76231"/><trkpt lat="35.41297" lon="128.762347"/><trkpt lat="35.412936" lon="128.762371"/><trkpt lat="35.412907" lon="128.762403"/><trkpt lat="35.412874" lon="128.762453"/><trkpt lat="35.412836" lon="128.762519"/><trkpt lat="35.412816" lon="128.76256"/><trkpt lat="35.412805" lon="128.762604"/><trkpt lat="35.412804" lon="128.762651"/><trkpt lat="35.412808" lon="128.76271"/><trkpt lat="35.41282" lon="128.762814"/></trkseg>
<trkseg><trkpt lat="35.421329" lon="128.703593"/><trkpt lat="35.421326" lon="128.703377"/><trkpt lat="35.421321" lon="128.703312"/><trkpt lat="35.421311" lon="128.703268"/><trkpt lat="35.421291" lon="128.703237"/><trkpt lat="35.421264" lon="128.703221"/><trkpt lat="35.421231" lon="128.703227"/><trkpt lat="35.421195" lon="128.703245"/><trkpt lat="35.421076" lon="128.703319"/><trkpt lat="35.42104" lon="128.703335"/><trkpt lat="35.421005" lon="128.703338"/><trkpt lat="35.420972" lon="128.703325"/><trkpt lat="35.42094" lon="128.703303"/><trkpt lat="35.420912" lon="128.703275"/><trkpt lat="35.420888" lon="128.703237"/><trkpt lat="35.420838" lon="128.703122"/><trkpt lat="35.420813" lon="128.703066"/><trkpt lat="35.42079" lon="128.703031"/><trkpt lat="35.420759" lon="128.703013"/><trkpt lat="35.420721" lon="128.703009"/><trkpt lat="35.420668" lon="128.703009"/><trkpt lat="35.420183" lon="128.703024"/><trkpt lat="35.420103" lon="128.703024"/><trkpt lat="35.420063" lon="128.703019"/><trkpt lat="35.419998" lon="128.703"/><trkpt lat="35.419686" lon="128.702893"/><trkpt lat="35.418918" lon="128.702631"/><trkpt lat="35.418854" lon="128.702606"/><trkpt lat="35.418806" lon="128.702579"/><trkpt lat="35.418285" lon="128.702248"/><trkpt lat="35.418215" lon="128.702201"/><trkpt lat="35.418181" lon="128.702174"/><trkpt lat="35.418107" lon="128.702104"/><trkpt lat="35.417854" lon="128.70186"/><trkpt lat="35.417821" lon="128.701833"/><trkpt lat="35.417786" lon="128.70181"/><trkpt lat="35.417714" lon="128.701772"/><trkpt lat="35.417472" lon="128.701645"/><trkpt lat="35.417436" lon="128.701623"/><trkpt lat="35.417367" lon="128.701574"/><trkpt lat="35.416917" lon="128.70117"/><trkpt lat="35.416882" lon="128.701147"/><trkpt lat="35.416847" lon="128.701127"/><trkpt lat="35.416761" lon="128.701091"/><trkpt lat="35.416687" lon="128.701066"/><trkpt lat="35.41665" lon="128.70106"/><trkpt lat="35.416612" lon="128.701068"/><trkpt lat="35.416576" lon="128.701085"/><trkpt lat="35.416547" lon="128.701111"/><trkpt lat="35.416528" lon="128.701149"/><trkpt lat="35.416511" lon="128.701209"/><trkpt lat="35.416461" lon="128.701561"/><trkpt lat="35.416439" lon="128.701653"/><trkpt lat="35.416425" lon="128.701697"/><trkpt lat="35.416404" lon="128.701737"/><trkpt lat="35.416377" lon="128.701774"/><trkpt lat="35.416078" lon="128.702129"/><trkpt lat="35.416032" lon="128.702188"/><trkpt lat="35.416009" lon="128.702226"/><trkpt lat="35.415999" lon="128.702268"/><trkpt lat="35.415998" lon="128.702314"/><trkpt lat="35.416013" lon="128.702554"/><trkpt lat="35.416024" lon="128.70273"/><trkpt lat="35.416025" lon="128.702778"/><trkpt lat="35.416022" lon="128.702826"/><trkpt lat="35.416006" lon="128.702939"/><trkpt lat="35.415978" lon="128.703114"/></trkseg>
<trkseg><trkpt lat="35.421329" lon="128.703593"/><trkpt lat="35.421393" lon="128.703545"/><trkpt lat="35.421429" lon="128.70351"/><trkpt lat="35.421454" lon="128.703472"/><trkpt lat="35.421482" lon="128.703418"/><trkpt lat="35.421641" lon="128.703101"/><trkpt lat="35.421666" lon="128.703045"/><trkpt lat="35.42168" lon="128.703003"/><trkpt lat="35.421688" lon="128.702962"/><trkpt lat="35.421691" lon="128.70292"/><trkpt lat="35.421685" lon="128.702874"/><trkpt lat="35.421669" lon="128.702813"/><trkpt lat="35.421667" lon="128.702673"/><trkpt lat="35.421659" lon="128.702627"/><trkpt lat="35.421662" lon="128.702582"/><trkpt lat="35.421673" lon="128.702537"/><trkpt lat="35.421688" lon="128.702492"/><trkpt lat="35.421707" lon="128.702451"/><trkpt lat="35.421731" lon="128.702414"/><trkpt lat="35.421778" lon="128.702358"/><trkpt lat="35.42192" lon="128.702179"/><trkpt lat="35.421946" lon="128.702145"/><trkpt lat="35.421968" lon="128.702107"/><trkpt lat="35.421988" lon="128.702051"/><trkpt lat="35.422004" lon="128.702013"/><trkpt lat="35.42203" lon="128.701989"/><trkpt lat="35.422065" lon="128.701978"/><trkpt lat="35.422117" lon="128.701969"/><trkpt lat="35.42221" lon="128.701957"/><trkpt lat="35.422249" lon="128.701957"/><trkpt lat="35.422286" lon="128.701966"/><trkpt lat="35.42232" lon="128.701987"/><trkpt lat="35.422387" lon="128.702042"/><trkpt lat="35.422452" lon="128.702101"/><trkpt lat="35.422482" lon="128.702133"/><trkpt lat="35.422508" lon="128.70217"/><trkpt lat="35.42254" lon="128.702223"/><trkpt lat="35.422619" lon="128.702359"/><trkpt lat="35.422644" lon="128.702395"/><trkpt lat="35.422671" lon="128.702416"/><trkpt lat="35.422693" lon="128.702413"/><trkpt lat="35.422701" lon="128.702384"/><trkpt lat="35.4227" lon="128.702341"/><trkpt lat="35.422694" lon="128.702246"/><trkpt lat="35.422697" lon="128.702201"/><trkpt lat="35.422712" lon="128.702159"/><trkpt lat="35.422741" lon="128.702107"/><trkpt lat="35.422806" lon="128.702004"/><trkpt lat="35.422839" lon="128.701954"/><trkpt lat="35.422867" lon="128.701922"/><trkpt lat="35.422898" lon="128.701896"/><trkpt lat="35.422929" lon="128.701877"/><trkpt lat="35.422959" lon="128.701872"/><trkpt lat="35.422984" lon="128.701893"/><trkpt lat="35.423008" lon="128.701927"/><trkpt lat="35.423043" lon="128.701994"/><trkpt lat="35.423062" lon="128.702037"/><trkpt lat="35.423077" lon="128.702082"/><trkpt lat="35.423117" lon="128.702183"/><trkpt lat="35.42314" lon="128.702174"/><trkpt lat="35.423137" lon="128.702129"/><trkpt lat="35.423123" lon="128.702057"/><trkpt lat="35.423124" lon="128.702017"/><trkpt lat="35.423137" lon="128.701984"/><trkpt lat="35.42316" lon="128.701954"/><trkpt lat="35.423193" lon="128.701928"/><trkpt lat="35.423389" lon="128.701808"/><trkpt lat="35.423437" lon="128.701782"/><trkpt lat="35.42347" lon="128.701773"/><trkpt lat="35.423497" lon="128.701787"/><trkpt lat="35.423519" lon="128.701821"/><trkpt lat="35.423547" lon="128.701875"/><trkpt lat="35.423647" lon="128.70209"/><trkpt lat="35.423664" lon="128.702133"/><trkpt lat="35.423679" lon="128.702195"/><trkpt lat="35.423687" lon="128.702212"/><trkpt lat="35.423699" lon="128.7022"/><trkpt lat="35.423724" lon="128.702163"/><trkpt lat="35.423754" lon="128.702134"/><trkpt lat="35.423811" lon="128.702092"/><trkpt lat="35.42407" lon="128.701922"/><trkpt lat="35.424129" lon="128.701885"/><trkpt lat="35.424165" lon="128.70187"/><trkpt lat="35.424201" lon="128.701868"/><trkpt lat="35.424239" lon="128.701876"/><trkpt lat="35.424389" lon="128.70193"/><trkpt lat="35.424452" lon="128.70195"/><trkpt lat="35.424489" lon="128.701957"/><trkpt lat="35.424526" lon="128.701952"/><trkpt lat="35.424563" lon="128.701939"/><trkpt lat="35.424624" lon="128.701913"/><trkpt lat="35.424661" lon="128.701905"/><trkpt lat="35.424697" lon="128.701908"/><trkpt lat="35.424771" lon="128.701929"/><trkpt lat="35.424821" lon="128.70194"/><trkpt lat="35.42486" lon="128.70194"/><trkpt lat="35.424938" lon="128.701928"/><trkpt lat="35.424977" lon="128.701929"/><trkpt lat="35.425014" lon="128.70194"/><trkpt lat="35.425111" lon="128.701981"/><trkpt lat="35.425149" lon="128.701992"/><trkpt lat="35.425187" lon="128.701996"/><trkpt lat="35.425227" lon="128.701993"/><trkpt lat="35.425361" lon="128.701975"/><trkpt lat="35.425396" lon="128.701974"/><trkpt lat="35.425422" lon="128.701985"/><trkpt lat="35.425431" lon="128.702016"/><trkpt lat="35.42544" lon="128.702066"/><trkpt lat="35.42546" lon="128.702088"/><trkpt lat="35.425488" lon="128.702097"/><trkpt lat="35.425524" lon="128.702093"/><trkpt lat="35.425598" lon="128.702072"/><trkpt lat="35.425636" lon="128.702066"/><trkpt lat="35.425671" lon="128.702071"/><trkpt lat="35.425729" lon="128.702086"/><trkpt lat="35.425764" lon="128.702082"/><trkpt lat="35.425824" lon="128.702054"/><trkpt lat="35.425862" lon="128.702038"/><trkpt lat="35.425953" lon="128.702012"/><trkpt lat="35.426228" lon="128.701943"/><trkpt lat="35.42628" lon="128.701935"/><trkpt lat="35.426317" lon="128.701936"/><trkpt lat="35.426377" lon="128.701943"/><trkpt lat="35.426412" lon="128.701938"/><trkpt lat="35.426481" lon="128.70191"/><trkpt lat="35.42652" lon="128.701901"/><trkpt lat="35.426568" lon="128.701908"/><trkpt lat="35.426604" lon="128.701921"/><trkpt lat="35.426613" lon="128.701925"/></trkseg>
<trkseg><trkpt lat="35.426613" lon="128.701925"/><trkpt lat="35.426664" lon="128.701776"/><trkpt lat="35.426682" lon="128.701716"/><trkpt lat="35.426691" lon="128.701671"/><trkpt lat="35.42669" lon="128.701625"/><trkpt lat="35.42668" lon="128.701579"/><trkpt lat="35.426548" lon="128.701116"/><trkpt lat="35.426524" lon="128.701039"/><trkpt lat="35.426508" lon="128.700995"/><trkpt lat="35.426473" lon="128.700933"/><trkpt lat="35.426455" lon="128.700897"/><trkpt lat="35.426452" lon="128.700858"/><trkpt lat="35.426462" lon="128.700787"/><trkpt lat="35.426459" lon="128.700745"/><trkpt lat="35.426448" lon="128.700704"/><trkpt lat="35.42643" lon="128.700669"/><trkpt lat="35.426402" lon="128.70064"/><trkpt lat="35.426369" lon="128.700615"/><trkpt lat="35.426253" lon="128.700542"/><trkpt lat="35.426217" lon="128.700523"/><trkpt lat="35.42618" lon="128.70051"/><trkpt lat="35.426114" lon="128.700502"/><trkpt lat="35.426077" lon="128.700495"/><trkpt lat="35.426045" lon="128.700476"/><trkpt lat="35.426022" lon="128.700444"/><trkpt lat="35.425985" lon="128.700384"/><trkpt lat="35.425958" lon="128.700356"/><trkpt lat="35.425925" lon="128.70034"/><trkpt lat="35.425852" lon="128.700319"/><trkpt lat="35.425815" lon="128.700307"/><trkpt lat="35.425781" lon="128.700289"/><trkpt lat="35.42575" lon="128.700263"/><trkpt lat="35.425701" lon="128.700212"/><trkpt lat="35.425644" lon="128.700149"/><trkpt lat="35.425618" lon="128.700115"/><trkpt lat="35.425596" lon="128.700076"/><trkpt lat="35.42557" lon="128.700022"/><trkpt lat="35.425506" lon="128.699883"/><trkpt lat="35.425485" lon="128.699845"/><trkpt lat="35.425457" lon="128.699812"/><trkpt lat="35.425425" lon="128.699782"/><trkpt lat="35.425269" lon="128.699655"/><trkpt lat="35.425223" lon="128.699622"/><trkpt lat="35.425186" lon="128.699605"/><trkpt lat="35.425148" lon="128.699596"/><trkpt lat="35.424974" lon="128.699575"/><trkpt lat="35.423996" lon="128.699459"/><trkpt lat="35.423903" lon="128.699446"/><trkpt lat="35.423864" lon="128.699436"/><trkpt lat="35.423582" lon="128.69934"/><trkpt lat="35.42334" lon="128.699255"/><trkpt lat="35.423303" lon="128.699237"/><trkpt lat="35.423269" lon="128.699214"/><trkpt lat="35.42315" lon="128.699113"/><trkpt lat="35.423041" lon="128.69902"/><trkpt lat="35.423012" lon="128.698991"/><trkpt lat="35.422992" lon="128.698957"/><trkpt lat="35.422986" lon="128.698916"/><trkpt lat="35.422991" lon="128.698855"/><trkpt lat="35.423001" lon="128.698761"/><trkpt lat="35.423" lon="128.698717"/><trkpt lat="35.422987" lon="128.698676"/><trkpt lat="35.422964" lon="128.698638"/><trkpt lat="35.422835" lon="128.698471"/><trkpt lat="35.422706" lon="128.698305"/><trkpt lat="35.422676" lon="128.698274"/><trkpt lat="35.422642" lon="128.698252"/><trkpt lat="35.422591" lon="128.698233"/><trkpt lat="35.422317" lon="128.698152"/><trkpt lat="35.422266" lon="128.698134"/><trkpt lat="35.422231" lon="128.698114"/><trkpt lat="35.422199" lon="128.698087"/><trkpt lat="35.422099" lon="128.697988"/><trkpt lat="35.422067" lon="128.697961"/><trkpt lat="35.422033" lon="128.697941"/><trkpt lat="35.421996" lon="128.697928"/><trkpt lat="35.421959" lon="128.697919"/><trkpt lat="35.421922" lon="128.697918"/><trkpt lat="35.421886" lon="128.69793"/><trkpt lat="35.421813" lon="128.697964"/><trkpt lat="35.421775" lon="128.697973"/><trkpt lat="35.42171" lon="128.697977"/><trkpt lat="35.421671" lon="128.697976"/><trkpt lat="35.421634" lon="128.697969"/><trkpt lat="35.421601" lon="128.697952"/><trkpt lat="35.42155" lon="128.697916"/><trkpt lat="35.421517" lon="128.697909"/><trkpt lat="35.421481" lon="128.697912"/><trkpt lat="35.42142" lon="128.697924"/><trkpt lat="35.421383" lon="128.697927"/><trkpt lat="35.421344" lon="128.697922"/><trkpt lat="35.421266" lon="128.697901"/><trkpt lat="35.421149" lon="128.697865"/><trkpt lat="35.42111" lon="128.697858"/><trkpt lat="35.421073" lon="128.697859"/><trkpt lat="35.421037" lon="128.697872"/><trkpt lat="35.420965" lon="128.697905"/><trkpt lat="35.420929" lon="128.697917"/><trkpt lat="35.420893" lon="128.697919"/><trkpt lat="35.42083" lon="128.697908"/><trkpt lat="35.420792" lon="128.697902"/><trkpt lat="35.420752" lon="128.697902"/><trkpt lat="35.420604" lon="128.697917"/><trkpt lat="35.420551" lon="128.697925"/><trkpt lat="35.420515" lon="128.697935"/><trkpt lat="35.420486" lon="128.697958"/><trkpt lat="35.420467" lon="128.697994"/><trkpt lat="35.420441" lon="128.698065"/><trkpt lat="35.420425" lon="128.698106"/><trkpt lat="35.420403" lon="128.698139"/><trkpt lat="35.420374" lon="128.698154"/><trkpt lat="35.420342" lon="128.698158"/><trkpt lat="35.420312" lon="128.698151"/><trkpt lat="35.420292" lon="128.698126"/><trkpt lat="35.42027" lon="128.698063"/><trkpt lat="35.420249" lon="128.698035"/><trkpt lat="35.420219" lon="128.698022"/><trkpt lat="35.420185" lon="128.698019"/><trkpt lat="35.420152" lon="128.698028"/><trkpt lat="35.420121" lon="128.69805"/><trkpt lat="35.420093" lon="128.698079"/><trkpt lat="35.42007" lon="128.698113"/><trkpt lat="35.420052" lon="128.698167"/><trkpt lat="35.42004" lon="128.698226"/><trkpt lat="35.420033" lon="128.698265"/></trkseg>
<trkseg><trkpt lat="35.449902" lon="128.724071"/><trkpt lat="35.450133" lon="128.724242"/><trkpt lat="35.450168" lon="128.724265"/><trkpt lat="35.450205" lon="128.724282"/><trkpt lat="35.450295" lon="128.724312"/><trkpt lat="35.450373" lon="128.724332"/><trkpt lat="35.450413" lon="128.724336"/><trkpt lat="35.45048" lon="128.724335"/><trkpt lat="35.450532" lon="128.724329"/><trkpt lat="35.45057" lon="128.724318"/><trkpt lat="35.450603" lon="128.724297"/><trkpt lat="35.450656" lon="128.724257"/><trkpt lat="35.45069" lon="128.724247"/><trkpt lat="35.450727" lon="128.724253"/><trkpt lat="35.450777" lon="128.724273"/><trkpt lat="35.450903" lon="128.724328"/><trkpt lat="35.450942" lon="128.72434"/><trkpt lat="35.450981" lon="128.724343"/><trkpt lat="35.451034" lon="128.724337"/><trkpt lat="35.451381" lon="128.724272"/><trkpt lat="35.451461" lon="128.724256"/><trkpt lat="35.4515" lon="128.724244"/><trkpt lat="35.451563" lon="128.724216"/><trkpt lat="35.451864" lon="128.724071"/><trkpt lat="35.451901" lon="128.72405"/><trkpt lat="35.451934" lon="128.724025"/><trkpt lat="35.451981" lon="128.723975"/><trkpt lat="35.45201" lon="128.723946"/><trkpt lat="35.452042" lon="128.723923"/><trkpt lat="35.452077" lon="128.723905"/><trkpt lat="35.4522" lon="128.723855"/><trkpt lat="35.452247" lon="128.723833"/><trkpt lat="35.452282" lon="128.72381"/><trkpt lat="35.452359" lon="128.723748"/><trkpt lat="35.452404" lon="128.723715"/><trkpt lat="35.45244" lon="128.723697"/><trkpt lat="35.452504" lon="128.723678"/><trkpt lat="35.452739" lon="128.723621"/><trkpt lat="35.452778" lon="128.723614"/><trkpt lat="35.452858" lon="128.723608"/><trkpt lat="35.453125" lon="128.723601"/><trkpt lat="35.453178" lon="128.723596"/><trkpt lat="35.453217" lon="128.723586"/><trkpt lat="35.453268" lon="128.723566"/><trkpt lat="35.453811" lon="128.723329"/><trkpt lat="35.454139" lon="128.723186"/><trkpt lat="35.454176" lon="128.723167"/><trkpt lat="35.45421" lon="128.723143"/><trkpt lat="35.45424" lon="128.723112"/><trkpt lat="35.454384" lon="128.722942"/><trkpt lat="35.454452" lon="128.722864"/><trkpt lat="35.454483" lon="128.722835"/><trkpt lat="35.454528" lon="128.722803"/><trkpt lat="35.454692" lon="128.722701"/><trkpt lat="35.454726" lon="128.722676"/><trkpt lat="35.454754" lon="128.722646"/><trkpt lat="35.454776" lon="128.722608"/><trkpt lat="35.454793" lon="128.722566"/><trkpt lat="35.454806" lon="128.722522"/><trkpt lat="35.454803" lon="128.722467"/><trkpt lat="35.45479" lon="128.722413"/><trkpt lat="35.454778" lon="128.722377"/></trkseg>
<trkseg><trkpt lat="35.447143" lon="128.729616"/><trkpt lat="35.447386" lon="128.729011"/><trkpt lat="35.447408" lon="128.728951"/><trkpt lat="35.44742" lon="128.728905"/><trkpt lat="35.447465" lon="128.728637"/><trkpt lat="35.447479" lon="128.728543"/><trkpt lat="35.447482" lon="128.728496"/><trkpt lat="35.447479" lon="128.728447"/><trkpt lat="35.44747" lon="128.728383"/><trkpt lat="35.447425" lon="128.72811"/><trkpt lat="35.447414" lon="128.728064"/><trkpt lat="35.447396" lon="128.728022"/><trkpt lat="35.447364" lon="128.72797"/><trkpt lat="35.447206" lon="128.727747"/></trkseg>
<trkseg><trkpt lat="35.449243" lon="128.735149"/><trkpt lat="35.449042" lon="128.734855"/><trkpt lat="35.449015" lon="128.734822"/><trkpt lat="35.448993" lon="128.734783"/><trkpt lat="35.448974" lon="128.734741"/><trkpt lat="35.448925" lon="128.734608"/><trkpt lat="35.448901" lon="128.73455"/><trkpt lat="35.44888" lon="128.734508"/><trkpt lat="35.448819" lon="128.734401"/><trkpt lat="35.448786" lon="128.73435"/><trkpt lat="35.448758" lon="128.734318"/><trkpt lat="35.448689" lon="128.734253"/><trkpt lat="35.448661" lon="128.734222"/><trkpt lat="35.448637" lon="128.734185"/><trkpt lat="35.448594" lon="128.734103"/><trkpt lat="35.448505" lon="128.733921"/><trkpt lat="35.448481" lon="128.733863"/><trkpt lat="35.448462" lon="128.733802"/><trkpt lat="35.448396" lon="128.733571"/><trkpt lat="35.448382" lon="128.733509"/><trkpt lat="35.448377" lon="128.733461"/><trkpt lat="35.448376" lon="128.733396"/><trkpt lat="35.448385" lon="128.732903"/><trkpt lat="35.448385" lon="128.732821"/><trkpt lat="35.44838" lon="128.732773"/><trkpt lat="35.448369" lon="128.732726"/><trkpt lat="35.448354" lon="128.732681"/><trkpt lat="35.448335" lon="128.732642"/><trkpt lat="35.448309" lon="128.732617"/><trkpt lat="35.448277" lon="128.732603"/><trkpt lat="35.448243" lon="128.732595"/><trkpt lat="35.448205" lon="128.732597"/><trkpt lat="35.448165" lon="128.732606"/><trkpt lat="35.447955" lon="128.732671"/><trkpt lat="35.447902" lon="128.732685"/><trkpt lat="35.447863" lon="128.73269"/><trkpt lat="35.447826" lon="128.73269"/><trkpt lat="35.447789" lon="128.732686"/><trkpt lat="35.447753" lon="128.732678"/><trkpt lat="35.447719" lon="128.732658"/><trkpt lat="35.447687" lon="128.73263"/><trkpt lat="35.447657" lon="128.732597"/><trkpt lat="35.44763" lon="128.732561"/><trkpt lat="35.447609" lon="128.732523"/><trkpt lat="35.447569" lon="128.732426"/><trkpt lat="35.44755" lon="128.73237"/><trkpt lat="35.44754" lon="128.732324"/><trkpt lat="35.447531" lon="128.732261"/><trkpt lat="35.447506" lon="128.732023"/><trkpt lat="35.447501" lon="128.731959"/><trkpt lat="35.4475" lon="128.731844"/><trkpt lat="35.447557" lon="128.731227"/><trkpt lat="35.447561" lon="128.731146"/><trkpt lat="35.447569" lon="128.730815"/><trkpt lat="35.447559" lon="128.730634"/><trkpt lat="35.44756" lon="128.730585"/><trkpt lat="35.447557" lon="128.730488"/><trkpt lat="35.447565" lon="128.730151"/><trkpt lat="35.44756" lon="128.730103"/><trkpt lat="35.44755" lon="128.730042"/><trkpt lat="35.44754" lon="128.729998"/><trkpt lat="35.447522" lon="128.72996"/><trkpt lat="35.447496" lon="128.729928"/><trkpt lat="35.447464" lon="128.729903"/><trkpt lat="35.447427" lon="128.729889"/><trkpt lat="35.447383" lon="128.72988"/><trkpt lat="35.447282" lon="128.729867"/><trkpt lat="35.447244" lon="128.72987"/></trkseg>
<trkseg><trkpt lat="35.447244" lon="128.72987"/><trkpt lat="35.446377" lon="128.73034"/><trkpt lat="35.446317" lon="128.730374"/><trkpt lat="35.446284" lon="128.7304"/><trkpt lat="35.446254" lon="128.730432"/><trkpt lat="35.446219" lon="128.730481"/><trkpt lat="35.446117" lon="128.730633"/><trkpt lat="35.446094" lon="128.730673"/><trkpt lat="35.445942" lon="128.730984"/><trkpt lat="35.44559" lon="128.731708"/><trkpt lat="35.445557" lon="128.73178"/><trkpt lat="35.445542" lon="128.731824"/><trkpt lat="35.445527" lon="128.731886"/><trkpt lat="35.445514" lon="128.731964"/><trkpt lat="35.445509" lon="128.732012"/><trkpt lat="35.445508" lon="128.73206"/><trkpt lat="35.445526" lon="128.732317"/><trkpt lat="35.44553" lon="128.732397"/><trkpt lat="35.445528" lon="128.732444"/><trkpt lat="35.44552" lon="128.73249"/><trkpt lat="35.445493" lon="128.732582"/><trkpt lat="35.445473" lon="128.73264"/><trkpt lat="35.445453" lon="128.73268"/><trkpt lat="35.44542" lon="128.732713"/><trkpt lat="35.445377" lon="128.732743"/><trkpt lat="35.445335" lon="128.73277"/></trkseg>
<trkseg><trkpt lat="35.455329" lon="128.736453"/><trkpt lat="35.455169" lon="128.736387"/><trkpt lat="35.455133" lon="128.736369"/><trkpt lat="35.455099" lon="128.736347"/><trkpt lat="35.455055" lon="128.736309"/><trkpt lat="35.454951" lon="128.736208"/><trkpt lat="35.454889" lon="128.736145"/><trkpt lat="35.454862" lon="128.736111"/><trkpt lat="35.454829" lon="128.736061"/><trkpt lat="35.454759" lon="128.735943"/><trkpt lat="35.454716" lon="128.735861"/><trkpt lat="35.454663" lon="128.735747"/><trkpt lat="35.45464" lon="128.735689"/><trkpt lat="35.454614" lon="128.735597"/><trkpt lat="35.454475" lon="128.735073"/><trkpt lat="35.454459" lon="128.735029"/><trkpt lat="35.454439" lon="128.734988"/><trkpt lat="35.454395" lon="128.73491"/><trkpt lat="35.454376" lon="128.73487"/><trkpt lat="35.454361" lon="128.734824"/><trkpt lat="35.454322" lon="128.734649"/><trkpt lat="35.454299" lon="128.734555"/><trkpt lat="35.454283" lon="128.73451"/><trkpt lat="35.454263" lon="128.734468"/><trkpt lat="35.454194" lon="128.734346"/><trkpt lat="35.454167" lon="128.734291"/><trkpt lat="35.454153" lon="128.734246"/><trkpt lat="35.454134" lon="128.734151"/><trkpt lat="35.454123" lon="128.734103"/><trkpt lat="35.454108" lon="128.734059"/><trkpt lat="35.453998" lon="128.733782"/><trkpt lat="35.453961" lon="128.733696"/><trkpt lat="35.453939" lon="128.733657"/><trkpt lat="35.45391" lon="128.733624"/><trkpt lat="35.453813" lon="128.733537"/><trkpt lat="35.453772" lon="128.733497"/><trkpt lat="35.453746" lon="128.733463"/><trkpt lat="35.45373" lon="128.73342"/><trkpt lat="35.45372" lon="128.733373"/><trkpt lat="35.453701" lon="128.733279"/><trkpt lat="35.453688" lon="128.733238"/><trkpt lat="35.453666" lon="128.733213"/><trkpt lat="35.453632" lon="128.733207"/><trkpt lat="35.453581" lon="128.733207"/><trkpt lat="35.453544" lon="128.7332"/><trkpt lat="35.453511" lon="128.733178"/><trkpt lat="35.45347" lon="128.733137"/><trkpt lat="35.453286" lon="128.732923"/><trkpt lat="35.453246" lon="128.732879"/><trkpt lat="35.453214" lon="128.732851"/><trkpt lat="35.453179" lon="128.732826"/><trkpt lat="35.452965" lon="128.732695"/><trkpt lat="35.452905" lon="128.732657"/><trkpt lat="35.452872" lon="128.732632"/><trkpt lat="35.452843" lon="128.732601"/><trkpt lat="35.452808" lon="128.732552"/><trkpt lat="35.45263" lon="128.732272"/><trkpt lat="35.452579" lon="128.732197"/><trkpt lat="35.452552" lon="128.732163"/><trkpt lat="35.4525" lon="128.732112"/><trkpt lat="35.452471" lon="128.732081"/><trkpt lat="35.452447" lon="128.732043"/><trkpt lat="35.45242" lon="128.731987"/><trkpt lat="35.452266" lon="128.731644"/><trkpt lat="35.45225" lon="128.731599"/><trkpt lat="35.452233" lon="128.731537"/><trkpt lat="35.452093" lon="128.730955"/><trkpt lat="35.452029" lon="128.730687"/><trkpt lat="35.452014" lon="128.730642"/><trkpt lat="35.451994" lon="128.730601"/><trkpt lat="35.451956" lon="128.730534"/><trkpt lat="35.451673" lon="128.730062"/><trkpt lat="35.45164" lon="128.730012"/><trkpt lat="35.451575" lon="128.729929"/><trkpt lat="35.45134" lon="128.729635"/><trkpt lat="35.451296" lon="128.729573"/><trkpt lat="35.45078" lon="128.728773"/><trkpt lat="35.450724" lon="128.728682"/><trkpt lat="35.450696" lon="128.728626"/><trkpt lat="35.450448" lon="128.728012"/><trkpt lat="35.450417" lon="128.727939"/><trkpt lat="35.450396" lon="128.727898"/><trkpt lat="35.450341" lon="128.72781"/><trkpt lat="35.450299" lon="128.727749"/><trkpt lat="35.450272" lon="128.727717"/><trkpt lat="35.45024" lon="128.727692"/><trkpt lat="35.450204" lon="128.727674"/><trkpt lat="35.450082" lon="128.727621"/><trkpt lat="35.450049" lon="128.727602"/><trkpt lat="35.450024" lon="128.727572"/><trkpt lat="35.45001" lon="128.72753"/><trkpt lat="35.45" lon="128.727484"/><trkpt lat="35.44994" lon="128.727128"/><trkpt lat="35.449922" lon="128.727032"/><trkpt lat="35.449909" lon="128.726987"/><trkpt lat="35.449889" lon="128.726945"/><trkpt lat="35.449858" lon="128.726892"/><trkpt lat="35.449762" lon="128.726735"/><trkpt lat="35.449742" lon="128.726694"/><trkpt lat="35.44973" lon="128.726652"/><trkpt lat="35.449726" lon="128.726578"/><trkpt lat="35.449721" lon="128.726535"/><trkpt lat="35.449705" lon="128.726495"/><trkpt lat="35.449675" lon="128.726446"/><trkpt lat="35.449587" lon="128.726324"/><trkpt lat="35.449581" lon="128.726316"/></trkseg>
<trkseg><trkpt lat="35.442401" lon="128.715699"/><trkpt lat="35.442226" lon="128.715199"/><trkpt lat="35.442212" lon="128.715153"/><trkpt lat="35.442202" lon="128.715106"/><trkpt lat="35.442193" lon="128.715042"/><trkpt lat="35.4421" lon="128.714235"/><trkpt lat="35.442086" lon="128.714139"/><trkpt lat="35.442075" lon="128.714093"/><trkpt lat="35.442052" lon="128.71402"/><trkpt lat="35.44202" lon="128.713934"/><trkpt lat="35.442002" lon="128.713894"/><trkpt lat="35.441978" lon="128.71386"/><trkpt lat="35.441946" lon="128.713834"/><trkpt lat="35.441898" lon="128.713805"/><trkpt lat="35.441619" lon="128.713645"/><trkpt lat="35.441585" lon="128.713621"/><trkpt lat="35.441553" lon="128.713593"/><trkpt lat="35.441514" lon="128.71355"/><trkpt lat="35.441402" lon="128.713414"/><trkpt lat="35.441367" lon="128.713367"/><trkpt lat="35.441345" lon="128.713328"/><trkpt lat="35.441306" lon="128.713243"/><trkpt lat="35.441118" lon="128.712794"/><trkpt lat="35.441098" lon="128.712753"/><trkpt lat="35.441074" lon="128.712717"/><trkpt lat="35.441042" lon="128.712691"/><trkpt lat="35.441006" lon="128.712671"/><trkpt lat="35.440806" lon="128.712574"/><trkpt lat="35.440744" lon="128.712541"/><trkpt lat="35.440703" lon="128.712509"/><trkpt lat="35.440661" lon="128.712465"/><trkpt lat="35.440649" lon="128.71245"/></trkseg>
<trkseg><trkpt lat="35.440649" lon="128.71245"/><trkpt lat="35.440567" lon="128.712541"/><trkpt lat="35.44054" lon="128.712577"/><trkpt lat="35.44052" lon="128.712617"/><trkpt lat="35.440488" lon="128.712705"/><trkpt lat="35.440466" lon="128.712764"/><trkpt lat="35.440446" lon="128.712806"/><trkpt lat="35.440401" lon="128.712886"/><trkpt lat="35.440075" lon="128.713438"/><trkpt lat="35.440055" lon="128.71348"/><trkpt lat="35.44003" lon="128.713553"/><trkpt lat="35.439934" lon="128.713866"/></trkseg>
<trkseg><trkpt lat="35.440649" lon="128.71245"/><trkpt lat="35.440631" lon="128.712448"/><trkpt lat="35.4406" lon="128.712431"/><trkpt lat="35.440586" lon="128.712391"/><trkpt lat="35.44059" lon="128.712344"/><trkpt lat="35.440671" lon="128.711865"/><trkpt lat="35.440686" lon="128.711786"/><trkpt lat="35.440698" lon="128.71174"/><trkpt lat="35.440717" lon="128.711697"/><trkpt lat="35.440767" lon="128.7116"/><trkpt lat="35.440785" lon="128.711557"/><trkpt lat="35.440794" lon="128.711512"/><trkpt lat="35.440796" lon="128.71145"/><trkpt lat="35.440794" lon="128.71129"/><trkpt lat="35.44079" lon="128.711195"/><trkpt lat="35.440783" lon="128.71115"/><trkpt lat="35.440766" lon="128.711107"/><trkpt lat="35.440736" lon="128.711053"/><trkpt lat="35.440626" lon="128.710867"/><trkpt lat="35.440599" lon="128.710831"/><trkpt lat="35.440569" lon="128.710801"/><trkpt lat="35.440523" lon="128.710769"/><trkpt lat="35.440416" lon="128.710702"/><trkpt lat="35.440381" lon="128.710677"/><trkpt lat="35.44035" lon="128.710648"/><trkpt lat="35.440323" lon="128.710613"/><trkpt lat="35.440247" lon="128.710498"/><trkpt lat="35.440212" lon="128.71045"/><trkpt lat="35.440182" lon="128.710426"/><trkpt lat="35.440147" lon="128.71042"/><trkpt lat="35.440094" lon="128.710427"/><trkpt lat="35.439827" lon="128.710483"/><trkpt lat="35.439761" lon="128.710498"/><trkpt lat="35.439723" lon="128.710511"/><trkpt lat="35.439687" lon="128.710531"/><trkpt lat="35.439594" lon="128.710594"/><trkpt lat="35.439559" lon="128.710614"/><trkpt lat="35.439522" lon="128.710626"/><trkpt lat="35.439484" lon="128.710627"/><trkpt lat="35.439446" lon="128.710619"/><trkpt lat="35.439411" lon="128.710603"/><trkpt lat="35.439382" lon="128.710576"/><trkpt lat="35.439316" lon="128.710503"/><trkpt lat="35.439286" lon="128.710474"/><trkpt lat="35.439252" lon="128.710452"/><trkpt lat="35.439215" lon="128.710436"/><trkpt lat="35.438735" lon="128.710274"/><trkpt lat="35.438684" lon="128.710254"/><trkpt lat="35.43865" lon="128.710233"/><trkpt lat="35.43862" lon="128.710202"/><trkpt lat="35.438594" lon="128.710166"/><trkpt lat="35.438374" lon="128.709835"/><trkpt lat="35.438317" lon="128.709745"/><trkpt lat="35.438296" lon="128.709704"/><trkpt lat="35.438273" lon="128.709638"/><trkpt lat="35.438258" lon="128.709601"/><trkpt lat="35.438234" lon="128.709571"/><trkpt lat="35.438203" lon="128.709548"/><trkpt lat="35.438169" lon="128.709529"/><trkpt lat="35.438134" lon="128.709513"/><trkpt lat="35.438097" lon="128.709505"/><trkpt lat="35.438058" lon="128.709503"/><trkpt lat="35.43802" lon="128.709504"/><trkpt lat="35.437982" lon="128.709512"/><trkpt lat="35.437931" lon="128.709532"/><trkpt lat="35.43768" lon="128.709653"/><trkpt lat="35.437618" lon="128.709685"/><trkpt lat="35.437582" lon="128.709707"/><trkpt lat="35.437549" lon="128.709733"/><trkpt lat="35.437439" lon="128.709827"/><trkpt lat="35.437406" lon="128.709852"/><trkpt lat="35.43737" lon="128.709871"/><trkpt lat="35.437319" lon="128.70989"/><trkpt lat="35.437035" lon="128.709985"/><trkpt lat="35.436997" lon="128.709995"/><trkpt lat="35.436961" lon="128.709998"/><trkpt lat="35.436931" lon="128.709981"/><trkpt lat="35.436906" lon="128.70995"/><trkpt lat="35.436851" lon="128.709861"/><trkpt lat="35.436817" lon="128.709812"/><trkpt lat="35.436789" lon="128.709778"/><trkpt lat="35.436613" lon="128.709599"/><trkpt lat="35.436447" lon="128.709432"/><trkpt lat="35.436414" lon="128.709404"/><trkpt lat="35.436379" lon="128.709381"/><trkpt lat="35.436306" lon="128.709341"/><trkpt lat="35.435706" lon="128.709023"/><trkpt lat="35.435658" lon="128.708996"/><trkpt lat="35.435588" lon="128.708948"/><trkpt lat="35.435276" lon="128.708722"/><trkpt lat="35.43523" lon="128.708692"/><trkpt lat="35.435193" lon="128.708678"/><trkpt lat="35.435153" lon="128.708672"/><trkpt lat="35.434965" lon="128.708667"/><trkpt lat="35.434602" lon="128.708658"/><trkpt lat="35.434562" lon="128.708654"/><trkpt lat="35.434524" lon="128.708644"/><trkpt lat="35.434488" lon="128.708626"/><trkpt lat="35.434429" lon="128.708591"/><trkpt lat="35.434253" lon="128.708483"/><trkpt lat="35.434217" lon="128.708466"/><trkpt lat="35.434179" lon="128.708459"/><trkpt lat="35.434139" lon="128.708458"/><trkpt lat="35.433576" lon="128.708496"/><trkpt lat="35.433496" lon="128.708499"/><trkpt lat="35.433456" lon="128.708496"/><trkpt lat="35.433352" lon="128.708479"/><trkpt lat="35.433065" lon="128.708427"/><trkpt lat="35.433026" lon="128.708423"/><trkpt lat="35.43299" lon="128.708427"/><trkpt lat="35.432957" lon="128.708446"/><trkpt lat="35.432925" lon="128.708474"/><trkpt lat="35.432761" lon="128.708638"/><trkpt lat="35.432699" lon="128.708697"/><trkpt lat="35.432665" lon="128.708721"/><trkpt lat="35.432616" lon="128.708748"/><trkpt lat="35.432237" lon="128.708921"/><trkpt lat="35.432174" lon="128.708948"/><trkpt lat="35.432136" lon="128.70896"/><trkpt lat="35.432084" lon="128.708968"/><trkpt lat="35.431982" lon="128.708982"/><trkpt lat="35.431944" lon="128.708991"/><trkpt lat="35.431909" lon="128.709009"/><trkpt lat="35.431855" lon="128.709048"/><trkpt lat="35.431822" lon="128.709065"/><trkpt lat="35.431789" lon="128.709063"/><trkpt lat="35.431754" lon="128.709046"/><trkpt lat="35.431708" lon="128.709014"/><trkpt lat="35.431615" lon="128.708949"/><trkpt lat="35.431579" lon="128.708929"/><trkpt lat="35.431542" lon="128.708917"/><trkpt lat="35.431504" lon="128.708912"/><trkpt lat="35.431428" lon="128.708904"/><trkpt lat="35.431393" lon="128.708895"/><trkpt lat="35.431365" lon="128.708875"/><trkpt lat="35.43135" lon="128.708845"/><trkpt lat="35.431334" lon="128.708803"/><trkpt lat="35.431311" lon="128.708777"/><trkpt lat="35.431282" lon="128.708759"/><trkpt lat="35.431245" lon="128.708749"/><trkpt lat="35.431166" lon="128.708742"/><trkpt lat="35.431128" lon="128.708732"/><trkpt lat="35.431091" lon="128.708714"/><trkpt lat="35.431009" lon="128.708662"/><trkpt lat="35.430845" lon="128.708556"/><trkpt lat="35.430809" lon="128.708537"/><trkpt lat="35.430771" lon="128.708527"/><trkpt lat="35.430732" lon="128.708523"/><trkpt lat="35.43047" lon="128.708515"/><trkpt lat="35.43043" lon="128.708516"/><trkpt lat="35.430391" lon="128.708522"/><trkpt lat="35.430339" lon="128.708535"/><trkpt lat="35.430012" lon="128.708631"/><trkpt lat="35.42996" lon="128.708644"/><trkpt lat="35.429921" lon="128.708647"/><trkpt lat="35.429869" lon="128.708642"/><trkpt lat="35.429686" lon="128.708608"/><trkpt lat="35.429608" lon="128.708592"/><trkpt lat="35.42957" lon="128.708581"/><trkpt lat="35.429524" lon="128.708558"/><trkpt lat="35.429456" lon="128.70852"/><trkpt lat="35.42942" lon="128.708507"/><trkpt lat="35.429382" lon="128.708501"/><trkpt lat="35.429251" lon="128.708494"/><trkpt lat="35.429186" lon="128.708488"/><trkpt lat="35.429148" lon="128.708478"/><trkpt lat="35.429006" lon="128.708422"/><trkpt lat="35.428956" lon="128.708404"/><trkpt lat="35.42892" lon="128.708399"/><trkpt lat="35.428889" lon="128.708413"/><trkpt lat="35.428861" lon="128.708444"/><trkpt lat="35.428765" lon="128.708581"/><trkpt lat="35.428711" lon="128.708654"/><trkpt lat="35.428673" lon="128.708688"/><trkpt lat="35.428629" lon="128.708707"/><trkpt lat="35.428597" lon="128.708715"/></trkseg>
<trkseg><trkpt lat="35.454778" lon="128.722377"/><trkpt lat="35.454835" lon="128.722349"/><trkpt lat="35.454878" lon="128.722324"/><trkpt lat="35.454908" lon="128.722296"/><trkpt lat="35.454928" lon="128.722257"/><trkpt lat="35.454962" lon="128.722173"/><trkpt lat="35.454987" lon="128.722139"/><trkpt lat="35.455019" lon="128.722111"/><trkpt lat="35.455053" lon="128.722086"/><trkpt lat="35.455089" lon="128.722065"/><trkpt lat="35.45514" lon="128.722043"/><trkpt lat="35.455514" lon="128.721899"/><trkpt lat="35.455578" lon="128.721873"/><trkpt lat="35.455613" lon="128.721853"/><trkpt lat="35.455641" lon="128.721823"/><trkpt lat="35.455665" lon="128.721787"/><trkpt lat="35.45575" lon="128.721627"/><trkpt lat="35.455794" lon="128.721548"/><trkpt lat="35.455819" lon="128.721513"/><trkpt lat="35.455847" lon="128.721482"/><trkpt lat="35.455896" lon="128.721434"/><trkpt lat="35.455938" lon="128.721398"/><trkpt lat="35.456019" lon="128.721342"/><trkpt lat="35.456405" lon="128.721084"/><trkpt lat="35.456439" lon="128.721058"/><trkpt lat="35.456469" lon="128.721027"/><trkpt lat="35.456495" lon="128.72099"/><trkpt lat="35.456534" lon="128.720924"/><trkpt lat="35.456554" lon="128.720881"/><trkpt lat="35.45657" lon="128.720837"/><trkpt lat="35.456625" lon="128.720652"/><trkpt lat="35.456649" lon="128.720576"/><trkpt lat="35.456667" lon="128.720534"/><trkpt lat="35.456692" lon="128.720497"/><trkpt lat="35.456778" lon="128.720394"/><trkpt lat="35.456825" lon="128.720337"/><trkpt lat="35.45685" lon="128.720299"/><trkpt lat="35.457001" lon="128.720028"/><trkpt lat="35.457113" lon="128.719824"/><trkpt lat="35.457139" lon="128.719788"/><trkpt lat="35.457169" lon="128.719761"/><trkpt lat="35.457205" lon="128.71974"/><trkpt lat="35.457379" lon="128.71966"/><trkpt lat="35.457691" lon="128.719517"/><trkpt lat="35.457739" lon="128.719492"/><trkpt lat="35.457773" lon="128.719467"/><trkpt lat="35.457814" lon="128.719427"/><trkpt lat="35.458114" lon="128.719083"/><trkpt lat="35.458151" lon="128.719038"/><trkpt lat="35.458176" lon="128.719001"/><trkpt lat="35.458194" lon="128.718958"/><trkpt lat="35.458223" lon="128.718866"/><trkpt lat="35.458543" lon="128.717769"/><trkpt lat="35.458639" lon="128.717445"/><trkpt lat="35.45866" lon="128.717385"/><trkpt lat="35.458838" lon="128.716962"/><trkpt lat="35.458873" lon="128.716874"/><trkpt lat="35.458887" lon="128.716828"/><trkpt lat="35.458896" lon="128.716782"/><trkpt lat="35.45895" lon="128.71645"/><trkpt lat="35.458966" lon="128.716356"/><trkpt lat="35.458977" lon="128.716311"/><trkpt lat="35.458994" lon="128.716267"/><trkpt lat="35.459135" lon="128.715975"/><trkpt lat="35.459264" lon="128.71571"/><trkpt lat="35.459287" lon="128.715671"/><trkpt lat="35.459314" lon="128.715637"/><trkpt lat="35.459378" lon="128.715577"/><trkpt lat="35.459597" lon="128.715384"/><trkpt lat="35.45963" lon="128.715359"/><trkpt lat="35.459666" lon="128.715338"/><trkpt lat="35.459717" lon="128.715318"/><trkpt lat="35.45983" lon="128.715275"/><trkpt lat="35.459865" lon="128.715254"/><trkpt lat="35.459895" lon="128.715225"/><trkpt lat="35.45994" lon="128.715168"/><trkpt lat="35.460072" lon="128.714988"/><trkpt lat="35.460099" lon="128.714955"/><trkpt lat="35.46013" lon="128.71493"/><trkpt lat="35.460165" lon="128.714918"/><trkpt lat="35.46023" lon="128.71491"/><trkpt lat="35.460268" lon="128.714901"/><trkpt lat="35.460318" lon="128.71488"/><trkpt lat="35.46039" lon="128.714843"/><trkpt lat="35.460425" lon="128.714822"/><trkpt lat="35.460454" lon="128.714797"/><trkpt lat="35.460472" lon="128.714762"/><trkpt lat="35.460492" lon="128.714713"/><trkpt lat="35.460515" lon="128.714688"/><trkpt lat="35.46054" lon="128.71468"/><trkpt lat="35.460573" lon="128.714684"/><trkpt lat="35.460597" lon="128.714671"/><trkpt lat="35.460619" lon="128.71464"/><trkpt lat="35.460662" lon="128.71456"/><trkpt lat="35.460684" lon="128.71452"/><trkpt lat="35.460711" lon="128.714484"/><trkpt lat="35.460762" lon="128.71443"/><trkpt lat="35.460845" lon="128.714345"/><trkpt lat="35.460873" lon="128.714311"/><trkpt lat="35.460904" lon="128.714261"/><trkpt lat="35.460979" lon="128.714133"/><trkpt lat="35.461002" lon="128.714096"/><trkpt lat="35.461029" lon="128.714062"/><trkpt lat="35.461071" lon="128.714022"/><trkpt lat="35.461225" lon="128.713891"/><trkpt lat="35.461279" lon="128.713843"/><trkpt lat="35.461309" lon="128.713812"/><trkpt lat="35.461337" lon="128.713776"/><trkpt lat="35.461469" lon="128.713569"/><trkpt lat="35.461518" lon="128.713492"/><trkpt lat="35.461545" lon="128.713456"/><trkpt lat="35.461574" lon="128.713426"/><trkpt lat="35.461637" lon="128.713374"/><trkpt lat="35.461665" lon="128.713345"/><trkpt lat="35.461691" lon="128.713308"/><trkpt lat="35.461728" lon="128.71324"/><trkpt lat="35.462119" lon="128.712472"/><trkpt lat="35.462196" lon="128.712337"/><trkpt lat="35.462805" lon="128.711328"/></trkseg>
<trkseg><trkpt lat="35.444855" lon="128.718341"/><trkpt lat="35.444902" lon="128.718385"/><trkpt lat="35.444944" lon="128.718413"/><trkpt lat="35.444984" lon="128.718425"/><trkpt lat="35.445036" lon="128.71843"/><trkpt lat="35.445312" lon="128.718447"/><trkpt lat="35.44535" lon="128.718452"/><trkpt lat="35.445385" lon="128.718465"/><trkpt lat="35.445416" lon="128.718492"/><trkpt lat="35.445444" lon="128.718526"/><trkpt lat="35.445551" lon="128.718674"/><trkpt lat="35.445587" lon="128.718722"/><trkpt lat="35.445617" lon="128.718754"/><trkpt lat="35.445677" lon="128.718802"/><trkpt lat="35.445705" lon="128.718827"/><trkpt lat="35.445726" lon="128.718858"/><trkpt lat="35.445751" lon="128.718901"/><trkpt lat="35.445778" lon="128.718929"/><trkpt lat="35.445843" lon="128.718976"/><trkpt lat="35.445875" lon="128.718999"/><trkpt lat="35.445902" lon="128.719028"/><trkpt lat="35.445922" lon="128.719066"/><trkpt lat="35.445946" lon="128.719115"/><trkpt lat="35.445968" lon="128.719134"/><trkpt lat="35.446009" lon="128.719135"/><trkpt lat="35.446041" lon="128.719146"/><trkpt lat="35.446073" lon="128.71917"/><trkpt lat="35.446114" lon="128.71921"/><trkpt lat="35.446257" lon="128.719357"/><trkpt lat="35.4463" lon="128.719396"/><trkpt lat="35.446334" lon="128.719418"/><trkpt lat="35.446372" lon="128.719433"/><trkpt lat="35.44645" lon="128.719456"/><trkpt lat="35.446486" lon="128.71947"/><trkpt lat="35.446514" lon="128.719492"/><trkpt lat="35.446527" lon="128.719527"/><trkpt lat="35.446536" lon="128.719584"/><trkpt lat="35.446547" lon="128.719625"/><trkpt lat="35.446585" lon="128.719698"/><trkpt lat="35.446601" lon="128.719736"/><trkpt lat="35.446609" lon="128.71978"/><trkpt lat="35.446611" lon="128.719842"/><trkpt lat="35.446613" lon="128.719953"/><trkpt lat="35.446617" lon="128.719999"/><trkpt lat="35.44663" lon="128.720043"/><trkpt lat="35.446648" lon="128.720084"/><trkpt lat="35.446671" lon="128.720118"/><trkpt lat="35.446703" lon="128.72014"/><trkpt lat="35.446751" lon="128.720162"/><trkpt lat="35.446783" lon="128.720184"/><trkpt lat="35.446809" lon="128.720217"/><trkpt lat="35.446829" lon="128.720257"/><trkpt lat="35.446844" lon="128.720301"/><trkpt lat="35.44685" lon="128.720347"/><trkpt lat="35.44685" lon="128.720396"/><trkpt lat="35.446835" lon="128.72061"/><trkpt lat="35.446821" lon="128.720824"/><trkpt lat="35.446821" lon="128.72089"/><trkpt lat="35.446828" lon="128.720989"/><trkpt lat="35.446841" lon="128.721135"/></trkseg>
<trkseg><trkpt lat="35.446841" lon="128.721135"/><trkpt lat="35.446765" lon="128.721169"/><trkpt lat="35.446721" lon="128.721192"/><trkpt lat="35.446689" lon="128.721218"/><trkpt lat="35.446661" lon="128.721249"/><trkpt lat="35.446607" lon="128.721313"/><trkpt lat="35.446579" lon="128.721335"/><trkpt lat="35.446548" lon="128.721336"/><trkpt lat="35.446492" lon="128.721311"/><trkpt lat="35.446456" lon="128.721297"/><trkpt lat="35.446418" lon="128.721292"/><trkpt lat="35.446367" lon="128.721293"/><trkpt lat="35.446224" lon="128.721306"/><trkpt lat="35.446173" lon="128.721315"/><trkpt lat="35.446136" lon="128.721327"/><trkpt lat="35.446065" lon="128.721354"/><trkpt lat="35.446029" lon="128.721358"/><trkpt lat="35.445991" lon="128.721349"/><trkpt lat="35.445927" lon="128.721323"/><trkpt lat="35.445697" lon="128.721225"/><trkpt lat="35.445658" lon="128.721213"/><trkpt lat="35.445619" lon="128.721209"/><trkpt lat="35.445579" lon="128.721211"/><trkpt lat="35.445445" lon="128.721227"/><trkpt lat="35.445405" lon="128.721228"/><trkpt lat="35.445368" lon="128.721219"/><trkpt lat="35.445334" lon="128.721199"/><trkpt lat="35.44529" lon="128.721166"/><trkpt lat="35.445157" lon="128.72106"/><trkpt lat="35.445123" lon="128.721038"/><trkpt lat="35.445048" lon="128.721001"/><trkpt lat="35.444733" lon="128.720859"/><trkpt lat="35.444684" lon="128.720832"/><trkpt lat="35.44465" lon="128.720807"/><trkpt lat="35.444619" lon="128.720778"/><trkpt lat="35.444595" lon="128.720744"/><trkpt lat="35.444582" lon="128.720702"/><trkpt lat="35.444567" lon="128.720646"/><trkpt lat="35.444545" lon="128.720613"/><trkpt lat="35.444513" lon="128.720588"/><trkpt lat="35.444418" lon="128.720531"/><trkpt lat="35.444384" lon="128.720506"/><trkpt lat="35.444337" lon="128.720453"/><trkpt lat="35.444308" lon="128.720427"/><trkpt lat="35.444275" lon="128.720412"/><trkpt lat="35.444228" lon="128.720393"/><trkpt lat="35.444194" lon="128.720359"/><trkpt lat="35.444171" lon="128.720316"/><trkpt lat="35.444164" lon="128.720295"/></trkseg>
<trkseg><trkpt lat="35.470706" lon="128.715145"/><trkpt lat="35.470283" lon="128.715068"/><trkpt lat="35.470218" lon="128.715054"/><trkpt lat="35.470181" lon="128.715041"/><trkpt lat="35.470148" lon="128.715017"/><trkpt lat="35.470119" lon="128.714984"/><trkpt lat="35.470011" lon="128.714837"/><trkpt lat="35.469457" lon="128.714094"/><trkpt lat="35.469419" lon="128.714048"/><trkpt lat="35.469357" lon="128.713985"/><trkpt lat="35.468857" lon="128.71349"/><trkpt lat="35.468813" lon="128.713453"/><trkpt lat="35.468778" lon="128.713432"/><trkpt lat="35.46869" lon="128.713397"/><trkpt lat="35.46864" lon="128.713376"/><trkpt lat="35.468606" lon="128.713355"/><trkpt lat="35.468567" lon="128.71332"/><trkpt lat="35.468535" lon="128.713298"/><trkpt lat="35.468497" lon="128.713284"/><trkpt lat="35.468339" lon="128.713243"/><trkpt lat="35.468168" lon="128.7132"/><trkpt lat="35.468128" lon="128.713194"/><trkpt lat="35.468089" lon="128.713194"/><trkpt lat="35.467984" lon="128.713205"/><trkpt lat="35.467906" lon="128.713217"/><trkpt lat="35.467869" lon="128.713229"/><trkpt lat="35.467833" lon="128.713249"/><trkpt lat="35.467775" lon="128.713286"/><trkpt lat="35.467739" lon="128.713298"/><trkpt lat="35.467701" lon="128.713297"/><trkpt lat="35.467649" lon="128.713288"/><trkpt lat="35.4674" lon="128.713235"/><trkpt lat="35.467361" lon="128.713223"/><trkpt lat="35.467325" lon="128.713206"/><trkpt lat="35.467112" lon="128.713076"/><trkpt lat="35.467043" lon="128.71303"/><trkpt lat="35.467011" lon="128.713003"/><trkpt lat="35.466969" lon="128.712956"/><trkpt lat="35.466942" lon="128.71293"/><trkpt lat="35.466907" lon="128.712909"/><trkpt lat="35.466772" lon="128.712845"/><trkpt lat="35.466723" lon="128.71282"/><trkpt lat="35.466687" lon="128.712799"/><trkpt lat="35.466631" lon="128.712755"/><trkpt lat="35.466226" lon="128.712416"/><trkpt lat="35.46618" lon="128.712384"/><trkpt lat="35.466144" lon="128.712367"/><trkpt lat="35.466082" lon="128.712346"/><trkpt lat="35.466047" lon="128.71233"/><trkpt lat="35.466017" lon="128.712303"/><trkpt lat="35.465968" lon="128.712229"/><trkpt lat="35.465942" lon="128.712196"/><trkpt lat="35.465909" lon="128.712175"/><trkpt lat="35.465871" lon="128.712166"/><trkpt lat="35.465778" lon="128.712153"/><trkpt lat="35.465739" lon="128.712144"/><trkpt lat="35.465704" lon="128.712126"/><trkpt lat="35.46567" lon="128.7121"/><trkpt lat="35.465572" lon="128.712013"/><trkpt lat="35.465528" lon="128.711977"/><trkpt lat="35.465492" lon="128.711957"/><trkpt lat="35.465429" lon="128.711933"/><trkpt lat="35.465377" lon="128.711918"/><trkpt lat="35.465338" lon="128.711912"/><trkpt lat="35.465298" lon="128.711912"/><trkpt lat="35.465016" lon="128.711935"/><trkpt lat="35.464479" lon="128.711977"/><trkpt lat="35.464425" lon="128.711978"/><trkpt lat="35.464387" lon="128.711974"/><trkpt lat="35.464328" lon="128.711964"/><trkpt lat="35.464293" lon="128.71197"/><trkpt lat="35.464258" lon="128.711986"/><trkpt lat="35.464201" lon="128.712014"/><trkpt lat="35.464169" lon="128.712018"/><trkpt lat="35.464141" lon="128.712001"/><trkpt lat="35.464097" lon="128.711957"/><trkpt lat="35.464069" lon="128.711938"/><trkpt lat="35.464036" lon="128.711934"/><trkpt lat="35.463988" lon="128.711933"/><trkpt lat="35.463949" lon="128.711924"/><trkpt lat="35.463872" lon="128.711898"/><trkpt lat="35.463488" lon="128.711755"/><trkpt lat="35.463437" lon="128.711733"/><trkpt lat="35.463402" lon="128.711712"/><trkpt lat="35.463374" lon="128.711686"/><trkpt lat="35.463328" lon="128.711638"/><trkpt lat="35.463295" lon="128.711618"/><trkpt lat="35.463258" lon="128.711603"/><trkpt lat="35.463157" lon="128.711572"/><trkpt lat="35.463121" lon="128.711555"/><trkpt lat="35.463086" lon="128.711534"/><trkpt lat="35.462805" lon="128.711328"/></trkseg>
<trkseg><trkpt lat="35.462805" lon="128.711328"/><trkpt lat="35.462789" lon="128.711226"/><trkpt lat="35.462777" lon="128.711135"/><trkpt lat="35.462776" lon="128.711089"/><trkpt lat="35.462786" lon="128.71105"/><trkpt lat="35.46281" lon="128.711018"/><trkpt lat="35.462871" lon="128.710961"/><trkpt lat="35.462911" lon="128.710921"/><trkpt lat="35.462937" lon="128.710888"/><trkpt lat="35.462954" lon="128.710846"/><trkpt lat="35.462967" lon="128.710801"/><trkpt lat="35.463062" lon="128.710396"/><trkpt lat="35.463086" lon="128.710303"/><trkpt lat="35.4631" lon="128.710258"/><trkpt lat="35.463119" lon="128.710216"/><trkpt lat="35.463171" lon="128.710121"/><trkpt lat="35.463293" lon="128.709906"/><trkpt lat="35.463313" lon="128.709865"/><trkpt lat="35.463327" lon="128.709821"/><trkpt lat="35.463334" lon="128.709774"/><trkpt lat="35.463339" lon="128.709709"/><trkpt lat="35.463355" lon="128.709415"/><trkpt lat="35.463362" lon="128.709351"/><trkpt lat="35.463432" lon="128.708883"/><trkpt lat="35.463489" lon="128.708512"/><trkpt lat="35.463502" lon="128.708449"/><trkpt lat="35.463537" lon="128.708328"/><trkpt lat="35.463581" lon="128.708193"/><trkpt lat="35.463597" lon="128.708149"/><trkpt lat="35.463623" lon="128.708099"/><trkpt lat="35.463638" lon="128.708064"/><trkpt lat="35.463638" lon="128.708021"/><trkpt lat="35.463629" lon="128.707976"/><trkpt lat="35.463577" lon="128.707788"/><trkpt lat="35.463561" lon="128.707725"/><trkpt lat="35.463553" lon="128.707677"/><trkpt lat="35.463518" lon="128.707301"/><trkpt lat="35.463482" lon="128.706909"/><trkpt lat="35.463479" lon="128.706844"/><trkpt lat="35.463483" lon="128.706797"/><trkpt lat="35.463492" lon="128.706736"/><trkpt lat="35.463521" lon="128.706582"/><trkpt lat="35.463527" lon="128.706536"/><trkpt lat="35.463527" lon="128.706492"/><trkpt lat="35.46352" lon="128.706451"/><trkpt lat="35.463507" lon="128.706412"/><trkpt lat="35.463479" lon="128.706363"/><trkpt lat="35.463461" lon="128.706327"/><trkpt lat="35.463455" lon="128.706286"/><trkpt lat="35.463461" lon="128.706241"/><trkpt lat="35.463481" lon="128.706148"/><trkpt lat="35.463488" lon="128.706102"/><trkpt lat="35.463486" lon="128.706055"/><trkpt lat="35.463474" lon="128.705993"/><trkpt lat="35.463416" lon="128.705777"/><trkpt lat="35.463401" lon="128.705716"/><trkpt lat="35.463393" lon="128.705669"/><trkpt lat="35.463393" lon="128.705622"/><trkpt lat="35.463401" lon="128.705558"/><trkpt lat="35.463439" lon="128.705352"/><trkpt lat="35.463457" lon="128.705273"/><trkpt lat="35.463632" lon="128.70466"/><trkpt lat="35.46366" lon="128.704569"/><trkpt lat="35.463677" lon="128.704526"/><trkpt lat="35.4637" lon="128.704487"/><trkpt lat="35.463736" lon="128.704438"/><trkpt lat="35.463947" lon="128.704162"/><trkpt lat="35.463986" lon="128.704117"/><trkpt lat="35.464018" lon="128.704089"/><trkpt lat="35.464052" lon="128.704065"/><trkpt lat="35.464206" lon="128.703967"/><trkpt lat="35.464252" lon="128.703934"/><trkpt lat="35.464283" lon="128.703906"/><trkpt lat="35.464318" lon="128.703862"/><trkpt lat="35.464396" lon="128.703759"/><trkpt lat="35.464425" lon="128.703731"/><trkpt lat="35.46446" lon="128.703711"/><trkpt lat="35.464511" lon="128.703692"/><trkpt lat="35.465635" lon="128.703331"/><trkpt lat="35.4657" lon="128.703309"/><trkpt lat="35.465737" lon="128.703291"/><trkpt lat="35.465772" lon="128.703267"/><trkpt lat="35.465827" lon="128.70322"/><trkpt lat="35.466001" lon="128.703066"/><trkpt lat="35.466035" lon="128.70304"/><trkpt lat="35.466071" lon="128.703017"/><trkpt lat="35.466243" lon="128.702924"/><trkpt lat="35.466318" lon="128.702886"/><trkpt lat="35.466356" lon="128.70287"/><trkpt lat="35.466435" lon="128.702848"/><trkpt lat="35.467017" lon="128.702701"/><trkpt lat="35.467069" lon="128.702684"/><trkpt lat="35.467105" lon="128.702665"/><trkpt lat="35.467137" lon="128.702637"/><trkpt lat="35.467289" lon="128.702476"/><trkpt lat="35.467644" lon="128.702102"/><trkpt lat="35.467683" lon="128.702057"/><trkpt lat="35.467709" lon="128.702021"/><trkpt lat="35.467728" lon="128.70198"/><trkpt lat="35.467754" lon="128.701905"/><trkpt lat="35.46783" lon="128.701661"/><trkpt lat="35.467847" lon="128.701617"/><trkpt lat="35.467868" lon="128.701576"/><trkpt lat="35.467902" lon="128.701524"/><trkpt lat="35.468078" lon="128.701275"/><trkpt lat="35.468106" lon="128.701239"/><trkpt lat="35.468135" lon="128.701207"/><trkpt lat="35.468219" lon="128.701133"/><trkpt lat="35.468304" lon="128.701061"/><trkpt lat="35.468337" lon="128.701037"/><trkpt lat="35.468373" lon="128.701018"/><trkpt lat="35.468437" lon="128.700995"/><trkpt lat="35.46905" lon="128.7008"/><trkpt lat="35.469129" lon="128.700778"/><trkpt lat="35.469168" lon="128.70077"/><trkpt lat="35.469594" lon="128.700729"/><trkpt lat="35.469674" lon="128.700719"/><trkpt lat="35.469712" lon="128.70071"/><trkpt lat="35.46975" lon="128.700697"/><trkpt lat="35.46996" lon="128.700608"/><trkpt lat="35.470047" lon="128.700573"/><trkpt lat="35.470085" lon="128.700562"/><trkpt lat="35.470164" lon="128.700551"/><trkpt lat="35.470296" lon="128.700538"/><trkpt lat="35.470335" lon="128.70053"/><trkpt lat="35.470372" lon="128.700515"/><trkpt lat="35.470464" lon="128.700456"/><trkpt lat="35.4705" lon="128.700435"/><trkpt lat="35.470537" lon="128.700419"/><trkpt lat="35.470794" lon="128.700334"/><trkpt lat="35.471052" lon="128.700251"/><trkpt lat="35.471091" lon="128.700243"/><trkpt lat="35.471157" lon="128.700236"/><trkpt lat="35.471635" lon="128.700205"/><trkpt lat="35.471701" lon="128.700197"/><trkpt lat="35.471739" lon="128.700187"/><trkpt lat="35.471815" lon="128.700158"/><trkpt lat="35.472016" lon="128.700072"/><trkpt lat="35.472053" lon="128.700053"/><trkpt lat="35.472087" lon="128.70003"/><trkpt lat="35.472298" lon="128.699864"/><trkpt lat="35.472341" lon="128.699828"/><trkpt lat="35.47237" lon="128.699797"/><trkpt lat="35.472395" lon="128.699759"/><trkpt lat="35.472423" lon="128.699704"/><trkpt lat="35.47258" lon="128.699376"/><trkpt lat="35.472602" lon="128.699337"/><trkpt lat="35.472629" lon="128.699304"/><trkpt lat="35.472663" lon="128.699286"/><trkpt lat="35.472702" lon="128.699275"/><trkpt lat="35.472862" lon="128.699243"/><trkpt lat="35.472915" lon="128.699229"/><trkpt lat="35.472953" lon="128.699215"/><trkpt lat="35.473102" lon="128.699143"/><trkpt lat="35.473178" lon="128.699111"/><trkpt lat="35.473216" lon="128.699102"/><trkpt lat="35.473254" lon="128.6991"/><trkpt lat="35.473396" lon="128.699107"/><trkpt lat="35.473434" lon="128.699106"/><trkpt lat="35.473473" lon="128.699099"/><trkpt lat="35.473525" lon="128.699084"/><trkpt lat="35.473809" lon="128.698986"/><trkpt lat="35.473847" lon="128.698969"/><trkpt lat="35.473883" lon="128.698948"/><trkpt lat="35.474183" lon="128.698739"/><trkpt lat="35.474252" lon="128.698693"/><trkpt lat="35.474287" lon="128.698673"/><trkpt lat="35.474321" lon="128.698663"/><trkpt lat="35.474376" lon="128.698656"/><trkpt lat="35.474411" lon="128.698643"/><trkpt lat="35.474504" lon="128.698594"/><trkpt lat="35.474551" lon="128.698571"/><trkpt lat="35.474615" lon="128.698549"/><trkpt lat="35.474989" lon="128.698446"/><trkpt lat="35.475053" lon="128.698425"/><trkpt lat="35.475101" lon="128.698401"/><trkpt lat="35.475195" lon="128.698347"/><trkpt lat="35.475229" lon="128.698325"/><trkpt lat="35.475261" lon="128.698297"/><trkpt lat="35.475301" lon="128.698256"/><trkpt lat="35.475359" lon="128.69819"/><trkpt lat="35.475386" lon="128.698155"/><trkpt lat="35.475407" lon="128.698118"/><trkpt lat="35.475438" lon="128.698055"/><trkpt lat="35.47546" lon="128.698019"/><trkpt lat="35.475497" lon="128.697974"/><trkpt lat="35.47566" lon="128.697809"/><trkpt lat="35.475692" lon="128.697781"/><trkpt lat="35.475726" lon="128.69776"/><trkpt lat="35.475764" lon="128.697748"/><trkpt lat="35.475936" lon="128.697718"/><trkpt lat="35.476451" lon="128.697626"/><trkpt lat="35.476504" lon="128.697618"/><trkpt lat="35.476544" lon="128.697617"/><trkpt lat="35.476584" lon="128.697621"/><trkpt lat="35.476918" lon="128.697677"/><trkpt lat="35.476997" lon="128.697694"/><trkpt lat="35.477034" lon="128.697709"/><trkpt lat="35.477069" lon="128.69773"/><trkpt lat="35.477136" lon="128.697775"/><trkpt lat="35.477172" lon="128.697791"/><trkpt lat="35.477211" lon="128.697797"/><trkpt lat="35.477277" lon="128.6978"/><trkpt lat="35.477331" lon="128.697798"/><trkpt lat="35.47737" lon="128.697789"/><trkpt lat="35.477446" lon="128.69776"/><trkpt lat="35.477625" lon="128.697688"/><trkpt lat="35.47769" lon="128.697669"/><trkpt lat="35.477989" lon="128.697607"/><trkpt lat="35.478067" lon="128.697588"/><trkpt lat="35.478104" lon="128.697574"/><trkpt lat="35.47814" lon="128.697552"/><trkpt lat="35.478207" lon="128.697498"/><trkpt lat="35.478717" lon="128.697069"/><trkpt lat="35.478773" lon="128.697024"/><trkpt lat="35.478808" lon="128.697001"/><trkpt lat="35.478857" lon="128.696978"/><trkpt lat="35.479233" lon="128.696822"/><trkpt lat="35.479282" lon="128.696798"/><trkpt lat="35.479316" lon="128.696775"/><trkpt lat="35.47936" lon="128.696737"/><trkpt lat="35.479562" lon="128.69655"/><trkpt lat="35.479603" lon="128.696508"/><trkpt lat="35.479628" lon="128.696471"/><trkpt lat="35.479649" lon="128.696432"/><trkpt lat="35.479668" lon="128.696391"/><trkpt lat="35.47968" lon="128.69635"/><trkpt lat="35.47968" lon="128.696307"/><trkpt lat="35.479669" lon="128.696263"/><trkpt lat="35.479619" lon="128.696117"/><trkpt lat="35.479601" lon="128.696059"/><trkpt lat="35.479592" lon="128.696014"/><trkpt lat="35.479592" lon="128.695967"/><trkpt lat="35.4796" lon="128.695904"/><trkpt lat="35.479622" lon="128.695745"/><trkpt lat="35.479625" lon="128.695697"/><trkpt lat="35.479626" lon="128.695422"/><trkpt lat="35.479626" lon="128.695211"/><trkpt lat="35.47963" lon="128.695165"/><trkpt lat="35.479643" lon="128.695123"/><trkpt lat="35.479667" lon="128.695086"/><trkpt lat="35.479715" lon="128.69503"/><trkpt lat="35.480133" lon="128.69456"/><trkpt lat="35.480302" lon="128.69437"/><trkpt lat="35.480329" lon="128.694334"/><trkpt lat="35.480349" lon="128.694294"/><trkpt lat="35.480368" lon="128.694237"/><trkpt lat="35.480383" lon="128.694177"/><trkpt lat="35.480391" lon="128.69413"/><trkpt lat="35.480395" lon="128.694083"/><trkpt lat="35.480394" lon="128.694037"/><trkpt lat="35.480384" lon="128.693991"/><trkpt lat="35.480357" lon="128.693903"/><trkpt lat="35.480348" lon="128.693858"/><trkpt lat="35.480351" lon="128.693812"/><trkpt lat="35.480359" lon="128.693765"/><trkpt lat="35.480458" lon="128.69334"/><trkpt lat="35.480508" lon="128.69312"/><trkpt lat="35.480515" lon="128.693073"/><trkpt lat="35.480516" lon="128.693025"/><trkpt lat="35.480512" lon="128.692978"/><trkpt lat="35.480465" lon="128.692646"/><trkpt lat="35.480453" lon="128.692585"/><trkpt lat="35.480438" lon="128.692539"/><trkpt lat="35.48038" lon="128.692392"/><trkpt lat="35.480365" lon="128.692347"/><trkpt lat="35.480354" lon="128.692302"/><trkpt lat="35.480322" lon="128.692133"/><trkpt lat="35.480314" lon="128.692071"/><trkpt lat="35.480311" lon="128.692023"/><trkpt lat="35.480311" lon="128.691957"/><trkpt lat="35.480315" lon="128.691891"/><trkpt lat="35.480323" lon="128.691845"/><trkpt lat="35.480341" lon="128.691802"/><trkpt lat="35.480363" lon="128.691761"/><trkpt lat="35.480404" lon="128.691696"/><trkpt lat="35.480431" lon="128.691661"/><trkpt lat="35.480462" lon="128.691636"/><trkpt lat="35.480497" lon="128.691619"/><trkpt lat="35.480534" lon="128.691608"/><trkpt lat="35.480572" lon="128.691606"/><trkpt lat="35.480611" lon="128.69161"/><trkpt lat="35.480845" lon="128.691657"/><trkpt lat="35.48091" lon="128.691668"/><trkpt lat="35.480949" lon="128.691669"/><trkpt lat="35.481014" lon="128.691662"/><trkpt lat="35.481079" lon="128.691651"/><trkpt lat="35.481118" lon="128.69164"/><trkpt lat="35.481154" lon="128.691625"/><trkpt lat="35.481222" lon="128.691586"/><trkpt lat="35.481257" lon="128.691569"/><trkpt lat="35.481294" lon="128.691563"/><trkpt lat="35.481333" lon="128.691564"/><trkpt lat="35.481517" lon="128.691588"/><trkpt lat="35.481596" lon="128.691596"/><trkpt lat="35.481634" lon="128.691593"/><trkpt lat="35.481669" lon="128.691582"/><trkpt lat="35.481749" lon="128.691543"/><trkpt lat="35.481786" lon="128.691531"/><trkpt lat="35.481825" lon="128.691523"/><trkpt lat="35.482039" lon="128.6915"/><trkpt lat="35.482534" lon="128.691451"/><trkpt lat="35.482587" lon="128.691443"/><trkpt lat="35.482623" lon="128.691431"/><trkpt lat="35.482652" lon="128.691406"/><trkpt lat="35.482676" lon="128.691371"/><trkpt lat="35.48272" lon="128.691296"/><trkpt lat="35.482746" lon="128.691267"/><trkpt lat="35.482781" lon="128.691254"/><trkpt lat="35.482819" lon="128.691249"/><trkpt lat="35.483156" lon="128.691238"/><trkpt lat="35.48333" lon="128.691231"/><trkpt lat="35.483369" lon="128.691225"/><trkpt lat="35.483406" lon="128.69121"/><trkpt lat="35.483442" lon="128.691188"/><trkpt lat="35.483721" lon="128.690988"/><trkpt lat="35.484316" lon="128.690564"/><trkpt lat="35.48436" lon="128.690528"/><trkpt lat="35.484389" lon="128.690496"/><trkpt lat="35.484424" lon="128.69045"/><trkpt lat="35.484499" lon="128.69034"/><trkpt lat="35.484525" lon="128.690307"/><trkpt lat="35.484553" lon="128.690281"/><trkpt lat="35.484585" lon="128.690272"/><trkpt lat="35.484621" lon="128.690278"/><trkpt lat="35.484695" lon="128.690302"/><trkpt lat="35.484745" lon="128.690314"/><trkpt lat="35.484783" lon="128.690314"/><trkpt lat="35.48482" lon="128.690303"/><trkpt lat="35.48492" lon="128.690257"/><trkpt lat="35.48497" lon="128.690237"/><trkpt lat="35.485008" lon="128.690231"/><trkpt lat="35.485047" lon="128.690235"/><trkpt lat="35.485217" lon="128.690275"/><trkpt lat="35.485308" lon="128.690295"/><trkpt lat="35.485348" lon="128.690299"/><trkpt lat="35.485386" lon="128.690297"/><trkpt lat="35.485513" lon="128.690275"/><trkpt lat="35.485564" lon="128.690269"/><trkpt lat="35.485602" lon="128.690271"/><trkpt lat="35.485653" lon="128.690283"/><trkpt lat="35.485792" lon="128.69033"/><trkpt lat="35.48583" lon="128.69034"/><trkpt lat="35.485869" lon="128.690344"/><trkpt lat="35.485908" lon="128.69034"/><trkpt lat="35.48609" lon="128.6903"/><trkpt lat="35.486181" lon="128.690282"/><trkpt lat="35.48622" lon="128.690279"/><trkpt lat="35.486274" lon="128.690283"/><trkpt lat="35.486611" lon="128.690323"/><trkpt lat="35.486665" lon="128.690329"/><trkpt lat="35.486704" lon="128.690327"/><trkpt lat="35.486739" lon="128.690314"/><trkpt lat="35.48677" lon="128.690292"/><trkpt lat="35.486798" lon="128.690265"/><trkpt lat="35.48682" lon="128.690233"/><trkpt lat="35.48683" lon="128.690191"/><trkpt lat="35.486835" lon="128.690128"/><trkpt lat="35.486836" lon="128.690048"/><trkpt lat="35.486833" lon="128.69"/><trkpt lat="35.486825" lon="128.689953"/><trkpt lat="35.4868" lon="128.689845"/><trkpt lat="35.486794" lon="128.689801"/><trkpt lat="35.486799" lon="128.689759"/><trkpt lat="35.486818" lon="128.689721"/><trkpt lat="35.486843" lon="128.689686"/><trkpt lat="35.486871" lon="128.689652"/><trkpt lat="35.486902" lon="128.689622"/><trkpt lat="35.486934" lon="128.689599"/><trkpt lat="35.486992" lon="128.689567"/><trkpt lat="35.48704" lon="128.689545"/><trkpt lat="35.487077" lon="128.689534"/><trkpt lat="35.487117" lon="128.689528"/><trkpt lat="35.487386" lon="128.689506"/><trkpt lat="35.487627" lon="128.689486"/><trkpt lat="35.48768" lon="128.689486"/><trkpt lat="35.487718" lon="128.689495"/><trkpt lat="35.487753" lon="128.689513"/><trkpt lat="35.487945" lon="128.689649"/><trkpt lat="35.487989" lon="128.689683"/><trkpt lat="35.488019" lon="128.689712"/><trkpt lat="35.488045" lon="128.689747"/><trkpt lat="35.488092" lon="128.689824"/><trkpt lat="35.488117" lon="128.68986"/><trkpt lat="35.488147" lon="128.689892"/><trkpt lat="35.488235" lon="128.689969"/><trkpt lat="35.488279" lon="128.690005"/><trkpt lat="35.488313" lon="128.690027"/><trkpt lat="35.488348" lon="128.690035"/><trkpt lat="35.488383" lon="128.690027"/><trkpt lat="35.488454" lon="128.689998"/><trkpt lat="35.48849" lon="128.689984"/><trkpt lat="35.488526" lon="128.689979"/><trkpt lat="35.488562" lon="128.689988"/><trkpt lat="35.488598" lon="128.690006"/><trkpt lat="35.488681" lon="128.690052"/><trkpt lat="35.488719" lon="128.690067"/><trkpt lat="35.488771" lon="128.690079"/><trkpt lat="35.489224" lon="128.690156"/><trkpt lat="35.489304" lon="128.690167"/><trkpt lat="35.489344" lon="128.690168"/><trkpt lat="35.489397" lon="128.690162"/><trkpt lat="35.489753" lon="128.690096"/><trkpt lat="35.489806" lon="128.690088"/><trkpt lat="35.489845" lon="128.690088"/><trkpt lat="35.489885" lon="128.690095"/><trkpt lat="35.489988" lon="128.690129"/><trkpt lat="35.490027" lon="128.690138"/><trkpt lat="35.490063" lon="128.690135"/><trkpt lat="35.490098" lon="128.690117"/><trkpt lat="35.490153" lon="128.690075"/><trkpt lat="35.490195" lon="128.690037"/><trkpt lat="35.49022" lon="128.690004"/><trkpt lat="35.490235" lon="128.689964"/><trkpt lat="35.490255" lon="128.689895"/><trkpt lat="35.490274" lon="128.689868"/><trkpt lat="35.490306" lon="128.689857"/><trkpt lat="35.490345" lon="128.689855"/><trkpt lat="35.490451" lon="128.689858"/><trkpt lat="35.49046" lon="128.689858"/></trkseg>
<trkseg><trkpt lat="35.458749" lon="128.742908"/><trkpt lat="35.458715" lon="128.743114"/><trkpt lat="35.45871" lon="128.743162"/><trkpt lat="35.458712" lon="128.74321"/><trkpt lat="35.458721" lon="128.743274"/><trkpt lat="35.458747" lon="128.743435"/><trkpt lat="35.458749" lon="128.743483"/><trkpt lat="35.458743" lon="128.743529"/><trkpt lat="35.458729" lon="128.743591"/><trkpt lat="35.458607" lon="128.744053"/><trkpt lat="35.458588" lon="128.744113"/><trkpt lat="35.458569" lon="128.744155"/><trkpt lat="35.458539" lon="128.744207"/><trkpt lat="35.458376" lon="128.74446"/><trkpt lat="35.458346" lon="128.744512"/><trkpt lat="35.458326" lon="128.744554"/><trkpt lat="35.458136" lon="128.74507"/><trkpt lat="35.458097" lon="128.745173"/><trkpt lat="35.458077" lon="128.745215"/><trkpt lat="35.458046" lon="128.745268"/><trkpt lat="35.457852" lon="128.745582"/><trkpt lat="35.457802" lon="128.745659"/><trkpt lat="35.457775" lon="128.745693"/><trkpt lat="35.457699" lon="128.745779"/><trkpt lat="35.457653" lon="128.745833"/><trkpt lat="35.457629" lon="128.745868"/><trkpt lat="35.457611" lon="128.745911"/><trkpt lat="35.457592" lon="128.745971"/><trkpt lat="35.457384" lon="128.746711"/><trkpt lat="35.457365" lon="128.746772"/><trkpt lat="35.457348" lon="128.746815"/><trkpt lat="35.457247" lon="128.74704"/><trkpt lat="35.457217" lon="128.74711"/><trkpt lat="35.457203" lon="128.747151"/><trkpt lat="35.457201" lon="128.747192"/><trkpt lat="35.457211" lon="128.74723"/><trkpt lat="35.457227" lon="128.747282"/><trkpt lat="35.457234" lon="128.747329"/><trkpt lat="35.457237" lon="128.74741"/><trkpt lat="35.457242" lon="128.747771"/><trkpt lat="35.457242" lon="128.747851"/><trkpt lat="35.457237" lon="128.747898"/><trkpt lat="35.457221" lon="128.747938"/><trkpt lat="35.457198" lon="128.747973"/><trkpt lat="35.457148" lon="128.748044"/><trkpt lat="35.457127" lon="128.748085"/><trkpt lat="35.457111" lon="128.74813"/><trkpt lat="35.457024" lon="128.748406"/><trkpt lat="35.456994" lon="128.748497"/><trkpt lat="35.456975" lon="128.74854"/><trkpt lat="35.456951" lon="128.748576"/><trkpt lat="35.45688" lon="128.748666"/><trkpt lat="35.456846" lon="128.748712"/><trkpt lat="35.456826" lon="128.748751"/><trkpt lat="35.456811" lon="128.748793"/><trkpt lat="35.456801" lon="128.748836"/><trkpt lat="35.456796" lon="128.748882"/><trkpt lat="35.456797" lon="128.748945"/><trkpt lat="35.456803" lon="128.749071"/><trkpt lat="35.4568" lon="128.749118"/><trkpt lat="35.456791" lon="128.749164"/><trkpt lat="35.456754" lon="128.749284"/><trkpt lat="35.456733" lon="128.749359"/><trkpt lat="35.456726" lon="128.749404"/><trkpt lat="35.456725" lon="128.749458"/><trkpt lat="35.456718" lon="128.749501"/><trkpt lat="35.456704" lon="128.749545"/><trkpt lat="35.456655" lon="128.749662"/><trkpt lat="35.456605" lon="128.749778"/><trkpt lat="35.456583" lon="128.749819"/><trkpt lat="35.456558" lon="128.749853"/><trkpt lat="35.456506" lon="128.749913"/><trkpt lat="35.45649" lon="128.74995"/><trkpt lat="35.456486" lon="128.749994"/><trkpt lat="35.456487" lon="128.750059"/><trkpt lat="35.456499" lon="128.750271"/><trkpt lat="35.456498" lon="128.750319"/><trkpt lat="35.45649" lon="128.750366"/><trkpt lat="35.456476" lon="128.750429"/><trkpt lat="35.456438" lon="128.750584"/><trkpt lat="35.456431" lon="128.750631"/><trkpt lat="35.456434" lon="128.750677"/><trkpt lat="35.456444" lon="128.750723"/><trkpt lat="35.45648" lon="128.750847"/><trkpt lat="35.4565" lon="128.750906"/><trkpt lat="35.456519" lon="128.75094"/><trkpt lat="35.456547" lon="128.750954"/><trkpt lat="35.456584" lon="128.75095"/><trkpt lat="35.456649" lon="128.750933"/><trkpt lat="35.456795" lon="128.75089"/><trkpt lat="35.456833" lon="128.750885"/><trkpt lat="35.456869" lon="128.750899"/><trkpt lat="35.456899" lon="128.75094"/><trkpt lat="35.456925" lon="128.750988"/></trkseg>
<trkseg><trkpt lat="35.463359" lon="128.74596"/><trkpt lat="35.463305" lon="128.745799"/><trkpt lat="35.463211" lon="128.745671"/><trkpt lat="35.463183" lon="128.74564"/><trkpt lat="35.46315" lon="128.745615"/><trkpt lat="35.463091" lon="128.74558"/><trkpt lat="35.46277" lon="128.745371"/><trkpt lat="35.46272" lon="128.745348"/><trkpt lat="35.462681" lon="128.745336"/><trkpt lat="35.462562" lon="128.745306"/><trkpt lat="35.46251" lon="128.74529"/><trkpt lat="35.46246" lon="128.745266"/><trkpt lat="35.462253" lon="128.745182"/><trkpt lat="35.462069" lon="128.745011"/><trkpt lat="35.461939" lon="128.744905"/><trkpt lat="35.461905" lon="128.744883"/><trkpt lat="35.461872" lon="128.744875"/><trkpt lat="35.461842" lon="128.744886"/><trkpt lat="35.461819" lon="128.744916"/><trkpt lat="35.461802" lon="128.744959"/><trkpt lat="35.461768" lon="128.745068"/><trkpt lat="35.461746" lon="128.745128"/><trkpt lat="35.461726" lon="128.745168"/><trkpt lat="35.461702" lon="128.745204"/><trkpt lat="35.461667" lon="128.745248"/><trkpt lat="35.461639" lon="128.745277"/><trkpt lat="35.461608" lon="128.745297"/><trkpt lat="35.461574" lon="128.745302"/><trkpt lat="35.461537" lon="128.745291"/><trkpt lat="35.461501" lon="128.74527"/><trkpt lat="35.461346" lon="128.745167"/><trkpt lat="35.461312" lon="128.745142"/><trkpt lat="35.461282" lon="128.745112"/><trkpt lat="35.461261" lon="128.745073"/><trkpt lat="35.461243" lon="128.74503"/><trkpt lat="35.461151" lon="128.744758"/><trkpt lat="35.460912" lon="128.743937"/><trkpt lat="35.460888" lon="128.743861"/><trkpt lat="35.460869" lon="128.743782"/><trkpt lat="35.460819" lon="128.743542"/><trkpt lat="35.460807" lon="128.743495"/><trkpt lat="35.46079" lon="128.743454"/><trkpt lat="35.460765" lon="128.743421"/><trkpt lat="35.460735" lon="128.743393"/><trkpt lat="35.460661" lon="128.743329"/><trkpt lat="35.460632" lon="128.743298"/><trkpt lat="35.460608" lon="128.743261"/><trkpt lat="35.460572" lon="128.743192"/><trkpt lat="35.460154" lon="128.74258"/></trkseg>
<trkseg><trkpt lat="35.487811" lon="128.711772"/><trkpt lat="35.48742" lon="128.71138"/><trkpt lat="35.487368" lon="128.711331"/><trkpt lat="35.487335" lon="128.71131"/><trkpt lat="35.487301" lon="128.711307"/><trkpt lat="35.487264" lon="128.711319"/><trkpt lat="35.487188" lon="128.711352"/><trkpt lat="35.48715" lon="128.711363"/><trkpt lat="35.487112" lon="128.711364"/><trkpt lat="35.487074" lon="128.711356"/><trkpt lat="35.486946" lon="128.711314"/><trkpt lat="35.486895" lon="128.7113"/><trkpt lat="35.486859" lon="128.711297"/><trkpt lat="35.486827" lon="128.711311"/><trkpt lat="35.486797" lon="128.71134"/><trkpt lat="35.486686" lon="128.711479"/><trkpt lat="35.486638" lon="128.711535"/><trkpt lat="35.486607" lon="128.711563"/><trkpt lat="35.486572" lon="128.711584"/><trkpt lat="35.486496" lon="128.711616"/><trkpt lat="35.486177" lon="128.711741"/><trkpt lat="35.486141" lon="128.71176"/><trkpt lat="35.48611" lon="128.711786"/><trkpt lat="35.486053" lon="128.711852"/><trkpt lat="35.486024" lon="128.711882"/><trkpt lat="35.485991" lon="128.711905"/><trkpt lat="35.485953" lon="128.711916"/><trkpt lat="35.485887" lon="128.711926"/><trkpt lat="35.485658" lon="128.711955"/><trkpt lat="35.485618" lon="128.711963"/><trkpt lat="35.48558" lon="128.711976"/><trkpt lat="35.485529" lon="128.711999"/><trkpt lat="35.485305" lon="128.712111"/><trkpt lat="35.485268" lon="128.712127"/><trkpt lat="35.485234" lon="128.712133"/><trkpt lat="35.485205" lon="128.712117"/><trkpt lat="35.485171" lon="128.712074"/><trkpt lat="35.485145" lon="128.712044"/><trkpt lat="35.485113" lon="128.71203"/><trkpt lat="35.485077" lon="128.712029"/><trkpt lat="35.48504" lon="128.712035"/><trkpt lat="35.485003" lon="128.712047"/><trkpt lat="35.484966" lon="128.712067"/><trkpt lat="35.484849" lon="128.712147"/><trkpt lat="35.484813" lon="128.712167"/><trkpt lat="35.484775" lon="128.712181"/><trkpt lat="35.48471" lon="128.712199"/><trkpt lat="35.484172" lon="128.712331"/><trkpt lat="35.484107" lon="128.712349"/><trkpt lat="35.48407" lon="128.712366"/><trkpt lat="35.484038" lon="128.71239"/><trkpt lat="35.483997" lon="128.712429"/><trkpt lat="35.483896" lon="128.71253"/><trkpt lat="35.483864" lon="128.712557"/><trkpt lat="35.483831" lon="128.712578"/><trkpt lat="35.483765" lon="128.712614"/><trkpt lat="35.483736" lon="128.712641"/><trkpt lat="35.483702" lon="128.712688"/><trkpt lat="35.483573" lon="128.712891"/><trkpt lat="35.483532" lon="128.712953"/><trkpt lat="35.483504" lon="128.712986"/><trkpt lat="35.483472" lon="128.713013"/><trkpt lat="35.483439" lon="128.713037"/><trkpt lat="35.483404" lon="128.713057"/><trkpt lat="35.483366" lon="128.713071"/><trkpt lat="35.48325" lon="128.7131"/><trkpt lat="35.483199" lon="128.713115"/><trkpt lat="35.483162" lon="128.713132"/><trkpt lat="35.483115" lon="128.713161"/><trkpt lat="35.482964" lon="128.713262"/><trkpt lat="35.48292" lon="128.713297"/><trkpt lat="35.482877" lon="128.713336"/><trkpt lat="35.48272" lon="128.713489"/><trkpt lat="35.482677" lon="128.713528"/><trkpt lat="35.482642" lon="128.713552"/><trkpt lat="35.482581" lon="128.713586"/><trkpt lat="35.482419" lon="128.713668"/><trkpt lat="35.48238" lon="128.713684"/><trkpt lat="35.482342" lon="128.713696"/><trkpt lat="35.481914" lon="128.713797"/><trkpt lat="35.481837" lon="128.713818"/><trkpt lat="35.481774" lon="128.713843"/><trkpt lat="35.481199" lon="128.714097"/><trkpt lat="35.481149" lon="128.714115"/><trkpt lat="35.481109" lon="128.714122"/><trkpt lat="35.48103" lon="128.714131"/><trkpt lat="35.480644" lon="128.714167"/><trkpt lat="35.480605" lon="128.714175"/><trkpt lat="35.480567" lon="128.714189"/><trkpt lat="35.480442" lon="128.714247"/><trkpt lat="35.480404" lon="128.714261"/><trkpt lat="35.480365" lon="128.714269"/><trkpt lat="35.480285" lon="128.714277"/><trkpt lat="35.479963" lon="128.714303"/><trkpt lat="35.479911" lon="128.714311"/><trkpt lat="35.479781" lon="128.714344"/><trkpt lat="35.479614" lon="128.714388"/><trkpt lat="35.479576" lon="128.714393"/><trkpt lat="35.479542" lon="128.714386"/><trkpt lat="35.479482" lon="128.714346"/><trkpt lat="35.479449" lon="128.714329"/><trkpt lat="35.479411" lon="128.714319"/><trkpt lat="35.479345" lon="128.714311"/><trkpt lat="35.479279" lon="128.714306"/><trkpt lat="35.479239" lon="128.714308"/><trkpt lat="35.479186" lon="128.714315"/><trkpt lat="35.479015" lon="128.714349"/><trkpt lat="35.478963" lon="128.714363"/><trkpt lat="35.478915" lon="128.714386"/><trkpt lat="35.478736" lon="128.714488"/><trkpt lat="35.478675" lon="128.714518"/><trkpt lat="35.478639" lon="128.714531"/><trkpt lat="35.478581" lon="128.714545"/><trkpt lat="35.47855" lon="128.714559"/><trkpt lat="35.478521" lon="128.714587"/><trkpt lat="35.478487" lon="128.714635"/><trkpt lat="35.478237" lon="128.715033"/><trkpt lat="35.478178" lon="128.715122"/><trkpt lat="35.477608" lon="128.715867"/><trkpt lat="35.477433" lon="128.716095"/><trkpt lat="35.477399" lon="128.716146"/><trkpt lat="35.47735" lon="128.71624"/><trkpt lat="35.477321" lon="128.716292"/><trkpt lat="35.477294" lon="128.716325"/><trkpt lat="35.477254" lon="128.716363"/><trkpt lat="35.477171" lon="128.716436"/><trkpt lat="35.477142" lon="128.716468"/><trkpt lat="35.477116" lon="128.716504"/><trkpt lat="35.476879" lon="128.716882"/></trkseg>
<trkseg><trkpt lat="35.476879" lon="128.716882"/><trkpt lat="35.477092" lon="128.717371"/><trkpt lat="35.477115" lon="128.717429"/><trkpt lat="35.477132" lon="128.717489"/><trkpt lat="35.477201" lon="128.717765"/><trkpt lat="35.477218" lon="128.717825"/><trkpt lat="35.477236" lon="128.717867"/><trkpt lat="35.477259" lon="128.717906"/><trkpt lat="35.47732" lon="128.717993"/><trkpt lat="35.477357" lon="128.71804"/><trkpt lat="35.477388" lon="128.718071"/><trkpt lat="35.477456" lon="128.718124"/><trkpt lat="35.478064" lon="128.718585"/><trkpt lat="35.478109" lon="128.718622"/><trkpt lat="35.47814" lon="128.718652"/><trkpt lat="35.478166" lon="128.718688"/><trkpt lat="35.478211" lon="128.718767"/><trkpt lat="35.478424" lon="128.719157"/><trkpt lat="35.478448" lon="128.719195"/><trkpt lat="35.478477" lon="128.719228"/><trkpt lat="35.47853" lon="128.719279"/><trkpt lat="35.478721" lon="128.71946"/><trkpt lat="35.478751" lon="128.719493"/><trkpt lat="35.478774" lon="128.71953"/><trkpt lat="35.478813" lon="128.719612"/><trkpt lat="35.478834" lon="128.719651"/><trkpt lat="35.478859" lon="128.719685"/><trkpt lat="35.47889" lon="128.719712"/><trkpt lat="35.478943" lon="128.719755"/><trkpt lat="35.478968" lon="128.719787"/><trkpt lat="35.478985" lon="128.719827"/><trkpt lat="35.479012" lon="128.719913"/><trkpt lat="35.479028" lon="128.719954"/><trkpt lat="35.47905" lon="128.719991"/><trkpt lat="35.479088" lon="128.720036"/><trkpt lat="35.479319" lon="128.720277"/><trkpt lat="35.479373" lon="128.720324"/><trkpt lat="35.479743" lon="128.720616"/><trkpt lat="35.479812" lon="128.720668"/><trkpt lat="35.479847" lon="128.72069"/><trkpt lat="35.479896" lon="128.720715"/><trkpt lat="35.479934" lon="128.720728"/><trkpt lat="35.479973" lon="128.720733"/><trkpt lat="35.480026" lon="128.720729"/><trkpt lat="35.48012" lon="128.720718"/><trkpt lat="35.48016" lon="128.72072"/><trkpt lat="35.480252" lon="128.720736"/><trkpt lat="35.481006" lon="128.720887"/><trkpt lat="35.481086" lon="128.7209"/><trkpt lat="35.481125" lon="128.720902"/><trkpt lat="35.48119" lon="128.720898"/><trkpt lat="35.481241" lon="128.720897"/><trkpt lat="35.481278" lon="128.720904"/><trkpt lat="35.481315" lon="128.720917"/><trkpt lat="35.481437" lon="128.720969"/><trkpt lat="35.481474" lon="128.720981"/><trkpt lat="35.481512" lon="128.720988"/><trkpt lat="35.481578" lon="128.720989"/><trkpt lat="35.481709" lon="128.720987"/><trkpt lat="35.481748" lon="128.720992"/><trkpt lat="35.481784" lon="128.721008"/><trkpt lat="35.481818" lon="128.721032"/><trkpt lat="35.482039" lon="128.721218"/><trkpt lat="35.482095" lon="128.721262"/><trkpt lat="35.482131" lon="128.721281"/><trkpt lat="35.482169" lon="128.721289"/><trkpt lat="35.482249" lon="128.72129"/><trkpt lat="35.482477" lon="128.721285"/><trkpt lat="35.482544" lon="128.72129"/><trkpt lat="35.4829" lon="128.721342"/><trkpt lat="35.482979" lon="128.721355"/><trkpt lat="35.483017" lon="128.721365"/><trkpt lat="35.483055" lon="128.721381"/><trkpt lat="35.483238" lon="128.721484"/><trkpt lat="35.483324" lon="128.721531"/><trkpt lat="35.483361" lon="128.721547"/><trkpt lat="35.483412" lon="128.72156"/><trkpt lat="35.48349" lon="128.721577"/><trkpt lat="35.483527" lon="128.72159"/><trkpt lat="35.483574" lon="128.721616"/><trkpt lat="35.483642" lon="128.721662"/><trkpt lat="35.483675" lon="128.721686"/><trkpt lat="35.483705" lon="128.721716"/><trkpt lat="35.483732" lon="128.72175"/><trkpt lat="35.4838" lon="128.721847"/><trkpt lat="35.483827" lon="128.72188"/><trkpt lat="35.483859" lon="128.721908"/><trkpt lat="35.483905" lon="128.721938"/><trkpt lat="35.483989" lon="128.721986"/><trkpt lat="35.484038" lon="128.722011"/><trkpt lat="35.484074" lon="128.722023"/><trkpt lat="35.484111" lon="128.722024"/><trkpt lat="35.484147" lon="128.722014"/><trkpt lat="35.484256" lon="128.721972"/><trkpt lat="35.484294" lon="128.721962"/><trkpt lat="35.484333" lon="128.721957"/><trkpt lat="35.484719" lon="128.721931"/><trkpt lat="35.484893" lon="128.721921"/><trkpt lat="35.484945" lon="128.721914"/><trkpt lat="35.484979" lon="128.721899"/><trkpt lat="35.485002" lon="128.721869"/><trkpt lat="35.485019" lon="128.721828"/><trkpt lat="35.48503" lon="128.721783"/><trkpt lat="35.485034" lon="128.721735"/><trkpt lat="35.485038" lon="128.721657"/><trkpt lat="35.485047" lon="128.721618"/><trkpt lat="35.485069" lon="128.721598"/><trkpt lat="35.485101" lon="128.721593"/><trkpt lat="35.485136" lon="128.721598"/><trkpt lat="35.485169" lon="128.721618"/><trkpt lat="35.48522" lon="128.721663"/><trkpt lat="35.48525" lon="128.72168"/><trkpt lat="35.485283" lon="128.721674"/><trkpt lat="35.485317" lon="128.721656"/><trkpt lat="35.485421" lon="128.721585"/><trkpt lat="35.485491" lon="128.72154"/><trkpt lat="35.485528" lon="128.721523"/><trkpt lat="35.485579" lon="128.721504"/><trkpt lat="35.485785" lon="128.721435"/></trkseg>
<trkseg><trkpt lat="35.463359" lon="128.74596"/><trkpt lat="35.463409" lon="128.746197"/><trkpt lat="35.463423" lon="128.746242"/><trkpt lat="35.463442" lon="128.746285"/><trkpt lat="35.463478" lon="128.746354"/><trkpt lat="35.463584" lon="128.746546"/><trkpt lat="35.463609" lon="128.746584"/><trkpt lat="35.463637" lon="128.746618"/><trkpt lat="35.4637" lon="128.746682"/><trkpt lat="35.463753" lon="128.746731"/><trkpt lat="35.463787" lon="128.746756"/><trkpt lat="35.463836" lon="128.746782"/><trkpt lat="35.464034" lon="128.746872"/><trkpt lat="35.464083" lon="128.746896"/><trkpt lat="35.464117" lon="128.746919"/><trkpt lat="35.464146" lon="128.746948"/><trkpt lat="35.464226" lon="128.747051"/><trkpt lat="35.464261" lon="128.747095"/><trkpt lat="35.464291" lon="128.747125"/><trkpt lat="35.464323" lon="128.747151"/><trkpt lat="35.46446" lon="128.747244"/><trkpt lat="35.464504" lon="128.747277"/><trkpt lat="35.464535" lon="128.747306"/><trkpt lat="35.46462" lon="128.747405"/><trkpt lat="35.464659" lon="128.747447"/><trkpt lat="35.464691" lon="128.747472"/><trkpt lat="35.464727" lon="128.747489"/><trkpt lat="35.464965" lon="128.747577"/><trkpt lat="35.465041" lon="128.747601"/><trkpt lat="35.465107" lon="128.747612"/><trkpt lat="35.465225" lon="128.747627"/><trkpt lat="35.465263" lon="128.747636"/><trkpt lat="35.465301" lon="128.74765"/><trkpt lat="35.465363" lon="128.747681"/><trkpt lat="35.465611" lon="128.747809"/><trkpt lat="35.465647" lon="128.74783"/><trkpt lat="35.465679" lon="128.747857"/><trkpt lat="35.465707" lon="128.74789"/><trkpt lat="35.465837" lon="128.748075"/><trkpt lat="35.465984" lon="128.748286"/><trkpt lat="35.466007" lon="128.748325"/><trkpt lat="35.466027" lon="128.748367"/><trkpt lat="35.466043" lon="128.74841"/><trkpt lat="35.466055" lon="128.748455"/><trkpt lat="35.466062" lon="128.748503"/><trkpt lat="35.466084" lon="128.748781"/><trkpt lat="35.466109" lon="128.749108"/><trkpt lat="35.466109" lon="128.749157"/><trkpt lat="35.466105" lon="128.749221"/><trkpt lat="35.466065" lon="128.749538"/><trkpt lat="35.466054" lon="128.749601"/><trkpt lat="35.466033" lon="128.74968"/><trkpt lat="35.465982" lon="128.749852"/><trkpt lat="35.46597" lon="128.749898"/><trkpt lat="35.465965" lon="128.74994"/><trkpt lat="35.465977" lon="128.749969"/><trkpt lat="35.466005" lon="128.749981"/><trkpt lat="35.466042" lon="128.749979"/><trkpt lat="35.466175" lon="128.749954"/><trkpt lat="35.466319" lon="128.749925"/><trkpt lat="35.466357" lon="128.749913"/><trkpt lat="35.466392" lon="128.749894"/><trkpt lat="35.466441" lon="128.749847"/><trkpt lat="35.466469" lon="128.749823"/><trkpt lat="35.466497" lon="128.749818"/><trkpt lat="35.466526" lon="128.749837"/><trkpt lat="35.466565" lon="128.749879"/><trkpt lat="35.466635" lon="128.749956"/><trkpt lat="35.466667" lon="128.749985"/><trkpt lat="35.466701" lon="128.750008"/><trkpt lat="35.466808" lon="128.750071"/><trkpt lat="35.466856" lon="128.750094"/><trkpt lat="35.466894" lon="128.750105"/><trkpt lat="35.466934" lon="128.750107"/><trkpt lat="35.467122" lon="128.750096"/><trkpt lat="35.467526" lon="128.75007"/><trkpt lat="35.467566" lon="128.750071"/><trkpt lat="35.467605" lon="128.750077"/><trkpt lat="35.467682" lon="128.750101"/><trkpt lat="35.467732" lon="128.750121"/><trkpt lat="35.467768" lon="128.750139"/><trkpt lat="35.467813" lon="128.75017"/><trkpt lat="35.4679" lon="128.750236"/><trkpt lat="35.467942" lon="128.750272"/><trkpt lat="35.467993" lon="128.750326"/><trkpt lat="35.468285" lon="128.750669"/><trkpt lat="35.468325" lon="128.750713"/><trkpt lat="35.468357" lon="128.750741"/><trkpt lat="35.468391" lon="128.750762"/><trkpt lat="35.468449" lon="128.750792"/><trkpt lat="35.468481" lon="128.750817"/><trkpt lat="35.46851" lon="128.75085"/><trkpt lat="35.46858" lon="128.750949"/><trkpt lat="35.46863" lon="128.751026"/><trkpt lat="35.468652" lon="128.751067"/><trkpt lat="35.468676" lon="128.751126"/><trkpt lat="35.468814" lon="128.751483"/><trkpt lat="35.46884" lon="128.751541"/><trkpt lat="35.468863" lon="128.75158"/><trkpt lat="35.468906" lon="128.75164"/><trkpt lat="35.469103" lon="128.7519"/><trkpt lat="35.469141" lon="128.751944"/><trkpt lat="35.469173" lon="128.751969"/><trkpt lat="35.46921" lon="128.751984"/><trkpt lat="35.46941" lon="128.751954"/><trkpt lat="35.469476" lon="128.751969"/><trkpt lat="35.469515" lon="128.751971"/><trkpt lat="35.469553" lon="128.751963"/><trkpt lat="35.469603" lon="128.751943"/><trkpt lat="35.46988" lon="128.75182"/><trkpt lat="35.46993" lon="128.751801"/><trkpt lat="35.469967" lon="128.751796"/><trkpt lat="35.470003" lon="128.751805"/><trkpt lat="35.470039" lon="128.751822"/><trkpt lat="35.470193" lon="128.751911"/><trkpt lat="35.470241" lon="128.751935"/><trkpt lat="35.470277" lon="128.751946"/><trkpt lat="35.470311" lon="128.751948"/><trkpt lat="35.470345" lon="128.751944"/><trkpt lat="35.470384" lon="128.751931"/><trkpt lat="35.470496" lon="128.751882"/><trkpt lat="35.470534" lon="128.751869"/><trkpt lat="35.470573" lon="128.751862"/><trkpt lat="35.470677" lon="128.751864"/><trkpt lat="35.470716" lon="128.751862"/><trkpt lat="35.470754" lon="128.751855"/><trkpt lat="35.470791" lon="128.751838"/><trkpt lat="35.471056" lon="128.751681"/><trkpt lat="35.471104" lon="128.751655"/><trkpt lat="35.471141" lon="128.751641"/><trkpt lat="35.471178" lon="128.75164"/><trkpt lat="35.471215" lon="128.751649"/><trkpt lat="35.471379" lon="128.751712"/><trkpt lat="35.471467" lon="128.751743"/><trkpt lat="35.471506" lon="128.751753"/><trkpt lat="35.471814" lon="128.751801"/><trkpt lat="35.472002" lon="128.751829"/><trkpt lat="35.47204" lon="128.75184"/><trkpt lat="35.472073" lon="128.751859"/><trkpt lat="35.4721" lon="128.75189"/><trkpt lat="35.472133" lon="128.751938"/><trkpt lat="35.472229" lon="128.752086"/><trkpt lat="35.472256" lon="128.752121"/><trkpt lat="35.47255" lon="128.752427"/><trkpt lat="35.472703" lon="128.752585"/><trkpt lat="35.47273" lon="128.752619"/><trkpt lat="35.472752" lon="128.752658"/><trkpt lat="35.472766" lon="128.752701"/><trkpt lat="35.472772" lon="128.752748"/><trkpt lat="35.472771" lon="128.752796"/><trkpt lat="35.472742" lon="128.753184"/><trkpt lat="35.472735" lon="128.753297"/><trkpt lat="35.472737" lon="128.753345"/><trkpt lat="35.472745" lon="128.753392"/><trkpt lat="35.472799" lon="128.753595"/><trkpt lat="35.472827" lon="128.753705"/><trkpt lat="35.472835" lon="128.753753"/><trkpt lat="35.472839" lon="128.753818"/><trkpt lat="35.472856" lon="128.754412"/><trkpt lat="35.47287" lon="128.754957"/><trkpt lat="35.472869" lon="128.755006"/><trkpt lat="35.472865" lon="128.755053"/><trkpt lat="35.472844" lon="128.755209"/><trkpt lat="35.472842" lon="128.755255"/><trkpt lat="35.472848" lon="128.755301"/><trkpt lat="35.472867" lon="128.755361"/><trkpt lat="35.473013" lon="128.755763"/><trkpt lat="35.473033" lon="128.755823"/><trkpt lat="35.473044" lon="128.75587"/><trkpt lat="35.47305" lon="128.755919"/><trkpt lat="35.473053" lon="128.755968"/><trkpt lat="35.473051" lon="128.756016"/><trkpt lat="35.473041" lon="128.756061"/><trkpt lat="35.473023" lon="128.756104"/><trkpt lat="35.472933" lon="128.756287"/><trkpt lat="35.472897" lon="128.756356"/><trkpt lat="35.472872" lon="128.756392"/><trkpt lat="35.472843" lon="128.756421"/><trkpt lat="35.472779" lon="128.75647"/><trkpt lat="35.472748" lon="128.756496"/><trkpt lat="35.472718" lon="128.756527"/><trkpt lat="35.47269" lon="128.756563"/><trkpt lat="35.472567" lon="128.756738"/><trkpt lat="35.472512" lon="128.75681"/><trkpt lat="35.472481" lon="128.75684"/><trkpt lat="35.472448" lon="128.756864"/><trkpt lat="35.47233" lon="128.756934"/><trkpt lat="35.472272" lon="128.75697"/><trkpt lat="35.472239" lon="128.756997"/><trkpt lat="35.47221" lon="128.757028"/><trkpt lat="35.472011" lon="128.757264"/><trkpt lat="35.471974" lon="128.75731"/><trkpt lat="35.471949" lon="128.757347"/><trkpt lat="35.471929" lon="128.757389"/><trkpt lat="35.471836" lon="128.757644"/><trkpt lat="35.471629" lon="128.758216"/><trkpt lat="35.471611" lon="128.758259"/><trkpt lat="35.471588" lon="128.758296"/><trkpt lat="35.471556" lon="128.758323"/><trkpt lat="35.471483" lon="128.758365"/><trkpt lat="35.47145" lon="128.758385"/><trkpt lat="35.471434" lon="128.758406"/><trkpt lat="35.471445" lon="128.758428"/><trkpt lat="35.471472" lon="128.758447"/><trkpt lat="35.471507" lon="128.758455"/><trkpt lat="35.471547" lon="128.758453"/><trkpt lat="35.471667" lon="128.758435"/><trkpt lat="35.471712" lon="128.758432"/><trkpt lat="35.471759" lon="128.758439"/><trkpt lat="35.471786" lon="128.758456"/><trkpt lat="35.471791" lon="128.758464"/></trkseg>
<trkseg><trkpt lat="35.470706" lon="128.715145"/><trkpt lat="35.470984" lon="128.716135"/><trkpt lat="35.471" lon="128.716197"/><trkpt lat="35.471007" lon="128.716243"/><trkpt lat="35.471002" lon="128.716288"/><trkpt lat="35.470989" lon="128.716333"/><trkpt lat="35.470937" lon="128.716465"/><trkpt lat="35.470916" lon="128.716522"/><trkpt lat="35.470909" lon="128.716563"/><trkpt lat="35.470919" lon="128.716597"/><trkpt lat="35.470946" lon="128.716638"/><trkpt lat="35.470961" lon="128.716677"/><trkpt lat="35.470968" lon="128.716722"/><trkpt lat="35.470976" lon="128.716833"/><trkpt lat="35.470989" lon="128.717057"/><trkpt lat="35.470994" lon="128.717104"/><trkpt lat="35.471002" lon="128.71715"/><trkpt lat="35.47103" lon="128.717255"/><trkpt lat="35.471048" lon="128.717312"/><trkpt lat="35.471066" lon="128.717347"/><trkpt lat="35.471095" lon="128.717366"/><trkpt lat="35.471132" lon="128.717372"/><trkpt lat="35.471349" lon="128.717371"/><trkpt lat="35.471443" lon="128.717372"/><trkpt lat="35.471482" lon="128.717377"/><trkpt lat="35.471519" lon="128.717392"/><trkpt lat="35.471554" lon="128.717414"/><trkpt lat="35.47176" lon="128.71757"/><trkpt lat="35.471803" lon="128.717607"/><trkpt lat="35.471832" lon="128.717638"/><trkpt lat="35.471885" lon="128.717708"/><trkpt lat="35.471943" lon="128.717793"/><trkpt lat="35.471965" lon="128.717831"/><trkpt lat="35.471982" lon="128.717874"/><trkpt lat="35.471995" lon="128.71792"/><trkpt lat="35.472099" lon="128.718378"/><trkpt lat="35.472119" lon="128.718473"/><trkpt lat="35.472137" lon="128.718585"/><trkpt lat="35.472274" lon="128.719485"/><trkpt lat="35.472282" lon="128.719549"/><trkpt lat="35.47229" lon="128.719664"/><trkpt lat="35.472315" lon="128.720206"/><trkpt lat="35.472315" lon="128.720255"/><trkpt lat="35.472311" lon="128.720303"/><trkpt lat="35.472302" lon="128.720351"/><trkpt lat="35.472221" lon="128.720666"/><trkpt lat="35.472169" lon="128.720871"/><trkpt lat="35.47216" lon="128.720918"/><trkpt lat="35.47216" lon="128.720965"/><trkpt lat="35.47217" lon="128.721009"/><trkpt lat="35.472205" lon="128.721113"/><trkpt lat="35.472223" lon="128.721173"/><trkpt lat="35.472232" lon="128.721219"/><trkpt lat="35.472234" lon="128.721267"/><trkpt lat="35.472232" lon="128.721314"/><trkpt lat="35.472226" lon="128.721361"/><trkpt lat="35.472212" lon="128.721402"/><trkpt lat="35.472191" lon="128.72144"/><trkpt lat="35.472136" lon="128.721527"/><trkpt lat="35.472116" lon="128.721565"/><trkpt lat="35.472104" lon="128.721606"/><trkpt lat="35.472103" lon="128.721652"/><trkpt lat="35.472113" lon="128.721778"/><trkpt lat="35.472116" lon="128.721826"/><trkpt lat="35.472113" lon="128.721873"/><trkpt lat="35.472104" lon="128.72192"/><trkpt lat="35.472023" lon="128.722215"/><trkpt lat="35.471986" lon="128.722355"/><trkpt lat="35.471977" lon="128.722402"/><trkpt lat="35.47197" lon="128.722464"/><trkpt lat="35.47196" lon="128.722589"/><trkpt lat="35.471956" lon="128.722666"/><trkpt lat="35.471958" lon="128.722714"/><trkpt lat="35.471967" lon="128.722793"/><trkpt lat="35.472" lon="128.723046"/><trkpt lat="35.472009" lon="128.723092"/><trkpt lat="35.472023" lon="128.723137"/><trkpt lat="35.472049" lon="128.723194"/><trkpt lat="35.47219" lon="128.723475"/><trkpt lat="35.472215" lon="128.723514"/><trkpt lat="35.472244" lon="128.723547"/><trkpt lat="35.472479" lon="128.723766"/><trkpt lat="35.47264" lon="128.723914"/><trkpt lat="35.472669" lon="128.723946"/><trkpt lat="35.47269" lon="128.723984"/><trkpt lat="35.472701" lon="128.724029"/><trkpt lat="35.472713" lon="128.724108"/><trkpt lat="35.472775" lon="128.724609"/><trkpt lat="35.472782" lon="128.724674"/><trkpt lat="35.472782" lon="128.724722"/><trkpt lat="35.472777" lon="128.724786"/><trkpt lat="35.472726" lon="128.725153"/></trkseg>
<trkseg><trkpt lat="35.460967" lon="128.727672"/><trkpt lat="35.460975" lon="128.727437"/><trkpt lat="35.460947" lon="128.72735"/><trkpt lat="35.460932" lon="128.727307"/><trkpt lat="35.460896" lon="128.727226"/><trkpt lat="35.460856" lon="128.727146"/><trkpt lat="35.460834" lon="128.727107"/><trkpt lat="35.460774" lon="128.727018"/><trkpt lat="35.460329" lon="128.726378"/><trkpt lat="35.460297" lon="128.726325"/><trkpt lat="35.46027" lon="128.726269"/><trkpt lat="35.460156" lon="128.726012"/><trkpt lat="35.460091" lon="128.725868"/><trkpt lat="35.460076" lon="128.725826"/><trkpt lat="35.460074" lon="128.725789"/><trkpt lat="35.460094" lon="128.725763"/><trkpt lat="35.460125" lon="128.725744"/><trkpt lat="35.46016" lon="128.725738"/><trkpt lat="35.460194" lon="128.725752"/><trkpt lat="35.460228" lon="128.725776"/><trkpt lat="35.460363" lon="128.725895"/><trkpt lat="35.460445" lon="128.725968"/></trkseg>
<trkseg><trkpt lat="35.460839" lon="128.729044"/><trkpt lat="35.460825" lon="128.728965"/><trkpt lat="35.460819" lon="128.728904"/><trkpt lat="35.460822" lon="128.728855"/><trkpt lat="35.460834" lon="128.72881"/><trkpt lat="35.460955" lon="128.728478"/><trkpt lat="35.460982" lon="128.728402"/><trkpt lat="35.460995" lon="128.728356"/><trkpt lat="35.461" lon="128.728309"/><trkpt lat="35.461" lon="128.72826"/><trkpt lat="35.460967" lon="128.727672"/></trkseg>
<trkseg><trkpt lat="35.461534" lon="128.729556"/><trkpt lat="35.461487" lon="128.729579"/><trkpt lat="35.461444" lon="128.729585"/><trkpt lat="35.461394" lon="128.72958"/><trkpt lat="35.461314" lon="128.729555"/><trkpt lat="35.461264" lon="128.729536"/><trkpt lat="35.46123" lon="128.729517"/><trkpt lat="35.461209" lon="128.729488"/><trkpt lat="35.461202" lon="128.729447"/><trkpt lat="35.4612" lon="128.729401"/><trkpt lat="35.4612" lon="128.729306"/><trkpt lat="35.461196" lon="128.729262"/><trkpt lat="35.46118" lon="128.729227"/><trkpt lat="35.461151" lon="128.729201"/><trkpt lat="35.46108" lon="128.729159"/><trkpt lat="35.461047" lon="128.729134"/><trkpt lat="35.461006" lon="128.729094"/><trkpt lat="35.460839" lon="128.729044"/></trkseg>
<trkseg><trkpt lat="35.444855" lon="128.718341"/><trkpt lat="35.444959" lon="128.718234"/><trkpt lat="35.445001" lon="128.718194"/><trkpt lat="35.445034" lon="128.718169"/><trkpt lat="35.44507" lon="128.718155"/><trkpt lat="35.445109" lon="128.718149"/><trkpt lat="35.445269" lon="128.71814"/><trkpt lat="35.445322" lon="128.718132"/><trkpt lat="35.445372" lon="128.718116"/><trkpt lat="35.445433" lon="128.718091"/><trkpt lat="35.445469" lon="128.718073"/><trkpt lat="35.4455" lon="128.718049"/><trkpt lat="35.445525" lon="128.718014"/><trkpt lat="35.445547" lon="128.717974"/><trkpt lat="35.445679" lon="128.717688"/><trkpt lat="35.445707" lon="128.717633"/><trkpt lat="35.445731" lon="128.717596"/><trkpt lat="35.445769" lon="128.717553"/><trkpt lat="35.445901" lon="128.717421"/><trkpt lat="35.44593" lon="128.717389"/><trkpt lat="35.445954" lon="128.717354"/><trkpt lat="35.44597" lon="128.717313"/><trkpt lat="35.445986" lon="128.717253"/><trkpt lat="35.446011" lon="128.717147"/><trkpt lat="35.446025" lon="128.717104"/><trkpt lat="35.446045" lon="128.717067"/><trkpt lat="35.446073" lon="128.717037"/><trkpt lat="35.446126" lon="128.716992"/><trkpt lat="35.44629" lon="128.716861"/><trkpt lat="35.446322" lon="128.716833"/><trkpt lat="35.44636" lon="128.716792"/><trkpt lat="35.446444" lon="128.716694"/><trkpt lat="35.446479" lon="128.716649"/><trkpt lat="35.4465" lon="128.716612"/><trkpt lat="35.446513" lon="128.716568"/><trkpt lat="35.446527" lon="128.716488"/><trkpt lat="35.446569" lon="128.716196"/><trkpt lat="35.446575" lon="128.716132"/><trkpt lat="35.446576" lon="128.716083"/><trkpt lat="35.446571" lon="128.716018"/><trkpt lat="35.44652" lon="128.715527"/><trkpt lat="35.446514" lon="128.715463"/><trkpt lat="35.446515" lon="128.715416"/><trkpt lat="35.446527" lon="128.715374"/><trkpt lat="35.446548" lon="128.715335"/><trkpt lat="35.44658" lon="128.715286"/><trkpt lat="35.446607" lon="128.715252"/><trkpt lat="35.446638" lon="128.715223"/><trkpt lat="35.446672" lon="128.715197"/><trkpt lat="35.447022" lon="128.714957"/><trkpt lat="35.447186" lon="128.714845"/><trkpt lat="35.447217" lon="128.714818"/><trkpt lat="35.447239" lon="128.714784"/><trkpt lat="35.447251" lon="128.71474"/><trkpt lat="35.44726" lon="128.714677"/><trkpt lat="35.447336" lon="128.714051"/><trkpt lat="35.447344" lon="128.714003"/><trkpt lat="35.447356" lon="128.713958"/><trkpt lat="35.447373" lon="128.713917"/><trkpt lat="35.44742" lon="128.713823"/><trkpt lat="35.447465" lon="128.713745"/><trkpt lat="35.44764" lon="128.713496"/><trkpt lat="35.447911" lon="128.71311"/><trkpt lat="35.447956" lon="128.713049"/><trkpt lat="35.447985" lon="128.713018"/><trkpt lat="35.448019" lon="128.712998"/><trkpt lat="35.448057" lon="128.712986"/><trkpt lat="35.448271" lon="128.712947"/><trkpt lat="35.448352" lon="128.712935"/><trkpt lat="35.448392" lon="128.712934"/><trkpt lat="35.448458" lon="128.71294"/><trkpt lat="35.448496" lon="128.712941"/><trkpt lat="35.44853" lon="128.712934"/><trkpt lat="35.448554" lon="128.712911"/><trkpt lat="35.448564" lon="128.71288"/><trkpt lat="35.448554" lon="128.712844"/><trkpt lat="35.448533" lon="128.712808"/><trkpt lat="35.448505" lon="128.712777"/><trkpt lat="35.44847" lon="128.712753"/><trkpt lat="35.448419" lon="128.712729"/><trkpt lat="35.448002" lon="128.712548"/><trkpt lat="35.447825" lon="128.712471"/><trkpt lat="35.447788" lon="128.71246"/><trkpt lat="35.447751" lon="128.712461"/><trkpt lat="35.447715" lon="128.712477"/><trkpt lat="35.447669" lon="128.712508"/><trkpt lat="35.447588" lon="128.712568"/><trkpt lat="35.447555" lon="128.712595"/><trkpt lat="35.447526" lon="128.712628"/><trkpt lat="35.447504" lon="128.712667"/><trkpt lat="35.447387" lon="128.712924"/><trkpt lat="35.447353" lon="128.712993"/><trkpt lat="35.44733" lon="128.713032"/><trkpt lat="35.447301" lon="128.713065"/><trkpt lat="35.447249" lon="128.713115"/><trkpt lat="35.44669" lon="128.713619"/><trkpt lat="35.44654" lon="128.713756"/><trkpt lat="35.446507" lon="128.713781"/><trkpt lat="35.446471" lon="128.713799"/><trkpt lat="35.446433" lon="128.713806"/><trkpt lat="35.446367" lon="128.71381"/><trkpt lat="35.44622" lon="128.713816"/><trkpt lat="35.446183" lon="128.713824"/><trkpt lat="35.446151" lon="128.713843"/><trkpt lat="35.446127" lon="128.713876"/><trkpt lat="35.446073" lon="128.713986"/><trkpt lat="35.446044" lon="128.714041"/><trkpt lat="35.446018" lon="128.714076"/><trkpt lat="35.445987" lon="128.714106"/><trkpt lat="35.445954" lon="128.714131"/><trkpt lat="35.445918" lon="128.714149"/><trkpt lat="35.445882" lon="128.714157"/><trkpt lat="35.445845" lon="128.714158"/><trkpt lat="35.445808" lon="128.714154"/><trkpt lat="35.445771" lon="128.714141"/><trkpt lat="35.445734" lon="128.714121"/><trkpt lat="35.445675" lon="128.714081"/><trkpt lat="35.445643" lon="128.714054"/><trkpt lat="35.445621" lon="128.714019"/><trkpt lat="35.445605" lon="128.713979"/><trkpt lat="35.445592" lon="128.713937"/><trkpt lat="35.445583" lon="128.713893"/><trkpt lat="35.445579" lon="128.713847"/><trkpt lat="35.44558" lon="128.713754"/><trkpt lat="35.445583" lon="128.713693"/><trkpt lat="35.445591" lon="128.713648"/><trkpt lat="35.445606" lon="128.713604"/><trkpt lat="35.445648" lon="128.713521"/><trkpt lat="35.445987" lon="128.712873"/><trkpt lat="35.446042" lon="128.712761"/><trkpt lat="35.446066" lon="128.712702"/><trkpt lat="35.446138" lon="128.712507"/><trkpt lat="35.446158" lon="128.712446"/><trkpt lat="35.446179" lon="128.712351"/><trkpt lat="35.446384" lon="128.711277"/><trkpt lat="35.446424" lon="128.711069"/><trkpt lat="35.446436" lon="128.711023"/><trkpt lat="35.446455" lon="128.710981"/><trkpt lat="35.446479" lon="128.710942"/><trkpt lat="35.447171" lon="128.709956"/><trkpt lat="35.447231" lon="128.709867"/><trkpt lat="35.447286" lon="128.709774"/><trkpt lat="35.448091" lon="128.708346"/><trkpt lat="35.448131" lon="128.70828"/><trkpt lat="35.448158" lon="128.708245"/><trkpt lat="35.448189" lon="128.708214"/><trkpt lat="35.448374" lon="128.708056"/><trkpt lat="35.448689" lon="128.707785"/><trkpt lat="35.448772" lon="128.707702"/><trkpt lat="35.449787" lon="128.706649"/><trkpt lat="35.449829" lon="128.706609"/><trkpt lat="35.449862" lon="128.706583"/><trkpt lat="35.449933" lon="128.706539"/><trkpt lat="35.450335" lon="128.706295"/><trkpt lat="35.450381" lon="128.706263"/><trkpt lat="35.450458" lon="128.706197"/><trkpt lat="35.452004" lon="128.704823"/><trkpt lat="35.452157" lon="128.704687"/><trkpt lat="35.452186" lon="128.704655"/><trkpt lat="35.452209" lon="128.704617"/><trkpt lat="35.452233" lon="128.704559"/><trkpt lat="35.45243" lon="128.704001"/></trkseg>
<trkseg><trkpt lat="35.45243" lon="128.704001"/><trkpt lat="35.452713" lon="128.704394"/><trkpt lat="35.452745" lon="128.704445"/><trkpt lat="35.452764" lon="128.704488"/><trkpt lat="35.452788" lon="128.704564"/><trkpt lat="35.452993" lon="128.705299"/><trkpt lat="35.453017" lon="128.705376"/><trkpt lat="35.453034" lon="128.705421"/><trkpt lat="35.453056" lon="128.705461"/><trkpt lat="35.453099" lon="128.705524"/><trkpt lat="35.453187" lon="128.70565"/><trkpt lat="35.453209" lon="128.705691"/><trkpt lat="35.453225" lon="128.705731"/><trkpt lat="35.453236" lon="128.705773"/><trkpt lat="35.453243" lon="128.705815"/><trkpt lat="35.453244" lon="128.70586"/><trkpt lat="35.453235" lon="128.705922"/><trkpt lat="35.453217" lon="128.706029"/><trkpt lat="35.453213" lon="128.706074"/><trkpt lat="35.453218" lon="128.706117"/><trkpt lat="35.453235" lon="128.706158"/><trkpt lat="35.453272" lon="128.706224"/><trkpt lat="35.453405" lon="128.706446"/><trkpt lat="35.453433" lon="128.706501"/><trkpt lat="35.453458" lon="128.706558"/><trkpt lat="35.453551" lon="128.706792"/><trkpt lat="35.453573" lon="128.706851"/><trkpt lat="35.453585" lon="128.706897"/><trkpt lat="35.453598" lon="128.706961"/><trkpt lat="35.453738" lon="128.70775"/><trkpt lat="35.45375" lon="128.707797"/><trkpt lat="35.453766" lon="128.707838"/><trkpt lat="35.453805" lon="128.707932"/><trkpt lat="35.453818" lon="128.707975"/><trkpt lat="35.453828" lon="128.708037"/><trkpt lat="35.453861" lon="128.708356"/><trkpt lat="35.453867" lon="128.708436"/><trkpt lat="35.453867" lon="128.708483"/><trkpt lat="35.453863" lon="128.708546"/><trkpt lat="35.453853" lon="128.708687"/><trkpt lat="35.453855" lon="128.708732"/><trkpt lat="35.453868" lon="128.708774"/><trkpt lat="35.45389" lon="128.708813"/><trkpt lat="35.453974" lon="128.708938"/><trkpt lat="35.454126" lon="128.709164"/><trkpt lat="35.454162" lon="128.709211"/><trkpt lat="35.454191" lon="128.70924"/><trkpt lat="35.454227" lon="128.709259"/><trkpt lat="35.454291" lon="128.70928"/><trkpt lat="35.454328" lon="128.709297"/><trkpt lat="35.45436" lon="128.709322"/><trkpt lat="35.454389" lon="128.709353"/><trkpt lat="35.454417" lon="128.709387"/><trkpt lat="35.454442" lon="128.709423"/><trkpt lat="35.454461" lon="128.709466"/><trkpt lat="35.454487" lon="128.709541"/><trkpt lat="35.454587" lon="128.709848"/><trkpt lat="35.454599" lon="128.709895"/><trkpt lat="35.454627" lon="128.710034"/><trkpt lat="35.454676" lon="128.710284"/><trkpt lat="35.454688" lon="128.710328"/><trkpt lat="35.454706" lon="128.710371"/><trkpt lat="35.454749" lon="128.710453"/><trkpt lat="35.454902" lon="128.710737"/><trkpt lat="35.454922" lon="128.710778"/><trkpt lat="35.454937" lon="128.710823"/><trkpt lat="35.454953" lon="128.710884"/><trkpt lat="35.455016" lon="128.711167"/><trkpt lat="35.455036" lon="128.711244"/><trkpt lat="35.455053" lon="128.711287"/><trkpt lat="35.455075" lon="128.711328"/><trkpt lat="35.455189" lon="128.711513"/><trkpt lat="35.455418" lon="128.711881"/><trkpt lat="35.455448" lon="128.711935"/><trkpt lat="35.455464" lon="128.711979"/><trkpt lat="35.455472" lon="128.712025"/><trkpt lat="35.455479" lon="128.71209"/><trkpt lat="35.455496" lon="128.712284"/><trkpt lat="35.455505" lon="128.712348"/><trkpt lat="35.455519" lon="128.712411"/><trkpt lat="35.455656" lon="128.712925"/><trkpt lat="35.45567" lon="128.712988"/><trkpt lat="35.455676" lon="128.713033"/><trkpt lat="35.455673" lon="128.713074"/><trkpt lat="35.455662" lon="128.713111"/><trkpt lat="35.455638" lon="128.713144"/><trkpt lat="35.455598" lon="128.713183"/><trkpt lat="35.455574" lon="128.713216"/><trkpt lat="35.455561" lon="128.713258"/><trkpt lat="35.455554" lon="128.713305"/><trkpt lat="35.455538" lon="128.713518"/><trkpt lat="35.455502" lon="128.71401"/><trkpt lat="35.455495" lon="128.714074"/><trkpt lat="35.455483" lon="128.714118"/><trkpt lat="35.455462" lon="128.714156"/><trkpt lat="35.455408" lon="128.714225"/><trkpt lat="35.455384" lon="128.714263"/><trkpt lat="35.455359" lon="128.71432"/><trkpt lat="35.455249" lon="128.714615"/><trkpt lat="35.455223" lon="128.714689"/><trkpt lat="35.455214" lon="128.714735"/><trkpt lat="35.455213" lon="128.714782"/><trkpt lat="35.455222" lon="128.714879"/><trkpt lat="35.455264" lon="128.715236"/><trkpt lat="35.455269" lon="128.715301"/><trkpt lat="35.455269" lon="128.715349"/><trkpt lat="35.455264" lon="128.715475"/><trkpt lat="35.455266" lon="128.71552"/><trkpt lat="35.455277" lon="128.715564"/><trkpt lat="35.455296" lon="128.715606"/><trkpt lat="35.455387" lon="128.715768"/><trkpt lat="35.455409" lon="128.715809"/><trkpt lat="35.455426" lon="128.715853"/><trkpt lat="35.45544" lon="128.715899"/><trkpt lat="35.455516" lon="128.716233"/><trkpt lat="35.455536" lon="128.716329"/><trkpt lat="35.455541" lon="128.716377"/><trkpt lat="35.455539" lon="128.716437"/><trkpt lat="35.455533" lon="128.716513"/><trkpt lat="35.455526" lon="128.716558"/><trkpt lat="35.455513" lon="128.716601"/><trkpt lat="35.455488" lon="128.716655"/><trkpt lat="35.455443" lon="128.71675"/><trkpt lat="35.455428" lon="128.716793"/><trkpt lat="35.455415" lon="128.716856"/><trkpt lat="35.455322" lon="128.717433"/><trkpt lat="35.455307" lon="128.717512"/><trkpt lat="35.455294" lon="128.717558"/><trkpt lat="35.455273" lon="128.717619"/><trkpt lat="35.455149" lon="128.717949"/><trkpt lat="35.455134" lon="128.717994"/><trkpt lat="35.455124" lon="128.718041"/><trkpt lat="35.455121" lon="128.718088"/><trkpt lat="35.455121" lon="128.718315"/><trkpt lat="35.455122" lon="128.718573"/><trkpt lat="35.455127" lon="128.71862"/><trkpt lat="35.455138" lon="128.718664"/><trkpt lat="35.455167" lon="128.718751"/><trkpt lat="35.455185" lon="128.71881"/><trkpt lat="35.455193" lon="128.718856"/><trkpt lat="35.455196" lon="128.718904"/><trkpt lat="35.455196" lon="128.718953"/><trkpt lat="35.455192" lon="128.718999"/><trkpt lat="35.45518" lon="128.719042"/><trkpt lat="35.45516" lon="128.719082"/><trkpt lat="35.45511" lon="128.719172"/><trkpt lat="35.45509" lon="128.719213"/><trkpt lat="35.455068" lon="128.719273"/><trkpt lat="35.454901" lon="128.719773"/><trkpt lat="35.454868" lon="128.71988"/><trkpt lat="35.454857" lon="128.719927"/><trkpt lat="35.454845" lon="128.720007"/><trkpt lat="35.454821" lon="128.720167"/><trkpt lat="35.454811" lon="128.720213"/><trkpt lat="35.454796" lon="128.720257"/><trkpt lat="35.454777" lon="128.720299"/><trkpt lat="35.454662" lon="128.720515"/><trkpt lat="35.454631" lon="128.720567"/><trkpt lat="35.454596" lon="128.720616"/><trkpt lat="35.454403" lon="128.720862"/><trkpt lat="35.454367" lon="128.72091"/><trkpt lat="35.454343" lon="128.720949"/><trkpt lat="35.454322" lon="128.72099"/><trkpt lat="35.454244" lon="128.721162"/><trkpt lat="35.454215" lon="128.721217"/><trkpt lat="35.45419" lon="128.721255"/><trkpt lat="35.454118" lon="128.721349"/><trkpt lat="35.454053" lon="128.72143"/><trkpt lat="35.454024" lon="128.721461"/><trkpt lat="35.453972" lon="128.721509"/><trkpt lat="35.453847" lon="128.721619"/><trkpt lat="35.453818" lon="128.72165"/><trkpt lat="35.453792" lon="128.721685"/><trkpt lat="35.45373" lon="128.721786"/><trkpt lat="35.453697" lon="128.721834"/><trkpt lat="35.453669" lon="128.721864"/><trkpt lat="35.453634" lon="128.721885"/><trkpt lat="35.453557" lon="128.721914"/><trkpt lat="35.453509" lon="128.721934"/><trkpt lat="35.453483" lon="128.721957"/><trkpt lat="35.453477" lon="128.721985"/><trkpt lat="35.453487" lon="128.722014"/><trkpt lat="35.453511" lon="128.722039"/><trkpt lat="35.453544" lon="128.722061"/><trkpt lat="35.453593" lon="128.722087"/><trkpt lat="35.453781" lon="128.722177"/><trkpt lat="35.453818" lon="128.722192"/><trkpt lat="35.453857" lon="128.7222"/><trkpt lat="35.453935" lon="128.722207"/><trkpt lat="35.453973" lon="128.722214"/><trkpt lat="35.454009" lon="128.722231"/><trkpt lat="35.454042" lon="128.722255"/><trkpt lat="35.454141" lon="128.722336"/><trkpt lat="35.454175" lon="128.72236"/><trkpt lat="35.454211" lon="128.722375"/><trkpt lat="35.454261" lon="128.722386"/><trkpt lat="35.454442" lon="128.722413"/><trkpt lat="35.454493" lon="128.722418"/><trkpt lat="35.454532" lon="128.722416"/><trkpt lat="35.454623" lon="128.722403"/><trkpt lat="35.454778" lon="128.722377"/></trkseg>
<trkseg><trkpt lat="35.463359" lon="128.74596"/><trkpt lat="35.46399" lon="128.744757"/><trkpt lat="35.464021" lon="128.744704"/><trkpt lat="35.464047" lon="128.74467"/><trkpt lat="35.464079" lon="128.744649"/><trkpt lat="35.464116" lon="128.744639"/><trkpt lat="35.464208" lon="128.744625"/><trkpt lat="35.46426" lon="128.74462"/><trkpt lat="35.464299" lon="128.744621"/><trkpt lat="35.464335" lon="128.744634"/><trkpt lat="35.464369" lon="128.744656"/><trkpt lat="35.464524" lon="128.74478"/><trkpt lat="35.464723" lon="128.744938"/><trkpt lat="35.464769" lon="128.744969"/><trkpt lat="35.464818" lon="128.744995"/><trkpt lat="35.46503" lon="128.745098"/><trkpt lat="35.46508" lon="128.74512"/><trkpt lat="35.465118" lon="128.745132"/><trkpt lat="35.465244" lon="128.745159"/><trkpt lat="35.465308" lon="128.745169"/><trkpt lat="35.465347" lon="128.745171"/><trkpt lat="35.465414" lon="128.745167"/><trkpt lat="35.465833" lon="128.745131"/><trkpt lat="35.465872" lon="128.74513"/><trkpt lat="35.46591" lon="128.745137"/><trkpt lat="35.465944" lon="128.745157"/><trkpt lat="35.465976" lon="128.745183"/><trkpt lat="35.466133" lon="128.745332"/><trkpt lat="35.466175" lon="128.745369"/><trkpt lat="35.466209" lon="128.74539"/><trkpt lat="35.466246" lon="128.7454"/><trkpt lat="35.466285" lon="128.745403"/><trkpt lat="35.466511" lon="128.74541"/><trkpt lat="35.466577" lon="128.74541"/><trkpt lat="35.466616" lon="128.745405"/><trkpt lat="35.466668" lon="128.74539"/><trkpt lat="35.467146" lon="128.745227"/><trkpt lat="35.467197" lon="128.745211"/><trkpt lat="35.467237" lon="128.745203"/><trkpt lat="35.467277" lon="128.745199"/><trkpt lat="35.467945" lon="128.74517"/><trkpt lat="35.468038" lon="128.745164"/><trkpt lat="35.468323" lon="128.745172"/><trkpt lat="35.468402" lon="128.745156"/><trkpt lat="35.468441" lon="128.745144"/><trkpt lat="35.468682" lon="128.745047"/><trkpt lat="35.469276" lon="128.744804"/><trkpt lat="35.469326" lon="128.74478"/><trkpt lat="35.469373" lon="128.74475"/><trkpt lat="35.469795" lon="128.744438"/><trkpt lat="35.469853" lon="128.744398"/><trkpt lat="35.469889" lon="128.74438"/><trkpt lat="35.469927" lon="128.744373"/><trkpt lat="35.46998" lon="128.744372"/><trkpt lat="35.47002" lon="128.744375"/><trkpt lat="35.470059" lon="128.744383"/><trkpt lat="35.470097" lon="128.744399"/><trkpt lat="35.470365" lon="128.744576"/><trkpt lat="35.470452" lon="128.744617"/><trkpt lat="35.470491" lon="128.74463"/><trkpt lat="35.470556" lon="128.744642"/><trkpt lat="35.471274" lon="128.744736"/><trkpt lat="35.471513" lon="128.744768"/><trkpt lat="35.471551" lon="128.744777"/><trkpt lat="35.471587" lon="128.744794"/><trkpt lat="35.471626" lon="128.744821"/><trkpt lat="35.471707" lon="128.744888"/><trkpt lat="35.471709" lon="128.744889"/></trkseg>
<trkseg><trkpt lat="35.462039" lon="128.749059"/><trkpt lat="35.462094" lon="128.749017"/><trkpt lat="35.46214" lon="128.749006"/><trkpt lat="35.462173" lon="128.748979"/><trkpt lat="35.462201" lon="128.748945"/><trkpt lat="35.462223" lon="128.748906"/><trkpt lat="35.462261" lon="128.748821"/><trkpt lat="35.462297" lon="128.748735"/><trkpt lat="35.462311" lon="128.74869"/><trkpt lat="35.462319" lon="128.748643"/><trkpt lat="35.462332" lon="128.748499"/><trkpt lat="35.462339" lon="128.748452"/><trkpt lat="35.462352" lon="128.748409"/><trkpt lat="35.462377" lon="128.748355"/><trkpt lat="35.462419" lon="128.748277"/><trkpt lat="35.462449" lon="128.748228"/><trkpt lat="35.462488" lon="128.748182"/><trkpt lat="35.462776" lon="128.747884"/><trkpt lat="35.462837" lon="128.747819"/><trkpt lat="35.462866" lon="128.747785"/><trkpt lat="35.46289" lon="128.747746"/><trkpt lat="35.463022" lon="128.747567"/><trkpt lat="35.46305" lon="128.747511"/><trkpt lat="35.463067" lon="128.747467"/><trkpt lat="35.463079" lon="128.747422"/><trkpt lat="35.463113" lon="128.747265"/><trkpt lat="35.463123" lon="128.747203"/><trkpt lat="35.463124" lon="128.747158"/><trkpt lat="35.463114" lon="128.747114"/><trkpt lat="35.463091" lon="128.747058"/><trkpt lat="35.463056" lon="128.746974"/><trkpt lat="35.463043" lon="128.74693"/><trkpt lat="35.463039" lon="128.746885"/><trkpt lat="35.46304" lon="128.746792"/><trkpt lat="35.463046" lon="128.746698"/><trkpt lat="35.463052" lon="128.746653"/><trkpt lat="35.463065" lon="128.746606"/><trkpt lat="35.463092" lon="128.746531"/><trkpt lat="35.463245" lon="128.746127"/><trkpt lat="35.463264" lon="128.746084"/><trkpt lat="35.463291" lon="128.746041"/><trkpt lat="35.463336" lon="128.745986"/><trkpt lat="35.463359" lon="128.74596"/></trkseg>
<trkseg><trkpt lat="35.463359" lon="128.74596"/><trkpt lat="35.463421" lon="128.745632"/><trkpt lat="35.463427" lon="128.745585"/><trkpt lat="35.463427" lon="128.745536"/><trkpt lat="35.463409" lon="128.745244"/><trkpt lat="35.463388" lon="128.744919"/></trkseg>
<trkseg><trkpt lat="35.460675" lon="128.748774"/><trkpt lat="35.461044" lon="128.74864"/><trkpt lat="35.461093" lon="128.748619"/><trkpt lat="35.461125" lon="128.748598"/><trkpt lat="35.461145" lon="128.748567"/><trkpt lat="35.461164" lon="128.748516"/><trkpt lat="35.461184" lon="128.748482"/><trkpt lat="35.461214" lon="128.748455"/><trkpt lat="35.461249" lon="128.748438"/><trkpt lat="35.461284" lon="128.748436"/><trkpt lat="35.46132" lon="128.748451"/><trkpt lat="35.461378" lon="128.74849"/><trkpt lat="35.461681" lon="128.748701"/><trkpt lat="35.461867" lon="128.748829"/><trkpt lat="35.461899" lon="128.748857"/><trkpt lat="35.461926" lon="128.74889"/><trkpt lat="35.461969" lon="128.748951"/><trkpt lat="35.462039" lon="128.749059"/></trkseg>
<trkseg><trkpt lat="35.459586" lon="128.751246"/><trkpt lat="35.459866" lon="128.751235"/><trkpt lat="35.459905" lon="128.751231"/><trkpt lat="35.459943" lon="128.751221"/><trkpt lat="35.459978" lon="128.7512"/><trkpt lat="35.460021" lon="128.751164"/><trkpt lat="35.460524" lon="128.75071"/><trkpt lat="35.460568" lon="128.750673"/><trkpt lat="35.460614" lon="128.750642"/><trkpt lat="35.460946" lon="128.750437"/><trkpt lat="35.461015" lon="128.750391"/><trkpt lat="35.461047" lon="128.750363"/><trkpt lat="35.461075" lon="128.75033"/><trkpt lat="35.461191" lon="128.750176"/><trkpt lat="35.461241" lon="128.750102"/><trkpt lat="35.461271" lon="128.750047"/><trkpt lat="35.461346" lon="128.749891"/><trkpt lat="35.461369" lon="128.74985"/><trkpt lat="35.461394" lon="128.749812"/><trkpt lat="35.461608" lon="128.74956"/><trkpt lat="35.462039" lon="128.749059"/></trkseg>
<trkseg><trkpt lat="35.462039" lon="128.749059"/><trkpt lat="35.462104" lon="128.749302"/><trkpt lat="35.462119" lon="128.749345"/><trkpt lat="35.462139" lon="128.749383"/><trkpt lat="35.462193" lon="128.749444"/><trkpt lat="35.462219" lon="128.749476"/><trkpt lat="35.46224" lon="128.749515"/><trkpt lat="35.462263" lon="128.749572"/><trkpt lat="35.462332" lon="128.749763"/><trkpt lat="35.46235" lon="128.749822"/><trkpt lat="35.462357" lon="128.749868"/><trkpt lat="35.462357" lon="128.749915"/><trkpt lat="35.462352" lon="128.749979"/><trkpt lat="35.462327" lon="128.750219"/><trkpt lat="35.462325" lon="128.750266"/><trkpt lat="35.462328" lon="128.750309"/><trkpt lat="35.462346" lon="128.750343"/><trkpt lat="35.462376" lon="128.75037"/><trkpt lat="35.462423" lon="128.750402"/><trkpt lat="35.462529" lon="128.750474"/><trkpt lat="35.462561" lon="128.750501"/><trkpt lat="35.462586" lon="128.750537"/><trkpt lat="35.462604" lon="128.750578"/><trkpt lat="35.462636" lon="128.750668"/><trkpt lat="35.462661" lon="128.750743"/></trkseg>
<trkseg><trkpt lat="35.460967" lon="128.727672"/><trkpt lat="35.461206" lon="128.727592"/><trkpt lat="35.461242" lon="128.727592"/><trkpt lat="35.46127" lon="128.727599"/><trkpt lat="35.461279" lon="128.727624"/><trkpt lat="35.461273" lon="128.727661"/><trkpt lat="35.461161" lon="128.727868"/><trkpt lat="35.461153" lon="128.727913"/><trkpt lat="35.461152" lon="128.727959"/><trkpt lat="35.461162" lon="128.728021"/><trkpt lat="35.461309" lon="128.728203"/><trkpt lat="35.461337" lon="128.728237"/><trkpt lat="35.461388" lon="128.728287"/><trkpt lat="35.461592" lon="128.728426"/><trkpt lat="35.46162" lon="128.728458"/><trkpt lat="35.461638" lon="128.728496"/><trkpt lat="35.461644" lon="128.72854"/><trkpt lat="35.461647" lon="128.728636"/><trkpt lat="35.461646" lon="128.72886"/><trkpt lat="35.461642" lon="128.728909"/><trkpt lat="35.461553" lon="128.729297"/><trkpt lat="35.461535" lon="128.729427"/><trkpt lat="35.461532" lon="128.729475"/><trkpt lat="35.461534" lon="128.729556"/></trkseg>
<trkseg><trkpt lat="35.461534" lon="128.729556"/><trkpt lat="35.461563" lon="128.729878"/><trkpt lat="35.46157" lon="128.729926"/><trkpt lat="35.461582" lon="128.729972"/><trkpt lat="35.461603" lon="128.730032"/><trkpt lat="35.461841" lon="128.730367"/><trkpt lat="35.461871" lon="128.730397"/><trkpt lat="35.461902" lon="128.730413"/><trkpt lat="35.461935" lon="128.730406"/><trkpt lat="35.461969" lon="128.730386"/><trkpt lat="35.462155" lon="128.730252"/><trkpt lat="35.462214" lon="128.730212"/><trkpt lat="35.462251" lon="128.730195"/><trkpt lat="35.462287" lon="128.730185"/><trkpt lat="35.462323" lon="128.730179"/><trkpt lat="35.462359" lon="128.73018"/><trkpt lat="35.462394" lon="128.730192"/><trkpt lat="35.462428" lon="128.730214"/><trkpt lat="35.462494" lon="128.730267"/><trkpt lat="35.462559" lon="128.730323"/><trkpt lat="35.462589" lon="128.730353"/><trkpt lat="35.462612" lon="128.730388"/><trkpt lat="35.462613" lon="128.730522"/><trkpt lat="35.462629" lon="128.730559"/><trkpt lat="35.462656" lon="128.730582"/><trkpt lat="35.462691" lon="128.730593"/><trkpt lat="35.462796" lon="128.730609"/><trkpt lat="35.462862" lon="128.730621"/><trkpt lat="35.4629" lon="128.730632"/><trkpt lat="35.46296" lon="128.73066"/><trkpt lat="35.46309" lon="128.730729"/><trkpt lat="35.463125" lon="128.730751"/><trkpt lat="35.463158" lon="128.730776"/><trkpt lat="35.463298" lon="128.730893"/><trkpt lat="35.463341" lon="128.730928"/><trkpt lat="35.463375" lon="128.73095"/><trkpt lat="35.463412" lon="128.730966"/><trkpt lat="35.46349" lon="128.730989"/><trkpt lat="35.463805" lon="128.731074"/><trkpt lat="35.463842" lon="128.731089"/><trkpt lat="35.463878" lon="128.731109"/><trkpt lat="35.464107" lon="128.731274"/><trkpt lat="35.464393" lon="128.731482"/><trkpt lat="35.464425" lon="128.73151"/><trkpt lat="35.464488" lon="128.731571"/><trkpt lat="35.465423" lon="128.732528"/></trkseg>
<trkseg><trkpt lat="35.444855" lon="128.718341"/><trkpt lat="35.444875" lon="128.718289"/><trkpt lat="35.444885" lon="128.718235"/><trkpt lat="35.444875" lon="128.718192"/><trkpt lat="35.444852" lon="128.71816"/><trkpt lat="35.44482" lon="128.718133"/><trkpt lat="35.444773" lon="128.718102"/><trkpt lat="35.444148" lon="128.717719"/><trkpt lat="35.444089" lon="128.71768"/><trkpt lat="35.444055" lon="128.717654"/><trkpt lat="35.444014" lon="128.717613"/><trkpt lat="35.443788" lon="128.717365"/><trkpt lat="35.443747" lon="128.717324"/><trkpt lat="35.443714" lon="128.717298"/><trkpt lat="35.443666" lon="128.717269"/><trkpt lat="35.443158" lon="128.717003"/><trkpt lat="35.44311" lon="128.716973"/><trkpt lat="35.443078" lon="128.716948"/><trkpt lat="35.443009" lon="128.716883"/><trkpt lat="35.44294" lon="128.716807"/><trkpt lat="35.442688" lon="128.71651"/><trkpt lat="35.442651" lon="128.716462"/><trkpt lat="35.442628" lon="128.716423"/><trkpt lat="35.442611" lon="128.716379"/><trkpt lat="35.442553" lon="128.716194"/><trkpt lat="35.442401" lon="128.715699"/></trkseg>
<trkseg><trkpt lat="35.442401" lon="128.715699"/><trkpt lat="35.442161" lon="128.715977"/><trkpt lat="35.442131" lon="128.716007"/><trkpt lat="35.442099" lon="128.716032"/><trkpt lat="35.442063" lon="128.716049"/><trkpt lat="35.441912" lon="128.716102"/><trkpt lat="35.441837" lon="128.71613"/><trkpt lat="35.441801" lon="128.716148"/><trkpt lat="35.441768" lon="128.716172"/><trkpt lat="35.441737" lon="128.7162"/><trkpt lat="35.441708" lon="128.716231"/><trkpt lat="35.441682" lon="128.716265"/><trkpt lat="35.441653" lon="128.716319"/><trkpt lat="35.441419" lon="128.716813"/><trkpt lat="35.441383" lon="128.716882"/><trkpt lat="35.441359" lon="128.716921"/><trkpt lat="35.441314" lon="128.716981"/><trkpt lat="35.440873" lon="128.71755"/><trkpt lat="35.440848" lon="128.717587"/><trkpt lat="35.44083" lon="128.717628"/><trkpt lat="35.440819" lon="128.717672"/><trkpt lat="35.440795" lon="128.717828"/><trkpt lat="35.440779" lon="128.717921"/><trkpt lat="35.440766" lon="128.717966"/><trkpt lat="35.440727" lon="128.718067"/><trkpt lat="35.440685" lon="128.718165"/><trkpt lat="35.440663" lon="128.718204"/><trkpt lat="35.440636" lon="128.718237"/><trkpt lat="35.440584" lon="128.718287"/><trkpt lat="35.440402" lon="128.718452"/><trkpt lat="35.440373" lon="128.718484"/><trkpt lat="35.440347" lon="128.71852"/><trkpt lat="35.440316" lon="128.718574"/><trkpt lat="35.440236" lon="128.718726"/><trkpt lat="35.440212" lon="128.718765"/><trkpt lat="35.440185" lon="128.718799"/><trkpt lat="35.440124" lon="128.718859"/><trkpt lat="35.440009" lon="128.718964"/><trkpt lat="35.43998" lon="128.718996"/><trkpt lat="35.439955" lon="128.719032"/><trkpt lat="35.439921" lon="128.7191"/><trkpt lat="35.43981" lon="128.719339"/><trkpt lat="35.439776" lon="128.719407"/><trkpt lat="35.439752" lon="128.719445"/><trkpt lat="35.439725" lon="128.719478"/><trkpt lat="35.439651" lon="128.719565"/><trkpt lat="35.439627" lon="128.719599"/><trkpt lat="35.439599" lon="128.719665"/><trkpt lat="35.439579" lon="128.7197"/><trkpt lat="35.439549" lon="128.719726"/><trkpt lat="35.439502" lon="128.719755"/><trkpt lat="35.439432" lon="128.719797"/><trkpt lat="35.4394" lon="128.719823"/><trkpt lat="35.439378" lon="128.719859"/><trkpt lat="35.439363" lon="128.719903"/><trkpt lat="35.43934" lon="128.719979"/><trkpt lat="35.439321" lon="128.72002"/><trkpt lat="35.439293" lon="128.720051"/><trkpt lat="35.439237" lon="128.720095"/><trkpt lat="35.439204" lon="128.720122"/><trkpt lat="35.439179" lon="128.720156"/><trkpt lat="35.439163" lon="128.720198"/><trkpt lat="35.439143" lon="128.720275"/><trkpt lat="35.439033" lon="128.720728"/></trkseg>
<trkseg><trkpt lat="35.476879" lon="128.716882"/><trkpt lat="35.476834" lon="128.716889"/><trkpt lat="35.476753" lon="128.7169"/><trkpt lat="35.476716" lon="128.716901"/><trkpt lat="35.476681" lon="128.716892"/><trkpt lat="35.476649" lon="128.716872"/><trkpt lat="35.476618" lon="128.716847"/><trkpt lat="35.476589" lon="128.716819"/><trkpt lat="35.476564" lon="128.716786"/><trkpt lat="35.476534" lon="128.716736"/><trkpt lat="35.476509" lon="128.716706"/><trkpt lat="35.476476" lon="128.716688"/><trkpt lat="35.476424" lon="128.716677"/><trkpt lat="35.476196" lon="128.716646"/><trkpt lat="35.476117" lon="128.716631"/><trkpt lat="35.476054" lon="128.716611"/><trkpt lat="35.475753" lon="128.716496"/><trkpt lat="35.475704" lon="128.716474"/><trkpt lat="35.475668" lon="128.716452"/><trkpt lat="35.475493" lon="128.71633"/><trkpt lat="35.475425" lon="128.716279"/><trkpt lat="35.475395" lon="128.716248"/><trkpt lat="35.475357" lon="128.716189"/><trkpt lat="35.475332" lon="128.716157"/><trkpt lat="35.475301" lon="128.716134"/><trkpt lat="35.475266" lon="128.716116"/><trkpt lat="35.475205" lon="128.716093"/><trkpt lat="35.475168" lon="128.716086"/><trkpt lat="35.47513" lon="128.716089"/><trkpt lat="35.475092" lon="128.716102"/><trkpt lat="35.474915" lon="128.71618"/><trkpt lat="35.4746" lon="128.716318"/><trkpt lat="35.474561" lon="128.716331"/><trkpt lat="35.474522" lon="128.716336"/><trkpt lat="35.474483" lon="128.716336"/><trkpt lat="35.474083" lon="128.71631"/><trkpt lat="35.473884" lon="128.716298"/><trkpt lat="35.473844" lon="128.716301"/><trkpt lat="35.473808" lon="128.716311"/><trkpt lat="35.47375" lon="128.716335"/><trkpt lat="35.473714" lon="128.716345"/><trkpt lat="35.473676" lon="128.716347"/><trkpt lat="35.473597" lon="128.716343"/><trkpt lat="35.473335" lon="128.716323"/><trkpt lat="35.473283" lon="128.716323"/><trkpt lat="35.473245" lon="128.716329"/><trkpt lat="35.473185" lon="128.716346"/><trkpt lat="35.473149" lon="128.716352"/><trkpt lat="35.473112" lon="128.716347"/><trkpt lat="35.473062" lon="128.716327"/><trkpt lat="35.472987" lon="128.716293"/><trkpt lat="35.472949" lon="128.71628"/><trkpt lat="35.47291" lon="128.716274"/><trkpt lat="35.472845" lon="128.716267"/><trkpt lat="35.472808" lon="128.716255"/><trkpt lat="35.472774" lon="128.716231"/><trkpt lat="35.472675" lon="128.716146"/><trkpt lat="35.472642" lon="128.71612"/><trkpt lat="35.472606" lon="128.716102"/><trkpt lat="35.472555" lon="128.716089"/><trkpt lat="35.472521" lon="128.716072"/><trkpt lat="35.47249" lon="128.716045"/><trkpt lat="35.472453" lon="128.716003"/><trkpt lat="35.472341" lon="128.715869"/><trkpt lat="35.472311" lon="128.715839"/><trkpt lat="35.472278" lon="128.715813"/><trkpt lat="35.47216" lon="128.715735"/><trkpt lat="35.472077" lon="128.715684"/><trkpt lat="35.472027" lon="128.715658"/><trkpt lat="35.471902" lon="128.715603"/><trkpt lat="35.471864" lon="128.715589"/><trkpt lat="35.471826" lon="128.715583"/><trkpt lat="35.471791" lon="128.715589"/><trkpt lat="35.47172" lon="128.715618"/><trkpt lat="35.471684" lon="128.715631"/><trkpt lat="35.471647" lon="128.715637"/><trkpt lat="35.471609" lon="128.715635"/><trkpt lat="35.471481" lon="128.715614"/><trkpt lat="35.471404" lon="128.715598"/><trkpt lat="35.471367" lon="128.715586"/><trkpt lat="35.471331" lon="128.715566"/><trkpt lat="35.471157" lon="128.715443"/><trkpt lat="35.470985" lon="128.715319"/><trkpt lat="35.470941" lon="128.715281"/><trkpt lat="35.470885" lon="128.715217"/><trkpt lat="35.470857" lon="128.715188"/><trkpt lat="35.470822" lon="128.715168"/><trkpt lat="35.470773" lon="128.715155"/><trkpt lat="35.470709" lon="128.715146"/><trkpt lat="35.470706" lon="128.715145"/></trkseg>
<trkseg><trkpt lat="35.455329" lon="128.736453"/><trkpt lat="35.455068" lon="128.736436"/><trkpt lat="35.455004" lon="128.736432"/><trkpt lat="35.454966" lon="128.736426"/><trkpt lat="35.454929" lon="128.736412"/><trkpt lat="35.454881" lon="128.736387"/><trkpt lat="35.454835" lon="128.736358"/><trkpt lat="35.454803" lon="128.736331"/><trkpt lat="35.454775" lon="128.736297"/><trkpt lat="35.45467" lon="128.73615"/><trkpt lat="35.454497" lon="128.73587"/><trkpt lat="35.454464" lon="128.73582"/><trkpt lat="35.454444" lon="128.735779"/><trkpt lat="35.454429" lon="128.735735"/><trkpt lat="35.454383" lon="128.73555"/><trkpt lat="35.454359" lon="128.735459"/><trkpt lat="35.454343" lon="128.735416"/><trkpt lat="35.454318" lon="128.735364"/><trkpt lat="35.454282" lon="128.735301"/><trkpt lat="35.454258" lon="128.735265"/><trkpt lat="35.45421" lon="128.735208"/><trkpt lat="35.453859" lon="128.734725"/><trkpt lat="35.453719" lon="128.734551"/><trkpt lat="35.453688" lon="128.734524"/><trkpt lat="35.453654" lon="128.73451"/><trkpt lat="35.453618" lon="128.734513"/><trkpt lat="35.453553" lon="128.734531"/><trkpt lat="35.453424" lon="128.734574"/><trkpt lat="35.453388" lon="128.734592"/><trkpt lat="35.453354" lon="128.734616"/><trkpt lat="35.453227" lon="128.734776"/><trkpt lat="35.453078" lon="128.734954"/><trkpt lat="35.453036" lon="128.734989"/><trkpt lat="35.453003" lon="128.735004"/><trkpt lat="35.452971" lon="128.734999"/><trkpt lat="35.452939" lon="128.734983"/><trkpt lat="35.452907" lon="128.734959"/><trkpt lat="35.452876" lon="128.734929"/><trkpt lat="35.452632" lon="128.734671"/><trkpt lat="35.452574" lon="128.734604"/><trkpt lat="35.452394" lon="128.734355"/><trkpt lat="35.452267" lon="128.734159"/><trkpt lat="35.452238" lon="128.734126"/><trkpt lat="35.452206" lon="128.734101"/><trkpt lat="35.45217" lon="128.734083"/><trkpt lat="35.452084" lon="128.734044"/><trkpt lat="35.452049" lon="128.734023"/><trkpt lat="35.452016" lon="128.733995"/><trkpt lat="35.451941" lon="128.733925"/><trkpt lat="35.451889" lon="128.733873"/><trkpt lat="35.451861" lon="128.733839"/><trkpt lat="35.45184" lon="128.733799"/><trkpt lat="35.451809" lon="128.733729"/><trkpt lat="35.451651" lon="128.733486"/><trkpt lat="35.451624" lon="128.733431"/><trkpt lat="35.4516" lon="128.733394"/><trkpt lat="35.451552" lon="128.733339"/><trkpt lat="35.45143" lon="128.733191"/><trkpt lat="35.451398" lon="128.733163"/><trkpt lat="35.451364" lon="128.733143"/><trkpt lat="35.451327" lon="128.733132"/><trkpt lat="35.451291" lon="128.733129"/><trkpt lat="35.451257" lon="128.733142"/><trkpt lat="35.451224" lon="128.733166"/><trkpt lat="35.451182" lon="128.733205"/><trkpt lat="35.451153" lon="128.733237"/><trkpt lat="35.451128" lon="128.733273"/><trkpt lat="35.451108" lon="128.733315"/><trkpt lat="35.451024" lon="128.733536"/><trkpt lat="35.450923" lon="128.733803"/><trkpt lat="35.450909" lon="128.733848"/><trkpt lat="35.450886" lon="128.733958"/><trkpt lat="35.450759" lon="128.73456"/><trkpt lat="35.450746" lon="128.734623"/><trkpt lat="35.450733" lon="128.734665"/><trkpt lat="35.450711" lon="128.734696"/><trkpt lat="35.450678" lon="128.734712"/><trkpt lat="35.450641" lon="128.734719"/><trkpt lat="35.450603" lon="128.734717"/><trkpt lat="35.450566" lon="128.734707"/><trkpt lat="35.450455" lon="128.734663"/><trkpt lat="35.450419" lon="128.734651"/><trkpt lat="35.450382" lon="128.734647"/><trkpt lat="35.450346" lon="128.734652"/><trkpt lat="35.450274" lon="128.734664"/><trkpt lat="35.450236" lon="128.734662"/><trkpt lat="35.450123" lon="128.734632"/><trkpt lat="35.450084" lon="128.734626"/><trkpt lat="35.450045" lon="128.73463"/><trkpt lat="35.449846" lon="128.734637"/><trkpt lat="35.449771" lon="128.73467"/><trkpt lat="35.449613" lon="128.734847"/><trkpt lat="35.449243" lon="128.735149"/></trkseg>
<trkseg><trkpt lat="35.440257" lon="128.72538"/><trkpt lat="35.44086" lon="128.725494"/><trkpt lat="35.440899" lon="128.725498"/><trkpt lat="35.440937" lon="128.725497"/><trkpt lat="35.440974" lon="128.725488"/><trkpt lat="35.441035" lon="128.725467"/><trkpt lat="35.44107" lon="128.72545"/><trkpt lat="35.441101" lon="128.725427"/><trkpt lat="35.44113" lon="128.725395"/><trkpt lat="35.441217" lon="128.725273"/><trkpt lat="35.441259" lon="128.725211"/><trkpt lat="35.441279" lon="128.725172"/><trkpt lat="35.44129" lon="128.725128"/><trkpt lat="35.441292" lon="128.725081"/><trkpt lat="35.441289" lon="128.72495"/><trkpt lat="35.441289" lon="128.724886"/><trkpt lat="35.441293" lon="128.724841"/><trkpt lat="35.441308" lon="128.724804"/><trkpt lat="35.441336" lon="128.724779"/><trkpt lat="35.441371" lon="128.724758"/><trkpt lat="35.441504" lon="128.724687"/><trkpt lat="35.441563" lon="128.724653"/><trkpt lat="35.441597" lon="128.724628"/><trkpt lat="35.441626" lon="128.724597"/><trkpt lat="35.441682" lon="128.724527"/><trkpt lat="35.441711" lon="128.724496"/><trkpt lat="35.441743" lon="128.724473"/><trkpt lat="35.441777" lon="128.724458"/><trkpt lat="35.441813" lon="128.72445"/><trkpt lat="35.441853" lon="128.724451"/><trkpt lat="35.441906" lon="128.724459"/><trkpt lat="35.44216" lon="128.724509"/><trkpt lat="35.442334" lon="128.724542"/><trkpt lat="35.442372" lon="128.724554"/><trkpt lat="35.442408" lon="128.724574"/><trkpt lat="35.442441" lon="128.724601"/><trkpt lat="35.442712" lon="128.724848"/><trkpt lat="35.442775" lon="128.724909"/><trkpt lat="35.442803" lon="128.724944"/><trkpt lat="35.44288" lon="128.725058"/><trkpt lat="35.44292" lon="128.725124"/><trkpt lat="35.44294" lon="128.725166"/><trkpt lat="35.442959" lon="128.725224"/><trkpt lat="35.443035" lon="128.725494"/><trkpt lat="35.443058" lon="128.725568"/><trkpt lat="35.443076" lon="128.725612"/><trkpt lat="35.443264" lon="128.725942"/><trkpt lat="35.443356" lon="128.726228"/><trkpt lat="35.443371" lon="128.726272"/><trkpt lat="35.443378" lon="128.726317"/><trkpt lat="35.443374" lon="128.726363"/><trkpt lat="35.443359" lon="128.726441"/><trkpt lat="35.443337" lon="128.726534"/><trkpt lat="35.443323" lon="128.726578"/><trkpt lat="35.443304" lon="128.726618"/><trkpt lat="35.443219" lon="128.72671"/><trkpt lat="35.443197" lon="128.726744"/><trkpt lat="35.443184" lon="128.726776"/><trkpt lat="35.443194" lon="128.726803"/><trkpt lat="35.443222" lon="128.726824"/><trkpt lat="35.443256" lon="128.726837"/><trkpt lat="35.443292" lon="128.726837"/><trkpt lat="35.443327" lon="128.72682"/><trkpt lat="35.443361" lon="128.726795"/><trkpt lat="35.443429" lon="128.726741"/><trkpt lat="35.443472" lon="128.726702"/><trkpt lat="35.443499" lon="128.726669"/><trkpt lat="35.443532" lon="128.72662"/><trkpt lat="35.443623" lon="128.726483"/><trkpt lat="35.443643" lon="128.726442"/><trkpt lat="35.443674" lon="128.726352"/><trkpt lat="35.443808" lon="128.725929"/><trkpt lat="35.443824" lon="128.725867"/><trkpt lat="35.443831" lon="128.725819"/><trkpt lat="35.44385" lon="128.725556"/><trkpt lat="35.443854" lon="128.725204"/><trkpt lat="35.443863" lon="128.72514"/><trkpt lat="35.443949" lon="128.724763"/><trkpt lat="35.444175" lon="128.72363"/><trkpt lat="35.444185" lon="128.723566"/><trkpt lat="35.444187" lon="128.723519"/><trkpt lat="35.44418" lon="128.723473"/><trkpt lat="35.444159" lon="128.723398"/><trkpt lat="35.444122" lon="128.723278"/><trkpt lat="35.444112" lon="128.723233"/><trkpt lat="35.444108" lon="128.723186"/><trkpt lat="35.44411" lon="128.723139"/><trkpt lat="35.444111" lon="128.722836"/><trkpt lat="35.444144" lon="128.722686"/><trkpt lat="35.444143" lon="128.722639"/><trkpt lat="35.444136" lon="128.722591"/><trkpt lat="35.444113" lon="128.722497"/><trkpt lat="35.444061" lon="128.72231"/><trkpt lat="35.444045" lon="128.722266"/><trkpt lat="35.444012" lon="128.722198"/><trkpt lat="35.44391" lon="128.722043"/><trkpt lat="35.443893" lon="128.722"/><trkpt lat="35.443881" lon="128.721954"/><trkpt lat="35.443791" lon="128.721556"/><trkpt lat="35.443769" lon="128.721462"/><trkpt lat="35.443754" lon="128.721418"/><trkpt lat="35.443733" lon="128.721376"/><trkpt lat="35.443685" lon="128.721273"/><trkpt lat="35.443415" lon="128.720886"/><trkpt lat="35.443384" lon="128.720833"/><trkpt lat="35.443369" lon="128.72079"/><trkpt lat="35.443362" lon="128.720743"/><trkpt lat="35.44336" lon="128.720695"/><trkpt lat="35.443364" lon="128.720648"/><trkpt lat="35.443377" lon="128.720604"/><trkpt lat="35.443401" lon="128.720547"/><trkpt lat="35.443439" lon="128.720463"/><trkpt lat="35.44346" lon="128.720423"/><trkpt lat="35.443485" lon="128.720389"/><trkpt lat="35.443518" lon="128.720365"/><trkpt lat="35.443554" lon="128.720347"/><trkpt lat="35.443618" lon="128.720321"/><trkpt lat="35.443656" lon="128.720309"/><trkpt lat="35.443695" lon="128.720304"/><trkpt lat="35.443733" lon="128.720308"/><trkpt lat="35.443814" lon="128.720328"/><trkpt lat="35.443861" lon="128.720341"/></trkseg>
<trkseg><trkpt lat="35.458749" lon="128.742908"/><trkpt lat="35.458741" lon="128.742833"/><trkpt lat="35.458737" lon="128.742773"/><trkpt lat="35.45874" lon="128.742724"/><trkpt lat="35.458751" lon="128.742679"/><trkpt lat="35.458779" lon="128.742606"/><trkpt lat="35.458911" lon="128.742284"/><trkpt lat="35.458932" lon="128.742225"/><trkpt lat="35.458941" lon="128.742179"/><trkpt lat="35.45894" lon="128.742134"/><trkpt lat="35.458934" lon="128.742087"/><trkpt lat="35.458919" lon="128.742026"/><trkpt lat="35.458836" lon="128.741724"/><trkpt lat="35.458821" lon="128.74168"/><trkpt lat="35.458803" lon="128.741637"/><trkpt lat="35.458624" lon="128.741192"/></trkseg>
<trkseg><trkpt lat="35.458624" lon="128.741192"/><trkpt lat="35.458692" lon="128.741589"/><trkpt lat="35.458705" lon="128.741651"/><trkpt lat="35.45871" lon="128.741697"/><trkpt lat="35.458708" lon="128.741762"/><trkpt lat="35.458666" lon="128.742328"/><trkpt lat="35.458663" lon="128.742409"/><trkpt lat="35.458664" lon="128.742458"/><trkpt lat="35.458674" lon="128.742572"/><trkpt lat="35.458695" lon="128.742768"/><trkpt lat="35.458708" lon="128.742825"/><trkpt lat="35.45873" lon="128.742877"/><trkpt lat="35.458749" lon="128.742908"/></trkseg>
<trkseg><trkpt lat="35.460154" lon="128.74258"/><trkpt lat="35.460127" lon="128.742311"/><trkpt lat="35.460115" lon="128.74225"/><trkpt lat="35.460102" lon="128.742207"/><trkpt lat="35.46008" lon="128.742169"/><trkpt lat="35.460042" lon="128.742124"/><trkpt lat="35.459869" lon="128.741941"/><trkpt lat="35.459583" lon="128.741641"/><trkpt lat="35.459551" lon="128.741612"/><trkpt lat="35.459483" lon="128.741564"/><trkpt lat="35.459333" lon="128.741467"/><trkpt lat="35.459297" lon="128.741448"/><trkpt lat="35.459222" lon="128.741415"/><trkpt lat="35.458624" lon="128.741192"/></trkseg>
<trkseg><trkpt lat="35.460154" lon="128.74258"/><trkpt lat="35.460053" lon="128.742587"/><trkpt lat="35.459996" lon="128.742594"/><trkpt lat="35.459959" lon="128.742605"/><trkpt lat="35.459923" lon="128.742624"/><trkpt lat="35.459855" lon="128.742674"/><trkpt lat="35.459583" lon="128.74288"/><trkpt lat="35.459549" lon="128.742902"/><trkpt lat="35.459512" lon="128.742919"/><trkpt lat="35.459474" lon="128.742928"/><trkpt lat="35.459383" lon="128.742941"/><trkpt lat="35.459345" lon="128.742952"/><trkpt lat="35.459309" lon="128.742969"/><trkpt lat="35.459241" lon="128.743012"/><trkpt lat="35.459206" lon="128.74303"/><trkpt lat="35.459168" lon="128.743036"/><trkpt lat="35.459129" lon="128.743032"/><trkpt lat="35.459092" lon="128.743019"/><trkpt lat="35.459059" lon="128.742998"/><trkpt lat="35.459006" lon="128.742958"/><trkpt lat="35.458972" lon="128.742939"/><trkpt lat="35.458934" lon="128.742929"/><trkpt lat="35.45885" lon="128.742918"/><trkpt lat="35.458749" lon="128.742908"/></trkseg>
<trkseg><trkpt lat="35.455455" lon="128.735589"/><trkpt lat="35.45569" lon="128.735458"/><trkpt lat="35.45574" lon="128.735441"/><trkpt lat="35.455775" lon="128.735423"/><trkpt lat="35.455806" lon="128.735397"/><trkpt lat="35.455833" lon="128.735367"/><trkpt lat="35.455855" lon="128.735331"/><trkpt lat="35.455871" lon="128.735287"/><trkpt lat="35.455918" lon="128.735101"/><trkpt lat="35.455964" lon="128.734914"/><trkpt lat="35.455973" lon="128.734866"/><trkpt lat="35.455977" lon="128.734818"/><trkpt lat="35.456015" lon="128.734241"/><trkpt lat="35.456019" lon="128.734012"/><trkpt lat="35.456022" lon="128.733965"/><trkpt lat="35.456031" lon="128.733925"/><trkpt lat="35.456055" lon="128.7339"/><trkpt lat="35.456089" lon="128.733889"/><trkpt lat="35.456142" lon="128.733879"/><trkpt lat="35.456328" lon="128.733854"/><trkpt lat="35.456368" lon="128.733854"/><trkpt lat="35.456407" lon="128.733862"/><trkpt lat="35.456496" lon="128.733893"/><trkpt lat="35.456802" lon="128.734021"/><trkpt lat="35.456841" lon="128.73403"/><trkpt lat="35.456879" lon="128.73403"/><trkpt lat="35.456916" lon="128.734023"/><trkpt lat="35.456979" lon="128.734006"/><trkpt lat="35.457015" lon="128.733994"/><trkpt lat="35.457047" lon="128.733976"/><trkpt lat="35.457069" lon="128.733945"/><trkpt lat="35.457084" lon="128.733903"/><trkpt lat="35.457139" lon="128.733673"/><trkpt lat="35.457151" lon="128.733611"/><trkpt lat="35.457082" lon="128.733291"/><trkpt lat="35.457077" lon="128.733244"/><trkpt lat="35.457079" lon="128.733196"/><trkpt lat="35.457085" lon="128.733149"/><trkpt lat="35.457127" lon="128.732927"/><trkpt lat="35.457133" lon="128.73288"/><trkpt lat="35.457134" lon="128.732832"/><trkpt lat="35.457128" lon="128.732785"/><trkpt lat="35.457089" lon="128.732595"/><trkpt lat="35.457041" lon="128.732375"/><trkpt lat="35.457027" lon="128.73233"/><trkpt lat="35.456997" lon="128.732258"/><trkpt lat="35.456906" lon="128.732061"/><trkpt lat="35.456883" lon="128.732004"/><trkpt lat="35.456874" lon="128.731962"/><trkpt lat="35.45688" lon="128.731923"/><trkpt lat="35.456903" lon="128.731894"/><trkpt lat="35.456937" lon="128.731874"/><trkpt lat="35.456987" lon="128.731853"/><trkpt lat="35.457203" lon="128.731765"/><trkpt lat="35.457355" lon="128.731703"/><trkpt lat="35.457393" lon="128.731691"/><trkpt lat="35.457432" lon="128.731689"/><trkpt lat="35.457485" lon="128.731694"/><trkpt lat="35.457765" lon="128.731742"/><trkpt lat="35.457844" lon="128.731757"/><trkpt lat="35.457883" lon="128.731768"/><trkpt lat="35.457973" lon="128.731803"/><trkpt lat="35.458505" lon="128.73203"/><trkpt lat="35.458645" lon="128.73209"/><trkpt lat="35.458683" lon="128.732102"/><trkpt lat="35.45872" lon="128.732103"/><trkpt lat="35.458758" lon="128.732091"/><trkpt lat="35.458808" lon="128.732068"/><trkpt lat="35.458981" lon="128.731978"/><trkpt lat="35.459012" lon="128.731954"/><trkpt lat="35.459034" lon="128.731918"/><trkpt lat="35.459047" lon="128.731875"/><trkpt lat="35.45909" lon="128.731652"/><trkpt lat="35.459113" lon="128.731542"/><trkpt lat="35.459126" lon="128.731496"/><trkpt lat="35.459143" lon="128.731453"/><trkpt lat="35.459209" lon="128.731313"/><trkpt lat="35.459244" lon="128.731245"/><trkpt lat="35.459266" lon="128.73121"/><trkpt lat="35.459295" lon="128.731188"/><trkpt lat="35.459331" lon="128.731183"/><trkpt lat="35.459371" lon="128.731186"/><trkpt lat="35.459558" lon="128.731207"/><trkpt lat="35.459971" lon="128.731252"/><trkpt lat="35.460025" lon="128.731254"/><trkpt lat="35.460064" lon="128.73125"/><trkpt lat="35.460128" lon="128.731233"/><trkpt lat="35.460293" lon="128.731236"/><trkpt lat="35.460329" lon="128.73122"/><trkpt lat="35.460358" lon="128.731195"/><trkpt lat="35.460379" lon="128.731157"/><trkpt lat="35.460403" lon="128.731099"/><trkpt lat="35.460536" lon="128.730744"/><trkpt lat="35.460556" lon="128.730684"/><trkpt lat="35.460567" lon="128.730637"/><trkpt lat="35.460578" lon="128.730557"/><trkpt lat="35.460627" lon="128.730136"/><trkpt lat="35.460631" lon="128.730088"/><trkpt lat="35.460629" lon="128.730039"/><trkpt lat="35.460623" lon="128.729975"/><trkpt lat="35.460563" lon="128.729537"/><trkpt lat="35.460556" lon="128.729472"/><trkpt lat="35.460556" lon="128.729426"/><trkpt lat="35.460568" lon="128.729385"/><trkpt lat="35.46059" lon="128.729347"/><trkpt lat="35.460623" lon="128.729298"/><trkpt lat="35.460839" lon="128.729044"/></trkseg>
<trkseg><trkpt lat="35.455668" lon="128.737225"/><trkpt lat="35.455446" lon="128.736679"/><trkpt lat="35.455425" lon="128.736619"/><trkpt lat="35.455406" lon="128.736579"/><trkpt lat="35.455329" lon="128.736453"/></trkseg>
<trkseg><trkpt lat="35.455455" lon="128.735589"/><trkpt lat="35.455429" lon="128.735602"/><trkpt lat="35.455395" lon="128.73563"/><trkpt lat="35.455369" lon="128.735672"/><trkpt lat="35.455358" lon="128.735714"/><trkpt lat="35.455354" lon="128.735757"/><trkpt lat="35.455356" lon="128.735804"/><trkpt lat="35.455374" lon="128.73596"/><trkpt lat="35.455377" lon="128.736007"/><trkpt lat="35.455377" lon="128.736055"/><trkpt lat="35.455371" lon="128.736118"/><trkpt lat="35.455329" lon="128.736453"/></trkseg>
<trkseg><trkpt lat="35.455668" lon="128.737225"/><trkpt lat="35.455833" lon="128.736734"/><trkpt lat="35.455845" lon="128.736688"/><trkpt lat="35.455852" lon="128.736642"/><trkpt lat="35.455855" lon="128.736597"/><trkpt lat="35.455855" lon="128.736551"/><trkpt lat="35.45585" lon="128.736506"/><trkpt lat="35.455839" lon="128.736459"/><trkpt lat="35.455823" lon="128.736416"/><trkpt lat="35.455801" lon="128.736379"/><trkpt lat="35.455771" lon="128.73635"/><trkpt lat="35.455727" lon="128.736317"/><trkpt lat="35.455626" lon="128.736243"/><trkpt lat="35.455597" lon="128.736215"/><trkpt lat="35.455575" lon="128.73618"/><trkpt lat="35.455565" lon="128.736137"/><trkpt lat="35.455555" lon="128.736058"/><trkpt lat="35.455455" lon="128.735589"/></trkseg>
<trkseg><trkpt lat="35.458624" lon="128.741192"/><trkpt lat="35.458459" lon="128.740968"/><trkpt lat="35.458432" lon="128.740934"/><trkpt lat="35.458407" lon="128.740897"/><trkpt lat="35.458126" lon="128.740422"/><trkpt lat="35.458002" lon="128.740211"/><trkpt lat="35.457976" lon="128.740174"/><trkpt lat="35.457946" lon="128.740143"/><trkpt lat="35.457913" lon="128.740117"/><trkpt lat="35.457762" lon="128.740011"/><trkpt lat="35.457718" lon="128.739978"/><trkpt lat="35.457689" lon="128.739948"/><trkpt lat="35.457673" lon="128.73991"/><trkpt lat="35.457665" lon="128.739864"/><trkpt lat="35.457654" lon="128.739685"/><trkpt lat="35.457646" lon="128.739588"/><trkpt lat="35.457638" lon="128.73954"/><trkpt lat="35.457612" lon="128.739448"/><trkpt lat="35.457447" lon="128.738912"/><trkpt lat="35.457422" lon="128.738837"/><trkpt lat="35.457404" lon="128.738795"/><trkpt lat="35.457379" lon="128.738757"/><trkpt lat="35.457342" lon="128.738711"/><trkpt lat="35.457283" lon="128.738645"/><trkpt lat="35.457251" lon="128.738616"/><trkpt lat="35.457216" lon="128.738593"/><trkpt lat="35.457143" lon="128.738556"/><trkpt lat="35.456958" lon="128.738466"/><trkpt lat="35.456922" lon="128.738445"/><trkpt lat="35.45689" lon="128.738419"/><trkpt lat="35.456859" lon="128.738388"/><trkpt lat="35.456582" lon="128.738086"/><trkpt lat="35.456542" lon="128.738045"/><trkpt lat="35.456508" lon="128.738021"/><trkpt lat="35.456471" lon="128.738003"/><trkpt lat="35.456201" lon="128.737903"/><trkpt lat="35.456033" lon="128.737842"/><trkpt lat="35.455997" lon="128.737824"/><trkpt lat="35.455966" lon="128.737798"/><trkpt lat="35.455941" lon="128.737762"/><trkpt lat="35.455904" lon="128.737694"/><trkpt lat="35.455668" lon="128.737225"/></trkseg>
<trkseg><trkpt lat="35.447206" lon="128.727747"/><trkpt lat="35.447173" lon="128.727815"/><trkpt lat="35.447154" lon="128.727872"/><trkpt lat="35.447146" lon="128.72792"/><trkpt lat="35.447141" lon="128.728032"/><trkpt lat="35.447139" lon="128.728228"/><trkpt lat="35.447133" lon="128.728274"/><trkpt lat="35.447119" lon="128.728318"/><trkpt lat="35.447092" lon="128.728372"/><trkpt lat="35.447015" lon="128.728505"/><trkpt lat="35.446982" lon="128.728556"/><trkpt lat="35.446935" lon="128.728614"/><trkpt lat="35.446769" lon="128.728806"/><trkpt lat="35.44674" lon="128.728836"/><trkpt lat="35.446713" lon="128.728853"/><trkpt lat="35.44669" lon="128.728843"/><trkpt lat="35.44667" lon="128.728809"/><trkpt lat="35.446584" lon="128.728581"/><trkpt lat="35.44638" lon="128.728151"/></trkseg>
<trkseg><trkpt lat="35.445335" lon="128.73277"/><trkpt lat="35.445389" lon="128.732819"/><trkpt lat="35.445432" lon="128.732853"/><trkpt lat="35.44547" lon="128.73287"/><trkpt lat="35.445536" lon="128.732887"/><trkpt lat="35.445722" lon="128.732926"/><trkpt lat="35.445762" lon="128.732931"/><trkpt lat="35.445802" lon="128.732931"/><trkpt lat="35.445855" lon="128.732923"/><trkpt lat="35.445894" lon="128.732914"/><trkpt lat="35.445931" lon="128.7329"/><trkpt lat="35.445966" lon="128.732877"/><trkpt lat="35.446021" lon="128.732831"/><trkpt lat="35.44612" lon="128.732744"/><trkpt lat="35.446153" lon="128.732719"/><trkpt lat="35.446188" lon="128.7327"/><trkpt lat="35.446247" lon="128.732685"/><trkpt lat="35.44628" lon="128.732672"/><trkpt lat="35.44631" lon="128.732648"/><trkpt lat="35.446335" lon="128.732613"/><trkpt lat="35.446384" lon="128.732539"/><trkpt lat="35.446413" lon="128.732513"/><trkpt lat="35.446449" lon="128.7325"/><trkpt lat="35.446514" lon="128.732491"/><trkpt lat="35.44658" lon="128.732485"/></trkseg>
<trkseg><trkpt lat="35.445335" lon="128.73277"/><trkpt lat="35.445308" lon="128.732777"/><trkpt lat="35.445271" lon="128.732798"/><trkpt lat="35.445237" lon="128.732837"/><trkpt lat="35.445217" lon="128.732879"/><trkpt lat="35.445089" lon="128.733183"/><trkpt lat="35.445057" lon="128.733254"/><trkpt lat="35.445035" lon="128.733291"/><trkpt lat="35.445005" lon="128.733316"/><trkpt lat="35.44497" lon="128.733331"/><trkpt lat="35.444795" lon="128.733377"/><trkpt lat="35.444776" lon="128.733383"/></trkseg>
<trkseg><trkpt lat="35.444164" lon="128.720295"/><trkpt lat="35.444484" lon="128.719984"/><trkpt lat="35.444516" lon="128.719957"/><trkpt lat="35.444551" lon="128.719935"/><trkpt lat="35.444588" lon="128.719921"/><trkpt lat="35.444679" lon="128.719894"/><trkpt lat="35.444717" lon="128.71988"/><trkpt lat="35.44475" lon="128.719858"/><trkpt lat="35.44478" lon="128.719827"/><trkpt lat="35.444923" lon="128.719631"/><trkpt lat="35.444966" lon="128.719569"/><trkpt lat="35.444987" lon="128.719529"/><trkpt lat="35.445" lon="128.719485"/><trkpt lat="35.445014" lon="128.719407"/><trkpt lat="35.445067" lon="128.719074"/><trkpt lat="35.445074" lon="128.719011"/><trkpt lat="35.445073" lon="128.718966"/><trkpt lat="35.445061" lon="128.718921"/><trkpt lat="35.445043" lon="128.718879"/><trkpt lat="35.44489" lon="128.718569"/><trkpt lat="35.444857" lon="128.718498"/><trkpt lat="35.444845" lon="128.718444"/><trkpt lat="35.444847" lon="128.71839"/><trkpt lat="35.444855" lon="128.718341"/></trkseg>
<trkseg><trkpt lat="35.443861" lon="128.720341"/><trkpt lat="35.444058" lon="128.720373"/><trkpt lat="35.444075" lon="128.720364"/><trkpt lat="35.444112" lon="128.720336"/><trkpt lat="35.444164" lon="128.720295"/></trkseg>
<trkseg><trkpt lat="35.447206" lon="128.727747"/><trkpt lat="35.447079" lon="128.727561"/><trkpt lat="35.447052" lon="128.727527"/><trkpt lat="35.447021" lon="128.727499"/><trkpt lat="35.446987" lon="128.727479"/><trkpt lat="35.446915" lon="128.727447"/><trkpt lat="35.446854" lon="128.727423"/><trkpt lat="35.446817" lon="128.727412"/><trkpt lat="35.446779" lon="128.72741"/><trkpt lat="35.446703" lon="128.727419"/><trkpt lat="35.446665" lon="128.727423"/><trkpt lat="35.446628" lon="128.727419"/><trkpt lat="35.446592" lon="128.727405"/><trkpt lat="35.446558" lon="128.727387"/><trkpt lat="35.446526" lon="128.727364"/><trkpt lat="35.4465" lon="128.727333"/><trkpt lat="35.446482" lon="128.727291"/><trkpt lat="35.44646" lon="128.727214"/><trkpt lat="35.446383" lon="128.726933"/><trkpt lat="35.446367" lon="128.726891"/><trkpt lat="35.446342" lon="128.72686"/><trkpt lat="35.446308" lon="128.726844"/><trkpt lat="35.44627" lon="128.726835"/><trkpt lat="35.446232" lon="128.726831"/><trkpt lat="35.446181" lon="128.726833"/><trkpt lat="35.446144" lon="128.726839"/><trkpt lat="35.446109" lon="128.726854"/><trkpt lat="35.446076" lon="128.72688"/><trkpt lat="35.446035" lon="128.726922"/><trkpt lat="35.445586" lon="128.727399"/><trkpt lat="35.445533" lon="128.727452"/><trkpt lat="35.4455" lon="128.727478"/><trkpt lat="35.445467" lon="128.727491"/><trkpt lat="35.445434" lon="128.727496"/><trkpt lat="35.445404" lon="128.727489"/><trkpt lat="35.445381" lon="128.727463"/><trkpt lat="35.445363" lon="128.727425"/><trkpt lat="35.445347" lon="128.727383"/><trkpt lat="35.445335" lon="128.727339"/><trkpt lat="35.445327" lon="128.727292"/><trkpt lat="35.445313" lon="128.727117"/><trkpt lat="35.445307" lon="128.727054"/><trkpt lat="35.445299" lon="128.727009"/><trkpt lat="35.445284" lon="128.726964"/><trkpt lat="35.445201" lon="128.726779"/><trkpt lat="35.445163" lon="128.726694"/><trkpt lat="35.445147" lon="128.72665"/><trkpt lat="35.445138" lon="128.726603"/><trkpt lat="35.445134" lon="128.726555"/><trkpt lat="35.44512" lon="128.726081"/><trkpt lat="35.445115" lon="128.725999"/><trkpt lat="35.445109" lon="128.725952"/><trkpt lat="35.445078" lon="128.725812"/><trkpt lat="35.445066" lon="128.725749"/><trkpt lat="35.445062" lon="128.725702"/><trkpt lat="35.445063" lon="128.725655"/><trkpt lat="35.445094" lon="128.725351"/><trkpt lat="35.445102" lon="128.725256"/><trkpt lat="35.445102" lon="128.725207"/><trkpt lat="35.445095" lon="128.725109"/><trkpt lat="35.445075" lon="128.724379"/><trkpt lat="35.445066" lon="128.724215"/><trkpt lat="35.445042" lon="128.723489"/><trkpt lat="35.445038" lon="128.723423"/><trkpt lat="35.445031" lon="128.723375"/><trkpt lat="35.445015" lon="128.723313"/><trkpt lat="35.444682" lon="128.722307"/><trkpt lat="35.444556" lon="128.721892"/><trkpt lat="35.444534" lon="128.721832"/><trkpt lat="35.444512" lon="128.721792"/><trkpt lat="35.444468" lon="128.721731"/><trkpt lat="35.443954" lon="128.721028"/><trkpt lat="35.443801" lon="128.720953"/><trkpt lat="35.443777" lon="128.720915"/><trkpt lat="35.44376" lon="128.720874"/><trkpt lat="35.443752" lon="128.720828"/><trkpt lat="35.443746" lon="128.720731"/><trkpt lat="35.443743" lon="128.720618"/><trkpt lat="35.443745" lon="128.720572"/><trkpt lat="35.443756" lon="128.720531"/><trkpt lat="35.443783" lon="128.720493"/><trkpt lat="35.443835" lon="128.720444"/><trkpt lat="35.443861" lon="128.720341"/></trkseg>
<trkseg><trkpt lat="35.428597" lon="128.708715"/><trkpt lat="35.428433" lon="128.708116"/><trkpt lat="35.428418" lon="128.708072"/><trkpt lat="35.428399" lon="128.708032"/><trkpt lat="35.428375" lon="128.708002"/><trkpt lat="35.428342" lon="128.707965"/><trkpt lat="35.428322" lon="128.707931"/><trkpt lat="35.428294" lon="128.707867"/><trkpt lat="35.428273" lon="128.707836"/><trkpt lat="35.428231" lon="128.707796"/><trkpt lat="35.428216" lon="128.707768"/><trkpt lat="35.428217" lon="128.707729"/><trkpt lat="35.428228" lon="128.70766"/><trkpt lat="35.428229" lon="128.707606"/><trkpt lat="35.428221" lon="128.707576"/><trkpt lat="35.428219" lon="128.707574"/></trkseg>
<trkseg><trkpt lat="35.428571" lon="128.708919"/><trkpt lat="35.428597" lon="128.708715"/></trkseg>
<trkseg><trkpt lat="35.449001" lon="128.724214"/><trkpt lat="35.449064" lon="128.724193"/><trkpt lat="35.449114" lon="128.724182"/><trkpt lat="35.449154" lon="128.724182"/><trkpt lat="35.449234" lon="128.724197"/><trkpt lat="35.449379" lon="128.724228"/><trkpt lat="35.449419" lon="128.724232"/><trkpt lat="35.449457" lon="128.724228"/><trkpt lat="35.449495" lon="128.724217"/><trkpt lat="35.449902" lon="128.724071"/></trkseg>
<trkseg><trkpt lat="35.449652" lon="128.723706"/><trkpt lat="35.449279" lon="128.723953"/><trkpt lat="35.449233" lon="128.723983"/><trkpt lat="35.449199" lon="128.723999"/><trkpt lat="35.449165" lon="128.723999"/><trkpt lat="35.449133" lon="128.723979"/><trkpt lat="35.449101" lon="128.72395"/><trkpt lat="35.449007" lon="128.723857"/><trkpt lat="35.448975" lon="128.723832"/><trkpt lat="35.448942" lon="128.723821"/><trkpt lat="35.448899" lon="128.723836"/><trkpt lat="35.448853" lon="128.723863"/><trkpt lat="35.448822" lon="128.723883"/></trkseg>
<trkseg><trkpt lat="35.449581" lon="128.726316"/><trkpt lat="35.449463" lon="128.725852"/><trkpt lat="35.44945" lon="128.72579"/><trkpt lat="35.449444" lon="128.725743"/><trkpt lat="35.449447" lon="128.725699"/><trkpt lat="35.449461" lon="128.725594"/><trkpt lat="35.449464" lon="128.72555"/><trkpt lat="35.44946" lon="128.725503"/><trkpt lat="35.44945" lon="128.725441"/><trkpt lat="35.449417" lon="128.725286"/><trkpt lat="35.449396" lon="128.72521"/><trkpt lat="35.449376" lon="128.725151"/><trkpt lat="35.449358" lon="128.725109"/><trkpt lat="35.449336" lon="128.725069"/><trkpt lat="35.449278" lon="128.72498"/><trkpt lat="35.449137" lon="128.724764"/><trkpt lat="35.449115" lon="128.724725"/><trkpt lat="35.449098" lon="128.724683"/><trkpt lat="35.449089" lon="128.724637"/><trkpt lat="35.449081" lon="128.724573"/><trkpt lat="35.449061" lon="128.724382"/><trkpt lat="35.449052" lon="128.724332"/><trkpt lat="35.449033" lon="128.724277"/><trkpt lat="35.449011" lon="128.724232"/><trkpt lat="35.449001" lon="128.724214"/></trkseg>
<trkseg><trkpt lat="35.449902" lon="128.724071"/><trkpt lat="35.449905" lon="128.724021"/><trkpt lat="35.449906" lon="128.723984"/><trkpt lat="35.449899" lon="128.723958"/><trkpt lat="35.449883" lon="128.723941"/><trkpt lat="35.449817" lon="128.723905"/><trkpt lat="35.449787" lon="128.723888"/><trkpt lat="35.449767" lon="128.723871"/><trkpt lat="35.449749" lon="128.72385"/><trkpt lat="35.449652" lon="128.723706"/></trkseg>
<trkseg><trkpt lat="35.449652" lon="128.723706"/><trkpt lat="35.449681" lon="128.723461"/></trkseg>
<trkseg><trkpt lat="35.447143" lon="128.729616"/><trkpt lat="35.447429" lon="128.729107"/><trkpt lat="35.447457" lon="128.729052"/><trkpt lat="35.447474" lon="128.729008"/><trkpt lat="35.447498" lon="128.728933"/><trkpt lat="35.447669" lon="128.72835"/><trkpt lat="35.447685" lon="128.728288"/><trkpt lat="35.447701" lon="128.728193"/><trkpt lat="35.447724" lon="128.728034"/><trkpt lat="35.447733" lon="128.727988"/><trkpt lat="35.447748" lon="128.727943"/><trkpt lat="35.447792" lon="128.727841"/><trkpt lat="35.447815" lon="128.727782"/><trkpt lat="35.447827" lon="128.727736"/><trkpt lat="35.447837" lon="128.727674"/><trkpt lat="35.44787" lon="128.727389"/><trkpt lat="35.44788" lon="128.727327"/><trkpt lat="35.447892" lon="128.727282"/><trkpt lat="35.447929" lon="128.727182"/><trkpt lat="35.447954" lon="128.727128"/><trkpt lat="35.447977" lon="128.727092"/><trkpt lat="35.448008" lon="128.727063"/><trkpt lat="35.448043" lon="128.727043"/><trkpt lat="35.44808" lon="128.727034"/><trkpt lat="35.44816" lon="128.727031"/><trkpt lat="35.448307" lon="128.72703"/><trkpt lat="35.448345" lon="128.727025"/><trkpt lat="35.448377" lon="128.727009"/><trkpt lat="35.448401" lon="128.726978"/><trkpt lat="35.448413" lon="128.726938"/><trkpt lat="35.448424" lon="128.72688"/><trkpt lat="35.448443" lon="128.726842"/><trkpt lat="35.448467" lon="128.726807"/><trkpt lat="35.448513" lon="128.726752"/><trkpt lat="35.448543" lon="128.726721"/><trkpt lat="35.448574" lon="128.726695"/><trkpt lat="35.448609" lon="128.726677"/><trkpt lat="35.448645" lon="128.726664"/><trkpt lat="35.448683" lon="128.72666"/><trkpt lat="35.448721" lon="128.726667"/><trkpt lat="35.44885" lon="128.72671"/><trkpt lat="35.448902" lon="128.726726"/><trkpt lat="35.448941" lon="128.726734"/><trkpt lat="35.448981" lon="128.726736"/><trkpt lat="35.44909" lon="128.726728"/><trkpt lat="35.449157" lon="128.726721"/><trkpt lat="35.449196" lon="128.726713"/><trkpt lat="35.449232" lon="128.726696"/><trkpt lat="35.449263" lon="128.726668"/><trkpt lat="35.449332" lon="128.72659"/><trkpt lat="35.449383" lon="128.726536"/><trkpt lat="35.449414" lon="128.726509"/><trkpt lat="35.449491" lon="128.726456"/><trkpt lat="35.449535" lon="128.726421"/><trkpt lat="35.449563" lon="128.726377"/><trkpt lat="35.449577" lon="128.726335"/><trkpt lat="35.449581" lon="128.726316"/></trkseg>
<trkseg><trkpt lat="35.447244" lon="128.72987"/><trkpt lat="35.447163" lon="128.729831"/><trkpt lat="35.44715" lon="128.729822"/><trkpt lat="35.447142" lon="128.729809"/><trkpt lat="35.447139" lon="128.729791"/><trkpt lat="35.447141" lon="128.72969"/><trkpt lat="35.447143" lon="128.729616"/></trkseg>
<trkseg><trkpt lat="35.449001" lon="128.724214"/><trkpt lat="35.448925" lon="128.72413"/><trkpt lat="35.448913" lon="128.724111"/><trkpt lat="35.448822" lon="128.723883"/></trkseg>
<trkseg><trkpt lat="35.448822" lon="128.723883"/><trkpt lat="35.448682" lon="128.72341"/><trkpt lat="35.448666" lon="128.723365"/><trkpt lat="35.448646" lon="128.723323"/><trkpt lat="35.448602" lon="128.723241"/><trkpt lat="35.448422" lon="128.722915"/><trkpt lat="35.448401" lon="128.722873"/><trkpt lat="35.448387" lon="128.72283"/><trkpt lat="35.448384" lon="128.722784"/><trkpt lat="35.448387" lon="128.722736"/><trkpt lat="35.448399" lon="128.722622"/><trkpt lat="35.44841" lon="128.722542"/><trkpt lat="35.448421" lon="128.722496"/><trkpt lat="35.448438" lon="128.722453"/><trkpt lat="35.448521" lon="128.722287"/></trkseg>
</trk>
</gpx>
