<?xml version="1.0" encoding="UTF-8"?>
<gpx version="1.1" creator="letnaturechoose" xmlns="http://www.topografix.com/GPX/1/1">
<metadata><name>망운산 등산로</name></metadata>
<trk><name>망운산</name>
<trkseg><trkpt lat="34.846756" lon="127.845542"/><trkpt lat="34.846705" lon="127.845584"/><trkpt lat="34.846656" lon="127.845677"/><trkpt lat="34.846614" lon="127.845794"/><trkpt lat="34.846587" lon="127.845893"/><trkpt lat="34.846581" lon="127.846029"/><trkpt lat="34.846576" lon="127.846124"/><trkpt lat="34.84652" lon="127.84625"/><trkpt lat="34.846448" lon="127.846306"/><trkpt lat="34.846362" lon="127.846368"/><trkpt lat="34.846274" lon="127.846457"/><trkpt lat="34.846195" lon="127.846517"/><trkpt lat="34.84608" lon="127.8466"/><trkpt lat="34.846006" lon="127.846649"/><trkpt lat="34.845924" lon="127.846675"/><trkpt lat="34.84585" lon="127.846725"/><trkpt lat="34.845834" lon="127.846853"/><trkpt lat="34.845838" lon="127.846956"/><trkpt lat="34.845849" lon="127.847062"/><trkpt lat="34.84585" lon="127.847189"/><trkpt lat="34.845832" lon="127.847283"/></trkseg>
<trkseg><trkpt lat="34.846756" lon="127.845542"/><trkpt lat="34.846795" lon="127.845407"/><trkpt lat="34.846813" lon="127.845272"/><trkpt lat="34.846798" lon="127.845103"/><trkpt lat="34.846782" lon="127.844988"/><trkpt lat="34.846773" lon="127.844867"/><trkpt lat="34.846722" lon="127.844744"/><trkpt lat="34.846649" lon="127.844679"/><trkpt lat="34.846568" lon="127.844623"/><trkpt lat="34.846508" lon="127.844529"/><trkpt lat="34.846556" lon="127.8444"/><trkpt lat="34.846651" lon="127.84434"/><trkpt lat="34.846733" lon="127.844313"/><trkpt lat="34.846837" lon="127.844283"/><trkpt lat="34.846927" lon="127.844251"/><trkpt lat="34.847032" lon="127.844198"/><trkpt lat="34.847124" lon="127.844157"/><trkpt lat="34.847217" lon="127.844119"/><trkpt lat="34.8473" lon="127.844059"/><trkpt lat="34.847356" lon="127.843954"/><trkpt lat="34.847408" lon="127.843856"/><trkpt lat="34.847484" lon="127.84378"/><trkpt lat="34.847565" lon="127.843726"/><trkpt lat="34.847666" lon="127.843677"/><trkpt lat="34.847759" lon="127.843673"/><trkpt lat="34.847858" lon="127.843662"/><trkpt lat="34.847974" lon="127.843639"/><trkpt lat="34.848072" lon="127.843607"/><trkpt lat="34.848183" lon="127.843518"/><trkpt lat="34.848213" lon="127.843421"/><trkpt lat="34.84822" lon="127.843283"/><trkpt lat="34.848228" lon="127.843179"/><trkpt lat="34.84826" lon="127.843045"/><trkpt lat="34.848319" lon="127.842957"/><trkpt lat="34.848402" lon="127.842869"/><trkpt lat="34.848489" lon="127.842784"/><trkpt lat="34.848577" lon="127.8427"/><trkpt lat="34.848665" lon="127.842649"/><trkpt lat="34.848785" lon="127.84264"/><trkpt lat="34.848897" lon="127.842646"/><trkpt lat="34.849009" lon="127.842604"/><trkpt lat="34.849112" lon="127.842538"/><trkpt lat="34.849189" lon="127.84247"/><trkpt lat="34.849272" lon="127.842407"/><trkpt lat="34.849344" lon="127.842369"/><trkpt lat="34.849435" lon="127.842306"/><trkpt lat="34.849485" lon="127.84221"/><trkpt lat="34.849499" lon="127.8421"/><trkpt lat="34.849438" lon="127.841985"/><trkpt lat="34.849357" lon="127.841914"/><trkpt lat="34.849266" lon="127.841909"/><trkpt lat="34.849188" lon="127.841955"/><trkpt lat="34.849106" lon="127.842003"/><trkpt lat="34.849018" lon="127.842021"/><trkpt lat="34.84878" lon="127.842009"/><trkpt lat="34.848115" lon="127.84196"/><trkpt lat="34.847909" lon="127.84208"/><trkpt lat="34.847537" lon="127.842057"/><trkpt lat="34.847373" lon="127.842001"/><trkpt lat="34.847274" lon="127.841969"/><trkpt lat="34.846845" lon="127.841957"/><trkpt lat="34.846319" lon="127.841782"/><trkpt lat="34.846219" lon="127.841711"/><trkpt lat="34.846128" lon="127.841646"/><trkpt lat="34.846047" lon="127.841585"/><trkpt lat="34.845947" lon="127.841507"/><trkpt lat="34.845866" lon="127.841451"/><trkpt lat="34.84578" lon="127.841394"/><trkpt lat="34.845686" lon="127.841334"/><trkpt lat="34.845614" lon="127.841265"/><trkpt lat="34.845536" lon="127.841167"/><trkpt lat="34.845497" lon="127.841055"/><trkpt lat="34.845471" lon="127.84094"/><trkpt lat="34.845445" lon="127.840805"/><trkpt lat="34.84545" lon="127.840549"/><trkpt lat="34.84552" lon="127.840314"/><trkpt lat="34.845627" lon="127.840353"/><trkpt lat="34.845672" lon="127.840457"/><trkpt lat="34.845711" lon="127.840566"/><trkpt lat="34.845785" lon="127.840684"/><trkpt lat="34.845883" lon="127.840697"/><trkpt lat="34.845883" lon="127.840525"/><trkpt lat="34.845862" lon="127.840359"/><trkpt lat="34.845843" lon="127.840255"/><trkpt lat="34.845866" lon="127.840139"/><trkpt lat="34.845899" lon="127.839915"/><trkpt lat="34.845919" lon="127.839586"/><trkpt lat="34.845974" lon="127.839474"/><trkpt lat="34.846012" lon="127.839346"/><trkpt lat="34.84615" lon="127.838684"/><trkpt lat="34.846295" lon="127.838279"/><trkpt lat="34.846107" lon="127.837927"/><trkpt lat="34.846053" lon="127.837531"/><trkpt lat="34.846279" lon="127.8373"/><trkpt lat="34.846441" lon="127.837048"/><trkpt lat="34.846479" lon="127.83692"/><trkpt lat="34.846509" lon="127.836813"/><trkpt lat="34.846561" lon="127.836685"/><trkpt lat="34.846623" lon="127.836591"/><trkpt lat="34.846896" lon="127.836263"/><trkpt lat="34.847123" lon="127.835846"/><trkpt lat="34.847141" lon="127.835346"/><trkpt lat="34.847283" lon="127.834673"/><trkpt lat="34.847469" lon="127.834202"/><trkpt lat="34.847568" lon="127.834037"/><trkpt lat="34.847562" lon="127.833823"/><trkpt lat="34.847518" lon="127.833589"/><trkpt lat="34.847473" lon="127.833302"/><trkpt lat="34.847313" lon="127.833114"/><trkpt lat="34.847495" lon="127.832933"/><trkpt lat="34.847636" lon="127.83274"/><trkpt lat="34.847766" lon="127.832633"/><trkpt lat="34.847892" lon="127.832891"/><trkpt lat="34.848115" lon="127.833296"/><trkpt lat="34.848338" lon="127.833497"/><trkpt lat="34.848466" lon="127.833179"/><trkpt lat="34.848559" lon="127.832597"/><trkpt lat="34.848636" lon="127.832218"/><trkpt lat="34.848683" lon="127.831766"/><trkpt lat="34.84879" lon="127.831923"/><trkpt lat="34.84902" lon="127.832367"/><trkpt lat="34.849231" lon="127.832819"/><trkpt lat="34.849297" lon="127.83315"/><trkpt lat="34.849395" lon="127.833151"/><trkpt lat="34.849465" lon="127.832699"/><trkpt lat="34.849487" lon="127.832301"/><trkpt lat="34.849784" lon="127.83187"/><trkpt lat="34.849957" lon="127.831303"/><trkpt lat="34.850066" lon="127.830835"/><trkpt lat="34.850712" lon="127.830094"/><trkpt lat="34.850934" lon="127.829616"/><trkpt lat="34.850957" lon="127.828975"/><trkpt lat="34.850782" lon="127.828692"/><trkpt lat="34.850577" lon="127.82868"/><trkpt lat="34.850347" lon="127.828503"/><trkpt lat="34.850362" lon="127.828334"/><trkpt lat="34.850692" lon="127.828271"/><trkpt lat="34.850929" lon="127.828208"/><trkpt lat="34.851365" lon="127.828354"/><trkpt lat="34.851591" lon="127.828389"/><trkpt lat="34.851822" lon="127.828094"/><trkpt lat="34.851846" lon="127.82775"/><trkpt lat="34.8517" lon="127.827255"/><trkpt lat="34.851541" lon="127.826911"/><trkpt lat="34.85137" lon="127.826758"/><trkpt lat="34.851221" lon="127.826474"/><trkpt lat="34.851292" lon="127.825876"/><trkpt lat="34.851317" lon="127.825522"/><trkpt lat="34.851222" lon="127.825104"/><trkpt lat="34.851258" lon="127.824646"/><trkpt lat="34.851121" lon="127.824263"/><trkpt lat="34.850915" lon="127.823606"/><trkpt lat="34.850795" lon="127.823267"/><trkpt lat="34.850852" lon="127.822903"/><trkpt lat="34.850944" lon="127.822651"/><trkpt lat="34.850891" lon="127.822393"/><trkpt lat="34.851005" lon="127.822171"/><trkpt lat="34.851172" lon="127.821872"/><trkpt lat="34.851211" lon="127.821228"/><trkpt lat="34.851266" lon="127.820928"/><trkpt lat="34.851226" lon="127.820536"/><trkpt lat="34.851093" lon="127.820326"/><trkpt lat="34.851024" lon="127.820174"/><trkpt lat="34.851054" lon="127.819733"/><trkpt lat="34.850989" lon="127.819358"/><trkpt lat="34.850929" lon="127.819164"/><trkpt lat="34.850769" lon="127.818855"/><trkpt lat="34.850717" lon="127.818671"/></trkseg>
<trkseg><trkpt lat="34.856818" lon="127.856321"/><trkpt lat="34.856879" lon="127.856129"/><trkpt lat="34.85685" lon="127.855978"/><trkpt lat="34.856762" lon="127.855837"/><trkpt lat="34.856498" lon="127.855291"/><trkpt lat="34.856327" lon="127.854864"/><trkpt lat="34.856202" lon="127.854666"/><trkpt lat="34.856157" lon="127.854361"/><trkpt lat="34.856044" lon="127.854189"/><trkpt lat="34.85595" lon="127.854134"/><trkpt lat="34.855843" lon="127.854113"/><trkpt lat="34.855761" lon="127.854111"/><trkpt lat="34.855652" lon="127.854116"/><trkpt lat="34.855533" lon="127.854141"/><trkpt lat="34.855429" lon="127.854169"/><trkpt lat="34.855328" lon="127.854175"/><trkpt lat="34.855225" lon="127.854139"/><trkpt lat="34.85512" lon="127.85408"/><trkpt lat="34.855029" lon="127.854022"/><trkpt lat="34.85495" lon="127.853969"/><trkpt lat="34.854855" lon="127.853878"/><trkpt lat="34.854777" lon="127.853787"/><trkpt lat="34.854683" lon="127.853671"/><trkpt lat="34.854619" lon="127.853581"/><trkpt lat="34.85456" lon="127.85348"/><trkpt lat="34.854548" lon="127.853349"/><trkpt lat="34.854571" lon="127.853238"/><trkpt lat="34.854604" lon="127.853121"/><trkpt lat="34.854626" lon="127.853012"/><trkpt lat="34.854636" lon="127.852906"/><trkpt lat="34.854643" lon="127.852761"/><trkpt lat="34.854609" lon="127.852619"/><trkpt lat="34.854555" lon="127.852488"/><trkpt lat="34.854493" lon="127.852398"/><trkpt lat="34.854428" lon="127.852302"/><trkpt lat="34.854357" lon="127.852202"/><trkpt lat="34.85427" lon="127.852133"/><trkpt lat="34.854186" lon="127.85206"/><trkpt lat="34.854115" lon="127.851976"/><trkpt lat="34.854029" lon="127.851926"/><trkpt lat="34.85394" lon="127.851921"/><trkpt lat="34.853846" lon="127.851957"/><trkpt lat="34.853765" lon="127.852005"/><trkpt lat="34.853667" lon="127.852071"/><trkpt lat="34.853564" lon="127.852149"/><trkpt lat="34.853467" lon="127.852215"/><trkpt lat="34.853382" lon="127.852286"/><trkpt lat="34.853314" lon="127.852348"/><trkpt lat="34.853218" lon="127.852436"/><trkpt lat="34.853134" lon="127.852485"/><trkpt lat="34.853045" lon="127.852519"/><trkpt lat="34.852966" lon="127.85254"/><trkpt lat="34.852852" lon="127.852563"/><trkpt lat="34.852753" lon="127.8526"/><trkpt lat="34.852686" lon="127.852664"/><trkpt lat="34.852641" lon="127.852797"/><trkpt lat="34.852626" lon="127.852921"/><trkpt lat="34.852597" lon="127.853024"/><trkpt lat="34.85251" lon="127.853121"/><trkpt lat="34.852407" lon="127.853208"/><trkpt lat="34.852338" lon="127.853277"/><trkpt lat="34.852256" lon="127.853344"/><trkpt lat="34.852186" lon="127.853406"/><trkpt lat="34.852119" lon="127.853504"/><trkpt lat="34.85208" lon="127.853587"/><trkpt lat="34.852041" lon="127.853677"/><trkpt lat="34.851972" lon="127.853771"/><trkpt lat="34.851867" lon="127.853849"/><trkpt lat="34.851772" lon="127.853908"/><trkpt lat="34.851699" lon="127.853945"/><trkpt lat="34.851609" lon="127.85397"/><trkpt lat="34.851512" lon="127.853977"/><trkpt lat="34.851409" lon="127.853962"/><trkpt lat="34.851312" lon="127.853939"/><trkpt lat="34.851215" lon="127.853979"/><trkpt lat="34.851157" lon="127.854044"/><trkpt lat="34.851065" lon="127.854132"/><trkpt lat="34.850983" lon="127.854192"/><trkpt lat="34.850894" lon="127.854247"/><trkpt lat="34.850801" lon="127.854282"/><trkpt lat="34.850716" lon="127.854332"/><trkpt lat="34.850639" lon="127.854389"/><trkpt lat="34.850557" lon="127.854456"/><trkpt lat="34.850487" lon="127.854515"/><trkpt lat="34.850407" lon="127.854588"/><trkpt lat="34.850329" lon="127.854671"/><trkpt lat="34.850236" lon="127.854737"/><trkpt lat="34.850158" lon="127.854765"/><trkpt lat="34.850078" lon="127.854762"/><trkpt lat="34.849972" lon="127.854716"/><trkpt lat="34.849875" lon="127.854672"/><trkpt lat="34.849782" lon="127.854647"/><trkpt lat="34.849671" lon="127.854634"/><trkpt lat="34.849573" lon="127.854643"/><trkpt lat="34.849468" lon="127.854662"/><trkpt lat="34.849373" lon="127.854679"/><trkpt lat="34.849263" lon="127.854689"/><trkpt lat="34.849167" lon="127.854695"/><trkpt lat="34.849076" lon="127.854708"/><trkpt lat="34.848995" lon="127.854728"/><trkpt lat="34.848882" lon="127.854724"/><trkpt lat="34.848814" lon="127.854672"/><trkpt lat="34.848748" lon="127.854588"/><trkpt lat="34.848688" lon="127.854487"/><trkpt lat="34.848647" lon="127.854377"/><trkpt lat="34.848633" lon="127.854271"/><trkpt lat="34.848632" lon="127.854132"/><trkpt lat="34.848619" lon="127.854025"/><trkpt lat="34.848576" lon="127.853902"/><trkpt lat="34.84851" lon="127.853814"/><trkpt lat="34.848432" lon="127.853719"/><trkpt lat="34.848364" lon="127.853636"/><trkpt lat="34.848303" lon="127.853522"/><trkpt lat="34.848257" lon="127.853402"/><trkpt lat="34.848231" lon="127.853295"/><trkpt lat="34.84824" lon="127.85316"/><trkpt lat="34.848261" lon="127.853035"/><trkpt lat="34.848258" lon="127.852906"/><trkpt lat="34.848193" lon="127.85278"/><trkpt lat="34.848116" lon="127.852693"/><trkpt lat="34.848038" lon="127.852628"/><trkpt lat="34.847937" lon="127.85256"/><trkpt lat="34.84784" lon="127.852508"/><trkpt lat="34.847744" lon="127.852448"/><trkpt lat="34.847673" lon="127.852383"/><trkpt lat="34.84762" lon="127.852285"/><trkpt lat="34.847587" lon="127.852165"/><trkpt lat="34.847562" lon="127.852041"/><trkpt lat="34.847539" lon="127.851916"/><trkpt lat="34.847499" lon="127.851775"/><trkpt lat="34.847478" lon="127.851666"/><trkpt lat="34.847481" lon="127.851556"/><trkpt lat="34.847504" lon="127.851408"/><trkpt lat="34.847517" lon="127.851265"/><trkpt lat="34.847538" lon="127.851152"/><trkpt lat="34.847567" lon="127.851048"/><trkpt lat="34.84761" lon="127.850925"/><trkpt lat="34.847649" lon="127.850814"/><trkpt lat="34.847657" lon="127.850681"/><trkpt lat="34.847604" lon="127.850599"/><trkpt lat="34.847518" lon="127.850525"/><trkpt lat="34.847418" lon="127.850463"/><trkpt lat="34.847337" lon="127.850416"/><trkpt lat="34.847259" lon="127.850365"/><trkpt lat="34.847186" lon="127.850296"/><trkpt lat="34.847115" lon="127.850204"/><trkpt lat="34.847049" lon="127.850078"/><trkpt lat="34.847031" lon="127.849978"/><trkpt lat="34.847023" lon="127.849831"/><trkpt lat="34.846992" lon="127.849703"/><trkpt lat="34.846942" lon="127.84958"/><trkpt lat="34.846896" lon="127.849458"/><trkpt lat="34.846864" lon="127.849303"/><trkpt lat="34.846876" lon="127.849172"/><trkpt lat="34.846854" lon="127.849043"/><trkpt lat="34.846812" lon="127.848942"/><trkpt lat="34.846762" lon="127.848815"/><trkpt lat="34.846735" lon="127.848691"/><trkpt lat="34.846707" lon="127.848564"/><trkpt lat="34.846669" lon="127.848464"/><trkpt lat="34.846599" lon="127.848374"/><trkpt lat="34.846498" lon="127.848305"/><trkpt lat="34.846392" lon="127.84823"/><trkpt lat="34.846316" lon="127.848166"/><trkpt lat="34.846277" lon="127.84806"/><trkpt lat="34.846286" lon="127.847939"/><trkpt lat="34.846303" lon="127.847826"/><trkpt lat="34.846333" lon="127.847678"/><trkpt lat="34.846361" lon="127.847539"/><trkpt lat="34.846396" lon="127.847409"/><trkpt lat="34.846436" lon="127.847288"/><trkpt lat="34.846469" lon="127.847175"/><trkpt lat="34.846498" lon="127.847063"/><trkpt lat="34.846525" lon="127.846946"/><trkpt lat="34.846553" lon="127.846841"/><trkpt lat="34.846607" lon="127.84674"/><trkpt lat="34.84668" lon="127.846616"/><trkpt lat="34.846745" lon="127.846506"/><trkpt lat="34.846797" lon="127.846416"/><trkpt lat="34.846838" lon="127.846308"/><trkpt lat="34.846845" lon="127.846156"/><trkpt lat="34.846815" lon="127.84604"/><trkpt lat="34.846788" lon="127.845921"/><trkpt lat="34.846768" lon="127.845786"/><trkpt lat="34.846765" lon="127.845672"/><trkpt lat="34.846756" lon="127.845542"/></trkseg>
<trkseg><trkpt lat="34.86548" lon="127.864905"/><trkpt lat="34.865319" lon="127.864289"/><trkpt lat="34.865296" lon="127.864238"/><trkpt lat="34.865285" lon="127.864193"/><trkpt lat="34.865267" lon="127.864085"/><trkpt lat="34.865252" lon="127.863975"/><trkpt lat="34.865248" lon="127.863928"/><trkpt lat="34.86525" lon="127.863881"/><trkpt lat="34.865256" lon="127.863834"/><trkpt lat="34.865272" lon="127.863725"/><trkpt lat="34.865273" lon="127.863679"/><trkpt lat="34.865263" lon="127.863638"/><trkpt lat="34.865242" lon="127.863598"/><trkpt lat="34.865202" lon="127.863535"/><trkpt lat="34.865176" lon="127.863499"/><trkpt lat="34.865147" lon="127.863467"/><trkpt lat="34.865114" lon="127.863441"/><trkpt lat="34.865066" lon="127.863413"/><trkpt lat="34.864737" lon="127.863264"/><trkpt lat="34.864693" lon="127.863243"/><trkpt lat="34.864672" lon="127.86324"/><trkpt lat="34.864667" lon="127.863253"/><trkpt lat="34.86466" lon="127.863264"/><trkpt lat="34.864638" lon="127.863266"/><trkpt lat="34.864627" lon="127.863276"/><trkpt lat="34.864623" lon="127.8633"/><trkpt lat="34.86461" lon="127.863324"/><trkpt lat="34.864581" lon="127.863334"/><trkpt lat="34.864544" lon="127.863331"/><trkpt lat="34.864506" lon="127.863321"/><trkpt lat="34.864469" lon="127.863304"/><trkpt lat="34.864421" lon="127.863274"/><trkpt lat="34.863991" lon="127.862978"/><trkpt lat="34.863924" lon="127.863012"/><trkpt lat="34.863935" lon="127.863055"/><trkpt lat="34.863924" lon="127.863067"/><trkpt lat="34.863895" lon="127.863065"/><trkpt lat="34.863833" lon="127.863053"/><trkpt lat="34.863755" lon="127.863033"/><trkpt lat="34.863718" lon="127.86302"/><trkpt lat="34.863681" lon="127.863001"/><trkpt lat="34.863621" lon="127.862964"/><trkpt lat="34.86341" lon="127.862826"/><trkpt lat="34.863377" lon="127.862801"/><trkpt lat="34.863347" lon="127.86277"/><trkpt lat="34.863292" lon="127.862699"/><trkpt lat="34.863255" lon="127.862653"/><trkpt lat="34.863212" lon="127.862614"/><trkpt lat="34.863033" lon="127.86247"/><trkpt lat="34.862987" lon="127.862438"/><trkpt lat="34.86295" lon="127.862423"/><trkpt lat="34.862911" lon="127.862419"/><trkpt lat="34.862817" lon="127.862419"/><trkpt lat="34.862764" lon="127.862417"/><trkpt lat="34.862725" lon="127.862411"/><trkpt lat="34.86261" lon="127.862375"/><trkpt lat="34.862331" lon="127.862283"/><trkpt lat="34.862292" lon="127.862274"/><trkpt lat="34.862254" lon="127.86227"/><trkpt lat="34.862137" lon="127.862275"/><trkpt lat="34.862085" lon="127.862275"/><trkpt lat="34.862032" lon="127.862269"/><trkpt lat="34.861808" lon="127.862225"/><trkpt lat="34.861611" lon="127.862186"/><trkpt lat="34.861572" lon="127.862183"/><trkpt lat="34.861536" lon="127.862191"/><trkpt lat="34.861503" lon="127.862212"/><trkpt lat="34.861437" lon="127.862265"/><trkpt lat="34.861403" lon="127.862286"/><trkpt lat="34.861366" lon="127.862297"/><trkpt lat="34.861314" lon="127.862304"/><trkpt lat="34.861104" lon="127.862319"/><trkpt lat="34.861066" lon="127.862325"/><trkpt lat="34.861032" lon="127.862337"/><trkpt lat="34.861008" lon="127.862362"/><trkpt lat="34.860985" lon="127.862409"/><trkpt lat="34.860966" lon="127.862442"/><trkpt lat="34.860936" lon="127.862468"/><trkpt lat="34.860902" lon="127.862488"/><trkpt lat="34.860754" lon="127.862558"/><trkpt lat="34.860692" lon="127.862584"/><trkpt lat="34.860654" lon="127.862595"/><trkpt lat="34.860539" lon="127.862617"/><trkpt lat="34.860436" lon="127.862632"/><trkpt lat="34.860398" lon="127.862633"/><trkpt lat="34.860359" lon="127.862627"/><trkpt lat="34.860294" lon="127.86261"/><trkpt lat="34.860099" lon="127.862554"/><trkpt lat="34.860047" lon="127.862543"/><trkpt lat="34.86001" lon="127.862543"/><trkpt lat="34.859966" lon="127.86256"/><trkpt lat="34.859932" lon="127.86257"/><trkpt lat="34.859895" lon="127.86257"/><trkpt lat="34.859817" lon="127.862556"/><trkpt lat="34.859662" lon="127.862525"/><trkpt lat="34.859623" lon="127.862523"/><trkpt lat="34.859587" lon="127.862531"/><trkpt lat="34.859528" lon="127.862555"/><trkpt lat="34.859495" lon="127.862562"/><trkpt lat="34.859466" lon="127.862548"/><trkpt lat="34.859431" lon="127.86251"/><trkpt lat="34.859402" lon="127.862487"/><trkpt lat="34.859369" lon="127.86248"/><trkpt lat="34.859333" lon="127.862484"/><trkpt lat="34.859245" lon="127.8625"/><trkpt lat="34.859207" lon="127.862504"/><trkpt lat="34.859168" lon="127.862501"/><trkpt lat="34.859129" lon="127.862493"/><trkpt lat="34.858892" lon="127.862429"/><trkpt lat="34.858814" lon="127.862405"/><trkpt lat="34.858777" lon="127.862388"/><trkpt lat="34.858743" lon="127.862366"/><trkpt lat="34.858543" lon="127.862214"/><trkpt lat="34.858502" lon="127.862178"/><trkpt lat="34.858476" lon="127.862145"/><trkpt lat="34.858458" lon="127.862107"/><trkpt lat="34.858428" lon="127.862042"/><trkpt lat="34.858406" lon="127.862008"/><trkpt lat="34.858375" lon="127.86198"/><trkpt lat="34.858331" lon="127.861947"/><trkpt lat="34.858124" lon="127.861805"/><trkpt lat="34.858068" lon="127.861764"/><trkpt lat="34.858039" lon="127.861736"/><trkpt lat="34.858021" lon="127.861703"/><trkpt lat="34.858" lon="127.861659"/><trkpt lat="34.857975" lon="127.861627"/><trkpt lat="34.857934" lon="127.861589"/><trkpt lat="34.85787" lon="127.861533"/><trkpt lat="34.857843" lon="127.8615"/><trkpt lat="34.85782" lon="127.861463"/><trkpt lat="34.857765" lon="127.861356"/><trkpt lat="34.857736" lon="127.861305"/><trkpt lat="34.857709" lon="127.861275"/><trkpt lat="34.857675" lon="127.861258"/><trkpt lat="34.857597" lon="127.861239"/><trkpt lat="34.857558" lon="127.861228"/><trkpt lat="34.857524" lon="127.861211"/><trkpt lat="34.857491" lon="127.861189"/><trkpt lat="34.857462" lon="127.861165"/><trkpt lat="34.857441" lon="127.861135"/><trkpt lat="34.857435" lon="127.861095"/><trkpt lat="34.857437" lon="127.86105"/><trkpt lat="34.857457" lon="127.860893"/><trkpt lat="34.857462" lon="127.860846"/><trkpt lat="34.857462" lon="127.860799"/><trkpt lat="34.857456" lon="127.860738"/><trkpt lat="34.857445" lon="127.860648"/><trkpt lat="34.857445" lon="127.860604"/><trkpt lat="34.857455" lon="127.860563"/><trkpt lat="34.857474" lon="127.860523"/><trkpt lat="34.857507" lon="127.860458"/><trkpt lat="34.85752" lon="127.860417"/><trkpt lat="34.85752" lon="127.860372"/><trkpt lat="34.857513" lon="127.860325"/><trkpt lat="34.857479" lon="127.860166"/><trkpt lat="34.85747" lon="127.860119"/><trkpt lat="34.857468" lon="127.860072"/><trkpt lat="34.857476" lon="127.860028"/><trkpt lat="34.857502" lon="127.859941"/><trkpt lat="34.857514" lon="127.859897"/><trkpt lat="34.85752" lon="127.859853"/><trkpt lat="34.857518" lon="127.859807"/><trkpt lat="34.857511" lon="127.859761"/><trkpt lat="34.857481" lon="127.859592"/></trkseg>
<trkseg><trkpt lat="34.839193" lon="127.869103"/><trkpt lat="34.839546" lon="127.869615"/><trkpt lat="34.839583" lon="127.869663"/><trkpt lat="34.839622" lon="127.869706"/><trkpt lat="34.839765" lon="127.869848"/><trkpt lat="34.839794" lon="127.86988"/><trkpt lat="34.839818" lon="127.869916"/><trkpt lat="34.839832" lon="127.869957"/><trkpt lat="34.839854" lon="127.870029"/><trkpt lat="34.839874" lon="127.870067"/><trkpt lat="34.839898" lon="127.870103"/><trkpt lat="34.839925" lon="127.870135"/><trkpt lat="34.839954" lon="127.87016"/><trkpt lat="34.839989" lon="127.870173"/><trkpt lat="34.840076" lon="127.870188"/><trkpt lat="34.840114" lon="127.870195"/><trkpt lat="34.84015" lon="127.870209"/><trkpt lat="34.840198" lon="127.870235"/><trkpt lat="34.840362" lon="127.870336"/><trkpt lat="34.840395" lon="127.87036"/><trkpt lat="34.840425" lon="127.87039"/><trkpt lat="34.84045" lon="127.870426"/><trkpt lat="34.840565" lon="127.870623"/><trkpt lat="34.840688" lon="127.870834"/><trkpt lat="34.840708" lon="127.870875"/><trkpt lat="34.840725" lon="127.870919"/><trkpt lat="34.84075" lon="127.871011"/><trkpt lat="34.840959" lon="127.871852"/><trkpt lat="34.841014" lon="127.87207"/><trkpt lat="34.841022" lon="127.872118"/><trkpt lat="34.841023" lon="127.872165"/><trkpt lat="34.841019" lon="127.872212"/><trkpt lat="34.841001" lon="127.872356"/><trkpt lat="34.840999" lon="127.872404"/><trkpt lat="34.841001" lon="127.872452"/><trkpt lat="34.841026" lon="127.872679"/><trkpt lat="34.841035" lon="127.872741"/><trkpt lat="34.841048" lon="127.872782"/><trkpt lat="34.841073" lon="127.872808"/><trkpt lat="34.841107" lon="127.872823"/><trkpt lat="34.841184" lon="127.872845"/><trkpt lat="34.841221" lon="127.872857"/><trkpt lat="34.841254" lon="127.872874"/><trkpt lat="34.841274" lon="127.872905"/><trkpt lat="34.841286" lon="127.872946"/><trkpt lat="34.8413" lon="127.87302"/><trkpt lat="34.841311" lon="127.873063"/><trkpt lat="34.841329" lon="127.873103"/><trkpt lat="34.841361" lon="127.873151"/><trkpt lat="34.841411" lon="127.873221"/><trkpt lat="34.841432" lon="127.873258"/><trkpt lat="34.841444" lon="127.873301"/><trkpt lat="34.841448" lon="127.873348"/><trkpt lat="34.841448" lon="127.873561"/><trkpt lat="34.841446" lon="127.873642"/><trkpt lat="34.841441" lon="127.873689"/><trkpt lat="34.841427" lon="127.873727"/><trkpt lat="34.841405" lon="127.873775"/><trkpt lat="34.841396" lon="127.873817"/><trkpt lat="34.841387" lon="127.873891"/><trkpt lat="34.841377" lon="127.873933"/><trkpt lat="34.841358" lon="127.873972"/><trkpt lat="34.84132" lon="127.874032"/><trkpt lat="34.841303" lon="127.874069"/><trkpt lat="34.8413" lon="127.874107"/><trkpt lat="34.841306" lon="127.874159"/><trkpt lat="34.8413" lon="127.874199"/><trkpt lat="34.841283" lon="127.874239"/><trkpt lat="34.841254" lon="127.874291"/><trkpt lat="34.841163" lon="127.874447"/><trkpt lat="34.841144" lon="127.874488"/><trkpt lat="34.84113" lon="127.874531"/><trkpt lat="34.8411" lon="127.874647"/><trkpt lat="34.841086" lon="127.874689"/><trkpt lat="34.841065" lon="127.874728"/><trkpt lat="34.841038" lon="127.874764"/><trkpt lat="34.840983" lon="127.874834"/><trkpt lat="34.840961" lon="127.874871"/><trkpt lat="34.840948" lon="127.874914"/><trkpt lat="34.840945" lon="127.874961"/><trkpt lat="34.840947" lon="127.875141"/><trkpt lat="34.84095" lon="127.875485"/><trkpt lat="34.840952" lon="127.875534"/><trkpt lat="34.84096" lon="127.87558"/><trkpt lat="34.840974" lon="127.875625"/><trkpt lat="34.841042" lon="127.875798"/><trkpt lat="34.84108" lon="127.8759"/><trkpt lat="34.841093" lon="127.875946"/><trkpt lat="34.841143" lon="127.876178"/><trkpt lat="34.841189" lon="127.876395"/><trkpt lat="34.841201" lon="127.87644"/><trkpt lat="34.841217" lon="127.876483"/><trkpt lat="34.84124" lon="127.876522"/><trkpt lat="34.841359" lon="127.876697"/><trkpt lat="34.841608" lon="127.877058"/><trkpt lat="34.84164" lon="127.87711"/><trkpt lat="34.841658" lon="127.87715"/><trkpt lat="34.841667" lon="127.877192"/><trkpt lat="34.841677" lon="127.877249"/><trkpt lat="34.841693" lon="127.877288"/><trkpt lat="34.841715" lon="127.877323"/><trkpt lat="34.841754" lon="127.877381"/><trkpt lat="34.841773" lon="127.877418"/><trkpt lat="34.841784" lon="127.877463"/><trkpt lat="34.841794" lon="127.877558"/><trkpt lat="34.841802" lon="127.877605"/><trkpt lat="34.841816" lon="127.877645"/><trkpt lat="34.84184" lon="127.877679"/><trkpt lat="34.841895" lon="127.877741"/><trkpt lat="34.84192" lon="127.877774"/><trkpt lat="34.84194" lon="127.877814"/><trkpt lat="34.841954" lon="127.877859"/><trkpt lat="34.841993" lon="127.878016"/><trkpt lat="34.842008" lon="127.878061"/><trkpt lat="34.84203" lon="127.878099"/><trkpt lat="34.842057" lon="127.878134"/><trkpt lat="34.842224" lon="127.878317"/><trkpt lat="34.842282" lon="127.878382"/><trkpt lat="34.842305" lon="127.878418"/><trkpt lat="34.842319" lon="127.878459"/><trkpt lat="34.842325" lon="127.878506"/><trkpt lat="34.842333" lon="127.878584"/><trkpt lat="34.842344" lon="127.878628"/><trkpt lat="34.842364" lon="127.878668"/><trkpt lat="34.842413" lon="127.878744"/><trkpt lat="34.842505" lon="127.878882"/><trkpt lat="34.842525" lon="127.878919"/><trkpt lat="34.842531" lon="127.878951"/><trkpt lat="34.842514" lon="127.878976"/><trkpt lat="34.842484" lon="127.878997"/><trkpt lat="34.842416" lon="127.879039"/><trkpt lat="34.842385" lon="127.879066"/><trkpt lat="34.842358" lon="127.879098"/><trkpt lat="34.842326" lon="127.879145"/><trkpt lat="34.842306" lon="127.879181"/><trkpt lat="34.842296" lon="127.879215"/><trkpt lat="34.842301" lon="127.879264"/><trkpt lat="34.842301" lon="127.879307"/><trkpt lat="34.84229" lon="127.879431"/><trkpt lat="34.84229" lon="127.879477"/><trkpt lat="34.842296" lon="127.879523"/><trkpt lat="34.842312" lon="127.879599"/><trkpt lat="34.84234" lon="127.879703"/><trkpt lat="34.842355" lon="127.879746"/><trkpt lat="34.842374" lon="127.879786"/><trkpt lat="34.842407" lon="127.87985"/><trkpt lat="34.842418" lon="127.879889"/><trkpt lat="34.842415" lon="127.879932"/><trkpt lat="34.842404" lon="127.879975"/><trkpt lat="34.842361" lon="127.880108"/><trkpt lat="34.842338" lon="127.880181"/><trkpt lat="34.842331" lon="127.880225"/><trkpt lat="34.842334" lon="127.880269"/><trkpt lat="34.842346" lon="127.880313"/><trkpt lat="34.842373" lon="127.880386"/><trkpt lat="34.842473" lon="127.88065"/><trkpt lat="34.842484" lon="127.880693"/><trkpt lat="34.842485" lon="127.880736"/><trkpt lat="34.842473" lon="127.880779"/><trkpt lat="34.842454" lon="127.880821"/><trkpt lat="34.842267" lon="127.881216"/><trkpt lat="34.842242" lon="127.881273"/><trkpt lat="34.842229" lon="127.881316"/><trkpt lat="34.842232" lon="127.881358"/><trkpt lat="34.842258" lon="127.881393"/><trkpt lat="34.842293" lon="127.881407"/><trkpt lat="34.842303" lon="127.881408"/></trkseg>
<trkseg><trkpt lat="34.833701" lon="127.880661"/><trkpt lat="34.833727" lon="127.880489"/><trkpt lat="34.833733" lon="127.880426"/><trkpt lat="34.833732" lon="127.880379"/><trkpt lat="34.833724" lon="127.880315"/><trkpt lat="34.833686" lon="127.880059"/><trkpt lat="34.833679" lon="127.879995"/><trkpt lat="34.833677" lon="127.879946"/><trkpt lat="34.833686" lon="127.879652"/><trkpt lat="34.833696" lon="127.879374"/><trkpt lat="34.833701" lon="127.879326"/><trkpt lat="34.833717" lon="127.879247"/><trkpt lat="34.833758" lon="127.879074"/><trkpt lat="34.833771" lon="127.87903"/><trkpt lat="34.833788" lon="127.878994"/><trkpt lat="34.833807" lon="127.87897"/><trkpt lat="34.833811" lon="127.878943"/><trkpt lat="34.833803" lon="127.878897"/><trkpt lat="34.833804" lon="127.878856"/><trkpt lat="34.833815" lon="127.878811"/><trkpt lat="34.833842" lon="127.87872"/><trkpt lat="34.83385" lon="127.878677"/><trkpt lat="34.833846" lon="127.878638"/><trkpt lat="34.833814" lon="127.878583"/><trkpt lat="34.833797" lon="127.878548"/><trkpt lat="34.833795" lon="127.878506"/><trkpt lat="34.833801" lon="127.87846"/><trkpt lat="34.833817" lon="127.878367"/><trkpt lat="34.833819" lon="127.878322"/><trkpt lat="34.833818" lon="127.878252"/><trkpt lat="34.833829" lon="127.87821"/><trkpt lat="34.833847" lon="127.87817"/><trkpt lat="34.833928" lon="127.878009"/><trkpt lat="34.833947" lon="127.877968"/><trkpt lat="34.83396" lon="127.877925"/><trkpt lat="34.833967" lon="127.87788"/><trkpt lat="34.833979" lon="127.877788"/><trkpt lat="34.83399" lon="127.877745"/><trkpt lat="34.83401" lon="127.877707"/><trkpt lat="34.834077" lon="127.877615"/><trkpt lat="34.83411" lon="127.877568"/><trkpt lat="34.834132" lon="127.877529"/><trkpt lat="34.834156" lon="127.877473"/><trkpt lat="34.834205" lon="127.877344"/><trkpt lat="34.834219" lon="127.877301"/><trkpt lat="34.834227" lon="127.877256"/><trkpt lat="34.834228" lon="127.877208"/><trkpt lat="34.834222" lon="127.877113"/><trkpt lat="34.834219" lon="127.877049"/><trkpt lat="34.834222" lon="127.877002"/><trkpt lat="34.834237" lon="127.876896"/><trkpt lat="34.834256" lon="127.87679"/><trkpt lat="34.834272" lon="127.87673"/><trkpt lat="34.834307" lon="127.876628"/><trkpt lat="34.834324" lon="127.876585"/><trkpt lat="34.834345" lon="127.876545"/><trkpt lat="34.834396" lon="127.87647"/><trkpt lat="34.83442" lon="127.876431"/><trkpt lat="34.834436" lon="127.876389"/><trkpt lat="34.834447" lon="127.876345"/><trkpt lat="34.834455" lon="127.876299"/><trkpt lat="34.834459" lon="127.876252"/><trkpt lat="34.834458" lon="127.876205"/><trkpt lat="34.834451" lon="127.876111"/><trkpt lat="34.834452" lon="127.876065"/><trkpt lat="34.834463" lon="127.876005"/><trkpt lat="34.834486" lon="127.875899"/><trkpt lat="34.834492" lon="127.875851"/><trkpt lat="34.834499" lon="127.875688"/><trkpt lat="34.834505" lon="127.875508"/><trkpt lat="34.83451" lon="127.875463"/><trkpt lat="34.834523" lon="127.875427"/><trkpt lat="34.834549" lon="127.875408"/><trkpt lat="34.834592" lon="127.875388"/><trkpt lat="34.834626" lon="127.875366"/><trkpt lat="34.834713" lon="127.875291"/><trkpt lat="34.834758" lon="127.875255"/><trkpt lat="34.834793" lon="127.875233"/><trkpt lat="34.834891" lon="127.875183"/><trkpt lat="34.834939" lon="127.875156"/><trkpt lat="34.834971" lon="127.87513"/><trkpt lat="34.834998" lon="127.875096"/><trkpt lat="34.835031" lon="127.875047"/><trkpt lat="34.835138" lon="127.874884"/><trkpt lat="34.835165" lon="127.87485"/><trkpt lat="34.835195" lon="127.874823"/><trkpt lat="34.835274" lon="127.874774"/><trkpt lat="34.835306" lon="127.874752"/><trkpt lat="34.83533" lon="127.874723"/><trkpt lat="34.835342" lon="127.874686"/><trkpt lat="34.835339" lon="127.874652"/><trkpt lat="34.83532" lon="127.874613"/><trkpt lat="34.83532" lon="127.87458"/><trkpt lat="34.835337" lon="127.874544"/><trkpt lat="34.835377" lon="127.874481"/><trkpt lat="34.835447" lon="127.874382"/><trkpt lat="34.835475" lon="127.874347"/><trkpt lat="34.835686" lon="127.874124"/><trkpt lat="34.835887" lon="127.873914"/><trkpt lat="34.835919" lon="127.873886"/><trkpt lat="34.835965" lon="127.873854"/><trkpt lat="34.836283" lon="127.873649"/><trkpt lat="34.836354" lon="127.873607"/><trkpt lat="34.836391" lon="127.873592"/><trkpt lat="34.836442" lon="127.87358"/><trkpt lat="34.836506" lon="127.873568"/><trkpt lat="34.836542" lon="127.873555"/><trkpt lat="34.836576" lon="127.873534"/><trkpt lat="34.836629" lon="127.873489"/><trkpt lat="34.83671" lon="127.87341"/><trkpt lat="34.83677" lon="127.873348"/><trkpt lat="34.836797" lon="127.873314"/><trkpt lat="34.83682" lon="127.873276"/><trkpt lat="34.836862" lon="127.873193"/><trkpt lat="34.836944" lon="127.873026"/><trkpt lat="34.836967" lon="127.872987"/><trkpt lat="34.836995" lon="127.872954"/><trkpt lat="34.837026" lon="127.872925"/><trkpt lat="34.837168" lon="127.872809"/><trkpt lat="34.837211" lon="127.872772"/><trkpt lat="34.837241" lon="127.87274"/><trkpt lat="34.837305" lon="127.872658"/><trkpt lat="34.837413" lon="127.872513"/><trkpt lat="34.837437" lon="127.872475"/><trkpt lat="34.837464" lon="127.872419"/><trkpt lat="34.837644" lon="127.871964"/><trkpt lat="34.837675" lon="127.871893"/><trkpt lat="34.837697" lon="127.871855"/><trkpt lat="34.837733" lon="127.871801"/><trkpt lat="34.837751" lon="127.871759"/><trkpt lat="34.837772" lon="127.871682"/><trkpt lat="34.837829" lon="127.871447"/><trkpt lat="34.837842" lon="127.871384"/><trkpt lat="34.837847" lon="127.871337"/><trkpt lat="34.837851" lon="127.871274"/><trkpt lat="34.837857" lon="127.871148"/><trkpt lat="34.837863" lon="127.871103"/><trkpt lat="34.837876" lon="127.871059"/><trkpt lat="34.837903" lon="127.871004"/><trkpt lat="34.838184" lon="127.870507"/><trkpt lat="34.838228" lon="127.870426"/><trkpt lat="34.838252" lon="127.870369"/><trkpt lat="34.838308" lon="127.870209"/><trkpt lat="34.838332" lon="127.870135"/><trkpt lat="34.838343" lon="127.87009"/><trkpt lat="34.838351" lon="127.870019"/><trkpt lat="34.838359" lon="127.869978"/><trkpt lat="34.838377" lon="127.869936"/><trkpt lat="34.838413" lon="127.86987"/><trkpt lat="34.838568" lon="127.869606"/><trkpt lat="34.838593" lon="127.869568"/><trkpt lat="34.838621" lon="127.869535"/><trkpt lat="34.838662" lon="127.869496"/><trkpt lat="34.838811" lon="127.869365"/><trkpt lat="34.838865" lon="127.869321"/><trkpt lat="34.838899" lon="127.869298"/><trkpt lat="34.839069" lon="127.869211"/><trkpt lat="34.839132" lon="127.869176"/><trkpt lat="34.839171" lon="127.869144"/><trkpt lat="34.839192" lon="127.869113"/><trkpt lat="34.839193" lon="127.869103"/></trkseg>
<trkseg><trkpt lat="34.839492" lon="127.819691"/><trkpt lat="34.839571" lon="127.819792"/><trkpt lat="34.839606" lon="127.819841"/><trkpt lat="34.839625" lon="127.819879"/><trkpt lat="34.839634" lon="127.81992"/><trkpt lat="34.839635" lon="127.819966"/><trkpt lat="34.839623" lon="127.820137"/><trkpt lat="34.839622" lon="127.820183"/><trkpt lat="34.839626" lon="127.820231"/><trkpt lat="34.839636" lon="127.820295"/><trkpt lat="34.839757" lon="127.820918"/><trkpt lat="34.83977" lon="127.820998"/><trkpt lat="34.839775" lon="127.821046"/><trkpt lat="34.839776" lon="127.821127"/><trkpt lat="34.83977" lon="127.821354"/><trkpt lat="34.83977" lon="127.821419"/><trkpt lat="34.839774" lon="127.821467"/><trkpt lat="34.839786" lon="127.821528"/><trkpt lat="34.839811" lon="127.821651"/><trkpt lat="34.839815" lon="127.821697"/><trkpt lat="34.839809" lon="127.821741"/><trkpt lat="34.839798" lon="127.821786"/><trkpt lat="34.839776" lon="127.821859"/><trkpt lat="34.83976" lon="127.821901"/><trkpt lat="34.83974" lon="127.821943"/><trkpt lat="34.839621" lon="127.822155"/><trkpt lat="34.839501" lon="127.822366"/><trkpt lat="34.839476" lon="127.822403"/><trkpt lat="34.839447" lon="127.822435"/><trkpt lat="34.839381" lon="127.822491"/><trkpt lat="34.839132" lon="127.822688"/><trkpt lat="34.839101" lon="127.822719"/><trkpt lat="34.839077" lon="127.822756"/><trkpt lat="34.839057" lon="127.822798"/><trkpt lat="34.838977" lon="127.823005"/><trkpt lat="34.838962" lon="127.82305"/><trkpt lat="34.838952" lon="127.823096"/><trkpt lat="34.838951" lon="127.823143"/><trkpt lat="34.838956" lon="127.82319"/><trkpt lat="34.838963" lon="127.823237"/><trkpt lat="34.838975" lon="127.823281"/><trkpt lat="34.838997" lon="127.823318"/><trkpt lat="34.839027" lon="127.82335"/><trkpt lat="34.839157" lon="127.823467"/><trkpt lat="34.839211" lon="127.823517"/><trkpt lat="34.839239" lon="127.82355"/><trkpt lat="34.839262" lon="127.823589"/><trkpt lat="34.839288" lon="127.823645"/><trkpt lat="34.839323" lon="127.823732"/><trkpt lat="34.839335" lon="127.823777"/><trkpt lat="34.839338" lon="127.823824"/><trkpt lat="34.839335" lon="127.823888"/><trkpt lat="34.839306" lon="127.824308"/><trkpt lat="34.83929" lon="127.824534"/><trkpt lat="34.839283" lon="127.82458"/><trkpt lat="34.83927" lon="127.824622"/><trkpt lat="34.839243" lon="127.824672"/><trkpt lat="34.839225" lon="127.82471"/><trkpt lat="34.839213" lon="127.824776"/><trkpt lat="34.839204" lon="127.824816"/><trkpt lat="34.839185" lon="127.824855"/><trkpt lat="34.83916" lon="127.824888"/><trkpt lat="34.839128" lon="127.824913"/><trkpt lat="34.839056" lon="127.824952"/><trkpt lat="34.838822" lon="127.825063"/><trkpt lat="34.838466" lon="127.825123"/><trkpt lat="34.838275" lon="127.825202"/><trkpt lat="34.838101" lon="127.825198"/><trkpt lat="34.837937" lon="127.825132"/><trkpt lat="34.837867" lon="127.825189"/><trkpt lat="34.837919" lon="127.825355"/><trkpt lat="34.837827" lon="127.825496"/><trkpt lat="34.837703" lon="127.825509"/><trkpt lat="34.837435" lon="127.825364"/><trkpt lat="34.83727" lon="127.82536"/><trkpt lat="34.837242" lon="127.82564"/><trkpt lat="34.837271" lon="127.825892"/><trkpt lat="34.837211" lon="127.826294"/><trkpt lat="34.837125" lon="127.826767"/><trkpt lat="34.837019" lon="127.827157"/><trkpt lat="34.837046" lon="127.827504"/><trkpt lat="34.836997" lon="127.827657"/><trkpt lat="34.83684" lon="127.828207"/><trkpt lat="34.836815" lon="127.828242"/><trkpt lat="34.836795" lon="127.82828"/><trkpt lat="34.836783" lon="127.828324"/><trkpt lat="34.836777" lon="127.828371"/><trkpt lat="34.836755" lon="127.828626"/><trkpt lat="34.836745" lon="127.828705"/><trkpt lat="34.836735" lon="127.82875"/><trkpt lat="34.836714" lon="127.828807"/><trkpt lat="34.836635" lon="127.828987"/><trkpt lat="34.836619" lon="127.829029"/><trkpt lat="34.836608" lon="127.829074"/><trkpt lat="34.836603" lon="127.829121"/><trkpt lat="34.836598" lon="127.829348"/><trkpt lat="34.836595" lon="127.829445"/><trkpt lat="34.83659" lon="127.829492"/><trkpt lat="34.836579" lon="127.829538"/><trkpt lat="34.836553" lon="127.82961"/><trkpt lat="34.836543" lon="127.829652"/><trkpt lat="34.836546" lon="127.829691"/><trkpt lat="34.836556" lon="127.829743"/><trkpt lat="34.836553" lon="127.829788"/><trkpt lat="34.836539" lon="127.829864"/><trkpt lat="34.836535" lon="127.829911"/><trkpt lat="34.836538" lon="127.829958"/><trkpt lat="34.836546" lon="127.830035"/><trkpt lat="34.836543" lon="127.830078"/><trkpt lat="34.836528" lon="127.830118"/><trkpt lat="34.836506" lon="127.830155"/><trkpt lat="34.83646" lon="127.830229"/><trkpt lat="34.836446" lon="127.830266"/><trkpt lat="34.836448" lon="127.830304"/><trkpt lat="34.836464" lon="127.830343"/><trkpt lat="34.836496" lon="127.830409"/><trkpt lat="34.836509" lon="127.83045"/><trkpt lat="34.836508" lon="127.830496"/><trkpt lat="34.836497" lon="127.830558"/><trkpt lat="34.836448" lon="127.830763"/><trkpt lat="34.836427" lon="127.830858"/><trkpt lat="34.836421" lon="127.830904"/><trkpt lat="34.836418" lon="127.83096"/><trkpt lat="34.836405" lon="127.830993"/><trkpt lat="34.836379" lon="127.831021"/><trkpt lat="34.83632" lon="127.831075"/><trkpt lat="34.836297" lon="127.831107"/><trkpt lat="34.836286" lon="127.831147"/><trkpt lat="34.83628" lon="127.831239"/><trkpt lat="34.836275" lon="127.831284"/><trkpt lat="34.836261" lon="127.831322"/><trkpt lat="34.836236" lon="127.831354"/><trkpt lat="34.836196" lon="127.831391"/><trkpt lat="34.83609" lon="127.831481"/><trkpt lat="34.836061" lon="127.831512"/><trkpt lat="34.836036" lon="127.831548"/><trkpt lat="34.836005" lon="127.831601"/><trkpt lat="34.835825" lon="127.831922"/><trkpt lat="34.83575" lon="127.832056"/><trkpt lat="34.835731" lon="127.832096"/><trkpt lat="34.835724" lon="127.832135"/><trkpt lat="34.835736" lon="127.832174"/><trkpt lat="34.835759" lon="127.832212"/><trkpt lat="34.835802" lon="127.832274"/><trkpt lat="34.835824" lon="127.832311"/><trkpt lat="34.835833" lon="127.832347"/><trkpt lat="34.83582" lon="127.83238"/><trkpt lat="34.83578" lon="127.832437"/><trkpt lat="34.83576" lon="127.832475"/><trkpt lat="34.83572" lon="127.832571"/><trkpt lat="34.835701" lon="127.832609"/><trkpt lat="34.835678" lon="127.83264"/><trkpt lat="34.835649" lon="127.832675"/><trkpt lat="34.835643" lon="127.832702"/><trkpt lat="34.835659" lon="127.832733"/><trkpt lat="34.835698" lon="127.832789"/><trkpt lat="34.835719" lon="127.832828"/><trkpt lat="34.835732" lon="127.832871"/><trkpt lat="34.835755" lon="127.832978"/><trkpt lat="34.835766" lon="127.833021"/><trkpt lat="34.835785" lon="127.83306"/><trkpt lat="34.835811" lon="127.833092"/><trkpt lat="34.835871" lon="127.83315"/><trkpt lat="34.835909" lon="127.833189"/><trkpt lat="34.835928" lon="127.83322"/><trkpt lat="34.835929" lon="127.833255"/><trkpt lat="34.835915" lon="127.833294"/><trkpt lat="34.835881" lon="127.833362"/><trkpt lat="34.835864" lon="127.833403"/><trkpt lat="34.835857" lon="127.833445"/><trkpt lat="34.835859" lon="127.833502"/><trkpt lat="34.835853" lon="127.833545"/><trkpt lat="34.835838" lon="127.833586"/><trkpt lat="34.83578" lon="127.833709"/><trkpt lat="34.835749" lon="127.833778"/><trkpt lat="34.835734" lon="127.833821"/><trkpt lat="34.835726" lon="127.833864"/><trkpt lat="34.835718" lon="127.833935"/><trkpt lat="34.835705" lon="127.833975"/><trkpt lat="34.835672" lon="127.834038"/><trkpt lat="34.835654" lon="127.834075"/><trkpt lat="34.835644" lon="127.834115"/><trkpt lat="34.835645" lon="127.83416"/><trkpt lat="34.835656" lon="127.834251"/><trkpt lat="34.835657" lon="127.834295"/><trkpt lat="34.835649" lon="127.834333"/><trkpt lat="34.835635" lon="127.834381"/><trkpt lat="34.835634" lon="127.834421"/><trkpt lat="34.835642" lon="127.834478"/><trkpt lat="34.835639" lon="127.834521"/><trkpt lat="34.835627" lon="127.834565"/><trkpt lat="34.835549" lon="127.83477"/><trkpt lat="34.835528" lon="127.834828"/><trkpt lat="34.835517" lon="127.834873"/><trkpt lat="34.835515" lon="127.834918"/><trkpt lat="34.835522" lon="127.834978"/><trkpt lat="34.835538" lon="127.835069"/><trkpt lat="34.83554" lon="127.835113"/><trkpt lat="34.835533" lon="127.835156"/><trkpt lat="34.835517" lon="127.835197"/><trkpt lat="34.835477" lon="127.835277"/><trkpt lat="34.835447" lon="127.835328"/><trkpt lat="34.83542" lon="127.835361"/><trkpt lat="34.835388" lon="127.835387"/><trkpt lat="34.835321" lon="127.835435"/><trkpt lat="34.83529" lon="127.83546"/><trkpt lat="34.835269" lon="127.83549"/><trkpt lat="34.835261" lon="127.835525"/><trkpt lat="34.835256" lon="127.835576"/><trkpt lat="34.835244" lon="127.835616"/><trkpt lat="34.835225" lon="127.835655"/><trkpt lat="34.835203" lon="127.835692"/><trkpt lat="34.835176" lon="127.835725"/><trkpt lat="34.835096" lon="127.835804"/><trkpt lat="34.835068" lon="127.835834"/><trkpt lat="34.835046" lon="127.835867"/><trkpt lat="34.835036" lon="127.835905"/><trkpt lat="34.835033" lon="127.835961"/><trkpt lat="34.835024" lon="127.836001"/><trkpt lat="34.835004" lon="127.836037"/><trkpt lat="34.834978" lon="127.836072"/><trkpt lat="34.834876" lon="127.836194"/><trkpt lat="34.834851" lon="127.836229"/><trkpt lat="34.834833" lon="127.836267"/><trkpt lat="34.834828" lon="127.836307"/><trkpt lat="34.834833" lon="127.836349"/><trkpt lat="34.83485" lon="127.836388"/><trkpt lat="34.834881" lon="127.836437"/><trkpt lat="34.834897" lon="127.836475"/><trkpt lat="34.834895" lon="127.836515"/><trkpt lat="34.83488" lon="127.836586"/><trkpt lat="34.834878" lon="127.836632"/><trkpt lat="34.834887" lon="127.836728"/><trkpt lat="34.83489" lon="127.836775"/><trkpt lat="34.834887" lon="127.836822"/><trkpt lat="34.834876" lon="127.8369"/><trkpt lat="34.834877" lon="127.836947"/><trkpt lat="34.834884" lon="127.837025"/><trkpt lat="34.834893" lon="127.83707"/><trkpt lat="34.834907" lon="127.837113"/><trkpt lat="34.834946" lon="127.837209"/><trkpt lat="34.834958" lon="127.83725"/><trkpt lat="34.83496" lon="127.837292"/><trkpt lat="34.834948" lon="127.837334"/><trkpt lat="34.83489" lon="127.837462"/><trkpt lat="34.834867" lon="127.837519"/><trkpt lat="34.834858" lon="127.837562"/><trkpt lat="34.834863" lon="127.837607"/><trkpt lat="34.834881" lon="127.837683"/><trkpt lat="34.834886" lon="127.83773"/><trkpt lat="34.834887" lon="127.837777"/><trkpt lat="34.834882" lon="127.837887"/><trkpt lat="34.834876" lon="127.837948"/><trkpt lat="34.834865" lon="127.837989"/><trkpt lat="34.834842" lon="127.838024"/><trkpt lat="34.834793" lon="127.838076"/><trkpt lat="34.834765" lon="127.838109"/><trkpt lat="34.834743" lon="127.838147"/><trkpt lat="34.834726" lon="127.83819"/><trkpt lat="34.834676" lon="127.838338"/><trkpt lat="34.834658" lon="127.83838"/><trkpt lat="34.834635" lon="127.838416"/><trkpt lat="34.834605" lon="127.838445"/><trkpt lat="34.834527" lon="127.838506"/><trkpt lat="34.834496" lon="127.838535"/><trkpt lat="34.834469" lon="127.838569"/><trkpt lat="34.834438" lon="127.838619"/><trkpt lat="34.83441" lon="127.838672"/><trkpt lat="34.834392" lon="127.838714"/><trkpt lat="34.834367" lon="127.838802"/><trkpt lat="34.834353" lon="127.838845"/><trkpt lat="34.834334" lon="127.838885"/><trkpt lat="34.834289" lon="127.838959"/><trkpt lat="34.834271" lon="127.838998"/><trkpt lat="34.834263" lon="127.839039"/><trkpt lat="34.834261" lon="127.839082"/><trkpt lat="34.834264" lon="127.839125"/><trkpt lat="34.834275" lon="127.839164"/><trkpt lat="34.834295" lon="127.839225"/><trkpt lat="34.834292" lon="127.839262"/><trkpt lat="34.834275" lon="127.839302"/><trkpt lat="34.834247" lon="127.839351"/><trkpt lat="34.834209" lon="127.839412"/></trkseg>
<trkseg><trkpt lat="34.833701" lon="127.880661"/><trkpt lat="34.833702" lon="127.880721"/><trkpt lat="34.833709" lon="127.88078"/><trkpt lat="34.833731" lon="127.880817"/><trkpt lat="34.83376" lon="127.880841"/><trkpt lat="34.833823" lon="127.880889"/><trkpt lat="34.833852" lon="127.880919"/><trkpt lat="34.833888" lon="127.880967"/><trkpt lat="34.833957" lon="127.881068"/><trkpt lat="34.83398" lon="127.881107"/><trkpt lat="34.833997" lon="127.881148"/><trkpt lat="34.834009" lon="127.881193"/><trkpt lat="34.834028" lon="127.881301"/><trkpt lat="34.834039" lon="127.881346"/><trkpt lat="34.834056" lon="127.88139"/><trkpt lat="34.834129" lon="127.881547"/><trkpt lat="34.834165" lon="127.881616"/><trkpt lat="34.83419" lon="127.881652"/><trkpt lat="34.83422" lon="127.88168"/><trkpt lat="34.834254" lon="127.881704"/><trkpt lat="34.834371" lon="127.881777"/><trkpt lat="34.834419" lon="127.881803"/><trkpt lat="34.834456" lon="127.881817"/><trkpt lat="34.834525" lon="127.881831"/><trkpt lat="34.834552" lon="127.881844"/><trkpt lat="34.834564" lon="127.881871"/><trkpt lat="34.834566" lon="127.881921"/><trkpt lat="34.834575" lon="127.881955"/><trkpt lat="34.834599" lon="127.881987"/><trkpt lat="34.834612" lon="127.882011"/><trkpt lat="34.834609" lon="127.882041"/><trkpt lat="34.834602" lon="127.882096"/><trkpt lat="34.834592" lon="127.882188"/><trkpt lat="34.834583" lon="127.882228"/><trkpt lat="34.834569" lon="127.882263"/><trkpt lat="34.834578" lon="127.882285"/><trkpt lat="34.834623" lon="127.882323"/><trkpt lat="34.834668" lon="127.882374"/><trkpt lat="34.834701" lon="127.882396"/><trkpt lat="34.834739" lon="127.882408"/><trkpt lat="34.834803" lon="127.882425"/><trkpt lat="34.834832" lon="127.882441"/><trkpt lat="34.834844" lon="127.88247"/><trkpt lat="34.834839" lon="127.882536"/><trkpt lat="34.834839" lon="127.882576"/><trkpt lat="34.834851" lon="127.88261"/><trkpt lat="34.834876" lon="127.88265"/><trkpt lat="34.834887" lon="127.882692"/><trkpt lat="34.8349" lon="127.882722"/><trkpt lat="34.834945" lon="127.882829"/><trkpt lat="34.834954" lon="127.882882"/><trkpt lat="34.834955" lon="127.882923"/><trkpt lat="34.834941" lon="127.88296"/><trkpt lat="34.834919" lon="127.882995"/><trkpt lat="34.834858" lon="127.883076"/><trkpt lat="34.834836" lon="127.883112"/><trkpt lat="34.834822" lon="127.883152"/><trkpt lat="34.834819" lon="127.883197"/><trkpt lat="34.834823" lon="127.883277"/><trkpt lat="34.834835" lon="127.883422"/><trkpt lat="34.834843" lon="127.883466"/><trkpt lat="34.834862" lon="127.8835"/><trkpt lat="34.834891" lon="127.883523"/><trkpt lat="34.834926" lon="127.88354"/><trkpt lat="34.83501" lon="127.883579"/><trkpt lat="34.835042" lon="127.883601"/><trkpt lat="34.835066" lon="127.883634"/><trkpt lat="34.835095" lon="127.883703"/><trkpt lat="34.835113" lon="127.883741"/><trkpt lat="34.835138" lon="127.883766"/><trkpt lat="34.835172" lon="127.883773"/><trkpt lat="34.83521" lon="127.883772"/><trkpt lat="34.835314" lon="127.883766"/><trkpt lat="34.835353" lon="127.883769"/><trkpt lat="34.83539" lon="127.88378"/><trkpt lat="34.835439" lon="127.883803"/><trkpt lat="34.835487" lon="127.883829"/><trkpt lat="34.83552" lon="127.883853"/><trkpt lat="34.835547" lon="127.883885"/><trkpt lat="34.835582" lon="127.88394"/><trkpt lat="34.835705" lon="127.884341"/></trkseg>
<trkseg><trkpt lat="34.83241" lon="127.886979"/><trkpt lat="34.832329" lon="127.886574"/><trkpt lat="34.83232" lon="127.886518"/><trkpt lat="34.832303" lon="127.886474"/><trkpt lat="34.832185" lon="127.886239"/><trkpt lat="34.83194" lon="127.885755"/><trkpt lat="34.831906" lon="127.885686"/><trkpt lat="34.831891" lon="127.885642"/><trkpt lat="34.831884" lon="127.885598"/><trkpt lat="34.831882" lon="127.885554"/><trkpt lat="34.831884" lon="127.88551"/><trkpt lat="34.831892" lon="127.885467"/><trkpt lat="34.831908" lon="127.885426"/><trkpt lat="34.831944" lon="127.885347"/><trkpt lat="34.831959" lon="127.885304"/><trkpt lat="34.831969" lon="127.885258"/><trkpt lat="34.831988" lon="127.885147"/><trkpt lat="34.831995" lon="127.885083"/><trkpt lat="34.831997" lon="127.885035"/><trkpt lat="34.831994" lon="127.884986"/><trkpt lat="34.831942" lon="127.884533"/><trkpt lat="34.831931" lon="127.884453"/><trkpt lat="34.83192" lon="127.884406"/><trkpt lat="34.8319" lon="127.884348"/><trkpt lat="34.831849" lon="127.884218"/><trkpt lat="34.831834" lon="127.884175"/><trkpt lat="34.831824" lon="127.88413"/><trkpt lat="34.831821" lon="127.884084"/><trkpt lat="34.831818" lon="127.883928"/><trkpt lat="34.831814" lon="127.883883"/><trkpt lat="34.831804" lon="127.883836"/><trkpt lat="34.831777" lon="127.883745"/><trkpt lat="34.831696" lon="127.883487"/><trkpt lat="34.831684" lon="127.883441"/><trkpt lat="34.831676" lon="127.883393"/><trkpt lat="34.83167" lon="127.883329"/><trkpt lat="34.831659" lon="127.8832"/><trkpt lat="34.831651" lon="127.883152"/><trkpt lat="34.831639" lon="127.88311"/><trkpt lat="34.831606" lon="127.883028"/><trkpt lat="34.831581" lon="127.882975"/><trkpt lat="34.831557" lon="127.882937"/><trkpt lat="34.831504" lon="127.882864"/><trkpt lat="34.831389" lon="127.882706"/><trkpt lat="34.831366" lon="127.882668"/><trkpt lat="34.831348" lon="127.882625"/><trkpt lat="34.831336" lon="127.88258"/><trkpt lat="34.831301" lon="127.882422"/><trkpt lat="34.831289" lon="127.882359"/><trkpt lat="34.831285" lon="127.882313"/><trkpt lat="34.831292" lon="127.882268"/><trkpt lat="34.831309" lon="127.882225"/><trkpt lat="34.831349" lon="127.88214"/><trkpt lat="34.831378" lon="127.882085"/><trkpt lat="34.831404" lon="127.882048"/><trkpt lat="34.831432" lon="127.882017"/><trkpt lat="34.831521" lon="127.881929"/><trkpt lat="34.831559" lon="127.881888"/><trkpt lat="34.831584" lon="127.881853"/><trkpt lat="34.831605" lon="127.881812"/><trkpt lat="34.831666" lon="127.881667"/><trkpt lat="34.831697" lon="127.881595"/><trkpt lat="34.831719" lon="127.881556"/><trkpt lat="34.831747" lon="127.881526"/><trkpt lat="34.83178" lon="127.881502"/><trkpt lat="34.83192" lon="127.881419"/><trkpt lat="34.832024" lon="127.881354"/><trkpt lat="34.832081" lon="127.88131"/><trkpt lat="34.832568" lon="127.880897"/><trkpt lat="34.832613" lon="127.880861"/><trkpt lat="34.832648" lon="127.880839"/><trkpt lat="34.832686" lon="127.880821"/><trkpt lat="34.83275" lon="127.880797"/><trkpt lat="34.832789" lon="127.880785"/><trkpt lat="34.832828" lon="127.88078"/><trkpt lat="34.832868" lon="127.880783"/><trkpt lat="34.832974" lon="127.880801"/><trkpt lat="34.833013" lon="127.880804"/><trkpt lat="34.833051" lon="127.880798"/><trkpt lat="34.833087" lon="127.88078"/><trkpt lat="34.833146" lon="127.88074"/><trkpt lat="34.833309" lon="127.880624"/><trkpt lat="34.833344" lon="127.880604"/><trkpt lat="34.833381" lon="127.880593"/><trkpt lat="34.833419" lon="127.880595"/><trkpt lat="34.833483" lon="127.880608"/><trkpt lat="34.833701" lon="127.880661"/></trkseg>
<trkseg><trkpt lat="34.83865" lon="127.84112"/><trkpt lat="34.838639" lon="127.841121"/><trkpt lat="34.838615" lon="127.841104"/><trkpt lat="34.838575" lon="127.841054"/><trkpt lat="34.838545" lon="127.841031"/><trkpt lat="34.83849" lon="127.841007"/><trkpt lat="34.838457" lon="127.840992"/><trkpt lat="34.838426" lon="127.840966"/><trkpt lat="34.8384" lon="127.840932"/><trkpt lat="34.838341" lon="127.840846"/><trkpt lat="34.838208" lon="127.840647"/><trkpt lat="34.838181" lon="127.840613"/><trkpt lat="34.838152" lon="127.840588"/><trkpt lat="34.838117" lon="127.84058"/><trkpt lat="34.838079" lon="127.840579"/><trkpt lat="34.838015" lon="127.840581"/><trkpt lat="34.837979" lon="127.840574"/><trkpt lat="34.837947" lon="127.840553"/><trkpt lat="34.837918" lon="127.840524"/><trkpt lat="34.837872" lon="127.84047"/><trkpt lat="34.837849" lon="127.840436"/><trkpt lat="34.837832" lon="127.840402"/><trkpt lat="34.837816" lon="127.840362"/><trkpt lat="34.837791" lon="127.840335"/><trkpt lat="34.837758" lon="127.840314"/><trkpt lat="34.837651" lon="127.840257"/><trkpt lat="34.837602" lon="127.840235"/><trkpt lat="34.837565" lon="127.840224"/><trkpt lat="34.837513" lon="127.840218"/><trkpt lat="34.837343" lon="127.840212"/><trkpt lat="34.837291" lon="127.840206"/><trkpt lat="34.837253" lon="127.840195"/><trkpt lat="34.837178" lon="127.840163"/><trkpt lat="34.837054" lon="127.840105"/><trkpt lat="34.837016" lon="127.840093"/><trkpt lat="34.836978" lon="127.840089"/><trkpt lat="34.836939" lon="127.840093"/><trkpt lat="34.836849" lon="127.840105"/><trkpt lat="34.836812" lon="127.840103"/><trkpt lat="34.836779" lon="127.840086"/><trkpt lat="34.836749" lon="127.840057"/><trkpt lat="34.836683" lon="127.839977"/><trkpt lat="34.836654" lon="127.839947"/><trkpt lat="34.836623" lon="127.839928"/><trkpt lat="34.83659" lon="127.839929"/><trkpt lat="34.836554" lon="127.839941"/><trkpt lat="34.836494" lon="127.839964"/><trkpt lat="34.836457" lon="127.839971"/><trkpt lat="34.83642" lon="127.839964"/><trkpt lat="34.836371" lon="127.839945"/><trkpt lat="34.836099" lon="127.839818"/><trkpt lat="34.83605" lon="127.839799"/><trkpt lat="34.836012" lon="127.839794"/><trkpt lat="34.835973" lon="127.839799"/><trkpt lat="34.835842" lon="127.839836"/><trkpt lat="34.835763" lon="127.839855"/><trkpt lat="34.835724" lon="127.839859"/><trkpt lat="34.835685" lon="127.839857"/><trkpt lat="34.835581" lon="127.839842"/><trkpt lat="34.835517" lon="127.839829"/><trkpt lat="34.835481" lon="127.839816"/><trkpt lat="34.835411" lon="127.839775"/><trkpt lat="34.835376" lon="127.839756"/><trkpt lat="34.83534" lon="127.839746"/><trkpt lat="34.835302" lon="127.839741"/><trkpt lat="34.835199" lon="127.839736"/><trkpt lat="34.835162" lon="127.839731"/><trkpt lat="34.835125" lon="127.839718"/><trkpt lat="34.835041" lon="127.839673"/><trkpt lat="34.834992" lon="127.839649"/><trkpt lat="34.834955" lon="127.83964"/><trkpt lat="34.834903" lon="127.839636"/><trkpt lat="34.8348" lon="127.839632"/><trkpt lat="34.834761" lon="127.839626"/><trkpt lat="34.834711" lon="127.839612"/><trkpt lat="34.834625" lon="127.839584"/><trkpt lat="34.834592" lon="127.839577"/><trkpt lat="34.834569" lon="127.839581"/><trkpt lat="34.834549" lon="127.839586"/><trkpt lat="34.83452" lon="127.839577"/><trkpt lat="34.834474" lon="127.839555"/><trkpt lat="34.834209" lon="127.839412"/></trkseg>
<trkseg><trkpt lat="34.856818" lon="127.856321"/><trkpt lat="34.856823" lon="127.856305"/><trkpt lat="34.856819" lon="127.856272"/><trkpt lat="34.856791" lon="127.856239"/><trkpt lat="34.856729" lon="127.856207"/><trkpt lat="34.856389" lon="127.856054"/><trkpt lat="34.856327" lon="127.856023"/><trkpt lat="34.856294" lon="127.855999"/><trkpt lat="34.856254" lon="127.855959"/><trkpt lat="34.856167" lon="127.855862"/><trkpt lat="34.856137" lon="127.855831"/><trkpt lat="34.856105" lon="127.855805"/><trkpt lat="34.856012" lon="127.855747"/><trkpt lat="34.855966" lon="127.855716"/><trkpt lat="34.855935" lon="127.855687"/><trkpt lat="34.855898" lon="127.855642"/><trkpt lat="34.855726" lon="127.855414"/><trkpt lat="34.855698" lon="127.855381"/><trkpt lat="34.855666" lon="127.855353"/><trkpt lat="34.85563" lon="127.855332"/><trkpt lat="34.855479" lon="127.855262"/><trkpt lat="34.855416" lon="127.855231"/><trkpt lat="34.855381" lon="127.855208"/><trkpt lat="34.855349" lon="127.85518"/><trkpt lat="34.854977" lon="127.854814"/><trkpt lat="34.854934" lon="127.854776"/><trkpt lat="34.854899" lon="127.854753"/><trkpt lat="34.854825" lon="127.854718"/><trkpt lat="34.854688" lon="127.854658"/><trkpt lat="34.85465" lon="127.854645"/><trkpt lat="34.854611" lon="127.85464"/><trkpt lat="34.854544" lon="127.854641"/><trkpt lat="34.854451" lon="127.854646"/><trkpt lat="34.854412" lon="127.854643"/><trkpt lat="34.854375" lon="127.85463"/><trkpt lat="34.85434" lon="127.854609"/><trkpt lat="34.854259" lon="127.854556"/><trkpt lat="34.854223" lon="127.85454"/><trkpt lat="34.854184" lon="127.85453"/><trkpt lat="34.853929" lon="127.854492"/><trkpt lat="34.853836" lon="127.854477"/><trkpt lat="34.853796" lon="127.854468"/><trkpt lat="34.85376" lon="127.854453"/><trkpt lat="34.853717" lon="127.854426"/><trkpt lat="34.853684" lon="127.854412"/><trkpt lat="34.853654" lon="127.854412"/><trkpt lat="34.85361" lon="127.854416"/><trkpt lat="34.853571" lon="127.854413"/><trkpt lat="34.85348" lon="127.854394"/><trkpt lat="34.853311" lon="127.854359"/><trkpt lat="34.853271" lon="127.854356"/><trkpt lat="34.853192" lon="127.854362"/><trkpt lat="34.852743" lon="127.854417"/><trkpt lat="34.852664" lon="127.854429"/><trkpt lat="34.852626" lon="127.854442"/><trkpt lat="34.852591" lon="127.854462"/><trkpt lat="34.852534" lon="127.8545"/><trkpt lat="34.852502" lon="127.854527"/><trkpt lat="34.852478" lon="127.854561"/><trkpt lat="34.852461" lon="127.854602"/><trkpt lat="34.852439" lon="127.854675"/><trkpt lat="34.852422" lon="127.854717"/><trkpt lat="34.852399" lon="127.854756"/><trkpt lat="34.852345" lon="127.854828"/><trkpt lat="34.852289" lon="127.854897"/><trkpt lat="34.852258" lon="127.854926"/><trkpt lat="34.852225" lon="127.854943"/><trkpt lat="34.852176" lon="127.854953"/><trkpt lat="34.852115" lon="127.854964"/><trkpt lat="34.852078" lon="127.854976"/><trkpt lat="34.852042" lon="127.854996"/><trkpt lat="34.851911" lon="127.855083"/><trkpt lat="34.851793" lon="127.855163"/><trkpt lat="34.851762" lon="127.85519"/><trkpt lat="34.85174" lon="127.855224"/><trkpt lat="34.85173" lon="127.855264"/><trkpt lat="34.851719" lon="127.855323"/><trkpt lat="34.851698" lon="127.855374"/><trkpt lat="34.851665" lon="127.855436"/><trkpt lat="34.851654" lon="127.855455"/></trkseg>
<trkseg><trkpt lat="34.850193" lon="127.855069"/><trkpt lat="34.850198" lon="127.855128"/><trkpt lat="34.850199" lon="127.855189"/><trkpt lat="34.850192" lon="127.855239"/><trkpt lat="34.850172" lon="127.855277"/><trkpt lat="34.85012" lon="127.855349"/><trkpt lat="34.850098" lon="127.855386"/><trkpt lat="34.850089" lon="127.855428"/><trkpt lat="34.85009" lon="127.855502"/><trkpt lat="34.850089" lon="127.855547"/><trkpt lat="34.850077" lon="127.855589"/><trkpt lat="34.850047" lon="127.855654"/><trkpt lat="34.850041" lon="127.855692"/><trkpt lat="34.850041" lon="127.855756"/><trkpt lat="34.850045" lon="127.855794"/><trkpt lat="34.850068" lon="127.85583"/><trkpt lat="34.850086" lon="127.855863"/><trkpt lat="34.850101" lon="127.855903"/><trkpt lat="34.850129" lon="127.855987"/><trkpt lat="34.850146" lon="127.856021"/><trkpt lat="34.850173" lon="127.856039"/><trkpt lat="34.850208" lon="127.856045"/><trkpt lat="34.85027" lon="127.856046"/><trkpt lat="34.850307" lon="127.856051"/><trkpt lat="34.850344" lon="127.856065"/><trkpt lat="34.850393" lon="127.85609"/><trkpt lat="34.850547" lon="127.856179"/><trkpt lat="34.850582" lon="127.856201"/><trkpt lat="34.850614" lon="127.856228"/><trkpt lat="34.850654" lon="127.856268"/><trkpt lat="34.850722" lon="127.856341"/><trkpt lat="34.850757" lon="127.856385"/><trkpt lat="34.850778" lon="127.856422"/><trkpt lat="34.85079" lon="127.856465"/><trkpt lat="34.850809" lon="127.856556"/><trkpt lat="34.850823" lon="127.856616"/><trkpt lat="34.850839" lon="127.856658"/><trkpt lat="34.850863" lon="127.856696"/><trkpt lat="34.850924" lon="127.856783"/><trkpt lat="34.850948" lon="127.856821"/><trkpt lat="34.850967" lon="127.856862"/><trkpt lat="34.851" lon="127.856945"/><trkpt lat="34.851023" lon="127.85698"/><trkpt lat="34.851063" lon="127.85702"/><trkpt lat="34.851234" lon="127.857168"/><trkpt lat="34.851276" lon="127.857206"/><trkpt lat="34.851302" lon="127.857236"/><trkpt lat="34.851317" lon="127.857273"/><trkpt lat="34.851319" lon="127.857316"/><trkpt lat="34.851318" lon="127.857378"/><trkpt lat="34.851323" lon="127.857421"/><trkpt lat="34.851335" lon="127.857475"/><trkpt lat="34.851339" lon="127.857511"/><trkpt lat="34.851326" lon="127.857541"/><trkpt lat="34.851289" lon="127.857573"/><trkpt lat="34.851265" lon="127.857602"/><trkpt lat="34.851251" lon="127.857648"/><trkpt lat="34.851235" lon="127.857686"/><trkpt lat="34.851212" lon="127.857723"/><trkpt lat="34.851157" lon="127.857795"/><trkpt lat="34.851074" lon="127.857901"/><trkpt lat="34.851052" lon="127.857934"/><trkpt lat="34.851043" lon="127.857965"/><trkpt lat="34.851061" lon="127.857988"/><trkpt lat="34.851093" lon="127.858008"/><trkpt lat="34.851206" lon="127.858062"/><trkpt lat="34.851268" lon="127.858094"/><trkpt lat="34.851302" lon="127.858117"/><trkpt lat="34.851329" lon="127.858149"/><trkpt lat="34.85135" lon="127.858189"/><trkpt lat="34.851406" lon="127.858316"/><trkpt lat="34.851431" lon="127.858373"/><trkpt lat="34.851453" lon="127.858412"/><trkpt lat="34.85148" lon="127.858444"/><trkpt lat="34.851522" lon="127.85848"/><trkpt lat="34.851589" lon="127.858528"/><trkpt lat="34.851635" lon="127.858556"/><trkpt lat="34.851685" lon="127.858577"/><trkpt lat="34.852127" lon="127.858722"/><trkpt lat="34.852192" lon="127.85874"/><trkpt lat="34.852231" lon="127.858745"/><trkpt lat="34.852282" lon="127.858742"/><trkpt lat="34.852483" lon="127.858656"/><trkpt lat="34.852561" lon="127.858647"/><trkpt lat="34.8526" lon="127.858648"/><trkpt lat="34.852638" lon="127.858657"/><trkpt lat="34.852717" lon="127.858732"/><trkpt lat="34.852836" lon="127.85881"/><trkpt lat="34.852872" lon="127.858818"/><trkpt lat="34.852903" lon="127.85881"/><trkpt lat="34.852929" lon="127.858781"/><trkpt lat="34.852952" lon="127.858744"/><trkpt lat="34.853059" lon="127.85848"/></trkseg>
<trkseg><trkpt lat="34.842495" lon="127.865033"/><trkpt lat="34.842555" lon="127.864998"/><trkpt lat="34.8426" lon="127.864969"/><trkpt lat="34.842631" lon="127.864941"/><trkpt lat="34.842648" lon="127.864908"/><trkpt lat="34.842671" lon="127.864845"/><trkpt lat="34.842693" lon="127.864805"/><trkpt lat="34.842742" lon="127.864729"/><trkpt lat="34.842904" lon="127.864493"/><trkpt lat="34.842927" lon="127.864455"/><trkpt lat="34.842943" lon="127.864416"/><trkpt lat="34.842945" lon="127.864377"/><trkpt lat="34.842934" lon="127.864323"/><trkpt lat="34.842927" lon="127.864283"/><trkpt lat="34.842932" lon="127.864243"/><trkpt lat="34.842948" lon="127.864206"/><trkpt lat="34.842982" lon="127.864167"/><trkpt lat="34.843002" lon="127.864135"/><trkpt lat="34.843008" lon="127.864095"/><trkpt lat="34.843005" lon="127.864055"/><trkpt lat="34.84299" lon="127.864019"/><trkpt lat="34.842986" lon="127.863994"/><trkpt lat="34.842998" lon="127.86396"/><trkpt lat="34.843033" lon="127.863898"/><trkpt lat="34.843051" lon="127.863858"/><trkpt lat="34.84306" lon="127.863815"/><trkpt lat="34.843067" lon="127.86374"/><trkpt lat="34.843072" lon="127.863695"/><trkpt lat="34.843083" lon="127.863653"/><trkpt lat="34.843104" lon="127.863612"/><trkpt lat="34.843141" lon="127.863545"/><trkpt lat="34.843158" lon="127.863502"/><trkpt lat="34.843167" lon="127.863457"/><trkpt lat="34.843179" lon="127.863364"/><trkpt lat="34.843187" lon="127.86332"/><trkpt lat="34.843202" lon="127.863281"/><trkpt lat="34.843228" lon="127.863236"/><trkpt lat="34.843246" lon="127.863195"/><trkpt lat="34.843273" lon="127.863105"/><trkpt lat="34.84329" lon="127.863063"/><trkpt lat="34.843313" lon="127.863029"/><trkpt lat="34.843358" lon="127.86298"/><trkpt lat="34.843384" lon="127.862944"/><trkpt lat="34.843439" lon="127.862853"/><trkpt lat="34.843691" lon="127.862417"/><trkpt lat="34.843716" lon="127.862379"/><trkpt lat="34.843753" lon="127.862332"/><trkpt lat="34.84421" lon="127.861808"/><trkpt lat="34.844405" lon="127.861584"/><trkpt lat="34.844431" lon="127.861548"/><trkpt lat="34.844472" lon="127.861485"/><trkpt lat="34.844517" lon="127.861407"/><trkpt lat="34.844536" lon="127.861367"/><trkpt lat="34.844548" lon="127.861328"/><trkpt lat="34.844554" lon="127.861279"/><trkpt lat="34.844567" lon="127.861236"/><trkpt lat="34.844585" lon="127.861194"/><trkpt lat="34.844606" lon="127.861155"/><trkpt lat="34.844632" lon="127.86112"/><trkpt lat="34.844663" lon="127.861092"/><trkpt lat="34.844776" lon="127.861008"/><trkpt lat="34.844843" lon="127.860956"/><trkpt lat="34.844872" lon="127.860926"/><trkpt lat="34.844913" lon="127.860871"/><trkpt lat="34.844942" lon="127.860848"/><trkpt lat="34.844984" lon="127.860825"/><trkpt lat="34.845012" lon="127.8608"/><trkpt lat="34.845032" lon="127.860764"/><trkpt lat="34.845076" lon="127.860649"/><trkpt lat="34.845099" lon="127.860593"/><trkpt lat="34.845121" lon="127.860553"/><trkpt lat="34.845148" lon="127.860517"/><trkpt lat="34.845286" lon="127.860362"/><trkpt lat="34.845325" lon="127.860316"/><trkpt lat="34.84535" lon="127.86028"/><trkpt lat="34.845367" lon="127.860239"/><trkpt lat="34.845377" lon="127.860193"/><trkpt lat="34.845402" lon="127.860035"/><trkpt lat="34.845419" lon="127.859941"/><trkpt lat="34.845431" lon="127.859895"/><trkpt lat="34.845453" lon="127.859836"/><trkpt lat="34.845596" lon="127.859505"/><trkpt lat="34.845619" lon="127.859447"/><trkpt lat="34.845633" lon="127.859402"/><trkpt lat="34.845642" lon="127.859355"/><trkpt lat="34.845674" lon="127.859133"/><trkpt lat="34.845683" lon="127.859087"/><trkpt lat="34.845699" lon="127.859046"/><trkpt lat="34.845721" lon="127.859009"/><trkpt lat="34.845772" lon="127.858941"/><trkpt lat="34.845827" lon="127.858877"/><trkpt lat="34.845859" lon="127.858849"/><trkpt lat="34.845917" lon="127.858809"/><trkpt lat="34.845988" lon="127.858766"/><trkpt lat="34.846025" lon="127.858748"/><trkpt lat="34.84606" lon="127.858738"/><trkpt lat="34.846119" lon="127.858723"/><trkpt lat="34.846151" lon="127.858708"/><trkpt lat="34.846178" lon="127.858679"/><trkpt lat="34.846201" lon="127.858643"/><trkpt lat="34.846275" lon="127.858512"/><trkpt lat="34.846327" lon="127.858422"/><trkpt lat="34.846352" lon="127.858386"/><trkpt lat="34.8464" lon="127.85833"/><trkpt lat="34.846471" lon="127.858256"/><trkpt lat="34.846512" lon="127.858216"/><trkpt lat="34.846545" lon="127.858193"/><trkpt lat="34.8466" lon="127.858177"/><trkpt lat="34.84663" lon="127.858165"/><trkpt lat="34.846652" lon="127.858139"/><trkpt lat="34.846677" lon="127.858074"/><trkpt lat="34.846693" lon="127.858034"/><trkpt lat="34.846714" lon="127.857996"/><trkpt lat="34.846761" lon="127.857924"/><trkpt lat="34.846795" lon="127.857878"/><trkpt lat="34.846835" lon="127.857835"/><trkpt lat="34.846888" lon="127.857785"/><trkpt lat="34.84692" lon="127.857759"/><trkpt lat="34.846953" lon="127.857744"/><trkpt lat="34.846994" lon="127.857742"/><trkpt lat="34.847022" lon="127.857728"/><trkpt lat="34.847046" lon="127.857698"/><trkpt lat="34.847076" lon="127.857648"/><trkpt lat="34.847112" lon="127.857583"/><trkpt lat="34.847129" lon="127.857542"/><trkpt lat="34.847137" lon="127.857498"/><trkpt lat="34.847141" lon="127.857404"/><trkpt lat="34.847149" lon="127.857358"/><trkpt lat="34.847162" lon="127.857312"/><trkpt lat="34.847199" lon="127.857208"/><trkpt lat="34.847222" lon="127.85715"/><trkpt lat="34.847244" lon="127.85711"/><trkpt lat="34.84727" lon="127.857074"/><trkpt lat="34.847356" lon="127.856973"/><trkpt lat="34.847393" lon="127.856928"/><trkpt lat="34.847417" lon="127.856892"/><trkpt lat="34.847433" lon="127.856852"/><trkpt lat="34.847437" lon="127.856806"/><trkpt lat="34.847441" lon="127.856744"/><trkpt lat="34.847453" lon="127.856705"/><trkpt lat="34.847476" lon="127.856673"/><trkpt lat="34.847509" lon="127.856631"/><trkpt lat="34.847531" lon="127.856592"/><trkpt lat="34.847554" lon="127.856536"/><trkpt lat="34.847581" lon="127.856463"/><trkpt lat="34.847593" lon="127.856418"/><trkpt lat="34.847611" lon="127.856325"/><trkpt lat="34.847652" lon="127.856075"/><trkpt lat="34.847665" lon="127.856013"/><trkpt lat="34.847679" lon="127.85597"/><trkpt lat="34.847701" lon="127.855932"/><trkpt lat="34.847736" lon="127.855885"/><trkpt lat="34.848035" lon="127.855517"/><trkpt lat="34.848065" lon="127.855485"/><trkpt lat="34.848096" lon="127.855458"/><trkpt lat="34.848151" lon="127.855432"/><trkpt lat="34.848176" lon="127.855415"/><trkpt lat="34.848191" lon="127.85538"/><trkpt lat="34.848219" lon="127.855359"/><trkpt lat="34.848262" lon="127.855342"/><trkpt lat="34.848305" lon="127.855329"/></trkseg>
<trkseg><trkpt lat="34.839193" lon="127.869103"/><trkpt lat="34.839231" lon="127.869042"/><trkpt lat="34.839263" lon="127.868997"/><trkpt lat="34.839293" lon="127.86897"/><trkpt lat="34.839329" lon="127.868959"/><trkpt lat="34.839409" lon="127.868955"/><trkpt lat="34.839462" lon="127.86895"/><trkpt lat="34.839499" lon="127.868937"/><trkpt lat="34.839555" lon="127.868896"/><trkpt lat="34.839589" lon="127.868872"/><trkpt lat="34.839626" lon="127.868856"/><trkpt lat="34.839677" lon="127.868842"/><trkpt lat="34.840189" lon="127.868724"/><trkpt lat="34.840253" lon="127.868706"/><trkpt lat="34.84029" lon="127.86869"/><trkpt lat="34.840322" lon="127.868666"/><trkpt lat="34.840353" lon="127.868636"/><trkpt lat="34.840401" lon="127.868583"/><trkpt lat="34.840428" lon="127.868549"/><trkpt lat="34.840449" lon="127.868511"/><trkpt lat="34.840485" lon="127.868433"/><trkpt lat="34.840505" lon="127.868401"/><trkpt lat="34.84053" lon="127.868384"/><trkpt lat="34.840569" lon="127.868366"/><trkpt lat="34.840599" lon="127.868341"/><trkpt lat="34.840657" lon="127.868278"/><trkpt lat="34.840722" lon="127.868201"/><trkpt lat="34.840745" lon="127.868168"/><trkpt lat="34.840757" lon="127.868133"/><trkpt lat="34.840747" lon="127.868077"/><trkpt lat="34.840746" lon="127.868042"/><trkpt lat="34.840761" lon="127.868005"/><trkpt lat="34.840783" lon="127.867968"/><trkpt lat="34.840808" lon="127.867933"/><trkpt lat="34.840837" lon="127.867898"/><trkpt lat="34.840958" lon="127.867767"/><trkpt lat="34.8411" lon="127.867617"/><trkpt lat="34.841132" lon="127.867588"/><trkpt lat="34.841231" lon="127.867515"/><trkpt lat="34.841273" lon="127.867481"/><trkpt lat="34.8413" lon="127.867449"/><trkpt lat="34.841341" lon="127.867392"/><trkpt lat="34.841372" lon="127.867369"/><trkpt lat="34.841406" lon="127.867351"/><trkpt lat="34.841465" lon="127.867324"/><trkpt lat="34.841497" lon="127.867303"/><trkpt lat="34.841521" lon="127.867271"/><trkpt lat="34.841537" lon="127.86723"/><trkpt lat="34.841546" lon="127.867187"/><trkpt lat="34.841544" lon="127.867146"/><trkpt lat="34.841537" lon="127.867098"/><trkpt lat="34.841546" lon="127.867063"/><trkpt lat="34.841568" lon="127.867031"/><trkpt lat="34.84161" lon="127.866975"/><trkpt lat="34.841629" lon="127.866936"/><trkpt lat="34.841649" lon="127.866881"/><trkpt lat="34.841667" lon="127.866844"/><trkpt lat="34.841699" lon="127.866811"/><trkpt lat="34.841721" lon="127.866778"/><trkpt lat="34.841739" lon="127.866738"/><trkpt lat="34.841784" lon="127.866605"/><trkpt lat="34.84181" lon="127.866532"/><trkpt lat="34.841828" lon="127.866491"/><trkpt lat="34.841858" lon="127.866447"/><trkpt lat="34.841877" lon="127.866412"/><trkpt lat="34.841886" lon="127.866368"/><trkpt lat="34.84189" lon="127.866305"/><trkpt lat="34.841898" lon="127.866143"/><trkpt lat="34.841903" lon="127.866095"/><trkpt lat="34.841913" lon="127.86605"/><trkpt lat="34.841929" lon="127.866009"/><trkpt lat="34.841957" lon="127.865941"/><trkpt lat="34.841969" lon="127.865898"/><trkpt lat="34.841977" lon="127.865837"/><trkpt lat="34.841985" lon="127.865794"/><trkpt lat="34.842001" lon="127.865761"/><trkpt lat="34.842036" lon="127.865733"/><trkpt lat="34.842062" lon="127.86571"/><trkpt lat="34.842082" lon="127.865673"/><trkpt lat="34.842096" lon="127.865629"/><trkpt lat="34.842124" lon="127.865539"/><trkpt lat="34.842144" lon="127.865499"/><trkpt lat="34.842182" lon="127.865444"/><trkpt lat="34.8422" lon="127.86541"/><trkpt lat="34.842207" lon="127.865369"/><trkpt lat="34.84221" lon="127.865295"/><trkpt lat="34.842212" lon="127.86525"/><trkpt lat="34.842222" lon="127.865207"/><trkpt lat="34.842237" lon="127.865166"/><trkpt lat="34.842255" lon="127.865127"/><trkpt lat="34.842279" lon="127.865096"/><trkpt lat="34.842312" lon="127.865076"/><trkpt lat="34.84235" lon="127.865064"/><trkpt lat="34.842486" lon="127.865035"/><trkpt lat="34.842495" lon="127.865033"/></trkseg>
<trkseg><trkpt lat="34.857481" lon="127.859592"/><trkpt lat="34.857495" lon="127.859581"/><trkpt lat="34.857515" lon="127.859548"/><trkpt lat="34.857527" lon="127.85949"/><trkpt lat="34.857534" lon="127.859455"/><trkpt lat="34.857529" lon="127.859424"/><trkpt lat="34.857515" lon="127.859376"/><trkpt lat="34.857512" lon="127.859335"/><trkpt lat="34.857512" lon="127.859267"/><trkpt lat="34.857499" lon="127.85923"/><trkpt lat="34.857476" lon="127.859195"/><trkpt lat="34.857424" lon="127.859127"/><trkpt lat="34.857404" lon="127.859089"/><trkpt lat="34.857394" lon="127.859046"/><trkpt lat="34.85739" lon="127.859"/><trkpt lat="34.857385" lon="127.858889"/><trkpt lat="34.857377" lon="127.858844"/><trkpt lat="34.857363" lon="127.858802"/><trkpt lat="34.857342" lon="127.858747"/><trkpt lat="34.857336" lon="127.858708"/><trkpt lat="34.85734" lon="127.858657"/><trkpt lat="34.857337" lon="127.858611"/><trkpt lat="34.857314" lon="127.858485"/><trkpt lat="34.857306" lon="127.858437"/><trkpt lat="34.857304" lon="127.85839"/><trkpt lat="34.85731" lon="127.858343"/><trkpt lat="34.857342" lon="127.858223"/><trkpt lat="34.857351" lon="127.858181"/><trkpt lat="34.857351" lon="127.858147"/><trkpt lat="34.857338" lon="127.858127"/><trkpt lat="34.85732" lon="127.858098"/><trkpt lat="34.857303" lon="127.858063"/><trkpt lat="34.857289" lon="127.85802"/><trkpt lat="34.857267" lon="127.857927"/><trkpt lat="34.857222" lon="127.857723"/><trkpt lat="34.857207" lon="127.857678"/><trkpt lat="34.857182" lon="127.857622"/><trkpt lat="34.857031" lon="127.857318"/><trkpt lat="34.857003" lon="127.857265"/><trkpt lat="34.856978" lon="127.857228"/><trkpt lat="34.856949" lon="127.857196"/><trkpt lat="34.856885" lon="127.857139"/><trkpt lat="34.856856" lon="127.857107"/><trkpt lat="34.856834" lon="127.857073"/><trkpt lat="34.856818" lon="127.857035"/><trkpt lat="34.85681" lon="127.856996"/><trkpt lat="34.856813" lon="127.856955"/><trkpt lat="34.856819" lon="127.856898"/><trkpt lat="34.856813" lon="127.856853"/><trkpt lat="34.856796" lon="127.856794"/><trkpt lat="34.856766" lon="127.856704"/><trkpt lat="34.856756" lon="127.856658"/><trkpt lat="34.856755" lon="127.856613"/><trkpt lat="34.856761" lon="127.856567"/><trkpt lat="34.856813" lon="127.856344"/><trkpt lat="34.856818" lon="127.856321"/></trkseg>
<trkseg><trkpt lat="34.853059" lon="127.85848"/><trkpt lat="34.853074" lon="127.858482"/><trkpt lat="34.853108" lon="127.85847"/><trkpt lat="34.853148" lon="127.858442"/><trkpt lat="34.853201" lon="127.858396"/><trkpt lat="34.853233" lon="127.858375"/><trkpt lat="34.853301" lon="127.858353"/><trkpt lat="34.853334" lon="127.85834"/><trkpt lat="34.853363" lon="127.858315"/><trkpt lat="34.853409" lon="127.858267"/><trkpt lat="34.853439" lon="127.858245"/><trkpt lat="34.853746" lon="127.858098"/><trkpt lat="34.853779" lon="127.858073"/><trkpt lat="34.853851" lon="127.858032"/><trkpt lat="34.853901" lon="127.858008"/><trkpt lat="34.853938" lon="127.857994"/><trkpt lat="34.853975" lon="127.857989"/><trkpt lat="34.854032" lon="127.857986"/><trkpt lat="34.854062" lon="127.857968"/><trkpt lat="34.854109" lon="127.857921"/><trkpt lat="34.854135" lon="127.857896"/><trkpt lat="34.854159" lon="127.857887"/><trkpt lat="34.854292" lon="127.857871"/><trkpt lat="34.85444" lon="127.857872"/><trkpt lat="34.854471" lon="127.857896"/><trkpt lat="34.854506" lon="127.857911"/><trkpt lat="34.854557" lon="127.857921"/><trkpt lat="34.854621" lon="127.85793"/><trkpt lat="34.854658" lon="127.857942"/><trkpt lat="34.854692" lon="127.857962"/><trkpt lat="34.854735" lon="127.857999"/><trkpt lat="34.854818" lon="127.858075"/><trkpt lat="34.854851" lon="127.858098"/><trkpt lat="34.854885" lon="127.85811"/><trkpt lat="34.854923" lon="127.858108"/><trkpt lat="34.854961" lon="127.858098"/><trkpt lat="34.854998" lon="127.858082"/><trkpt lat="34.855031" lon="127.858058"/><trkpt lat="34.85509" lon="127.857994"/><trkpt lat="34.855122" lon="127.857965"/><trkpt lat="34.855154" lon="127.857945"/><trkpt lat="34.855188" lon="127.85793"/><trkpt lat="34.855224" lon="127.857919"/><trkpt lat="34.855283" lon="127.857913"/><trkpt lat="34.855317" lon="127.857906"/><trkpt lat="34.85536" lon="127.857886"/><trkpt lat="34.855392" lon="127.857874"/><trkpt lat="34.855425" lon="127.857876"/><trkpt lat="34.855459" lon="127.857891"/><trkpt lat="34.855526" lon="127.857926"/><trkpt lat="34.855556" lon="127.857929"/><trkpt lat="34.855581" lon="127.857915"/><trkpt lat="34.855617" lon="127.857889"/><trkpt lat="34.855674" lon="127.857869"/><trkpt lat="34.855707" lon="127.857856"/><trkpt lat="34.855745" lon="127.857835"/><trkpt lat="34.855779" lon="127.857827"/><trkpt lat="34.855817" lon="127.85783"/><trkpt lat="34.855856" lon="127.857838"/><trkpt lat="34.855895" lon="127.85785"/><trkpt lat="34.855931" lon="127.857868"/><trkpt lat="34.855962" lon="127.857894"/><trkpt lat="34.856062" lon="127.857993"/><trkpt lat="34.856093" lon="127.85802"/><trkpt lat="34.856126" lon="127.858038"/><trkpt lat="34.856186" lon="127.858051"/><trkpt lat="34.856221" lon="127.85806"/><trkpt lat="34.856253" lon="127.85808"/><trkpt lat="34.856283" lon="127.858111"/><trkpt lat="34.85633" lon="127.858168"/><trkpt lat="34.856451" lon="127.85832"/><trkpt lat="34.85648" lon="127.858351"/><trkpt lat="34.856513" lon="127.858371"/><trkpt lat="34.856548" lon="127.858378"/><trkpt lat="34.856584" lon="127.858378"/><trkpt lat="34.85662" lon="127.858371"/><trkpt lat="34.856651" lon="127.858353"/><trkpt lat="34.856699" lon="127.858316"/><trkpt lat="34.856738" lon="127.858298"/><trkpt lat="34.856752" lon="127.858292"/><trkpt lat="34.856767" lon="127.858311"/><trkpt lat="34.8568" lon="127.858365"/><trkpt lat="34.856825" lon="127.858388"/><trkpt lat="34.856863" lon="127.858415"/><trkpt lat="34.85689" lon="127.858446"/><trkpt lat="34.856916" lon="127.858482"/><trkpt lat="34.856935" lon="127.858522"/><trkpt lat="34.856942" lon="127.85856"/><trkpt lat="34.856951" lon="127.858629"/><trkpt lat="34.856968" lon="127.858677"/><trkpt lat="34.857003" lon="127.858758"/><trkpt lat="34.857012" lon="127.858776"/></trkseg>
<trkseg><trkpt lat="34.857481" lon="127.859592"/><trkpt lat="34.857269" lon="127.859308"/><trkpt lat="34.857245" lon="127.85927"/><trkpt lat="34.857211" lon="127.859201"/><trkpt lat="34.857012" lon="127.858776"/></trkseg>
<trkseg><trkpt lat="34.856818" lon="127.856321"/><trkpt lat="34.856539" lon="127.856524"/><trkpt lat="34.856491" lon="127.856553"/><trkpt lat="34.856455" lon="127.856569"/><trkpt lat="34.856395" lon="127.85659"/><trkpt lat="34.856346" lon="127.856603"/><trkpt lat="34.856308" lon="127.856607"/><trkpt lat="34.856269" lon="127.856605"/><trkpt lat="34.855948" lon="127.856629"/><trkpt lat="34.85587" lon="127.856621"/><trkpt lat="34.855832" lon="127.856624"/><trkpt lat="34.855781" lon="127.856638"/><trkpt lat="34.855585" lon="127.856729"/><trkpt lat="34.855457" lon="127.856773"/><trkpt lat="34.855405" lon="127.856782"/><trkpt lat="34.855155" lon="127.856723"/><trkpt lat="34.855088" lon="127.856731"/><trkpt lat="34.85505" lon="127.856742"/><trkpt lat="34.855015" lon="127.856763"/><trkpt lat="34.854947" lon="127.856817"/><trkpt lat="34.854523" lon="127.857271"/><trkpt lat="34.854467" lon="127.857315"/><trkpt lat="34.854432" lon="127.857337"/><trkpt lat="34.854128" lon="127.857411"/><trkpt lat="34.854009" lon="127.85748"/><trkpt lat="34.853929" lon="127.857537"/><trkpt lat="34.853395" lon="127.857963"/><trkpt lat="34.853339" lon="127.858007"/><trkpt lat="34.853298" lon="127.858047"/><trkpt lat="34.853218" lon="127.858133"/><trkpt lat="34.853191" lon="127.858167"/><trkpt lat="34.853168" lon="127.858206"/><trkpt lat="34.853138" lon="127.858276"/><trkpt lat="34.853059" lon="127.85848"/></trkseg>
<trkseg><trkpt lat="34.850193" lon="127.855069"/><trkpt lat="34.850601" lon="127.855069"/><trkpt lat="34.850653" lon="127.855072"/><trkpt lat="34.850691" lon="127.85508"/><trkpt lat="34.850747" lon="127.855098"/><trkpt lat="34.850782" lon="127.855103"/><trkpt lat="34.85083" lon="127.855098"/><trkpt lat="34.850863" lon="127.855097"/><trkpt lat="34.850887" lon="127.855109"/><trkpt lat="34.850901" lon="127.855143"/><trkpt lat="34.850915" lon="127.855173"/><trkpt lat="34.850939" lon="127.855203"/><trkpt lat="34.850967" lon="127.85523"/><trkpt lat="34.850997" lon="127.855249"/><trkpt lat="34.851029" lon="127.855252"/><trkpt lat="34.851084" lon="127.855249"/><trkpt lat="34.85112" lon="127.855259"/><trkpt lat="34.851169" lon="127.85528"/><trkpt lat="34.851329" lon="127.855356"/><trkpt lat="34.851366" lon="127.855371"/><trkpt lat="34.851405" lon="127.85538"/><trkpt lat="34.851458" lon="127.855386"/><trkpt lat="34.851568" lon="127.855395"/><trkpt lat="34.851614" lon="127.855412"/><trkpt lat="34.851645" lon="127.855439"/><trkpt lat="34.851654" lon="127.855455"/></trkseg>
<trkseg><trkpt lat="34.848136" lon="127.854985"/><trkpt lat="34.848051" lon="127.854397"/><trkpt lat="34.848035" lon="127.854302"/><trkpt lat="34.848023" lon="127.854257"/><trkpt lat="34.848003" lon="127.854217"/><trkpt lat="34.847971" lon="127.854166"/><trkpt lat="34.847587" lon="127.853589"/><trkpt lat="34.847556" lon="127.853537"/><trkpt lat="34.847529" lon="127.853481"/><trkpt lat="34.847411" lon="127.853206"/><trkpt lat="34.847372" lon="127.853121"/><trkpt lat="34.84735" lon="127.853081"/><trkpt lat="34.847323" lon="127.853048"/><trkpt lat="34.847282" lon="127.853006"/><trkpt lat="34.847179" lon="127.852906"/><trkpt lat="34.847151" lon="127.852873"/><trkpt lat="34.847127" lon="127.852836"/><trkpt lat="34.847108" lon="127.852794"/><trkpt lat="34.846931" lon="127.852342"/><trkpt lat="34.846909" lon="127.852283"/><trkpt lat="34.846898" lon="127.852237"/><trkpt lat="34.846891" lon="127.85219"/><trkpt lat="34.846884" lon="127.852109"/><trkpt lat="34.846883" lon="127.852061"/><trkpt lat="34.846888" lon="127.852014"/><trkpt lat="34.846909" lon="127.85192"/><trkpt lat="34.846978" lon="127.851641"/><trkpt lat="34.846988" lon="127.851594"/><trkpt lat="34.846993" lon="127.851546"/><trkpt lat="34.847013" lon="127.851272"/><trkpt lat="34.847017" lon="127.851192"/><trkpt lat="34.847014" lon="127.851145"/><trkpt lat="34.847002" lon="127.851103"/><trkpt lat="34.846981" lon="127.851063"/><trkpt lat="34.846875" lon="127.850897"/><trkpt lat="34.846728" lon="127.850668"/><trkpt lat="34.846698" lon="127.850615"/><trkpt lat="34.84668" lon="127.850572"/><trkpt lat="34.846647" lon="127.850483"/><trkpt lat="34.846628" lon="127.850423"/><trkpt lat="34.846611" lon="127.850345"/><trkpt lat="34.846495" lon="127.849682"/><trkpt lat="34.846482" lon="127.849619"/><trkpt lat="34.84647" lon="127.849574"/><trkpt lat="34.846453" lon="127.84953"/><trkpt lat="34.846411" lon="127.849447"/><trkpt lat="34.84629" lon="127.849212"/><trkpt lat="34.846272" lon="127.849169"/><trkpt lat="34.84626" lon="127.849123"/><trkpt lat="34.846246" lon="127.849044"/><trkpt lat="34.846084" lon="127.848073"/><trkpt lat="34.846065" lon="127.847978"/><trkpt lat="34.846051" lon="127.847934"/><trkpt lat="34.846011" lon="127.847833"/><trkpt lat="34.845868" lon="127.847491"/><trkpt lat="34.845853" lon="127.847447"/><trkpt lat="34.845843" lon="127.847402"/><trkpt lat="34.845823" lon="127.847262"/><trkpt lat="34.845813" lon="127.8472"/><trkpt lat="34.845801" lon="127.847156"/><trkpt lat="34.845779" lon="127.847099"/><trkpt lat="34.845709" lon="127.846948"/><trkpt lat="34.845691" lon="127.846906"/><trkpt lat="34.845678" lon="127.846862"/><trkpt lat="34.84567" lon="127.846816"/><trkpt lat="34.845623" lon="127.846369"/><trkpt lat="34.845598" lon="127.846145"/><trkpt lat="34.84559" lon="127.846099"/><trkpt lat="34.845575" lon="127.846056"/><trkpt lat="34.845547" lon="127.846002"/><trkpt lat="34.845358" lon="127.845671"/><trkpt lat="34.845327" lon="127.845619"/><trkpt lat="34.845301" lon="127.845584"/><trkpt lat="34.84527" lon="127.845555"/><trkpt lat="34.845213" lon="127.845513"/><trkpt lat="34.844912" lon="127.845299"/><trkpt lat="34.844876" lon="127.845277"/><trkpt lat="34.844839" lon="127.845261"/><trkpt lat="34.8448" lon="127.845254"/><trkpt lat="34.844652" lon="127.84524"/><trkpt lat="34.844613" lon="127.845232"/><trkpt lat="34.844578" lon="127.845215"/><trkpt lat="34.844548" lon="127.845187"/><trkpt lat="34.844472" lon="127.845096"/><trkpt lat="34.844433" lon="127.845052"/><trkpt lat="34.8444" lon="127.845026"/><trkpt lat="34.844353" lon="127.844997"/><trkpt lat="34.84416" lon="127.844893"/><trkpt lat="34.844126" lon="127.844871"/><trkpt lat="34.844095" lon="127.844845"/><trkpt lat="34.844071" lon="127.844809"/><trkpt lat="34.844045" lon="127.844754"/><trkpt lat="34.843977" lon="127.844597"/><trkpt lat="34.84395" lon="127.844542"/><trkpt lat="34.843926" lon="127.844504"/><trkpt lat="34.843844" lon="127.844402"/><trkpt lat="34.843806" lon="127.844359"/><trkpt lat="34.843776" lon="127.844333"/><trkpt lat="34.843741" lon="127.844318"/><trkpt lat="34.843702" lon="127.844313"/><trkpt lat="34.843527" lon="127.844309"/><trkpt lat="34.843352" lon="127.844304"/><trkpt lat="34.843312" lon="127.844299"/><trkpt lat="34.843239" lon="127.844278"/><trkpt lat="34.843202" lon="127.84427"/><trkpt lat="34.843164" lon="127.84427"/><trkpt lat="34.843099" lon="127.844282"/><trkpt lat="34.843062" lon="127.844288"/><trkpt lat="34.843029" lon="127.844282"/><trkpt lat="34.843004" lon="127.844257"/><trkpt lat="34.842983" lon="127.844221"/><trkpt lat="34.842944" lon="127.844142"/><trkpt lat="34.842921" lon="127.844108"/><trkpt lat="34.84289" lon="127.844085"/><trkpt lat="34.842854" lon="127.844072"/><trkpt lat="34.84275" lon="127.844048"/><trkpt lat="34.842712" lon="127.844035"/><trkpt lat="34.842675" lon="127.844016"/><trkpt lat="34.842428" lon="127.843852"/><trkpt lat="34.841665" lon="127.843338"/><trkpt lat="34.841606" lon="127.843302"/><trkpt lat="34.841506" lon="127.843251"/><trkpt lat="34.841294" lon="127.843145"/><trkpt lat="34.841259" lon="127.843121"/><trkpt lat="34.841215" lon="127.843084"/><trkpt lat="34.841164" lon="127.843032"/><trkpt lat="34.841135" lon="127.842998"/><trkpt lat="34.841113" lon="127.84296"/><trkpt lat="34.841067" lon="127.842864"/><trkpt lat="34.84097" lon="127.842656"/><trkpt lat="34.840948" lon="127.842618"/><trkpt lat="34.840921" lon="127.84259"/><trkpt lat="34.840886" lon="127.842571"/><trkpt lat="34.840835" lon="127.842554"/><trkpt lat="34.840473" lon="127.842442"/><trkpt lat="34.84041" lon="127.84242"/><trkpt lat="34.840374" lon="127.842402"/><trkpt lat="34.840344" lon="127.842375"/><trkpt lat="34.840318" lon="127.842339"/><trkpt lat="34.840261" lon="127.842249"/><trkpt lat="34.840235" lon="127.842213"/><trkpt lat="34.840205" lon="127.842183"/><trkpt lat="34.840171" lon="127.842157"/><trkpt lat="34.83975" lon="127.841879"/><trkpt lat="34.839705" lon="127.841846"/><trkpt lat="34.839674" lon="127.841816"/><trkpt lat="34.839627" lon="127.841758"/><trkpt lat="34.839206" lon="127.841215"/><trkpt lat="34.83915" lon="127.841146"/><trkpt lat="34.839119" lon="127.841118"/><trkpt lat="34.839084" lon="127.841098"/><trkpt lat="34.839035" lon="127.841078"/><trkpt lat="34.838921" lon="127.84104"/><trkpt lat="34.838883" lon="127.841031"/><trkpt lat="34.838846" lon="127.84103"/><trkpt lat="34.838809" lon="127.841042"/><trkpt lat="34.838758" lon="127.841065"/><trkpt lat="34.83865" lon="127.84112"/></trkseg>
<trkseg><trkpt lat="34.848453" lon="127.855328"/><trkpt lat="34.848611" lon="127.855419"/><trkpt lat="34.848647" lon="127.855437"/><trkpt lat="34.848683" lon="127.855448"/><trkpt lat="34.848718" lon="127.855442"/><trkpt lat="34.848753" lon="127.855423"/><trkpt lat="34.848834" lon="127.855365"/><trkpt lat="34.848882" lon="127.855334"/><trkpt lat="34.848918" lon="127.855317"/><trkpt lat="34.848968" lon="127.855305"/><trkpt lat="34.849109" lon="127.855286"/><trkpt lat="34.84916" lon="127.855276"/><trkpt lat="34.849197" lon="127.855263"/><trkpt lat="34.849233" lon="127.855244"/><trkpt lat="34.849315" lon="127.855192"/><trkpt lat="34.849525" lon="127.855054"/><trkpt lat="34.849561" lon="127.855035"/><trkpt lat="34.849598" lon="127.855024"/><trkpt lat="34.849636" lon="127.855022"/><trkpt lat="34.849809" lon="127.855036"/><trkpt lat="34.850193" lon="127.855069"/></trkseg>
<trkseg><trkpt lat="34.848453" lon="127.855328"/><trkpt lat="34.848136" lon="127.854985"/></trkseg>
<trkseg><trkpt lat="34.848305" lon="127.855329"/><trkpt lat="34.848205" lon="127.855253"/><trkpt lat="34.848184" lon="127.855232"/><trkpt lat="34.848174" lon="127.855212"/><trkpt lat="34.848167" lon="127.85518"/><trkpt lat="34.848136" lon="127.854985"/></trkseg>
<trkseg><trkpt lat="34.848305" lon="127.855329"/><trkpt lat="34.848453" lon="127.855328"/></trkseg>
<trkseg><trkpt lat="34.834209" lon="127.839412"/><trkpt lat="34.834042" lon="127.839393"/><trkpt lat="34.833991" lon="127.839383"/><trkpt lat="34.833953" lon="127.83937"/><trkpt lat="34.833542" lon="127.839191"/><trkpt lat="34.833481" lon="127.839162"/><trkpt lat="34.833448" lon="127.839139"/><trkpt lat="34.833419" lon="127.839108"/><trkpt lat="34.833386" lon="127.83906"/><trkpt lat="34.833289" lon="127.83891"/><trkpt lat="34.833262" lon="127.838878"/><trkpt lat="34.833231" lon="127.838853"/><trkpt lat="34.833186" lon="127.838824"/><trkpt lat="34.833157" lon="127.838795"/><trkpt lat="34.833111" lon="127.838739"/><trkpt lat="34.83304" lon="127.838646"/><trkpt lat="34.833011" lon="127.838615"/><trkpt lat="34.832977" lon="127.838588"/><trkpt lat="34.832906" lon="127.838542"/><trkpt lat="34.832869" lon="127.838523"/><trkpt lat="34.832818" lon="127.838503"/><trkpt lat="34.832455" lon="127.83839"/><trkpt lat="34.832404" lon="127.838371"/><trkpt lat="34.832368" lon="127.838352"/><trkpt lat="34.832335" lon="127.838326"/><trkpt lat="34.832251" lon="127.838251"/><trkpt lat="34.832202" lon="127.838201"/><trkpt lat="34.832176" lon="127.838167"/><trkpt lat="34.832148" lon="127.838105"/><trkpt lat="34.832129" lon="127.838067"/><trkpt lat="34.832104" lon="127.83803"/><trkpt lat="34.832039" lon="127.83795"/><trkpt lat="34.832013" lon="127.837913"/><trkpt lat="34.831994" lon="127.837874"/><trkpt lat="34.831965" lon="127.837791"/><trkpt lat="34.831946" lon="127.837755"/><trkpt lat="34.831918" lon="127.83773"/><trkpt lat="34.831885" lon="127.837709"/><trkpt lat="34.831817" lon="127.837671"/><trkpt lat="34.831787" lon="127.837646"/><trkpt lat="34.831764" lon="127.837609"/><trkpt lat="34.831745" lon="127.837567"/><trkpt lat="34.831712" lon="127.837479"/><trkpt lat="34.831693" lon="127.837419"/><trkpt lat="34.831684" lon="127.837374"/><trkpt lat="34.831677" lon="127.837302"/><trkpt lat="34.831667" lon="127.837261"/><trkpt lat="34.831645" lon="127.837194"/><trkpt lat="34.83164" lon="127.837149"/><trkpt lat="34.83164" lon="127.837085"/><trkpt lat="34.831653" lon="127.836796"/><trkpt lat="34.831656" lon="127.836717"/><trkpt lat="34.831652" lon="127.836671"/><trkpt lat="34.83164" lon="127.836628"/><trkpt lat="34.831619" lon="127.836587"/><trkpt lat="34.831531" lon="127.836445"/><trkpt lat="34.831501" lon="127.836392"/><trkpt lat="34.831483" lon="127.836351"/><trkpt lat="34.831472" lon="127.836305"/><trkpt lat="34.83146" lon="127.836209"/><trkpt lat="34.831416" lon="127.835788"/><trkpt lat="34.831407" lon="127.835724"/><trkpt lat="34.831397" lon="127.835678"/><trkpt lat="34.831383" lon="127.835633"/><trkpt lat="34.831294" lon="127.835401"/><trkpt lat="34.831194" lon="127.835138"/><trkpt lat="34.831176" lon="127.835078"/><trkpt lat="34.83108" lon="127.834704"/><trkpt lat="34.831055" lon="127.834612"/><trkpt lat="34.831037" lon="127.834571"/><trkpt lat="34.83101" lon="127.834537"/><trkpt lat="34.830968" lon="127.834496"/><trkpt lat="34.830729" lon="127.834285"/><trkpt lat="34.830684" lon="127.83425"/><trkpt lat="34.830648" lon="127.834229"/><trkpt lat="34.8305" lon="127.834155"/><trkpt lat="34.830426" lon="127.834121"/><trkpt lat="34.830388" lon="127.834107"/><trkpt lat="34.830349" lon="127.8341"/><trkpt lat="34.830215" lon="127.83409"/><trkpt lat="34.830149" lon="127.834083"/><trkpt lat="34.830111" lon="127.834075"/><trkpt lat="34.830077" lon="127.834058"/><trkpt lat="34.830034" lon="127.834033"/><trkpt lat="34.829998" lon="127.834027"/><trkpt lat="34.829961" lon="127.834033"/><trkpt lat="34.829896" lon="127.83405"/><trkpt lat="34.829857" lon="127.834055"/><trkpt lat="34.829818" lon="127.834053"/><trkpt lat="34.82974" lon="127.834038"/><trkpt lat="34.829702" lon="127.834034"/><trkpt lat="34.829665" lon="127.834041"/><trkpt lat="34.829609" lon="127.834075"/><trkpt lat="34.829574" lon="127.834093"/><trkpt lat="34.829542" lon="127.8341"/><trkpt lat="34.829508" lon="127.834101"/><trkpt lat="34.829459" lon="127.834096"/><trkpt lat="34.829396" lon="127.834087"/><trkpt lat="34.82936" lon="127.834079"/><trkpt lat="34.829325" lon="127.834064"/><trkpt lat="34.829258" lon="127.834016"/><trkpt lat="34.829224" lon="127.833995"/><trkpt lat="34.829186" lon="127.83398"/><trkpt lat="34.829147" lon="127.833971"/><trkpt lat="34.829107" lon="127.833965"/><trkpt lat="34.829069" lon="127.833966"/><trkpt lat="34.829013" lon="127.833984"/><trkpt lat="34.828981" lon="127.83399"/><trkpt lat="34.828949" lon="127.833981"/><trkpt lat="34.828894" lon="127.833953"/><trkpt lat="34.828856" lon="127.83394"/><trkpt lat="34.828791" lon="127.833926"/><trkpt lat="34.828673" lon="127.833906"/><trkpt lat="34.828566" lon="127.833954"/><trkpt lat="34.828441" lon="127.833997"/><trkpt lat="34.828364" lon="127.833968"/><trkpt lat="34.82833" lon="127.833948"/><trkpt lat="34.828281" lon="127.833931"/><trkpt lat="34.82818" lon="127.833905"/><trkpt lat="34.828142" lon="127.833901"/><trkpt lat="34.828104" lon="127.833902"/><trkpt lat="34.82796" lon="127.833924"/><trkpt lat="34.827896" lon="127.833938"/><trkpt lat="34.827859" lon="127.833951"/><trkpt lat="34.827824" lon="127.833973"/><trkpt lat="34.827746" lon="127.834037"/><trkpt lat="34.827713" lon="127.834062"/><trkpt lat="34.827679" lon="127.834075"/><trkpt lat="34.827645" lon="127.834068"/><trkpt lat="34.827612" lon="127.834048"/><trkpt lat="34.827584" lon="127.834019"/><trkpt lat="34.827545" lon="127.833957"/><trkpt lat="34.827516" lon="127.833926"/><trkpt lat="34.827483" lon="127.833901"/><trkpt lat="34.827424" lon="127.833865"/><trkpt lat="34.827388" lon="127.833846"/><trkpt lat="34.82735" lon="127.833834"/><trkpt lat="34.827311" lon="127.83383"/><trkpt lat="34.827095" lon="127.833831"/><trkpt lat="34.82688" lon="127.833832"/><trkpt lat="34.826841" lon="127.833838"/><trkpt lat="34.826805" lon="127.833854"/><trkpt lat="34.82677" lon="127.833879"/><trkpt lat="34.826682" lon="127.833955"/><trkpt lat="34.826651" lon="127.833985"/><trkpt lat="34.826626" lon="127.834018"/><trkpt lat="34.826612" lon="127.834057"/><trkpt lat="34.826602" lon="127.834114"/><trkpt lat="34.826588" lon="127.834155"/><trkpt lat="34.826564" lon="127.834192"/><trkpt lat="34.826535" lon="127.834223"/><trkpt lat="34.8265" lon="127.834246"/><trkpt lat="34.826326" lon="127.834337"/><trkpt lat="34.826265" lon="127.834371"/><trkpt lat="34.826232" lon="127.834396"/><trkpt lat="34.826203" lon="127.834429"/><trkpt lat="34.826152" lon="127.834505"/><trkpt lat="34.826035" lon="127.834685"/><trkpt lat="34.826008" lon="127.834721"/><trkpt lat="34.825979" lon="127.834752"/><trkpt lat="34.825906" lon="127.834816"/><trkpt lat="34.825878" lon="127.834846"/><trkpt lat="34.825856" lon="127.834881"/><trkpt lat="34.825827" lon="127.834944"/><trkpt lat="34.825805" lon="127.834979"/><trkpt lat="34.825774" lon="127.835008"/><trkpt lat="34.825707" lon="127.835059"/><trkpt lat="34.825675" lon="127.835088"/><trkpt lat="34.825647" lon="127.835122"/><trkpt lat="34.825606" lon="127.835185"/><trkpt lat="34.82543" lon="127.835468"/><trkpt lat="34.825401" lon="127.835521"/><trkpt lat="34.825382" lon="127.835563"/><trkpt lat="34.825343" lon="127.835666"/><trkpt lat="34.825324" lon="127.835707"/><trkpt lat="34.825297" lon="127.83574"/><trkpt lat="34.825266" lon="127.835765"/><trkpt lat="34.825163" lon="127.835835"/><trkpt lat="34.825096" lon="127.835883"/><trkpt lat="34.825065" lon="127.835913"/><trkpt lat="34.825008" lon="127.835979"/><trkpt lat="34.824886" lon="127.836127"/><trkpt lat="34.824856" lon="127.836159"/><trkpt lat="34.824823" lon="127.836185"/><trkpt lat="34.824763" lon="127.83622"/><trkpt lat="34.824555" lon="127.836335"/><trkpt lat="34.824506" lon="127.836359"/><trkpt lat="34.824469" lon="127.836369"/><trkpt lat="34.824432" lon="127.836367"/><trkpt lat="34.824358" lon="127.836349"/><trkpt lat="34.824322" lon="127.836342"/><trkpt lat="34.824285" lon="127.836345"/><trkpt lat="34.824249" lon="127.83636"/><trkpt lat="34.824178" lon="127.836402"/><trkpt lat="34.82413" lon="127.836429"/><trkpt lat="34.824092" lon="127.836444"/><trkpt lat="34.824026" lon="127.836462"/><trkpt lat="34.823894" lon="127.836494"/><trkpt lat="34.823856" lon="127.836509"/><trkpt lat="34.82382" lon="127.836528"/><trkpt lat="34.823729" lon="127.836591"/><trkpt lat="34.823683" lon="127.83662"/><trkpt lat="34.823647" lon="127.836635"/><trkpt lat="34.823609" lon="127.836638"/><trkpt lat="34.823529" lon="127.83663"/><trkpt lat="34.823477" lon="127.836626"/><trkpt lat="34.823439" lon="127.83663"/><trkpt lat="34.823392" lon="127.83664"/><trkpt lat="34.82336" lon="127.836634"/><trkpt lat="34.823311" lon="127.836606"/><trkpt lat="34.823278" lon="127.836595"/><trkpt lat="34.823235" lon="127.836583"/><trkpt lat="34.823209" lon="127.836563"/><trkpt lat="34.823193" lon="127.836527"/><trkpt lat="34.823177" lon="127.836467"/><trkpt lat="34.823161" lon="127.836389"/><trkpt lat="34.823154" lon="127.836343"/><trkpt lat="34.823153" lon="127.836287"/><trkpt lat="34.823147" lon="127.836251"/><trkpt lat="34.823124" lon="127.836222"/><trkpt lat="34.823094" lon="127.836197"/><trkpt lat="34.82306" lon="127.83618"/><trkpt lat="34.823015" lon="127.836172"/><trkpt lat="34.822984" lon="127.836161"/><trkpt lat="34.822955" lon="127.836137"/><trkpt lat="34.822929" lon="127.836106"/><trkpt lat="34.822909" lon="127.83607"/><trkpt lat="34.822897" lon="127.83603"/><trkpt lat="34.822881" lon="127.835961"/><trkpt lat="34.822863" lon="127.835925"/><trkpt lat="34.822836" lon="127.835896"/><trkpt lat="34.822793" lon="127.835863"/><trkpt lat="34.822704" lon="127.835797"/><trkpt lat="34.822674" lon="127.835768"/><trkpt lat="34.822645" lon="127.835734"/><trkpt lat="34.822601" lon="127.835677"/><trkpt lat="34.822571" lon="127.83565"/><trkpt lat="34.822538" lon="127.835637"/><trkpt lat="34.822491" lon="127.835626"/><trkpt lat="34.822455" lon="127.835613"/><trkpt lat="34.822421" lon="127.835591"/><trkpt lat="34.822287" lon="127.835482"/><trkpt lat="34.822219" lon="127.83543"/><trkpt lat="34.822171" lon="127.835402"/><trkpt lat="34.821771" lon="127.835189"/><trkpt lat="34.821698" lon="127.835153"/><trkpt lat="34.82166" lon="127.835141"/><trkpt lat="34.821588" lon="127.835138"/><trkpt lat="34.821552" lon="127.835133"/><trkpt lat="34.821515" lon="127.83512"/><trkpt lat="34.821466" lon="127.835096"/><trkpt lat="34.821249" lon="127.834982"/><trkpt lat="34.8212" lon="127.834959"/><trkpt lat="34.821162" lon="127.834945"/><trkpt lat="34.821125" lon="127.834937"/><trkpt lat="34.821049" lon="127.834927"/><trkpt lat="34.821014" lon="127.834928"/><trkpt lat="34.820985" lon="127.834937"/><trkpt lat="34.82096" lon="127.83495"/><trkpt lat="34.820931" lon="127.834943"/><trkpt lat="34.820865" lon="127.834907"/><trkpt lat="34.820833" lon="127.834898"/><trkpt lat="34.820797" lon="127.834893"/><trkpt lat="34.820751" lon="127.834865"/><trkpt lat="34.820723" lon="127.834853"/><trkpt lat="34.820687" lon="127.834844"/><trkpt lat="34.820655" lon="127.834823"/><trkpt lat="34.820629" lon="127.834825"/><trkpt lat="34.82059" lon="127.834843"/><trkpt lat="34.820558" lon="127.834845"/><trkpt lat="34.820528" lon="127.83483"/><trkpt lat="34.820497" lon="127.834796"/><trkpt lat="34.820474" lon="127.834774"/><trkpt lat="34.820445" lon="127.834766"/><trkpt lat="34.820403" lon="127.834763"/><trkpt lat="34.820373" lon="127.834747"/><trkpt lat="34.820324" lon="127.834703"/><trkpt lat="34.820291" lon="127.834682"/><trkpt lat="34.820243" lon="127.83466"/><trkpt lat="34.820119" lon="127.83461"/><trkpt lat="34.820056" lon="127.834588"/><trkpt lat="34.819715" lon="127.834503"/><trkpt lat="34.819663" lon="127.834493"/><trkpt lat="34.819623" lon="127.834491"/><trkpt lat="34.819571" lon="127.834497"/><trkpt lat="34.819362" lon="127.834535"/><trkpt lat="34.819297" lon="127.834545"/><trkpt lat="34.819258" lon="127.834545"/><trkpt lat="34.819194" lon="127.834537"/><trkpt lat="34.819156" lon="127.834534"/><trkpt lat="34.819117" lon="127.834539"/><trkpt lat="34.819066" lon="127.834555"/><trkpt lat="34.818899" lon="127.83462"/><trkpt lat="34.818861" lon="127.834637"/><trkpt lat="34.818826" lon="127.834659"/><trkpt lat="34.818784" lon="127.834694"/><trkpt lat="34.818711" lon="127.83476"/><trkpt lat="34.818679" lon="127.834782"/><trkpt lat="34.818643" lon="127.834793"/><trkpt lat="34.818604" lon="127.834794"/><trkpt lat="34.818419" lon="127.834777"/><trkpt lat="34.81826" lon="127.834765"/><trkpt lat="34.81822" lon="127.834766"/><trkpt lat="34.818005" lon="127.834788"/><trkpt lat="34.817939" lon="127.834793"/><trkpt lat="34.8179" lon="127.834791"/><trkpt lat="34.817861" lon="127.83478"/><trkpt lat="34.817786" lon="127.834745"/><trkpt lat="34.817523" lon="127.834618"/><trkpt lat="34.817485" lon="127.834603"/><trkpt lat="34.817433" lon="127.83459"/><trkpt lat="34.816972" lon="127.834508"/><trkpt lat="34.816893" lon="127.834496"/><trkpt lat="34.816853" lon="127.834494"/><trkpt lat="34.8168" lon="127.834497"/><trkpt lat="34.816693" lon="127.834506"/><trkpt lat="34.816654" lon="127.834505"/><trkpt lat="34.816617" lon="127.834495"/><trkpt lat="34.816536" lon="127.834453"/><trkpt lat="34.816501" lon="127.834437"/><trkpt lat="34.816462" lon="127.834426"/><trkpt lat="34.816383" lon="127.834411"/><trkpt lat="34.815999" lon="127.834348"/><trkpt lat="34.81596" lon="127.834336"/><trkpt lat="34.815925" lon="127.834317"/><trkpt lat="34.815891" lon="127.834293"/><trkpt lat="34.815859" lon="127.834267"/><trkpt lat="34.815833" lon="127.834235"/><trkpt lat="34.815817" lon="127.834195"/><trkpt lat="34.815803" lon="127.834135"/><trkpt lat="34.815779" lon="127.834013"/><trkpt lat="34.815766" lon="127.83397"/><trkpt lat="34.815745" lon="127.833934"/><trkpt lat="34.815718" lon="127.833903"/><trkpt lat="34.815668" lon="127.833855"/><trkpt lat="34.815616" lon="127.833809"/><trkpt lat="34.815584" lon="127.833785"/><trkpt lat="34.815537" lon="127.833759"/><trkpt lat="34.815466" lon="127.833727"/><trkpt lat="34.815433" lon="127.833719"/><trkpt lat="34.815403" lon="127.833726"/><trkpt lat="34.815378" lon="127.833755"/><trkpt lat="34.815356" lon="127.833793"/><trkpt lat="34.81528" lon="127.833857"/><trkpt lat="34.815092" lon="127.833907"/><trkpt lat="34.814908" lon="127.833955"/><trkpt lat="34.814793" lon="127.833676"/><trkpt lat="34.814761" lon="127.833115"/><trkpt lat="34.8145" lon="127.832563"/><trkpt lat="34.814291" lon="127.832338"/><trkpt lat="34.813889" lon="127.832293"/><trkpt lat="34.813572" lon="127.832258"/><trkpt lat="34.813437" lon="127.832413"/><trkpt lat="34.813404" lon="127.832685"/><trkpt lat="34.813282" lon="127.833074"/><trkpt lat="34.813211" lon="127.833808"/><trkpt lat="34.813022" lon="127.834529"/><trkpt lat="34.812937" lon="127.834788"/><trkpt lat="34.812789" lon="127.834786"/><trkpt lat="34.812535" lon="127.834952"/><trkpt lat="34.812367" lon="127.835173"/><trkpt lat="34.812397" lon="127.835306"/><trkpt lat="34.812555" lon="127.835498"/><trkpt lat="34.812475" lon="127.835654"/><trkpt lat="34.81235" lon="127.835861"/><trkpt lat="34.812284" lon="127.836138"/><trkpt lat="34.812035" lon="127.836359"/><trkpt lat="34.811824" lon="127.836529"/><trkpt lat="34.811787" lon="127.836545"/><trkpt lat="34.811583" lon="127.836587"/><trkpt lat="34.81153" lon="127.836744"/></trkseg>
<trkseg><trkpt lat="34.857012" lon="127.858776"/><trkpt lat="34.856981" lon="127.858779"/><trkpt lat="34.856939" lon="127.858793"/><trkpt lat="34.856904" lon="127.858825"/><trkpt lat="34.856881" lon="127.858862"/><trkpt lat="34.856833" lon="127.858954"/><trkpt lat="34.856816" lon="127.858994"/><trkpt lat="34.856808" lon="127.859037"/><trkpt lat="34.856809" lon="127.859083"/><trkpt lat="34.856813" lon="127.859141"/><trkpt lat="34.856807" lon="127.859175"/><trkpt lat="34.856789" lon="127.859197"/><trkpt lat="34.856773" lon="127.859221"/><trkpt lat="34.856763" lon="127.859276"/><trkpt lat="34.856744" lon="127.859307"/><trkpt lat="34.856727" lon="127.859337"/><trkpt lat="34.85671" lon="127.859388"/><trkpt lat="34.856692" lon="127.859428"/><trkpt lat="34.856689" lon="127.85946"/><trkpt lat="34.8567" lon="127.859516"/><trkpt lat="34.856696" lon="127.859541"/><trkpt lat="34.85665" lon="127.859582"/><trkpt lat="34.856573" lon="127.85963"/><trkpt lat="34.856554" lon="127.859652"/><trkpt lat="34.856547" lon="127.859688"/><trkpt lat="34.856551" lon="127.859732"/><trkpt lat="34.856562" lon="127.859794"/><trkpt lat="34.856589" lon="127.859934"/><trkpt lat="34.856594" lon="127.859976"/><trkpt lat="34.85659" lon="127.86001"/><trkpt lat="34.856569" lon="127.860035"/><trkpt lat="34.856558" lon="127.860056"/><trkpt lat="34.85656" lon="127.860094"/><trkpt lat="34.856554" lon="127.860119"/><trkpt lat="34.856519" lon="127.860151"/><trkpt lat="34.856508" lon="127.860182"/><trkpt lat="34.856506" lon="127.860236"/><trkpt lat="34.856503" lon="127.860277"/><trkpt lat="34.856489" lon="127.860311"/><trkpt lat="34.856467" lon="127.860352"/><trkpt lat="34.856464" lon="127.860392"/><trkpt lat="34.856469" lon="127.860436"/><trkpt lat="34.856489" lon="127.860544"/><trkpt lat="34.856512" lon="127.860651"/><trkpt lat="34.856526" lon="127.860695"/><trkpt lat="34.856544" lon="127.860734"/><trkpt lat="34.856579" lon="127.860797"/><trkpt lat="34.856597" lon="127.860836"/><trkpt lat="34.856608" lon="127.86088"/><trkpt lat="34.856612" lon="127.860927"/><trkpt lat="34.856615" lon="127.861071"/><trkpt lat="34.856614" lon="127.861132"/><trkpt lat="34.856607" lon="127.861172"/><trkpt lat="34.85659" lon="127.861197"/><trkpt lat="34.856566" lon="127.861224"/><trkpt lat="34.856567" lon="127.861255"/><trkpt lat="34.856591" lon="127.861336"/><trkpt lat="34.856601" lon="127.861378"/><trkpt lat="34.856601" lon="127.861419"/><trkpt lat="34.856588" lon="127.861456"/><trkpt lat="34.856568" lon="127.861491"/><trkpt lat="34.856545" lon="127.861521"/><trkpt lat="34.856519" lon="127.861542"/><trkpt lat="34.856498" lon="127.861565"/><trkpt lat="34.856477" lon="127.861618"/><trkpt lat="34.856454" lon="127.861642"/><trkpt lat="34.856399" lon="127.86167"/><trkpt lat="34.856366" lon="127.861691"/><trkpt lat="34.856335" lon="127.861721"/><trkpt lat="34.856266" lon="127.861799"/><trkpt lat="34.856219" lon="127.861858"/><trkpt lat="34.856196" lon="127.861895"/><trkpt lat="34.856184" lon="127.861938"/><trkpt lat="34.856181" lon="127.861986"/><trkpt lat="34.85618" lon="127.862067"/><trkpt lat="34.856177" lon="127.862114"/><trkpt lat="34.856165" lon="127.862154"/><trkpt lat="34.856143" lon="127.86218"/><trkpt lat="34.856114" lon="127.86221"/><trkpt lat="34.85611" lon="127.862236"/><trkpt lat="34.85612" lon="127.862274"/><trkpt lat="34.856118" lon="127.862299"/><trkpt lat="34.856102" lon="127.862325"/><trkpt lat="34.856103" lon="127.86235"/><trkpt lat="34.856049" lon="127.862443"/><trkpt lat="34.856027" lon="127.862469"/><trkpt lat="34.856001" lon="127.862509"/><trkpt lat="34.85597" lon="127.862539"/><trkpt lat="34.855954" lon="127.862568"/><trkpt lat="34.855931" lon="127.862618"/><trkpt lat="34.855919" lon="127.862649"/><trkpt lat="34.855909" lon="127.862692"/><trkpt lat="34.855886" lon="127.862722"/><trkpt lat="34.855875" lon="127.862748"/><trkpt lat="34.855873" lon="127.862794"/><trkpt lat="34.855864" lon="127.862833"/><trkpt lat="34.855846" lon="127.862867"/><trkpt lat="34.855817" lon="127.862886"/><trkpt lat="34.855756" lon="127.862901"/><trkpt lat="34.855725" lon="127.862919"/><trkpt lat="34.8557" lon="127.862947"/><trkpt lat="34.855683" lon="127.862984"/><trkpt lat="34.855673" lon="127.863027"/><trkpt lat="34.855656" lon="127.863118"/><trkpt lat="34.855646" lon="127.863161"/><trkpt lat="34.855629" lon="127.863203"/><trkpt lat="34.855599" lon="127.863255"/><trkpt lat="34.85555" lon="127.86333"/><trkpt lat="34.855523" lon="127.863365"/><trkpt lat="34.855495" lon="127.863396"/><trkpt lat="34.855434" lon="127.863451"/><trkpt lat="34.855407" lon="127.86348"/><trkpt lat="34.855385" lon="127.863515"/><trkpt lat="34.855372" lon="127.863559"/><trkpt lat="34.855354" lon="127.863653"/><trkpt lat="34.855341" lon="127.863714"/><trkpt lat="34.855325" lon="127.863754"/><trkpt lat="34.855301" lon="127.863784"/><trkpt lat="34.855279" lon="127.863816"/><trkpt lat="34.855267" lon="127.863857"/><trkpt lat="34.855251" lon="127.863949"/><trkpt lat="34.855241" lon="127.863995"/><trkpt lat="34.855227" lon="127.864038"/><trkpt lat="34.855201" lon="127.864094"/><trkpt lat="34.855123" lon="127.864243"/><trkpt lat="34.855103" lon="127.864284"/><trkpt lat="34.855089" lon="127.864326"/><trkpt lat="34.855086" lon="127.864368"/><trkpt lat="34.855093" lon="127.864439"/><trkpt lat="34.855095" lon="127.864481"/><trkpt lat="34.855084" lon="127.86452"/><trkpt lat="34.855062" lon="127.864557"/><trkpt lat="34.855013" lon="127.864627"/><trkpt lat="34.854994" lon="127.864661"/><trkpt lat="34.854985" lon="127.864692"/><trkpt lat="34.854974" lon="127.864721"/><trkpt lat="34.85494" lon="127.864773"/><trkpt lat="34.854924" lon="127.864808"/><trkpt lat="34.854909" lon="127.864874"/><trkpt lat="34.854898" lon="127.864915"/><trkpt lat="34.854881" lon="127.864958"/><trkpt lat="34.854825" lon="127.865068"/><trkpt lat="34.854787" lon="127.865134"/><trkpt lat="34.854753" lon="127.865183"/><trkpt lat="34.854681" lon="127.865278"/><trkpt lat="34.854658" lon="127.865317"/><trkpt lat="34.854641" lon="127.86536"/><trkpt lat="34.854553" lon="127.865634"/><trkpt lat="34.854523" lon="127.865723"/><trkpt lat="34.854503" lon="127.865762"/><trkpt lat="34.854476" lon="127.865789"/><trkpt lat="34.854422" lon="127.865818"/><trkpt lat="34.854393" lon="127.865838"/><trkpt lat="34.854373" lon="127.865869"/><trkpt lat="34.85435" lon="127.865934"/><trkpt lat="34.854332" lon="127.865968"/><trkpt lat="34.854298" lon="127.866006"/><trkpt lat="34.854275" lon="127.866042"/><trkpt lat="34.854242" lon="127.866112"/><trkpt lat="34.854168" lon="127.866286"/><trkpt lat="34.854147" lon="127.866325"/><trkpt lat="34.854121" lon="127.866358"/><trkpt lat="34.854076" lon="127.866403"/><trkpt lat="34.854054" lon="127.866441"/><trkpt lat="34.854037" lon="127.866482"/><trkpt lat="34.854029" lon="127.866525"/><trkpt lat="34.854029" lon="127.866598"/><trkpt lat="34.854027" lon="127.86664"/><trkpt lat="34.854014" lon="127.866684"/><trkpt lat="34.853985" lon="127.866754"/><trkpt lat="34.853969" lon="127.866795"/><trkpt lat="34.853962" lon="127.866835"/><trkpt lat="34.853958" lon="127.866898"/><trkpt lat="34.853946" lon="127.866956"/><trkpt lat="34.853921" lon="127.867059"/><trkpt lat="34.853915" lon="127.867104"/><trkpt lat="34.853916" lon="127.867151"/><trkpt lat="34.853926" lon="127.867229"/><trkpt lat="34.853943" lon="127.867356"/><trkpt lat="34.853945" lon="127.867402"/><trkpt lat="34.853939" lon="127.867449"/><trkpt lat="34.853926" lon="127.867494"/><trkpt lat="34.853893" lon="127.8676"/><trkpt lat="34.853883" lon="127.867646"/><trkpt lat="34.853882" lon="127.867723"/><trkpt lat="34.853878" lon="127.867768"/><trkpt lat="34.853863" lon="127.867809"/><trkpt lat="34.853842" lon="127.867849"/><trkpt lat="34.85359" lon="127.868263"/><trkpt lat="34.853561" lon="127.868315"/><trkpt lat="34.853545" lon="127.868355"/><trkpt lat="34.853541" lon="127.868397"/><trkpt lat="34.85355" lon="127.868471"/><trkpt lat="34.853552" lon="127.868516"/><trkpt lat="34.853545" lon="127.868562"/><trkpt lat="34.853527" lon="127.868622"/><trkpt lat="34.85338" lon="127.869043"/><trkpt lat="34.853362" lon="127.869104"/><trkpt lat="34.853354" lon="127.86915"/><trkpt lat="34.853353" lon="127.869195"/><trkpt lat="34.853354" lon="127.8693"/><trkpt lat="34.853348" lon="127.869342"/><trkpt lat="34.85333" lon="127.869381"/><trkpt lat="34.853305" lon="127.869418"/><trkpt lat="34.853204" lon="127.869548"/><trkpt lat="34.853175" lon="127.869579"/><trkpt lat="34.853145" lon="127.869602"/><trkpt lat="34.853112" lon="127.869608"/><trkpt lat="34.853075" lon="127.869613"/><trkpt lat="34.853054" lon="127.869626"/><trkpt lat="34.853027" lon="127.869634"/><trkpt lat="34.852995" lon="127.869636"/><trkpt lat="34.852947" lon="127.869635"/><trkpt lat="34.85292" lon="127.869655"/><trkpt lat="34.852877" lon="127.869711"/><trkpt lat="34.852849" lon="127.869742"/><trkpt lat="34.852816" lon="127.869766"/><trkpt lat="34.852757" lon="127.869801"/><trkpt lat="34.85273" lon="127.86983"/><trkpt lat="34.852711" lon="127.86987"/><trkpt lat="34.852665" lon="127.870022"/><trkpt lat="34.852646" lon="127.870081"/><trkpt lat="34.852628" lon="127.87012"/><trkpt lat="34.852601" lon="127.870151"/><trkpt lat="34.852579" lon="127.870179"/><trkpt lat="34.852559" lon="127.870217"/><trkpt lat="34.852519" lon="127.870296"/><trkpt lat="34.852495" lon="127.87033"/><trkpt lat="34.852465" lon="127.870356"/><trkpt lat="34.852422" lon="127.870388"/><trkpt lat="34.852396" lon="127.870421"/><trkpt lat="34.852376" lon="127.870462"/><trkpt lat="34.852265" lon="127.870741"/><trkpt lat="34.852222" lon="127.870843"/><trkpt lat="34.852201" lon="127.870883"/><trkpt lat="34.852175" lon="127.870915"/><trkpt lat="34.852135" lon="127.870953"/><trkpt lat="34.85211" lon="127.870984"/><trkpt lat="34.852082" lon="127.871031"/><trkpt lat="34.852058" lon="127.871062"/><trkpt lat="34.852016" lon="127.871091"/><trkpt lat="34.851987" lon="127.871114"/><trkpt lat="34.851968" lon="127.871148"/><trkpt lat="34.851958" lon="127.87119"/><trkpt lat="34.851943" lon="127.871299"/><trkpt lat="34.851933" lon="127.871344"/><trkpt lat="34.851914" lon="127.871403"/><trkpt lat="34.851866" lon="127.871532"/><trkpt lat="34.851853" lon="127.871575"/><trkpt lat="34.851845" lon="127.871619"/><trkpt lat="34.851847" lon="127.871666"/><trkpt lat="34.851856" lon="127.871743"/><trkpt lat="34.851849" lon="127.871787"/><trkpt lat="34.851835" lon="127.871829"/><trkpt lat="34.851804" lon="127.871899"/><trkpt lat="34.851764" lon="127.871982"/><trkpt lat="34.851741" lon="127.87202"/><trkpt lat="34.851716" lon="127.872054"/><trkpt lat="34.851664" lon="127.872119"/><trkpt lat="34.851645" lon="127.872152"/><trkpt lat="34.85164" lon="127.872189"/><trkpt lat="34.851643" lon="127.872243"/><trkpt lat="34.851635" lon="127.872283"/><trkpt lat="34.85161" lon="127.87235"/><trkpt lat="34.851597" lon="127.872391"/><trkpt lat="34.851591" lon="127.872436"/><trkpt lat="34.851591" lon="127.872499"/><trkpt lat="34.851602" lon="127.872692"/><trkpt lat="34.851603" lon="127.872756"/><trkpt lat="34.851598" lon="127.872821"/><trkpt lat="34.85152" lon="127.873471"/><trkpt lat="34.85151" lon="127.873568"/><trkpt lat="34.851509" lon="127.873616"/><trkpt lat="34.851514" lon="127.873663"/><trkpt lat="34.851534" lon="127.873773"/><trkpt lat="34.851539" lon="127.87382"/><trkpt lat="34.851539" lon="127.873868"/><trkpt lat="34.85153" lon="127.873964"/><trkpt lat="34.851529" lon="127.874011"/><trkpt lat="34.851537" lon="127.874055"/><trkpt lat="34.851555" lon="127.874095"/><trkpt lat="34.851601" lon="127.874174"/><trkpt lat="34.851623" lon="127.874213"/><trkpt lat="34.851638" lon="127.874255"/><trkpt lat="34.851641" lon="127.8743"/><trkpt lat="34.851637" lon="127.874347"/><trkpt lat="34.851629" lon="127.874394"/><trkpt lat="34.851605" lon="127.874487"/><trkpt lat="34.851457" lon="127.87526"/><trkpt lat="34.851441" lon="127.875323"/><trkpt lat="34.851411" lon="127.875446"/><trkpt lat="34.851091" lon="127.876576"/><trkpt lat="34.85108" lon="127.876652"/><trkpt lat="34.850821" lon="127.877767"/><trkpt lat="34.850608" lon="127.877847"/><trkpt lat="34.850357" lon="127.877136"/><trkpt lat="34.85028" lon="127.877287"/><trkpt lat="34.850217" lon="127.878665"/><trkpt lat="34.850115" lon="127.880078"/><trkpt lat="34.850116" lon="127.880124"/><trkpt lat="34.850106" lon="127.880164"/><trkpt lat="34.849865" lon="127.880455"/><trkpt lat="34.849527" lon="127.880497"/><trkpt lat="34.849417" lon="127.880612"/><trkpt lat="34.849388" lon="127.880645"/><trkpt lat="34.849362" lon="127.880681"/><trkpt lat="34.849324" lon="127.880748"/><trkpt lat="34.849245" lon="127.880989"/><trkpt lat="34.849221" lon="127.881028"/><trkpt lat="34.849193" lon="127.881062"/><trkpt lat="34.849141" lon="127.88111"/><trkpt lat="34.848911" lon="127.881338"/><trkpt lat="34.84879" lon="127.88138"/><trkpt lat="34.848761" lon="127.881412"/><trkpt lat="34.848687" lon="127.881483"/><trkpt lat="34.84851" lon="127.881637"/><trkpt lat="34.848455" lon="127.881678"/><trkpt lat="34.848424" lon="127.881705"/><trkpt lat="34.8484" lon="127.881739"/><trkpt lat="34.848384" lon="127.881781"/><trkpt lat="34.848362" lon="127.881858"/><trkpt lat="34.848286" lon="127.882153"/><trkpt lat="34.848264" lon="127.882229"/><trkpt lat="34.848248" lon="127.882273"/><trkpt lat="34.848227" lon="127.882314"/><trkpt lat="34.848181" lon="127.882394"/><trkpt lat="34.848148" lon="127.882444"/><trkpt lat="34.848119" lon="127.882477"/><trkpt lat="34.848058" lon="127.882535"/><trkpt lat="34.848033" lon="127.882567"/><trkpt lat="34.848021" lon="127.882607"/><trkpt lat="34.848019" lon="127.882653"/><trkpt lat="34.848033" lon="127.882881"/><trkpt lat="34.848069" lon="127.883383"/><trkpt lat="34.847981" lon="127.883663"/><trkpt lat="34.847597" lon="127.884656"/><trkpt lat="34.847228" lon="127.885463"/><trkpt lat="34.846772" lon="127.886522"/><trkpt lat="34.846649" lon="127.887137"/><trkpt lat="34.846345" lon="127.88788"/><trkpt lat="34.846011" lon="127.888608"/><trkpt lat="34.844841" lon="127.889062"/><trkpt lat="34.844716" lon="127.889231"/><trkpt lat="34.844708" lon="127.889375"/></trkseg>
<trkseg><trkpt lat="34.856818" lon="127.856321"/><trkpt lat="34.857132" lon="127.856447"/><trkpt lat="34.857428" lon="127.856723"/><trkpt lat="34.857605" lon="127.856743"/><trkpt lat="34.858099" lon="127.856406"/><trkpt lat="34.858586" lon="127.856064"/><trkpt lat="34.858941" lon="127.855821"/><trkpt lat="34.859211" lon="127.856081"/><trkpt lat="34.859503" lon="127.856147"/><trkpt lat="34.859738" lon="127.856158"/><trkpt lat="34.860599" lon="127.857156"/><trkpt lat="34.86165" lon="127.858019"/><trkpt lat="34.862538" lon="127.858372"/><trkpt lat="34.863508" lon="127.858721"/><trkpt lat="34.86417" lon="127.858809"/><trkpt lat="34.865012" lon="127.859521"/><trkpt lat="34.865687" lon="127.859639"/><trkpt lat="34.866341" lon="127.859737"/><trkpt lat="34.866973" lon="127.860024"/><trkpt lat="34.867652" lon="127.860077"/><trkpt lat="34.868698" lon="127.859857"/><trkpt lat="34.869114" lon="127.859689"/><trkpt lat="34.869777" lon="127.859762"/><trkpt lat="34.870504" lon="127.860284"/><trkpt lat="34.871043" lon="127.860267"/><trkpt lat="34.871524" lon="127.860289"/><trkpt lat="34.871722" lon="127.860225"/></trkseg>
</trk>
</gpx>
