<?xml version="1.0" encoding="UTF-8"?>
<gpx version="1.1" creator="letnaturechoose" xmlns="http://www.topografix.com/GPX/1/1">
<metadata><name>기백산 등산로</name></metadata>
<trk><name>기백산</name>
<trkseg><trkpt lat="35.731697" lon="127.798273"/><trkpt lat="35.731569" lon="127.798509"/><trkpt lat="35.731362" lon="127.798491"/><trkpt lat="35.731164" lon="127.798349"/><trkpt lat="35.73096" lon="127.79846"/><trkpt lat="35.730811" lon="127.798547"/><trkpt lat="35.730695" lon="127.798679"/><trkpt lat="35.730522" lon="127.798658"/><trkpt lat="35.730437" lon="127.798519"/><trkpt lat="35.730136" lon="127.798421"/><trkpt lat="35.729951" lon="127.798388"/></trkseg>
<trkseg><trkpt lat="35.728168" lon="127.762046"/><trkpt lat="35.727797" lon="127.76238"/><trkpt lat="35.727486" lon="127.762868"/><trkpt lat="35.727024" lon="127.763569"/><trkpt lat="35.726767" lon="127.764066"/><trkpt lat="35.726661" lon="127.764442"/><trkpt lat="35.726529" lon="127.764895"/><trkpt lat="35.726526" lon="127.765511"/><trkpt lat="35.726143" lon="127.765998"/><trkpt lat="35.725822" lon="127.766914"/><trkpt lat="35.725294" lon="127.768225"/><trkpt lat="35.72514" lon="127.768689"/><trkpt lat="35.725149" lon="127.769197"/><trkpt lat="35.725105" lon="127.769707"/><trkpt lat="35.725016" lon="127.769741"/></trkseg>
<trkseg><trkpt lat="35.723714" lon="127.77855"/><trkpt lat="35.723759" lon="127.778818"/><trkpt lat="35.723821" lon="127.778902"/><trkpt lat="35.723972" lon="127.779165"/><trkpt lat="35.724" lon="127.779353"/><trkpt lat="35.724046" lon="127.779684"/><trkpt lat="35.724034" lon="127.77979"/></trkseg>
<trkseg><trkpt lat="35.706962" lon="127.781586"/><trkpt lat="35.706932" lon="127.781724"/><trkpt lat="35.706925" lon="127.781828"/><trkpt lat="35.706909" lon="127.781889"/><trkpt lat="35.706832" lon="127.782295"/><trkpt lat="35.706703" lon="127.782667"/><trkpt lat="35.706653" lon="127.782796"/><trkpt lat="35.706538" lon="127.783018"/><trkpt lat="35.706378" lon="127.783428"/><trkpt lat="35.706248" lon="127.783648"/><trkpt lat="35.706084" lon="127.783822"/><trkpt lat="35.706055" lon="127.783845"/></trkseg>
<trkseg><trkpt lat="35.72384" lon="127.774956"/><trkpt lat="35.723981" lon="127.774971"/><trkpt lat="35.724098" lon="127.775031"/><trkpt lat="35.724262" lon="127.775086"/><trkpt lat="35.724294" lon="127.775143"/><trkpt lat="35.724413" lon="127.775165"/><trkpt lat="35.724589" lon="127.775099"/><trkpt lat="35.724703" lon="127.775158"/><trkpt lat="35.724789" lon="127.775205"/><trkpt lat="35.724939" lon="127.775296"/><trkpt lat="35.725061" lon="127.775334"/><trkpt lat="35.725234" lon="127.77532"/><trkpt lat="35.725386" lon="127.775225"/><trkpt lat="35.725605" lon="127.775073"/><trkpt lat="35.725685" lon="127.774865"/><trkpt lat="35.725765" lon="127.774686"/><trkpt lat="35.725807" lon="127.774496"/><trkpt lat="35.72587" lon="127.774378"/><trkpt lat="35.725936" lon="127.774253"/><trkpt lat="35.72608" lon="127.774111"/><trkpt lat="35.726227" lon="127.773924"/><trkpt lat="35.726383" lon="127.773715"/><trkpt lat="35.726543" lon="127.773503"/><trkpt lat="35.72667" lon="127.773223"/><trkpt lat="35.726712" lon="127.773148"/><trkpt lat="35.726804" lon="127.772913"/><trkpt lat="35.726948" lon="127.77267"/><trkpt lat="35.727006" lon="127.772495"/><trkpt lat="35.727104" lon="127.772243"/><trkpt lat="35.727121" lon="127.772008"/><trkpt lat="35.727142" lon="127.771948"/><trkpt lat="35.727215" lon="127.771643"/><trkpt lat="35.727262" lon="127.771428"/><trkpt lat="35.727281" lon="127.771332"/><trkpt lat="35.727336" lon="127.771169"/><trkpt lat="35.727421" lon="127.771049"/><trkpt lat="35.727426" lon="127.770906"/><trkpt lat="35.727451" lon="127.770653"/><trkpt lat="35.72755" lon="127.770344"/><trkpt lat="35.727631" lon="127.770163"/><trkpt lat="35.72783" lon="127.769986"/><trkpt lat="35.728007" lon="127.769889"/><trkpt lat="35.728149" lon="127.769799"/><trkpt lat="35.728173" lon="127.769782"/><trkpt lat="35.728185" lon="127.769762"/><trkpt lat="35.728284" lon="127.769651"/><trkpt lat="35.728335" lon="127.76916"/><trkpt lat="35.728375" lon="127.769053"/></trkseg>
<trkseg><trkpt lat="35.722085" lon="127.788998"/><trkpt lat="35.722019" lon="127.788713"/><trkpt lat="35.722179" lon="127.788386"/><trkpt lat="35.722395" lon="127.788026"/><trkpt lat="35.722427" lon="127.787574"/><trkpt lat="35.722532" lon="127.787054"/><trkpt lat="35.722567" lon="127.786584"/><trkpt lat="35.722591" lon="127.786354"/><trkpt lat="35.722403" lon="127.786563"/><trkpt lat="35.722219" lon="127.787033"/><trkpt lat="35.722037" lon="127.787322"/><trkpt lat="35.722051" lon="127.787088"/><trkpt lat="35.722058" lon="127.786477"/><trkpt lat="35.72187" lon="127.78607"/><trkpt lat="35.721953" lon="127.785652"/><trkpt lat="35.721907" lon="127.785235"/><trkpt lat="35.722048" lon="127.784963"/><trkpt lat="35.722311" lon="127.784649"/><trkpt lat="35.722586" lon="127.784638"/><trkpt lat="35.722841" lon="127.784857"/><trkpt lat="35.722747" lon="127.784625"/><trkpt lat="35.722686" lon="127.78414"/><trkpt lat="35.722632" lon="127.783493"/><trkpt lat="35.722627" lon="127.782975"/><trkpt lat="35.722445" lon="127.782288"/><trkpt lat="35.722422" lon="127.78186"/><trkpt lat="35.722351" lon="127.781433"/><trkpt lat="35.722686" lon="127.780893"/><trkpt lat="35.723183" lon="127.779972"/><trkpt lat="35.723087" lon="127.779613"/><trkpt lat="35.723009" lon="127.779232"/><trkpt lat="35.722695" lon="127.778646"/><trkpt lat="35.722664" lon="127.778613"/></trkseg>
<trkseg><trkpt lat="35.731697" lon="127.798273"/><trkpt lat="35.731519" lon="127.798188"/><trkpt lat="35.731385" lon="127.798223"/><trkpt lat="35.731209" lon="127.798221"/><trkpt lat="35.73105" lon="127.798201"/><trkpt lat="35.730833" lon="127.798264"/><trkpt lat="35.730619" lon="127.798358"/><trkpt lat="35.730179" lon="127.798336"/><trkpt lat="35.729987" lon="127.798336"/><trkpt lat="35.729951" lon="127.798388"/></trkseg>
<trkseg><trkpt lat="35.70247" lon="127.771438"/><trkpt lat="35.702407" lon="127.7715"/><trkpt lat="35.702354" lon="127.771551"/><trkpt lat="35.702235" lon="127.771673"/><trkpt lat="35.702126" lon="127.771735"/><trkpt lat="35.70198" lon="127.771903"/><trkpt lat="35.701845" lon="127.77207"/><trkpt lat="35.701718" lon="127.772268"/><trkpt lat="35.701542" lon="127.772481"/><trkpt lat="35.701518" lon="127.772621"/><trkpt lat="35.701437" lon="127.772724"/><trkpt lat="35.701371" lon="127.77296"/><trkpt lat="35.701214" lon="127.773031"/><trkpt lat="35.700972" lon="127.773014"/><trkpt lat="35.700784" lon="127.773114"/><trkpt lat="35.700624" lon="127.773189"/><trkpt lat="35.700459" lon="127.77327"/><trkpt lat="35.700196" lon="127.77327"/><trkpt lat="35.699997" lon="127.773202"/><trkpt lat="35.699829" lon="127.773263"/><trkpt lat="35.699672" lon="127.773308"/><trkpt lat="35.699451" lon="127.773339"/><trkpt lat="35.699155" lon="127.773379"/><trkpt lat="35.69896" lon="127.773303"/><trkpt lat="35.698754" lon="127.773328"/><trkpt lat="35.698522" lon="127.77337"/><trkpt lat="35.698319" lon="127.77335"/><trkpt lat="35.698033" lon="127.773384"/><trkpt lat="35.697802" lon="127.773447"/><trkpt lat="35.697464" lon="127.773536"/><trkpt lat="35.697162" lon="127.773626"/><trkpt lat="35.696938" lon="127.773706"/><trkpt lat="35.696638" lon="127.773721"/><trkpt lat="35.696315" lon="127.773758"/><trkpt lat="35.696099" lon="127.773715"/><trkpt lat="35.695959" lon="127.773599"/><trkpt lat="35.695766" lon="127.773511"/><trkpt lat="35.695558" lon="127.773393"/><trkpt lat="35.695324" lon="127.773283"/><trkpt lat="35.695084" lon="127.773193"/><trkpt lat="35.69479" lon="127.773145"/><trkpt lat="35.694643" lon="127.773127"/><trkpt lat="35.694416" lon="127.773064"/><trkpt lat="35.694184" lon="127.773083"/><trkpt lat="35.693953" lon="127.773077"/><trkpt lat="35.693739" lon="127.773167"/><trkpt lat="35.693532" lon="127.773175"/><trkpt lat="35.693369" lon="127.773179"/><trkpt lat="35.693136" lon="127.773137"/><trkpt lat="35.693008" lon="127.773102"/><trkpt lat="35.692773" lon="127.773072"/><trkpt lat="35.69249" lon="127.773055"/><trkpt lat="35.692244" lon="127.773075"/><trkpt lat="35.691985" lon="127.773039"/><trkpt lat="35.691754" lon="127.773022"/><trkpt lat="35.691569" lon="127.772971"/><trkpt lat="35.691274" lon="127.772831"/><trkpt lat="35.691053" lon="127.772697"/><trkpt lat="35.690803" lon="127.772638"/><trkpt lat="35.690512" lon="127.77249"/><trkpt lat="35.6902" lon="127.772452"/><trkpt lat="35.689957" lon="127.772481"/><trkpt lat="35.689707" lon="127.772394"/><trkpt lat="35.689448" lon="127.772302"/><trkpt lat="35.689365" lon="127.772276"/><trkpt lat="35.689171" lon="127.772271"/><trkpt lat="35.68889" lon="127.77227"/><trkpt lat="35.688723" lon="127.772254"/><trkpt lat="35.688517" lon="127.772213"/><trkpt lat="35.688302" lon="127.772198"/><trkpt lat="35.687983" lon="127.77219"/><trkpt lat="35.687804" lon="127.77217"/><trkpt lat="35.687552" lon="127.772019"/><trkpt lat="35.687364" lon="127.771869"/><trkpt lat="35.687116" lon="127.771748"/><trkpt lat="35.686937" lon="127.771615"/><trkpt lat="35.686766" lon="127.771512"/><trkpt lat="35.686608" lon="127.77141"/><trkpt lat="35.686387" lon="127.771232"/><trkpt lat="35.686194" lon="127.770833"/><trkpt lat="35.686113" lon="127.770538"/><trkpt lat="35.686115" lon="127.770267"/><trkpt lat="35.686166" lon="127.769968"/><trkpt lat="35.686258" lon="127.769869"/><trkpt lat="35.686305" lon="127.769676"/><trkpt lat="35.686388" lon="127.769414"/><trkpt lat="35.686496" lon="127.769095"/><trkpt lat="35.686571" lon="127.76897"/><trkpt lat="35.686703" lon="127.768869"/><trkpt lat="35.686746" lon="127.768651"/><trkpt lat="35.686756" lon="127.768343"/><trkpt lat="35.686691" lon="127.768044"/><trkpt lat="35.686405" lon="127.767851"/><trkpt lat="35.686158" lon="127.767728"/><trkpt lat="35.686182" lon="127.76761"/><trkpt lat="35.686229" lon="127.767489"/><trkpt lat="35.686249" lon="127.767315"/><trkpt lat="35.686278" lon="127.767136"/><trkpt lat="35.686329" lon="127.766903"/><trkpt lat="35.6863" lon="127.766636"/><trkpt lat="35.686182" lon="127.766269"/><trkpt lat="35.68607" lon="127.766083"/><trkpt lat="35.685959" lon="127.765929"/><trkpt lat="35.685744" lon="127.765726"/><trkpt lat="35.685572" lon="127.765623"/><trkpt lat="35.685489" lon="127.765425"/><trkpt lat="35.685415" lon="127.765176"/><trkpt lat="35.685508" lon="127.764877"/></trkseg>
<trkseg><trkpt lat="35.70247" lon="127.771438"/><trkpt lat="35.70247" lon="127.771438"/></trkseg>
<trkseg><trkpt lat="35.706962" lon="127.781586"/><trkpt lat="35.706861" lon="127.781502"/><trkpt lat="35.706798" lon="127.781418"/><trkpt lat="35.706708" lon="127.781353"/><trkpt lat="35.706613" lon="127.781255"/><trkpt lat="35.706466" lon="127.781162"/><trkpt lat="35.706377" lon="127.781129"/><trkpt lat="35.706195" lon="127.780912"/><trkpt lat="35.706134" lon="127.780756"/><trkpt lat="35.705828" lon="127.780606"/><trkpt lat="35.705707" lon="127.779996"/><trkpt lat="35.705779" lon="127.77973"/><trkpt lat="35.705899" lon="127.779464"/><trkpt lat="35.705925" lon="127.779151"/><trkpt lat="35.70594" lon="127.778872"/><trkpt lat="35.70582" lon="127.778646"/><trkpt lat="35.705757" lon="127.778378"/><trkpt lat="35.705758" lon="127.778207"/><trkpt lat="35.705774" lon="127.777914"/><trkpt lat="35.705801" lon="127.777612"/><trkpt lat="35.705799" lon="127.777344"/><trkpt lat="35.705816" lon="127.777146"/><trkpt lat="35.705825" lon="127.776969"/><trkpt lat="35.705789" lon="127.776705"/><trkpt lat="35.705801" lon="127.776398"/><trkpt lat="35.705808" lon="127.776244"/><trkpt lat="35.705769" lon="127.776041"/><trkpt lat="35.705689" lon="127.775724"/><trkpt lat="35.705516" lon="127.775424"/><trkpt lat="35.705424" lon="127.775172"/><trkpt lat="35.705303" lon="127.774976"/><trkpt lat="35.705196" lon="127.774944"/><trkpt lat="35.705116" lon="127.774852"/><trkpt lat="35.705033" lon="127.774745"/><trkpt lat="35.704912" lon="127.774593"/><trkpt lat="35.704789" lon="127.774396"/><trkpt lat="35.704645" lon="127.774287"/><trkpt lat="35.704521" lon="127.77419"/><trkpt lat="35.70443" lon="127.773899"/><trkpt lat="35.704278" lon="127.77367"/><trkpt lat="35.704075" lon="127.773519"/><trkpt lat="35.703814" lon="127.773227"/><trkpt lat="35.703654" lon="127.773039"/><trkpt lat="35.703521" lon="127.772957"/><trkpt lat="35.703461" lon="127.772914"/><trkpt lat="35.703357" lon="127.772843"/><trkpt lat="35.703153" lon="127.77267"/><trkpt lat="35.702982" lon="127.772396"/><trkpt lat="35.702877" lon="127.772083"/><trkpt lat="35.702789" lon="127.771807"/><trkpt lat="35.702709" lon="127.77168"/><trkpt lat="35.702527" lon="127.771538"/><trkpt lat="35.70247" lon="127.771438"/></trkseg>
<trkseg><trkpt lat="35.706135" lon="127.805823"/><trkpt lat="35.706362" lon="127.805619"/><trkpt lat="35.706487" lon="127.805543"/><trkpt lat="35.706629" lon="127.805506"/><trkpt lat="35.70674" lon="127.805456"/><trkpt lat="35.706876" lon="127.805403"/><trkpt lat="35.70705" lon="127.805284"/><trkpt lat="35.707136" lon="127.805178"/><trkpt lat="35.707261" lon="127.805052"/><trkpt lat="35.707332" lon="127.805047"/><trkpt lat="35.707483" lon="127.80497"/><trkpt lat="35.70761" lon="127.804907"/><trkpt lat="35.707916" lon="127.804729"/><trkpt lat="35.708078" lon="127.804652"/><trkpt lat="35.708382" lon="127.804527"/><trkpt lat="35.70849" lon="127.804542"/><trkpt lat="35.708681" lon="127.804569"/><trkpt lat="35.708806" lon="127.804639"/><trkpt lat="35.708886" lon="127.804628"/><trkpt lat="35.709016" lon="127.804737"/><trkpt lat="35.709143" lon="127.804769"/><trkpt lat="35.709335" lon="127.804678"/><trkpt lat="35.709593" lon="127.804701"/><trkpt lat="35.709681" lon="127.804701"/><trkpt lat="35.709912" lon="127.804799"/><trkpt lat="35.710098" lon="127.804888"/><trkpt lat="35.710376" lon="127.804916"/><trkpt lat="35.710623" lon="127.80501"/><trkpt lat="35.710842" lon="127.804949"/><trkpt lat="35.711016" lon="127.804814"/><trkpt lat="35.711264" lon="127.804567"/></trkseg>
<trkseg><trkpt lat="35.701947" lon="127.796822"/><trkpt lat="35.701977" lon="127.796893"/><trkpt lat="35.702052" lon="127.796938"/><trkpt lat="35.702225" lon="127.796993"/><trkpt lat="35.702308" lon="127.797068"/><trkpt lat="35.702373" lon="127.797167"/><trkpt lat="35.702389" lon="127.797305"/><trkpt lat="35.702371" lon="127.797443"/><trkpt lat="35.702322" lon="127.797549"/><trkpt lat="35.702316" lon="127.797681"/><trkpt lat="35.702305" lon="127.797747"/><trkpt lat="35.702444" lon="127.797962"/><trkpt lat="35.702559" lon="127.798029"/><trkpt lat="35.702584" lon="127.798292"/><trkpt lat="35.702558" lon="127.798398"/><trkpt lat="35.702651" lon="127.7986"/><trkpt lat="35.702831" lon="127.798712"/><trkpt lat="35.702797" lon="127.798801"/><trkpt lat="35.702702" lon="127.798907"/><trkpt lat="35.702623" lon="127.798932"/><trkpt lat="35.702568" lon="127.799036"/><trkpt lat="35.702506" lon="127.799142"/><trkpt lat="35.702415" lon="127.799106"/><trkpt lat="35.702356" lon="127.799193"/><trkpt lat="35.702307" lon="127.799353"/><trkpt lat="35.702245" lon="127.799507"/><trkpt lat="35.702242" lon="127.799601"/><trkpt lat="35.702243" lon="127.799747"/><trkpt lat="35.702314" lon="127.799889"/><trkpt lat="35.702391" lon="127.800037"/><trkpt lat="35.70235" lon="127.800262"/><trkpt lat="35.70234" lon="127.800422"/><trkpt lat="35.702342" lon="127.80059"/><trkpt lat="35.70234" lon="127.800762"/><trkpt lat="35.702398" lon="127.800995"/><trkpt lat="35.702574" lon="127.801228"/><trkpt lat="35.702617" lon="127.801297"/><trkpt lat="35.702629" lon="127.80141"/><trkpt lat="35.7025" lon="127.801609"/><trkpt lat="35.702592" lon="127.801827"/><trkpt lat="35.702703" lon="127.802098"/><trkpt lat="35.702705" lon="127.802206"/><trkpt lat="35.702604" lon="127.802238"/><trkpt lat="35.702585" lon="127.80255"/><trkpt lat="35.702541" lon="127.8027"/><trkpt lat="35.702519" lon="127.802856"/><trkpt lat="35.702541" lon="127.803097"/><trkpt lat="35.702593" lon="127.803316"/><trkpt lat="35.702654" lon="127.803585"/><trkpt lat="35.702749" lon="127.803657"/><trkpt lat="35.702859" lon="127.803802"/><trkpt lat="35.702873" lon="127.804007"/><trkpt lat="35.702815" lon="127.804385"/><trkpt lat="35.702665" lon="127.804588"/><trkpt lat="35.702509" lon="127.8048"/><trkpt lat="35.702425" lon="127.805066"/><trkpt lat="35.702273" lon="127.805294"/><trkpt lat="35.702196" lon="127.805453"/><trkpt lat="35.702146" lon="127.80562"/><trkpt lat="35.702065" lon="127.805911"/><trkpt lat="35.70203" lon="127.806079"/><trkpt lat="35.701966" lon="127.806282"/><trkpt lat="35.701882" lon="127.806538"/><trkpt lat="35.701765" lon="127.806804"/><trkpt lat="35.701687" lon="127.807062"/><trkpt lat="35.701556" lon="127.807255"/><trkpt lat="35.701507" lon="127.80747"/><trkpt lat="35.70146" lon="127.807708"/><trkpt lat="35.701395" lon="127.807889"/><trkpt lat="35.7014" lon="127.80816"/><trkpt lat="35.701413" lon="127.808334"/><trkpt lat="35.701444" lon="127.808604"/><trkpt lat="35.701397" lon="127.808888"/><trkpt lat="35.701378" lon="127.809159"/><trkpt lat="35.701335" lon="127.809322"/><trkpt lat="35.701129" lon="127.809566"/><trkpt lat="35.701029" lon="127.809666"/><trkpt lat="35.700846" lon="127.809744"/><trkpt lat="35.700791" lon="127.80992"/><trkpt lat="35.700706" lon="127.810108"/><trkpt lat="35.700619" lon="127.810295"/><trkpt lat="35.700497" lon="127.810411"/><trkpt lat="35.700435" lon="127.810518"/><trkpt lat="35.700304" lon="127.81077"/><trkpt lat="35.700215" lon="127.810896"/><trkpt lat="35.700079" lon="127.811082"/><trkpt lat="35.699908" lon="127.811298"/><trkpt lat="35.699776" lon="127.811389"/><trkpt lat="35.699692" lon="127.811334"/><trkpt lat="35.699515" lon="127.811358"/><trkpt lat="35.699175" lon="127.811708"/><trkpt lat="35.698804" lon="127.811935"/><trkpt lat="35.698605" lon="127.812106"/><trkpt lat="35.698416" lon="127.812224"/><trkpt lat="35.698218" lon="127.812518"/><trkpt lat="35.698035" lon="127.812745"/><trkpt lat="35.697714" lon="127.812971"/><trkpt lat="35.697789" lon="127.813187"/><trkpt lat="35.69759" lon="127.813553"/><trkpt lat="35.697444" lon="127.813868"/><trkpt lat="35.697378" lon="127.814265"/><trkpt lat="35.697309" lon="127.81451"/><trkpt lat="35.69723" lon="127.814822"/><trkpt lat="35.697221" lon="127.815035"/><trkpt lat="35.697087" lon="127.815397"/><trkpt lat="35.697028" lon="127.815593"/><trkpt lat="35.696883" lon="127.815716"/><trkpt lat="35.696719" lon="127.81592"/><trkpt lat="35.696294" lon="127.816113"/><trkpt lat="35.696027" lon="127.816329"/><trkpt lat="35.695753" lon="127.816391"/><trkpt lat="35.695523" lon="127.816919"/><trkpt lat="35.695177" lon="127.81749"/><trkpt lat="35.694885" lon="127.817833"/><trkpt lat="35.694618" lon="127.818156"/><trkpt lat="35.694258" lon="127.818408"/><trkpt lat="35.693858" lon="127.818702"/><trkpt lat="35.69374" lon="127.819092"/><trkpt lat="35.693556" lon="127.819214"/><trkpt lat="35.693276" lon="127.819054"/><trkpt lat="35.693036" lon="127.819329"/><trkpt lat="35.692862" lon="127.819597"/><trkpt lat="35.692737" lon="127.819935"/><trkpt lat="35.692559" lon="127.820096"/><trkpt lat="35.692417" lon="127.820466"/><trkpt lat="35.692144" lon="127.820732"/><trkpt lat="35.692011" lon="127.820828"/></trkseg>
<trkseg><trkpt lat="35.727052" lon="127.820872"/><trkpt lat="35.727064" lon="127.821144"/><trkpt lat="35.727012" lon="127.821448"/><trkpt lat="35.727051" lon="127.821788"/><trkpt lat="35.727097" lon="127.822199"/><trkpt lat="35.727167" lon="127.82255"/><trkpt lat="35.727372" lon="127.822947"/><trkpt lat="35.727583" lon="127.823209"/><trkpt lat="35.727903" lon="127.823545"/><trkpt lat="35.728178" lon="127.823971"/><trkpt lat="35.728576" lon="127.824271"/><trkpt lat="35.72873" lon="127.82447"/><trkpt lat="35.728902" lon="127.824987"/><trkpt lat="35.729149" lon="127.825015"/><trkpt lat="35.729407" lon="127.825151"/><trkpt lat="35.729632" lon="127.825296"/><trkpt lat="35.730022" lon="127.825385"/><trkpt lat="35.730202" lon="127.825337"/><trkpt lat="35.730462" lon="127.825478"/><trkpt lat="35.730587" lon="127.82558"/><trkpt lat="35.730932" lon="127.825791"/><trkpt lat="35.731096" lon="127.825862"/><trkpt lat="35.731324" lon="127.825753"/><trkpt lat="35.73166" lon="127.825792"/><trkpt lat="35.732485" lon="127.825955"/><trkpt lat="35.732936" lon="127.826171"/><trkpt lat="35.733393" lon="127.826605"/><trkpt lat="35.733909" lon="127.827026"/><trkpt lat="35.734381" lon="127.827601"/><trkpt lat="35.734552" lon="127.827709"/><trkpt lat="35.73477" lon="127.827743"/><trkpt lat="35.735296" lon="127.827942"/><trkpt lat="35.735621" lon="127.828164"/><trkpt lat="35.735914" lon="127.828379"/><trkpt lat="35.736228" lon="127.828444"/><trkpt lat="35.736516" lon="127.828393"/><trkpt lat="35.736833" lon="127.828254"/><trkpt lat="35.737057" lon="127.828317"/><trkpt lat="35.737219" lon="127.828531"/><trkpt lat="35.737441" lon="127.828695"/><trkpt lat="35.737743" lon="127.828777"/><trkpt lat="35.737911" lon="127.828904"/><trkpt lat="35.738159" lon="127.829032"/><trkpt lat="35.738435" lon="127.828894"/><trkpt lat="35.738682" lon="127.82884"/><trkpt lat="35.738903" lon="127.829097"/><trkpt lat="35.738892" lon="127.829559"/><trkpt lat="35.73886" lon="127.829902"/><trkpt lat="35.738996" lon="127.830248"/><trkpt lat="35.739201" lon="127.830503"/><trkpt lat="35.739304" lon="127.831021"/><trkpt lat="35.739305" lon="127.831408"/><trkpt lat="35.739204" lon="127.83164"/><trkpt lat="35.739003" lon="127.831882"/><trkpt lat="35.738811" lon="127.832131"/><trkpt lat="35.738726" lon="127.832518"/><trkpt lat="35.738801" lon="127.832818"/><trkpt lat="35.738962" lon="127.833083"/><trkpt lat="35.73906" lon="127.833539"/><trkpt lat="35.739018" lon="127.833843"/><trkpt lat="35.739162" lon="127.834249"/><trkpt lat="35.739468" lon="127.834655"/><trkpt lat="35.739715" lon="127.834913"/><trkpt lat="35.73975" lon="127.835402"/><trkpt lat="35.739687" lon="127.835745"/><trkpt lat="35.739564" lon="127.836223"/><trkpt lat="35.739577" lon="127.836498"/><trkpt lat="35.739629" lon="127.836842"/><trkpt lat="35.739636" lon="127.837182"/><trkpt lat="35.739727" lon="127.837418"/><trkpt lat="35.739821" lon="127.837481"/></trkseg>
<trkseg><trkpt lat="35.727052" lon="127.820872"/><trkpt lat="35.72732" lon="127.820216"/><trkpt lat="35.72742" lon="127.819596"/><trkpt lat="35.727287" lon="127.819025"/><trkpt lat="35.727026" lon="127.818661"/><trkpt lat="35.72703" lon="127.818262"/><trkpt lat="35.726968" lon="127.818106"/><trkpt lat="35.726907" lon="127.817991"/><trkpt lat="35.726665" lon="127.817765"/><trkpt lat="35.726459" lon="127.817606"/><trkpt lat="35.726374" lon="127.817479"/><trkpt lat="35.7262" lon="127.817177"/><trkpt lat="35.72614" lon="127.816901"/><trkpt lat="35.726178" lon="127.816547"/><trkpt lat="35.726194" lon="127.816455"/><trkpt lat="35.726425" lon="127.816416"/><trkpt lat="35.726526" lon="127.816361"/></trkseg>
<trkseg><trkpt lat="35.694789" lon="127.758208"/><trkpt lat="35.694841" lon="127.758406"/><trkpt lat="35.69485" lon="127.758721"/><trkpt lat="35.694964" lon="127.758909"/><trkpt lat="35.695079" lon="127.75905"/><trkpt lat="35.69508" lon="127.759206"/><trkpt lat="35.695075" lon="127.75938"/><trkpt lat="35.695158" lon="127.759433"/><trkpt lat="35.695167" lon="127.759612"/><trkpt lat="35.695188" lon="127.75979"/><trkpt lat="35.695203" lon="127.759939"/><trkpt lat="35.695283" lon="127.760025"/><trkpt lat="35.695459" lon="127.759945"/><trkpt lat="35.695628" lon="127.760016"/><trkpt lat="35.695721" lon="127.760153"/><trkpt lat="35.695958" lon="127.760229"/><trkpt lat="35.696066" lon="127.760571"/><trkpt lat="35.696175" lon="127.760693"/><trkpt lat="35.696409" lon="127.76075"/><trkpt lat="35.69654" lon="127.76094"/><trkpt lat="35.696669" lon="127.761022"/><trkpt lat="35.696666" lon="127.760951"/></trkseg>
<trkseg><trkpt lat="35.696666" lon="127.760951"/><trkpt lat="35.696666" lon="127.760951"/></trkseg>
<trkseg><trkpt lat="35.696666" lon="127.760951"/><trkpt lat="35.696799" lon="127.760997"/><trkpt lat="35.696987" lon="127.761164"/><trkpt lat="35.697202" lon="127.761301"/><trkpt lat="35.697371" lon="127.761469"/><trkpt lat="35.697552" lon="127.761661"/><trkpt lat="35.697742" lon="127.761827"/><trkpt lat="35.697948" lon="127.761973"/><trkpt lat="35.698141" lon="127.762021"/><trkpt lat="35.69831" lon="127.762149"/><trkpt lat="35.698466" lon="127.762428"/><trkpt lat="35.698511" lon="127.762549"/><trkpt lat="35.698801" lon="127.762697"/><trkpt lat="35.699033" lon="127.762885"/><trkpt lat="35.699217" lon="127.763006"/><trkpt lat="35.699386" lon="127.763175"/><trkpt lat="35.699516" lon="127.763289"/><trkpt lat="35.699648" lon="127.763425"/><trkpt lat="35.699827" lon="127.763589"/><trkpt lat="35.699959" lon="127.763775"/><trkpt lat="35.700058" lon="127.763828"/><trkpt lat="35.700266" lon="127.764001"/><trkpt lat="35.700443" lon="127.764093"/><trkpt lat="35.70063" lon="127.764252"/><trkpt lat="35.700786" lon="127.764363"/><trkpt lat="35.700889" lon="127.764449"/><trkpt lat="35.701069" lon="127.764575"/><trkpt lat="35.701258" lon="127.764724"/><trkpt lat="35.701423" lon="127.76483"/><trkpt lat="35.701436" lon="127.764841"/></trkseg>
<trkseg><trkpt lat="35.701436" lon="127.764841"/><trkpt lat="35.701434" lon="127.764846"/><trkpt lat="35.701436" lon="127.764841"/></trkseg>
<trkseg><trkpt lat="35.701436" lon="127.764841"/><trkpt lat="35.701558" lon="127.764913"/><trkpt lat="35.701727" lon="127.765038"/><trkpt lat="35.701934" lon="127.765167"/><trkpt lat="35.701925" lon="127.765252"/><trkpt lat="35.702086" lon="127.765369"/><trkpt lat="35.702236" lon="127.765471"/><trkpt lat="35.702274" lon="127.765623"/><trkpt lat="35.702356" lon="127.765673"/><trkpt lat="35.702601" lon="127.765747"/><trkpt lat="35.702793" lon="127.765904"/><trkpt lat="35.702998" lon="127.765989"/><trkpt lat="35.703105" lon="127.766076"/><trkpt lat="35.703286" lon="127.766149"/><trkpt lat="35.703513" lon="127.766299"/><trkpt lat="35.703758" lon="127.766408"/><trkpt lat="35.703931" lon="127.76652"/><trkpt lat="35.704228" lon="127.766629"/><trkpt lat="35.704457" lon="127.766717"/><trkpt lat="35.704482" lon="127.76675"/><trkpt lat="35.704619" lon="127.766804"/><trkpt lat="35.704695" lon="127.766845"/><trkpt lat="35.704859" lon="127.766909"/><trkpt lat="35.705022" lon="127.767061"/><trkpt lat="35.705185" lon="127.767146"/><trkpt lat="35.705346" lon="127.76717"/><trkpt lat="35.705482" lon="127.767191"/><trkpt lat="35.705637" lon="127.767373"/><trkpt lat="35.705825" lon="127.767605"/><trkpt lat="35.706065" lon="127.767862"/><trkpt lat="35.70621" lon="127.767921"/><trkpt lat="35.706355" lon="127.767989"/><trkpt lat="35.706535" lon="127.768096"/><trkpt lat="35.706747" lon="127.768261"/><trkpt lat="35.706944" lon="127.768351"/><trkpt lat="35.707102" lon="127.768423"/><trkpt lat="35.70727" lon="127.768468"/><trkpt lat="35.707454" lon="127.768474"/><trkpt lat="35.707629" lon="127.768615"/><trkpt lat="35.707802" lon="127.768623"/><trkpt lat="35.708026" lon="127.76877"/><trkpt lat="35.708274" lon="127.768943"/><trkpt lat="35.708548" lon="127.768907"/><trkpt lat="35.708714" lon="127.768938"/><trkpt lat="35.708975" lon="127.76906"/><trkpt lat="35.709135" lon="127.76926"/><trkpt lat="35.709293" lon="127.769408"/><trkpt lat="35.709535" lon="127.769373"/><trkpt lat="35.709617" lon="127.769424"/><trkpt lat="35.709782" lon="127.769421"/><trkpt lat="35.709925" lon="127.769377"/><trkpt lat="35.710086" lon="127.769381"/><trkpt lat="35.710205" lon="127.769383"/><trkpt lat="35.710404" lon="127.769392"/><trkpt lat="35.710561" lon="127.769563"/><trkpt lat="35.710687" lon="127.769649"/><trkpt lat="35.710866" lon="127.769721"/><trkpt lat="35.711027" lon="127.769672"/><trkpt lat="35.711248" lon="127.769626"/><trkpt lat="35.71144" lon="127.769533"/><trkpt lat="35.711604" lon="127.769474"/><trkpt lat="35.711772" lon="127.769526"/><trkpt lat="35.711951" lon="127.769523"/><trkpt lat="35.712063" lon="127.769542"/><trkpt lat="35.712134" lon="127.769513"/><trkpt lat="35.712185" lon="127.769431"/><trkpt lat="35.712293" lon="127.769379"/><trkpt lat="35.712401" lon="127.769309"/><trkpt lat="35.712558" lon="127.769296"/><trkpt lat="35.712652" lon="127.769256"/><trkpt lat="35.71275" lon="127.769263"/><trkpt lat="35.712903" lon="127.769375"/><trkpt lat="35.712954" lon="127.769458"/><trkpt lat="35.713089" lon="127.769475"/><trkpt lat="35.71323" lon="127.769544"/><trkpt lat="35.713318" lon="127.769688"/><trkpt lat="35.713428" lon="127.769867"/><trkpt lat="35.71355" lon="127.769914"/><trkpt lat="35.713657" lon="127.769974"/><trkpt lat="35.713728" lon="127.769992"/><trkpt lat="35.713787" lon="127.770067"/><trkpt lat="35.713829" lon="127.770213"/><trkpt lat="35.713874" lon="127.770316"/><trkpt lat="35.713938" lon="127.770363"/><trkpt lat="35.714016" lon="127.770418"/><trkpt lat="35.714095" lon="127.770412"/><trkpt lat="35.714179" lon="127.770479"/><trkpt lat="35.714255" lon="127.770546"/><trkpt lat="35.714357" lon="127.770588"/><trkpt lat="35.714452" lon="127.770634"/><trkpt lat="35.714578" lon="127.770744"/><trkpt lat="35.714681" lon="127.770748"/><trkpt lat="35.714782" lon="127.770747"/><trkpt lat="35.714864" lon="127.770868"/><trkpt lat="35.714992" lon="127.770954"/><trkpt lat="35.715082" lon="127.77104"/><trkpt lat="35.71517" lon="127.771132"/><trkpt lat="35.715271" lon="127.771197"/><trkpt lat="35.715333" lon="127.771274"/><trkpt lat="35.715356" lon="127.771421"/><trkpt lat="35.715351" lon="127.771696"/><trkpt lat="35.715325" lon="127.771839"/></trkseg>
<trkseg><trkpt lat="35.683523" lon="127.766408"/><trkpt lat="35.683798" lon="127.765808"/><trkpt lat="35.684213" lon="127.765453"/><trkpt lat="35.684685" lon="127.765152"/><trkpt lat="35.685114" lon="127.764938"/><trkpt lat="35.685508" lon="127.764877"/></trkseg>
<trkseg><trkpt lat="35.729536" lon="127.762929"/><trkpt lat="35.729442" lon="127.762917"/><trkpt lat="35.729346" lon="127.762787"/><trkpt lat="35.729182" lon="127.762737"/><trkpt lat="35.7291" lon="127.762562"/><trkpt lat="35.72895" lon="127.762445"/><trkpt lat="35.728803" lon="127.762376"/><trkpt lat="35.728685" lon="127.762302"/><trkpt lat="35.728522" lon="127.762219"/><trkpt lat="35.728424" lon="127.762193"/><trkpt lat="35.728288" lon="127.762147"/><trkpt lat="35.728168" lon="127.762046"/></trkseg>
<trkseg><trkpt lat="35.728168" lon="127.762046"/><trkpt lat="35.727912" lon="127.761809"/><trkpt lat="35.727754" lon="127.761672"/><trkpt lat="35.72763" lon="127.761594"/><trkpt lat="35.727487" lon="127.761539"/><trkpt lat="35.727395" lon="127.76147"/><trkpt lat="35.727277" lon="127.76144"/><trkpt lat="35.727156" lon="127.761472"/><trkpt lat="35.726986" lon="127.761496"/><trkpt lat="35.726836" lon="127.76157"/><trkpt lat="35.726658" lon="127.761616"/><trkpt lat="35.726516" lon="127.761706"/><trkpt lat="35.726417" lon="127.761765"/><trkpt lat="35.726341" lon="127.761779"/><trkpt lat="35.726267" lon="127.76181"/><trkpt lat="35.726209" lon="127.761852"/><trkpt lat="35.726137" lon="127.762067"/><trkpt lat="35.726064" lon="127.7622"/><trkpt lat="35.7259" lon="127.762241"/><trkpt lat="35.725827" lon="127.762304"/><trkpt lat="35.725642" lon="127.762454"/><trkpt lat="35.72549" lon="127.762563"/><trkpt lat="35.725316" lon="127.762715"/><trkpt lat="35.725228" lon="127.762796"/><trkpt lat="35.724982" lon="127.7629"/><trkpt lat="35.724753" lon="127.763007"/><trkpt lat="35.724551" lon="127.763097"/><trkpt lat="35.724306" lon="127.763076"/><trkpt lat="35.724145" lon="127.76315"/><trkpt lat="35.72391" lon="127.763228"/><trkpt lat="35.723756" lon="127.763293"/><trkpt lat="35.723605" lon="127.76336"/><trkpt lat="35.723442" lon="127.763505"/><trkpt lat="35.723141" lon="127.763551"/><trkpt lat="35.722878" lon="127.763587"/><trkpt lat="35.722612" lon="127.763603"/><trkpt lat="35.72249" lon="127.763681"/><trkpt lat="35.7223" lon="127.763677"/><trkpt lat="35.722097" lon="127.76377"/><trkpt lat="35.721834" lon="127.76381"/><trkpt lat="35.721599" lon="127.763759"/><trkpt lat="35.72147" lon="127.763741"/><trkpt lat="35.721351" lon="127.763729"/><trkpt lat="35.721175" lon="127.763977"/><trkpt lat="35.72104" lon="127.764194"/><trkpt lat="35.720944" lon="127.764356"/><trkpt lat="35.720853" lon="127.764507"/><trkpt lat="35.720773" lon="127.764787"/><trkpt lat="35.720668" lon="127.764905"/><trkpt lat="35.720598" lon="127.765021"/><trkpt lat="35.720442" lon="127.765155"/><trkpt lat="35.720393" lon="127.765263"/><trkpt lat="35.719357" lon="127.766754"/><trkpt lat="35.718644" lon="127.768035"/><trkpt lat="35.718027" lon="127.768739"/><trkpt lat="35.717285" lon="127.769514"/><trkpt lat="35.716612" lon="127.770306"/><trkpt lat="35.716219" lon="127.770826"/><trkpt lat="35.715797" lon="127.771286"/><trkpt lat="35.715514" lon="127.771596"/><trkpt lat="35.715325" lon="127.771839"/></trkseg>
<trkseg><trkpt lat="35.729536" lon="127.762929"/><trkpt lat="35.7296" lon="127.762785"/><trkpt lat="35.729573" lon="127.762616"/><trkpt lat="35.729623" lon="127.762465"/><trkpt lat="35.729827" lon="127.762274"/><trkpt lat="35.729931" lon="127.762111"/><trkpt lat="35.730027" lon="127.761911"/><trkpt lat="35.730141" lon="127.761744"/><trkpt lat="35.730276" lon="127.761607"/><trkpt lat="35.730358" lon="127.761537"/><trkpt lat="35.730406" lon="127.761492"/><trkpt lat="35.730587" lon="127.761316"/><trkpt lat="35.730832" lon="127.761133"/><trkpt lat="35.730921" lon="127.761262"/><trkpt lat="35.731098" lon="127.76135"/><trkpt lat="35.73125" lon="127.761418"/><trkpt lat="35.731444" lon="127.761511"/><trkpt lat="35.731627" lon="127.761752"/><trkpt lat="35.731775" lon="127.761959"/><trkpt lat="35.73181" lon="127.762156"/><trkpt lat="35.731834" lon="127.762232"/><trkpt lat="35.731794" lon="127.762412"/><trkpt lat="35.731774" lon="127.762483"/><trkpt lat="35.731754" lon="127.762605"/><trkpt lat="35.731867" lon="127.76274"/><trkpt lat="35.731999" lon="127.76309"/><trkpt lat="35.732113" lon="127.76336"/><trkpt lat="35.732195" lon="127.763401"/><trkpt lat="35.73232" lon="127.763542"/><trkpt lat="35.732553" lon="127.763739"/><trkpt lat="35.732789" lon="127.76389"/><trkpt lat="35.732928" lon="127.76401"/><trkpt lat="35.73298" lon="127.764004"/><trkpt lat="35.733071" lon="127.764154"/><trkpt lat="35.733246" lon="127.764296"/><trkpt lat="35.733265" lon="127.764384"/><trkpt lat="35.733276" lon="127.764573"/><trkpt lat="35.733361" lon="127.764697"/><trkpt lat="35.733402" lon="127.764818"/><trkpt lat="35.733569" lon="127.76506"/><trkpt lat="35.733723" lon="127.765266"/><trkpt lat="35.733935" lon="127.765368"/><trkpt lat="35.73409" lon="127.765492"/><trkpt lat="35.734212" lon="127.765732"/><trkpt lat="35.734349" lon="127.76599"/><trkpt lat="35.734617" lon="127.766273"/><trkpt lat="35.734795" lon="127.766302"/><trkpt lat="35.735018" lon="127.766345"/><trkpt lat="35.735214" lon="127.766462"/><trkpt lat="35.735389" lon="127.766573"/><trkpt lat="35.735482" lon="127.766605"/><trkpt lat="35.735558" lon="127.766659"/><trkpt lat="35.735635" lon="127.766764"/><trkpt lat="35.735774" lon="127.766843"/><trkpt lat="35.735956" lon="127.766873"/><trkpt lat="35.736082" lon="127.766866"/><trkpt lat="35.736489" lon="127.766986"/><trkpt lat="35.736736" lon="127.767097"/><trkpt lat="35.736918" lon="127.767341"/><trkpt lat="35.737027" lon="127.767408"/><trkpt lat="35.737317" lon="127.767483"/><trkpt lat="35.73762" lon="127.767636"/><trkpt lat="35.738021" lon="127.76764"/><trkpt lat="35.738158" lon="127.767695"/><trkpt lat="35.738337" lon="127.767779"/><trkpt lat="35.73846" lon="127.76783"/><trkpt lat="35.738626" lon="127.76794"/><trkpt lat="35.738854" lon="127.768093"/><trkpt lat="35.739204" lon="127.768157"/><trkpt lat="35.739392" lon="127.768183"/><trkpt lat="35.739536" lon="127.76832"/><trkpt lat="35.739617" lon="127.768687"/><trkpt lat="35.739816" lon="127.768912"/><trkpt lat="35.740155" lon="127.769175"/><trkpt lat="35.740381" lon="127.769521"/><trkpt lat="35.740516" lon="127.76982"/><trkpt lat="35.740568" lon="127.770065"/><trkpt lat="35.740521" lon="127.770276"/><trkpt lat="35.740414" lon="127.77072"/><trkpt lat="35.740303" lon="127.771208"/><trkpt lat="35.740211" lon="127.77148"/><trkpt lat="35.740148" lon="127.771952"/><trkpt lat="35.740081" lon="127.772131"/><trkpt lat="35.740008" lon="127.772348"/><trkpt lat="35.739963" lon="127.772583"/><trkpt lat="35.739951" lon="127.772664"/><trkpt lat="35.739901" lon="127.77285"/><trkpt lat="35.73985" lon="127.772981"/><trkpt lat="35.739794" lon="127.773108"/><trkpt lat="35.73971" lon="127.773228"/><trkpt lat="35.739637" lon="127.773288"/><trkpt lat="35.739617" lon="127.773313"/><trkpt lat="35.73958" lon="127.773401"/><trkpt lat="35.739555" lon="127.773482"/><trkpt lat="35.739495" lon="127.773588"/><trkpt lat="35.739458" lon="127.773657"/><trkpt lat="35.739432" lon="127.773739"/><trkpt lat="35.738934" lon="127.774335"/><trkpt lat="35.738687" lon="127.774853"/><trkpt lat="35.738672" lon="127.77491"/><trkpt lat="35.738632" lon="127.77513"/><trkpt lat="35.738662" lon="127.775298"/><trkpt lat="35.738663" lon="127.775568"/><trkpt lat="35.738702" lon="127.77573"/><trkpt lat="35.738771" lon="127.777067"/><trkpt lat="35.738707" lon="127.777622"/><trkpt lat="35.738677" lon="127.777737"/><trkpt lat="35.73878" lon="127.777777"/><trkpt lat="35.738797" lon="127.777946"/><trkpt lat="35.73879" lon="127.778171"/><trkpt lat="35.738717" lon="127.778291"/><trkpt lat="35.738752" lon="127.778459"/><trkpt lat="35.738842" lon="127.778627"/><trkpt lat="35.738851" lon="127.778792"/><trkpt lat="35.738825" lon="127.778954"/></trkseg>
<trkseg><trkpt lat="35.715325" lon="127.771839"/><trkpt lat="35.715079" lon="127.772155"/><trkpt lat="35.714957" lon="127.772388"/><trkpt lat="35.714829" lon="127.772541"/><trkpt lat="35.7147" lon="127.772767"/><trkpt lat="35.714529" lon="127.773013"/><trkpt lat="35.714449" lon="127.773251"/><trkpt lat="35.714327" lon="127.7735"/><trkpt lat="35.714142" lon="127.77372"/><trkpt lat="35.714006" lon="127.774047"/><trkpt lat="35.713873" lon="127.77423"/><trkpt lat="35.713758" lon="127.774403"/><trkpt lat="35.713673" lon="127.774508"/><trkpt lat="35.713419" lon="127.774765"/><trkpt lat="35.713398" lon="127.774976"/><trkpt lat="35.713408" lon="127.775393"/><trkpt lat="35.713304" lon="127.775729"/><trkpt lat="35.713119" lon="127.776081"/><trkpt lat="35.713014" lon="127.776351"/><trkpt lat="35.712856" lon="127.776508"/><trkpt lat="35.712744" lon="127.776586"/><trkpt lat="35.712647" lon="127.776773"/><trkpt lat="35.712443" lon="127.777038"/><trkpt lat="35.712383" lon="127.777135"/><trkpt lat="35.712383" lon="127.777146"/><trkpt lat="35.712355" lon="127.777246"/><trkpt lat="35.712304" lon="127.777411"/><trkpt lat="35.712131" lon="127.777701"/><trkpt lat="35.712016" lon="127.777779"/><trkpt lat="35.711781" lon="127.777948"/><trkpt lat="35.711508" lon="127.77814"/><trkpt lat="35.711349" lon="127.778289"/><trkpt lat="35.711205" lon="127.778439"/><trkpt lat="35.711065" lon="127.778554"/><trkpt lat="35.710987" lon="127.778711"/><trkpt lat="35.710847" lon="127.778934"/><trkpt lat="35.710833" lon="127.778994"/><trkpt lat="35.710697" lon="127.779095"/><trkpt lat="35.710592" lon="127.779124"/><trkpt lat="35.710447" lon="127.779326"/><trkpt lat="35.710292" lon="127.779496"/><trkpt lat="35.710202" lon="127.779659"/><trkpt lat="35.710037" lon="127.779837"/><trkpt lat="35.70992" lon="127.780013"/><trkpt lat="35.709737" lon="127.780199"/><trkpt lat="35.709566" lon="127.780322"/><trkpt lat="35.70949" lon="127.780398"/><trkpt lat="35.709397" lon="127.780502"/><trkpt lat="35.709245" lon="127.780609"/><trkpt lat="35.708997" lon="127.780726"/><trkpt lat="35.708742" lon="127.780825"/><trkpt lat="35.708577" lon="127.780873"/><trkpt lat="35.708356" lon="127.781019"/><trkpt lat="35.708217" lon="127.780882"/><trkpt lat="35.708024" lon="127.780915"/><trkpt lat="35.707918" lon="127.781111"/><trkpt lat="35.707716" lon="127.781101"/><trkpt lat="35.707521" lon="127.781223"/><trkpt lat="35.707179" lon="127.78146"/><trkpt lat="35.706962" lon="127.781586"/></trkseg>
<trkseg><trkpt lat="35.723589" lon="127.776576"/><trkpt lat="35.723381" lon="127.777072"/><trkpt lat="35.7232" lon="127.777272"/></trkseg>
<trkseg><trkpt lat="35.723097" lon="127.778092"/><trkpt lat="35.723226" lon="127.778329"/><trkpt lat="35.723363" lon="127.778588"/><trkpt lat="35.723769" lon="127.779469"/><trkpt lat="35.723929" lon="127.779786"/><trkpt lat="35.724034" lon="127.77979"/></trkseg>
<trkseg><trkpt lat="35.7232" lon="127.777272"/><trkpt lat="35.723057" lon="127.777838"/><trkpt lat="35.723097" lon="127.778092"/></trkseg>
<trkseg><trkpt lat="35.723589" lon="127.776576"/><trkpt lat="35.723771" lon="127.775626"/><trkpt lat="35.72384" lon="127.774956"/></trkseg>
<trkseg><trkpt lat="35.727211" lon="127.795535"/><trkpt lat="35.727275" lon="127.795266"/><trkpt lat="35.72731" lon="127.794912"/><trkpt lat="35.727294" lon="127.794604"/><trkpt lat="35.727282" lon="127.794265"/><trkpt lat="35.727309" lon="127.793757"/><trkpt lat="35.727322" lon="127.793138"/><trkpt lat="35.72736" lon="127.792802"/><trkpt lat="35.727352" lon="127.792519"/><trkpt lat="35.727533" lon="127.792228"/><trkpt lat="35.727664" lon="127.791916"/><trkpt lat="35.727884" lon="127.791845"/><trkpt lat="35.728402" lon="127.791857"/><trkpt lat="35.728543" lon="127.791686"/><trkpt lat="35.72872" lon="127.791233"/><trkpt lat="35.728889" lon="127.790775"/><trkpt lat="35.728762" lon="127.790383"/><trkpt lat="35.728614" lon="127.789953"/><trkpt lat="35.728384" lon="127.78941"/><trkpt lat="35.728321" lon="127.789128"/><trkpt lat="35.72806" lon="127.788777"/><trkpt lat="35.727756" lon="127.788604"/><trkpt lat="35.727624" lon="127.788347"/><trkpt lat="35.727751" lon="127.788067"/><trkpt lat="35.727964" lon="127.787707"/><trkpt lat="35.728171" lon="127.787385"/><trkpt lat="35.728463" lon="127.786919"/></trkseg>
<trkseg><trkpt lat="35.7232" lon="127.777272"/><trkpt lat="35.723639" lon="127.777419"/><trkpt lat="35.723922" lon="127.777786"/><trkpt lat="35.724227" lon="127.777794"/><trkpt lat="35.724613" lon="127.777821"/><trkpt lat="35.724815" lon="127.777743"/><trkpt lat="35.724571" lon="127.777659"/><trkpt lat="35.724369" lon="127.777334"/><trkpt lat="35.723984" lon="127.777131"/><trkpt lat="35.723637" lon="127.776748"/><trkpt lat="35.723589" lon="127.776576"/></trkseg>
<trkseg><trkpt lat="35.72384" lon="127.774956"/><trkpt lat="35.723822" lon="127.774519"/><trkpt lat="35.723981" lon="127.774008"/><trkpt lat="35.723955" lon="127.773617"/><trkpt lat="35.724053" lon="127.77332"/><trkpt lat="35.723856" lon="127.773149"/><trkpt lat="35.723534" lon="127.773091"/><trkpt lat="35.7232" lon="127.772822"/><trkpt lat="35.72298" lon="127.772558"/><trkpt lat="35.723242" lon="127.77237"/><trkpt lat="35.723524" lon="127.772249"/><trkpt lat="35.723925" lon="127.771857"/><trkpt lat="35.724224" lon="127.771723"/><trkpt lat="35.724392" lon="127.771543"/><trkpt lat="35.724121" lon="127.771281"/><trkpt lat="35.723798" lon="127.771239"/><trkpt lat="35.723551" lon="127.771102"/><trkpt lat="35.723322" lon="127.771084"/><trkpt lat="35.723087" lon="127.771153"/><trkpt lat="35.723185" lon="127.770876"/><trkpt lat="35.723383" lon="127.770752"/><trkpt lat="35.723618" lon="127.770854"/><trkpt lat="35.723733" lon="127.770672"/><trkpt lat="35.72396" lon="127.770433"/><trkpt lat="35.724146" lon="127.770205"/><trkpt lat="35.724457" lon="127.770111"/><trkpt lat="35.724722" lon="127.76983"/><trkpt lat="35.725016" lon="127.769741"/></trkseg>
<trkseg><trkpt lat="35.722664" lon="127.778613"/><trkpt lat="35.722525" lon="127.778283"/><trkpt lat="35.722639" lon="127.777546"/><trkpt lat="35.722715" lon="127.777181"/><trkpt lat="35.722973" lon="127.777064"/><trkpt lat="35.7232" lon="127.777272"/></trkseg>
<trkseg><trkpt lat="35.723097" lon="127.778092"/><trkpt lat="35.72293" lon="127.778122"/><trkpt lat="35.722798" lon="127.778293"/><trkpt lat="35.722763" lon="127.778468"/><trkpt lat="35.722698" lon="127.778597"/><trkpt lat="35.722664" lon="127.778613"/></trkseg>
<trkseg><trkpt lat="35.725016" lon="127.769741"/><trkpt lat="35.724841" lon="127.769602"/><trkpt lat="35.724558" lon="127.769711"/><trkpt lat="35.724282" lon="127.769771"/><trkpt lat="35.723955" lon="127.769892"/><trkpt lat="35.723707" lon="127.77005"/><trkpt lat="35.723484" lon="127.769904"/><trkpt lat="35.723412" lon="127.769526"/><trkpt lat="35.723177" lon="127.769321"/><trkpt lat="35.722928" lon="127.76931"/><trkpt lat="35.722855" lon="127.769371"/></trkseg>
<trkseg><trkpt lat="35.722664" lon="127.778613"/><trkpt lat="35.722589" lon="127.779021"/><trkpt lat="35.722692" lon="127.779371"/><trkpt lat="35.722653" lon="127.780227"/><trkpt lat="35.722036" lon="127.780695"/><trkpt lat="35.721663" lon="127.780776"/><trkpt lat="35.721365" lon="127.781119"/><trkpt lat="35.721022" lon="127.781251"/><trkpt lat="35.72083" lon="127.7817"/><trkpt lat="35.720402" lon="127.781979"/><trkpt lat="35.720072" lon="127.78232"/><trkpt lat="35.719664" lon="127.782575"/><trkpt lat="35.719487" lon="127.78303"/><trkpt lat="35.719721" lon="127.783552"/><trkpt lat="35.719739" lon="127.7841"/><trkpt lat="35.719743" lon="127.78465"/><trkpt lat="35.719713" lon="127.785089"/><trkpt lat="35.720024" lon="127.785325"/><trkpt lat="35.72016" lon="127.785646"/><trkpt lat="35.720107" lon="127.786016"/><trkpt lat="35.720208" lon="127.78635"/><trkpt lat="35.719949" lon="127.786453"/><trkpt lat="35.719418" lon="127.78658"/><trkpt lat="35.719124" lon="127.78689"/><trkpt lat="35.718979" lon="127.787228"/><trkpt lat="35.718578" lon="127.787351"/><trkpt lat="35.718213" lon="127.787635"/><trkpt lat="35.717598" lon="127.788338"/><trkpt lat="35.717258" lon="127.788686"/><trkpt lat="35.717052" lon="127.788845"/><trkpt lat="35.716776" lon="127.789129"/><trkpt lat="35.71656" lon="127.78931"/><trkpt lat="35.71663" lon="127.789586"/><trkpt lat="35.716923" lon="127.789725"/><trkpt lat="35.717064" lon="127.790118"/><trkpt lat="35.717387" lon="127.790475"/><trkpt lat="35.717254" lon="127.790821"/><trkpt lat="35.717308" lon="127.791083"/><trkpt lat="35.717707" lon="127.791088"/><trkpt lat="35.717872" lon="127.791342"/><trkpt lat="35.718174" lon="127.791645"/><trkpt lat="35.71844" lon="127.791943"/><trkpt lat="35.718281" lon="127.7921"/><trkpt lat="35.717884" lon="127.792094"/><trkpt lat="35.717709" lon="127.792493"/><trkpt lat="35.71749" lon="127.792435"/><trkpt lat="35.717201" lon="127.792248"/><trkpt lat="35.716899" lon="127.792354"/><trkpt lat="35.716639" lon="127.792585"/><trkpt lat="35.716548" lon="127.79291"/><trkpt lat="35.716421" lon="127.793362"/><trkpt lat="35.716074" lon="127.793718"/><trkpt lat="35.715685" lon="127.793922"/><trkpt lat="35.715356" lon="127.794001"/><trkpt lat="35.714949" lon="127.794144"/><trkpt lat="35.714722" lon="127.794269"/><trkpt lat="35.7147" lon="127.794594"/><trkpt lat="35.714886" lon="127.794789"/><trkpt lat="35.714992" lon="127.795115"/><trkpt lat="35.71524" lon="127.795428"/><trkpt lat="35.715171" lon="127.795782"/><trkpt lat="35.715384" lon="127.796051"/><trkpt lat="35.71547" lon="127.796354"/><trkpt lat="35.715651" lon="127.796609"/><trkpt lat="35.715699" lon="127.796715"/></trkseg>
<trkseg><trkpt lat="35.728365" lon="127.777695"/><trkpt lat="35.728372" lon="127.77724"/><trkpt lat="35.728553" lon="127.7768"/><trkpt lat="35.728831" lon="127.77652"/><trkpt lat="35.729198" lon="127.776337"/><trkpt lat="35.72957" lon="127.776227"/><trkpt lat="35.729801" lon="127.77585"/><trkpt lat="35.730129" lon="127.775171"/><trkpt lat="35.730327" lon="127.774725"/><trkpt lat="35.730401" lon="127.774404"/><trkpt lat="35.730391" lon="127.773788"/><trkpt lat="35.73014" lon="127.773288"/><trkpt lat="35.730011" lon="127.772831"/><trkpt lat="35.729925" lon="127.772362"/><trkpt lat="35.729736" lon="127.77192"/><trkpt lat="35.729778" lon="127.77146"/><trkpt lat="35.729649" lon="127.770968"/><trkpt lat="35.729333" lon="127.770261"/><trkpt lat="35.72887" lon="127.769846"/><trkpt lat="35.728375" lon="127.769053"/></trkseg>
<trkseg><trkpt lat="35.728375" lon="127.769053"/><trkpt lat="35.728918" lon="127.768027"/><trkpt lat="35.728984" lon="127.76699"/><trkpt lat="35.728992" lon="127.766412"/><trkpt lat="35.729137" lon="127.765446"/><trkpt lat="35.729186" lon="127.764785"/><trkpt lat="35.729394" lon="127.764175"/><trkpt lat="35.729536" lon="127.762929"/></trkseg>
<trkseg><trkpt lat="35.715699" lon="127.796715"/><trkpt lat="35.715596" lon="127.796922"/><trkpt lat="35.715403" lon="127.796881"/><trkpt lat="35.71519" lon="127.796869"/><trkpt lat="35.714925" lon="127.796911"/><trkpt lat="35.714828" lon="127.796619"/><trkpt lat="35.714636" lon="127.796409"/><trkpt lat="35.714426" lon="127.796222"/><trkpt lat="35.714268" lon="127.796502"/><trkpt lat="35.714059" lon="127.796792"/><trkpt lat="35.713868" lon="127.79711"/><trkpt lat="35.713678" lon="127.797279"/><trkpt lat="35.713477" lon="127.797236"/><trkpt lat="35.713569" lon="127.796742"/><trkpt lat="35.713386" lon="127.796709"/><trkpt lat="35.713131" lon="127.796851"/><trkpt lat="35.712936" lon="127.796949"/><trkpt lat="35.712747" lon="127.797172"/><trkpt lat="35.71247" lon="127.797235"/><trkpt lat="35.712281" lon="127.797017"/><trkpt lat="35.712053" lon="127.797154"/><trkpt lat="35.711871" lon="127.797599"/><trkpt lat="35.711698" lon="127.797902"/><trkpt lat="35.711492" lon="127.797826"/><trkpt lat="35.711416" lon="127.797515"/><trkpt lat="35.711258" lon="127.797385"/><trkpt lat="35.711052" lon="127.79765"/><trkpt lat="35.710879" lon="127.797969"/><trkpt lat="35.710735" lon="127.797747"/><trkpt lat="35.710535" lon="127.797259"/><trkpt lat="35.710357" lon="127.797018"/><trkpt lat="35.71016" lon="127.797163"/><trkpt lat="35.710016" lon="127.79756"/><trkpt lat="35.709838" lon="127.797651"/><trkpt lat="35.709577" lon="127.797805"/><trkpt lat="35.709351" lon="127.798014"/><trkpt lat="35.709592" lon="127.798293"/><trkpt lat="35.709878" lon="127.798475"/><trkpt lat="35.709874" lon="127.7989"/><trkpt lat="35.71016" lon="127.799186"/><trkpt lat="35.71026" lon="127.799609"/><trkpt lat="35.710388" lon="127.799947"/><trkpt lat="35.710675" lon="127.800198"/><trkpt lat="35.710911" lon="127.800535"/><trkpt lat="35.711138" lon="127.80076"/><trkpt lat="35.711169" lon="127.801116"/><trkpt lat="35.711607" lon="127.801416"/><trkpt lat="35.7121" lon="127.801648"/><trkpt lat="35.712323" lon="127.801834"/><trkpt lat="35.712188" lon="127.801881"/><trkpt lat="35.711963" lon="127.801817"/><trkpt lat="35.711755" lon="127.802027"/><trkpt lat="35.711655" lon="127.802368"/><trkpt lat="35.711423" lon="127.802564"/><trkpt lat="35.711283" lon="127.802886"/><trkpt lat="35.71124" lon="127.803397"/><trkpt lat="35.71113" lon="127.803785"/><trkpt lat="35.711352" lon="127.804113"/><trkpt lat="35.711645" lon="127.804372"/><trkpt lat="35.711613" lon="127.804491"/><trkpt lat="35.711357" lon="127.804473"/><trkpt lat="35.711264" lon="127.804567"/></trkseg>
<trkseg><trkpt lat="35.74092" lon="127.782946"/><trkpt lat="35.741012" lon="127.782684"/><trkpt lat="35.741193" lon="127.782548"/><trkpt lat="35.741234" lon="127.78238"/><trkpt lat="35.741158" lon="127.782207"/><trkpt lat="35.740918" lon="127.782045"/><trkpt lat="35.74077" lon="127.781822"/><trkpt lat="35.740922" lon="127.781437"/><trkpt lat="35.741077" lon="127.780992"/><trkpt lat="35.74096" lon="127.780531"/><trkpt lat="35.740919" lon="127.780195"/><trkpt lat="35.740698" lon="127.779854"/><trkpt lat="35.740411" lon="127.779685"/><trkpt lat="35.740043" lon="127.779775"/><trkpt lat="35.739745" lon="127.77981"/><trkpt lat="35.739456" lon="127.779487"/><trkpt lat="35.739356" lon="127.779094"/><trkpt lat="35.739092" lon="127.779052"/><trkpt lat="35.738933" lon="127.779056"/><trkpt lat="35.738825" lon="127.778954"/></trkseg>
<trkseg><trkpt lat="35.728365" lon="127.777695"/><trkpt lat="35.728167" lon="127.777673"/><trkpt lat="35.727959" lon="127.777703"/><trkpt lat="35.727903" lon="127.778078"/><trkpt lat="35.727903" lon="127.778412"/><trkpt lat="35.727745" lon="127.7786"/><trkpt lat="35.727399" lon="127.778539"/><trkpt lat="35.727116" lon="127.778443"/><trkpt lat="35.726905" lon="127.778509"/><trkpt lat="35.726678" lon="127.778756"/><trkpt lat="35.726382" lon="127.779002"/><trkpt lat="35.726369" lon="127.779307"/><trkpt lat="35.726424" lon="127.779559"/><trkpt lat="35.726138" lon="127.779918"/><trkpt lat="35.725839" lon="127.780005"/><trkpt lat="35.725449" lon="127.779891"/><trkpt lat="35.725212" lon="127.779943"/><trkpt lat="35.72503" lon="127.780253"/><trkpt lat="35.724802" lon="127.780221"/><trkpt lat="35.724608" lon="127.779982"/><trkpt lat="35.724405" lon="127.77962"/><trkpt lat="35.724169" lon="127.77911"/><trkpt lat="35.723714" lon="127.77855"/></trkseg>
<trkseg><trkpt lat="35.731682" lon="127.778801"/><trkpt lat="35.731506" lon="127.779076"/><trkpt lat="35.731481" lon="127.779497"/><trkpt lat="35.731282" lon="127.779677"/><trkpt lat="35.73097" lon="127.779762"/><trkpt lat="35.730726" lon="127.779586"/><trkpt lat="35.73064" lon="127.779878"/><trkpt lat="35.730741" lon="127.780303"/><trkpt lat="35.730654" lon="127.780736"/><trkpt lat="35.730541" lon="127.781162"/><trkpt lat="35.73052" lon="127.781507"/><trkpt lat="35.730391" lon="127.781395"/><trkpt lat="35.730426" lon="127.780923"/><trkpt lat="35.730515" lon="127.780546"/><trkpt lat="35.730343" lon="127.780209"/><trkpt lat="35.730232" lon="127.779833"/><trkpt lat="35.730295" lon="127.779549"/><trkpt lat="35.730246" lon="127.779249"/><trkpt lat="35.730176" lon="127.778911"/><trkpt lat="35.729964" lon="127.77869"/><trkpt lat="35.729696" lon="127.778791"/><trkpt lat="35.729518" lon="127.778495"/><trkpt lat="35.729263" lon="127.778147"/><trkpt lat="35.729" lon="127.778053"/><trkpt lat="35.728753" lon="127.778073"/><trkpt lat="35.728568" lon="127.777806"/><trkpt lat="35.728365" lon="127.777695"/></trkseg>
<trkseg><trkpt lat="35.738825" lon="127.778954"/><trkpt lat="35.738639" lon="127.778964"/><trkpt lat="35.738542" lon="127.779194"/><trkpt lat="35.738346" lon="127.779296"/><trkpt lat="35.738103" lon="127.779134"/><trkpt lat="35.738006" lon="127.778873"/><trkpt lat="35.738008" lon="127.778476"/><trkpt lat="35.738027" lon="127.77812"/><trkpt lat="35.73799" lon="127.777831"/><trkpt lat="35.737796" lon="127.77754"/><trkpt lat="35.737617" lon="127.777275"/><trkpt lat="35.737453" lon="127.777203"/><trkpt lat="35.737255" lon="127.777275"/><trkpt lat="35.737088" lon="127.777488"/><trkpt lat="35.736903" lon="127.777654"/><trkpt lat="35.736751" lon="127.777491"/><trkpt lat="35.736547" lon="127.777452"/><trkpt lat="35.73637" lon="127.777411"/><trkpt lat="35.736149" lon="127.7772"/><trkpt lat="35.735892" lon="127.777206"/><trkpt lat="35.735776" lon="127.77746"/><trkpt lat="35.73565" lon="127.777664"/><trkpt lat="35.735393" lon="127.777794"/><trkpt lat="35.735234" lon="127.777614"/><trkpt lat="35.735122" lon="127.777262"/><trkpt lat="35.734922" lon="127.77709"/><trkpt lat="35.734688" lon="127.777118"/><trkpt lat="35.734494" lon="127.777178"/><trkpt lat="35.734296" lon="127.777137"/><trkpt lat="35.7341" lon="127.777275"/><trkpt lat="35.733973" lon="127.777468"/><trkpt lat="35.733769" lon="127.777497"/><trkpt lat="35.733561" lon="127.777607"/><trkpt lat="35.73342" lon="127.777686"/><trkpt lat="35.733231" lon="127.777745"/><trkpt lat="35.733052" lon="127.777627"/><trkpt lat="35.732755" lon="127.777686"/><trkpt lat="35.732358" lon="127.77764"/><trkpt lat="35.732252" lon="127.77729"/><trkpt lat="35.732037" lon="127.777006"/><trkpt lat="35.731802" lon="127.777213"/><trkpt lat="35.731693" lon="127.777507"/><trkpt lat="35.731546" lon="127.778005"/><trkpt lat="35.731513" lon="127.778443"/><trkpt lat="35.731687" lon="127.778713"/><trkpt lat="35.731687" lon="127.778807"/></trkseg>
<trkseg><trkpt lat="35.728205" lon="127.783791"/><trkpt lat="35.728244" lon="127.783629"/><trkpt lat="35.7283" lon="127.7834"/><trkpt lat="35.728338" lon="127.783186"/><trkpt lat="35.728238" lon="127.782923"/><trkpt lat="35.728247" lon="127.782694"/><trkpt lat="35.72822" lon="127.782333"/><trkpt lat="35.728153" lon="127.781872"/><trkpt lat="35.728292" lon="127.78087"/><trkpt lat="35.728398" lon="127.780219"/><trkpt lat="35.728423" lon="127.779582"/><trkpt lat="35.728567" lon="127.778663"/><trkpt lat="35.728389" lon="127.778278"/><trkpt lat="35.728365" lon="127.777695"/></trkseg>
<trkseg><trkpt lat="35.723714" lon="127.77855"/><trkpt lat="35.723516" lon="127.778449"/><trkpt lat="35.723239" lon="127.778134"/><trkpt lat="35.723097" lon="127.778092"/></trkseg>
<trkseg><trkpt lat="35.724034" lon="127.77979"/><trkpt lat="35.724109" lon="127.780067"/><trkpt lat="35.724235" lon="127.780226"/><trkpt lat="35.724288" lon="127.780759"/><trkpt lat="35.724899" lon="127.781528"/><trkpt lat="35.725574" lon="127.782245"/><trkpt lat="35.72615" lon="127.782808"/><trkpt lat="35.726371" lon="127.78297"/><trkpt lat="35.726583" lon="127.783098"/><trkpt lat="35.726756" lon="127.783329"/><trkpt lat="35.727049" lon="127.783598"/><trkpt lat="35.727444" lon="127.784131"/><trkpt lat="35.727493" lon="127.78417"/></trkseg>
<trkseg><trkpt lat="35.727493" lon="127.78417"/><trkpt lat="35.727806" lon="127.783957"/><trkpt lat="35.728159" lon="127.783739"/><trkpt lat="35.728205" lon="127.783791"/></trkseg>
<trkseg><trkpt lat="35.728907" lon="127.786177"/><trkpt lat="35.728653" lon="127.786582"/><trkpt lat="35.728463" lon="127.786919"/></trkseg>
<trkseg><trkpt lat="35.728098" lon="127.784596"/><trkpt lat="35.728205" lon="127.783794"/><trkpt lat="35.728205" lon="127.783791"/></trkseg>
<trkseg><trkpt lat="35.728907" lon="127.786177"/><trkpt lat="35.728973" lon="127.785855"/><trkpt lat="35.728792" lon="127.785395"/><trkpt lat="35.728472" lon="127.784825"/><trkpt lat="35.728176" lon="127.784576"/><trkpt lat="35.728098" lon="127.784596"/></trkseg>
<trkseg><trkpt lat="35.727493" lon="127.78417"/><trkpt lat="35.727572" lon="127.78437"/><trkpt lat="35.727731" lon="127.784545"/><trkpt lat="35.72782" lon="127.784611"/></trkseg>
<trkseg><trkpt lat="35.728098" lon="127.784596"/><trkpt lat="35.727917" lon="127.784598"/><trkpt lat="35.727861" lon="127.784606"/><trkpt lat="35.72782" lon="127.784611"/></trkseg>
<trkseg><trkpt lat="35.729951" lon="127.798388"/><trkpt lat="35.729736" lon="127.798192"/><trkpt lat="35.729283" lon="127.798087"/><trkpt lat="35.729102" lon="127.797993"/><trkpt lat="35.728924" lon="127.797725"/><trkpt lat="35.728835" lon="127.797622"/><trkpt lat="35.728674" lon="127.7974"/><trkpt lat="35.728501" lon="127.797363"/><trkpt lat="35.728342" lon="127.797139"/><trkpt lat="35.72822" lon="127.796997"/><trkpt lat="35.728077" lon="127.796791"/><trkpt lat="35.727992" lon="127.796559"/><trkpt lat="35.72785" lon="127.79627"/><trkpt lat="35.727751" lon="127.795929"/><trkpt lat="35.727612" lon="127.795679"/><trkpt lat="35.727579" lon="127.795035"/><trkpt lat="35.727585" lon="127.79428"/><trkpt lat="35.727519" lon="127.793733"/><trkpt lat="35.727476" lon="127.792828"/><trkpt lat="35.727759" lon="127.792297"/><trkpt lat="35.728076" lon="127.79213"/><trkpt lat="35.728597" lon="127.791942"/><trkpt lat="35.728988" lon="127.791399"/><trkpt lat="35.729206" lon="127.790723"/><trkpt lat="35.728905" lon="127.790174"/><trkpt lat="35.729027" lon="127.789451"/><trkpt lat="35.72863" lon="127.788838"/><trkpt lat="35.728261" lon="127.788411"/><trkpt lat="35.728461" lon="127.787981"/><trkpt lat="35.728529" lon="127.787367"/><trkpt lat="35.728888" lon="127.786694"/><trkpt lat="35.728907" lon="127.786177"/></trkseg>
<trkseg><trkpt lat="35.728463" lon="127.786919"/><trkpt lat="35.728258" lon="127.786853"/><trkpt lat="35.728005" lon="127.787216"/><trkpt lat="35.727835" lon="127.787507"/><trkpt lat="35.727454" lon="127.78757"/><trkpt lat="35.727164" lon="127.787473"/><trkpt lat="35.726939" lon="127.787509"/><trkpt lat="35.726714" lon="127.787681"/><trkpt lat="35.726364" lon="127.787869"/><trkpt lat="35.725939" lon="127.787974"/><trkpt lat="35.72554" lon="127.78824"/><trkpt lat="35.725074" lon="127.788511"/><trkpt lat="35.724784" lon="127.788589"/><trkpt lat="35.724405" lon="127.788554"/><trkpt lat="35.723915" lon="127.788591"/><trkpt lat="35.723313" lon="127.788604"/><trkpt lat="35.722912" lon="127.788673"/><trkpt lat="35.722722" lon="127.788746"/><trkpt lat="35.722525" lon="127.78892"/><trkpt lat="35.722333" lon="127.789065"/><trkpt lat="35.722136" lon="127.789028"/><trkpt lat="35.722085" lon="127.788998"/></trkseg>
<trkseg><trkpt lat="35.722125" lon="127.795118"/><trkpt lat="35.721904" lon="127.794948"/><trkpt lat="35.7218" lon="127.794551"/><trkpt lat="35.721783" lon="127.794024"/><trkpt lat="35.721541" lon="127.794166"/><trkpt lat="35.721359" lon="127.794526"/><trkpt lat="35.721035" lon="127.794551"/><trkpt lat="35.720734" lon="127.794394"/><trkpt lat="35.720426" lon="127.794436"/><trkpt lat="35.720576" lon="127.79408"/><trkpt lat="35.720994" lon="127.794169"/><trkpt lat="35.721152" lon="127.793906"/><trkpt lat="35.721007" lon="127.793433"/><trkpt lat="35.720901" lon="127.793005"/><trkpt lat="35.720525" lon="127.79296"/><trkpt lat="35.720167" lon="127.792615"/><trkpt lat="35.720208" lon="127.7923"/><trkpt lat="35.71986" lon="127.792017"/><trkpt lat="35.719784" lon="127.791682"/><trkpt lat="35.719903" lon="127.791482"/><trkpt lat="35.720058" lon="127.791392"/><trkpt lat="35.720209" lon="127.791383"/><trkpt lat="35.720347" lon="127.791397"/><trkpt lat="35.72045" lon="127.791309"/><trkpt lat="35.720583" lon="127.791113"/><trkpt lat="35.720748" lon="127.791076"/><trkpt lat="35.720924" lon="127.791029"/><trkpt lat="35.720933" lon="127.790765"/><trkpt lat="35.721049" lon="127.79055"/><trkpt lat="35.721205" lon="127.79051"/><trkpt lat="35.721429" lon="127.790428"/><trkpt lat="35.721595" lon="127.790383"/><trkpt lat="35.721896" lon="127.790248"/><trkpt lat="35.722115" lon="127.790173"/><trkpt lat="35.722047" lon="127.789955"/><trkpt lat="35.721691" lon="127.789833"/><trkpt lat="35.72154" lon="127.789739"/><trkpt lat="35.721266" lon="127.78962"/><trkpt lat="35.721267" lon="127.789314"/><trkpt lat="35.721624" lon="127.789191"/><trkpt lat="35.722085" lon="127.788998"/></trkseg>
<trkseg><trkpt lat="35.715699" lon="127.796715"/><trkpt lat="35.715798" lon="127.796666"/><trkpt lat="35.715974" lon="127.79665"/><trkpt lat="35.716271" lon="127.796661"/><trkpt lat="35.716473" lon="127.796765"/><trkpt lat="35.716678" lon="127.796822"/><trkpt lat="35.716862" lon="127.796812"/><trkpt lat="35.716951" lon="127.796831"/><trkpt lat="35.717099" lon="127.796828"/><trkpt lat="35.717397" lon="127.796821"/><trkpt lat="35.717523" lon="127.79684"/><trkpt lat="35.717773" lon="127.796988"/><trkpt lat="35.71793" lon="127.797193"/><trkpt lat="35.718037" lon="127.797602"/><trkpt lat="35.718156" lon="127.797783"/><trkpt lat="35.718454" lon="127.797914"/><trkpt lat="35.718794" lon="127.797964"/><trkpt lat="35.718984" lon="127.798067"/><trkpt lat="35.719174" lon="127.79803"/><trkpt lat="35.719211" lon="127.797842"/><trkpt lat="35.719225" lon="127.79766"/><trkpt lat="35.719278" lon="127.797449"/><trkpt lat="35.719427" lon="127.797224"/><trkpt lat="35.719588" lon="127.797101"/><trkpt lat="35.719718" lon="127.796946"/><trkpt lat="35.719852" lon="127.796866"/><trkpt lat="35.720044" lon="127.796749"/><trkpt lat="35.720132" lon="127.796679"/><trkpt lat="35.720249" lon="127.796689"/><trkpt lat="35.720435" lon="127.796587"/><trkpt lat="35.720655" lon="127.796501"/><trkpt lat="35.720913" lon="127.796403"/><trkpt lat="35.72107" lon="127.796414"/><trkpt lat="35.72126" lon="127.796385"/><trkpt lat="35.721468" lon="127.796423"/><trkpt lat="35.721554" lon="127.796377"/><trkpt lat="35.721693" lon="127.796286"/><trkpt lat="35.721787" lon="127.796179"/><trkpt lat="35.721847" lon="127.796065"/><trkpt lat="35.721877" lon="127.795863"/><trkpt lat="35.721841" lon="127.795741"/><trkpt lat="35.721867" lon="127.795617"/><trkpt lat="35.721988" lon="127.795586"/><trkpt lat="35.722021" lon="127.795456"/><trkpt lat="35.722067" lon="127.795333"/><trkpt lat="35.722125" lon="127.795118"/></trkseg>
<trkseg><trkpt lat="35.722125" lon="127.795118"/><trkpt lat="35.722311" lon="127.795124"/><trkpt lat="35.72248" lon="127.79521"/><trkpt lat="35.722666" lon="127.795252"/><trkpt lat="35.722763" lon="127.795386"/><trkpt lat="35.722915" lon="127.795324"/><trkpt lat="35.723072" lon="127.795323"/><trkpt lat="35.72332" lon="127.795408"/><trkpt lat="35.723493" lon="127.795409"/><trkpt lat="35.723695" lon="127.795427"/><trkpt lat="35.723926" lon="127.79543"/><trkpt lat="35.724308" lon="127.795412"/><trkpt lat="35.724595" lon="127.79536"/><trkpt lat="35.724918" lon="127.795481"/><trkpt lat="35.72526" lon="127.79555"/><trkpt lat="35.725493" lon="127.795458"/><trkpt lat="35.725761" lon="127.795449"/><trkpt lat="35.725962" lon="127.795361"/><trkpt lat="35.726234" lon="127.795436"/><trkpt lat="35.727211" lon="127.795535"/></trkseg>
<trkseg><trkpt lat="35.729951" lon="127.798388"/><trkpt lat="35.729617" lon="127.798646"/><trkpt lat="35.72886" lon="127.797978"/><trkpt lat="35.728415" lon="127.797561"/><trkpt lat="35.727923" lon="127.796943"/><trkpt lat="35.727503" lon="127.796243"/><trkpt lat="35.727267" lon="127.795691"/><trkpt lat="35.727211" lon="127.795535"/></trkseg>
<trkseg><trkpt lat="35.731697" lon="127.798273"/><trkpt lat="35.731782" lon="127.798106"/><trkpt lat="35.731802" lon="127.797741"/><trkpt lat="35.731883" lon="127.797433"/><trkpt lat="35.732012" lon="127.797151"/><trkpt lat="35.732167" lon="127.796975"/><trkpt lat="35.732236" lon="127.796715"/><trkpt lat="35.732312" lon="127.796419"/><trkpt lat="35.732327" lon="127.796098"/><trkpt lat="35.732226" lon="127.795809"/><trkpt lat="35.73219" lon="127.79564"/><trkpt lat="35.732153" lon="127.795617"/><trkpt lat="35.732193" lon="127.795494"/><trkpt lat="35.732245" lon="127.795274"/><trkpt lat="35.732368" lon="127.794884"/><trkpt lat="35.732437" lon="127.794733"/><trkpt lat="35.73254" lon="127.794654"/><trkpt lat="35.732677" lon="127.794505"/><trkpt lat="35.732769" lon="127.794411"/><trkpt lat="35.732877" lon="127.794043"/><trkpt lat="35.732941" lon="127.793757"/><trkpt lat="35.732965" lon="127.793488"/><trkpt lat="35.732953" lon="127.793209"/><trkpt lat="35.732963" lon="127.793045"/><trkpt lat="35.733053" lon="127.792738"/><trkpt lat="35.73322" lon="127.792646"/><trkpt lat="35.733391" lon="127.792471"/><trkpt lat="35.733486" lon="127.792281"/><trkpt lat="35.733584" lon="127.792184"/><trkpt lat="35.733705" lon="127.792057"/><trkpt lat="35.733857" lon="127.79196"/><trkpt lat="35.733972" lon="127.791788"/><trkpt lat="35.734165" lon="127.791463"/><trkpt lat="35.734348" lon="127.791417"/><trkpt lat="35.734648" lon="127.791441"/><trkpt lat="35.734852" lon="127.791289"/><trkpt lat="35.735108" lon="127.79113"/><trkpt lat="35.735291" lon="127.790942"/><trkpt lat="35.735404" lon="127.790748"/><trkpt lat="35.735582" lon="127.79058"/><trkpt lat="35.735654" lon="127.790204"/><trkpt lat="35.735759" lon="127.790012"/><trkpt lat="35.73601" lon="127.789821"/><trkpt lat="35.736223" lon="127.789632"/><trkpt lat="35.736356" lon="127.789557"/><trkpt lat="35.736577" lon="127.789468"/><trkpt lat="35.736774" lon="127.789254"/><trkpt lat="35.736808" lon="127.789042"/><trkpt lat="35.736862" lon="127.788837"/><trkpt lat="35.736862" lon="127.788647"/><trkpt lat="35.7368" lon="127.78843"/><trkpt lat="35.736773" lon="127.788204"/><trkpt lat="35.736935" lon="127.788116"/><trkpt lat="35.736994" lon="127.787898"/><trkpt lat="35.736965" lon="127.787703"/><trkpt lat="35.736939" lon="127.787577"/><trkpt lat="35.736898" lon="127.787377"/><trkpt lat="35.736838" lon="127.787225"/><trkpt lat="35.73667" lon="127.786955"/><trkpt lat="35.736638" lon="127.78668"/><trkpt lat="35.736654" lon="127.786403"/><trkpt lat="35.736679" lon="127.786165"/><trkpt lat="35.736737" lon="127.785941"/><trkpt lat="35.73684" lon="127.785828"/><trkpt lat="35.73701" lon="127.785772"/><trkpt lat="35.737178" lon="127.785567"/><trkpt lat="35.737359" lon="127.785342"/><trkpt lat="35.737496" lon="127.785171"/><trkpt lat="35.73756" lon="127.785082"/><trkpt lat="35.737776" lon="127.784875"/><trkpt lat="35.737818" lon="127.784612"/><trkpt lat="35.73782" lon="127.784408"/><trkpt lat="35.737722" lon="127.784157"/><trkpt lat="35.737722" lon="127.783962"/><trkpt lat="35.737796" lon="127.783696"/><trkpt lat="35.737934" lon="127.783464"/><trkpt lat="35.738089" lon="127.783312"/><trkpt lat="35.738195" lon="127.78313"/><trkpt lat="35.738358" lon="127.782925"/><trkpt lat="35.738493" lon="127.782797"/><trkpt lat="35.738479" lon="127.782475"/><trkpt lat="35.738256" lon="127.782151"/><trkpt lat="35.738095" lon="127.782104"/><trkpt lat="35.737923" lon="127.782058"/><trkpt lat="35.737902" lon="127.781828"/><trkpt lat="35.738009" lon="127.781574"/><trkpt lat="35.737959" lon="127.781317"/><trkpt lat="35.737859" lon="127.781053"/><trkpt lat="35.737985" lon="127.780974"/><trkpt lat="35.738346" lon="127.781122"/><trkpt lat="35.738537" lon="127.78111"/><trkpt lat="35.738756" lon="127.780984"/><trkpt lat="35.73884" lon="127.780797"/><trkpt lat="35.738865" lon="127.78059"/><trkpt lat="35.738929" lon="127.780382"/><trkpt lat="35.738994" lon="127.78008"/><trkpt lat="35.738823" lon="127.779777"/><trkpt lat="35.738869" lon="127.779503"/><trkpt lat="35.738818" lon="127.77909"/><trkpt lat="35.738825" lon="127.778954"/></trkseg>
<trkseg><trkpt lat="35.694789" lon="127.758208"/><trkpt lat="35.695352" lon="127.757851"/><trkpt lat="35.695816" lon="127.757487"/><trkpt lat="35.69623" lon="127.757139"/><trkpt lat="35.696561" lon="127.756614"/><trkpt lat="35.696994" lon="127.756345"/><trkpt lat="35.697411" lon="127.756122"/><trkpt lat="35.697829" lon="127.755908"/><trkpt lat="35.69819" lon="127.755784"/><trkpt lat="35.698461" lon="127.755822"/><trkpt lat="35.698845" lon="127.756014"/><trkpt lat="35.699239" lon="127.755923"/><trkpt lat="35.69949" lon="127.755671"/><trkpt lat="35.699929" lon="127.755164"/><trkpt lat="35.700171" lon="127.754878"/><trkpt lat="35.701029" lon="127.754763"/><trkpt lat="35.701321" lon="127.754682"/><trkpt lat="35.701912" lon="127.754449"/><trkpt lat="35.702679" lon="127.754173"/><trkpt lat="35.703374" lon="127.753889"/><trkpt lat="35.703557" lon="127.753824"/></trkseg>
<trkseg><trkpt lat="35.706055" lon="127.783845"/><trkpt lat="35.706108" lon="127.783896"/><trkpt lat="35.706172" lon="127.783905"/><trkpt lat="35.706271" lon="127.783957"/><trkpt lat="35.706374" lon="127.784046"/><trkpt lat="35.70646" lon="127.784165"/><trkpt lat="35.706568" lon="127.784226"/><trkpt lat="35.706657" lon="127.784295"/><trkpt lat="35.706742" lon="127.784389"/><trkpt lat="35.706811" lon="127.784485"/><trkpt lat="35.706835" lon="127.784594"/><trkpt lat="35.70686" lon="127.784735"/><trkpt lat="35.706934" lon="127.784825"/><trkpt lat="35.707036" lon="127.784882"/><trkpt lat="35.707203" lon="127.784961"/><trkpt lat="35.707344" lon="127.784994"/><trkpt lat="35.707456" lon="127.785078"/><trkpt lat="35.707508" lon="127.78513"/><trkpt lat="35.707671" lon="127.785242"/><trkpt lat="35.707804" lon="127.785297"/><trkpt lat="35.707843" lon="127.785312"/><trkpt lat="35.707856" lon="127.785341"/><trkpt lat="35.707907" lon="127.785314"/><trkpt lat="35.707974" lon="127.785335"/><trkpt lat="35.70804" lon="127.785456"/><trkpt lat="35.708083" lon="127.7856"/><trkpt lat="35.70813" lon="127.785728"/><trkpt lat="35.708198" lon="127.785802"/><trkpt lat="35.708313" lon="127.785894"/><trkpt lat="35.708436" lon="127.785979"/><trkpt lat="35.70848" lon="127.786148"/><trkpt lat="35.708539" lon="127.786246"/><trkpt lat="35.708681" lon="127.78632"/><trkpt lat="35.708757" lon="127.786388"/><trkpt lat="35.70878" lon="127.786444"/><trkpt lat="35.708817" lon="127.786552"/><trkpt lat="35.708894" lon="127.786682"/><trkpt lat="35.708976" lon="127.78688"/><trkpt lat="35.709098" lon="127.787072"/><trkpt lat="35.709237" lon="127.787369"/><trkpt lat="35.709308" lon="127.787599"/><trkpt lat="35.709526" lon="127.787667"/><trkpt lat="35.709904" lon="127.787919"/><trkpt lat="35.710304" lon="127.788213"/><trkpt lat="35.71074" lon="127.788318"/><trkpt lat="35.711057" lon="127.78853"/><trkpt lat="35.711375" lon="127.78858"/><trkpt lat="35.711553" lon="127.789043"/><trkpt lat="35.711684" lon="127.789483"/><trkpt lat="35.711794" lon="127.789829"/><trkpt lat="35.711938" lon="127.790284"/><trkpt lat="35.712155" lon="127.790746"/><trkpt lat="35.712261" lon="127.791001"/><trkpt lat="35.712454" lon="127.791276"/><trkpt lat="35.712598" lon="127.791536"/><trkpt lat="35.712704" lon="127.791626"/><trkpt lat="35.712867" lon="127.79173"/><trkpt lat="35.712929" lon="127.792057"/><trkpt lat="35.712918" lon="127.792278"/><trkpt lat="35.712915" lon="127.792382"/><trkpt lat="35.712937" lon="127.79256"/><trkpt lat="35.712993" lon="127.79283"/><trkpt lat="35.713008" lon="127.793051"/><trkpt lat="35.712966" lon="127.793277"/><trkpt lat="35.712925" lon="127.793513"/><trkpt lat="35.712791" lon="127.793745"/><trkpt lat="35.712777" lon="127.793901"/><trkpt lat="35.712809" lon="127.794082"/><trkpt lat="35.712812" lon="127.79426"/><trkpt lat="35.712915" lon="127.7944"/><trkpt lat="35.713033" lon="127.794453"/><trkpt lat="35.713127" lon="127.794492"/><trkpt lat="35.713295" lon="127.794533"/><trkpt lat="35.713501" lon="127.794708"/><trkpt lat="35.713603" lon="127.794786"/><trkpt lat="35.713832" lon="127.79488"/><trkpt lat="35.714019" lon="127.795066"/><trkpt lat="35.714145" lon="127.795282"/><trkpt lat="35.714272" lon="127.795378"/><trkpt lat="35.714328" lon="127.795455"/><trkpt lat="35.714426" lon="127.795489"/><trkpt lat="35.714499" lon="127.795478"/><trkpt lat="35.714621" lon="127.795582"/><trkpt lat="35.71477" lon="127.795826"/><trkpt lat="35.71489" lon="127.795936"/><trkpt lat="35.715072" lon="127.796238"/><trkpt lat="35.715135" lon="127.79646"/><trkpt lat="35.715323" lon="127.796605"/><trkpt lat="35.715459" lon="127.796606"/><trkpt lat="35.715699" lon="127.796715"/></trkseg>
<trkseg><trkpt lat="35.685508" lon="127.764877"/><trkpt lat="35.685918" lon="127.764858"/><trkpt lat="35.686454" lon="127.764798"/><trkpt lat="35.686995" lon="127.764575"/><trkpt lat="35.687893" lon="127.764552"/><trkpt lat="35.68851" lon="127.764099"/><trkpt lat="35.688691" lon="127.763413"/><trkpt lat="35.688845" lon="127.762889"/><trkpt lat="35.689418" lon="127.762193"/><trkpt lat="35.690126" lon="127.761497"/><trkpt lat="35.690701" lon="127.760953"/><trkpt lat="35.691187" lon="127.760327"/><trkpt lat="35.691532" lon="127.760009"/><trkpt lat="35.692189" lon="127.759649"/><trkpt lat="35.692684" lon="127.759345"/><trkpt lat="35.692995" lon="127.759045"/><trkpt lat="35.693412" lon="127.758653"/><trkpt lat="35.693645" lon="127.758325"/><trkpt lat="35.694108" lon="127.758325"/><trkpt lat="35.694591" lon="127.75827"/><trkpt lat="35.694789" lon="127.758208"/></trkseg>
<trkseg><trkpt lat="35.704656" lon="127.794181"/><trkpt lat="35.70472" lon="127.794022"/><trkpt lat="35.704861" lon="127.793909"/><trkpt lat="35.704884" lon="127.793781"/><trkpt lat="35.704996" lon="127.79353"/><trkpt lat="35.705083" lon="127.793455"/><trkpt lat="35.705152" lon="127.793181"/><trkpt lat="35.705121" lon="127.792945"/><trkpt lat="35.705141" lon="127.792778"/><trkpt lat="35.705177" lon="127.792569"/><trkpt lat="35.705275" lon="127.792434"/><trkpt lat="35.705214" lon="127.792305"/><trkpt lat="35.705265" lon="127.792128"/><trkpt lat="35.705322" lon="127.791858"/><trkpt lat="35.705324" lon="127.791703"/><trkpt lat="35.705262" lon="127.791468"/><trkpt lat="35.705228" lon="127.791261"/><trkpt lat="35.705244" lon="127.791055"/><trkpt lat="35.705251" lon="127.790895"/><trkpt lat="35.705306" lon="127.79073"/><trkpt lat="35.7054" lon="127.790468"/><trkpt lat="35.705358" lon="127.790309"/><trkpt lat="35.7054" lon="127.790109"/><trkpt lat="35.705342" lon="127.789612"/><trkpt lat="35.705245" lon="127.789129"/><trkpt lat="35.70518" lon="127.78878"/><trkpt lat="35.705136" lon="127.788339"/><trkpt lat="35.705044" lon="127.78817"/><trkpt lat="35.704976" lon="127.788055"/><trkpt lat="35.704978" lon="127.787954"/><trkpt lat="35.704939" lon="127.787631"/><trkpt lat="35.704985" lon="127.787323"/><trkpt lat="35.705038" lon="127.787127"/><trkpt lat="35.705008" lon="127.787067"/><trkpt lat="35.705013" lon="127.786954"/><trkpt lat="35.705035" lon="127.786881"/><trkpt lat="35.70504" lon="127.786746"/><trkpt lat="35.705019" lon="127.786488"/><trkpt lat="35.705022" lon="127.786292"/><trkpt lat="35.705011" lon="127.786095"/><trkpt lat="35.705031" lon="127.785908"/><trkpt lat="35.705042" lon="127.785762"/><trkpt lat="35.705028" lon="127.785584"/><trkpt lat="35.705002" lon="127.78536"/><trkpt lat="35.705054" lon="127.785334"/><trkpt lat="35.705113" lon="127.78527"/><trkpt lat="35.705141" lon="127.785098"/><trkpt lat="35.70517" lon="127.785003"/><trkpt lat="35.705253" lon="127.78493"/><trkpt lat="35.70529" lon="127.78488"/><trkpt lat="35.705313" lon="127.784821"/><trkpt lat="35.705317" lon="127.784764"/><trkpt lat="35.705319" lon="127.784602"/><trkpt lat="35.705324" lon="127.784464"/><trkpt lat="35.705373" lon="127.7844"/><trkpt lat="35.705794" lon="127.78405"/><trkpt lat="35.705978" lon="127.783901"/><trkpt lat="35.706055" lon="127.783845"/></trkseg>
<trkseg><trkpt lat="35.725663" lon="127.809205"/><trkpt lat="35.725858" lon="127.809042"/><trkpt lat="35.726063" lon="127.808952"/><trkpt lat="35.726316" lon="127.808806"/><trkpt lat="35.726548" lon="127.808564"/><trkpt lat="35.726732" lon="127.80845"/><trkpt lat="35.727055" lon="127.808438"/><trkpt lat="35.727349" lon="127.80842"/><trkpt lat="35.727508" lon="127.80823"/><trkpt lat="35.727575" lon="127.807975"/><trkpt lat="35.727602" lon="127.807639"/><trkpt lat="35.727549" lon="127.807359"/><trkpt lat="35.727533" lon="127.807109"/><trkpt lat="35.727693" lon="127.806946"/><trkpt lat="35.728003" lon="127.807001"/><trkpt lat="35.728411" lon="127.807101"/><trkpt lat="35.728655" lon="127.807091"/><trkpt lat="35.728829" lon="127.806991"/><trkpt lat="35.729012" lon="127.80694"/><trkpt lat="35.72924" lon="127.807079"/><trkpt lat="35.729487" lon="127.80719"/><trkpt lat="35.72969" lon="127.80713"/><trkpt lat="35.729943" lon="127.806851"/><trkpt lat="35.730129" lon="127.806697"/><trkpt lat="35.730349" lon="127.806703"/><trkpt lat="35.730581" lon="127.806941"/><trkpt lat="35.730727" lon="127.80708"/><trkpt lat="35.731026" lon="127.807113"/><trkpt lat="35.731516" lon="127.80716"/><trkpt lat="35.73186" lon="127.807088"/><trkpt lat="35.732276" lon="127.807003"/><trkpt lat="35.732539" lon="127.807217"/><trkpt lat="35.732924" lon="127.807601"/><trkpt lat="35.733335" lon="127.807665"/><trkpt lat="35.733582" lon="127.807607"/><trkpt lat="35.733929" lon="127.807612"/><trkpt lat="35.734148" lon="127.807542"/><trkpt lat="35.734467" lon="127.807552"/><trkpt lat="35.734798" lon="127.807742"/><trkpt lat="35.735062" lon="127.807901"/><trkpt lat="35.735263" lon="127.808069"/><trkpt lat="35.735398" lon="127.808318"/><trkpt lat="35.735558" lon="127.808594"/><trkpt lat="35.73579" lon="127.808808"/><trkpt lat="35.735952" lon="127.809108"/><trkpt lat="35.736102" lon="127.809394"/><trkpt lat="35.736296" lon="127.809442"/><trkpt lat="35.736694" lon="127.809588"/><trkpt lat="35.737374" lon="127.81016"/><trkpt lat="35.737774" lon="127.810534"/><trkpt lat="35.738039" lon="127.810804"/><trkpt lat="35.738204" lon="127.811288"/><trkpt lat="35.738486" lon="127.811878"/><trkpt lat="35.738792" lon="127.8124"/><trkpt lat="35.73897" lon="127.812484"/><trkpt lat="35.739242" lon="127.812606"/><trkpt lat="35.739398" lon="127.812897"/><trkpt lat="35.739537" lon="127.813216"/><trkpt lat="35.739559" lon="127.813388"/><trkpt lat="35.739654" lon="127.813628"/><trkpt lat="35.739819" lon="127.813856"/><trkpt lat="35.739878" lon="127.814105"/><trkpt lat="35.73997" lon="127.81429"/><trkpt lat="35.740127" lon="127.814246"/><trkpt lat="35.740342" lon="127.814083"/><trkpt lat="35.740605" lon="127.814138"/><trkpt lat="35.740806" lon="127.814321"/><trkpt lat="35.741024" lon="127.814534"/><trkpt lat="35.741197" lon="127.814991"/><trkpt lat="35.741339" lon="127.815451"/><trkpt lat="35.741521" lon="127.815802"/><trkpt lat="35.741715" lon="127.815984"/><trkpt lat="35.741938" lon="127.816071"/><trkpt lat="35.742086" lon="127.816263"/><trkpt lat="35.742237" lon="127.816469"/><trkpt lat="35.742305" lon="127.816547"/></trkseg>
<trkseg><trkpt lat="35.676838" lon="127.816779"/><trkpt lat="35.67681" lon="127.816668"/><trkpt lat="35.676926" lon="127.816386"/><trkpt lat="35.676978" lon="127.816074"/><trkpt lat="35.677034" lon="127.815853"/><trkpt lat="35.6771" lon="127.815823"/><trkpt lat="35.677172" lon="127.815727"/><trkpt lat="35.677307" lon="127.815539"/><trkpt lat="35.677497" lon="127.815369"/><trkpt lat="35.677658" lon="127.815234"/><trkpt lat="35.677874" lon="127.81509"/><trkpt lat="35.678066" lon="127.814907"/><trkpt lat="35.67839" lon="127.814825"/><trkpt lat="35.678656" lon="127.814762"/><trkpt lat="35.679013" lon="127.814956"/><trkpt lat="35.679162" lon="127.814917"/><trkpt lat="35.67926" lon="127.814974"/><trkpt lat="35.679444" lon="127.814944"/><trkpt lat="35.679496" lon="127.814882"/><trkpt lat="35.679676" lon="127.814736"/><trkpt lat="35.679867" lon="127.814594"/><trkpt lat="35.680045" lon="127.814466"/><trkpt lat="35.680187" lon="127.814349"/><trkpt lat="35.680252" lon="127.814153"/><trkpt lat="35.680272" lon="127.813969"/><trkpt lat="35.680443" lon="127.81366"/><trkpt lat="35.680612" lon="127.813485"/><trkpt lat="35.68077" lon="127.813455"/><trkpt lat="35.680874" lon="127.813271"/><trkpt lat="35.680891" lon="127.812922"/><trkpt lat="35.680955" lon="127.812637"/><trkpt lat="35.680971" lon="127.812387"/><trkpt lat="35.681254" lon="127.812292"/><trkpt lat="35.681448" lon="127.812222"/><trkpt lat="35.681637" lon="127.812146"/><trkpt lat="35.68172" lon="127.812116"/><trkpt lat="35.681935" lon="127.812086"/><trkpt lat="35.682063" lon="127.811866"/><trkpt lat="35.682249" lon="127.811692"/><trkpt lat="35.682432" lon="127.811667"/><trkpt lat="35.68258" lon="127.811644"/><trkpt lat="35.682714" lon="127.811626"/><trkpt lat="35.682933" lon="127.811509"/><trkpt lat="35.682975" lon="127.811449"/><trkpt lat="35.683237" lon="127.811271"/><trkpt lat="35.683518" lon="127.811111"/><trkpt lat="35.683773" lon="127.81103"/><trkpt lat="35.68398" lon="127.811093"/><trkpt lat="35.684115" lon="127.811111"/><trkpt lat="35.68422" lon="127.811108"/><trkpt lat="35.684317" lon="127.811172"/><trkpt lat="35.684461" lon="127.81119"/><trkpt lat="35.68461" lon="127.811168"/><trkpt lat="35.684684" lon="127.811159"/><trkpt lat="35.684786" lon="127.811159"/><trkpt lat="35.684881" lon="127.811254"/><trkpt lat="35.685039" lon="127.811278"/><trkpt lat="35.685137" lon="127.811287"/><trkpt lat="35.685292" lon="127.811213"/><trkpt lat="35.685466" lon="127.81108"/><trkpt lat="35.685495" lon="127.810803"/><trkpt lat="35.685471" lon="127.810538"/><trkpt lat="35.685461" lon="127.810364"/><trkpt lat="35.685556" lon="127.810196"/><trkpt lat="35.685564" lon="127.809905"/><trkpt lat="35.685476" lon="127.809677"/><trkpt lat="35.685484" lon="127.809354"/><trkpt lat="35.685461" lon="127.809002"/><trkpt lat="35.685551" lon="127.808696"/><trkpt lat="35.685591" lon="127.808432"/><trkpt lat="35.685635" lon="127.808183"/><trkpt lat="35.685687" lon="127.807885"/><trkpt lat="35.685668" lon="127.807602"/><trkpt lat="35.685703" lon="127.807346"/><trkpt lat="35.68567" lon="127.807009"/><trkpt lat="35.685541" lon="127.806648"/><trkpt lat="35.685569" lon="127.806461"/><trkpt lat="35.685741" lon="127.806311"/><trkpt lat="35.685932" lon="127.806103"/><trkpt lat="35.68598" lon="127.805874"/><trkpt lat="35.686075" lon="127.805666"/><trkpt lat="35.686111" lon="127.805469"/><trkpt lat="35.686264" lon="127.805258"/><trkpt lat="35.686335" lon="127.805111"/><trkpt lat="35.686379" lon="127.804949"/><trkpt lat="35.686434" lon="127.804793"/><trkpt lat="35.68645" lon="127.804767"/><trkpt lat="35.686417" lon="127.804651"/><trkpt lat="35.686428" lon="127.804561"/><trkpt lat="35.686328" lon="127.804409"/><trkpt lat="35.68621" lon="127.804215"/><trkpt lat="35.686035" lon="127.804004"/><trkpt lat="35.68592" lon="127.803839"/><trkpt lat="35.68581" lon="127.803681"/><trkpt lat="35.685816" lon="127.803528"/><trkpt lat="35.685814" lon="127.803412"/><trkpt lat="35.685852" lon="127.803307"/><trkpt lat="35.685963" lon="127.803228"/><trkpt lat="35.686072" lon="127.803161"/><trkpt lat="35.686198" lon="127.803104"/><trkpt lat="35.6864" lon="127.803127"/><trkpt lat="35.686646" lon="127.803129"/><trkpt lat="35.686794" lon="127.803023"/><trkpt lat="35.686897" lon="127.802977"/><trkpt lat="35.687068" lon="127.802875"/><trkpt lat="35.687113" lon="127.802879"/></trkseg>
<trkseg><trkpt lat="35.669032" lon="127.827211"/><trkpt lat="35.669029" lon="127.827208"/><trkpt lat="35.669028" lon="127.826745"/><trkpt lat="35.668979" lon="127.82652"/><trkpt lat="35.669055" lon="127.826474"/><trkpt lat="35.669118" lon="127.826377"/><trkpt lat="35.669138" lon="127.826284"/><trkpt lat="35.669204" lon="127.82612"/><trkpt lat="35.669169" lon="127.82592"/><trkpt lat="35.669119" lon="127.825777"/><trkpt lat="35.669067" lon="127.825605"/><trkpt lat="35.668963" lon="127.825497"/><trkpt lat="35.668993" lon="127.825312"/><trkpt lat="35.66904" lon="127.825086"/><trkpt lat="35.668993" lon="127.824796"/><trkpt lat="35.66898" lon="127.824557"/><trkpt lat="35.668947" lon="127.824406"/><trkpt lat="35.668991" lon="127.824252"/><trkpt lat="35.668982" lon="127.824064"/><trkpt lat="35.669076" lon="127.823947"/><trkpt lat="35.669234" lon="127.82388"/><trkpt lat="35.669224" lon="127.823746"/><trkpt lat="35.669222" lon="127.823591"/><trkpt lat="35.669224" lon="127.82348"/><trkpt lat="35.669213" lon="127.823323"/><trkpt lat="35.669171" lon="127.823098"/><trkpt lat="35.669125" lon="127.82296"/><trkpt lat="35.669075" lon="127.822875"/><trkpt lat="35.669118" lon="127.822768"/><trkpt lat="35.669166" lon="127.822589"/><trkpt lat="35.669222" lon="127.822346"/><trkpt lat="35.669383" lon="127.82218"/><trkpt lat="35.66953" lon="127.822003"/><trkpt lat="35.669627" lon="127.821784"/><trkpt lat="35.669712" lon="127.821786"/><trkpt lat="35.669875" lon="127.821911"/><trkpt lat="35.670112" lon="127.822013"/><trkpt lat="35.670459" lon="127.821999"/><trkpt lat="35.670769" lon="127.821888"/><trkpt lat="35.670958" lon="127.821791"/><trkpt lat="35.671093" lon="127.821812"/><trkpt lat="35.671145" lon="127.821792"/><trkpt lat="35.671203" lon="127.821632"/><trkpt lat="35.671304" lon="127.821587"/><trkpt lat="35.671379" lon="127.821546"/><trkpt lat="35.671528" lon="127.821541"/><trkpt lat="35.671694" lon="127.821487"/><trkpt lat="35.671927" lon="127.821463"/><trkpt lat="35.672092" lon="127.821445"/><trkpt lat="35.672252" lon="127.821438"/><trkpt lat="35.672386" lon="127.821432"/><trkpt lat="35.67245" lon="127.821233"/><trkpt lat="35.67248" lon="127.821035"/><trkpt lat="35.672533" lon="127.820844"/><trkpt lat="35.672682" lon="127.820625"/><trkpt lat="35.672802" lon="127.820491"/><trkpt lat="35.672918" lon="127.820405"/><trkpt lat="35.673016" lon="127.820424"/><trkpt lat="35.673278" lon="127.820413"/><trkpt lat="35.673369" lon="127.820405"/><trkpt lat="35.673431" lon="127.820315"/><trkpt lat="35.673492" lon="127.820113"/><trkpt lat="35.673542" lon="127.819888"/><trkpt lat="35.673655" lon="127.819693"/><trkpt lat="35.67382" lon="127.819516"/><trkpt lat="35.674001" lon="127.819317"/><trkpt lat="35.674105" lon="127.819194"/><trkpt lat="35.674292" lon="127.819191"/><trkpt lat="35.674492" lon="127.819196"/><trkpt lat="35.674676" lon="127.8191"/><trkpt lat="35.674763" lon="127.819017"/><trkpt lat="35.674745" lon="127.818891"/><trkpt lat="35.674858" lon="127.818699"/><trkpt lat="35.675018" lon="127.818572"/><trkpt lat="35.675118" lon="127.81854"/><trkpt lat="35.67516" lon="127.818503"/><trkpt lat="35.67523" lon="127.818464"/><trkpt lat="35.675323" lon="127.818384"/><trkpt lat="35.675419" lon="127.818221"/><trkpt lat="35.675495" lon="127.818066"/><trkpt lat="35.675655" lon="127.817914"/><trkpt lat="35.675663" lon="127.81792"/><trkpt lat="35.675651" lon="127.817815"/><trkpt lat="35.675715" lon="127.817685"/><trkpt lat="35.675785" lon="127.817549"/><trkpt lat="35.675915" lon="127.817486"/><trkpt lat="35.676073" lon="127.817432"/><trkpt lat="35.676231" lon="127.817359"/><trkpt lat="35.676351" lon="127.817232"/><trkpt lat="35.676404" lon="127.817185"/><trkpt lat="35.676628" lon="127.817053"/><trkpt lat="35.676788" lon="127.816889"/><trkpt lat="35.676838" lon="127.816779"/></trkseg>
<trkseg><trkpt lat="35.701947" lon="127.796822"/><trkpt lat="35.702093" lon="127.796693"/><trkpt lat="35.702253" lon="127.796584"/><trkpt lat="35.702456" lon="127.79647"/><trkpt lat="35.702641" lon="127.796257"/><trkpt lat="35.702721" lon="127.795894"/><trkpt lat="35.702924" lon="127.79558"/><trkpt lat="35.703278" lon="127.795477"/><trkpt lat="35.703558" lon="127.795481"/><trkpt lat="35.703818" lon="127.795332"/><trkpt lat="35.704062" lon="127.795142"/><trkpt lat="35.704197" lon="127.794694"/><trkpt lat="35.704485" lon="127.794491"/><trkpt lat="35.704612" lon="127.794363"/><trkpt lat="35.704656" lon="127.794181"/></trkseg>
<trkseg><trkpt lat="35.687113" lon="127.802879"/><trkpt lat="35.687228" lon="127.80293"/><trkpt lat="35.687414" lon="127.802786"/><trkpt lat="35.687567" lon="127.802679"/><trkpt lat="35.687723" lon="127.802599"/><trkpt lat="35.687854" lon="127.802561"/><trkpt lat="35.688022" lon="127.802548"/><trkpt lat="35.688268" lon="127.802606"/><trkpt lat="35.688405" lon="127.802662"/><trkpt lat="35.688551" lon="127.802657"/><trkpt lat="35.688639" lon="127.802678"/><trkpt lat="35.688678" lon="127.802691"/><trkpt lat="35.688701" lon="127.802692"/><trkpt lat="35.688902" lon="127.802708"/><trkpt lat="35.689088" lon="127.80284"/><trkpt lat="35.689267" lon="127.802895"/><trkpt lat="35.689451" lon="127.802954"/><trkpt lat="35.689583" lon="127.803005"/><trkpt lat="35.68975" lon="127.803105"/><trkpt lat="35.689976" lon="127.803144"/><trkpt lat="35.690144" lon="127.803184"/><trkpt lat="35.69032" lon="127.803103"/><trkpt lat="35.690368" lon="127.803061"/><trkpt lat="35.69065" lon="127.803064"/><trkpt lat="35.690831" lon="127.802936"/><trkpt lat="35.69096" lon="127.80274"/><trkpt lat="35.691136" lon="127.802596"/><trkpt lat="35.691254" lon="127.802535"/><trkpt lat="35.691424" lon="127.80247"/><trkpt lat="35.691613" lon="127.802311"/><trkpt lat="35.6917" lon="127.802191"/><trkpt lat="35.691834" lon="127.802056"/><trkpt lat="35.691936" lon="127.802002"/><trkpt lat="35.692229" lon="127.802005"/><trkpt lat="35.692536" lon="127.801997"/><trkpt lat="35.692794" lon="127.802032"/><trkpt lat="35.692927" lon="127.80194"/><trkpt lat="35.693101" lon="127.801863"/><trkpt lat="35.69343" lon="127.80171"/><trkpt lat="35.693521" lon="127.801702"/><trkpt lat="35.693747" lon="127.801625"/><trkpt lat="35.69396" lon="127.801402"/><trkpt lat="35.694101" lon="127.801325"/><trkpt lat="35.694477" lon="127.801316"/><trkpt lat="35.694858" lon="127.801285"/><trkpt lat="35.695002" lon="127.801255"/><trkpt lat="35.695238" lon="127.801161"/><trkpt lat="35.695412" lon="127.80116"/><trkpt lat="35.695639" lon="127.801134"/><trkpt lat="35.695813" lon="127.801105"/><trkpt lat="35.696036" lon="127.801045"/><trkpt lat="35.696324" lon="127.800855"/><trkpt lat="35.696674" lon="127.80068"/><trkpt lat="35.696859" lon="127.800558"/><trkpt lat="35.696974" lon="127.80048"/><trkpt lat="35.697306" lon="127.800247"/><trkpt lat="35.697455" lon="127.80005"/><trkpt lat="35.69754" lon="127.799982"/><trkpt lat="35.697582" lon="127.799885"/><trkpt lat="35.697687" lon="127.799809"/><trkpt lat="35.697801" lon="127.799622"/><trkpt lat="35.697958" lon="127.799322"/><trkpt lat="35.698125" lon="127.799198"/><trkpt lat="35.698286" lon="127.799013"/><trkpt lat="35.698394" lon="127.798829"/><trkpt lat="35.698614" lon="127.798697"/><trkpt lat="35.698829" lon="127.79879"/><trkpt lat="35.698933" lon="127.798776"/><trkpt lat="35.699073" lon="127.798746"/><trkpt lat="35.699316" lon="127.798734"/><trkpt lat="35.699389" lon="127.798714"/><trkpt lat="35.69946" lon="127.798588"/><trkpt lat="35.699649" lon="127.79839"/><trkpt lat="35.699835" lon="127.798224"/><trkpt lat="35.699898" lon="127.798162"/><trkpt lat="35.699935" lon="127.798018"/><trkpt lat="35.700026" lon="127.797927"/><trkpt lat="35.700172" lon="127.79786"/><trkpt lat="35.700371" lon="127.797691"/><trkpt lat="35.700515" lon="127.797514"/><trkpt lat="35.700577" lon="127.797462"/><trkpt lat="35.700651" lon="127.797371"/><trkpt lat="35.700649" lon="127.79731"/><trkpt lat="35.700692" lon="127.797217"/><trkpt lat="35.700765" lon="127.797232"/><trkpt lat="35.700863" lon="127.797133"/><trkpt lat="35.701008" lon="127.797113"/><trkpt lat="35.701111" lon="127.797115"/><trkpt lat="35.701288" lon="127.796992"/><trkpt lat="35.701434" lon="127.796964"/><trkpt lat="35.701525" lon="127.796951"/><trkpt lat="35.701626" lon="127.796873"/><trkpt lat="35.701673" lon="127.796869"/><trkpt lat="35.701757" lon="127.796869"/><trkpt lat="35.701816" lon="127.796864"/><trkpt lat="35.701906" lon="127.796805"/><trkpt lat="35.701947" lon="127.796822"/></trkseg>
<trkseg><trkpt lat="35.683928" lon="127.829191"/><trkpt lat="35.683438" lon="127.82941"/><trkpt lat="35.682771" lon="127.829663"/><trkpt lat="35.682248" lon="127.830042"/><trkpt lat="35.681861" lon="127.83078"/><trkpt lat="35.681672" lon="127.831538"/><trkpt lat="35.68162" lon="127.832106"/><trkpt lat="35.681534" lon="127.832718"/><trkpt lat="35.681393" lon="127.833344"/><trkpt lat="35.681236" lon="127.833974"/></trkseg>
<trkseg><trkpt lat="35.676838" lon="127.816779"/><trkpt lat="35.676858" lon="127.816741"/><trkpt lat="35.676967" lon="127.816754"/><trkpt lat="35.677195" lon="127.816626"/><trkpt lat="35.677384" lon="127.816541"/><trkpt lat="35.677537" lon="127.816728"/><trkpt lat="35.67766" lon="127.816876"/><trkpt lat="35.678085" lon="127.817179"/><trkpt lat="35.678366" lon="127.817331"/><trkpt lat="35.678679" lon="127.81761"/><trkpt lat="35.678817" lon="127.817736"/><trkpt lat="35.679202" lon="127.817961"/><trkpt lat="35.679709" lon="127.818435"/><trkpt lat="35.679833" lon="127.818579"/><trkpt lat="35.679982" lon="127.818679"/><trkpt lat="35.680162" lon="127.818804"/><trkpt lat="35.680311" lon="127.818808"/><trkpt lat="35.680469" lon="127.818773"/><trkpt lat="35.680589" lon="127.81873"/><trkpt lat="35.680745" lon="127.818804"/><trkpt lat="35.680916" lon="127.818878"/><trkpt lat="35.681146" lon="127.818894"/><trkpt lat="35.68137" lon="127.818955"/><trkpt lat="35.681621" lon="127.819015"/><trkpt lat="35.681759" lon="127.818977"/><trkpt lat="35.681904" lon="127.819019"/><trkpt lat="35.681915" lon="127.819202"/><trkpt lat="35.681892" lon="127.819457"/><trkpt lat="35.682062" lon="127.819572"/><trkpt lat="35.682213" lon="127.819667"/><trkpt lat="35.682361" lon="127.819833"/><trkpt lat="35.682519" lon="127.819983"/><trkpt lat="35.682805" lon="127.82014"/><trkpt lat="35.683029" lon="127.820226"/><trkpt lat="35.683268" lon="127.820409"/><trkpt lat="35.683442" lon="127.820657"/><trkpt lat="35.683547" lon="127.82091"/><trkpt lat="35.683612" lon="127.82106"/><trkpt lat="35.683753" lon="127.821268"/><trkpt lat="35.683899" lon="127.821421"/><trkpt lat="35.684001" lon="127.821626"/><trkpt lat="35.684047" lon="127.821878"/><trkpt lat="35.684297" lon="127.82226"/><trkpt lat="35.684454" lon="127.822573"/><trkpt lat="35.684563" lon="127.822753"/><trkpt lat="35.684791" lon="127.822909"/><trkpt lat="35.685031" lon="127.82298"/><trkpt lat="35.685161" lon="127.823092"/><trkpt lat="35.685137" lon="127.82342"/><trkpt lat="35.685046" lon="127.823739"/><trkpt lat="35.684965" lon="127.823939"/><trkpt lat="35.684929" lon="127.824114"/><trkpt lat="35.68503" lon="127.824352"/><trkpt lat="35.68505" lon="127.824532"/><trkpt lat="35.684902" lon="127.82468"/><trkpt lat="35.684776" lon="127.824962"/><trkpt lat="35.684806" lon="127.825378"/><trkpt lat="35.684778" lon="127.825657"/><trkpt lat="35.684697" lon="127.826005"/><trkpt lat="35.684818" lon="127.826368"/><trkpt lat="35.684866" lon="127.826668"/><trkpt lat="35.684956" lon="127.827059"/><trkpt lat="35.684747" lon="127.827525"/><trkpt lat="35.684383" lon="127.827949"/><trkpt lat="35.683923" lon="127.828356"/><trkpt lat="35.683805" lon="127.828815"/><trkpt lat="35.683928" lon="127.829191"/></trkseg>
<trkseg><trkpt lat="35.687113" lon="127.802879"/><trkpt lat="35.68714" lon="127.80318"/><trkpt lat="35.687194" lon="127.803357"/><trkpt lat="35.687339" lon="127.803438"/><trkpt lat="35.687581" lon="127.803522"/><trkpt lat="35.687642" lon="127.803906"/><trkpt lat="35.687466" lon="127.804104"/><trkpt lat="35.687308" lon="127.804398"/><trkpt lat="35.687294" lon="127.804716"/><trkpt lat="35.687365" lon="127.80512"/><trkpt lat="35.687269" lon="127.805296"/><trkpt lat="35.687172" lon="127.805661"/><trkpt lat="35.687166" lon="127.80594"/><trkpt lat="35.687179" lon="127.806304"/><trkpt lat="35.68726" lon="127.806581"/><trkpt lat="35.68739" lon="127.806819"/><trkpt lat="35.687402" lon="127.807214"/><trkpt lat="35.687394" lon="127.807579"/><trkpt lat="35.687603" lon="127.807931"/><trkpt lat="35.687592" lon="127.808515"/><trkpt lat="35.687634" lon="127.809023"/><trkpt lat="35.687663" lon="127.809227"/><trkpt lat="35.687627" lon="127.809553"/><trkpt lat="35.687717" lon="127.80986"/><trkpt lat="35.687728" lon="127.810382"/><trkpt lat="35.687836" lon="127.810582"/><trkpt lat="35.688053" lon="127.810792"/><trkpt lat="35.688153" lon="127.810955"/><trkpt lat="35.688343" lon="127.81108"/><trkpt lat="35.688552" lon="127.811083"/><trkpt lat="35.688568" lon="127.811492"/><trkpt lat="35.688563" lon="127.812007"/><trkpt lat="35.688658" lon="127.81219"/><trkpt lat="35.688884" lon="127.812312"/><trkpt lat="35.689191" lon="127.812418"/><trkpt lat="35.689513" lon="127.812464"/><trkpt lat="35.689866" lon="127.812458"/><trkpt lat="35.690146" lon="127.812405"/><trkpt lat="35.69045" lon="127.812625"/><trkpt lat="35.690776" lon="127.81273"/><trkpt lat="35.691054" lon="127.812914"/><trkpt lat="35.691326" lon="127.813058"/><trkpt lat="35.691345" lon="127.813461"/><trkpt lat="35.69163" lon="127.813902"/><trkpt lat="35.69168" lon="127.814325"/><trkpt lat="35.691726" lon="127.814763"/><trkpt lat="35.691816" lon="127.815025"/><trkpt lat="35.691622" lon="127.815231"/><trkpt lat="35.691496" lon="127.815501"/><trkpt lat="35.691371" lon="127.815843"/><trkpt lat="35.691509" lon="127.816164"/><trkpt lat="35.691752" lon="127.816153"/><trkpt lat="35.692013" lon="127.816137"/><trkpt lat="35.692194" lon="127.816319"/><trkpt lat="35.692448" lon="127.816464"/><trkpt lat="35.692582" lon="127.816753"/><trkpt lat="35.692655" lon="127.817071"/><trkpt lat="35.692488" lon="127.81735"/><trkpt lat="35.69228" lon="127.817561"/><trkpt lat="35.692204" lon="127.817872"/><trkpt lat="35.69223" lon="127.818121"/><trkpt lat="35.692321" lon="127.818345"/><trkpt lat="35.692267" lon="127.818608"/><trkpt lat="35.692352" lon="127.818911"/><trkpt lat="35.692193" lon="127.819187"/><trkpt lat="35.692193" lon="127.819616"/><trkpt lat="35.692057" lon="127.819923"/><trkpt lat="35.69173" lon="127.820409"/><trkpt lat="35.691608" lon="127.820732"/><trkpt lat="35.691906" lon="127.820785"/><trkpt lat="35.692011" lon="127.820828"/></trkseg>
<trkseg><trkpt lat="35.692011" lon="127.820828"/><trkpt lat="35.69169" lon="127.82217"/><trkpt lat="35.691402" lon="127.822625"/><trkpt lat="35.691065" lon="127.823071"/><trkpt lat="35.690838" lon="127.823405"/><trkpt lat="35.690609" lon="127.823781"/><trkpt lat="35.690297" lon="127.824161"/><trkpt lat="35.690237" lon="127.824607"/><trkpt lat="35.690168" lon="127.825043"/><trkpt lat="35.68996" lon="127.8253"/><trkpt lat="35.689799" lon="127.825757"/><trkpt lat="35.689652" lon="127.826224"/><trkpt lat="35.68941" lon="127.82646"/><trkpt lat="35.689035" lon="127.826415"/><trkpt lat="35.688641" lon="127.826341"/><trkpt lat="35.688239" lon="127.826259"/><trkpt lat="35.688026" lon="127.826409"/><trkpt lat="35.687702" lon="127.826837"/><trkpt lat="35.687368" lon="127.826967"/><trkpt lat="35.687138" lon="127.827045"/><trkpt lat="35.686893" lon="127.827503"/><trkpt lat="35.686638" lon="127.827881"/><trkpt lat="35.685934" lon="127.828192"/><trkpt lat="35.684776" lon="127.828615"/><trkpt lat="35.684412" lon="127.82898"/><trkpt lat="35.683928" lon="127.829191"/></trkseg>
<trkseg><trkpt lat="35.713479" lon="127.816408"/><trkpt lat="35.713399" lon="127.816352"/><trkpt lat="35.713256" lon="127.816234"/><trkpt lat="35.712977" lon="127.816115"/><trkpt lat="35.712773" lon="127.815955"/><trkpt lat="35.712392" lon="127.815877"/><trkpt lat="35.712128" lon="127.815901"/><trkpt lat="35.711917" lon="127.815828"/><trkpt lat="35.711598" lon="127.815626"/><trkpt lat="35.711401" lon="127.815472"/><trkpt lat="35.711362" lon="127.815376"/><trkpt lat="35.711349" lon="127.815312"/><trkpt lat="35.711371" lon="127.815022"/><trkpt lat="35.711339" lon="127.814828"/><trkpt lat="35.711242" lon="127.814681"/><trkpt lat="35.711126" lon="127.814351"/><trkpt lat="35.711038" lon="127.814179"/><trkpt lat="35.710911" lon="127.814006"/><trkpt lat="35.710811" lon="127.813935"/><trkpt lat="35.710769" lon="127.813901"/><trkpt lat="35.710644" lon="127.813846"/><trkpt lat="35.710489" lon="127.813696"/><trkpt lat="35.710403" lon="127.813607"/><trkpt lat="35.710307" lon="127.813444"/><trkpt lat="35.710246" lon="127.813367"/><trkpt lat="35.710167" lon="127.813235"/><trkpt lat="35.710078" lon="127.813118"/><trkpt lat="35.709954" lon="127.813046"/><trkpt lat="35.709815" lon="127.812986"/><trkpt lat="35.709731" lon="127.812944"/><trkpt lat="35.70958" lon="127.812854"/><trkpt lat="35.709482" lon="127.81282"/><trkpt lat="35.709366" lon="127.812736"/><trkpt lat="35.70921" lon="127.812625"/><trkpt lat="35.709161" lon="127.812461"/><trkpt lat="35.709036" lon="127.81224"/><trkpt lat="35.708949" lon="127.812104"/><trkpt lat="35.708824" lon="127.811897"/><trkpt lat="35.708677" lon="127.811591"/><trkpt lat="35.708466" lon="127.811373"/><trkpt lat="35.708308" lon="127.811201"/><trkpt lat="35.708187" lon="127.811072"/><trkpt lat="35.708088" lon="127.810881"/><trkpt lat="35.708011" lon="127.810608"/><trkpt lat="35.707881" lon="127.810381"/><trkpt lat="35.707835" lon="127.810251"/><trkpt lat="35.707684" lon="127.809993"/><trkpt lat="35.707585" lon="127.809831"/><trkpt lat="35.70752" lon="127.809737"/><trkpt lat="35.70741" lon="127.809567"/><trkpt lat="35.707273" lon="127.809249"/><trkpt lat="35.707233" lon="127.809114"/><trkpt lat="35.70718" lon="127.808939"/><trkpt lat="35.707057" lon="127.808787"/><trkpt lat="35.707028" lon="127.808522"/><trkpt lat="35.706919" lon="127.808156"/><trkpt lat="35.706827" lon="127.807963"/><trkpt lat="35.706745" lon="127.807646"/><trkpt lat="35.706723" lon="127.807304"/><trkpt lat="35.706619" lon="127.807007"/><trkpt lat="35.706512" lon="127.806775"/><trkpt lat="35.706415" lon="127.806507"/><trkpt lat="35.706353" lon="127.806135"/><trkpt lat="35.706245" lon="127.805913"/><trkpt lat="35.706135" lon="127.805823"/></trkseg>
<trkseg><trkpt lat="35.706135" lon="127.805823"/><trkpt lat="35.705943" lon="127.805566"/><trkpt lat="35.705743" lon="127.805115"/><trkpt lat="35.705632" lon="127.804627"/><trkpt lat="35.705637" lon="127.804205"/><trkpt lat="35.705651" lon="127.803735"/><trkpt lat="35.705613" lon="127.803562"/><trkpt lat="35.705674" lon="127.803251"/><trkpt lat="35.705702" lon="127.802985"/><trkpt lat="35.705668" lon="127.802751"/><trkpt lat="35.705626" lon="127.802655"/><trkpt lat="35.705665" lon="127.802561"/><trkpt lat="35.705849" lon="127.802421"/><trkpt lat="35.706005" lon="127.802159"/><trkpt lat="35.706046" lon="127.802067"/><trkpt lat="35.7061" lon="127.8019"/><trkpt lat="35.706076" lon="127.801571"/><trkpt lat="35.706101" lon="127.801245"/><trkpt lat="35.706139" lon="127.800882"/><trkpt lat="35.706167" lon="127.800636"/><trkpt lat="35.706119" lon="127.800445"/><trkpt lat="35.706037" lon="127.800101"/><trkpt lat="35.706018" lon="127.799989"/><trkpt lat="35.705892" lon="127.799696"/><trkpt lat="35.705692" lon="127.799355"/><trkpt lat="35.705525" lon="127.799189"/><trkpt lat="35.705285" lon="127.799001"/><trkpt lat="35.705065" lon="127.79883"/><trkpt lat="35.704987" lon="127.798766"/><trkpt lat="35.704849" lon="127.798519"/><trkpt lat="35.704828" lon="127.798268"/><trkpt lat="35.704749" lon="127.797987"/><trkpt lat="35.704654" lon="127.797712"/><trkpt lat="35.704496" lon="127.797413"/><trkpt lat="35.704372" lon="127.79718"/><trkpt lat="35.704263" lon="127.796881"/><trkpt lat="35.704274" lon="127.79664"/><trkpt lat="35.704359" lon="127.796469"/><trkpt lat="35.704528" lon="127.796233"/><trkpt lat="35.704745" lon="127.796003"/><trkpt lat="35.704803" lon="127.795837"/><trkpt lat="35.704933" lon="127.795658"/><trkpt lat="35.705122" lon="127.795667"/><trkpt lat="35.705165" lon="127.795438"/><trkpt lat="35.705137" lon="127.795213"/><trkpt lat="35.705074" lon="127.79489"/><trkpt lat="35.705065" lon="127.794594"/><trkpt lat="35.705072" lon="127.794388"/><trkpt lat="35.704974" lon="127.794329"/><trkpt lat="35.704895" lon="127.794325"/><trkpt lat="35.704882" lon="127.794222"/><trkpt lat="35.704656" lon="127.794181"/></trkseg>
<trkseg><trkpt lat="35.711264" lon="127.804567"/><trkpt lat="35.711499" lon="127.804641"/><trkpt lat="35.711774" lon="127.804752"/><trkpt lat="35.712013" lon="127.804789"/><trkpt lat="35.712374" lon="127.804783"/><trkpt lat="35.712607" lon="127.804602"/><trkpt lat="35.712846" lon="127.804429"/><trkpt lat="35.712728" lon="127.804206"/><trkpt lat="35.712765" lon="127.803966"/><trkpt lat="35.713274" lon="127.803662"/><trkpt lat="35.713532" lon="127.803572"/><trkpt lat="35.713765" lon="127.803467"/><trkpt lat="35.714" lon="127.803449"/><trkpt lat="35.714264" lon="127.803457"/><trkpt lat="35.714463" lon="127.803254"/><trkpt lat="35.714589" lon="127.803435"/><trkpt lat="35.71466" lon="127.803715"/><trkpt lat="35.714927" lon="127.803717"/><trkpt lat="35.715179" lon="127.803648"/><trkpt lat="35.715421" lon="127.80361"/><trkpt lat="35.715685" lon="127.803959"/><trkpt lat="35.715598" lon="127.804275"/><trkpt lat="35.715356" lon="127.804562"/><trkpt lat="35.714959" lon="127.804581"/><trkpt lat="35.714981" lon="127.804834"/><trkpt lat="35.715215" lon="127.805049"/><trkpt lat="35.715394" lon="127.805244"/><trkpt lat="35.715681" lon="127.80533"/><trkpt lat="35.716144" lon="127.805645"/><trkpt lat="35.716459" lon="127.806075"/><trkpt lat="35.716756" lon="127.806655"/><trkpt lat="35.71712" lon="127.806782"/><trkpt lat="35.717631" lon="127.807156"/><trkpt lat="35.718039" lon="127.807304"/><trkpt lat="35.718417" lon="127.807545"/><trkpt lat="35.718629" lon="127.807796"/><trkpt lat="35.718847" lon="127.807988"/><trkpt lat="35.719097" lon="127.807973"/><trkpt lat="35.719311" lon="127.807772"/><trkpt lat="35.719521" lon="127.807836"/><trkpt lat="35.719728" lon="127.808028"/><trkpt lat="35.719947" lon="127.808102"/><trkpt lat="35.720166" lon="127.808301"/><trkpt lat="35.720356" lon="127.80848"/><trkpt lat="35.720569" lon="127.808653"/><trkpt lat="35.720769" lon="127.808963"/><trkpt lat="35.721043" lon="127.8092"/><trkpt lat="35.721379" lon="127.809331"/><trkpt lat="35.721668" lon="127.809343"/><trkpt lat="35.721922" lon="127.809314"/><trkpt lat="35.722176" lon="127.809444"/><trkpt lat="35.722586" lon="127.809536"/><trkpt lat="35.722838" lon="127.809565"/><trkpt lat="35.723219" lon="127.809606"/><trkpt lat="35.723505" lon="127.809667"/><trkpt lat="35.723871" lon="127.809709"/><trkpt lat="35.724188" lon="127.809766"/><trkpt lat="35.724469" lon="127.809718"/><trkpt lat="35.724633" lon="127.809643"/><trkpt lat="35.72484" lon="127.809634"/><trkpt lat="35.725093" lon="127.809581"/><trkpt lat="35.725311" lon="127.809416"/><trkpt lat="35.725489" lon="127.809328"/><trkpt lat="35.725663" lon="127.809205"/></trkseg>
<trkseg><trkpt lat="35.727052" lon="127.820872"/><trkpt lat="35.726999" lon="127.820598"/><trkpt lat="35.726882" lon="127.820387"/><trkpt lat="35.726804" lon="127.820045"/><trkpt lat="35.726749" lon="127.81972"/><trkpt lat="35.726518" lon="127.819478"/><trkpt lat="35.726234" lon="127.819418"/><trkpt lat="35.72585" lon="127.819495"/><trkpt lat="35.725662" lon="127.819485"/><trkpt lat="35.725423" lon="127.819649"/><trkpt lat="35.725301" lon="127.819663"/><trkpt lat="35.724893" lon="127.819458"/><trkpt lat="35.724673" lon="127.819539"/><trkpt lat="35.724421" lon="127.819611"/><trkpt lat="35.724195" lon="127.819598"/><trkpt lat="35.723932" lon="127.819541"/><trkpt lat="35.723698" lon="127.819517"/><trkpt lat="35.723435" lon="127.8195"/><trkpt lat="35.723246" lon="127.819477"/><trkpt lat="35.723024" lon="127.819487"/><trkpt lat="35.722955" lon="127.819506"/><trkpt lat="35.722778" lon="127.8195"/><trkpt lat="35.722596" lon="127.819499"/><trkpt lat="35.722262" lon="127.819494"/><trkpt lat="35.722089" lon="127.819636"/><trkpt lat="35.721862" lon="127.8198"/><trkpt lat="35.721545" lon="127.81984"/><trkpt lat="35.721344" lon="127.81992"/><trkpt lat="35.721207" lon="127.819986"/><trkpt lat="35.721004" lon="127.82004"/><trkpt lat="35.72076" lon="127.820187"/><trkpt lat="35.720547" lon="127.820229"/><trkpt lat="35.720368" lon="127.820313"/><trkpt lat="35.7202" lon="127.820441"/><trkpt lat="35.71995" lon="127.820556"/><trkpt lat="35.719714" lon="127.820542"/><trkpt lat="35.719575" lon="127.820544"/><trkpt lat="35.719528" lon="127.820511"/><trkpt lat="35.719426" lon="127.820557"/><trkpt lat="35.719208" lon="127.820607"/><trkpt lat="35.719087" lon="127.820651"/><trkpt lat="35.718873" lon="127.820763"/><trkpt lat="35.71871" lon="127.82076"/><trkpt lat="35.718592" lon="127.820798"/><trkpt lat="35.718424" lon="127.820816"/><trkpt lat="35.718264" lon="127.82086"/><trkpt lat="35.718139" lon="127.820905"/><trkpt lat="35.717849" lon="127.820955"/><trkpt lat="35.717661" lon="127.82101"/><trkpt lat="35.717408" lon="127.821052"/><trkpt lat="35.717265" lon="127.821034"/><trkpt lat="35.717125" lon="127.821043"/><trkpt lat="35.71705" lon="127.821114"/><trkpt lat="35.716965" lon="127.821056"/><trkpt lat="35.716882" lon="127.821045"/><trkpt lat="35.716819" lon="127.821081"/><trkpt lat="35.716681" lon="127.821092"/><trkpt lat="35.716513" lon="127.821085"/><trkpt lat="35.716374" lon="127.821187"/><trkpt lat="35.71621" lon="127.821283"/><trkpt lat="35.715995" lon="127.821335"/><trkpt lat="35.715879" lon="127.821358"/><trkpt lat="35.71577" lon="127.821369"/><trkpt lat="35.715621" lon="127.821293"/><trkpt lat="35.715511" lon="127.821185"/><trkpt lat="35.715424" lon="127.821194"/><trkpt lat="35.71532" lon="127.821147"/><trkpt lat="35.715151" lon="127.821105"/><trkpt lat="35.714929" lon="127.821038"/><trkpt lat="35.714737" lon="127.820942"/><trkpt lat="35.714472" lon="127.820801"/><trkpt lat="35.7143" lon="127.820702"/><trkpt lat="35.714193" lon="127.820608"/><trkpt lat="35.714092" lon="127.820386"/><trkpt lat="35.714028" lon="127.82024"/><trkpt lat="35.714008" lon="127.820065"/><trkpt lat="35.713898" lon="127.819869"/><trkpt lat="35.713771" lon="127.819718"/><trkpt lat="35.713621" lon="127.819523"/><trkpt lat="35.713481" lon="127.819326"/><trkpt lat="35.71341" lon="127.819138"/><trkpt lat="35.713418" lon="127.818989"/><trkpt lat="35.713393" lon="127.818757"/><trkpt lat="35.71344" lon="127.818636"/><trkpt lat="35.713509" lon="127.818471"/><trkpt lat="35.713508" lon="127.81821"/><trkpt lat="35.71346" lon="127.81794"/><trkpt lat="35.713402" lon="127.817791"/><trkpt lat="35.713352" lon="127.817522"/><trkpt lat="35.713319" lon="127.817263"/><trkpt lat="35.713311" lon="127.817182"/><trkpt lat="35.713289" lon="127.817012"/><trkpt lat="35.713298" lon="127.816885"/><trkpt lat="35.713321" lon="127.816697"/><trkpt lat="35.713417" lon="127.81652"/><trkpt lat="35.713479" lon="127.816408"/></trkseg>
<trkseg><trkpt lat="35.726526" lon="127.816361"/><trkpt lat="35.726357" lon="127.816176"/><trkpt lat="35.726285" lon="127.81597"/><trkpt lat="35.726351" lon="127.815506"/><trkpt lat="35.726309" lon="127.815279"/><trkpt lat="35.726181" lon="127.815176"/><trkpt lat="35.726113" lon="127.815267"/><trkpt lat="35.726012" lon="127.815393"/><trkpt lat="35.725807" lon="127.815463"/><trkpt lat="35.725662" lon="127.815511"/><trkpt lat="35.725552" lon="127.815526"/><trkpt lat="35.72545" lon="127.815559"/><trkpt lat="35.725382" lon="127.815485"/><trkpt lat="35.725306" lon="127.815489"/><trkpt lat="35.725213" lon="127.815383"/><trkpt lat="35.725145" lon="127.815304"/><trkpt lat="35.724938" lon="127.815237"/><trkpt lat="35.724866" lon="127.815261"/><trkpt lat="35.724664" lon="127.815308"/><trkpt lat="35.724383" lon="127.815216"/><trkpt lat="35.724166" lon="127.815135"/><trkpt lat="35.723859" lon="127.815065"/><trkpt lat="35.723552" lon="127.8152"/><trkpt lat="35.723287" lon="127.815262"/><trkpt lat="35.723084" lon="127.815331"/><trkpt lat="35.722937" lon="127.815267"/><trkpt lat="35.722779" lon="127.815376"/><trkpt lat="35.722395" lon="127.815177"/><trkpt lat="35.7223" lon="127.815232"/><trkpt lat="35.722136" lon="127.815333"/><trkpt lat="35.721999" lon="127.815493"/><trkpt lat="35.721754" lon="127.815702"/><trkpt lat="35.72143" lon="127.815576"/><trkpt lat="35.721188" lon="127.815536"/><trkpt lat="35.720852" lon="127.81552"/><trkpt lat="35.720617" lon="127.815442"/><trkpt lat="35.720482" lon="127.815386"/><trkpt lat="35.720375" lon="127.815357"/><trkpt lat="35.720032" lon="127.815397"/><trkpt lat="35.719882" lon="127.815537"/><trkpt lat="35.719507" lon="127.815797"/><trkpt lat="35.719295" lon="127.815972"/><trkpt lat="35.719182" lon="127.815956"/><trkpt lat="35.719067" lon="127.816"/><trkpt lat="35.718926" lon="127.816163"/><trkpt lat="35.718747" lon="127.816142"/><trkpt lat="35.718602" lon="127.81612"/><trkpt lat="35.718393" lon="127.816068"/><trkpt lat="35.718246" lon="127.816024"/><trkpt lat="35.718084" lon="127.815961"/><trkpt lat="35.717898" lon="127.815934"/><trkpt lat="35.717571" lon="127.815992"/><trkpt lat="35.717304" lon="127.816138"/><trkpt lat="35.717185" lon="127.816258"/><trkpt lat="35.717138" lon="127.816202"/><trkpt lat="35.716979" lon="127.816137"/><trkpt lat="35.716834" lon="127.816121"/><trkpt lat="35.716687" lon="127.816109"/><trkpt lat="35.716459" lon="127.816123"/><trkpt lat="35.716338" lon="127.816098"/><trkpt lat="35.716085" lon="127.816138"/><trkpt lat="35.715822" lon="127.816152"/><trkpt lat="35.71563" lon="127.816146"/><trkpt lat="35.715493" lon="127.816138"/><trkpt lat="35.715409" lon="127.816144"/><trkpt lat="35.715302" lon="127.816162"/><trkpt lat="35.71516" lon="127.816168"/><trkpt lat="35.715045" lon="127.816147"/><trkpt lat="35.714912" lon="127.816142"/><trkpt lat="35.714602" lon="127.816343"/><trkpt lat="35.714388" lon="127.816579"/><trkpt lat="35.714198" lon="127.816646"/><trkpt lat="35.714046" lon="127.816608"/><trkpt lat="35.713894" lon="127.816541"/><trkpt lat="35.713762" lon="127.816491"/><trkpt lat="35.713628" lon="127.816477"/><trkpt lat="35.71352" lon="127.816397"/><trkpt lat="35.713479" lon="127.816408"/></trkseg>
<trkseg><trkpt lat="35.726977" lon="127.816619"/><trkpt lat="35.727106" lon="127.816721"/><trkpt lat="35.727385" lon="127.816824"/><trkpt lat="35.72778" lon="127.81681"/><trkpt lat="35.728005" lon="127.816897"/><trkpt lat="35.727982" lon="127.817034"/><trkpt lat="35.728059" lon="127.817306"/><trkpt lat="35.728242" lon="127.817722"/><trkpt lat="35.728395" lon="127.817988"/><trkpt lat="35.728555" lon="127.818273"/><trkpt lat="35.728656" lon="127.818475"/><trkpt lat="35.728735" lon="127.818637"/><trkpt lat="35.728751" lon="127.818805"/><trkpt lat="35.728737" lon="127.818972"/><trkpt lat="35.728743" lon="127.819114"/><trkpt lat="35.728714" lon="127.819325"/><trkpt lat="35.728816" lon="127.819811"/><trkpt lat="35.729042" lon="127.819934"/><trkpt lat="35.729172" lon="127.820008"/><trkpt lat="35.729371" lon="127.820141"/><trkpt lat="35.72943" lon="127.820297"/><trkpt lat="35.729553" lon="127.820562"/><trkpt lat="35.729588" lon="127.820904"/><trkpt lat="35.729773" lon="127.821221"/><trkpt lat="35.729831" lon="127.821498"/><trkpt lat="35.729868" lon="127.821811"/><trkpt lat="35.730026" lon="127.822074"/><trkpt lat="35.730182" lon="127.8222"/><trkpt lat="35.730445" lon="127.822497"/><trkpt lat="35.730804" lon="127.822727"/><trkpt lat="35.731021" lon="127.822862"/><trkpt lat="35.731182" lon="127.822894"/><trkpt lat="35.731324" lon="127.822911"/><trkpt lat="35.731436" lon="127.822831"/><trkpt lat="35.731648" lon="127.822836"/><trkpt lat="35.731863" lon="127.822905"/><trkpt lat="35.732051" lon="127.823005"/><trkpt lat="35.732297" lon="127.823204"/><trkpt lat="35.732605" lon="127.823328"/><trkpt lat="35.732863" lon="127.823206"/><trkpt lat="35.733019" lon="127.823186"/><trkpt lat="35.733144" lon="127.823198"/><trkpt lat="35.733445" lon="127.823156"/><trkpt lat="35.733715" lon="127.82303"/><trkpt lat="35.733993" lon="127.822964"/><trkpt lat="35.734146" lon="127.823056"/><trkpt lat="35.734354" lon="127.822933"/><trkpt lat="35.734742" lon="127.8228"/><trkpt lat="35.734867" lon="127.822702"/><trkpt lat="35.735004" lon="127.82253"/><trkpt lat="35.735183" lon="127.822399"/><trkpt lat="35.73519" lon="127.82222"/><trkpt lat="35.735278" lon="127.822129"/><trkpt lat="35.735385" lon="127.822003"/><trkpt lat="35.735483" lon="127.821764"/><trkpt lat="35.735524" lon="127.821596"/><trkpt lat="35.735533" lon="127.821394"/><trkpt lat="35.735642" lon="127.821292"/><trkpt lat="35.735782" lon="127.821083"/><trkpt lat="35.735702" lon="127.820914"/><trkpt lat="35.735817" lon="127.820831"/><trkpt lat="35.73595" lon="127.82078"/><trkpt lat="35.736084" lon="127.820589"/><trkpt lat="35.736304" lon="127.820492"/><trkpt lat="35.736643" lon="127.820395"/><trkpt lat="35.736947" lon="127.820214"/><trkpt lat="35.737214" lon="127.820194"/><trkpt lat="35.737405" lon="127.820185"/><trkpt lat="35.737615" lon="127.820074"/><trkpt lat="35.737806" lon="127.820022"/><trkpt lat="35.738151" lon="127.819987"/><trkpt lat="35.738423" lon="127.819993"/><trkpt lat="35.738626" lon="127.819997"/><trkpt lat="35.738839" lon="127.819987"/><trkpt lat="35.739023" lon="127.819877"/><trkpt lat="35.73914" lon="127.81971"/><trkpt lat="35.739307" lon="127.81955"/><trkpt lat="35.739476" lon="127.819478"/><trkpt lat="35.73986" lon="127.819544"/><trkpt lat="35.740163" lon="127.819608"/><trkpt lat="35.740243" lon="127.819614"/></trkseg>
<trkseg><trkpt lat="35.727569" lon="127.812059"/><trkpt lat="35.727377" lon="127.811822"/><trkpt lat="35.727001" lon="127.811066"/><trkpt lat="35.7266" lon="127.810718"/><trkpt lat="35.726289" lon="127.810479"/><trkpt lat="35.725835" lon="127.810104"/><trkpt lat="35.725649" lon="127.810068"/><trkpt lat="35.725576" lon="127.809854"/><trkpt lat="35.725665" lon="127.809588"/><trkpt lat="35.725663" lon="127.809205"/></trkseg>
<trkseg><trkpt lat="35.726977" lon="127.816619"/><trkpt lat="35.726838" lon="127.816383"/><trkpt lat="35.726704" lon="127.816124"/><trkpt lat="35.726667" lon="127.815831"/><trkpt lat="35.726846" lon="127.815566"/><trkpt lat="35.726964" lon="127.815353"/><trkpt lat="35.726968" lon="127.814977"/><trkpt lat="35.727104" lon="127.814649"/><trkpt lat="35.726956" lon="127.814261"/><trkpt lat="35.727098" lon="127.813874"/><trkpt lat="35.727241" lon="127.813575"/><trkpt lat="35.727129" lon="127.813382"/><trkpt lat="35.72722" lon="127.813043"/><trkpt lat="35.727387" lon="127.81266"/><trkpt lat="35.727572" lon="127.812139"/><trkpt lat="35.727569" lon="127.812059"/></trkseg>
<trkseg><trkpt lat="35.726977" lon="127.816619"/><trkpt lat="35.726526" lon="127.816361"/></trkseg>
</trk>
</gpx>
