<?xml version="1.0" encoding="UTF-8"?>
<gpx version="1.1" creator="letnaturechoose" xmlns="http://www.topografix.com/GPX/1/1">
<metadata><name>호음산 등산로</name></metadata>
<trk><name>호음산</name>
<trkseg><trkpt lat="35.775422" lon="127.824858"/><trkpt lat="35.775239" lon="127.824722"/><trkpt lat="35.775135" lon="127.82475"/><trkpt lat="35.774975" lon="127.824874"/><trkpt lat="35.774896" lon="127.824929"/><trkpt lat="35.774796" lon="127.824983"/><trkpt lat="35.774687" lon="127.825028"/><trkpt lat="35.774566" lon="127.82504"/><trkpt lat="35.774389" lon="127.82498"/><trkpt lat="35.774181" lon="127.824879"/><trkpt lat="35.774113" lon="127.82487"/><trkpt lat="35.773848" lon="127.824859"/><trkpt lat="35.773665" lon="127.824856"/><trkpt lat="35.773605" lon="127.824702"/><trkpt lat="35.77359" lon="127.824418"/><trkpt lat="35.77356" lon="127.824198"/><trkpt lat="35.773552" lon="127.82409"/></trkseg>
<trkseg><trkpt lat="35.788249" lon="127.856412"/><trkpt lat="35.788274" lon="127.856499"/><trkpt lat="35.78836" lon="127.85657"/><trkpt lat="35.788457" lon="127.856547"/><trkpt lat="35.788537" lon="127.856552"/><trkpt lat="35.788602" lon="127.856547"/><trkpt lat="35.78869" lon="127.85653"/><trkpt lat="35.788846" lon="127.85665"/><trkpt lat="35.788995" lon="127.856683"/><trkpt lat="35.789157" lon="127.856671"/><trkpt lat="35.789278" lon="127.856707"/><trkpt lat="35.789355" lon="127.856744"/><trkpt lat="35.789434" lon="127.856758"/><trkpt lat="35.78953" lon="127.856736"/><trkpt lat="35.789646" lon="127.856773"/><trkpt lat="35.789788" lon="127.856851"/><trkpt lat="35.789888" lon="127.856848"/><trkpt lat="35.79001" lon="127.856809"/><trkpt lat="35.790148" lon="127.856847"/><trkpt lat="35.79022" lon="127.856943"/><trkpt lat="35.790313" lon="127.856955"/><trkpt lat="35.790383" lon="127.856933"/><trkpt lat="35.790475" lon="127.856922"/><trkpt lat="35.790568" lon="127.856962"/><trkpt lat="35.790663" lon="127.856976"/><trkpt lat="35.790767" lon="127.856975"/><trkpt lat="35.790829" lon="127.85704"/><trkpt lat="35.790956" lon="127.857069"/><trkpt lat="35.791048" lon="127.857087"/><trkpt lat="35.791176" lon="127.857055"/><trkpt lat="35.791283" lon="127.857096"/><trkpt lat="35.791402" lon="127.857131"/><trkpt lat="35.791521" lon="127.857159"/><trkpt lat="35.791664" lon="127.857159"/><trkpt lat="35.791781" lon="127.857185"/><trkpt lat="35.791908" lon="127.857188"/><trkpt lat="35.791979" lon="127.857157"/><trkpt lat="35.792076" lon="127.857125"/><trkpt lat="35.7922" lon="127.85715"/><trkpt lat="35.792346" lon="127.857095"/><trkpt lat="35.792455" lon="127.856983"/><trkpt lat="35.792507" lon="127.856896"/><trkpt lat="35.792584" lon="127.856837"/><trkpt lat="35.79267" lon="127.856877"/><trkpt lat="35.792762" lon="127.856938"/><trkpt lat="35.793013" lon="127.856904"/><trkpt lat="35.79315" lon="127.856884"/><trkpt lat="35.793339" lon="127.856812"/><trkpt lat="35.793479" lon="127.856749"/><trkpt lat="35.793584" lon="127.856771"/><trkpt lat="35.793719" lon="127.856699"/><trkpt lat="35.793834" lon="127.856612"/><trkpt lat="35.794008" lon="127.856632"/><trkpt lat="35.794144" lon="127.856635"/><trkpt lat="35.794351" lon="127.856699"/><trkpt lat="35.794633" lon="127.856618"/><trkpt lat="35.794944" lon="127.85658"/><trkpt lat="35.795258" lon="127.85668"/><trkpt lat="35.795486" lon="127.856727"/><trkpt lat="35.795494" lon="127.856866"/><trkpt lat="35.795493" lon="127.856902"/></trkseg>
<trkseg><trkpt lat="35.775422" lon="127.824858"/><trkpt lat="35.775501" lon="127.824981"/><trkpt lat="35.775517" lon="127.825127"/><trkpt lat="35.775525" lon="127.825201"/><trkpt lat="35.775589" lon="127.825308"/><trkpt lat="35.775712" lon="127.825461"/><trkpt lat="35.775778" lon="127.825544"/><trkpt lat="35.775841" lon="127.825623"/><trkpt lat="35.775947" lon="127.825673"/><trkpt lat="35.776004" lon="127.825724"/><trkpt lat="35.776112" lon="127.825823"/><trkpt lat="35.776253" lon="127.825871"/><trkpt lat="35.776422" lon="127.825922"/><trkpt lat="35.776516" lon="127.825958"/><trkpt lat="35.776673" lon="127.825971"/><trkpt lat="35.776874" lon="127.826072"/><trkpt lat="35.777041" lon="127.826242"/><trkpt lat="35.777162" lon="127.826346"/><trkpt lat="35.777236" lon="127.826466"/><trkpt lat="35.777335" lon="127.826615"/><trkpt lat="35.777433" lon="127.826818"/><trkpt lat="35.777487" lon="127.826997"/><trkpt lat="35.777485" lon="127.827176"/><trkpt lat="35.777514" lon="127.827281"/><trkpt lat="35.777574" lon="127.827447"/><trkpt lat="35.777633" lon="127.827553"/><trkpt lat="35.777616" lon="127.827648"/><trkpt lat="35.777577" lon="127.827721"/><trkpt lat="35.777548" lon="127.827822"/><trkpt lat="35.77748" lon="127.827933"/><trkpt lat="35.777486" lon="127.828044"/><trkpt lat="35.777536" lon="127.828243"/><trkpt lat="35.777517" lon="127.82853"/><trkpt lat="35.777452" lon="127.828834"/><trkpt lat="35.777378" lon="127.82908"/><trkpt lat="35.777305" lon="127.829324"/><trkpt lat="35.777307" lon="127.829463"/><trkpt lat="35.77736" lon="127.829619"/><trkpt lat="35.777274" lon="127.829872"/><trkpt lat="35.77722" lon="127.830125"/><trkpt lat="35.7772" lon="127.830313"/><trkpt lat="35.777232" lon="127.830445"/><trkpt lat="35.777202" lon="127.830617"/><trkpt lat="35.777241" lon="127.830726"/><trkpt lat="35.777323" lon="127.83074"/><trkpt lat="35.777352" lon="127.830835"/><trkpt lat="35.777327" lon="127.830972"/><trkpt lat="35.777283" lon="127.831116"/><trkpt lat="35.77727" lon="127.831295"/><trkpt lat="35.777342" lon="127.831405"/><trkpt lat="35.777406" lon="127.831508"/><trkpt lat="35.777454" lon="127.831591"/><trkpt lat="35.777433" lon="127.831698"/><trkpt lat="35.777353" lon="127.831756"/><trkpt lat="35.777376" lon="127.831806"/><trkpt lat="35.777444" lon="127.831821"/><trkpt lat="35.777552" lon="127.831896"/><trkpt lat="35.777662" lon="127.831949"/><trkpt lat="35.777835" lon="127.832005"/><trkpt lat="35.778036" lon="127.832074"/><trkpt lat="35.77814" lon="127.832055"/><trkpt lat="35.778235" lon="127.832071"/><trkpt lat="35.7783" lon="127.832104"/><trkpt lat="35.778431" lon="127.832227"/><trkpt lat="35.778534" lon="127.832331"/><trkpt lat="35.778658" lon="127.832423"/><trkpt lat="35.778851" lon="127.832577"/><trkpt lat="35.778974" lon="127.83274"/><trkpt lat="35.779071" lon="127.832798"/><trkpt lat="35.779153" lon="127.832947"/><trkpt lat="35.779224" lon="127.833088"/><trkpt lat="35.779347" lon="127.833239"/><trkpt lat="35.779543" lon="127.833352"/><trkpt lat="35.779641" lon="127.833372"/><trkpt lat="35.779721" lon="127.833391"/><trkpt lat="35.779761" lon="127.833424"/><trkpt lat="35.779752" lon="127.833502"/><trkpt lat="35.779752" lon="127.833592"/><trkpt lat="35.77982" lon="127.833659"/><trkpt lat="35.779856" lon="127.833704"/><trkpt lat="35.779891" lon="127.833814"/><trkpt lat="35.779917" lon="127.833874"/><trkpt lat="35.780011" lon="127.833872"/><trkpt lat="35.780116" lon="127.833816"/><trkpt lat="35.780141" lon="127.833803"/><trkpt lat="35.780268" lon="127.833834"/><trkpt lat="35.780435" lon="127.833928"/><trkpt lat="35.780545" lon="127.83398"/><trkpt lat="35.78068" lon="127.834001"/><trkpt lat="35.780768" lon="127.834053"/><trkpt lat="35.780869" lon="127.834017"/><trkpt lat="35.780914" lon="127.833864"/><trkpt lat="35.78101" lon="127.833869"/><trkpt lat="35.781085" lon="127.833984"/><trkpt lat="35.78116" lon="127.83407"/><trkpt lat="35.781205" lon="127.834089"/><trkpt lat="35.781294" lon="127.834135"/><trkpt lat="35.78133" lon="127.834192"/><trkpt lat="35.781419" lon="127.834226"/><trkpt lat="35.78149" lon="127.834291"/><trkpt lat="35.781563" lon="127.83423"/><trkpt lat="35.781656" lon="127.83425"/><trkpt lat="35.781771" lon="127.834309"/><trkpt lat="35.781909" lon="127.834293"/><trkpt lat="35.782042" lon="127.834212"/><trkpt lat="35.782296" lon="127.834054"/><trkpt lat="35.782485" lon="127.834005"/><trkpt lat="35.78261" lon="127.834013"/><trkpt lat="35.782793" lon="127.833872"/><trkpt lat="35.782988" lon="127.833676"/><trkpt lat="35.78319" lon="127.833481"/><trkpt lat="35.783341" lon="127.833348"/><trkpt lat="35.783471" lon="127.833336"/><trkpt lat="35.783676" lon="127.833253"/><trkpt lat="35.783842" lon="127.833156"/><trkpt lat="35.783962" lon="127.833141"/><trkpt lat="35.784103" lon="127.833182"/><trkpt lat="35.784276" lon="127.833262"/><trkpt lat="35.784387" lon="127.833499"/><trkpt lat="35.784461" lon="127.833674"/><trkpt lat="35.784661" lon="127.83375"/><trkpt lat="35.784843" lon="127.833956"/><trkpt lat="35.784906" lon="127.834099"/><trkpt lat="35.784978" lon="127.834177"/><trkpt lat="35.785072" lon="127.834168"/><trkpt lat="35.7852" lon="127.834152"/><trkpt lat="35.785276" lon="127.834227"/><trkpt lat="35.785388" lon="127.834314"/><trkpt lat="35.785516" lon="127.834386"/><trkpt lat="35.78567" lon="127.834468"/><trkpt lat="35.785844" lon="127.834521"/><trkpt lat="35.785977" lon="127.834614"/><trkpt lat="35.786156" lon="127.834745"/><trkpt lat="35.786381" lon="127.834788"/><trkpt lat="35.786504" lon="127.834803"/><trkpt lat="35.786694" lon="127.834889"/><trkpt lat="35.786812" lon="127.835029"/><trkpt lat="35.787021" lon="127.83518"/><trkpt lat="35.787137" lon="127.835412"/><trkpt lat="35.787208" lon="127.835421"/><trkpt lat="35.78726" lon="127.835291"/><trkpt lat="35.787348" lon="127.835153"/><trkpt lat="35.787489" lon="127.834907"/><trkpt lat="35.787579" lon="127.834732"/><trkpt lat="35.787662" lon="127.834573"/><trkpt lat="35.787744" lon="127.834423"/><trkpt lat="35.787808" lon="127.834313"/><trkpt lat="35.787941" lon="127.834178"/><trkpt lat="35.788152" lon="127.834157"/><trkpt lat="35.788315" lon="127.834133"/><trkpt lat="35.788505" lon="127.834122"/><trkpt lat="35.788674" lon="127.834107"/><trkpt lat="35.788808" lon="127.834063"/><trkpt lat="35.788921" lon="127.833984"/><trkpt lat="35.789056" lon="127.833882"/><trkpt lat="35.789165" lon="127.833699"/><trkpt lat="35.789237" lon="127.833521"/><trkpt lat="35.78938" lon="127.833407"/><trkpt lat="35.789585" lon="127.833307"/><trkpt lat="35.789805" lon="127.833194"/><trkpt lat="35.789938" lon="127.833139"/><trkpt lat="35.790084" lon="127.833102"/><trkpt lat="35.790257" lon="127.833094"/><trkpt lat="35.790483" lon="127.833076"/><trkpt lat="35.790607" lon="127.833159"/><trkpt lat="35.790706" lon="127.83318"/><trkpt lat="35.790811" lon="127.833269"/><trkpt lat="35.790879" lon="127.833292"/><trkpt lat="35.79096" lon="127.8333"/><trkpt lat="35.790966" lon="127.833299"/></trkseg>
<trkseg><trkpt lat="35.777298" lon="127.819119"/><trkpt lat="35.777284" lon="127.819453"/><trkpt lat="35.777427" lon="127.819885"/><trkpt lat="35.777426" lon="127.820198"/><trkpt lat="35.777292" lon="127.820424"/><trkpt lat="35.777181" lon="127.820645"/><trkpt lat="35.777132" lon="127.820792"/><trkpt lat="35.777058" lon="127.820928"/><trkpt lat="35.777067" lon="127.82114"/><trkpt lat="35.777082" lon="127.821345"/><trkpt lat="35.777105" lon="127.821564"/><trkpt lat="35.777133" lon="127.821851"/><trkpt lat="35.777289" lon="127.822027"/><trkpt lat="35.777464" lon="127.822078"/><trkpt lat="35.777497" lon="127.822456"/><trkpt lat="35.777472" lon="127.822697"/><trkpt lat="35.777447" lon="127.822775"/><trkpt lat="35.777441" lon="127.822892"/><trkpt lat="35.777284" lon="127.823015"/><trkpt lat="35.777175" lon="127.823124"/><trkpt lat="35.777181" lon="127.823263"/><trkpt lat="35.777135" lon="127.823428"/><trkpt lat="35.777041" lon="127.823466"/><trkpt lat="35.776955" lon="127.823379"/><trkpt lat="35.776941" lon="127.823445"/><trkpt lat="35.776939" lon="127.823627"/><trkpt lat="35.77692" lon="127.823802"/><trkpt lat="35.776837" lon="127.823928"/><trkpt lat="35.776677" lon="127.824046"/><trkpt lat="35.776547" lon="127.824226"/><trkpt lat="35.776505" lon="127.824286"/><trkpt lat="35.776351" lon="127.824424"/><trkpt lat="35.776233" lon="127.824557"/><trkpt lat="35.776115" lon="127.824643"/><trkpt lat="35.776012" lon="127.824671"/><trkpt lat="35.775948" lon="127.82473"/><trkpt lat="35.77588" lon="127.824759"/><trkpt lat="35.775793" lon="127.824745"/><trkpt lat="35.775696" lon="127.824749"/><trkpt lat="35.775563" lon="127.824844"/><trkpt lat="35.775422" lon="127.824858"/></trkseg>
<trkseg><trkpt lat="35.773552" lon="127.82409"/><trkpt lat="35.773531" lon="127.823938"/><trkpt lat="35.773537" lon="127.823742"/><trkpt lat="35.773652" lon="127.823741"/><trkpt lat="35.773736" lon="127.823721"/><trkpt lat="35.773842" lon="127.823688"/><trkpt lat="35.773906" lon="127.823651"/><trkpt lat="35.774118" lon="127.823457"/><trkpt lat="35.774224" lon="127.8233"/><trkpt lat="35.774346" lon="127.823173"/><trkpt lat="35.774557" lon="127.822969"/><trkpt lat="35.774649" lon="127.822808"/><trkpt lat="35.774747" lon="127.822637"/><trkpt lat="35.774822" lon="127.822575"/><trkpt lat="35.775021" lon="127.822563"/><trkpt lat="35.77524" lon="127.822401"/><trkpt lat="35.775267" lon="127.822278"/><trkpt lat="35.775207" lon="127.822179"/><trkpt lat="35.775103" lon="127.822004"/><trkpt lat="35.774963" lon="127.82193"/><trkpt lat="35.77491" lon="127.821762"/><trkpt lat="35.775023" lon="127.821529"/><trkpt lat="35.775076" lon="127.821309"/><trkpt lat="35.775046" lon="127.821152"/><trkpt lat="35.775003" lon="127.820915"/><trkpt lat="35.775075" lon="127.820651"/><trkpt lat="35.775155" lon="127.820508"/><trkpt lat="35.775208" lon="127.820197"/><trkpt lat="35.775387" lon="127.819968"/><trkpt lat="35.775385" lon="127.819737"/></trkseg>
<trkseg><trkpt lat="35.802617" lon="127.836123"/><trkpt lat="35.802412" lon="127.836084"/><trkpt lat="35.802311" lon="127.836024"/><trkpt lat="35.802203" lon="127.835955"/><trkpt lat="35.802182" lon="127.835834"/><trkpt lat="35.802155" lon="127.835737"/><trkpt lat="35.802122" lon="127.835662"/><trkpt lat="35.802001" lon="127.835682"/><trkpt lat="35.80188" lon="127.835805"/><trkpt lat="35.801776" lon="127.835843"/><trkpt lat="35.801731" lon="127.835722"/><trkpt lat="35.80176" lon="127.835578"/><trkpt lat="35.801731" lon="127.835479"/><trkpt lat="35.801588" lon="127.835394"/><trkpt lat="35.801518" lon="127.835235"/><trkpt lat="35.801458" lon="127.835058"/><trkpt lat="35.801405" lon="127.83496"/><trkpt lat="35.801343" lon="127.834908"/><trkpt lat="35.801413" lon="127.834816"/><trkpt lat="35.801404" lon="127.834722"/><trkpt lat="35.801376" lon="127.834508"/><trkpt lat="35.801363" lon="127.834374"/><trkpt lat="35.80134" lon="127.834216"/><trkpt lat="35.801293" lon="127.833979"/><trkpt lat="35.801244" lon="127.833905"/><trkpt lat="35.801157" lon="127.833861"/><trkpt lat="35.801059" lon="127.833683"/><trkpt lat="35.801039" lon="127.833613"/><trkpt lat="35.801007" lon="127.833433"/><trkpt lat="35.800966" lon="127.833287"/><trkpt lat="35.800968" lon="127.833098"/><trkpt lat="35.800929" lon="127.832889"/><trkpt lat="35.800909" lon="127.832681"/><trkpt lat="35.800904" lon="127.832414"/><trkpt lat="35.800947" lon="127.832227"/><trkpt lat="35.800921" lon="127.832033"/><trkpt lat="35.800876" lon="127.831873"/><trkpt lat="35.800894" lon="127.831697"/><trkpt lat="35.800878" lon="127.831554"/><trkpt lat="35.800803" lon="127.83131"/><trkpt lat="35.800765" lon="127.831161"/><trkpt lat="35.800698" lon="127.830931"/><trkpt lat="35.800649" lon="127.83075"/><trkpt lat="35.800598" lon="127.830608"/><trkpt lat="35.800545" lon="127.83044"/><trkpt lat="35.800496" lon="127.830281"/><trkpt lat="35.800415" lon="127.830161"/><trkpt lat="35.800345" lon="127.830063"/><trkpt lat="35.800155" lon="127.829879"/><trkpt lat="35.799979" lon="127.82967"/><trkpt lat="35.79974" lon="127.829453"/><trkpt lat="35.799576" lon="127.829337"/><trkpt lat="35.799415" lon="127.829212"/><trkpt lat="35.799277" lon="127.829188"/><trkpt lat="35.79914" lon="127.829128"/><trkpt lat="35.799023" lon="127.829054"/><trkpt lat="35.798942" lon="127.828977"/><trkpt lat="35.798824" lon="127.828837"/><trkpt lat="35.798776" lon="127.828648"/><trkpt lat="35.798815" lon="127.828476"/><trkpt lat="35.798966" lon="127.828318"/><trkpt lat="35.799128" lon="127.828248"/><trkpt lat="35.799159" lon="127.828133"/><trkpt lat="35.799125" lon="127.827963"/><trkpt lat="35.798989" lon="127.827822"/><trkpt lat="35.798741" lon="127.827608"/><trkpt lat="35.79856" lon="127.827334"/><trkpt lat="35.7984" lon="127.826916"/><trkpt lat="35.79828" lon="127.826663"/><trkpt lat="35.798136" lon="127.826368"/><trkpt lat="35.798064" lon="127.826048"/><trkpt lat="35.797951" lon="127.825788"/><trkpt lat="35.797862" lon="127.825536"/><trkpt lat="35.797773" lon="127.825169"/><trkpt lat="35.797619" lon="127.824952"/><trkpt lat="35.797427" lon="127.824658"/><trkpt lat="35.797263" lon="127.824519"/><trkpt lat="35.796976" lon="127.82432"/><trkpt lat="35.796822" lon="127.824135"/><trkpt lat="35.796752" lon="127.824024"/><trkpt lat="35.796623" lon="127.823803"/><trkpt lat="35.79651" lon="127.823732"/><trkpt lat="35.796378" lon="127.823724"/><trkpt lat="35.796276" lon="127.823612"/><trkpt lat="35.796381" lon="127.823534"/><trkpt lat="35.796387" lon="127.823374"/><trkpt lat="35.7963" lon="127.82328"/><trkpt lat="35.796153" lon="127.823061"/><trkpt lat="35.796024" lon="127.82268"/><trkpt lat="35.795963" lon="127.822553"/><trkpt lat="35.796012" lon="127.822294"/><trkpt lat="35.796035" lon="127.822162"/><trkpt lat="35.795937" lon="127.822051"/><trkpt lat="35.795954" lon="127.821887"/><trkpt lat="35.795981" lon="127.821712"/><trkpt lat="35.795972" lon="127.821493"/><trkpt lat="35.796037" lon="127.82129"/><trkpt lat="35.79624" lon="127.821087"/><trkpt lat="35.796298" lon="127.820895"/><trkpt lat="35.796337" lon="127.820704"/><trkpt lat="35.796369" lon="127.820491"/><trkpt lat="35.79648" lon="127.820242"/><trkpt lat="35.796484" lon="127.819934"/><trkpt lat="35.796236" lon="127.819868"/><trkpt lat="35.796124" lon="127.819797"/><trkpt lat="35.795921" lon="127.819772"/><trkpt lat="35.795749" lon="127.819643"/><trkpt lat="35.795885" lon="127.819426"/><trkpt lat="35.79603" lon="127.819366"/><trkpt lat="35.796112" lon="127.819442"/><trkpt lat="35.796276" lon="127.81946"/><trkpt lat="35.796386" lon="127.819176"/><trkpt lat="35.796301" lon="127.818796"/><trkpt lat="35.796131" lon="127.818437"/><trkpt lat="35.795971" lon="127.818191"/><trkpt lat="35.795877" lon="127.81789"/><trkpt lat="35.795838" lon="127.817635"/><trkpt lat="35.795848" lon="127.81746"/><trkpt lat="35.795714" lon="127.817044"/><trkpt lat="35.795765" lon="127.816673"/><trkpt lat="35.795787" lon="127.816495"/><trkpt lat="35.795649" lon="127.816357"/><trkpt lat="35.795294" lon="127.816091"/><trkpt lat="35.794965" lon="127.815948"/><trkpt lat="35.794786" lon="127.815734"/><trkpt lat="35.794627" lon="127.815563"/><trkpt lat="35.79451" lon="127.81537"/><trkpt lat="35.794283" lon="127.815349"/><trkpt lat="35.794112" lon="127.815207"/><trkpt lat="35.793991" lon="127.815049"/><trkpt lat="35.79383" lon="127.815104"/><trkpt lat="35.793697" lon="127.815288"/><trkpt lat="35.793554" lon="127.815111"/><trkpt lat="35.793486" lon="127.81498"/><trkpt lat="35.793246" lon="127.815075"/><trkpt lat="35.792919" lon="127.814921"/><trkpt lat="35.792891" lon="127.81486"/></trkseg>
<trkseg><trkpt lat="35.821534" lon="127.811359"/><trkpt lat="35.821623" lon="127.811579"/><trkpt lat="35.822048" lon="127.811782"/><trkpt lat="35.82259" lon="127.811728"/><trkpt lat="35.822933" lon="127.811978"/><trkpt lat="35.82305" lon="127.812396"/><trkpt lat="35.823136" lon="127.812647"/><trkpt lat="35.823614" lon="127.812943"/><trkpt lat="35.824146" lon="127.813494"/><trkpt lat="35.8243" lon="127.813671"/><trkpt lat="35.824437" lon="127.813876"/><trkpt lat="35.824643" lon="127.814693"/><trkpt lat="35.824957" lon="127.815088"/><trkpt lat="35.825458" lon="127.81549"/><trkpt lat="35.826036" lon="127.81571"/><trkpt lat="35.826462" lon="127.816008"/><trkpt lat="35.826877" lon="127.816138"/><trkpt lat="35.827267" lon="127.816543"/><trkpt lat="35.827462" lon="127.816766"/><trkpt lat="35.827697" lon="127.817054"/><trkpt lat="35.828057" lon="127.817547"/><trkpt lat="35.828488" lon="127.817757"/><trkpt lat="35.829246" lon="127.81823"/><trkpt lat="35.82993" lon="127.818507"/><trkpt lat="35.830435" lon="127.818598"/><trkpt lat="35.83077" lon="127.818698"/><trkpt lat="35.83116" lon="127.818876"/><trkpt lat="35.83151" lon="127.818987"/><trkpt lat="35.831886" lon="127.819125"/><trkpt lat="35.832156" lon="127.819234"/><trkpt lat="35.832363" lon="127.819325"/><trkpt lat="35.832631" lon="127.819624"/><trkpt lat="35.832754" lon="127.819676"/><trkpt lat="35.832927" lon="127.819953"/><trkpt lat="35.83316" lon="127.820062"/><trkpt lat="35.833412" lon="127.820223"/><trkpt lat="35.833624" lon="127.820487"/><trkpt lat="35.833813" lon="127.820779"/><trkpt lat="35.834076" lon="127.821045"/><trkpt lat="35.834514" lon="127.821355"/><trkpt lat="35.834754" lon="127.821572"/><trkpt lat="35.834886" lon="127.82194"/><trkpt lat="35.835125" lon="127.822241"/><trkpt lat="35.835177" lon="127.822707"/><trkpt lat="35.835247" lon="127.82312"/><trkpt lat="35.835357" lon="127.823672"/><trkpt lat="35.835556" lon="127.823902"/><trkpt lat="35.835761" lon="127.824339"/><trkpt lat="35.835948" lon="127.824507"/><trkpt lat="35.83626" lon="127.824722"/><trkpt lat="35.836483" lon="127.824995"/><trkpt lat="35.836773" lon="127.825407"/><trkpt lat="35.836953" lon="127.825722"/><trkpt lat="35.836849" lon="127.826454"/><trkpt lat="35.836857" lon="127.826691"/><trkpt lat="35.836918" lon="127.826858"/><trkpt lat="35.837091" lon="127.827147"/><trkpt lat="35.837198" lon="127.827367"/><trkpt lat="35.837284" lon="127.827498"/><trkpt lat="35.837431" lon="127.827715"/><trkpt lat="35.837579" lon="127.828069"/><trkpt lat="35.837707" lon="127.828401"/><trkpt lat="35.837783" lon="127.828626"/><trkpt lat="35.83782" lon="127.828841"/><trkpt lat="35.83789" lon="127.828969"/><trkpt lat="35.83804" lon="127.829077"/><trkpt lat="35.838327" lon="127.829181"/><trkpt lat="35.838468" lon="127.829391"/><trkpt lat="35.838599" lon="127.829705"/><trkpt lat="35.838678" lon="127.829957"/><trkpt lat="35.838786" lon="127.830097"/><trkpt lat="35.838806" lon="127.830376"/><trkpt lat="35.838827" lon="127.830463"/></trkseg>
<trkseg><trkpt lat="35.80554" lon="127.845535"/><trkpt lat="35.805828" lon="127.845508"/><trkpt lat="35.806188" lon="127.845618"/><trkpt lat="35.806475" lon="127.845837"/><trkpt lat="35.806661" lon="127.845904"/><trkpt lat="35.80672" lon="127.845995"/><trkpt lat="35.80699" lon="127.846265"/><trkpt lat="35.807014" lon="127.846456"/><trkpt lat="35.806963" lon="127.846712"/><trkpt lat="35.80694" lon="127.846944"/><trkpt lat="35.807031" lon="127.84709"/><trkpt lat="35.807145" lon="127.847069"/><trkpt lat="35.807399" lon="127.846975"/><trkpt lat="35.807743" lon="127.847018"/><trkpt lat="35.807985" lon="127.847068"/><trkpt lat="35.808144" lon="127.847258"/><trkpt lat="35.808198" lon="127.847524"/><trkpt lat="35.808337" lon="127.84771"/><trkpt lat="35.808554" lon="127.847805"/><trkpt lat="35.808746" lon="127.847991"/><trkpt lat="35.809009" lon="127.848186"/><trkpt lat="35.809197" lon="127.848195"/><trkpt lat="35.809426" lon="127.848373"/><trkpt lat="35.809796" lon="127.848924"/><trkpt lat="35.809854" lon="127.84899"/></trkseg>
<trkseg><trkpt lat="35.800472" lon="127.847204"/><trkpt lat="35.800565" lon="127.847208"/><trkpt lat="35.800637" lon="127.847231"/><trkpt lat="35.80072" lon="127.84726"/><trkpt lat="35.800882" lon="127.84736"/><trkpt lat="35.801029" lon="127.847534"/><trkpt lat="35.801184" lon="127.8475"/><trkpt lat="35.801289" lon="127.847471"/><trkpt lat="35.801459" lon="127.84743"/><trkpt lat="35.80154" lon="127.847456"/><trkpt lat="35.801685" lon="127.847534"/><trkpt lat="35.80196" lon="127.847369"/><trkpt lat="35.802151" lon="127.847482"/><trkpt lat="35.80228" lon="127.847831"/><trkpt lat="35.802413" lon="127.847914"/><trkpt lat="35.8025" lon="127.847853"/><trkpt lat="35.802648" lon="127.847722"/><trkpt lat="35.802731" lon="127.847548"/><trkpt lat="35.802824" lon="127.847397"/><trkpt lat="35.80299" lon="127.847213"/><trkpt lat="35.803203" lon="127.847054"/><trkpt lat="35.80323" lon="127.846889"/><trkpt lat="35.803166" lon="127.846794"/><trkpt lat="35.803151" lon="127.846626"/><trkpt lat="35.803254" lon="127.846536"/><trkpt lat="35.8034" lon="127.84639"/><trkpt lat="35.803534" lon="127.846328"/><trkpt lat="35.803638" lon="127.846255"/><trkpt lat="35.803743" lon="127.846108"/><trkpt lat="35.803862" lon="127.845996"/><trkpt lat="35.803954" lon="127.845904"/><trkpt lat="35.804285" lon="127.845631"/><trkpt lat="35.804431" lon="127.845649"/><trkpt lat="35.80467" lon="127.845672"/><trkpt lat="35.804792" lon="127.845706"/><trkpt lat="35.804903" lon="127.845768"/><trkpt lat="35.805075" lon="127.845855"/><trkpt lat="35.805222" lon="127.845915"/><trkpt lat="35.805288" lon="127.845881"/><trkpt lat="35.805447" lon="127.845602"/><trkpt lat="35.80554" lon="127.845535"/></trkseg>
<trkseg><trkpt lat="35.802617" lon="127.836123"/><trkpt lat="35.802698" lon="127.836221"/><trkpt lat="35.802759" lon="127.836316"/><trkpt lat="35.802881" lon="127.836417"/><trkpt lat="35.802961" lon="127.836508"/><trkpt lat="35.803011" lon="127.836523"/><trkpt lat="35.803048" lon="127.83658"/><trkpt lat="35.803138" lon="127.836557"/><trkpt lat="35.80323" lon="127.836615"/><trkpt lat="35.803312" lon="127.836655"/><trkpt lat="35.803385" lon="127.836726"/><trkpt lat="35.803455" lon="127.836851"/><trkpt lat="35.803519" lon="127.837008"/><trkpt lat="35.803659" lon="127.837215"/><trkpt lat="35.803739" lon="127.837368"/><trkpt lat="35.803928" lon="127.837533"/><trkpt lat="35.80409" lon="127.837666"/><trkpt lat="35.804207" lon="127.837803"/><trkpt lat="35.804345" lon="127.837891"/><trkpt lat="35.80439" lon="127.837961"/><trkpt lat="35.804393" lon="127.838052"/><trkpt lat="35.804437" lon="127.838187"/><trkpt lat="35.804478" lon="127.838369"/><trkpt lat="35.804523" lon="127.838586"/><trkpt lat="35.80459" lon="127.838768"/><trkpt lat="35.804753" lon="127.838962"/><trkpt lat="35.804853" lon="127.839125"/><trkpt lat="35.805003" lon="127.839365"/><trkpt lat="35.805089" lon="127.839538"/><trkpt lat="35.805231" lon="127.839776"/><trkpt lat="35.8053" lon="127.839992"/><trkpt lat="35.805395" lon="127.840119"/><trkpt lat="35.805449" lon="127.84032"/><trkpt lat="35.805579" lon="127.840599"/><trkpt lat="35.805773" lon="127.840875"/><trkpt lat="35.805931" lon="127.841177"/><trkpt lat="35.806033" lon="127.841335"/><trkpt lat="35.806116" lon="127.841505"/><trkpt lat="35.806236" lon="127.841781"/><trkpt lat="35.806424" lon="127.842039"/><trkpt lat="35.806456" lon="127.842241"/><trkpt lat="35.806502" lon="127.842347"/><trkpt lat="35.806628" lon="127.842651"/><trkpt lat="35.806786" lon="127.843023"/><trkpt lat="35.807086" lon="127.84345"/><trkpt lat="35.807289" lon="127.843637"/><trkpt lat="35.807446" lon="127.844193"/><trkpt lat="35.807687" lon="127.844514"/><trkpt lat="35.807944" lon="127.84452"/><trkpt lat="35.808121" lon="127.844637"/><trkpt lat="35.808266" lon="127.844889"/><trkpt lat="35.808353" lon="127.845108"/><trkpt lat="35.808557" lon="127.845287"/><trkpt lat="35.808728" lon="127.845518"/><trkpt lat="35.808861" lon="127.845838"/><trkpt lat="35.809068" lon="127.846255"/><trkpt lat="35.809143" lon="127.846614"/><trkpt lat="35.809277" lon="127.847187"/><trkpt lat="35.809331" lon="127.847692"/><trkpt lat="35.809435" lon="127.848022"/><trkpt lat="35.809655" lon="127.848479"/><trkpt lat="35.809854" lon="127.84899"/></trkseg>
<trkseg><trkpt lat="35.799582" lon="127.837806"/><trkpt lat="35.799734" lon="127.837966"/><trkpt lat="35.799898" lon="127.838161"/><trkpt lat="35.799997" lon="127.838176"/><trkpt lat="35.800146" lon="127.838259"/><trkpt lat="35.800275" lon="127.838339"/><trkpt lat="35.800467" lon="127.838337"/><trkpt lat="35.800591" lon="127.838356"/><trkpt lat="35.800587" lon="127.838437"/><trkpt lat="35.80051" lon="127.838634"/><trkpt lat="35.800454" lon="127.838973"/><trkpt lat="35.800381" lon="127.839203"/><trkpt lat="35.800308" lon="127.839305"/><trkpt lat="35.800261" lon="127.839378"/><trkpt lat="35.800172" lon="127.839487"/><trkpt lat="35.800092" lon="127.839628"/><trkpt lat="35.799986" lon="127.839729"/><trkpt lat="35.800021" lon="127.839807"/><trkpt lat="35.80012" lon="127.839862"/><trkpt lat="35.800243" lon="127.839929"/><trkpt lat="35.800307" lon="127.83998"/><trkpt lat="35.800363" lon="127.840131"/><trkpt lat="35.800443" lon="127.840176"/><trkpt lat="35.800646" lon="127.840169"/><trkpt lat="35.800771" lon="127.840323"/><trkpt lat="35.800856" lon="127.840351"/><trkpt lat="35.80093" lon="127.840474"/><trkpt lat="35.801056" lon="127.840579"/><trkpt lat="35.80115" lon="127.840647"/><trkpt lat="35.801291" lon="127.84072"/><trkpt lat="35.801375" lon="127.840839"/><trkpt lat="35.801565" lon="127.841025"/><trkpt lat="35.801741" lon="127.841234"/><trkpt lat="35.801973" lon="127.841445"/><trkpt lat="35.802261" lon="127.841777"/><trkpt lat="35.802295" lon="127.84181"/><trkpt lat="35.802403" lon="127.841902"/><trkpt lat="35.802639" lon="127.842034"/><trkpt lat="35.803112" lon="127.842207"/><trkpt lat="35.803262" lon="127.842369"/><trkpt lat="35.803506" lon="127.842615"/><trkpt lat="35.803688" lon="127.842916"/><trkpt lat="35.803877" lon="127.843169"/><trkpt lat="35.804076" lon="127.843501"/><trkpt lat="35.804301" lon="127.843616"/><trkpt lat="35.804679" lon="127.844009"/><trkpt lat="35.804956" lon="127.844439"/><trkpt lat="35.805243" lon="127.844868"/><trkpt lat="35.80554" lon="127.845535"/></trkseg>
<trkseg><trkpt lat="35.807803" lon="127.873728"/><trkpt lat="35.807839" lon="127.873482"/><trkpt lat="35.80825" lon="127.873183"/><trkpt lat="35.808247" lon="127.87259"/><trkpt lat="35.807976" lon="127.872057"/><trkpt lat="35.807648" lon="127.871796"/><trkpt lat="35.807488" lon="127.871569"/><trkpt lat="35.807374" lon="127.871495"/><trkpt lat="35.807188" lon="127.87144"/><trkpt lat="35.806736" lon="127.870968"/><trkpt lat="35.806218" lon="127.870307"/><trkpt lat="35.806085" lon="127.869855"/><trkpt lat="35.806184" lon="127.869459"/><trkpt lat="35.806323" lon="127.869204"/><trkpt lat="35.806323" lon="127.868939"/><trkpt lat="35.806588" lon="127.868873"/><trkpt lat="35.806648" lon="127.868764"/><trkpt lat="35.806577" lon="127.868608"/><trkpt lat="35.806534" lon="127.868446"/><trkpt lat="35.806658" lon="127.868266"/><trkpt lat="35.806763" lon="127.868309"/><trkpt lat="35.806924" lon="127.86873"/><trkpt lat="35.807083" lon="127.868886"/><trkpt lat="35.807221" lon="127.868991"/><trkpt lat="35.8073" lon="127.868951"/><trkpt lat="35.807285" lon="127.8688"/><trkpt lat="35.807192" lon="127.868504"/><trkpt lat="35.807144" lon="127.868325"/><trkpt lat="35.807198" lon="127.868126"/><trkpt lat="35.807125" lon="127.867618"/><trkpt lat="35.806971" lon="127.867192"/><trkpt lat="35.806911" lon="127.866962"/><trkpt lat="35.806862" lon="127.866679"/><trkpt lat="35.806859" lon="127.866183"/><trkpt lat="35.806811" lon="127.865883"/><trkpt lat="35.806735" lon="127.86566"/><trkpt lat="35.806749" lon="127.865567"/><trkpt lat="35.806679" lon="127.865408"/><trkpt lat="35.80665" lon="127.865241"/><trkpt lat="35.806585" lon="127.865039"/><trkpt lat="35.806494" lon="127.864825"/><trkpt lat="35.806392" lon="127.864614"/><trkpt lat="35.806314" lon="127.864459"/><trkpt lat="35.806237" lon="127.864352"/><trkpt lat="35.806051" lon="127.864087"/><trkpt lat="35.805931" lon="127.863836"/><trkpt lat="35.805834" lon="127.863715"/><trkpt lat="35.805778" lon="127.863604"/><trkpt lat="35.805725" lon="127.863462"/><trkpt lat="35.805725" lon="127.863319"/><trkpt lat="35.805769" lon="127.863203"/><trkpt lat="35.80579" lon="127.863082"/><trkpt lat="35.805821" lon="127.862795"/><trkpt lat="35.805739" lon="127.862549"/><trkpt lat="35.805688" lon="127.862415"/><trkpt lat="35.805593" lon="127.862277"/><trkpt lat="35.805507" lon="127.862106"/><trkpt lat="35.805449" lon="127.861882"/><trkpt lat="35.805412" lon="127.86177"/><trkpt lat="35.805364" lon="127.861673"/><trkpt lat="35.805276" lon="127.861579"/><trkpt lat="35.80519" lon="127.861509"/><trkpt lat="35.805046" lon="127.861369"/><trkpt lat="35.804939" lon="127.861269"/><trkpt lat="35.804877" lon="127.861161"/><trkpt lat="35.804816" lon="127.86107"/><trkpt lat="35.804768" lon="127.860904"/><trkpt lat="35.804774" lon="127.860754"/><trkpt lat="35.804718" lon="127.860627"/><trkpt lat="35.804699" lon="127.860398"/><trkpt lat="35.804867" lon="127.860184"/><trkpt lat="35.805002" lon="127.860059"/><trkpt lat="35.805033" lon="127.859888"/><trkpt lat="35.805002" lon="127.85971"/><trkpt lat="35.805001" lon="127.859452"/><trkpt lat="35.804948" lon="127.859103"/><trkpt lat="35.804935" lon="127.858735"/><trkpt lat="35.804865" lon="127.858507"/><trkpt lat="35.804903" lon="127.858368"/><trkpt lat="35.805019" lon="127.858056"/><trkpt lat="35.805088" lon="127.857657"/><trkpt lat="35.805056" lon="127.857431"/><trkpt lat="35.804871" lon="127.85728"/><trkpt lat="35.804577" lon="127.857185"/><trkpt lat="35.804266" lon="127.857254"/><trkpt lat="35.804087" lon="127.857182"/><trkpt lat="35.80393" lon="127.857026"/><trkpt lat="35.803749" lon="127.856843"/><trkpt lat="35.803621" lon="127.856672"/><trkpt lat="35.803484" lon="127.856556"/><trkpt lat="35.803375" lon="127.856567"/><trkpt lat="35.803276" lon="127.856511"/><trkpt lat="35.803053" lon="127.856363"/><trkpt lat="35.802814" lon="127.856306"/><trkpt lat="35.80263" lon="127.856178"/><trkpt lat="35.802455" lon="127.85601"/><trkpt lat="35.802312" lon="127.855728"/><trkpt lat="35.802299" lon="127.855491"/><trkpt lat="35.802248" lon="127.85526"/><trkpt lat="35.802151" lon="127.855028"/><trkpt lat="35.802061" lon="127.854823"/><trkpt lat="35.802004" lon="127.854702"/><trkpt lat="35.801978" lon="127.854585"/><trkpt lat="35.801964" lon="127.854434"/><trkpt lat="35.801889" lon="127.854334"/><trkpt lat="35.80183" lon="127.854265"/><trkpt lat="35.801638" lon="127.85411"/><trkpt lat="35.801512" lon="127.854006"/><trkpt lat="35.801365" lon="127.853817"/><trkpt lat="35.801259" lon="127.853636"/><trkpt lat="35.801212" lon="127.853624"/></trkseg>
<trkseg><trkpt lat="35.801212" lon="127.853624"/><trkpt lat="35.801269" lon="127.853501"/><trkpt lat="35.801236" lon="127.853238"/><trkpt lat="35.801392" lon="127.852972"/><trkpt lat="35.801342" lon="127.852683"/><trkpt lat="35.801355" lon="127.852502"/><trkpt lat="35.801441" lon="127.852349"/><trkpt lat="35.801635" lon="127.852215"/><trkpt lat="35.801677" lon="127.852044"/><trkpt lat="35.801795" lon="127.851862"/><trkpt lat="35.801958" lon="127.851875"/><trkpt lat="35.802302" lon="127.851787"/><trkpt lat="35.802567" lon="127.851626"/><trkpt lat="35.802748" lon="127.851535"/><trkpt lat="35.80297" lon="127.851714"/><trkpt lat="35.803288" lon="127.851988"/><trkpt lat="35.803592" lon="127.852171"/><trkpt lat="35.803837" lon="127.852147"/><trkpt lat="35.803943" lon="127.852267"/><trkpt lat="35.803714" lon="127.852393"/><trkpt lat="35.80326" lon="127.852399"/><trkpt lat="35.802974" lon="127.852698"/><trkpt lat="35.802838" lon="127.853028"/><trkpt lat="35.802821" lon="127.853427"/><trkpt lat="35.802788" lon="127.853691"/><trkpt lat="35.802769" lon="127.853906"/><trkpt lat="35.802791" lon="127.854229"/><trkpt lat="35.802996" lon="127.854465"/><trkpt lat="35.803233" lon="127.854641"/><trkpt lat="35.803186" lon="127.854869"/><trkpt lat="35.802841" lon="127.855011"/><trkpt lat="35.802682" lon="127.85506"/><trkpt lat="35.802591" lon="127.855213"/><trkpt lat="35.802618" lon="127.855374"/><trkpt lat="35.802621" lon="127.855638"/><trkpt lat="35.80263" lon="127.855833"/><trkpt lat="35.802701" lon="127.855994"/><trkpt lat="35.802807" lon="127.855925"/><trkpt lat="35.802891" lon="127.855678"/><trkpt lat="35.803237" lon="127.855282"/><trkpt lat="35.803485" lon="127.855119"/><trkpt lat="35.803831" lon="127.854878"/><trkpt lat="35.804116" lon="127.854649"/><trkpt lat="35.804411" lon="127.854433"/><trkpt lat="35.804789" lon="127.854508"/><trkpt lat="35.805035" lon="127.854593"/><trkpt lat="35.805366" lon="127.854398"/><trkpt lat="35.80556" lon="127.854301"/><trkpt lat="35.805944" lon="127.854129"/><trkpt lat="35.80615" lon="127.853963"/><trkpt lat="35.806216" lon="127.854099"/><trkpt lat="35.806099" lon="127.85435"/><trkpt lat="35.805822" lon="127.854981"/><trkpt lat="35.805593" lon="127.855319"/><trkpt lat="35.805646" lon="127.855692"/><trkpt lat="35.805721" lon="127.85601"/><trkpt lat="35.806174" lon="127.856232"/><trkpt lat="35.806541" lon="127.85629"/><trkpt lat="35.806758" lon="127.856241"/><trkpt lat="35.807299" lon="127.856535"/><trkpt lat="35.807671" lon="127.856952"/><trkpt lat="35.807894" lon="127.857145"/><trkpt lat="35.808021" lon="127.857435"/><trkpt lat="35.808358" lon="127.857524"/><trkpt lat="35.80877" lon="127.857771"/><trkpt lat="35.808986" lon="127.85797"/><trkpt lat="35.809213" lon="127.857881"/><trkpt lat="35.809381" lon="127.857525"/><trkpt lat="35.809698" lon="127.857428"/><trkpt lat="35.809865" lon="127.857202"/><trkpt lat="35.80999" lon="127.856853"/><trkpt lat="35.809855" lon="127.856772"/><trkpt lat="35.809647" lon="127.856739"/><trkpt lat="35.809479" lon="127.856635"/><trkpt lat="35.809542" lon="127.856489"/><trkpt lat="35.809747" lon="127.85649"/><trkpt lat="35.810148" lon="127.856495"/><trkpt lat="35.810448" lon="127.856729"/><trkpt lat="35.810469" lon="127.857253"/><trkpt lat="35.810357" lon="127.857789"/><trkpt lat="35.810155" lon="127.858037"/><trkpt lat="35.810052" lon="127.858261"/><trkpt lat="35.810086" lon="127.858547"/><trkpt lat="35.809884" lon="127.858828"/><trkpt lat="35.809708" lon="127.859362"/><trkpt lat="35.809665" lon="127.859572"/><trkpt lat="35.809722" lon="127.859995"/><trkpt lat="35.809841" lon="127.860636"/><trkpt lat="35.809965" lon="127.860809"/><trkpt lat="35.810147" lon="127.860949"/><trkpt lat="35.81007" lon="127.861128"/><trkpt lat="35.809973" lon="127.861306"/><trkpt lat="35.810075" lon="127.861542"/><trkpt lat="35.810105" lon="127.861962"/><trkpt lat="35.810199" lon="127.862099"/><trkpt lat="35.810372" lon="127.861642"/><trkpt lat="35.810588" lon="127.861169"/><trkpt lat="35.810754" lon="127.860926"/><trkpt lat="35.810925" lon="127.860284"/><trkpt lat="35.811145" lon="127.860068"/><trkpt lat="35.811361" lon="127.859805"/><trkpt lat="35.811444" lon="127.859416"/><trkpt lat="35.811622" lon="127.85953"/><trkpt lat="35.811683" lon="127.860084"/><trkpt lat="35.811854" lon="127.860803"/><trkpt lat="35.811855" lon="127.861175"/><trkpt lat="35.811875" lon="127.861533"/><trkpt lat="35.812033" lon="127.861731"/><trkpt lat="35.812217" lon="127.861882"/><trkpt lat="35.812575" lon="127.862573"/><trkpt lat="35.812886" lon="127.862939"/><trkpt lat="35.813196" lon="127.863254"/><trkpt lat="35.813418" lon="127.863322"/><trkpt lat="35.813632" lon="127.863469"/><trkpt lat="35.814015" lon="127.863518"/><trkpt lat="35.814505" lon="127.863534"/><trkpt lat="35.815127" lon="127.863823"/><trkpt lat="35.815375" lon="127.864009"/><trkpt lat="35.815454" lon="127.864187"/></trkseg>
<trkseg><trkpt lat="35.772134" lon="127.859188"/><trkpt lat="35.772211" lon="127.859003"/><trkpt lat="35.772224" lon="127.858701"/><trkpt lat="35.772382" lon="127.858239"/><trkpt lat="35.772421" lon="127.857973"/><trkpt lat="35.772659" lon="127.857355"/><trkpt lat="35.772803" lon="127.857014"/><trkpt lat="35.772972" lon="127.856685"/><trkpt lat="35.773076" lon="127.85634"/><trkpt lat="35.773252" lon="127.855757"/><trkpt lat="35.773384" lon="127.855465"/><trkpt lat="35.77326" lon="127.855089"/><trkpt lat="35.77322" lon="127.854741"/><trkpt lat="35.773524" lon="127.854189"/><trkpt lat="35.773813" lon="127.853494"/><trkpt lat="35.773974" lon="127.8529"/><trkpt lat="35.774152" lon="127.852626"/><trkpt lat="35.774407" lon="127.852018"/><trkpt lat="35.774448" lon="127.851944"/><trkpt lat="35.774497" lon="127.851806"/><trkpt lat="35.77458" lon="127.851452"/><trkpt lat="35.774695" lon="127.850993"/><trkpt lat="35.774836" lon="127.850624"/><trkpt lat="35.774928" lon="127.850447"/><trkpt lat="35.775076" lon="127.850034"/><trkpt lat="35.77517" lon="127.849653"/><trkpt lat="35.775261" lon="127.849393"/><trkpt lat="35.775303" lon="127.849016"/><trkpt lat="35.775353" lon="127.848711"/><trkpt lat="35.775522" lon="127.848369"/><trkpt lat="35.775534" lon="127.848068"/><trkpt lat="35.775264" lon="127.847639"/><trkpt lat="35.77513" lon="127.847274"/><trkpt lat="35.774906" lon="127.846994"/><trkpt lat="35.774757" lon="127.847063"/><trkpt lat="35.774487" lon="127.847038"/><trkpt lat="35.774293" lon="127.846997"/><trkpt lat="35.774053" lon="127.846854"/><trkpt lat="35.773964" lon="127.846588"/><trkpt lat="35.773862" lon="127.846482"/><trkpt lat="35.773671" lon="127.846364"/><trkpt lat="35.773459" lon="127.846338"/><trkpt lat="35.773374" lon="127.846213"/><trkpt lat="35.773276" lon="127.846033"/><trkpt lat="35.773129" lon="127.845728"/><trkpt lat="35.773036" lon="127.845619"/><trkpt lat="35.77299" lon="127.845514"/><trkpt lat="35.772776" lon="127.845335"/><trkpt lat="35.772593" lon="127.845304"/><trkpt lat="35.772535" lon="127.845356"/><trkpt lat="35.772385" lon="127.845363"/><trkpt lat="35.772364" lon="127.8452"/><trkpt lat="35.772309" lon="127.845118"/><trkpt lat="35.772199" lon="127.845058"/><trkpt lat="35.772178" lon="127.844895"/><trkpt lat="35.772117" lon="127.844876"/><trkpt lat="35.77207" lon="127.844769"/><trkpt lat="35.771964" lon="127.844748"/><trkpt lat="35.771764" lon="127.844748"/><trkpt lat="35.771668" lon="127.844642"/><trkpt lat="35.771619" lon="127.844457"/><trkpt lat="35.771438" lon="127.844234"/><trkpt lat="35.771309" lon="127.84421"/><trkpt lat="35.7711" lon="127.844271"/><trkpt lat="35.770986" lon="127.84427"/><trkpt lat="35.770705" lon="127.844263"/><trkpt lat="35.770553" lon="127.844229"/><trkpt lat="35.77028" lon="127.844195"/><trkpt lat="35.76985" lon="127.844132"/><trkpt lat="35.769522" lon="127.844008"/><trkpt lat="35.76915" lon="127.84377"/><trkpt lat="35.768953" lon="127.843716"/><trkpt lat="35.768682" lon="127.84365"/><trkpt lat="35.768408" lon="127.843555"/><trkpt lat="35.768187" lon="127.843461"/><trkpt lat="35.767691" lon="127.843314"/><trkpt lat="35.767387" lon="127.843105"/><trkpt lat="35.767147" lon="127.843042"/><trkpt lat="35.766955" lon="127.842754"/><trkpt lat="35.766693" lon="127.842828"/><trkpt lat="35.766306" lon="127.842842"/><trkpt lat="35.765948" lon="127.842542"/><trkpt lat="35.765748" lon="127.842105"/><trkpt lat="35.765625" lon="127.841723"/><trkpt lat="35.765454" lon="127.841568"/><trkpt lat="35.765111" lon="127.841195"/><trkpt lat="35.764813" lon="127.84051"/><trkpt lat="35.764533" lon="127.840058"/><trkpt lat="35.764246" lon="127.839508"/><trkpt lat="35.764105" lon="127.839467"/><trkpt lat="35.763888" lon="127.83935"/><trkpt lat="35.763645" lon="127.839215"/><trkpt lat="35.7635" lon="127.839103"/><trkpt lat="35.763202" lon="127.838645"/><trkpt lat="35.762766" lon="127.838168"/><trkpt lat="35.762731" lon="127.838015"/><trkpt lat="35.76265" lon="127.837779"/></trkseg>
<trkseg><trkpt lat="35.84296" lon="127.843153"/><trkpt lat="35.843032" lon="127.842597"/><trkpt lat="35.842881" lon="127.842321"/><trkpt lat="35.842421" lon="127.842413"/><trkpt lat="35.842083" lon="127.842523"/><trkpt lat="35.841828" lon="127.842432"/><trkpt lat="35.841912" lon="127.842194"/><trkpt lat="35.841835" lon="127.84189"/><trkpt lat="35.841854" lon="127.84178"/><trkpt lat="35.841896" lon="127.841677"/></trkseg>
<trkseg><trkpt lat="35.84105" lon="127.837869"/><trkpt lat="35.841214" lon="127.837883"/><trkpt lat="35.841298" lon="127.83797"/><trkpt lat="35.841538" lon="127.838049"/><trkpt lat="35.84178" lon="127.83813"/><trkpt lat="35.841921" lon="127.838214"/><trkpt lat="35.842089" lon="127.838388"/><trkpt lat="35.842295" lon="127.838474"/><trkpt lat="35.842455" lon="127.838585"/><trkpt lat="35.842526" lon="127.838724"/><trkpt lat="35.842485" lon="127.838909"/><trkpt lat="35.842484" lon="127.839014"/><trkpt lat="35.842513" lon="127.83924"/><trkpt lat="35.842599" lon="127.839384"/><trkpt lat="35.842599" lon="127.839559"/><trkpt lat="35.842657" lon="127.839955"/><trkpt lat="35.842694" lon="127.840125"/><trkpt lat="35.842666" lon="127.840303"/><trkpt lat="35.842818" lon="127.840499"/><trkpt lat="35.842941" lon="127.840769"/><trkpt lat="35.843029" lon="127.840875"/><trkpt lat="35.843208" lon="127.840901"/><trkpt lat="35.84327" lon="127.840972"/><trkpt lat="35.843142" lon="127.841142"/><trkpt lat="35.843014" lon="127.841391"/><trkpt lat="35.842717" lon="127.841373"/><trkpt lat="35.842527" lon="127.841317"/><trkpt lat="35.842316" lon="127.841477"/><trkpt lat="35.842051" lon="127.841552"/><trkpt lat="35.841896" lon="127.841677"/></trkseg>
<trkseg><trkpt lat="35.767539" lon="127.679556"/><trkpt lat="35.767508" lon="127.679506"/><trkpt lat="35.767573" lon="127.679381"/><trkpt lat="35.767725" lon="127.679329"/><trkpt lat="35.767774" lon="127.679264"/><trkpt lat="35.767913" lon="127.679262"/><trkpt lat="35.767975" lon="127.679151"/><trkpt lat="35.768137" lon="127.679166"/><trkpt lat="35.768246" lon="127.679164"/><trkpt lat="35.768373" lon="127.67907"/><trkpt lat="35.768455" lon="127.679062"/><trkpt lat="35.768574" lon="127.679195"/><trkpt lat="35.768678" lon="127.679177"/><trkpt lat="35.7688" lon="127.679307"/><trkpt lat="35.768931" lon="127.679394"/><trkpt lat="35.769013" lon="127.679483"/><trkpt lat="35.769096" lon="127.679539"/><trkpt lat="35.769205" lon="127.679515"/><trkpt lat="35.769293" lon="127.67948"/><trkpt lat="35.769453" lon="127.679418"/><trkpt lat="35.769519" lon="127.679391"/><trkpt lat="35.769672" lon="127.679325"/><trkpt lat="35.769776" lon="127.679292"/><trkpt lat="35.769967" lon="127.679327"/><trkpt lat="35.770051" lon="127.679379"/><trkpt lat="35.770151" lon="127.679511"/><trkpt lat="35.770379" lon="127.679736"/><trkpt lat="35.770537" lon="127.679909"/><trkpt lat="35.770782" lon="127.680027"/><trkpt lat="35.77096" lon="127.680198"/><trkpt lat="35.771095" lon="127.68031"/><trkpt lat="35.771254" lon="127.680537"/><trkpt lat="35.771387" lon="127.680691"/><trkpt lat="35.771537" lon="127.680944"/><trkpt lat="35.77166" lon="127.681037"/><trkpt lat="35.771748" lon="127.681061"/><trkpt lat="35.771849" lon="127.681024"/><trkpt lat="35.771927" lon="127.681037"/><trkpt lat="35.772108" lon="127.680956"/><trkpt lat="35.772305" lon="127.680898"/><trkpt lat="35.772401" lon="127.680953"/><trkpt lat="35.772437" lon="127.681043"/><trkpt lat="35.772506" lon="127.681256"/><trkpt lat="35.772813" lon="127.681759"/><trkpt lat="35.773047" lon="127.681891"/><trkpt lat="35.773145" lon="127.681946"/><trkpt lat="35.773438" lon="127.682433"/><trkpt lat="35.774404" lon="127.683409"/><trkpt lat="35.774971" lon="127.684354"/><trkpt lat="35.775375" lon="127.684462"/><trkpt lat="35.775757" lon="127.684389"/><trkpt lat="35.776328" lon="127.68429"/><trkpt lat="35.776838" lon="127.684286"/><trkpt lat="35.777008" lon="127.68439"/><trkpt lat="35.777142" lon="127.684398"/><trkpt lat="35.777574" lon="127.684468"/><trkpt lat="35.777834" lon="127.684698"/><trkpt lat="35.778089" lon="127.685096"/><trkpt lat="35.778523" lon="127.685949"/><trkpt lat="35.778947" lon="127.686774"/><trkpt lat="35.779156" lon="127.687359"/><trkpt lat="35.779506" lon="127.687914"/><trkpt lat="35.779802" lon="127.688554"/><trkpt lat="35.78002" lon="127.688883"/><trkpt lat="35.780223" lon="127.689069"/><trkpt lat="35.780428" lon="127.689275"/><trkpt lat="35.780577" lon="127.689497"/><trkpt lat="35.781071" lon="127.690071"/><trkpt lat="35.781492" lon="127.690433"/><trkpt lat="35.7818" lon="127.69078"/><trkpt lat="35.781795" lon="127.690973"/><trkpt lat="35.781771" lon="127.691237"/><trkpt lat="35.781874" lon="127.691493"/><trkpt lat="35.782114" lon="127.69174"/><trkpt lat="35.782436" lon="127.692141"/><trkpt lat="35.78249" lon="127.692448"/><trkpt lat="35.782724" lon="127.692901"/><trkpt lat="35.782914" lon="127.693297"/><trkpt lat="35.783055" lon="127.693528"/><trkpt lat="35.783338" lon="127.693738"/><trkpt lat="35.783592" lon="127.693953"/><trkpt lat="35.784085" lon="127.694494"/><trkpt lat="35.784366" lon="127.694525"/><trkpt lat="35.784525" lon="127.694582"/><trkpt lat="35.78467" lon="127.694636"/><trkpt lat="35.78483" lon="127.694749"/><trkpt lat="35.784938" lon="127.694903"/><trkpt lat="35.785099" lon="127.695174"/><trkpt lat="35.785277" lon="127.695335"/><trkpt lat="35.785379" lon="127.695597"/><trkpt lat="35.785519" lon="127.695775"/><trkpt lat="35.785709" lon="127.695942"/><trkpt lat="35.78594" lon="127.696222"/><trkpt lat="35.786111" lon="127.696525"/><trkpt lat="35.786468" lon="127.697012"/><trkpt lat="35.78668" lon="127.697473"/><trkpt lat="35.786922" lon="127.697762"/><trkpt lat="35.787121" lon="127.697811"/><trkpt lat="35.787378" lon="127.698262"/><trkpt lat="35.787664" lon="127.698448"/><trkpt lat="35.787788" lon="127.698476"/><trkpt lat="35.787923" lon="127.698683"/><trkpt lat="35.788204" lon="127.698887"/><trkpt lat="35.788358" lon="127.699112"/><trkpt lat="35.788698" lon="127.699329"/><trkpt lat="35.788753" lon="127.699618"/><trkpt lat="35.788941" lon="127.700311"/><trkpt lat="35.789059" lon="127.700562"/><trkpt lat="35.789243" lon="127.700766"/><trkpt lat="35.789436" lon="127.701135"/><trkpt lat="35.789575" lon="127.701446"/><trkpt lat="35.789561" lon="127.701856"/><trkpt lat="35.789666" lon="127.702179"/><trkpt lat="35.789716" lon="127.702341"/><trkpt lat="35.789959" lon="127.702438"/><trkpt lat="35.790181" lon="127.702674"/><trkpt lat="35.790446" lon="127.7031"/><trkpt lat="35.790493" lon="127.703386"/><trkpt lat="35.790874" lon="127.703895"/><trkpt lat="35.790984" lon="127.704237"/><trkpt lat="35.791073" lon="127.704758"/><trkpt lat="35.791118" lon="127.704905"/><trkpt lat="35.79116" lon="127.705033"/><trkpt lat="35.791198" lon="127.705242"/><trkpt lat="35.791256" lon="127.705413"/><trkpt lat="35.791354" lon="127.7056"/><trkpt lat="35.791527" lon="127.705884"/><trkpt lat="35.791586" lon="127.705986"/><trkpt lat="35.791687" lon="127.706211"/><trkpt lat="35.791826" lon="127.706575"/><trkpt lat="35.791788" lon="127.706694"/><trkpt lat="35.791764" lon="127.707186"/><trkpt lat="35.791724" lon="127.707433"/><trkpt lat="35.79164" lon="127.707629"/><trkpt lat="35.791486" lon="127.707975"/><trkpt lat="35.791408" lon="127.708097"/><trkpt lat="35.791254" lon="127.708298"/><trkpt lat="35.791206" lon="127.708683"/><trkpt lat="35.791238" lon="127.708904"/><trkpt lat="35.791319" lon="127.709347"/><trkpt lat="35.791267" lon="127.709861"/><trkpt lat="35.791412" lon="127.710174"/><trkpt lat="35.791566" lon="127.710276"/><trkpt lat="35.791823" lon="127.710546"/><trkpt lat="35.792108" lon="127.710984"/><trkpt lat="35.792372" lon="127.711268"/><trkpt lat="35.792484" lon="127.711485"/><trkpt lat="35.792761" lon="127.711769"/><trkpt lat="35.793005" lon="127.711941"/><trkpt lat="35.793255" lon="127.712175"/><trkpt lat="35.793506" lon="127.712465"/><trkpt lat="35.793554" lon="127.7127"/><trkpt lat="35.793589" lon="127.712921"/><trkpt lat="35.793663" lon="127.713044"/><trkpt lat="35.793874" lon="127.713319"/><trkpt lat="35.794" lon="127.713429"/><trkpt lat="35.794165" lon="127.713517"/><trkpt lat="35.794285" lon="127.713646"/><trkpt lat="35.794426" lon="127.713851"/><trkpt lat="35.794478" lon="127.714121"/><trkpt lat="35.794566" lon="127.714467"/><trkpt lat="35.794721" lon="127.714825"/><trkpt lat="35.794774" lon="127.71503"/><trkpt lat="35.794875" lon="127.715216"/><trkpt lat="35.794947" lon="127.71541"/><trkpt lat="35.795137" lon="127.715742"/><trkpt lat="35.795213" lon="127.715911"/><trkpt lat="35.795404" lon="127.716196"/><trkpt lat="35.795469" lon="127.716343"/><trkpt lat="35.795631" lon="127.716599"/><trkpt lat="35.795771" lon="127.716872"/><trkpt lat="35.795876" lon="127.717233"/><trkpt lat="35.795931" lon="127.717503"/><trkpt lat="35.796061" lon="127.717879"/><trkpt lat="35.796213" lon="127.718154"/><trkpt lat="35.796383" lon="127.718434"/><trkpt lat="35.796461" lon="127.71855"/><trkpt lat="35.796566" lon="127.718713"/><trkpt lat="35.796676" lon="127.71891"/><trkpt lat="35.796756" lon="127.719112"/><trkpt lat="35.79681" lon="127.719284"/><trkpt lat="35.796836" lon="127.71944"/><trkpt lat="35.796914" lon="127.719512"/><trkpt lat="35.797049" lon="127.719505"/><trkpt lat="35.797229" lon="127.719508"/><trkpt lat="35.797526" lon="127.719521"/><trkpt lat="35.797739" lon="127.719576"/><trkpt lat="35.79796" lon="127.719593"/><trkpt lat="35.798035" lon="127.719455"/><trkpt lat="35.798181" lon="127.719424"/><trkpt lat="35.798321" lon="127.719612"/><trkpt lat="35.798546" lon="127.719701"/><trkpt lat="35.798813" lon="127.719657"/><trkpt lat="35.798971" lon="127.719608"/><trkpt lat="35.799082" lon="127.719604"/><trkpt lat="35.799323" lon="127.719629"/><trkpt lat="35.799615" lon="127.719735"/><trkpt lat="35.799786" lon="127.719809"/><trkpt lat="35.799979" lon="127.720007"/><trkpt lat="35.800064" lon="127.720139"/><trkpt lat="35.800096" lon="127.720179"/><trkpt lat="35.800259" lon="127.720099"/><trkpt lat="35.80045" lon="127.720118"/><trkpt lat="35.80064" lon="127.720175"/><trkpt lat="35.800733" lon="127.720267"/><trkpt lat="35.800863" lon="127.720342"/><trkpt lat="35.801005" lon="127.720448"/><trkpt lat="35.801159" lon="127.720519"/><trkpt lat="35.801262" lon="127.720544"/><trkpt lat="35.801438" lon="127.720602"/><trkpt lat="35.801682" lon="127.720856"/><trkpt lat="35.801881" lon="127.721043"/><trkpt lat="35.802013" lon="127.721128"/><trkpt lat="35.802256" lon="127.721176"/><trkpt lat="35.802521" lon="127.721391"/><trkpt lat="35.802852" lon="127.721554"/><trkpt lat="35.803117" lon="127.721845"/><trkpt lat="35.803248" lon="127.722079"/><trkpt lat="35.80333" lon="127.722299"/><trkpt lat="35.803453" lon="127.722652"/><trkpt lat="35.803684" lon="127.723184"/><trkpt lat="35.803862" lon="127.723336"/><trkpt lat="35.80405" lon="127.723461"/><trkpt lat="35.804245" lon="127.723714"/><trkpt lat="35.804344" lon="127.723845"/><trkpt lat="35.804543" lon="127.723857"/><trkpt lat="35.804791" lon="127.723902"/><trkpt lat="35.804895" lon="127.72398"/><trkpt lat="35.805065" lon="127.724073"/><trkpt lat="35.805427" lon="127.724248"/><trkpt lat="35.805764" lon="127.724239"/><trkpt lat="35.806001" lon="127.724246"/><trkpt lat="35.806382" lon="127.724333"/><trkpt lat="35.806797" lon="127.7243"/><trkpt lat="35.806991" lon="127.724297"/><trkpt lat="35.80708" lon="127.724326"/><trkpt lat="35.807194" lon="127.7244"/><trkpt lat="35.807527" lon="127.724531"/><trkpt lat="35.807829" lon="127.724406"/><trkpt lat="35.808165" lon="127.724174"/><trkpt lat="35.808632" lon="127.724"/><trkpt lat="35.808941" lon="127.723889"/><trkpt lat="35.809243" lon="127.723746"/><trkpt lat="35.809439" lon="127.723705"/><trkpt lat="35.809494" lon="127.723683"/><trkpt lat="35.809918" lon="127.723585"/><trkpt lat="35.810207" lon="127.723526"/><trkpt lat="35.810435" lon="127.723547"/><trkpt lat="35.810671" lon="127.723637"/><trkpt lat="35.810829" lon="127.723676"/><trkpt lat="35.810958" lon="127.723697"/><trkpt lat="35.811107" lon="127.723705"/><trkpt lat="35.811311" lon="127.723827"/><trkpt lat="35.811423" lon="127.723937"/><trkpt lat="35.811506" lon="127.724131"/><trkpt lat="35.811618" lon="127.724375"/><trkpt lat="35.811709" lon="127.724532"/><trkpt lat="35.811827" lon="127.724655"/><trkpt lat="35.812028" lon="127.724737"/><trkpt lat="35.81214" lon="127.724831"/><trkpt lat="35.812386" lon="127.725003"/><trkpt lat="35.812456" lon="127.725081"/><trkpt lat="35.812529" lon="127.725192"/><trkpt lat="35.812644" lon="127.725375"/><trkpt lat="35.81278" lon="127.72563"/><trkpt lat="35.81285" lon="127.725761"/><trkpt lat="35.812939" lon="127.72583"/><trkpt lat="35.812986" lon="127.725966"/><trkpt lat="35.813114" lon="127.726456"/><trkpt lat="35.813184" lon="127.727032"/><trkpt lat="35.813138" lon="127.727317"/><trkpt lat="35.813161" lon="127.727683"/><trkpt lat="35.813241" lon="127.727878"/><trkpt lat="35.813141" lon="127.728523"/><trkpt lat="35.812935" lon="127.729055"/><trkpt lat="35.812816" lon="127.729402"/><trkpt lat="35.812785" lon="127.729525"/><trkpt lat="35.812839" lon="127.729655"/><trkpt lat="35.812878" lon="127.729811"/><trkpt lat="35.813134" lon="127.729993"/><trkpt lat="35.813195" lon="127.730077"/><trkpt lat="35.813305" lon="127.730123"/><trkpt lat="35.813476" lon="127.730333"/><trkpt lat="35.813646" lon="127.730454"/><trkpt lat="35.813804" lon="127.730547"/><trkpt lat="35.813983" lon="127.730722"/><trkpt lat="35.814197" lon="127.730887"/><trkpt lat="35.814429" lon="127.731107"/><trkpt lat="35.814628" lon="127.731432"/><trkpt lat="35.81484" lon="127.731515"/><trkpt lat="35.815193" lon="127.731563"/><trkpt lat="35.815595" lon="127.731578"/><trkpt lat="35.815879" lon="127.731607"/><trkpt lat="35.816094" lon="127.73177"/><trkpt lat="35.816394" lon="127.731892"/><trkpt lat="35.816639" lon="127.732013"/><trkpt lat="35.816881" lon="127.731952"/><trkpt lat="35.81715" lon="127.731883"/><trkpt lat="35.817383" lon="127.731994"/><trkpt lat="35.817566" lon="127.732155"/><trkpt lat="35.817688" lon="127.732292"/><trkpt lat="35.81792" lon="127.732291"/><trkpt lat="35.818138" lon="127.73222"/><trkpt lat="35.818354" lon="127.732289"/><trkpt lat="35.818706" lon="127.732354"/><trkpt lat="35.818915" lon="127.732387"/><trkpt lat="35.819162" lon="127.732459"/><trkpt lat="35.819454" lon="127.732532"/><trkpt lat="35.819713" lon="127.732532"/><trkpt lat="35.820064" lon="127.732676"/><trkpt lat="35.820238" lon="127.732695"/><trkpt lat="35.820552" lon="127.732752"/><trkpt lat="35.820975" lon="127.732929"/><trkpt lat="35.821275" lon="127.73307"/><trkpt lat="35.821354" lon="127.733062"/><trkpt lat="35.82154" lon="127.733014"/><trkpt lat="35.82174" lon="127.73307"/><trkpt lat="35.821928" lon="127.733256"/><trkpt lat="35.822061" lon="127.733313"/><trkpt lat="35.822244" lon="127.733596"/><trkpt lat="35.822365" lon="127.733933"/><trkpt lat="35.822437" lon="127.734099"/><trkpt lat="35.822612" lon="127.734385"/><trkpt lat="35.822965" lon="127.734706"/><trkpt lat="35.823307" lon="127.734927"/><trkpt lat="35.823438" lon="127.735185"/><trkpt lat="35.823715" lon="127.735417"/><trkpt lat="35.823872" lon="127.73558"/><trkpt lat="35.824018" lon="127.735665"/><trkpt lat="35.824296" lon="127.735737"/><trkpt lat="35.824406" lon="127.735861"/><trkpt lat="35.824657" lon="127.736213"/><trkpt lat="35.824837" lon="127.736547"/><trkpt lat="35.824872" lon="127.736852"/><trkpt lat="35.824976" lon="127.737048"/><trkpt lat="35.825302" lon="127.73753"/><trkpt lat="35.825478" lon="127.737856"/><trkpt lat="35.825595" lon="127.737978"/><trkpt lat="35.825814" lon="127.738122"/><trkpt lat="35.826108" lon="127.738348"/><trkpt lat="35.826332" lon="127.738487"/><trkpt lat="35.826516" lon="127.738695"/><trkpt lat="35.826964" lon="127.739047"/><trkpt lat="35.827174" lon="127.739163"/><trkpt lat="35.827345" lon="127.739237"/><trkpt lat="35.827685" lon="127.739268"/><trkpt lat="35.827838" lon="127.739288"/><trkpt lat="35.828227" lon="127.739391"/><trkpt lat="35.828488" lon="127.739438"/><trkpt lat="35.82878" lon="127.739597"/><trkpt lat="35.828991" lon="127.739696"/><trkpt lat="35.829091" lon="127.73972"/><trkpt lat="35.829335" lon="127.739788"/><trkpt lat="35.829573" lon="127.739747"/><trkpt lat="35.829912" lon="127.739637"/><trkpt lat="35.830321" lon="127.73937"/><trkpt lat="35.830749" lon="127.739153"/><trkpt lat="35.831029" lon="127.738966"/><trkpt lat="35.831146" lon="127.738716"/><trkpt lat="35.831331" lon="127.738738"/><trkpt lat="35.831453" lon="127.738802"/><trkpt lat="35.831899" lon="127.73878"/><trkpt lat="35.831963" lon="127.7388"/><trkpt lat="35.832177" lon="127.738828"/><trkpt lat="35.832403" lon="127.73886"/><trkpt lat="35.832652" lon="127.738811"/><trkpt lat="35.832974" lon="127.738821"/><trkpt lat="35.833239" lon="127.738806"/><trkpt lat="35.833398" lon="127.738763"/><trkpt lat="35.83367" lon="127.738567"/><trkpt lat="35.833797" lon="127.738471"/><trkpt lat="35.834168" lon="127.738303"/><trkpt lat="35.834384" lon="127.738185"/><trkpt lat="35.834699" lon="127.738167"/><trkpt lat="35.834851" lon="127.738387"/><trkpt lat="35.835005" lon="127.738695"/><trkpt lat="35.835151" lon="127.738875"/><trkpt lat="35.835189" lon="127.739096"/><trkpt lat="35.835218" lon="127.73914"/><trkpt lat="35.835443" lon="127.739222"/><trkpt lat="35.835849" lon="127.739427"/><trkpt lat="35.836053" lon="127.739552"/><trkpt lat="35.836175" lon="127.739703"/><trkpt lat="35.836286" lon="127.739731"/><trkpt lat="35.836365" lon="127.739674"/><trkpt lat="35.836525" lon="127.739722"/><trkpt lat="35.836765" lon="127.739953"/><trkpt lat="35.836972" lon="127.740067"/><trkpt lat="35.837167" lon="127.740188"/><trkpt lat="35.8373" lon="127.740356"/><trkpt lat="35.837466" lon="127.740547"/><trkpt lat="35.837589" lon="127.740736"/><trkpt lat="35.837664" lon="127.740807"/><trkpt lat="35.837753" lon="127.740847"/><trkpt lat="35.837849" lon="127.740963"/><trkpt lat="35.837959" lon="127.741115"/><trkpt lat="35.838083" lon="127.741367"/><trkpt lat="35.838182" lon="127.741402"/><trkpt lat="35.838388" lon="127.741427"/><trkpt lat="35.838732" lon="127.741592"/><trkpt lat="35.838863" lon="127.741657"/><trkpt lat="35.839112" lon="127.741796"/><trkpt lat="35.839389" lon="127.741818"/><trkpt lat="35.839583" lon="127.741956"/><trkpt lat="35.839807" lon="127.742024"/><trkpt lat="35.840052" lon="127.74214"/><trkpt lat="35.84014" lon="127.742117"/><trkpt lat="35.840295" lon="127.742176"/><trkpt lat="35.840519" lon="127.742246"/><trkpt lat="35.840702" lon="127.742248"/><trkpt lat="35.840944" lon="127.742354"/><trkpt lat="35.841064" lon="127.742487"/><trkpt lat="35.841391" lon="127.742769"/><trkpt lat="35.841609" lon="127.742965"/><trkpt lat="35.841904" lon="127.743182"/><trkpt lat="35.842011" lon="127.743345"/><trkpt lat="35.842119" lon="127.743622"/><trkpt lat="35.842228" lon="127.743879"/><trkpt lat="35.84236" lon="127.744105"/><trkpt lat="35.842467" lon="127.744207"/><trkpt lat="35.842549" lon="127.744235"/><trkpt lat="35.842651" lon="127.744317"/><trkpt lat="35.842796" lon="127.744413"/><trkpt lat="35.842918" lon="127.744471"/><trkpt lat="35.843096" lon="127.744639"/><trkpt lat="35.843297" lon="127.744756"/><trkpt lat="35.843455" lon="127.744888"/><trkpt lat="35.843586" lon="127.744913"/><trkpt lat="35.843808" lon="127.745016"/><trkpt lat="35.843829" lon="127.745188"/><trkpt lat="35.84377" lon="127.745288"/><trkpt lat="35.843761" lon="127.745325"/><trkpt lat="35.843742" lon="127.745475"/><trkpt lat="35.843657" lon="127.745589"/><trkpt lat="35.843606" lon="127.745629"/><trkpt lat="35.843526" lon="127.745732"/><trkpt lat="35.843222" lon="127.745974"/><trkpt lat="35.843199" lon="127.746211"/><trkpt lat="35.843079" lon="127.746442"/><trkpt lat="35.843016" lon="127.746544"/><trkpt lat="35.842976" lon="127.746612"/><trkpt lat="35.842962" lon="127.746794"/><trkpt lat="35.842933" lon="127.746953"/><trkpt lat="35.84297" lon="127.747102"/><trkpt lat="35.843043" lon="127.747186"/><trkpt lat="35.843068" lon="127.747241"/><trkpt lat="35.843073" lon="127.747341"/><trkpt lat="35.843061" lon="127.747441"/><trkpt lat="35.843068" lon="127.74755"/><trkpt lat="35.843104" lon="127.747713"/><trkpt lat="35.843125" lon="127.747825"/><trkpt lat="35.843162" lon="127.747926"/><trkpt lat="35.843191" lon="127.74804"/><trkpt lat="35.84317" lon="127.74831"/><trkpt lat="35.843109" lon="127.748495"/><trkpt lat="35.84307" lon="127.748695"/><trkpt lat="35.843005" lon="127.748868"/><trkpt lat="35.842966" lon="127.749027"/><trkpt lat="35.84282" lon="127.749283"/><trkpt lat="35.84263" lon="127.749608"/><trkpt lat="35.842531" lon="127.749956"/><trkpt lat="35.842495" lon="127.750247"/><trkpt lat="35.842436" lon="127.750466"/><trkpt lat="35.842342" lon="127.750722"/><trkpt lat="35.842235" lon="127.750915"/><trkpt lat="35.842079" lon="127.751095"/><trkpt lat="35.841955" lon="127.751155"/><trkpt lat="35.841803" lon="127.751122"/><trkpt lat="35.841618" lon="127.751142"/><trkpt lat="35.841451" lon="127.751233"/><trkpt lat="35.841243" lon="127.751328"/><trkpt lat="35.841068" lon="127.751478"/><trkpt lat="35.84083" lon="127.751653"/><trkpt lat="35.840578" lon="127.751834"/><trkpt lat="35.840439" lon="127.752041"/><trkpt lat="35.840292" lon="127.752318"/><trkpt lat="35.840159" lon="127.752496"/><trkpt lat="35.840008" lon="127.75271"/><trkpt lat="35.839782" lon="127.752909"/><trkpt lat="35.839533" lon="127.753098"/><trkpt lat="35.839391" lon="127.753485"/><trkpt lat="35.839175" lon="127.753808"/><trkpt lat="35.839065" lon="127.753949"/><trkpt lat="35.838983" lon="127.75406"/><trkpt lat="35.838875" lon="127.754227"/><trkpt lat="35.838786" lon="127.754416"/><trkpt lat="35.838704" lon="127.75466"/><trkpt lat="35.838622" lon="127.754912"/><trkpt lat="35.838609" lon="127.755076"/><trkpt lat="35.838531" lon="127.755265"/><trkpt lat="35.838501" lon="127.755345"/><trkpt lat="35.838412" lon="127.755613"/><trkpt lat="35.838337" lon="127.755932"/><trkpt lat="35.838152" lon="127.756044"/><trkpt lat="35.838135" lon="127.756057"/><trkpt lat="35.838041" lon="127.756086"/><trkpt lat="35.837874" lon="127.756154"/><trkpt lat="35.837779" lon="127.756234"/><trkpt lat="35.837675" lon="127.756299"/><trkpt lat="35.837641" lon="127.756394"/><trkpt lat="35.837555" lon="127.756544"/><trkpt lat="35.837444" lon="127.756656"/><trkpt lat="35.837319" lon="127.756751"/><trkpt lat="35.837152" lon="127.756963"/><trkpt lat="35.837013" lon="127.757167"/><trkpt lat="35.83696" lon="127.757311"/><trkpt lat="35.836934" lon="127.757408"/><trkpt lat="35.836882" lon="127.757544"/><trkpt lat="35.836841" lon="127.757737"/><trkpt lat="35.836864" lon="127.757992"/><trkpt lat="35.836942" lon="127.758189"/><trkpt lat="35.836952" lon="127.758322"/><trkpt lat="35.836963" lon="127.758494"/><trkpt lat="35.836958" lon="127.758875"/><trkpt lat="35.836956" lon="127.759143"/><trkpt lat="35.837015" lon="127.759453"/><trkpt lat="35.837117" lon="127.75982"/><trkpt lat="35.837264" lon="127.760064"/><trkpt lat="35.837351" lon="127.760358"/><trkpt lat="35.837423" lon="127.760708"/><trkpt lat="35.837595" lon="127.76108"/><trkpt lat="35.837808" lon="127.761458"/><trkpt lat="35.837972" lon="127.76166"/><trkpt lat="35.838165" lon="127.762002"/><trkpt lat="35.838328" lon="127.762288"/><trkpt lat="35.838417" lon="127.762412"/><trkpt lat="35.838521" lon="127.762691"/><trkpt lat="35.838682" lon="127.762964"/><trkpt lat="35.838704" lon="127.763398"/><trkpt lat="35.838686" lon="127.763705"/><trkpt lat="35.838801" lon="127.764061"/><trkpt lat="35.838866" lon="127.764368"/><trkpt lat="35.838862" lon="127.764587"/><trkpt lat="35.838845" lon="127.764815"/><trkpt lat="35.838786" lon="127.764942"/><trkpt lat="35.838613" lon="127.765122"/><trkpt lat="35.8385" lon="127.765234"/><trkpt lat="35.838436" lon="127.765388"/><trkpt lat="35.838299" lon="127.765715"/><trkpt lat="35.838164" lon="127.765993"/><trkpt lat="35.838194" lon="127.766349"/><trkpt lat="35.838232" lon="127.766734"/><trkpt lat="35.838321" lon="127.767104"/><trkpt lat="35.838299" lon="127.767428"/><trkpt lat="35.838315" lon="127.767783"/><trkpt lat="35.838385" lon="127.768206"/><trkpt lat="35.838417" lon="127.768519"/><trkpt lat="35.838439" lon="127.768719"/><trkpt lat="35.838511" lon="127.768934"/><trkpt lat="35.838565" lon="127.769155"/><trkpt lat="35.838734" lon="127.769509"/><trkpt lat="35.838803" lon="127.769838"/><trkpt lat="35.838875" lon="127.770077"/><trkpt lat="35.838961" lon="127.770333"/><trkpt lat="35.838975" lon="127.770631"/><trkpt lat="35.839013" lon="127.770748"/><trkpt lat="35.838997" lon="127.770871"/><trkpt lat="35.839039" lon="127.771042"/><trkpt lat="35.839058" lon="127.771191"/><trkpt lat="35.839124" lon="127.771536"/><trkpt lat="35.839238" lon="127.771816"/><trkpt lat="35.839314" lon="127.771981"/><trkpt lat="35.839424" lon="127.772213"/><trkpt lat="35.839478" lon="127.772296"/><trkpt lat="35.839541" lon="127.772497"/><trkpt lat="35.839605" lon="127.772664"/><trkpt lat="35.839654" lon="127.77284"/><trkpt lat="35.839726" lon="127.772813"/><trkpt lat="35.83992" lon="127.772961"/><trkpt lat="35.840101" lon="127.773199"/><trkpt lat="35.84028" lon="127.773318"/><trkpt lat="35.840485" lon="127.773519"/><trkpt lat="35.840801" lon="127.773832"/><trkpt lat="35.841072" lon="127.774127"/><trkpt lat="35.841384" lon="127.77447"/><trkpt lat="35.841657" lon="127.774608"/><trkpt lat="35.842099" lon="127.775026"/><trkpt lat="35.842237" lon="127.775155"/><trkpt lat="35.842409" lon="127.775343"/><trkpt lat="35.842603" lon="127.775656"/><trkpt lat="35.842744" lon="127.776169"/><trkpt lat="35.842814" lon="127.77638"/><trkpt lat="35.842822" lon="127.776712"/><trkpt lat="35.842876" lon="127.77687"/><trkpt lat="35.843107" lon="127.776842"/><trkpt lat="35.843214" lon="127.776907"/><trkpt lat="35.843468" lon="127.7771"/><trkpt lat="35.843841" lon="127.777407"/><trkpt lat="35.844212" lon="127.777678"/><trkpt lat="35.844526" lon="127.777804"/><trkpt lat="35.84492" lon="127.778019"/><trkpt lat="35.845231" lon="127.778452"/><trkpt lat="35.845542" lon="127.778712"/><trkpt lat="35.84588" lon="127.77896"/><trkpt lat="35.846227" lon="127.779101"/><trkpt lat="35.846383" lon="127.77919"/><trkpt lat="35.84667" lon="127.779077"/><trkpt lat="35.846846" lon="127.778924"/><trkpt lat="35.847131" lon="127.778976"/><trkpt lat="35.847304" lon="127.779223"/><trkpt lat="35.847525" lon="127.779436"/><trkpt lat="35.847594" lon="127.779491"/><trkpt lat="35.847731" lon="127.779647"/><trkpt lat="35.847903" lon="127.779845"/><trkpt lat="35.84798" lon="127.779972"/><trkpt lat="35.848119" lon="127.780105"/><trkpt lat="35.848176" lon="127.780106"/><trkpt lat="35.848287" lon="127.780191"/><trkpt lat="35.848384" lon="127.780325"/><trkpt lat="35.848424" lon="127.780449"/><trkpt lat="35.84851" lon="127.780687"/><trkpt lat="35.84874" lon="127.781116"/><trkpt lat="35.848939" lon="127.781343"/><trkpt lat="35.849096" lon="127.781525"/><trkpt lat="35.849191" lon="127.781673"/><trkpt lat="35.849251" lon="127.78188"/><trkpt lat="35.849377" lon="127.782016"/><trkpt lat="35.849461" lon="127.782208"/><trkpt lat="35.849598" lon="127.782402"/><trkpt lat="35.849676" lon="127.782534"/><trkpt lat="35.849649" lon="127.782721"/><trkpt lat="35.84962" lon="127.782929"/><trkpt lat="35.849527" lon="127.783197"/><trkpt lat="35.849387" lon="127.783377"/><trkpt lat="35.84927" lon="127.783447"/><trkpt lat="35.849227" lon="127.783578"/><trkpt lat="35.849272" lon="127.78376"/><trkpt lat="35.849266" lon="127.783869"/><trkpt lat="35.849295" lon="127.783979"/><trkpt lat="35.849323" lon="127.784047"/><trkpt lat="35.849376" lon="127.784172"/><trkpt lat="35.84945" lon="127.784397"/><trkpt lat="35.849657" lon="127.784583"/><trkpt lat="35.849809" lon="127.784683"/><trkpt lat="35.849982" lon="127.784872"/><trkpt lat="35.850116" lon="127.785046"/><trkpt lat="35.850198" lon="127.785196"/><trkpt lat="35.850276" lon="127.785332"/><trkpt lat="35.850411" lon="127.785553"/><trkpt lat="35.850562" lon="127.785791"/><trkpt lat="35.850784" lon="127.786131"/><trkpt lat="35.850848" lon="127.786293"/><trkpt lat="35.850903" lon="127.786529"/><trkpt lat="35.850905" lon="127.786659"/><trkpt lat="35.850888" lon="127.786781"/><trkpt lat="35.85099" lon="127.786721"/><trkpt lat="35.8511" lon="127.787077"/><trkpt lat="35.851287" lon="127.787283"/><trkpt lat="35.851561" lon="127.787463"/><trkpt lat="35.851713" lon="127.787678"/><trkpt lat="35.851866" lon="127.78787"/><trkpt lat="35.851916" lon="127.788063"/><trkpt lat="35.85191" lon="127.788269"/><trkpt lat="35.851898" lon="127.78846"/><trkpt lat="35.851838" lon="127.788695"/><trkpt lat="35.851811" lon="127.788941"/><trkpt lat="35.851771" lon="127.78911"/><trkpt lat="35.851705" lon="127.789329"/><trkpt lat="35.851641" lon="127.789618"/><trkpt lat="35.851671" lon="127.789808"/><trkpt lat="35.851652" lon="127.790099"/><trkpt lat="35.851644" lon="127.790379"/><trkpt lat="35.851729" lon="127.790511"/><trkpt lat="35.851832" lon="127.790681"/><trkpt lat="35.851865" lon="127.790776"/><trkpt lat="35.851891" lon="127.791002"/><trkpt lat="35.851764" lon="127.791175"/><trkpt lat="35.85177" lon="127.79149"/><trkpt lat="35.851777" lon="127.791787"/><trkpt lat="35.851805" lon="127.792028"/><trkpt lat="35.851883" lon="127.792295"/><trkpt lat="35.851941" lon="127.792482"/><trkpt lat="35.851997" lon="127.792713"/><trkpt lat="35.852054" lon="127.792836"/><trkpt lat="35.852119" lon="127.79296"/><trkpt lat="35.852208" lon="127.793093"/><trkpt lat="35.852284" lon="127.793209"/><trkpt lat="35.852356" lon="127.793339"/><trkpt lat="35.852381" lon="127.793319"/><trkpt lat="35.852462" lon="127.793306"/><trkpt lat="35.852625" lon="127.793537"/><trkpt lat="35.852735" lon="127.793694"/><trkpt lat="35.852877" lon="127.793851"/><trkpt lat="35.85298" lon="127.793976"/><trkpt lat="35.853034" lon="127.794132"/><trkpt lat="35.853076" lon="127.794321"/><trkpt lat="35.853102" lon="127.794532"/><trkpt lat="35.853131" lon="127.794906"/><trkpt lat="35.853267" lon="127.795237"/><trkpt lat="35.853473" lon="127.795594"/><trkpt lat="35.853561" lon="127.795871"/><trkpt lat="35.853581" lon="127.796163"/><trkpt lat="35.853623" lon="127.796528"/><trkpt lat="35.853593" lon="127.796965"/><trkpt lat="35.853599" lon="127.797204"/><trkpt lat="35.853929" lon="127.797547"/><trkpt lat="35.854059" lon="127.797772"/><trkpt lat="35.854083" lon="127.798175"/><trkpt lat="35.85402" lon="127.798381"/><trkpt lat="35.854013" lon="127.798519"/><trkpt lat="35.853998" lon="127.798711"/><trkpt lat="35.854018" lon="127.799068"/><trkpt lat="35.854183" lon="127.799417"/><trkpt lat="35.854464" lon="127.79963"/><trkpt lat="35.854663" lon="127.79992"/><trkpt lat="35.854859" lon="127.800235"/><trkpt lat="35.85502" lon="127.800438"/><trkpt lat="35.855159" lon="127.800629"/><trkpt lat="35.855235" lon="127.800794"/><trkpt lat="35.8553" lon="127.800919"/><trkpt lat="35.855345" lon="127.801035"/><trkpt lat="35.855511" lon="127.801517"/><trkpt lat="35.855603" lon="127.801958"/><trkpt lat="35.855675" lon="127.802055"/><trkpt lat="35.855784" lon="127.802206"/><trkpt lat="35.856016" lon="127.802527"/><trkpt lat="35.856063" lon="127.802542"/><trkpt lat="35.856268" lon="127.802683"/><trkpt lat="35.856506" lon="127.802935"/><trkpt lat="35.856781" lon="127.803211"/><trkpt lat="35.856914" lon="127.803411"/><trkpt lat="35.857032" lon="127.803613"/><trkpt lat="35.857153" lon="127.80375"/><trkpt lat="35.857257" lon="127.803969"/><trkpt lat="35.857215" lon="127.80404"/><trkpt lat="35.857082" lon="127.804265"/><trkpt lat="35.856966" lon="127.804445"/><trkpt lat="35.856803" lon="127.804615"/><trkpt lat="35.856677" lon="127.804832"/><trkpt lat="35.856564" lon="127.805029"/><trkpt lat="35.856462" lon="127.805326"/><trkpt lat="35.85642" lon="127.805686"/><trkpt lat="35.856321" lon="127.805869"/><trkpt lat="35.856251" lon="127.805979"/><trkpt lat="35.856162" lon="127.806113"/><trkpt lat="35.855987" lon="127.806377"/><trkpt lat="35.855708" lon="127.806579"/><trkpt lat="35.855622" lon="127.806657"/><trkpt lat="35.855387" lon="127.806757"/><trkpt lat="35.855192" lon="127.806875"/><trkpt lat="35.855108" lon="127.807025"/><trkpt lat="35.854992" lon="127.807146"/><trkpt lat="35.854812" lon="127.807371"/><trkpt lat="35.854697" lon="127.807463"/><trkpt lat="35.854621" lon="127.807515"/><trkpt lat="35.854557" lon="127.807561"/><trkpt lat="35.854433" lon="127.807672"/><trkpt lat="35.854238" lon="127.807779"/><trkpt lat="35.854047" lon="127.807947"/><trkpt lat="35.853796" lon="127.808085"/><trkpt lat="35.853554" lon="127.808158"/><trkpt lat="35.853547" lon="127.808448"/><trkpt lat="35.853427" lon="127.80869"/><trkpt lat="35.853406" lon="127.809131"/><trkpt lat="35.853397" lon="127.809579"/><trkpt lat="35.853365" lon="127.809869"/><trkpt lat="35.853277" lon="127.810043"/><trkpt lat="35.853212" lon="127.810167"/><trkpt lat="35.853123" lon="127.81035"/><trkpt lat="35.853028" lon="127.810586"/><trkpt lat="35.852977" lon="127.810727"/><trkpt lat="35.852927" lon="127.810919"/><trkpt lat="35.852919" lon="127.811029"/><trkpt lat="35.852816" lon="127.811274"/><trkpt lat="35.852723" lon="127.811682"/><trkpt lat="35.852681" lon="127.811916"/><trkpt lat="35.852704" lon="127.81227"/><trkpt lat="35.852745" lon="127.812587"/><trkpt lat="35.852723" lon="127.812674"/><trkpt lat="35.85272" lon="127.812798"/><trkpt lat="35.852709" lon="127.813027"/></trkseg>
<trkseg><trkpt lat="35.852709" lon="127.813027"/><trkpt lat="35.852807" lon="127.813132"/><trkpt lat="35.852991" lon="127.813315"/><trkpt lat="35.853122" lon="127.813397"/><trkpt lat="35.853199" lon="127.813421"/><trkpt lat="35.853396" lon="127.813381"/><trkpt lat="35.853535" lon="127.81334"/><trkpt lat="35.853716" lon="127.81342"/><trkpt lat="35.853833" lon="127.813439"/><trkpt lat="35.853968" lon="127.813395"/><trkpt lat="35.854073" lon="127.813375"/><trkpt lat="35.854223" lon="127.81337"/><trkpt lat="35.85438" lon="127.81338"/><trkpt lat="35.854617" lon="127.813367"/><trkpt lat="35.854907" lon="127.813394"/><trkpt lat="35.855061" lon="127.813388"/><trkpt lat="35.855212" lon="127.813414"/><trkpt lat="35.855314" lon="127.813446"/><trkpt lat="35.855425" lon="127.813391"/><trkpt lat="35.855557" lon="127.813332"/><trkpt lat="35.855739" lon="127.813344"/><trkpt lat="35.855899" lon="127.813307"/><trkpt lat="35.856083" lon="127.813488"/><trkpt lat="35.856295" lon="127.813737"/><trkpt lat="35.856456" lon="127.813931"/><trkpt lat="35.856533" lon="127.814025"/><trkpt lat="35.856578" lon="127.814114"/><trkpt lat="35.856645" lon="127.814201"/><trkpt lat="35.856702" lon="127.814302"/><trkpt lat="35.856749" lon="127.81443"/><trkpt lat="35.85689" lon="127.814658"/><trkpt lat="35.85706" lon="127.814757"/><trkpt lat="35.857208" lon="127.814924"/><trkpt lat="35.857348" lon="127.815276"/><trkpt lat="35.857503" lon="127.815551"/><trkpt lat="35.857685" lon="127.815789"/><trkpt lat="35.857782" lon="127.815989"/><trkpt lat="35.857896" lon="127.816232"/><trkpt lat="35.857927" lon="127.816324"/><trkpt lat="35.858108" lon="127.816349"/><trkpt lat="35.85837" lon="127.816389"/><trkpt lat="35.858646" lon="127.816585"/><trkpt lat="35.858801" lon="127.816894"/><trkpt lat="35.858903" lon="127.817166"/><trkpt lat="35.859007" lon="127.817516"/><trkpt lat="35.85905" lon="127.817664"/><trkpt lat="35.859174" lon="127.818002"/><trkpt lat="35.859227" lon="127.818189"/><trkpt lat="35.859229" lon="127.818438"/><trkpt lat="35.859243" lon="127.818735"/><trkpt lat="35.859261" lon="127.819046"/><trkpt lat="35.859303" lon="127.819441"/><trkpt lat="35.859231" lon="127.819612"/><trkpt lat="35.859223" lon="127.819802"/><trkpt lat="35.859508" lon="127.819905"/><trkpt lat="35.859708" lon="127.819896"/><trkpt lat="35.859876" lon="127.819809"/><trkpt lat="35.860317" lon="127.819642"/><trkpt lat="35.860582" lon="127.819571"/><trkpt lat="35.860945" lon="127.819494"/><trkpt lat="35.861209" lon="127.819333"/><trkpt lat="35.861225" lon="127.819144"/><trkpt lat="35.861279" lon="127.819037"/><trkpt lat="35.861357" lon="127.818973"/><trkpt lat="35.861503" lon="127.818889"/><trkpt lat="35.861607" lon="127.818826"/><trkpt lat="35.861725" lon="127.818799"/><trkpt lat="35.861786" lon="127.818776"/><trkpt lat="35.861893" lon="127.818911"/><trkpt lat="35.86197" lon="127.81898"/><trkpt lat="35.862041" lon="127.819061"/><trkpt lat="35.862124" lon="127.819137"/><trkpt lat="35.862182" lon="127.819199"/><trkpt lat="35.862258" lon="127.819284"/><trkpt lat="35.862334" lon="127.819426"/><trkpt lat="35.862374" lon="127.81946"/><trkpt lat="35.862458" lon="127.819506"/><trkpt lat="35.862728" lon="127.81966"/><trkpt lat="35.862834" lon="127.819733"/><trkpt lat="35.862905" lon="127.819826"/><trkpt lat="35.863106" lon="127.820013"/><trkpt lat="35.863371" lon="127.82008"/><trkpt lat="35.863638" lon="127.820198"/><trkpt lat="35.863986" lon="127.820284"/><trkpt lat="35.864192" lon="127.82029"/><trkpt lat="35.864304" lon="127.820342"/><trkpt lat="35.864348" lon="127.820402"/><trkpt lat="35.864446" lon="127.82053"/><trkpt lat="35.864571" lon="127.820648"/><trkpt lat="35.86472" lon="127.820796"/><trkpt lat="35.864913" lon="127.820879"/><trkpt lat="35.865004" lon="127.82096"/><trkpt lat="35.865136" lon="127.82106"/><trkpt lat="35.865291" lon="127.821077"/><trkpt lat="35.865445" lon="127.821175"/><trkpt lat="35.865648" lon="127.821389"/><trkpt lat="35.865931" lon="127.821603"/><trkpt lat="35.86615" lon="127.821708"/><trkpt lat="35.866282" lon="127.821873"/><trkpt lat="35.866365" lon="127.821961"/><trkpt lat="35.866514" lon="127.822102"/><trkpt lat="35.866654" lon="127.822279"/><trkpt lat="35.866773" lon="127.822525"/><trkpt lat="35.866952" lon="127.822726"/><trkpt lat="35.86705" lon="127.822967"/><trkpt lat="35.867178" lon="127.823249"/><trkpt lat="35.867317" lon="127.823488"/><trkpt lat="35.867485" lon="127.823766"/><trkpt lat="35.867593" lon="127.824044"/><trkpt lat="35.867881" lon="127.824443"/><trkpt lat="35.868168" lon="127.824728"/><trkpt lat="35.868478" lon="127.825025"/><trkpt lat="35.868672" lon="127.82539"/><trkpt lat="35.868715" lon="127.825749"/><trkpt lat="35.868705" lon="127.826083"/><trkpt lat="35.868701" lon="127.826504"/><trkpt lat="35.868568" lon="127.826813"/><trkpt lat="35.868481" lon="127.826912"/><trkpt lat="35.868389" lon="127.827046"/><trkpt lat="35.86822" lon="127.826977"/><trkpt lat="35.867901" lon="127.827028"/><trkpt lat="35.867859" lon="127.827191"/><trkpt lat="35.867731" lon="127.827364"/><trkpt lat="35.867587" lon="127.827526"/><trkpt lat="35.867451" lon="127.827525"/><trkpt lat="35.867347" lon="127.827353"/><trkpt lat="35.867305" lon="127.82742"/><trkpt lat="35.867326" lon="127.827555"/><trkpt lat="35.867494" lon="127.827846"/><trkpt lat="35.867961" lon="127.828812"/><trkpt lat="35.868118" lon="127.82895"/><trkpt lat="35.868195" lon="127.828889"/><trkpt lat="35.868264" lon="127.828811"/><trkpt lat="35.86837" lon="127.828722"/><trkpt lat="35.868464" lon="127.828651"/><trkpt lat="35.868554" lon="127.828539"/><trkpt lat="35.868602" lon="127.828354"/><trkpt lat="35.868704" lon="127.828152"/><trkpt lat="35.868756" lon="127.828169"/><trkpt lat="35.868855" lon="127.828253"/><trkpt lat="35.868949" lon="127.828374"/><trkpt lat="35.869008" lon="127.828472"/><trkpt lat="35.869099" lon="127.828536"/><trkpt lat="35.869198" lon="127.828675"/><trkpt lat="35.869306" lon="127.828763"/><trkpt lat="35.869383" lon="127.828901"/><trkpt lat="35.869446" lon="127.829061"/><trkpt lat="35.869541" lon="127.829217"/><trkpt lat="35.869641" lon="127.829476"/><trkpt lat="35.869765" lon="127.829894"/><trkpt lat="35.86991" lon="127.830161"/><trkpt lat="35.869994" lon="127.830359"/><trkpt lat="35.870027" lon="127.830605"/><trkpt lat="35.869979" lon="127.830845"/><trkpt lat="35.869944" lon="127.830961"/><trkpt lat="35.869881" lon="127.831168"/><trkpt lat="35.869872" lon="127.831465"/><trkpt lat="35.8699" lon="127.831756"/><trkpt lat="35.869814" lon="127.831981"/><trkpt lat="35.869741" lon="127.832131"/><trkpt lat="35.869651" lon="127.832279"/><trkpt lat="35.869355" lon="127.832648"/><trkpt lat="35.868992" lon="127.833025"/><trkpt lat="35.868661" lon="127.833371"/><trkpt lat="35.868363" lon="127.8336"/><trkpt lat="35.868192" lon="127.834082"/><trkpt lat="35.868042" lon="127.834609"/><trkpt lat="35.867898" lon="127.835102"/><trkpt lat="35.867864" lon="127.835604"/><trkpt lat="35.867984" lon="127.836011"/><trkpt lat="35.868089" lon="127.836426"/><trkpt lat="35.868072" lon="127.836874"/><trkpt lat="35.867921" lon="127.837055"/><trkpt lat="35.867769" lon="127.837442"/><trkpt lat="35.867669" lon="127.837845"/><trkpt lat="35.867589" lon="127.838089"/><trkpt lat="35.86753" lon="127.838511"/><trkpt lat="35.867426" lon="127.839016"/><trkpt lat="35.8673" lon="127.839497"/><trkpt lat="35.867095" lon="127.839791"/><trkpt lat="35.866992" lon="127.840224"/><trkpt lat="35.866932" lon="127.840682"/><trkpt lat="35.866703" lon="127.840976"/><trkpt lat="35.866335" lon="127.841057"/><trkpt lat="35.86618" lon="127.841205"/><trkpt lat="35.866281" lon="127.841332"/><trkpt lat="35.866365" lon="127.841515"/><trkpt lat="35.86651" lon="127.841568"/><trkpt lat="35.867021" lon="127.841761"/><trkpt lat="35.867355" lon="127.841922"/><trkpt lat="35.867555" lon="127.842099"/><trkpt lat="35.867687" lon="127.842186"/><trkpt lat="35.86797" lon="127.842413"/><trkpt lat="35.868225" lon="127.842735"/><trkpt lat="35.868435" lon="127.843009"/><trkpt lat="35.868647" lon="127.843196"/><trkpt lat="35.868875" lon="127.84335"/><trkpt lat="35.869002" lon="127.843518"/><trkpt lat="35.86916" lon="127.843828"/><trkpt lat="35.869343" lon="127.844103"/><trkpt lat="35.869439" lon="127.844245"/><trkpt lat="35.869685" lon="127.844485"/><trkpt lat="35.869911" lon="127.844599"/><trkpt lat="35.870072" lon="127.844549"/><trkpt lat="35.870205" lon="127.844533"/><trkpt lat="35.870355" lon="127.844466"/><trkpt lat="35.870642" lon="127.844523"/><trkpt lat="35.870689" lon="127.844571"/><trkpt lat="35.870841" lon="127.844766"/><trkpt lat="35.870921" lon="127.844866"/><trkpt lat="35.871057" lon="127.844946"/><trkpt lat="35.871343" lon="127.844811"/><trkpt lat="35.871457" lon="127.844752"/><trkpt lat="35.871704" lon="127.844709"/><trkpt lat="35.871994" lon="127.844631"/><trkpt lat="35.872299" lon="127.844666"/><trkpt lat="35.872684" lon="127.844663"/><trkpt lat="35.872998" lon="127.844811"/><trkpt lat="35.873431" lon="127.844965"/><trkpt lat="35.873728" lon="127.84494"/><trkpt lat="35.873917" lon="127.844968"/><trkpt lat="35.874189" lon="127.844906"/><trkpt lat="35.874412" lon="127.844849"/><trkpt lat="35.874704" lon="127.844763"/><trkpt lat="35.874975" lon="127.84467"/><trkpt lat="35.875031" lon="127.84466"/><trkpt lat="35.875185" lon="127.844629"/><trkpt lat="35.875315" lon="127.844581"/><trkpt lat="35.875685" lon="127.844498"/><trkpt lat="35.875907" lon="127.844724"/><trkpt lat="35.876043" lon="127.844988"/><trkpt lat="35.876177" lon="127.84527"/><trkpt lat="35.876281" lon="127.845441"/><trkpt lat="35.876396" lon="127.845537"/><trkpt lat="35.876642" lon="127.845822"/><trkpt lat="35.876958" lon="127.84605"/><trkpt lat="35.877241" lon="127.846235"/><trkpt lat="35.877376" lon="127.846305"/><trkpt lat="35.877507" lon="127.846476"/><trkpt lat="35.877625" lon="127.8466"/><trkpt lat="35.877769" lon="127.846732"/><trkpt lat="35.877911" lon="127.846854"/><trkpt lat="35.878039" lon="127.846992"/><trkpt lat="35.878153" lon="127.8472"/><trkpt lat="35.878243" lon="127.84752"/><trkpt lat="35.878374" lon="127.847849"/><trkpt lat="35.87849" lon="127.848222"/><trkpt lat="35.878521" lon="127.8484"/><trkpt lat="35.878605" lon="127.848624"/><trkpt lat="35.878687" lon="127.848844"/><trkpt lat="35.878665" lon="127.849216"/><trkpt lat="35.87868" lon="127.849369"/><trkpt lat="35.878697" lon="127.849576"/><trkpt lat="35.878773" lon="127.849734"/><trkpt lat="35.878876" lon="127.849843"/><trkpt lat="35.879118" lon="127.85007"/><trkpt lat="35.87938" lon="127.850234"/><trkpt lat="35.879458" lon="127.850515"/><trkpt lat="35.879629" lon="127.850902"/><trkpt lat="35.879753" lon="127.851032"/><trkpt lat="35.879895" lon="127.851184"/><trkpt lat="35.879995" lon="127.851354"/><trkpt lat="35.880191" lon="127.851634"/><trkpt lat="35.880311" lon="127.851831"/><trkpt lat="35.88039" lon="127.851958"/><trkpt lat="35.880418" lon="127.852155"/><trkpt lat="35.880453" lon="127.85228"/><trkpt lat="35.880524" lon="127.852466"/><trkpt lat="35.880625" lon="127.852676"/><trkpt lat="35.880787" lon="127.852764"/><trkpt lat="35.880869" lon="127.85287"/><trkpt lat="35.881107" lon="127.852913"/><trkpt lat="35.881229" lon="127.852931"/><trkpt lat="35.881463" lon="127.852881"/><trkpt lat="35.881562" lon="127.852874"/><trkpt lat="35.881865" lon="127.852785"/><trkpt lat="35.881946" lon="127.852727"/><trkpt lat="35.88229" lon="127.852613"/><trkpt lat="35.882411" lon="127.852536"/><trkpt lat="35.882565" lon="127.852474"/><trkpt lat="35.882714" lon="127.852444"/><trkpt lat="35.882932" lon="127.852447"/><trkpt lat="35.883134" lon="127.852481"/><trkpt lat="35.883283" lon="127.852589"/><trkpt lat="35.88329" lon="127.852678"/><trkpt lat="35.883333" lon="127.852763"/><trkpt lat="35.883411" lon="127.852696"/><trkpt lat="35.883439" lon="127.852679"/><trkpt lat="35.883523" lon="127.85268"/><trkpt lat="35.883583" lon="127.852681"/><trkpt lat="35.883728" lon="127.852669"/><trkpt lat="35.883784" lon="127.852659"/><trkpt lat="35.88394" lon="127.85252"/><trkpt lat="35.883999" lon="127.852486"/><trkpt lat="35.884123" lon="127.852272"/><trkpt lat="35.884315" lon="127.852027"/><trkpt lat="35.884561" lon="127.851816"/><trkpt lat="35.884694" lon="127.8516"/><trkpt lat="35.884816" lon="127.851441"/><trkpt lat="35.884972" lon="127.851383"/><trkpt lat="35.88509" lon="127.851346"/><trkpt lat="35.885174" lon="127.851246"/><trkpt lat="35.88523" lon="127.85122"/><trkpt lat="35.885286" lon="127.85116"/><trkpt lat="35.885492" lon="127.851149"/><trkpt lat="35.88564" lon="127.851126"/><trkpt lat="35.885741" lon="127.851109"/><trkpt lat="35.885915" lon="127.851191"/><trkpt lat="35.886178" lon="127.851175"/><trkpt lat="35.886449" lon="127.851233"/><trkpt lat="35.886669" lon="127.851365"/><trkpt lat="35.886768" lon="127.851281"/><trkpt lat="35.886846" lon="127.851269"/><trkpt lat="35.887016" lon="127.851357"/><trkpt lat="35.887182" lon="127.851428"/><trkpt lat="35.887333" lon="127.85134"/><trkpt lat="35.887479" lon="127.851252"/><trkpt lat="35.887599" lon="127.851204"/><trkpt lat="35.887751" lon="127.851196"/><trkpt lat="35.887886" lon="127.851139"/><trkpt lat="35.888005" lon="127.851093"/><trkpt lat="35.888135" lon="127.850867"/><trkpt lat="35.888269" lon="127.850817"/><trkpt lat="35.888352" lon="127.850816"/><trkpt lat="35.888496" lon="127.850793"/><trkpt lat="35.888584" lon="127.850859"/><trkpt lat="35.888617" lon="127.850866"/><trkpt lat="35.88876" lon="127.850861"/><trkpt lat="35.888818" lon="127.850934"/><trkpt lat="35.888922" lon="127.850872"/><trkpt lat="35.889037" lon="127.850811"/><trkpt lat="35.889069" lon="127.850751"/><trkpt lat="35.889112" lon="127.850663"/><trkpt lat="35.889205" lon="127.850554"/><trkpt lat="35.889351" lon="127.85056"/><trkpt lat="35.889402" lon="127.850631"/><trkpt lat="35.889429" lon="127.85074"/><trkpt lat="35.889461" lon="127.850822"/><trkpt lat="35.889521" lon="127.850874"/><trkpt lat="35.889557" lon="127.85097"/><trkpt lat="35.889575" lon="127.851065"/><trkpt lat="35.889591" lon="127.851201"/><trkpt lat="35.889644" lon="127.85131"/><trkpt lat="35.889661" lon="127.851414"/><trkpt lat="35.889695" lon="127.851487"/><trkpt lat="35.889716" lon="127.85159"/><trkpt lat="35.889757" lon="127.851651"/><trkpt lat="35.889819" lon="127.851738"/><trkpt lat="35.889873" lon="127.851765"/><trkpt lat="35.889876" lon="127.851843"/><trkpt lat="35.889911" lon="127.851934"/><trkpt lat="35.889954" lon="127.851988"/><trkpt lat="35.889978" lon="127.8521"/><trkpt lat="35.890028" lon="127.852207"/><trkpt lat="35.89007" lon="127.852312"/><trkpt lat="35.890127" lon="127.852407"/><trkpt lat="35.890155" lon="127.852558"/><trkpt lat="35.890168" lon="127.852659"/><trkpt lat="35.890219" lon="127.852734"/><trkpt lat="35.890254" lon="127.852935"/><trkpt lat="35.890358" lon="127.853046"/><trkpt lat="35.890438" lon="127.853118"/><trkpt lat="35.890509" lon="127.853265"/><trkpt lat="35.8905" lon="127.853511"/><trkpt lat="35.890571" lon="127.853614"/><trkpt lat="35.890712" lon="127.853751"/><trkpt lat="35.890762" lon="127.853834"/><trkpt lat="35.890765" lon="127.853906"/><trkpt lat="35.89088" lon="127.853985"/><trkpt lat="35.890973" lon="127.85407"/><trkpt lat="35.891054" lon="127.854095"/><trkpt lat="35.891136" lon="127.854163"/><trkpt lat="35.891207" lon="127.854323"/><trkpt lat="35.891156" lon="127.854499"/><trkpt lat="35.891181" lon="127.854677"/><trkpt lat="35.891156" lon="127.854813"/><trkpt lat="35.891163" lon="127.854984"/><trkpt lat="35.891212" lon="127.855132"/><trkpt lat="35.89136" lon="127.85532"/><trkpt lat="35.891492" lon="127.855483"/><trkpt lat="35.891636" lon="127.855693"/><trkpt lat="35.891741" lon="127.856029"/><trkpt lat="35.891821" lon="127.856199"/><trkpt lat="35.891805" lon="127.856348"/><trkpt lat="35.891824" lon="127.856559"/><trkpt lat="35.891826" lon="127.856755"/><trkpt lat="35.89181" lon="127.856963"/><trkpt lat="35.89183" lon="127.857128"/><trkpt lat="35.891939" lon="127.857208"/><trkpt lat="35.89202" lon="127.85737"/><trkpt lat="35.892035" lon="127.857568"/><trkpt lat="35.892096" lon="127.857823"/><trkpt lat="35.892144" lon="127.858044"/><trkpt lat="35.89227" lon="127.858214"/><trkpt lat="35.892345" lon="127.858448"/><trkpt lat="35.892325" lon="127.8586"/><trkpt lat="35.892298" lon="127.858689"/><trkpt lat="35.892257" lon="127.858898"/><trkpt lat="35.892174" lon="127.8591"/><trkpt lat="35.892133" lon="127.859299"/><trkpt lat="35.892093" lon="127.859526"/><trkpt lat="35.892122" lon="127.859788"/><trkpt lat="35.892281" lon="127.860062"/><trkpt lat="35.892414" lon="127.860237"/><trkpt lat="35.892511" lon="127.860358"/><trkpt lat="35.892628" lon="127.860445"/><trkpt lat="35.89278" lon="127.86057"/><trkpt lat="35.892933" lon="127.860775"/><trkpt lat="35.893147" lon="127.860919"/><trkpt lat="35.893301" lon="127.861181"/><trkpt lat="35.893457" lon="127.86136"/><trkpt lat="35.893604" lon="127.861496"/><trkpt lat="35.893623" lon="127.861664"/><trkpt lat="35.893831" lon="127.862215"/><trkpt lat="35.893992" lon="127.86242"/><trkpt lat="35.89418" lon="127.862657"/><trkpt lat="35.894224" lon="127.862909"/><trkpt lat="35.894344" lon="127.863095"/><trkpt lat="35.894507" lon="127.863188"/><trkpt lat="35.894658" lon="127.863294"/><trkpt lat="35.89474" lon="127.863487"/><trkpt lat="35.895017" lon="127.86374"/><trkpt lat="35.895286" lon="127.863709"/><trkpt lat="35.895381" lon="127.863622"/><trkpt lat="35.895546" lon="127.863555"/><trkpt lat="35.895689" lon="127.86364"/><trkpt lat="35.895829" lon="127.863602"/><trkpt lat="35.89601" lon="127.863621"/><trkpt lat="35.896242" lon="127.863609"/><trkpt lat="35.896559" lon="127.863707"/><trkpt lat="35.896797" lon="127.863785"/><trkpt lat="35.896872" lon="127.863917"/><trkpt lat="35.896992" lon="127.86399"/><trkpt lat="35.897135" lon="127.864119"/><trkpt lat="35.897266" lon="127.864223"/><trkpt lat="35.897329" lon="127.864473"/><trkpt lat="35.897331" lon="127.8645"/><trkpt lat="35.897564" lon="127.864759"/><trkpt lat="35.898056" lon="127.864991"/><trkpt lat="35.898269" lon="127.865193"/><trkpt lat="35.898365" lon="127.865464"/><trkpt lat="35.898523" lon="127.865731"/><trkpt lat="35.898715" lon="127.865749"/><trkpt lat="35.898814" lon="127.865393"/><trkpt lat="35.89915" lon="127.86509"/><trkpt lat="35.899386" lon="127.86518"/><trkpt lat="35.899206" lon="127.865332"/><trkpt lat="35.899118" lon="127.86541"/><trkpt lat="35.89912" lon="127.865537"/><trkpt lat="35.899135" lon="127.865744"/><trkpt lat="35.89924" lon="127.866008"/><trkpt lat="35.89927" lon="127.866366"/><trkpt lat="35.899305" lon="127.86643"/><trkpt lat="35.8994" lon="127.866574"/><trkpt lat="35.899507" lon="127.866942"/><trkpt lat="35.899561" lon="127.867333"/><trkpt lat="35.899631" lon="127.867563"/><trkpt lat="35.899772" lon="127.867802"/><trkpt lat="35.899719" lon="127.868032"/><trkpt lat="35.899759" lon="127.868144"/><trkpt lat="35.899819" lon="127.868382"/><trkpt lat="35.900032" lon="127.868575"/><trkpt lat="35.90026" lon="127.868777"/><trkpt lat="35.900393" lon="127.86891"/><trkpt lat="35.900611" lon="127.868975"/><trkpt lat="35.900791" lon="127.86917"/><trkpt lat="35.901016" lon="127.869551"/><trkpt lat="35.901124" lon="127.869699"/><trkpt lat="35.901231" lon="127.869817"/><trkpt lat="35.901285" lon="127.870026"/><trkpt lat="35.901339" lon="127.870351"/><trkpt lat="35.901406" lon="127.870598"/><trkpt lat="35.901554" lon="127.870784"/><trkpt lat="35.901878" lon="127.871276"/><trkpt lat="35.901973" lon="127.871582"/><trkpt lat="35.902247" lon="127.871751"/><trkpt lat="35.902545" lon="127.871816"/><trkpt lat="35.902618" lon="127.872072"/><trkpt lat="35.902962" lon="127.872488"/><trkpt lat="35.903614" lon="127.873626"/><trkpt lat="35.903666" lon="127.873963"/><trkpt lat="35.903926" lon="127.874237"/><trkpt lat="35.904132" lon="127.874357"/><trkpt lat="35.904326" lon="127.874482"/><trkpt lat="35.904482" lon="127.874604"/><trkpt lat="35.904639" lon="127.874594"/><trkpt lat="35.904886" lon="127.874795"/><trkpt lat="35.904979" lon="127.874735"/><trkpt lat="35.905071" lon="127.874876"/><trkpt lat="35.905251" lon="127.875106"/><trkpt lat="35.905476" lon="127.875406"/><trkpt lat="35.905696" lon="127.875598"/><trkpt lat="35.905886" lon="127.875714"/><trkpt lat="35.905977" lon="127.875907"/><trkpt lat="35.906214" lon="127.876228"/><trkpt lat="35.906421" lon="127.876564"/><trkpt lat="35.906541" lon="127.876804"/><trkpt lat="35.906729" lon="127.877067"/><trkpt lat="35.906829" lon="127.877252"/><trkpt lat="35.906982" lon="127.877471"/><trkpt lat="35.907007" lon="127.877677"/><trkpt lat="35.906988" lon="127.877823"/><trkpt lat="35.906908" lon="127.878038"/><trkpt lat="35.907102" lon="127.878254"/><trkpt lat="35.907481" lon="127.87839"/><trkpt lat="35.907675" lon="127.878644"/><trkpt lat="35.907999" lon="127.879074"/><trkpt lat="35.908072" lon="127.879317"/><trkpt lat="35.908202" lon="127.879417"/><trkpt lat="35.908345" lon="127.879456"/><trkpt lat="35.908615" lon="127.879306"/><trkpt lat="35.908739" lon="127.87935"/><trkpt lat="35.908827" lon="127.879509"/><trkpt lat="35.908892" lon="127.879633"/><trkpt lat="35.909001" lon="127.879872"/><trkpt lat="35.909068" lon="127.880029"/><trkpt lat="35.909267" lon="127.880283"/><trkpt lat="35.909373" lon="127.880436"/><trkpt lat="35.909461" lon="127.880573"/><trkpt lat="35.909612" lon="127.880752"/><trkpt lat="35.909733" lon="127.880862"/><trkpt lat="35.909879" lon="127.881019"/><trkpt lat="35.909911" lon="127.881186"/><trkpt lat="35.909996" lon="127.881319"/><trkpt lat="35.910154" lon="127.881619"/><trkpt lat="35.910294" lon="127.881793"/><trkpt lat="35.910323" lon="127.881973"/><trkpt lat="35.910308" lon="127.882155"/><trkpt lat="35.910256" lon="127.882247"/><trkpt lat="35.910269" lon="127.88236"/><trkpt lat="35.910225" lon="127.882503"/><trkpt lat="35.910172" lon="127.88262"/><trkpt lat="35.910123" lon="127.882837"/><trkpt lat="35.91002" lon="127.883029"/><trkpt lat="35.910067" lon="127.883156"/><trkpt lat="35.910064" lon="127.883297"/><trkpt lat="35.909996" lon="127.883408"/><trkpt lat="35.909991" lon="127.883684"/><trkpt lat="35.909962" lon="127.883869"/><trkpt lat="35.909915" lon="127.884086"/><trkpt lat="35.90985" lon="127.884231"/><trkpt lat="35.909854" lon="127.884411"/><trkpt lat="35.909894" lon="127.884671"/><trkpt lat="35.909835" lon="127.884973"/><trkpt lat="35.909918" lon="127.885108"/><trkpt lat="35.910195" lon="127.885232"/><trkpt lat="35.910379" lon="127.885364"/><trkpt lat="35.910489" lon="127.885544"/><trkpt lat="35.910581" lon="127.885618"/><trkpt lat="35.910594" lon="127.885799"/><trkpt lat="35.91064" lon="127.885945"/><trkpt lat="35.910618" lon="127.886066"/><trkpt lat="35.910652" lon="127.886144"/><trkpt lat="35.91069" lon="127.886194"/><trkpt lat="35.910706" lon="127.88627"/><trkpt lat="35.910728" lon="127.886373"/><trkpt lat="35.91077" lon="127.886511"/><trkpt lat="35.910842" lon="127.886629"/><trkpt lat="35.91088" lon="127.886719"/><trkpt lat="35.910917" lon="127.886811"/><trkpt lat="35.910993" lon="127.88698"/><trkpt lat="35.911051" lon="127.887068"/><trkpt lat="35.911125" lon="127.887158"/><trkpt lat="35.911216" lon="127.887214"/><trkpt lat="35.911336" lon="127.887387"/><trkpt lat="35.911404" lon="127.887527"/><trkpt lat="35.911505" lon="127.887679"/><trkpt lat="35.911579" lon="127.887716"/><trkpt lat="35.91182" lon="127.887585"/><trkpt lat="35.912143" lon="127.887533"/><trkpt lat="35.912389" lon="127.887377"/><trkpt lat="35.912505" lon="127.887341"/><trkpt lat="35.91268" lon="127.88738"/><trkpt lat="35.913032" lon="127.887345"/><trkpt lat="35.91323" lon="127.887422"/><trkpt lat="35.913373" lon="127.887507"/><trkpt lat="35.913565" lon="127.887694"/><trkpt lat="35.913765" lon="127.887705"/><trkpt lat="35.913927" lon="127.887797"/><trkpt lat="35.914107" lon="127.887921"/><trkpt lat="35.914341" lon="127.887943"/><trkpt lat="35.914539" lon="127.887949"/><trkpt lat="35.914579" lon="127.887943"/></trkseg>
<trkseg><trkpt lat="35.838827" lon="127.830463"/><trkpt lat="35.83869" lon="127.83046"/><trkpt lat="35.838424" lon="127.830568"/><trkpt lat="35.838109" lon="127.830614"/><trkpt lat="35.837861" lon="127.830712"/><trkpt lat="35.83768" lon="127.830754"/><trkpt lat="35.837483" lon="127.83084"/><trkpt lat="35.837271" lon="127.830945"/><trkpt lat="35.837058" lon="127.831058"/><trkpt lat="35.836907" lon="127.831107"/><trkpt lat="35.83676" lon="127.831102"/><trkpt lat="35.836595" lon="127.83104"/><trkpt lat="35.836491" lon="127.831194"/><trkpt lat="35.836308" lon="127.831354"/><trkpt lat="35.836054" lon="127.831527"/><trkpt lat="35.835876" lon="127.831721"/><trkpt lat="35.835693" lon="127.8318"/><trkpt lat="35.835546" lon="127.831987"/><trkpt lat="35.835465" lon="127.832224"/><trkpt lat="35.835273" lon="127.832454"/><trkpt lat="35.835114" lon="127.832586"/><trkpt lat="35.834977" lon="127.832741"/><trkpt lat="35.83482" lon="127.832998"/><trkpt lat="35.834529" lon="127.833404"/><trkpt lat="35.834411" lon="127.833602"/><trkpt lat="35.834375" lon="127.833872"/></trkseg>
<trkseg><trkpt lat="35.852709" lon="127.813027"/><trkpt lat="35.852592" lon="127.813142"/><trkpt lat="35.85245" lon="127.813251"/><trkpt lat="35.852314" lon="127.813339"/><trkpt lat="35.852177" lon="127.813442"/><trkpt lat="35.852063" lon="127.813473"/><trkpt lat="35.85197" lon="127.813518"/><trkpt lat="35.851857" lon="127.81365"/><trkpt lat="35.851598" lon="127.81382"/><trkpt lat="35.851517" lon="127.813902"/><trkpt lat="35.851256" lon="127.814134"/><trkpt lat="35.851134" lon="127.814192"/><trkpt lat="35.850966" lon="127.81425"/><trkpt lat="35.850691" lon="127.814341"/><trkpt lat="35.850482" lon="127.814507"/><trkpt lat="35.849819" lon="127.814834"/><trkpt lat="35.849579" lon="127.81483"/><trkpt lat="35.849548" lon="127.814847"/><trkpt lat="35.84917" lon="127.814788"/><trkpt lat="35.849047" lon="127.814871"/><trkpt lat="35.849019" lon="127.814905"/><trkpt lat="35.848994" lon="127.814957"/><trkpt lat="35.848901" lon="127.815026"/><trkpt lat="35.84882" lon="127.815169"/><trkpt lat="35.848638" lon="127.815742"/><trkpt lat="35.848552" lon="127.815865"/><trkpt lat="35.848508" lon="127.815941"/><trkpt lat="35.848486" lon="127.815974"/><trkpt lat="35.848452" lon="127.816034"/><trkpt lat="35.848437" lon="127.816095"/><trkpt lat="35.848454" lon="127.816242"/><trkpt lat="35.848451" lon="127.816259"/><trkpt lat="35.848434" lon="127.816283"/><trkpt lat="35.84842" lon="127.816292"/><trkpt lat="35.848413" lon="127.816301"/><trkpt lat="35.848357" lon="127.816374"/><trkpt lat="35.848206" lon="127.816582"/><trkpt lat="35.848087" lon="127.816809"/><trkpt lat="35.84807" lon="127.816896"/><trkpt lat="35.848086" lon="127.816926"/><trkpt lat="35.848106" lon="127.817005"/><trkpt lat="35.848075" lon="127.817077"/><trkpt lat="35.848012" lon="127.81716"/><trkpt lat="35.847871" lon="127.817211"/><trkpt lat="35.847787" lon="127.817202"/><trkpt lat="35.847748" lon="127.817194"/><trkpt lat="35.847666" lon="127.817187"/><trkpt lat="35.847599" lon="127.817122"/><trkpt lat="35.847507" lon="127.817169"/><trkpt lat="35.847452" lon="127.817198"/><trkpt lat="35.847395" lon="127.81732"/><trkpt lat="35.847309" lon="127.817423"/><trkpt lat="35.84709" lon="127.817578"/><trkpt lat="35.847015" lon="127.817608"/><trkpt lat="35.846911" lon="127.817665"/><trkpt lat="35.846861" lon="127.817725"/><trkpt lat="35.846774" lon="127.817779"/><trkpt lat="35.84667" lon="127.817769"/><trkpt lat="35.846621" lon="127.817834"/><trkpt lat="35.846578" lon="127.81794"/><trkpt lat="35.846439" lon="127.818099"/><trkpt lat="35.846345" lon="127.818147"/><trkpt lat="35.846213" lon="127.818236"/><trkpt lat="35.845926" lon="127.818413"/><trkpt lat="35.845714" lon="127.818582"/><trkpt lat="35.845478" lon="127.818828"/><trkpt lat="35.845259" lon="127.819256"/><trkpt lat="35.845106" lon="127.819535"/><trkpt lat="35.844735" lon="127.819705"/><trkpt lat="35.844594" lon="127.819981"/><trkpt lat="35.844518" lon="127.820215"/><trkpt lat="35.844513" lon="127.820232"/><trkpt lat="35.844481" lon="127.820251"/><trkpt lat="35.844182" lon="127.820283"/><trkpt lat="35.843886" lon="127.82042"/><trkpt lat="35.843564" lon="127.820709"/><trkpt lat="35.843385" lon="127.820966"/><trkpt lat="35.843099" lon="127.821443"/><trkpt lat="35.842844" lon="127.821612"/><trkpt lat="35.842724" lon="127.821674"/><trkpt lat="35.842591" lon="127.821851"/><trkpt lat="35.842469" lon="127.821956"/><trkpt lat="35.842305" lon="127.822015"/><trkpt lat="35.842064" lon="127.822309"/><trkpt lat="35.841977" lon="127.822625"/><trkpt lat="35.841788" lon="127.822852"/><trkpt lat="35.841765" lon="127.822897"/><trkpt lat="35.841774" lon="127.822978"/><trkpt lat="35.841879" lon="127.823236"/><trkpt lat="35.841777" lon="127.823427"/><trkpt lat="35.841723" lon="127.823573"/><trkpt lat="35.841637" lon="127.823749"/><trkpt lat="35.841508" lon="127.823904"/><trkpt lat="35.841441" lon="127.823992"/><trkpt lat="35.841402" lon="127.824056"/><trkpt lat="35.84141" lon="127.824175"/><trkpt lat="35.841391" lon="127.824318"/><trkpt lat="35.841399" lon="127.824424"/><trkpt lat="35.841346" lon="127.824522"/><trkpt lat="35.841309" lon="127.824623"/><trkpt lat="35.841326" lon="127.82476"/><trkpt lat="35.841359" lon="127.824899"/><trkpt lat="35.841339" lon="127.825054"/><trkpt lat="35.841305" lon="127.825224"/><trkpt lat="35.841297" lon="127.82543"/><trkpt lat="35.841251" lon="127.825692"/><trkpt lat="35.841231" lon="127.825824"/><trkpt lat="35.841237" lon="127.826029"/><trkpt lat="35.841241" lon="127.826139"/><trkpt lat="35.841201" lon="127.826421"/><trkpt lat="35.84106" lon="127.826647"/><trkpt lat="35.841062" lon="127.826729"/><trkpt lat="35.84114" lon="127.826826"/><trkpt lat="35.841265" lon="127.82699"/><trkpt lat="35.841452" lon="127.82719"/><trkpt lat="35.841919" lon="127.827334"/><trkpt lat="35.842053" lon="127.827294"/><trkpt lat="35.842097" lon="127.827292"/><trkpt lat="35.842034" lon="127.827588"/><trkpt lat="35.841835" lon="127.828009"/><trkpt lat="35.841527" lon="127.82807"/><trkpt lat="35.84142" lon="127.828172"/><trkpt lat="35.841209" lon="127.828311"/><trkpt lat="35.841082" lon="127.828636"/><trkpt lat="35.840989" lon="127.828788"/><trkpt lat="35.840874" lon="127.828998"/><trkpt lat="35.840682" lon="127.829317"/><trkpt lat="35.840626" lon="127.829407"/><trkpt lat="35.840581" lon="127.829537"/><trkpt lat="35.840568" lon="127.829874"/><trkpt lat="35.840385" lon="127.829954"/><trkpt lat="35.840311" lon="127.82994"/><trkpt lat="35.840145" lon="127.829982"/><trkpt lat="35.840034" lon="127.829975"/><trkpt lat="35.839886" lon="127.830016"/><trkpt lat="35.839799" lon="127.830021"/><trkpt lat="35.839638" lon="127.830074"/><trkpt lat="35.839569" lon="127.8302"/><trkpt lat="35.839422" lon="127.830389"/><trkpt lat="35.83928" lon="127.830509"/><trkpt lat="35.839082" lon="127.830525"/><trkpt lat="35.838887" lon="127.830502"/><trkpt lat="35.838827" lon="127.830463"/></trkseg>
<trkseg><trkpt lat="35.84105" lon="127.837869"/><trkpt lat="35.841071" lon="127.838027"/><trkpt lat="35.841115" lon="127.838197"/><trkpt lat="35.841177" lon="127.838435"/><trkpt lat="35.841264" lon="127.838484"/><trkpt lat="35.841358" lon="127.838511"/><trkpt lat="35.841454" lon="127.838601"/><trkpt lat="35.841498" lon="127.838764"/><trkpt lat="35.841449" lon="127.838846"/><trkpt lat="35.841445" lon="127.838976"/><trkpt lat="35.84147" lon="127.839112"/><trkpt lat="35.841496" lon="127.839252"/><trkpt lat="35.841561" lon="127.839634"/><trkpt lat="35.841731" lon="127.839983"/><trkpt lat="35.841734" lon="127.840196"/><trkpt lat="35.841502" lon="127.840359"/><trkpt lat="35.841494" lon="127.840393"/></trkseg>
<trkseg><trkpt lat="35.839414" lon="127.836729"/><trkpt lat="35.839275" lon="127.836509"/><trkpt lat="35.839016" lon="127.836248"/><trkpt lat="35.838879" lon="127.836013"/><trkpt lat="35.838749" lon="127.835869"/><trkpt lat="35.838552" lon="127.835739"/><trkpt lat="35.838345" lon="127.835675"/><trkpt lat="35.838066" lon="127.835623"/><trkpt lat="35.837787" lon="127.835494"/><trkpt lat="35.837678" lon="127.835329"/><trkpt lat="35.837528" lon="127.835211"/><trkpt lat="35.83742" lon="127.835159"/><trkpt lat="35.837305" lon="127.835082"/><trkpt lat="35.837188" lon="127.835026"/><trkpt lat="35.837089" lon="127.834917"/><trkpt lat="35.836904" lon="127.83487"/><trkpt lat="35.836774" lon="127.834768"/><trkpt lat="35.83663" lon="127.834726"/><trkpt lat="35.836504" lon="127.834687"/><trkpt lat="35.836397" lon="127.83461"/><trkpt lat="35.836243" lon="127.834522"/><trkpt lat="35.836063" lon="127.834481"/><trkpt lat="35.835852" lon="127.834394"/><trkpt lat="35.835784" lon="127.834355"/><trkpt lat="35.835689" lon="127.834347"/><trkpt lat="35.835579" lon="127.834308"/><trkpt lat="35.835481" lon="127.834308"/><trkpt lat="35.835387" lon="127.834317"/><trkpt lat="35.835247" lon="127.834314"/><trkpt lat="35.83512" lon="127.834252"/><trkpt lat="35.835036" lon="127.834183"/><trkpt lat="35.834882" lon="127.834068"/><trkpt lat="35.834687" lon="127.833981"/><trkpt lat="35.834557" lon="127.83392"/><trkpt lat="35.83445" lon="127.833899"/><trkpt lat="35.834375" lon="127.833872"/></trkseg>
<trkseg><trkpt lat="35.802617" lon="127.836123"/><trkpt lat="35.802407" lon="127.836441"/><trkpt lat="35.802177" lon="127.836714"/><trkpt lat="35.80198" lon="127.836981"/><trkpt lat="35.801842" lon="127.837362"/><trkpt lat="35.801704" lon="127.837589"/><trkpt lat="35.801356" lon="127.837631"/><trkpt lat="35.800974" lon="127.837569"/><trkpt lat="35.800553" lon="127.837628"/><trkpt lat="35.800264" lon="127.837668"/><trkpt lat="35.800077" lon="127.837717"/><trkpt lat="35.799838" lon="127.837769"/><trkpt lat="35.799724" lon="127.837758"/><trkpt lat="35.799582" lon="127.837806"/></trkseg>
<trkseg><trkpt lat="35.799582" lon="127.837806"/><trkpt lat="35.799422" lon="127.837846"/><trkpt lat="35.799117" lon="127.837971"/><trkpt lat="35.798921" lon="127.838129"/><trkpt lat="35.79867" lon="127.838137"/><trkpt lat="35.798344" lon="127.838187"/><trkpt lat="35.798082" lon="127.83831"/><trkpt lat="35.797927" lon="127.838468"/><trkpt lat="35.797805" lon="127.838636"/><trkpt lat="35.797744" lon="127.838722"/><trkpt lat="35.797634" lon="127.8389"/><trkpt lat="35.797629" lon="127.839051"/></trkseg>
<trkseg><trkpt lat="35.834375" lon="127.833872"/><trkpt lat="35.834331" lon="127.833922"/><trkpt lat="35.834232" lon="127.83399"/><trkpt lat="35.83406" lon="127.834231"/><trkpt lat="35.833946" lon="127.834379"/><trkpt lat="35.833765" lon="127.834333"/><trkpt lat="35.833289" lon="127.834354"/><trkpt lat="35.833034" lon="127.834444"/><trkpt lat="35.83282" lon="127.834284"/><trkpt lat="35.832638" lon="127.834208"/><trkpt lat="35.832495" lon="127.834008"/><trkpt lat="35.832386" lon="127.833871"/><trkpt lat="35.83217" lon="127.833575"/><trkpt lat="35.831877" lon="127.833423"/><trkpt lat="35.831802" lon="127.833162"/><trkpt lat="35.831669" lon="127.833049"/><trkpt lat="35.83149" lon="127.83287"/><trkpt lat="35.831167" lon="127.83284"/><trkpt lat="35.831073" lon="127.832623"/><trkpt lat="35.830935" lon="127.83253"/><trkpt lat="35.830749" lon="127.832373"/><trkpt lat="35.830407" lon="127.83237"/><trkpt lat="35.830213" lon="127.832364"/><trkpt lat="35.829916" lon="127.832183"/><trkpt lat="35.829598" lon="127.832113"/><trkpt lat="35.829414" lon="127.832236"/><trkpt lat="35.829176" lon="127.832288"/><trkpt lat="35.828819" lon="127.832398"/><trkpt lat="35.82857" lon="127.832427"/><trkpt lat="35.828436" lon="127.832449"/><trkpt lat="35.828191" lon="127.832459"/><trkpt lat="35.828021" lon="127.832459"/><trkpt lat="35.827808" lon="127.832432"/><trkpt lat="35.827389" lon="127.832399"/><trkpt lat="35.827122" lon="127.832327"/><trkpt lat="35.826761" lon="127.832052"/><trkpt lat="35.826474" lon="127.831848"/><trkpt lat="35.826329" lon="127.831643"/><trkpt lat="35.82612" lon="127.831361"/><trkpt lat="35.825897" lon="127.831209"/><trkpt lat="35.825698" lon="127.830997"/><trkpt lat="35.825569" lon="127.830799"/><trkpt lat="35.825387" lon="127.830711"/><trkpt lat="35.825233" lon="127.830751"/><trkpt lat="35.825083" lon="127.830751"/><trkpt lat="35.824972" lon="127.830668"/><trkpt lat="35.824842" lon="127.830588"/><trkpt lat="35.824734" lon="127.830453"/><trkpt lat="35.824708" lon="127.830341"/><trkpt lat="35.824599" lon="127.830181"/><trkpt lat="35.824364" lon="127.830047"/><trkpt lat="35.824201" lon="127.830193"/><trkpt lat="35.82398" lon="127.830472"/><trkpt lat="35.823871" lon="127.830617"/><trkpt lat="35.823721" lon="127.830933"/><trkpt lat="35.823473" lon="127.831284"/><trkpt lat="35.823309" lon="127.83157"/><trkpt lat="35.823157" lon="127.831945"/><trkpt lat="35.823043" lon="127.832242"/><trkpt lat="35.82289" lon="127.832413"/><trkpt lat="35.822642" lon="127.832684"/><trkpt lat="35.822436" lon="127.832862"/><trkpt lat="35.822051" lon="127.832947"/><trkpt lat="35.82186" lon="127.833104"/><trkpt lat="35.821671" lon="127.833301"/><trkpt lat="35.821411" lon="127.833425"/><trkpt lat="35.821238" lon="127.833332"/><trkpt lat="35.821079" lon="127.833173"/><trkpt lat="35.820807" lon="127.833202"/><trkpt lat="35.820533" lon="127.833224"/><trkpt lat="35.820229" lon="127.833189"/><trkpt lat="35.819975" lon="127.83342"/><trkpt lat="35.819799" lon="127.833538"/><trkpt lat="35.819512" lon="127.833672"/><trkpt lat="35.819389" lon="127.83376"/><trkpt lat="35.819306" lon="127.833744"/><trkpt lat="35.819084" lon="127.833716"/><trkpt lat="35.818892" lon="127.83365"/><trkpt lat="35.818562" lon="127.833592"/><trkpt lat="35.81839" lon="127.833635"/><trkpt lat="35.818178" lon="127.833823"/><trkpt lat="35.818105" lon="127.834048"/><trkpt lat="35.818051" lon="127.834312"/><trkpt lat="35.817841" lon="127.834386"/><trkpt lat="35.817658" lon="127.834453"/><trkpt lat="35.817497" lon="127.834717"/><trkpt lat="35.81734" lon="127.834892"/><trkpt lat="35.817178" lon="127.835168"/><trkpt lat="35.817039" lon="127.835319"/><trkpt lat="35.81695" lon="127.835503"/><trkpt lat="35.816797" lon="127.835778"/><trkpt lat="35.816752" lon="127.835954"/><trkpt lat="35.816652" lon="127.83624"/><trkpt lat="35.816389" lon="127.836546"/><trkpt lat="35.816247" lon="127.836678"/><trkpt lat="35.816133" lon="127.836845"/><trkpt lat="35.815958" lon="127.83701"/><trkpt lat="35.815898" lon="127.837044"/><trkpt lat="35.815768" lon="127.836929"/><trkpt lat="35.815577" lon="127.836808"/><trkpt lat="35.815448" lon="127.836712"/><trkpt lat="35.815286" lon="127.836668"/><trkpt lat="35.815071" lon="127.83653"/><trkpt lat="35.814695" lon="127.836388"/><trkpt lat="35.814455" lon="127.836118"/><trkpt lat="35.81429" lon="127.835988"/><trkpt lat="35.814199" lon="127.835931"/><trkpt lat="35.814145" lon="127.836023"/><trkpt lat="35.814064" lon="127.836028"/><trkpt lat="35.813971" lon="127.83602"/><trkpt lat="35.813714" lon="127.836004"/><trkpt lat="35.813473" lon="127.836028"/><trkpt lat="35.813225" lon="127.835984"/><trkpt lat="35.812891" lon="127.836019"/><trkpt lat="35.812674" lon="127.836051"/><trkpt lat="35.812454" lon="127.835921"/><trkpt lat="35.812292" lon="127.83578"/><trkpt lat="35.812037" lon="127.83572"/><trkpt lat="35.81176" lon="127.835609"/><trkpt lat="35.811488" lon="127.835339"/><trkpt lat="35.811205" lon="127.835233"/><trkpt lat="35.810842" lon="127.835215"/><trkpt lat="35.810454" lon="127.835163"/><trkpt lat="35.81004" lon="127.835143"/><trkpt lat="35.809858" lon="127.835184"/><trkpt lat="35.809596" lon="127.835179"/><trkpt lat="35.809486" lon="127.835124"/><trkpt lat="35.809365" lon="127.835117"/><trkpt lat="35.809192" lon="127.834998"/><trkpt lat="35.808875" lon="127.834914"/><trkpt lat="35.8086" lon="127.835031"/><trkpt lat="35.808316" lon="127.834928"/><trkpt lat="35.807974" lon="127.83487"/><trkpt lat="35.807702" lon="127.834816"/><trkpt lat="35.807408" lon="127.834824"/><trkpt lat="35.807242" lon="127.834876"/><trkpt lat="35.807041" lon="127.83473"/><trkpt lat="35.806725" lon="127.834593"/><trkpt lat="35.806371" lon="127.834446"/><trkpt lat="35.805956" lon="127.83442"/><trkpt lat="35.80582" lon="127.834401"/><trkpt lat="35.805459" lon="127.834424"/><trkpt lat="35.805061" lon="127.834436"/><trkpt lat="35.804826" lon="127.834528"/><trkpt lat="35.804595" lon="127.834551"/><trkpt lat="35.804193" lon="127.834749"/><trkpt lat="35.803799" lon="127.834996"/><trkpt lat="35.80353" lon="127.835258"/><trkpt lat="35.803367" lon="127.835479"/><trkpt lat="35.803176" lon="127.835625"/><trkpt lat="35.802923" lon="127.835782"/><trkpt lat="35.802643" lon="127.836061"/><trkpt lat="35.802617" lon="127.836123"/></trkseg>
<trkseg><trkpt lat="35.798716" lon="127.843001"/><trkpt lat="35.798707" lon="127.843312"/><trkpt lat="35.79867" lon="127.843465"/><trkpt lat="35.798603" lon="127.843715"/><trkpt lat="35.798521" lon="127.843817"/><trkpt lat="35.798483" lon="127.843942"/><trkpt lat="35.798426" lon="127.843978"/><trkpt lat="35.798282" lon="127.844059"/><trkpt lat="35.798151" lon="127.844099"/><trkpt lat="35.79793" lon="127.844227"/><trkpt lat="35.797733" lon="127.844396"/><trkpt lat="35.797581" lon="127.844554"/><trkpt lat="35.797305" lon="127.844826"/><trkpt lat="35.797172" lon="127.844947"/><trkpt lat="35.797143" lon="127.845061"/><trkpt lat="35.797098" lon="127.845103"/><trkpt lat="35.796754" lon="127.845382"/><trkpt lat="35.796558" lon="127.845546"/><trkpt lat="35.796395" lon="127.845719"/><trkpt lat="35.79621" lon="127.845832"/><trkpt lat="35.796112" lon="127.845876"/><trkpt lat="35.79607" lon="127.845915"/><trkpt lat="35.79593" lon="127.846129"/><trkpt lat="35.795845" lon="127.846264"/><trkpt lat="35.795794" lon="127.846369"/><trkpt lat="35.795766" lon="127.846418"/><trkpt lat="35.795708" lon="127.846442"/><trkpt lat="35.795616" lon="127.846455"/></trkseg>
<trkseg><trkpt lat="35.798716" lon="127.843001"/><trkpt lat="35.798622" lon="127.842762"/><trkpt lat="35.798426" lon="127.842353"/><trkpt lat="35.798215" lon="127.841961"/><trkpt lat="35.798223" lon="127.841461"/><trkpt lat="35.79814" lon="127.841119"/><trkpt lat="35.797992" lon="127.840761"/><trkpt lat="35.798005" lon="127.840277"/><trkpt lat="35.797938" lon="127.839916"/><trkpt lat="35.797779" lon="127.839728"/><trkpt lat="35.797682" lon="127.839586"/><trkpt lat="35.797676" lon="127.839436"/><trkpt lat="35.79768" lon="127.839192"/><trkpt lat="35.797629" lon="127.839051"/></trkseg>
<trkseg><trkpt lat="35.800472" lon="127.847204"/><trkpt lat="35.800399" lon="127.846728"/><trkpt lat="35.800211" lon="127.846316"/><trkpt lat="35.799961" lon="127.845948"/><trkpt lat="35.799883" lon="127.845617"/><trkpt lat="35.799762" lon="127.845283"/><trkpt lat="35.799561" lon="127.845043"/><trkpt lat="35.799453" lon="127.844874"/><trkpt lat="35.7994" lon="127.844672"/><trkpt lat="35.799279" lon="127.84442"/><trkpt lat="35.798949" lon="127.844048"/><trkpt lat="35.798881" lon="127.843594"/><trkpt lat="35.79887" lon="127.843215"/><trkpt lat="35.798716" lon="127.843001"/></trkseg>
<trkseg><trkpt lat="35.800886" lon="127.85326"/><trkpt lat="35.800765" lon="127.853016"/><trkpt lat="35.80072" lon="127.852888"/><trkpt lat="35.800722" lon="127.852425"/><trkpt lat="35.800619" lon="127.851997"/><trkpt lat="35.8006" lon="127.851595"/><trkpt lat="35.800618" lon="127.851398"/><trkpt lat="35.800604" lon="127.851149"/><trkpt lat="35.800623" lon="127.850839"/><trkpt lat="35.800665" lon="127.850588"/><trkpt lat="35.800638" lon="127.85039"/><trkpt lat="35.800701" lon="127.850054"/><trkpt lat="35.800681" lon="127.849621"/><trkpt lat="35.800713" lon="127.849106"/><trkpt lat="35.800616" lon="127.848639"/><trkpt lat="35.800522" lon="127.848204"/><trkpt lat="35.800463" lon="127.847814"/><trkpt lat="35.800452" lon="127.847433"/><trkpt lat="35.800472" lon="127.847204"/></trkseg>
<trkseg><trkpt lat="35.801212" lon="127.853624"/><trkpt lat="35.801185" lon="127.853542"/><trkpt lat="35.801116" lon="127.853429"/><trkpt lat="35.801048" lon="127.8534"/><trkpt lat="35.800996" lon="127.853317"/><trkpt lat="35.800886" lon="127.85326"/></trkseg>
<trkseg><trkpt lat="35.76265" lon="127.837779"/><trkpt lat="35.762598" lon="127.837867"/><trkpt lat="35.762488" lon="127.837885"/><trkpt lat="35.762349" lon="127.837852"/><trkpt lat="35.760894" lon="127.837114"/><trkpt lat="35.760565" lon="127.83701"/><trkpt lat="35.760221" lon="127.837007"/><trkpt lat="35.760115" lon="127.83684"/><trkpt lat="35.760054" lon="127.836545"/><trkpt lat="35.759986" lon="127.835888"/><trkpt lat="35.75974" lon="127.835353"/><trkpt lat="35.75965" lon="127.83503"/></trkseg>
<trkseg><trkpt lat="35.795616" lon="127.846455"/><trkpt lat="35.795489" lon="127.846385"/><trkpt lat="35.795343" lon="127.846158"/><trkpt lat="35.795286" lon="127.846034"/><trkpt lat="35.795045" lon="127.845788"/><trkpt lat="35.794928" lon="127.845588"/><trkpt lat="35.794706" lon="127.845438"/><trkpt lat="35.794531" lon="127.845282"/><trkpt lat="35.794261" lon="127.845045"/><trkpt lat="35.793839" lon="127.844643"/><trkpt lat="35.793743" lon="127.84455"/><trkpt lat="35.793443" lon="127.844194"/><trkpt lat="35.793308" lon="127.844095"/><trkpt lat="35.793007" lon="127.843858"/><trkpt lat="35.792868" lon="127.843733"/><trkpt lat="35.792579" lon="127.843634"/><trkpt lat="35.792504" lon="127.843539"/><trkpt lat="35.79246" lon="127.843574"/><trkpt lat="35.792404" lon="127.843676"/><trkpt lat="35.792111" lon="127.843752"/><trkpt lat="35.791947" lon="127.843681"/><trkpt lat="35.791419" lon="127.843435"/><trkpt lat="35.791311" lon="127.843368"/><trkpt lat="35.791157" lon="127.843311"/><trkpt lat="35.791046" lon="127.84326"/><trkpt lat="35.790873" lon="127.843133"/><trkpt lat="35.790684" lon="127.842963"/><trkpt lat="35.790559" lon="127.842878"/><trkpt lat="35.790224" lon="127.84276"/><trkpt lat="35.790079" lon="127.842739"/><trkpt lat="35.78996" lon="127.84269"/><trkpt lat="35.789707" lon="127.842681"/><trkpt lat="35.789038" lon="127.842471"/><trkpt lat="35.788767" lon="127.842333"/><trkpt lat="35.788642" lon="127.842302"/><trkpt lat="35.788573" lon="127.842398"/><trkpt lat="35.788367" lon="127.842449"/><trkpt lat="35.788198" lon="127.842416"/><trkpt lat="35.787971" lon="127.842041"/><trkpt lat="35.787737" lon="127.841805"/><trkpt lat="35.787439" lon="127.841568"/><trkpt lat="35.787241" lon="127.841346"/><trkpt lat="35.787031" lon="127.841216"/><trkpt lat="35.786726" lon="127.841135"/><trkpt lat="35.786165" lon="127.840986"/><trkpt lat="35.785942" lon="127.840873"/><trkpt lat="35.785648" lon="127.840897"/><trkpt lat="35.785544" lon="127.840899"/><trkpt lat="35.785362" lon="127.840892"/><trkpt lat="35.785189" lon="127.840803"/><trkpt lat="35.785053" lon="127.840722"/><trkpt lat="35.78492" lon="127.840679"/><trkpt lat="35.784582" lon="127.840535"/><trkpt lat="35.784255" lon="127.840497"/><trkpt lat="35.784118" lon="127.84049"/><trkpt lat="35.783993" lon="127.840489"/><trkpt lat="35.783792" lon="127.840411"/><trkpt lat="35.783484" lon="127.840358"/><trkpt lat="35.783321" lon="127.840343"/><trkpt lat="35.78305" lon="127.840381"/><trkpt lat="35.7824" lon="127.840174"/><trkpt lat="35.78206" lon="127.839917"/><trkpt lat="35.781697" lon="127.839848"/><trkpt lat="35.781552" lon="127.839824"/><trkpt lat="35.781368" lon="127.839782"/><trkpt lat="35.781116" lon="127.839706"/><trkpt lat="35.781005" lon="127.839669"/><trkpt lat="35.780612" lon="127.839494"/><trkpt lat="35.780308" lon="127.839371"/><trkpt lat="35.780247" lon="127.839376"/><trkpt lat="35.779738" lon="127.839405"/><trkpt lat="35.779457" lon="127.839298"/><trkpt lat="35.779284" lon="127.839176"/><trkpt lat="35.778991" lon="127.83912"/><trkpt lat="35.778581" lon="127.839022"/><trkpt lat="35.778307" lon="127.838877"/><trkpt lat="35.778068" lon="127.838719"/><trkpt lat="35.777755" lon="127.838576"/><trkpt lat="35.777467" lon="127.838404"/><trkpt lat="35.777121" lon="127.838128"/><trkpt lat="35.77683" lon="127.83806"/><trkpt lat="35.776467" lon="127.838"/><trkpt lat="35.776345" lon="127.838044"/><trkpt lat="35.776152" lon="127.838151"/><trkpt lat="35.775994" lon="127.838162"/><trkpt lat="35.775798" lon="127.838165"/><trkpt lat="35.775613" lon="127.838017"/><trkpt lat="35.775408" lon="127.837776"/><trkpt lat="35.775259" lon="127.837746"/><trkpt lat="35.775035" lon="127.83773"/><trkpt lat="35.774814" lon="127.837574"/><trkpt lat="35.774506" lon="127.83765"/><trkpt lat="35.774066" lon="127.837674"/><trkpt lat="35.773818" lon="127.837562"/><trkpt lat="35.773662" lon="127.837441"/><trkpt lat="35.773497" lon="127.837354"/><trkpt lat="35.773421" lon="127.837117"/><trkpt lat="35.773295" lon="127.837012"/><trkpt lat="35.773046" lon="127.837197"/><trkpt lat="35.772851" lon="127.837244"/><trkpt lat="35.772661" lon="127.837257"/><trkpt lat="35.772372" lon="127.837276"/><trkpt lat="35.772299" lon="127.837126"/><trkpt lat="35.772213" lon="127.837041"/><trkpt lat="35.772105" lon="127.837132"/><trkpt lat="35.771923" lon="127.837256"/><trkpt lat="35.771729" lon="127.837195"/><trkpt lat="35.771462" lon="127.837016"/><trkpt lat="35.771144" lon="127.837011"/><trkpt lat="35.770766" lon="127.836936"/><trkpt lat="35.770396" lon="127.836795"/><trkpt lat="35.770184" lon="127.836743"/><trkpt lat="35.770027" lon="127.836739"/><trkpt lat="35.769893" lon="127.836802"/><trkpt lat="35.769685" lon="127.836841"/><trkpt lat="35.769553" lon="127.836739"/><trkpt lat="35.769233" lon="127.836353"/><trkpt lat="35.768693" lon="127.835893"/><trkpt lat="35.768477" lon="127.835737"/><trkpt lat="35.768046" lon="127.835659"/><trkpt lat="35.767623" lon="127.835571"/><trkpt lat="35.767442" lon="127.835636"/><trkpt lat="35.767237" lon="127.83582"/><trkpt lat="35.767056" lon="127.835855"/><trkpt lat="35.766746" lon="127.835843"/><trkpt lat="35.766535" lon="127.835788"/><trkpt lat="35.76603" lon="127.835563"/><trkpt lat="35.765325" lon="127.835319"/><trkpt lat="35.765206" lon="127.835151"/><trkpt lat="35.764835" lon="127.834804"/><trkpt lat="35.76449" lon="127.834668"/><trkpt lat="35.764112" lon="127.834881"/><trkpt lat="35.763965" lon="127.835094"/><trkpt lat="35.763635" lon="127.835544"/><trkpt lat="35.763338" lon="127.835821"/><trkpt lat="35.76316" lon="127.836001"/><trkpt lat="35.762505" lon="127.837045"/><trkpt lat="35.762456" lon="127.837254"/><trkpt lat="35.762628" lon="127.837682"/><trkpt lat="35.76265" lon="127.837779"/></trkseg>
<trkseg><trkpt lat="35.772134" lon="127.859188"/><trkpt lat="35.771746" lon="127.859217"/><trkpt lat="35.771492" lon="127.859249"/><trkpt lat="35.770985" lon="127.859279"/><trkpt lat="35.770605" lon="127.859351"/><trkpt lat="35.769998" lon="127.859413"/><trkpt lat="35.769357" lon="127.859387"/><trkpt lat="35.768918" lon="127.859474"/><trkpt lat="35.76856" lon="127.859551"/><trkpt lat="35.768118" lon="127.859656"/><trkpt lat="35.767574" lon="127.859777"/><trkpt lat="35.767238" lon="127.859788"/><trkpt lat="35.767063" lon="127.859918"/><trkpt lat="35.767195" lon="127.86048"/><trkpt lat="35.767053" lon="127.860782"/><trkpt lat="35.766418" lon="127.861138"/><trkpt lat="35.766276" lon="127.861194"/></trkseg>
<trkseg><trkpt lat="35.781079" lon="127.856365"/><trkpt lat="35.781096" lon="127.856711"/><trkpt lat="35.780815" lon="127.856918"/><trkpt lat="35.780549" lon="127.857237"/><trkpt lat="35.780477" lon="127.857473"/><trkpt lat="35.780469" lon="127.857808"/><trkpt lat="35.780093" lon="127.857978"/><trkpt lat="35.779752" lon="127.857901"/><trkpt lat="35.779519" lon="127.857776"/><trkpt lat="35.779223" lon="127.857322"/><trkpt lat="35.778908" lon="127.857178"/><trkpt lat="35.778422" lon="127.856971"/><trkpt lat="35.778013" lon="127.856866"/><trkpt lat="35.777669" lon="127.856961"/><trkpt lat="35.777194" lon="127.857476"/><trkpt lat="35.776944" lon="127.857674"/><trkpt lat="35.776549" lon="127.85764"/><trkpt lat="35.7763" lon="127.857836"/><trkpt lat="35.776033" lon="127.85814"/><trkpt lat="35.775776" lon="127.858067"/><trkpt lat="35.775523" lon="127.857741"/><trkpt lat="35.775285" lon="127.857663"/><trkpt lat="35.774768" lon="127.857764"/><trkpt lat="35.774683" lon="127.858004"/><trkpt lat="35.77445" lon="127.858426"/><trkpt lat="35.774248" lon="127.858462"/><trkpt lat="35.773693" lon="127.858441"/><trkpt lat="35.773346" lon="127.858515"/><trkpt lat="35.773096" lon="127.858557"/><trkpt lat="35.77291" lon="127.858582"/><trkpt lat="35.772745" lon="127.858837"/><trkpt lat="35.772546" lon="127.858964"/><trkpt lat="35.772284" lon="127.859162"/><trkpt lat="35.772134" lon="127.859188"/></trkseg>
<trkseg><trkpt lat="35.809854" lon="127.84899"/><trkpt lat="35.809963" lon="127.849176"/><trkpt lat="35.810067" lon="127.849477"/><trkpt lat="35.810359" lon="127.849517"/><trkpt lat="35.810559" lon="127.849487"/><trkpt lat="35.810652" lon="127.849769"/><trkpt lat="35.810741" lon="127.850283"/><trkpt lat="35.810833" lon="127.850598"/><trkpt lat="35.811025" lon="127.850989"/><trkpt lat="35.811093" lon="127.851153"/><trkpt lat="35.811174" lon="127.85147"/><trkpt lat="35.811347" lon="127.851575"/><trkpt lat="35.811579" lon="127.851528"/><trkpt lat="35.811745" lon="127.85164"/><trkpt lat="35.811849" lon="127.852157"/><trkpt lat="35.812032" lon="127.852599"/><trkpt lat="35.812175" lon="127.852933"/><trkpt lat="35.812375" lon="127.853207"/><trkpt lat="35.812735" lon="127.853477"/><trkpt lat="35.813293" lon="127.853912"/><trkpt lat="35.813873" lon="127.854323"/><trkpt lat="35.814347" lon="127.8547"/><trkpt lat="35.814768" lon="127.855172"/><trkpt lat="35.815111" lon="127.855924"/><trkpt lat="35.815007" lon="127.856345"/><trkpt lat="35.81487" lon="127.856827"/><trkpt lat="35.814747" lon="127.857286"/><trkpt lat="35.814852" lon="127.858071"/><trkpt lat="35.815017" lon="127.858335"/><trkpt lat="35.815455" lon="127.858517"/><trkpt lat="35.815843" lon="127.858564"/><trkpt lat="35.816245" lon="127.858688"/><trkpt lat="35.816496" lon="127.858724"/><trkpt lat="35.816796" lon="127.859016"/><trkpt lat="35.817423" lon="127.859191"/><trkpt lat="35.817502" lon="127.859503"/><trkpt lat="35.817443" lon="127.859575"/></trkseg>
<trkseg><trkpt lat="35.783494" lon="127.864169"/><trkpt lat="35.782954" lon="127.865041"/><trkpt lat="35.782156" lon="127.866496"/><trkpt lat="35.781477" lon="127.868144"/><trkpt lat="35.781419" lon="127.868311"/></trkseg>
<trkseg><trkpt lat="35.783494" lon="127.864169"/><trkpt lat="35.783608" lon="127.864117"/><trkpt lat="35.783868" lon="127.864035"/><trkpt lat="35.784074" lon="127.863815"/><trkpt lat="35.784306" lon="127.8637"/><trkpt lat="35.784583" lon="127.863325"/><trkpt lat="35.784725" lon="127.863183"/><trkpt lat="35.784884" lon="127.863336"/><trkpt lat="35.784986" lon="127.863238"/><trkpt lat="35.785124" lon="127.863001"/><trkpt lat="35.785348" lon="127.862819"/><trkpt lat="35.785684" lon="127.8626"/><trkpt lat="35.785833" lon="127.862348"/><trkpt lat="35.786131" lon="127.862171"/><trkpt lat="35.786197" lon="127.861696"/><trkpt lat="35.786112" lon="127.861436"/><trkpt lat="35.786067" lon="127.861258"/><trkpt lat="35.786074" lon="127.861229"/><trkpt lat="35.786193" lon="127.861184"/><trkpt lat="35.786259" lon="127.861139"/><trkpt lat="35.786246" lon="127.861029"/><trkpt lat="35.786303" lon="127.86101"/><trkpt lat="35.78635" lon="127.86111"/><trkpt lat="35.786441" lon="127.861207"/><trkpt lat="35.786527" lon="127.861168"/><trkpt lat="35.786534" lon="127.861046"/><trkpt lat="35.786731" lon="127.860923"/><trkpt lat="35.78685" lon="127.860787"/><trkpt lat="35.786919" lon="127.860569"/><trkpt lat="35.787007" lon="127.860288"/><trkpt lat="35.787035" lon="127.859996"/><trkpt lat="35.786994" lon="127.859784"/><trkpt lat="35.786915" lon="127.859707"/><trkpt lat="35.786835" lon="127.85959"/><trkpt lat="35.786877" lon="127.859487"/><trkpt lat="35.786844" lon="127.859416"/><trkpt lat="35.786801" lon="127.859269"/><trkpt lat="35.786795" lon="127.859205"/><trkpt lat="35.786918" lon="127.85916"/><trkpt lat="35.787016" lon="127.859175"/><trkpt lat="35.787098" lon="127.859104"/><trkpt lat="35.787054" lon="127.859028"/><trkpt lat="35.78702" lon="127.858901"/><trkpt lat="35.78702" lon="127.858849"/><trkpt lat="35.78713" lon="127.858848"/><trkpt lat="35.787173" lon="127.858776"/><trkpt lat="35.787241" lon="127.858659"/><trkpt lat="35.787331" lon="127.858652"/><trkpt lat="35.787392" lon="127.85856"/><trkpt lat="35.787476" lon="127.858543"/><trkpt lat="35.787473" lon="127.858458"/><trkpt lat="35.787412" lon="127.858409"/><trkpt lat="35.787423" lon="127.858289"/><trkpt lat="35.787413" lon="127.858147"/><trkpt lat="35.787437" lon="127.857996"/><trkpt lat="35.78734" lon="127.857929"/><trkpt lat="35.78733" lon="127.85775"/><trkpt lat="35.78739" lon="127.857766"/><trkpt lat="35.787431" lon="127.857813"/><trkpt lat="35.78754" lon="127.857719"/><trkpt lat="35.787449" lon="127.85748"/><trkpt lat="35.787346" lon="127.857303"/><trkpt lat="35.787358" lon="127.857066"/><trkpt lat="35.787442" lon="127.856821"/><trkpt lat="35.787518" lon="127.856724"/><trkpt lat="35.787625" lon="127.856629"/><trkpt lat="35.787717" lon="127.856571"/><trkpt lat="35.787791" lon="127.856478"/><trkpt lat="35.787875" lon="127.856443"/><trkpt lat="35.787961" lon="127.856479"/><trkpt lat="35.788056" lon="127.856385"/><trkpt lat="35.78817" lon="127.856344"/><trkpt lat="35.788249" lon="127.856412"/></trkseg>
<trkseg><trkpt lat="35.788249" lon="127.856412"/><trkpt lat="35.788513" lon="127.85626"/><trkpt lat="35.788811" lon="127.856023"/><trkpt lat="35.78897" lon="127.855983"/><trkpt lat="35.789094" lon="127.855978"/><trkpt lat="35.789191" lon="127.855942"/><trkpt lat="35.789572" lon="127.85586"/><trkpt lat="35.789858" lon="127.855731"/><trkpt lat="35.790197" lon="127.855487"/><trkpt lat="35.790513" lon="127.855305"/><trkpt lat="35.790618" lon="127.855212"/><trkpt lat="35.790742" lon="127.855137"/><trkpt lat="35.790942" lon="127.854919"/><trkpt lat="35.791229" lon="127.854701"/><trkpt lat="35.791406" lon="127.854441"/><trkpt lat="35.791478" lon="127.854157"/><trkpt lat="35.791571" lon="127.85397"/><trkpt lat="35.791898" lon="127.853802"/><trkpt lat="35.792125" lon="127.853777"/><trkpt lat="35.792252" lon="127.853808"/><trkpt lat="35.792337" lon="127.85371"/><trkpt lat="35.792345" lon="127.853599"/><trkpt lat="35.792219" lon="127.853633"/><trkpt lat="35.792096" lon="127.853577"/><trkpt lat="35.791845" lon="127.853381"/><trkpt lat="35.791698" lon="127.853293"/><trkpt lat="35.791552" lon="127.85311"/><trkpt lat="35.791399" lon="127.853009"/><trkpt lat="35.791287" lon="127.852966"/><trkpt lat="35.791286" lon="127.852783"/><trkpt lat="35.791479" lon="127.852646"/><trkpt lat="35.7916" lon="127.85257"/><trkpt lat="35.791621" lon="127.852346"/><trkpt lat="35.791682" lon="127.852063"/><trkpt lat="35.791667" lon="127.851883"/><trkpt lat="35.791701" lon="127.851687"/><trkpt lat="35.791742" lon="127.851432"/><trkpt lat="35.791754" lon="127.851215"/></trkseg>
<trkseg><trkpt lat="35.781079" lon="127.856365"/><trkpt lat="35.781284" lon="127.856442"/><trkpt lat="35.78125" lon="127.856657"/><trkpt lat="35.781182" lon="127.856786"/><trkpt lat="35.781197" lon="127.856943"/><trkpt lat="35.781211" lon="127.857097"/><trkpt lat="35.781196" lon="127.857269"/><trkpt lat="35.781196" lon="127.85743"/><trkpt lat="35.781196" lon="127.857558"/><trkpt lat="35.781144" lon="127.857701"/><trkpt lat="35.781116" lon="127.857932"/><trkpt lat="35.781131" lon="127.858051"/><trkpt lat="35.781223" lon="127.85814"/><trkpt lat="35.781388" lon="127.858429"/><trkpt lat="35.781434" lon="127.858636"/><trkpt lat="35.781537" lon="127.85888"/><trkpt lat="35.781702" lon="127.859012"/><trkpt lat="35.781757" lon="127.85919"/><trkpt lat="35.781732" lon="127.859394"/><trkpt lat="35.781765" lon="127.859664"/><trkpt lat="35.781812" lon="127.859766"/><trkpt lat="35.781902" lon="127.860013"/><trkpt lat="35.782008" lon="127.860236"/><trkpt lat="35.781974" lon="127.860399"/><trkpt lat="35.781974" lon="127.860589"/><trkpt lat="35.781936" lon="127.860797"/><trkpt lat="35.781955" lon="127.860942"/><trkpt lat="35.78199" lon="127.861114"/><trkpt lat="35.781915" lon="127.861245"/><trkpt lat="35.781889" lon="127.861375"/><trkpt lat="35.781938" lon="127.86152"/><trkpt lat="35.782107" lon="127.861706"/><trkpt lat="35.782158" lon="127.861995"/><trkpt lat="35.782355" lon="127.862011"/><trkpt lat="35.782532" lon="127.862163"/><trkpt lat="35.78261" lon="127.862692"/><trkpt lat="35.782387" lon="127.863224"/><trkpt lat="35.782429" lon="127.863595"/><trkpt lat="35.783287" lon="127.863979"/><trkpt lat="35.783479" lon="127.864113"/><trkpt lat="35.783494" lon="127.864169"/></trkseg>
<trkseg><trkpt lat="35.791754" lon="127.851215"/><trkpt lat="35.791785" lon="127.851042"/><trkpt lat="35.79188" lon="127.850977"/><trkpt lat="35.792024" lon="127.850902"/><trkpt lat="35.792181" lon="127.850763"/><trkpt lat="35.792372" lon="127.850701"/><trkpt lat="35.792551" lon="127.850675"/><trkpt lat="35.792806" lon="127.850523"/><trkpt lat="35.793063" lon="127.850244"/><trkpt lat="35.79317" lon="127.849729"/><trkpt lat="35.793334" lon="127.84939"/><trkpt lat="35.793569" lon="127.849292"/><trkpt lat="35.793781" lon="127.849236"/><trkpt lat="35.793959" lon="127.849166"/><trkpt lat="35.794182" lon="127.848946"/><trkpt lat="35.794356" lon="127.848663"/><trkpt lat="35.794627" lon="127.848433"/><trkpt lat="35.794862" lon="127.848321"/><trkpt lat="35.795133" lon="127.848322"/><trkpt lat="35.795341" lon="127.848151"/><trkpt lat="35.795455" lon="127.848066"/><trkpt lat="35.795733" lon="127.847908"/><trkpt lat="35.795821" lon="127.847955"/><trkpt lat="35.795935" lon="127.847899"/><trkpt lat="35.795929" lon="127.847647"/><trkpt lat="35.796004" lon="127.8473"/><trkpt lat="35.79615" lon="127.847093"/><trkpt lat="35.796088" lon="127.846978"/><trkpt lat="35.795925" lon="127.846751"/><trkpt lat="35.795675" lon="127.846562"/><trkpt lat="35.795616" lon="127.846455"/></trkseg>
<trkseg><trkpt lat="35.781079" lon="127.856365"/><trkpt lat="35.780943" lon="127.85615"/><trkpt lat="35.780942" lon="127.855887"/><trkpt lat="35.781151" lon="127.855605"/><trkpt lat="35.781366" lon="127.855301"/><trkpt lat="35.781484" lon="127.85519"/><trkpt lat="35.781696" lon="127.855014"/><trkpt lat="35.781934" lon="127.85496"/><trkpt lat="35.782536" lon="127.854675"/><trkpt lat="35.782878" lon="127.854373"/><trkpt lat="35.783173" lon="127.854257"/><trkpt lat="35.783586" lon="127.854061"/><trkpt lat="35.78392" lon="127.853799"/><trkpt lat="35.784019" lon="127.853558"/><trkpt lat="35.783799" lon="127.853528"/><trkpt lat="35.783321" lon="127.853654"/><trkpt lat="35.783069" lon="127.853585"/><trkpt lat="35.782946" lon="127.853302"/><trkpt lat="35.782875" lon="127.853127"/><trkpt lat="35.78303" lon="127.853188"/><trkpt lat="35.783181" lon="127.853431"/><trkpt lat="35.783339" lon="127.853386"/><trkpt lat="35.783509" lon="127.853211"/><trkpt lat="35.783779" lon="127.853201"/><trkpt lat="35.783858" lon="127.852979"/><trkpt lat="35.784133" lon="127.852941"/><trkpt lat="35.784566" lon="127.85303"/><trkpt lat="35.784887" lon="127.853015"/><trkpt lat="35.785167" lon="127.853105"/><trkpt lat="35.78537" lon="127.853122"/><trkpt lat="35.785657" lon="127.85292"/><trkpt lat="35.785937" lon="127.852666"/><trkpt lat="35.786168" lon="127.85235"/><trkpt lat="35.78654" lon="127.852225"/><trkpt lat="35.787071" lon="127.852297"/><trkpt lat="35.787459" lon="127.852169"/><trkpt lat="35.787817" lon="127.85201"/><trkpt lat="35.788155" lon="127.851855"/><trkpt lat="35.788714" lon="127.851752"/><trkpt lat="35.7894" lon="127.851609"/><trkpt lat="35.78987" lon="127.851414"/><trkpt lat="35.790039" lon="127.851348"/><trkpt lat="35.790117" lon="127.851319"/><trkpt lat="35.790286" lon="127.851384"/><trkpt lat="35.790522" lon="127.851458"/><trkpt lat="35.790685" lon="127.851352"/><trkpt lat="35.790982" lon="127.851139"/><trkpt lat="35.791158" lon="127.85113"/><trkpt lat="35.791369" lon="127.851034"/><trkpt lat="35.791576" lon="127.850954"/><trkpt lat="35.79168" lon="127.851095"/><trkpt lat="35.791714" lon="127.851219"/><trkpt lat="35.791754" lon="127.851215"/></trkseg>
<trkseg><trkpt lat="35.790966" lon="127.833299"/><trkpt lat="35.790989" lon="127.833404"/><trkpt lat="35.791047" lon="127.833488"/><trkpt lat="35.791159" lon="127.833602"/><trkpt lat="35.791314" lon="127.833719"/><trkpt lat="35.791476" lon="127.833859"/><trkpt lat="35.791662" lon="127.834"/><trkpt lat="35.791853" lon="127.834162"/><trkpt lat="35.792032" lon="127.834286"/><trkpt lat="35.792131" lon="127.8343"/><trkpt lat="35.792226" lon="127.834283"/><trkpt lat="35.792323" lon="127.83428"/><trkpt lat="35.79238" lon="127.834386"/><trkpt lat="35.792607" lon="127.834593"/><trkpt lat="35.792828" lon="127.8346"/><trkpt lat="35.792868" lon="127.834629"/><trkpt lat="35.792944" lon="127.834828"/><trkpt lat="35.793083" lon="127.835101"/><trkpt lat="35.79322" lon="127.835382"/><trkpt lat="35.793288" lon="127.835664"/><trkpt lat="35.793447" lon="127.835857"/><trkpt lat="35.793635" lon="127.835997"/><trkpt lat="35.793679" lon="127.836232"/><trkpt lat="35.793781" lon="127.83644"/><trkpt lat="35.793921" lon="127.836706"/><trkpt lat="35.793987" lon="127.836936"/><trkpt lat="35.79419" lon="127.837152"/><trkpt lat="35.794412" lon="127.837333"/><trkpt lat="35.794575" lon="127.837488"/><trkpt lat="35.794746" lon="127.837789"/><trkpt lat="35.79489" lon="127.837841"/><trkpt lat="35.79501" lon="127.837878"/><trkpt lat="35.795135" lon="127.837901"/><trkpt lat="35.795282" lon="127.837892"/><trkpt lat="35.795469" lon="127.837884"/><trkpt lat="35.795599" lon="127.837881"/><trkpt lat="35.795775" lon="127.837986"/><trkpt lat="35.795886" lon="127.838056"/><trkpt lat="35.795996" lon="127.838092"/><trkpt lat="35.796086" lon="127.838"/><trkpt lat="35.796164" lon="127.838032"/><trkpt lat="35.796319" lon="127.838244"/><trkpt lat="35.796541" lon="127.838402"/><trkpt lat="35.796643" lon="127.838444"/><trkpt lat="35.796789" lon="127.838517"/><trkpt lat="35.796968" lon="127.838624"/><trkpt lat="35.797259" lon="127.838809"/><trkpt lat="35.797367" lon="127.838875"/><trkpt lat="35.797492" lon="127.838941"/><trkpt lat="35.797571" lon="127.839042"/><trkpt lat="35.797621" lon="127.839069"/><trkpt lat="35.797629" lon="127.839051"/></trkseg>
<trkseg><trkpt lat="35.795493" lon="127.856902"/><trkpt lat="35.795594" lon="127.856831"/><trkpt lat="35.795786" lon="127.856844"/><trkpt lat="35.796009" lon="127.856908"/><trkpt lat="35.796213" lon="127.857014"/><trkpt lat="35.796462" lon="127.857045"/><trkpt lat="35.796688" lon="127.857016"/><trkpt lat="35.796933" lon="127.857007"/><trkpt lat="35.797096" lon="127.856947"/><trkpt lat="35.797241" lon="127.856758"/><trkpt lat="35.797463" lon="127.856565"/><trkpt lat="35.797701" lon="127.856247"/><trkpt lat="35.797987" lon="127.855937"/><trkpt lat="35.798257" lon="127.855653"/><trkpt lat="35.798492" lon="127.855403"/><trkpt lat="35.798649" lon="127.855396"/><trkpt lat="35.799005" lon="127.855351"/><trkpt lat="35.799159" lon="127.855305"/><trkpt lat="35.799378" lon="127.855144"/><trkpt lat="35.799552" lon="127.855129"/><trkpt lat="35.799715" lon="127.854914"/><trkpt lat="35.799876" lon="127.854748"/><trkpt lat="35.799917" lon="127.854461"/><trkpt lat="35.79996" lon="127.854138"/><trkpt lat="35.800118" lon="127.853722"/><trkpt lat="35.800205" lon="127.853462"/><trkpt lat="35.800304" lon="127.85341"/><trkpt lat="35.800482" lon="127.8534"/><trkpt lat="35.80064" lon="127.853393"/><trkpt lat="35.800713" lon="127.853342"/><trkpt lat="35.800793" lon="127.853327"/><trkpt lat="35.800878" lon="127.853298"/><trkpt lat="35.800886" lon="127.85326"/></trkseg>
<trkseg><trkpt lat="35.702646" lon="127.878851"/><trkpt lat="35.702746" lon="127.878892"/><trkpt lat="35.702827" lon="127.878953"/><trkpt lat="35.702935" lon="127.878992"/><trkpt lat="35.703394" lon="127.879024"/><trkpt lat="35.703761" lon="127.87912"/><trkpt lat="35.703975" lon="127.879226"/><trkpt lat="35.704137" lon="127.87926"/><trkpt lat="35.704505" lon="127.879229"/><trkpt lat="35.704812" lon="127.879277"/><trkpt lat="35.705079" lon="127.879298"/><trkpt lat="35.705273" lon="127.879245"/><trkpt lat="35.705585" lon="127.879169"/><trkpt lat="35.705981" lon="127.879208"/><trkpt lat="35.706142" lon="127.879189"/><trkpt lat="35.70651" lon="127.879121"/><trkpt lat="35.706724" lon="127.878996"/><trkpt lat="35.706968" lon="127.878789"/><trkpt lat="35.707183" lon="127.878395"/><trkpt lat="35.707435" lon="127.878204"/><trkpt lat="35.707605" lon="127.878097"/><trkpt lat="35.707756" lon="127.877949"/><trkpt lat="35.707929" lon="127.877863"/><trkpt lat="35.708048" lon="127.877569"/><trkpt lat="35.708132" lon="127.877427"/><trkpt lat="35.708216" lon="127.877348"/><trkpt lat="35.708275" lon="127.877218"/><trkpt lat="35.708573" lon="127.877127"/><trkpt lat="35.708846" lon="127.877005"/><trkpt lat="35.708927" lon="127.876938"/><trkpt lat="35.709133" lon="127.876928"/><trkpt lat="35.709292" lon="127.876895"/><trkpt lat="35.709563" lon="127.876984"/><trkpt lat="35.709859" lon="127.877096"/><trkpt lat="35.710195" lon="127.877262"/><trkpt lat="35.710498" lon="127.877119"/><trkpt lat="35.710932" lon="127.877008"/><trkpt lat="35.711087" lon="127.877053"/><trkpt lat="35.711397" lon="127.87718"/><trkpt lat="35.71171" lon="127.877161"/><trkpt lat="35.711841" lon="127.877134"/><trkpt lat="35.711976" lon="127.877126"/><trkpt lat="35.712067" lon="127.87721"/><trkpt lat="35.712206" lon="127.877355"/><trkpt lat="35.71242" lon="127.877334"/><trkpt lat="35.712602" lon="127.877334"/><trkpt lat="35.712751" lon="127.877301"/><trkpt lat="35.712884" lon="127.877327"/><trkpt lat="35.713013" lon="127.877396"/><trkpt lat="35.713216" lon="127.87751"/><trkpt lat="35.713441" lon="127.877446"/><trkpt lat="35.713612" lon="127.877421"/><trkpt lat="35.713816" lon="127.877503"/><trkpt lat="35.714121" lon="127.877535"/><trkpt lat="35.714282" lon="127.877467"/><trkpt lat="35.714469" lon="127.877306"/><trkpt lat="35.714737" lon="127.877169"/><trkpt lat="35.714972" lon="127.877268"/><trkpt lat="35.715207" lon="127.877461"/><trkpt lat="35.715503" lon="127.877587"/><trkpt lat="35.715778" lon="127.877673"/><trkpt lat="35.716018" lon="127.877883"/><trkpt lat="35.716197" lon="127.877993"/><trkpt lat="35.716299" lon="127.87823"/><trkpt lat="35.716386" lon="127.878497"/><trkpt lat="35.716666" lon="127.878891"/><trkpt lat="35.716902" lon="127.879043"/><trkpt lat="35.717164" lon="127.879161"/><trkpt lat="35.717484" lon="127.879403"/><trkpt lat="35.717801" lon="127.879405"/><trkpt lat="35.718017" lon="127.879184"/><trkpt lat="35.718158" lon="127.879176"/><trkpt lat="35.718329" lon="127.879237"/><trkpt lat="35.718694" lon="127.87911"/><trkpt lat="35.719028" lon="127.879064"/><trkpt lat="35.719308" lon="127.879239"/><trkpt lat="35.71967" lon="127.879468"/><trkpt lat="35.720022" lon="127.879549"/><trkpt lat="35.720363" lon="127.879507"/><trkpt lat="35.720716" lon="127.879423"/><trkpt lat="35.721114" lon="127.879252"/><trkpt lat="35.721306" lon="127.879261"/><trkpt lat="35.721484" lon="127.879391"/><trkpt lat="35.721781" lon="127.879487"/><trkpt lat="35.722165" lon="127.879445"/><trkpt lat="35.722483" lon="127.879329"/><trkpt lat="35.722883" lon="127.87931"/><trkpt lat="35.723197" lon="127.879361"/><trkpt lat="35.723583" lon="127.879383"/><trkpt lat="35.723876" lon="127.879545"/><trkpt lat="35.724217" lon="127.879581"/><trkpt lat="35.724492" lon="127.879543"/><trkpt lat="35.724799" lon="127.87955"/><trkpt lat="35.72501" lon="127.879851"/><trkpt lat="35.725167" lon="127.88002"/><trkpt lat="35.725422" lon="127.880064"/><trkpt lat="35.725717" lon="127.879968"/><trkpt lat="35.725886" lon="127.880041"/><trkpt lat="35.726023" lon="127.880139"/><trkpt lat="35.726306" lon="127.880149"/><trkpt lat="35.726647" lon="127.8802"/><trkpt lat="35.72698" lon="127.880147"/><trkpt lat="35.727219" lon="127.880108"/><trkpt lat="35.727606" lon="127.880241"/><trkpt lat="35.72783" lon="127.880248"/><trkpt lat="35.727997" lon="127.880169"/><trkpt lat="35.728424" lon="127.880172"/><trkpt lat="35.728626" lon="127.880301"/><trkpt lat="35.728904" lon="127.880536"/><trkpt lat="35.729074" lon="127.880687"/><trkpt lat="35.729169" lon="127.8808"/><trkpt lat="35.729374" lon="127.880907"/><trkpt lat="35.729685" lon="127.880929"/><trkpt lat="35.73007" lon="127.880845"/><trkpt lat="35.730383" lon="127.880979"/><trkpt lat="35.730667" lon="127.881098"/><trkpt lat="35.730927" lon="127.881149"/><trkpt lat="35.731106" lon="127.880978"/><trkpt lat="35.731358" lon="127.880961"/><trkpt lat="35.731652" lon="127.880724"/><trkpt lat="35.732023" lon="127.88052"/><trkpt lat="35.732343" lon="127.880325"/><trkpt lat="35.732605" lon="127.880176"/><trkpt lat="35.732968" lon="127.880151"/><trkpt lat="35.733239" lon="127.880048"/><trkpt lat="35.733474" lon="127.880056"/><trkpt lat="35.73367" lon="127.88004"/><trkpt lat="35.734025" lon="127.879861"/><trkpt lat="35.734221" lon="127.879581"/><trkpt lat="35.734502" lon="127.879433"/><trkpt lat="35.734648" lon="127.879251"/><trkpt lat="35.734909" lon="127.878925"/><trkpt lat="35.735218" lon="127.878748"/><trkpt lat="35.735572" lon="127.878556"/><trkpt lat="35.735782" lon="127.878365"/><trkpt lat="35.735995" lon="127.878256"/><trkpt lat="35.736164" lon="127.878019"/><trkpt lat="35.73646" lon="127.877918"/><trkpt lat="35.736806" lon="127.877851"/><trkpt lat="35.73697" lon="127.877813"/><trkpt lat="35.73712" lon="127.877775"/><trkpt lat="35.737337" lon="127.877755"/><trkpt lat="35.737471" lon="127.8778"/><trkpt lat="35.737661" lon="127.877839"/><trkpt lat="35.737924" lon="127.877843"/><trkpt lat="35.738194" lon="127.877821"/><trkpt lat="35.738326" lon="127.877802"/><trkpt lat="35.738597" lon="127.877733"/><trkpt lat="35.738995" lon="127.877573"/><trkpt lat="35.739401" lon="127.877307"/><trkpt lat="35.739605" lon="127.877144"/><trkpt lat="35.739831" lon="127.877202"/><trkpt lat="35.740118" lon="127.877078"/><trkpt lat="35.740294" lon="127.877008"/><trkpt lat="35.740458" lon="127.877"/><trkpt lat="35.74063" lon="127.877063"/><trkpt lat="35.740789" lon="127.877"/><trkpt lat="35.740953" lon="127.876886"/><trkpt lat="35.741137" lon="127.877052"/><trkpt lat="35.741315" lon="127.877304"/><trkpt lat="35.741734" lon="127.877453"/><trkpt lat="35.742068" lon="127.877466"/><trkpt lat="35.742284" lon="127.877486"/><trkpt lat="35.742536" lon="127.877829"/><trkpt lat="35.7427" lon="127.877869"/><trkpt lat="35.742899" lon="127.877847"/><trkpt lat="35.743006" lon="127.877761"/><trkpt lat="35.743218" lon="127.877678"/><trkpt lat="35.743365" lon="127.877534"/><trkpt lat="35.743548" lon="127.877347"/><trkpt lat="35.74379" lon="127.877169"/><trkpt lat="35.743927" lon="127.877206"/><trkpt lat="35.744121" lon="127.877148"/><trkpt lat="35.744373" lon="127.877265"/><trkpt lat="35.744478" lon="127.877426"/><trkpt lat="35.74451" lon="127.877553"/><trkpt lat="35.744666" lon="127.877657"/><trkpt lat="35.744925" lon="127.877629"/><trkpt lat="35.745076" lon="127.877535"/><trkpt lat="35.745176" lon="127.877543"/><trkpt lat="35.74535" lon="127.877647"/><trkpt lat="35.745548" lon="127.87774"/><trkpt lat="35.745944" lon="127.877709"/><trkpt lat="35.746081" lon="127.87775"/><trkpt lat="35.746244" lon="127.877771"/><trkpt lat="35.746363" lon="127.877722"/><trkpt lat="35.74654" lon="127.877724"/><trkpt lat="35.746887" lon="127.877466"/><trkpt lat="35.747261" lon="127.877413"/><trkpt lat="35.747627" lon="127.877423"/><trkpt lat="35.747839" lon="127.877372"/><trkpt lat="35.748105" lon="127.877212"/><trkpt lat="35.748248" lon="127.877205"/><trkpt lat="35.748448" lon="127.877014"/><trkpt lat="35.748525" lon="127.876931"/><trkpt lat="35.74877" lon="127.876847"/><trkpt lat="35.748824" lon="127.876712"/><trkpt lat="35.748848" lon="127.876705"/><trkpt lat="35.748957" lon="127.876723"/><trkpt lat="35.749202" lon="127.876761"/><trkpt lat="35.749491" lon="127.876701"/><trkpt lat="35.749614" lon="127.876714"/><trkpt lat="35.749783" lon="127.87673"/><trkpt lat="35.749992" lon="127.876799"/><trkpt lat="35.750237" lon="127.876871"/><trkpt lat="35.750481" lon="127.87691"/><trkpt lat="35.750731" lon="127.876856"/><trkpt lat="35.751042" lon="127.87689"/><trkpt lat="35.751288" lon="127.876776"/><trkpt lat="35.751449" lon="127.8766"/><trkpt lat="35.751817" lon="127.876369"/><trkpt lat="35.752036" lon="127.876337"/><trkpt lat="35.752322" lon="127.876287"/><trkpt lat="35.75247" lon="127.876183"/><trkpt lat="35.752472" lon="127.876104"/><trkpt lat="35.752519" lon="127.875883"/><trkpt lat="35.752644" lon="127.875585"/><trkpt lat="35.752768" lon="127.875428"/><trkpt lat="35.752991" lon="127.87516"/><trkpt lat="35.753226" lon="127.874816"/><trkpt lat="35.753372" lon="127.874478"/><trkpt lat="35.753568" lon="127.874287"/><trkpt lat="35.753873" lon="127.874116"/><trkpt lat="35.754247" lon="127.874163"/><trkpt lat="35.754448" lon="127.874129"/><trkpt lat="35.754676" lon="127.874051"/><trkpt lat="35.755017" lon="127.873933"/><trkpt lat="35.755355" lon="127.873681"/><trkpt lat="35.755704" lon="127.873507"/><trkpt lat="35.756084" lon="127.873418"/><trkpt lat="35.756408" lon="127.873307"/><trkpt lat="35.756748" lon="127.873194"/><trkpt lat="35.75686" lon="127.873029"/><trkpt lat="35.756948" lon="127.87271"/><trkpt lat="35.757058" lon="127.872511"/><trkpt lat="35.757132" lon="127.872356"/><trkpt lat="35.757141" lon="127.872335"/><trkpt lat="35.757329" lon="127.872236"/><trkpt lat="35.757712" lon="127.87209"/><trkpt lat="35.757917" lon="127.871925"/><trkpt lat="35.758026" lon="127.871868"/><trkpt lat="35.758231" lon="127.871702"/><trkpt lat="35.758325" lon="127.871651"/><trkpt lat="35.758534" lon="127.871751"/><trkpt lat="35.758669" lon="127.871701"/><trkpt lat="35.758759" lon="127.871678"/><trkpt lat="35.758842" lon="127.871764"/><trkpt lat="35.758933" lon="127.871878"/><trkpt lat="35.759051" lon="127.87195"/><trkpt lat="35.759078" lon="127.87207"/><trkpt lat="35.759131" lon="127.872145"/><trkpt lat="35.759342" lon="127.872245"/><trkpt lat="35.759523" lon="127.872295"/><trkpt lat="35.759739" lon="127.872254"/><trkpt lat="35.759966" lon="127.872269"/><trkpt lat="35.760261" lon="127.872221"/><trkpt lat="35.760429" lon="127.872092"/><trkpt lat="35.760583" lon="127.871996"/><trkpt lat="35.760802" lon="127.871981"/><trkpt lat="35.760906" lon="127.872046"/><trkpt lat="35.760896" lon="127.872163"/><trkpt lat="35.760958" lon="127.872272"/><trkpt lat="35.76099" lon="127.872327"/><trkpt lat="35.76109" lon="127.872384"/><trkpt lat="35.761327" lon="127.872291"/><trkpt lat="35.761441" lon="127.87238"/><trkpt lat="35.76168" lon="127.872452"/><trkpt lat="35.761968" lon="127.872619"/><trkpt lat="35.762349" lon="127.872652"/><trkpt lat="35.762571" lon="127.872742"/><trkpt lat="35.762826" lon="127.87297"/><trkpt lat="35.762976" lon="127.873185"/><trkpt lat="35.763015" lon="127.8733"/><trkpt lat="35.763226" lon="127.873315"/><trkpt lat="35.76346" lon="127.873335"/><trkpt lat="35.763724" lon="127.87331"/><trkpt lat="35.764034" lon="127.87333"/><trkpt lat="35.764314" lon="127.873307"/><trkpt lat="35.764466" lon="127.873259"/><trkpt lat="35.764601" lon="127.873347"/><trkpt lat="35.764781" lon="127.873389"/><trkpt lat="35.765193" lon="127.873428"/><trkpt lat="35.765423" lon="127.873381"/><trkpt lat="35.765623" lon="127.873532"/><trkpt lat="35.76575" lon="127.873784"/><trkpt lat="35.765887" lon="127.874007"/><trkpt lat="35.766004" lon="127.874195"/><trkpt lat="35.766166" lon="127.874189"/><trkpt lat="35.766377" lon="127.874185"/><trkpt lat="35.766613" lon="127.873967"/><trkpt lat="35.766841" lon="127.874001"/><trkpt lat="35.767005" lon="127.874035"/><trkpt lat="35.767079" lon="127.873936"/><trkpt lat="35.767338" lon="127.873923"/><trkpt lat="35.767547" lon="127.873947"/><trkpt lat="35.767832" lon="127.874049"/><trkpt lat="35.768034" lon="127.873978"/><trkpt lat="35.768313" lon="127.873921"/><trkpt lat="35.768527" lon="127.873717"/><trkpt lat="35.768646" lon="127.873564"/><trkpt lat="35.768805" lon="127.87339"/><trkpt lat="35.769141" lon="127.873181"/><trkpt lat="35.769295" lon="127.873049"/><trkpt lat="35.769531" lon="127.872991"/><trkpt lat="35.769755" lon="127.872965"/><trkpt lat="35.769949" lon="127.872939"/><trkpt lat="35.770112" lon="127.872947"/><trkpt lat="35.770316" lon="127.872931"/><trkpt lat="35.770519" lon="127.872917"/><trkpt lat="35.770897" lon="127.872828"/><trkpt lat="35.771137" lon="127.872852"/><trkpt lat="35.771418" lon="127.873088"/><trkpt lat="35.771538" lon="127.87318"/><trkpt lat="35.771619" lon="127.873276"/><trkpt lat="35.771707" lon="127.873272"/><trkpt lat="35.771708" lon="127.873362"/><trkpt lat="35.771791" lon="127.873476"/><trkpt lat="35.771855" lon="127.873613"/><trkpt lat="35.772191" lon="127.873774"/><trkpt lat="35.772515" lon="127.873778"/><trkpt lat="35.772796" lon="127.873926"/><trkpt lat="35.773109" lon="127.873983"/><trkpt lat="35.773424" lon="127.874165"/><trkpt lat="35.773607" lon="127.874414"/><trkpt lat="35.773723" lon="127.874585"/><trkpt lat="35.773746" lon="127.874695"/><trkpt lat="35.773836" lon="127.87479"/><trkpt lat="35.774108" lon="127.874895"/><trkpt lat="35.774299" lon="127.875107"/><trkpt lat="35.774536" lon="127.875453"/><trkpt lat="35.774764" lon="127.875872"/><trkpt lat="35.774874" lon="127.876006"/><trkpt lat="35.774959" lon="127.876308"/><trkpt lat="35.775305" lon="127.876554"/><trkpt lat="35.775509" lon="127.87677"/><trkpt lat="35.77568" lon="127.877049"/><trkpt lat="35.775969" lon="127.877587"/><trkpt lat="35.776137" lon="127.877913"/><trkpt lat="35.776126" lon="127.878182"/><trkpt lat="35.77614" lon="127.878363"/><trkpt lat="35.776243" lon="127.878503"/><trkpt lat="35.776291" lon="127.878568"/><trkpt lat="35.776493" lon="127.878549"/><trkpt lat="35.776624" lon="127.878402"/><trkpt lat="35.776811" lon="127.878123"/><trkpt lat="35.776879" lon="127.877999"/><trkpt lat="35.77698" lon="127.877886"/><trkpt lat="35.777154" lon="127.877773"/><trkpt lat="35.777246" lon="127.877667"/><trkpt lat="35.777388" lon="127.877593"/><trkpt lat="35.777503" lon="127.877502"/><trkpt lat="35.777606" lon="127.87747"/><trkpt lat="35.777942" lon="127.877476"/><trkpt lat="35.778112" lon="127.877417"/><trkpt lat="35.778267" lon="127.877284"/><trkpt lat="35.778481" lon="127.877162"/><trkpt lat="35.778745" lon="127.87705"/><trkpt lat="35.778978" lon="127.877056"/><trkpt lat="35.779072" lon="127.876973"/><trkpt lat="35.779176" lon="127.876931"/><trkpt lat="35.77931" lon="127.876848"/><trkpt lat="35.779422" lon="127.876721"/><trkpt lat="35.779496" lon="127.876638"/><trkpt lat="35.779553" lon="127.876478"/><trkpt lat="35.779542" lon="127.876349"/><trkpt lat="35.779576" lon="127.876246"/><trkpt lat="35.779586" lon="127.87613"/><trkpt lat="35.779638" lon="127.876042"/><trkpt lat="35.779741" lon="127.875982"/><trkpt lat="35.779829" lon="127.875888"/><trkpt lat="35.779879" lon="127.875814"/><trkpt lat="35.779858" lon="127.875709"/><trkpt lat="35.779867" lon="127.875598"/><trkpt lat="35.77987" lon="127.875483"/><trkpt lat="35.779952" lon="127.875417"/><trkpt lat="35.780023" lon="127.875347"/><trkpt lat="35.780086" lon="127.875292"/><trkpt lat="35.780164" lon="127.875251"/><trkpt lat="35.780239" lon="127.87518"/><trkpt lat="35.780291" lon="127.875118"/><trkpt lat="35.780351" lon="127.875016"/><trkpt lat="35.780392" lon="127.874935"/><trkpt lat="35.780448" lon="127.874798"/><trkpt lat="35.780561" lon="127.874673"/><trkpt lat="35.780664" lon="127.874585"/><trkpt lat="35.780695" lon="127.87448"/><trkpt lat="35.780709" lon="127.874374"/><trkpt lat="35.780787" lon="127.874338"/><trkpt lat="35.780856" lon="127.874258"/><trkpt lat="35.780868" lon="127.874144"/><trkpt lat="35.78089" lon="127.873955"/><trkpt lat="35.780951" lon="127.873848"/><trkpt lat="35.780987" lon="127.87372"/><trkpt lat="35.78108" lon="127.873668"/><trkpt lat="35.781152" lon="127.873592"/><trkpt lat="35.78125" lon="127.873572"/><trkpt lat="35.781368" lon="127.873604"/><trkpt lat="35.78151" lon="127.873641"/><trkpt lat="35.781666" lon="127.873692"/><trkpt lat="35.781754" lon="127.873785"/><trkpt lat="35.781855" lon="127.873875"/><trkpt lat="35.781985" lon="127.873879"/><trkpt lat="35.7821" lon="127.873888"/><trkpt lat="35.782219" lon="127.873842"/><trkpt lat="35.782325" lon="127.873769"/><trkpt lat="35.782477" lon="127.87374"/><trkpt lat="35.782564" lon="127.873713"/><trkpt lat="35.782667" lon="127.873726"/><trkpt lat="35.782784" lon="127.873748"/><trkpt lat="35.782923" lon="127.873736"/><trkpt lat="35.782983" lon="127.873715"/><trkpt lat="35.783047" lon="127.873774"/><trkpt lat="35.783162" lon="127.873796"/><trkpt lat="35.783307" lon="127.873844"/><trkpt lat="35.78345" lon="127.87389"/><trkpt lat="35.783619" lon="127.873862"/><trkpt lat="35.783716" lon="127.873732"/><trkpt lat="35.783844" lon="127.873576"/><trkpt lat="35.784091" lon="127.87354"/><trkpt lat="35.784398" lon="127.87355"/><trkpt lat="35.784722" lon="127.873695"/><trkpt lat="35.784857" lon="127.873775"/><trkpt lat="35.784989" lon="127.873711"/><trkpt lat="35.785068" lon="127.873223"/><trkpt lat="35.785103" lon="127.872943"/><trkpt lat="35.785026" lon="127.872704"/><trkpt lat="35.785087" lon="127.872589"/><trkpt lat="35.785211" lon="127.872556"/><trkpt lat="35.785388" lon="127.872603"/><trkpt lat="35.78568" lon="127.872757"/><trkpt lat="35.785834" lon="127.872829"/><trkpt lat="35.785917" lon="127.873098"/><trkpt lat="35.786103" lon="127.873163"/><trkpt lat="35.786315" lon="127.873033"/><trkpt lat="35.786489" lon="127.872784"/><trkpt lat="35.786615" lon="127.872604"/><trkpt lat="35.786727" lon="127.872487"/><trkpt lat="35.78689" lon="127.872573"/><trkpt lat="35.787123" lon="127.87261"/><trkpt lat="35.78732" lon="127.872598"/><trkpt lat="35.787418" lon="127.87245"/><trkpt lat="35.78754" lon="127.872274"/><trkpt lat="35.787562" lon="127.872047"/><trkpt lat="35.787665" lon="127.871861"/><trkpt lat="35.787648" lon="127.871741"/><trkpt lat="35.787698" lon="127.871547"/><trkpt lat="35.78784" lon="127.871514"/><trkpt lat="35.787964" lon="127.871445"/><trkpt lat="35.788119" lon="127.871398"/><trkpt lat="35.788255" lon="127.871268"/><trkpt lat="35.788343" lon="127.871262"/><trkpt lat="35.788467" lon="127.871262"/><trkpt lat="35.788467" lon="127.871157"/><trkpt lat="35.788579" lon="127.871128"/><trkpt lat="35.788629" lon="127.871044"/><trkpt lat="35.788723" lon="127.870855"/><trkpt lat="35.788903" lon="127.870517"/><trkpt lat="35.789099" lon="127.870248"/><trkpt lat="35.789148" lon="127.870076"/><trkpt lat="35.789188" lon="127.869857"/><trkpt lat="35.789242" lon="127.869788"/><trkpt lat="35.78932" lon="127.869931"/><trkpt lat="35.789314" lon="127.869873"/><trkpt lat="35.789331" lon="127.869839"/><trkpt lat="35.789409" lon="127.869934"/><trkpt lat="35.789453" lon="127.869772"/><trkpt lat="35.789553" lon="127.86969"/><trkpt lat="35.78953" lon="127.869538"/><trkpt lat="35.789459" lon="127.869242"/><trkpt lat="35.789653" lon="127.869028"/><trkpt lat="35.789876" lon="127.86887"/><trkpt lat="35.7899" lon="127.868721"/><trkpt lat="35.789949" lon="127.868554"/><trkpt lat="35.790016" lon="127.868312"/><trkpt lat="35.790038" lon="127.867875"/><trkpt lat="35.79012" lon="127.86717"/><trkpt lat="35.790226" lon="127.86676"/><trkpt lat="35.790275" lon="127.866325"/><trkpt lat="35.790297" lon="127.865978"/><trkpt lat="35.790184" lon="127.865703"/><trkpt lat="35.790185" lon="127.865465"/><trkpt lat="35.790353" lon="127.865"/><trkpt lat="35.790343" lon="127.864749"/><trkpt lat="35.790432" lon="127.864489"/><trkpt lat="35.790472" lon="127.86429"/><trkpt lat="35.790458" lon="127.864157"/><trkpt lat="35.790332" lon="127.864289"/><trkpt lat="35.790139" lon="127.864599"/><trkpt lat="35.79012" lon="127.864471"/><trkpt lat="35.790241" lon="127.86416"/><trkpt lat="35.790392" lon="127.86394"/><trkpt lat="35.790619" lon="127.863675"/><trkpt lat="35.79084" lon="127.863534"/><trkpt lat="35.791059" lon="127.863441"/><trkpt lat="35.791497" lon="127.863223"/><trkpt lat="35.79159" lon="127.862765"/><trkpt lat="35.791673" lon="127.86266"/><trkpt lat="35.791783" lon="127.862581"/><trkpt lat="35.791866" lon="127.862482"/><trkpt lat="35.791937" lon="127.862211"/><trkpt lat="35.792027" lon="127.862088"/><trkpt lat="35.792235" lon="127.861836"/><trkpt lat="35.792473" lon="127.861566"/><trkpt lat="35.792629" lon="127.861402"/><trkpt lat="35.792813" lon="127.861192"/><trkpt lat="35.792845" lon="127.861051"/><trkpt lat="35.792817" lon="127.860916"/><trkpt lat="35.79282" lon="127.860715"/><trkpt lat="35.792787" lon="127.860549"/><trkpt lat="35.792926" lon="127.860364"/><trkpt lat="35.793035" lon="127.860232"/><trkpt lat="35.793146" lon="127.860049"/><trkpt lat="35.793249" lon="127.859896"/><trkpt lat="35.793244" lon="127.859797"/><trkpt lat="35.793341" lon="127.859678"/><trkpt lat="35.793471" lon="127.85956"/><trkpt lat="35.793636" lon="127.859455"/><trkpt lat="35.793704" lon="127.859377"/><trkpt lat="35.793789" lon="127.859323"/><trkpt lat="35.793913" lon="127.859254"/><trkpt lat="35.794117" lon="127.859183"/><trkpt lat="35.794216" lon="127.859161"/><trkpt lat="35.794304" lon="127.859218"/><trkpt lat="35.79445" lon="127.859123"/><trkpt lat="35.79455" lon="127.859054"/><trkpt lat="35.794612" lon="127.858928"/><trkpt lat="35.794611" lon="127.858737"/><trkpt lat="35.794626" lon="127.858452"/><trkpt lat="35.79471" lon="127.85834"/><trkpt lat="35.794715" lon="127.85817"/><trkpt lat="35.794707" lon="127.858002"/><trkpt lat="35.794731" lon="127.857799"/><trkpt lat="35.794801" lon="127.857617"/><trkpt lat="35.794913" lon="127.857515"/><trkpt lat="35.795042" lon="127.857482"/><trkpt lat="35.795184" lon="127.857406"/><trkpt lat="35.795343" lon="127.857384"/><trkpt lat="35.795486" lon="127.857335"/><trkpt lat="35.795548" lon="127.857186"/><trkpt lat="35.795474" lon="127.857054"/><trkpt lat="35.795493" lon="127.856902"/></trkseg>
<trkseg><trkpt lat="35.841494" lon="127.840393"/><trkpt lat="35.841352" lon="127.840388"/><trkpt lat="35.84112" lon="127.840423"/><trkpt lat="35.840912" lon="127.840494"/><trkpt lat="35.84069" lon="127.840498"/><trkpt lat="35.840451" lon="127.840368"/><trkpt lat="35.84034" lon="127.840216"/><trkpt lat="35.840253" lon="127.840094"/><trkpt lat="35.840139" lon="127.840159"/><trkpt lat="35.840101" lon="127.840258"/><trkpt lat="35.840014" lon="127.840415"/><trkpt lat="35.839887" lon="127.840467"/><trkpt lat="35.839796" lon="127.840374"/><trkpt lat="35.839745" lon="127.840261"/><trkpt lat="35.839677" lon="127.840085"/><trkpt lat="35.839604" lon="127.839905"/><trkpt lat="35.839542" lon="127.839765"/><trkpt lat="35.839414" lon="127.839434"/><trkpt lat="35.839349" lon="127.83923"/><trkpt lat="35.839402" lon="127.839003"/><trkpt lat="35.839387" lon="127.838746"/><trkpt lat="35.839405" lon="127.838554"/><trkpt lat="35.839431" lon="127.838431"/><trkpt lat="35.839448" lon="127.838315"/><trkpt lat="35.839393" lon="127.838146"/><trkpt lat="35.839335" lon="127.838008"/><trkpt lat="35.839286" lon="127.837893"/><trkpt lat="35.83926" lon="127.837769"/><trkpt lat="35.839275" lon="127.837622"/><trkpt lat="35.839254" lon="127.837473"/><trkpt lat="35.839232" lon="127.837229"/><trkpt lat="35.839276" lon="127.836875"/><trkpt lat="35.839414" lon="127.836729"/></trkseg>
<trkseg><trkpt lat="35.841896" lon="127.841677"/><trkpt lat="35.841799" lon="127.841368"/><trkpt lat="35.841647" lon="127.840849"/><trkpt lat="35.841494" lon="127.840393"/></trkseg>
<trkseg><trkpt lat="35.773552" lon="127.82409"/><trkpt lat="35.773498" lon="127.824061"/><trkpt lat="35.773391" lon="127.824107"/><trkpt lat="35.773259" lon="127.824129"/><trkpt lat="35.7732" lon="127.824144"/><trkpt lat="35.773097" lon="127.82414"/><trkpt lat="35.773005" lon="127.824129"/><trkpt lat="35.772903" lon="127.824111"/><trkpt lat="35.772755" lon="127.824032"/><trkpt lat="35.772522" lon="127.824048"/><trkpt lat="35.772413" lon="127.82403"/><trkpt lat="35.772307" lon="127.82395"/><trkpt lat="35.772217" lon="127.823951"/><trkpt lat="35.772148" lon="127.823873"/><trkpt lat="35.772017" lon="127.823744"/><trkpt lat="35.771919" lon="127.823664"/><trkpt lat="35.771907" lon="127.823512"/><trkpt lat="35.771978" lon="127.823115"/><trkpt lat="35.771936" lon="127.8229"/><trkpt lat="35.771809" lon="127.822803"/><trkpt lat="35.771573" lon="127.822812"/><trkpt lat="35.771248" lon="127.822661"/><trkpt lat="35.771012" lon="127.822616"/><trkpt lat="35.770867" lon="127.822722"/><trkpt lat="35.770738" lon="127.822763"/><trkpt lat="35.770621" lon="127.822759"/><trkpt lat="35.770458" lon="127.822583"/><trkpt lat="35.770239" lon="127.822547"/><trkpt lat="35.770024" lon="127.822601"/><trkpt lat="35.769881" lon="127.82271"/><trkpt lat="35.769801" lon="127.822715"/><trkpt lat="35.769734" lon="127.822648"/><trkpt lat="35.76963" lon="127.822412"/><trkpt lat="35.76942" lon="127.822286"/><trkpt lat="35.769232" lon="127.8223"/><trkpt lat="35.769119" lon="127.822231"/><trkpt lat="35.768918" lon="127.822303"/><trkpt lat="35.768699" lon="127.822369"/><trkpt lat="35.768411" lon="127.822382"/><trkpt lat="35.768202" lon="127.822432"/><trkpt lat="35.768015" lon="127.822515"/><trkpt lat="35.767895" lon="127.822713"/><trkpt lat="35.767844" lon="127.82284"/><trkpt lat="35.767758" lon="127.822894"/><trkpt lat="35.767728" lon="127.8229"/></trkseg>
<trkseg><trkpt lat="35.782034" lon="127.816218"/><trkpt lat="35.782176" lon="127.816294"/><trkpt lat="35.782345" lon="127.816305"/><trkpt lat="35.78252" lon="127.81649"/><trkpt lat="35.782652" lon="127.816769"/><trkpt lat="35.782758" lon="127.81692"/><trkpt lat="35.782905" lon="127.817127"/><trkpt lat="35.783026" lon="127.817258"/><trkpt lat="35.783317" lon="127.817046"/><trkpt lat="35.78358" lon="127.817038"/><trkpt lat="35.783718" lon="127.81719"/><trkpt lat="35.78387" lon="127.817138"/><trkpt lat="35.783995" lon="127.817211"/><trkpt lat="35.784162" lon="127.81755"/><trkpt lat="35.784293" lon="127.817915"/><trkpt lat="35.784371" lon="127.818128"/><trkpt lat="35.78446" lon="127.81844"/><trkpt lat="35.784624" lon="127.818594"/><trkpt lat="35.784883" lon="127.818684"/><trkpt lat="35.785065" lon="127.818807"/><trkpt lat="35.785192" lon="127.819038"/><trkpt lat="35.785252" lon="127.819346"/><trkpt lat="35.785153" lon="127.819481"/><trkpt lat="35.785181" lon="127.819642"/><trkpt lat="35.785323" lon="127.819774"/><trkpt lat="35.785435" lon="127.820039"/><trkpt lat="35.785603" lon="127.820226"/><trkpt lat="35.785829" lon="127.820391"/><trkpt lat="35.78602" lon="127.820652"/><trkpt lat="35.786117" lon="127.820809"/><trkpt lat="35.786257" lon="127.821082"/><trkpt lat="35.78628" lon="127.821345"/><trkpt lat="35.786294" lon="127.821535"/><trkpt lat="35.786478" lon="127.821783"/><trkpt lat="35.786522" lon="127.822037"/><trkpt lat="35.78662" lon="127.822247"/><trkpt lat="35.786839" lon="127.822302"/><trkpt lat="35.786928" lon="127.822475"/><trkpt lat="35.787069" lon="127.822647"/><trkpt lat="35.787266" lon="127.822886"/><trkpt lat="35.787447" lon="127.823154"/><trkpt lat="35.787552" lon="127.823453"/><trkpt lat="35.787552" lon="127.823693"/><trkpt lat="35.787632" lon="127.823836"/><trkpt lat="35.787679" lon="127.823942"/><trkpt lat="35.787583" lon="127.824119"/><trkpt lat="35.787484" lon="127.824258"/><trkpt lat="35.787437" lon="127.824353"/><trkpt lat="35.787336" lon="127.824509"/><trkpt lat="35.787278" lon="127.824677"/><trkpt lat="35.7872" lon="127.824796"/><trkpt lat="35.787109" lon="127.824865"/><trkpt lat="35.786977" lon="127.824931"/><trkpt lat="35.786938" lon="127.82533"/><trkpt lat="35.787074" lon="127.825596"/><trkpt lat="35.787255" lon="127.825824"/><trkpt lat="35.787329" lon="127.826018"/><trkpt lat="35.787436" lon="127.826102"/><trkpt lat="35.78751" lon="127.826236"/><trkpt lat="35.787635" lon="127.826307"/><trkpt lat="35.787738" lon="127.826448"/><trkpt lat="35.787761" lon="127.826631"/><trkpt lat="35.787738" lon="127.826741"/><trkpt lat="35.78782" lon="127.826821"/><trkpt lat="35.787857" lon="127.826951"/><trkpt lat="35.787785" lon="127.827175"/><trkpt lat="35.787852" lon="127.827377"/><trkpt lat="35.787875" lon="127.827521"/><trkpt lat="35.787917" lon="127.827621"/><trkpt lat="35.787999" lon="127.827722"/><trkpt lat="35.788039" lon="127.827857"/><trkpt lat="35.788103" lon="127.82792"/><trkpt lat="35.788263" lon="127.827873"/><trkpt lat="35.788392" lon="127.827903"/><trkpt lat="35.788498" lon="127.827977"/><trkpt lat="35.788461" lon="127.828163"/><trkpt lat="35.788523" lon="127.828231"/><trkpt lat="35.788638" lon="127.828226"/><trkpt lat="35.788695" lon="127.828186"/><trkpt lat="35.788754" lon="127.828077"/><trkpt lat="35.788858" lon="127.827988"/><trkpt lat="35.78897" lon="127.827946"/><trkpt lat="35.789068" lon="127.827959"/><trkpt lat="35.789147" lon="127.827947"/><trkpt lat="35.78926" lon="127.828052"/><trkpt lat="35.789335" lon="127.828228"/><trkpt lat="35.789461" lon="127.828347"/><trkpt lat="35.789553" lon="127.82845"/><trkpt lat="35.789625" lon="127.828527"/><trkpt lat="35.789688" lon="127.828562"/><trkpt lat="35.789742" lon="127.828604"/><trkpt lat="35.789811" lon="127.828772"/><trkpt lat="35.789981" lon="127.828912"/><trkpt lat="35.79009" lon="127.828971"/><trkpt lat="35.790202" lon="127.829056"/><trkpt lat="35.790303" lon="127.829135"/><trkpt lat="35.790352" lon="127.829296"/><trkpt lat="35.79037" lon="127.829504"/><trkpt lat="35.790451" lon="127.829744"/><trkpt lat="35.790539" lon="127.82989"/><trkpt lat="35.790668" lon="127.83003"/><trkpt lat="35.790779" lon="127.830151"/><trkpt lat="35.790901" lon="127.830274"/><trkpt lat="35.791033" lon="127.830348"/><trkpt lat="35.791171" lon="127.830546"/><trkpt lat="35.791269" lon="127.830727"/><trkpt lat="35.791278" lon="127.830756"/><trkpt lat="35.79133" lon="127.830866"/><trkpt lat="35.791313" lon="127.830893"/><trkpt lat="35.791318" lon="127.831028"/><trkpt lat="35.791276" lon="127.831184"/><trkpt lat="35.791225" lon="127.831337"/><trkpt lat="35.791176" lon="127.831447"/><trkpt lat="35.791115" lon="127.831583"/><trkpt lat="35.79099" lon="127.831699"/><trkpt lat="35.790953" lon="127.831799"/><trkpt lat="35.79098" lon="127.831888"/><trkpt lat="35.790987" lon="127.832069"/><trkpt lat="35.791022" lon="127.832186"/><trkpt lat="35.791052" lon="127.832433"/><trkpt lat="35.791083" lon="127.832586"/><trkpt lat="35.791116" lon="127.832772"/><trkpt lat="35.791071" lon="127.832983"/><trkpt lat="35.790993" lon="127.833163"/><trkpt lat="35.790966" lon="127.833299"/></trkseg>
<trkseg><trkpt lat="35.839414" lon="127.836729"/><trkpt lat="35.839472" lon="127.836693"/><trkpt lat="35.839604" lon="127.836661"/><trkpt lat="35.839761" lon="127.836724"/><trkpt lat="35.840006" lon="127.836767"/><trkpt lat="35.840124" lon="127.836882"/><trkpt lat="35.840259" lon="127.836965"/><trkpt lat="35.840356" lon="127.837035"/><trkpt lat="35.840432" lon="127.837089"/><trkpt lat="35.840571" lon="127.837212"/><trkpt lat="35.840709" lon="127.837324"/><trkpt lat="35.84084" lon="127.837467"/><trkpt lat="35.840899" lon="127.837582"/><trkpt lat="35.841029" lon="127.837812"/><trkpt lat="35.84105" lon="127.837869"/></trkseg>
</trk>
</gpx>
